overbust,bust,underbust,natural waist,waist,low waist,hip,gender,study
103.7,112.8,91.6,88.5,,100.7,103.1,Cis woman,ANSUR (1988)
87.2,90.5,73.0,67.2,,73.7,92.8,Cis woman,ANSUR (1988)
88.8,96.1,77.9,67.6,,74.2,95.8,Cis woman,ANSUR (1988)
94.9,96.9,82.6,76.0,,83.5,100.9,Cis woman,ANSUR (1988)
84.4,84.7,73.5,69.8,,72.2,98.1,Cis woman,ANSUR (1988)
85.9,85.9,70.5,65.5,,73.4,91.7,Cis woman,ANSUR (1988)
93.7,93.0,82.5,76.7,,79.8,104.8,Cis woman,ANSUR (1988)
91.9,95.8,81.4,76.8,,81.5,96.3,Cis woman,ANSUR (1988)
88.2,90.0,73.4,68.6,,76.2,93.4,Cis woman,ANSUR (1988)
81.4,77.6,66.3,59.8,,66.9,88.4,Cis woman,ANSUR (1988)
94.2,95.8,82.9,69.3,,70.5,92.4,Cis woman,ANSUR (1988)
85.9,86.6,72.1,67.4,,77.6,93.2,Cis woman,ANSUR (1988)
85.4,80.9,72.8,61.9,,67.7,89.4,Cis woman,ANSUR (1988)
92.2,91.5,77.7,70.2,,78.8,97.0,Cis woman,ANSUR (1988)
88.9,93.6,80.9,67.0,,70.0,94.1,Cis woman,ANSUR (1988)
92.8,96.1,79.0,77.8,,87.1,105.2,Cis woman,ANSUR (1988)
102.8,106.0,84.6,87.2,,101.8,114.3,Cis woman,ANSUR (1988)
89.7,97.2,79.5,78.3,,82.4,96.6,Cis woman,ANSUR (1988)
85.5,87.5,73.6,64.8,,72.6,96.9,Cis woman,ANSUR (1988)
89.4,86.8,76.1,74.4,,82.9,99.7,Cis woman,ANSUR (1988)
82.9,86.2,72.9,70.6,,75.5,97.2,Cis woman,ANSUR (1988)
80.4,80.3,71.1,65.5,,81.7,90.3,Cis woman,ANSUR (1988)
87.8,86.2,75.8,65.4,,69.1,86.2,Cis woman,ANSUR (1988)
89.3,96.7,75.0,70.6,,85.7,103.0,Cis woman,ANSUR (1988)
81.2,82.2,67.8,60.3,,67.2,84.1,Cis woman,ANSUR (1988)
93.9,97.1,84.5,78.7,,81.8,97.9,Cis woman,ANSUR (1988)
90.7,90.6,77.8,75.5,,82.3,98.2,Cis woman,ANSUR (1988)
88.0,90.9,74.1,72.0,,75.7,98.6,Cis woman,ANSUR (1988)
86.8,89.6,76.8,75.8,,91.9,99.4,Cis woman,ANSUR (1988)
108.6,107.2,89.9,96.9,,100.6,112.6,Cis woman,ANSUR (1988)
84.4,88.2,74.3,70.4,,78.4,99.7,Cis woman,ANSUR (1988)
100.2,102.9,83.3,76.4,,84.7,100.2,Cis woman,ANSUR (1988)
87.7,87.5,76.3,71.5,,74.8,92.8,Cis woman,ANSUR (1988)
83.5,87.9,72.6,68.2,,72.9,87.1,Cis woman,ANSUR (1988)
94.6,99.3,79.2,74.2,,85.3,96.1,Cis woman,ANSUR (1988)
94.0,103.8,81.4,84.2,,94.1,105.1,Cis woman,ANSUR (1988)
78.9,81.2,69.3,64.1,,68.8,92.3,Cis woman,ANSUR (1988)
92.8,99.5,77.0,85.1,,94.2,96.6,Cis woman,ANSUR (1988)
97.2,100.9,85.3,84.3,,99.5,110.5,Cis woman,ANSUR (1988)
88.7,86.6,76.5,71.6,,73.6,98.4,Cis woman,ANSUR (1988)
93.1,95.9,81.3,78.5,,95.7,98.9,Cis woman,ANSUR (1988)
94.2,100.2,83.8,83.1,,92.1,102.7,Cis woman,ANSUR (1988)
91.1,90.9,73.8,73.4,,79.0,96.7,Cis woman,ANSUR (1988)
81.9,79.8,71.0,63.5,,66.9,86.8,Cis woman,ANSUR (1988)
87.4,90.9,76.8,79.1,,82.6,102.4,Cis woman,ANSUR (1988)
84.5,83.2,71.4,63.4,,69.7,88.6,Cis woman,ANSUR (1988)
85.8,86.8,74.8,69.6,,77.2,99.7,Cis woman,ANSUR (1988)
89.6,89.1,84.0,78.8,,87.9,101.0,Cis woman,ANSUR (1988)
86.2,91.9,74.8,69.6,,78.0,97.1,Cis woman,ANSUR (1988)
91.8,96.6,79.3,82.4,,99.4,104.1,Cis woman,ANSUR (1988)
98.4,98.9,80.7,84.7,,98.3,110.7,Cis woman,ANSUR (1988)
98.1,99.9,82.8,87.7,,92.7,105.7,Cis woman,ANSUR (1988)
88.2,88.9,74.1,71.4,,74.4,94.8,Cis woman,ANSUR (1988)
89.3,91.6,77.2,74.5,,80.3,97.4,Cis woman,ANSUR (1988)
83.6,84.7,73.7,68.8,,84.4,100.8,Cis woman,ANSUR (1988)
92.1,94.0,77.9,70.5,,74.2,96.2,Cis woman,ANSUR (1988)
80.3,81.1,68.9,66.8,,73.7,90.8,Cis woman,ANSUR (1988)
84.3,87.8,77.4,73.8,,74.1,94.4,Cis woman,ANSUR (1988)
97.0,101.6,88.7,88.8,,95.8,113.6,Cis woman,ANSUR (1988)
87.4,84.2,74.5,69.9,,77.5,94.9,Cis woman,ANSUR (1988)
85.0,90.4,74.6,76.5,,83.8,100.2,Cis woman,ANSUR (1988)
92.9,99.3,81.0,79.6,,88.2,105.3,Cis woman,ANSUR (1988)
87.5,86.5,75.5,72.6,,75.2,97.8,Cis woman,ANSUR (1988)
93.1,97.9,81.5,81.4,,89.7,99.8,Cis woman,ANSUR (1988)
84.5,87.4,73.0,70.5,,72.5,97.6,Cis woman,ANSUR (1988)
79.6,78.3,69.1,62.0,,72.5,86.4,Cis woman,ANSUR (1988)
82.7,86.5,74.2,68.1,,73.9,88.5,Cis woman,ANSUR (1988)
82.2,85.2,73.5,66.2,,69.7,87.9,Cis woman,ANSUR (1988)
79.9,83.4,69.2,66.5,,70.3,91.3,Cis woman,ANSUR (1988)
85.2,87.7,76.6,71.2,,78.7,87.3,Cis woman,ANSUR (1988)
90.1,87.5,80.3,67.6,,73.1,96.7,Cis woman,ANSUR (1988)
83.7,83.4,70.3,67.7,,71.2,97.4,Cis woman,ANSUR (1988)
88.4,93.5,75.7,67.8,,71.4,88.1,Cis woman,ANSUR (1988)
87.8,86.0,73.5,66.2,,64.8,84.7,Cis woman,ANSUR (1988)
91.0,97.9,74.0,73.3,,83.2,97.6,Cis woman,ANSUR (1988)
88.7,94.0,73.9,72.0,,77.6,92.7,Cis woman,ANSUR (1988)
80.8,84.5,69.8,71.5,,76.0,88.2,Cis woman,ANSUR (1988)
89.0,91.9,77.3,74.6,,86.0,104.5,Cis woman,ANSUR (1988)
94.4,99.2,80.6,79.1,,85.2,98.1,Cis woman,ANSUR (1988)
88.3,94.8,74.8,71.8,,84.7,98.7,Cis woman,ANSUR (1988)
93.2,93.5,78.1,73.2,,81.1,101.4,Cis woman,ANSUR (1988)
83.1,79.5,69.3,65.8,,70.5,94.8,Cis woman,ANSUR (1988)
98.4,100.8,91.8,82.5,,89.6,97.0,Cis woman,ANSUR (1988)
85.4,89.0,72.8,70.5,,81.4,94.9,Cis woman,ANSUR (1988)
101.4,104.6,91.5,80.4,,88.4,99.7,Cis woman,ANSUR (1988)
83.1,84.9,71.7,68.4,,76.7,92.5,Cis woman,ANSUR (1988)
84.7,86.5,73.1,70.9,,76.7,89.1,Cis woman,ANSUR (1988)
80.9,83.3,73.1,65.6,,69.5,91.9,Cis woman,ANSUR (1988)
89.2,91.0,76.7,71.7,,85.4,99.8,Cis woman,ANSUR (1988)
96.4,101.6,86.5,93.0,,98.0,104.9,Cis woman,ANSUR (1988)
92.4,92.3,81.3,72.3,,80.0,98.4,Cis woman,ANSUR (1988)
87.7,87.6,77.4,72.2,,74.5,92.3,Cis woman,ANSUR (1988)
98.5,94.7,82.3,77.7,,86.3,105.6,Cis woman,ANSUR (1988)
100.2,106.7,85.2,88.3,,91.6,96.6,Cis woman,ANSUR (1988)
88.6,88.1,75.2,70.5,,77.0,97.6,Cis woman,ANSUR (1988)
90.9,87.4,76.4,70.9,,79.3,98.8,Cis woman,ANSUR (1988)
102.7,103.4,89.5,92.7,,102.0,111.4,Cis woman,ANSUR (1988)
93.5,90.1,78.2,78.0,,83.5,100.8,Cis woman,ANSUR (1988)
87.3,88.3,75.8,68.9,,77.6,90.7,Cis woman,ANSUR (1988)
84.3,80.5,70.5,64.9,,73.9,94.6,Cis woman,ANSUR (1988)
92.6,94.6,77.5,73.6,,77.3,96.6,Cis woman,ANSUR (1988)
87.5,90.0,78.9,74.7,,86.2,96.7,Cis woman,ANSUR (1988)
86.1,87.7,72.7,74.3,,80.0,98.5,Cis woman,ANSUR (1988)
84.8,91.2,74.4,67.5,,70.3,87.2,Cis woman,ANSUR (1988)
86.1,89.6,76.5,79.2,,89.7,96.2,Cis woman,ANSUR (1988)
93.8,97.0,81.7,76.5,,90.1,104.4,Cis woman,ANSUR (1988)
102.2,104.6,84.5,90.8,,94.4,108.1,Cis woman,ANSUR (1988)
84.1,85.2,71.2,64.5,,67.1,87.6,Cis woman,ANSUR (1988)
87.8,87.6,74.6,70.0,,70.2,89.4,Cis woman,ANSUR (1988)
91.7,96.5,78.0,78.7,,85.6,104.4,Cis woman,ANSUR (1988)
78.0,76.7,70.7,63.7,,70.3,85.0,Cis woman,ANSUR (1988)
89.6,90.1,78.7,77.5,,90.5,99.7,Cis woman,ANSUR (1988)
86.8,89.2,76.6,71.0,,77.5,97.0,Cis woman,ANSUR (1988)
83.9,82.3,73.6,67.9,,70.5,86.8,Cis woman,ANSUR (1988)
86.4,86.6,69.9,65.1,,69.4,91.2,Cis woman,ANSUR (1988)
92.6,92.4,79.2,75.6,,83.7,105.3,Cis woman,ANSUR (1988)
88.4,88.5,77.6,66.1,,69.2,89.7,Cis woman,ANSUR (1988)
89.3,91.9,74.3,70.8,,76.8,95.1,Cis woman,ANSUR (1988)
81.5,86.1,71.8,66.2,,72.9,91.1,Cis woman,ANSUR (1988)
97.8,102.2,86.4,93.4,,92.1,108.5,Cis woman,ANSUR (1988)
83.5,85.5,69.1,65.1,,73.7,97.0,Cis woman,ANSUR (1988)
82.6,85.4,73.7,68.7,,75.8,93.4,Cis woman,ANSUR (1988)
89.6,90.5,74.8,76.5,,79.6,93.9,Cis woman,ANSUR (1988)
88.9,89.4,74.6,72.9,,80.3,95.9,Cis woman,ANSUR (1988)
85.6,88.8,75.0,71.3,,73.1,93.4,Cis woman,ANSUR (1988)
83.5,84.2,72.2,66.4,,73.8,86.2,Cis woman,ANSUR (1988)
90.8,90.7,80.2,74.9,,77.4,99.9,Cis woman,ANSUR (1988)
96.5,95.8,82.6,83.6,,86.7,96.6,Cis woman,ANSUR (1988)
83.2,91.4,71.4,73.2,,82.3,87.4,Cis woman,ANSUR (1988)
85.9,88.5,78.7,70.2,,81.7,95.8,Cis woman,ANSUR (1988)
88.3,90.0,76.1,73.8,,77.3,99.3,Cis woman,ANSUR (1988)
91.9,86.8,76.0,74.7,,81.3,93.1,Cis woman,ANSUR (1988)
86.4,88.3,72.9,67.5,,73.2,91.9,Cis woman,ANSUR (1988)
82.4,84.9,75.2,65.5,,74.2,91.0,Cis woman,ANSUR (1988)
81.9,79.7,71.1,62.5,,68.6,84.7,Cis woman,ANSUR (1988)
81.0,81.4,72.6,67.8,,68.8,89.0,Cis woman,ANSUR (1988)
95.9,94.7,83.5,79.7,,92.3,100.0,Cis woman,ANSUR (1988)
89.3,98.2,81.7,75.3,,85.1,93.8,Cis woman,ANSUR (1988)
85.0,88.8,74.9,68.5,,74.1,93.7,Cis woman,ANSUR (1988)
86.6,87.1,74.0,65.8,,71.2,87.5,Cis woman,ANSUR (1988)
82.1,84.1,72.0,65.8,,71.0,87.0,Cis woman,ANSUR (1988)
87.4,93.4,75.8,70.0,,77.3,98.5,Cis woman,ANSUR (1988)
79.5,85.5,72.5,62.2,,65.3,84.4,Cis woman,ANSUR (1988)
92.0,91.5,77.6,70.8,,79.1,93.9,Cis woman,ANSUR (1988)
95.5,97.8,85.0,81.7,,90.9,102.2,Cis woman,ANSUR (1988)
79.2,83.9,73.5,64.9,,75.5,89.9,Cis woman,ANSUR (1988)
76.4,79.5,68.5,61.1,,66.5,86.7,Cis woman,ANSUR (1988)
85.6,85.3,73.3,71.2,,80.8,89.2,Cis woman,ANSUR (1988)
101.4,101.4,88.2,79.4,,87.0,102.5,Cis woman,ANSUR (1988)
87.1,87.6,74.5,70.9,,68.5,87.5,Cis woman,ANSUR (1988)
91.3,95.5,81.4,71.8,,78.8,95.1,Cis woman,ANSUR (1988)
88.4,96.2,78.1,77.1,,84.6,101.5,Cis woman,ANSUR (1988)
97.9,98.6,84.1,82.3,,94.6,99.8,Cis woman,ANSUR (1988)
89.1,91.4,73.8,70.9,,82.9,97.4,Cis woman,ANSUR (1988)
87.0,97.5,80.3,76.0,,82.8,94.4,Cis woman,ANSUR (1988)
86.6,87.0,76.3,70.0,,72.2,90.7,Cis woman,ANSUR (1988)
93.0,93.4,79.4,83.0,,88.8,105.4,Cis woman,ANSUR (1988)
90.9,92.2,78.8,77.3,,91.6,95.7,Cis woman,ANSUR (1988)
90.9,93.4,75.6,78.8,,83.2,105.8,Cis woman,ANSUR (1988)
86.8,92.2,76.0,74.0,,83.3,99.0,Cis woman,ANSUR (1988)
87.1,86.2,76.2,72.9,,75.8,91.7,Cis woman,ANSUR (1988)
87.3,88.5,76.8,70.7,,82.5,101.6,Cis woman,ANSUR (1988)
87.1,90.5,74.7,70.1,,77.6,91.1,Cis woman,ANSUR (1988)
83.7,89.3,73.9,70.5,,77.2,93.4,Cis woman,ANSUR (1988)
94.1,96.2,80.5,78.4,,82.6,96.7,Cis woman,ANSUR (1988)
89.7,91.3,77.5,68.4,,74.7,91.9,Cis woman,ANSUR (1988)
82.2,82.6,70.4,63.5,,68.4,87.7,Cis woman,ANSUR (1988)
85.6,81.8,73.3,70.8,,73.6,92.8,Cis woman,ANSUR (1988)
87.7,87.3,79.8,66.4,,70.9,92.2,Cis woman,ANSUR (1988)
91.6,97.4,78.5,75.6,,85.5,92.3,Cis woman,ANSUR (1988)
87.6,87.3,74.9,67.6,,76.4,93.3,Cis woman,ANSUR (1988)
92.8,93.5,82.8,78.8,,83.1,96.7,Cis woman,ANSUR (1988)
79.9,82.4,72.9,68.5,,74.2,88.8,Cis woman,ANSUR (1988)
87.8,87.4,77.0,71.6,,75.5,95.3,Cis woman,ANSUR (1988)
87.4,92.1,74.5,72.0,,82.7,90.4,Cis woman,ANSUR (1988)
90.3,93.8,78.6,72.5,,86.0,102.8,Cis woman,ANSUR (1988)
90.0,95.8,81.1,76.8,,86.7,103.6,Cis woman,ANSUR (1988)
93.2,96.6,83.3,79.9,,89.5,106.4,Cis woman,ANSUR (1988)
91.4,95.7,84.5,72.1,,78.1,100.1,Cis woman,ANSUR (1988)
83.1,83.3,70.2,66.7,,74.1,96.5,Cis woman,ANSUR (1988)
89.7,94.4,78.2,72.7,,81.8,98.2,Cis woman,ANSUR (1988)
90.2,98.4,81.2,80.7,,104.5,103.7,Cis woman,ANSUR (1988)
85.3,92.7,74.2,69.0,,76.9,95.3,Cis woman,ANSUR (1988)
84.1,89.9,75.0,67.2,,76.4,92.6,Cis woman,ANSUR (1988)
90.2,97.9,80.5,76.3,,85.5,98.3,Cis woman,ANSUR (1988)
86.6,91.2,76.6,71.4,,82.0,99.8,Cis woman,ANSUR (1988)
87.9,88.2,77.8,70.7,,76.5,98.5,Cis woman,ANSUR (1988)
83.8,86.2,74.3,70.5,,79.4,89.5,Cis woman,ANSUR (1988)
97.5,104.0,83.2,87.7,,92.9,101.9,Cis woman,ANSUR (1988)
90.2,100.5,79.4,82.8,,91.2,102.4,Cis woman,ANSUR (1988)
84.9,82.6,75.2,71.3,,82.4,95.3,Cis woman,ANSUR (1988)
93.7,99.1,82.6,80.8,,94.2,99.7,Cis woman,ANSUR (1988)
91.1,97.1,79.5,74.6,,80.7,96.9,Cis woman,ANSUR (1988)
85.8,89.5,76.4,70.3,,77.7,94.4,Cis woman,ANSUR (1988)
85.1,98.0,75.4,73.8,,83.7,98.5,Cis woman,ANSUR (1988)
101.6,104.7,84.6,81.5,,89.3,108.1,Cis woman,ANSUR (1988)
87.0,86.2,69.1,69.2,,80.6,94.1,Cis woman,ANSUR (1988)
86.3,82.4,74.9,67.1,,75.3,95.7,Cis woman,ANSUR (1988)
80.3,82.7,69.3,64.8,,67.0,90.5,Cis woman,ANSUR (1988)
89.2,90.9,71.8,75.0,,81.6,103.0,Cis woman,ANSUR (1988)
86.5,87.8,73.9,69.2,,78.5,97.8,Cis woman,ANSUR (1988)
89.2,90.5,73.5,71.3,,75.3,94.0,Cis woman,ANSUR (1988)
80.9,82.6,67.8,63.3,,67.8,84.8,Cis woman,ANSUR (1988)
95.5,97.1,80.3,73.8,,80.6,99.4,Cis woman,ANSUR (1988)
85.2,83.8,70.5,66.6,,73.6,90.1,Cis woman,ANSUR (1988)
82.9,88.3,74.3,67.8,,70.9,91.6,Cis woman,ANSUR (1988)
83.4,80.0,70.8,65.7,,67.1,88.7,Cis woman,ANSUR (1988)
88.1,97.8,77.7,77.5,,82.1,95.4,Cis woman,ANSUR (1988)
87.6,88.2,80.0,73.7,,80.3,94.2,Cis woman,ANSUR (1988)
85.4,86.4,74.8,71.0,,74.0,93.4,Cis woman,ANSUR (1988)
96.5,99.7,87.0,81.1,,95.3,102.9,Cis woman,ANSUR (1988)
86.3,86.7,75.9,67.1,,74.7,87.7,Cis woman,ANSUR (1988)
89.7,87.8,74.9,68.6,,70.8,90.0,Cis woman,ANSUR (1988)
86.4,83.8,72.2,64.7,,67.5,92.4,Cis woman,ANSUR (1988)
83.5,84.6,75.3,65.4,,71.5,87.3,Cis woman,ANSUR (1988)
86.3,86.7,77.2,65.5,,69.2,89.9,Cis woman,ANSUR (1988)
91.5,93.7,79.7,73.3,,82.5,96.9,Cis woman,ANSUR (1988)
98.3,104.0,86.7,80.0,,91.4,102.1,Cis woman,ANSUR (1988)
84.6,91.9,76.3,70.8,,74.5,95.7,Cis woman,ANSUR (1988)
87.2,91.5,78.6,73.6,,78.3,96.3,Cis woman,ANSUR (1988)
81.1,82.1,67.5,65.5,,70.7,94.2,Cis woman,ANSUR (1988)
85.1,86.1,75.8,70.5,,73.3,90.3,Cis woman,ANSUR (1988)
85.2,90.9,73.0,68.8,,77.1,99.5,Cis woman,ANSUR (1988)
91.2,94.0,81.8,81.2,,89.2,108.2,Cis woman,ANSUR (1988)
86.3,87.3,75.5,67.0,,70.5,91.4,Cis woman,ANSUR (1988)
88.2,91.2,78.3,73.8,,78.4,95.3,Cis woman,ANSUR (1988)
92.3,90.2,75.9,74.9,,87.0,99.7,Cis woman,ANSUR (1988)
90.9,93.8,82.0,72.5,,78.4,95.3,Cis woman,ANSUR (1988)
88.8,89.9,75.5,73.2,,72.9,94.3,Cis woman,ANSUR (1988)
83.5,83.3,71.5,63.5,,63.2,89.3,Cis woman,ANSUR (1988)
100.1,99.2,88.3,84.4,,91.2,109.2,Cis woman,ANSUR (1988)
92.3,98.3,84.7,81.8,,93.1,107.1,Cis woman,ANSUR (1988)
95.2,96.7,80.7,75.5,,81.5,95.8,Cis woman,ANSUR (1988)
88.1,87.8,74.9,71.4,,79.2,92.9,Cis woman,ANSUR (1988)
91.6,94.7,77.9,75.2,,85.1,97.8,Cis woman,ANSUR (1988)
89.8,95.4,81.2,76.3,,79.4,100.5,Cis woman,ANSUR (1988)
91.8,94.5,77.2,74.0,,81.8,96.8,Cis woman,ANSUR (1988)
91.3,93.1,80.0,72.6,,78.3,95.6,Cis woman,ANSUR (1988)
91.4,89.4,73.7,71.0,,78.6,94.7,Cis woman,ANSUR (1988)
85.2,85.3,71.5,64.8,,67.6,92.0,Cis woman,ANSUR (1988)
96.7,96.3,85.8,82.6,,87.5,91.8,Cis woman,ANSUR (1988)
91.3,96.2,80.5,75.0,,92.1,101.1,Cis woman,ANSUR (1988)
85.7,87.3,74.0,67.4,,69.8,89.8,Cis woman,ANSUR (1988)
97.2,100.8,83.3,75.4,,84.0,106.7,Cis woman,ANSUR (1988)
86.5,88.4,76.4,63.9,,68.6,93.7,Cis woman,ANSUR (1988)
93.9,93.2,77.6,77.3,,91.2,107.3,Cis woman,ANSUR (1988)
81.3,81.7,68.6,60.9,,66.8,93.2,Cis woman,ANSUR (1988)
84.6,89.8,74.3,67.4,,70.0,88.8,Cis woman,ANSUR (1988)
102.3,98.1,84.4,82.4,,89.8,102.2,Cis woman,ANSUR (1988)
87.6,93.1,75.5,69.9,,74.9,93.5,Cis woman,ANSUR (1988)
93.2,95.8,79.9,79.9,,86.7,104.4,Cis woman,ANSUR (1988)
89.5,92.1,78.5,74.3,,85.2,98.4,Cis woman,ANSUR (1988)
88.3,90.9,76.8,72.6,,86.6,102.5,Cis woman,ANSUR (1988)
100.2,108.0,88.6,90.2,,96.7,117.0,Cis woman,ANSUR (1988)
90.1,87.0,76.5,73.7,,76.6,102.3,Cis woman,ANSUR (1988)
85.0,90.4,78.0,77.0,,84.9,104.8,Cis woman,ANSUR (1988)
94.7,96.8,78.3,74.6,,82.3,95.6,Cis woman,ANSUR (1988)
81.2,83.5,71.6,69.6,,74.1,94.8,Cis woman,ANSUR (1988)
97.6,102.9,88.3,83.9,,92.0,102.3,Cis woman,ANSUR (1988)
94.3,106.8,89.0,88.4,,100.1,109.0,Cis woman,ANSUR (1988)
96.0,98.5,81.2,79.3,,85.1,106.7,Cis woman,ANSUR (1988)
95.5,104.5,86.0,82.3,,93.4,102.6,Cis woman,ANSUR (1988)
88.6,92.0,78.3,72.5,,74.3,100.5,Cis woman,ANSUR (1988)
87.8,89.4,74.8,71.0,,79.5,102.1,Cis woman,ANSUR (1988)
93.5,98.9,78.9,78.0,,86.5,99.8,Cis woman,ANSUR (1988)
86.6,90.5,77.6,73.4,,77.0,98.5,Cis woman,ANSUR (1988)
91.9,95.7,80.3,76.1,,87.5,103.4,Cis woman,ANSUR (1988)
101.5,104.8,86.7,83.4,,91.0,99.8,Cis woman,ANSUR (1988)
86.9,84.9,77.9,67.9,,70.2,87.5,Cis woman,ANSUR (1988)
90.1,92.8,78.7,72.3,,74.9,90.5,Cis woman,ANSUR (1988)
75.7,75.2,68.6,65.4,,65.9,87.7,Cis woman,ANSUR (1988)
90.1,90.4,76.1,74.4,,82.8,99.4,Cis woman,ANSUR (1988)
90.2,103.2,84.5,82.3,,89.2,98.5,Cis woman,ANSUR (1988)
94.8,99.3,80.3,78.5,,87.7,105.2,Cis woman,ANSUR (1988)
90.5,95.7,78.0,75.1,,76.5,92.7,Cis woman,ANSUR (1988)
90.5,91.8,79.7,72.2,,78.3,93.0,Cis woman,ANSUR (1988)
87.0,89.0,74.6,67.6,,72.5,94.5,Cis woman,ANSUR (1988)
98.9,108.8,86.4,90.2,,103.2,104.0,Cis woman,ANSUR (1988)
83.5,87.0,77.4,71.2,,71.6,88.4,Cis woman,ANSUR (1988)
92.8,92.3,78.1,73.8,,79.2,97.2,Cis woman,ANSUR (1988)
85.3,87.7,70.9,67.0,,78.8,99.1,Cis woman,ANSUR (1988)
85.7,88.4,73.5,67.9,,70.7,95.3,Cis woman,ANSUR (1988)
94.6,99.3,78.2,76.4,,79.7,106.1,Cis woman,ANSUR (1988)
87.7,92.6,77.4,68.9,,70.8,94.4,Cis woman,ANSUR (1988)
91.8,91.2,78.6,73.8,,84.4,99.8,Cis woman,ANSUR (1988)
91.8,93.8,78.2,76.8,,79.5,98.9,Cis woman,ANSUR (1988)
89.4,95.8,78.0,76.3,,82.5,101.0,Cis woman,ANSUR (1988)
84.8,87.5,70.6,65.7,,72.5,87.7,Cis woman,ANSUR (1988)
98.2,101.3,80.2,70.6,,86.6,101.7,Cis woman,ANSUR (1988)
82.1,84.5,69.8,65.4,,71.3,96.2,Cis woman,ANSUR (1988)
95.4,100.1,78.7,79.2,,89.5,112.2,Cis woman,ANSUR (1988)
94.7,104.9,81.5,80.4,,92.5,99.4,Cis woman,ANSUR (1988)
92.0,97.4,82.3,72.7,,77.4,95.8,Cis woman,ANSUR (1988)
82.3,85.3,69.6,65.1,,68.9,92.3,Cis woman,ANSUR (1988)
91.9,94.8,80.5,78.9,,79.9,93.4,Cis woman,ANSUR (1988)
94.1,99.2,81.2,76.1,,83.3,100.1,Cis woman,ANSUR (1988)
91.8,95.9,82.5,76.4,,82.1,103.5,Cis woman,ANSUR (1988)
87.7,86.6,71.1,71.1,,75.0,97.6,Cis woman,ANSUR (1988)
84.9,87.4,71.7,64.7,,66.1,83.7,Cis woman,ANSUR (1988)
101.8,117.6,98.5,98.7,,104.7,111.4,Cis woman,ANSUR (1988)
89.2,89.5,79.9,74.2,,84.4,102.5,Cis woman,ANSUR (1988)
87.3,89.3,76.6,66.8,,70.4,91.3,Cis woman,ANSUR (1988)
79.8,82.5,71.7,67.6,,66.9,86.3,Cis woman,ANSUR (1988)
92.6,90.8,76.8,72.9,,81.1,94.9,Cis woman,ANSUR (1988)
92.5,93.7,80.9,76.5,,79.5,103.2,Cis woman,ANSUR (1988)
93.4,95.5,76.0,75.8,,81.3,98.8,Cis woman,ANSUR (1988)
84.2,87.2,74.5,69.3,,68.2,90.0,Cis woman,ANSUR (1988)
88.6,92.6,75.2,69.0,,82.0,99.7,Cis woman,ANSUR (1988)
97.8,100.3,85.9,87.4,,101.1,105.6,Cis woman,ANSUR (1988)
97.2,104.5,86.2,82.0,,83.3,97.7,Cis woman,ANSUR (1988)
86.3,87.0,72.7,65.7,,68.5,90.5,Cis woman,ANSUR (1988)
87.6,92.7,74.7,67.4,,73.2,91.3,Cis woman,ANSUR (1988)
94.5,101.1,83.1,83.5,,89.8,102.1,Cis woman,ANSUR (1988)
82.6,88.9,74.2,74.3,,80.3,91.0,Cis woman,ANSUR (1988)
91.7,95.3,81.2,83.4,,97.1,98.2,Cis woman,ANSUR (1988)
103.3,103.5,87.8,83.7,,92.5,109.9,Cis woman,ANSUR (1988)
87.9,91.2,78.3,71.0,,75.6,95.4,Cis woman,ANSUR (1988)
87.2,88.4,75.5,72.9,,80.5,96.4,Cis woman,ANSUR (1988)
85.5,82.9,74.0,66.5,,76.8,93.6,Cis woman,ANSUR (1988)
93.6,97.0,73.8,81.2,,81.2,101.8,Cis woman,ANSUR (1988)
89.5,91.6,74.3,70.1,,74.6,100.7,Cis woman,ANSUR (1988)
90.8,94.4,77.3,67.8,,70.8,88.3,Cis woman,ANSUR (1988)
88.5,92.9,81.7,75.5,,83.5,96.1,Cis woman,ANSUR (1988)
84.0,83.3,73.3,64.3,,71.5,95.3,Cis woman,ANSUR (1988)
85.8,96.7,75.4,74.7,,79.8,98.1,Cis woman,ANSUR (1988)
89.7,91.0,80.2,68.2,,70.4,95.6,Cis woman,ANSUR (1988)
84.5,86.6,70.0,63.9,,74.4,90.4,Cis woman,ANSUR (1988)
89.7,89.6,77.1,74.8,,80.7,106.5,Cis woman,ANSUR (1988)
92.0,95.4,76.7,73.3,,73.7,97.3,Cis woman,ANSUR (1988)
90.7,96.4,81.8,78.1,,85.8,99.3,Cis woman,ANSUR (1988)
88.2,93.8,75.4,66.8,,73.6,94.4,Cis woman,ANSUR (1988)
86.3,89.6,78.9,64.1,,67.9,88.8,Cis woman,ANSUR (1988)
91.8,93.5,82.1,72.4,,77.9,97.4,Cis woman,ANSUR (1988)
87.3,89.3,73.9,65.8,,66.8,89.4,Cis woman,ANSUR (1988)
82.8,86.2,71.7,65.1,,66.4,86.3,Cis woman,ANSUR (1988)
84.0,88.5,70.2,69.3,,74.1,89.9,Cis woman,ANSUR (1988)
83.5,84.5,71.6,67.0,,73.5,94.7,Cis woman,ANSUR (1988)
98.0,103.2,89.4,83.0,,92.7,106.7,Cis woman,ANSUR (1988)
86.5,92.3,80.2,75.5,,79.3,97.0,Cis woman,ANSUR (1988)
96.9,100.2,85.5,76.8,,86.2,102.7,Cis woman,ANSUR (1988)
90.5,92.3,78.1,73.5,,81.5,97.4,Cis woman,ANSUR (1988)
97.8,99.5,86.3,73.3,,87.2,101.0,Cis woman,ANSUR (1988)
88.4,90.5,77.9,74.3,,77.5,93.9,Cis woman,ANSUR (1988)
86.8,85.8,74.6,71.9,,73.4,97.8,Cis woman,ANSUR (1988)
82.2,88.0,80.1,76.0,,81.8,96.0,Cis woman,ANSUR (1988)
82.2,83.6,74.8,67.8,,73.2,94.5,Cis woman,ANSUR (1988)
86.2,87.6,74.5,69.6,,73.0,96.3,Cis woman,ANSUR (1988)
86.1,84.8,77.5,67.5,,70.5,85.7,Cis woman,ANSUR (1988)
87.2,95.3,78.6,78.3,,84.7,98.8,Cis woman,ANSUR (1988)
83.8,83.4,71.4,62.1,,64.0,84.2,Cis woman,ANSUR (1988)
85.3,88.3,72.0,75.3,,78.9,96.3,Cis woman,ANSUR (1988)
94.1,95.5,82.3,74.8,,76.1,103.4,Cis woman,ANSUR (1988)
86.0,89.3,72.8,67.5,,71.5,90.9,Cis woman,ANSUR (1988)
88.6,95.5,79.0,75.2,,84.3,99.4,Cis woman,ANSUR (1988)
88.2,96.5,80.1,79.3,,90.7,102.5,Cis woman,ANSUR (1988)
82.1,79.8,69.3,68.2,,69.5,87.4,Cis woman,ANSUR (1988)
94.6,103.1,84.8,79.0,,86.1,103.4,Cis woman,ANSUR (1988)
87.3,91.2,76.0,67.9,,76.7,95.1,Cis woman,ANSUR (1988)
92.5,96.6,78.2,75.4,,78.1,98.8,Cis woman,ANSUR (1988)
89.3,93.3,75.2,67.9,,70.8,90.1,Cis woman,ANSUR (1988)
101.1,98.9,87.5,83.4,,89.4,107.3,Cis woman,ANSUR (1988)
86.2,87.6,76.3,71.5,,72.2,92.5,Cis woman,ANSUR (1988)
89.8,93.8,77.2,71.9,,80.5,101.8,Cis woman,ANSUR (1988)
91.1,92.6,77.3,73.5,,80.8,98.7,Cis woman,ANSUR (1988)
87.9,90.0,77.3,71.3,,76.2,98.3,Cis woman,ANSUR (1988)
85.1,85.4,73.3,69.1,,78.6,96.6,Cis woman,ANSUR (1988)
89.8,92.2,78.0,73.0,,77.1,95.8,Cis woman,ANSUR (1988)
91.8,94.8,81.1,77.4,,89.3,103.4,Cis woman,ANSUR (1988)
82.2,82.4,72.9,68.9,,74.9,88.2,Cis woman,ANSUR (1988)
95.2,94.7,82.8,76.7,,83.3,91.9,Cis woman,ANSUR (1988)
89.3,89.9,79.8,76.2,,90.1,100.5,Cis woman,ANSUR (1988)
87.0,90.2,76.0,72.9,,78.8,98.5,Cis woman,ANSUR (1988)
90.1,96.1,76.8,72.5,,81.6,95.3,Cis woman,ANSUR (1988)
81.6,84.2,73.2,67.7,,69.0,87.8,Cis woman,ANSUR (1988)
88.9,91.4,76.5,73.4,,78.5,96.0,Cis woman,ANSUR (1988)
87.3,91.4,78.4,76.9,,79.4,100.7,Cis woman,ANSUR (1988)
88.5,91.2,82.9,76.3,,84.9,92.9,Cis woman,ANSUR (1988)
85.7,87.2,75.2,74.5,,82.1,93.5,Cis woman,ANSUR (1988)
92.5,92.1,80.4,72.0,,80.3,98.2,Cis woman,ANSUR (1988)
93.4,95.9,81.8,78.3,,80.2,95.6,Cis woman,ANSUR (1988)
88.8,89.6,74.1,68.5,,68.0,92.5,Cis woman,ANSUR (1988)
83.9,83.6,69.8,64.0,,66.3,85.7,Cis woman,ANSUR (1988)
95.7,101.6,78.0,76.6,,74.2,97.5,Cis woman,ANSUR (1988)
92.4,95.8,79.0,74.4,,77.5,96.0,Cis woman,ANSUR (1988)
93.5,100.9,80.6,79.3,,83.8,96.2,Cis woman,ANSUR (1988)
93.1,90.8,81.3,69.9,,80.8,100.4,Cis woman,ANSUR (1988)
83.4,85.2,69.4,67.5,,69.2,88.3,Cis woman,ANSUR (1988)
83.4,88.2,73.4,69.2,,72.1,88.8,Cis woman,ANSUR (1988)
88.5,96.9,78.7,73.1,,82.4,94.0,Cis woman,ANSUR (1988)
90.5,97.0,81.1,78.3,,80.1,104.3,Cis woman,ANSUR (1988)
97.3,100.1,83.6,77.8,,88.5,98.7,Cis woman,ANSUR (1988)
82.1,83.9,71.7,67.2,,71.6,93.9,Cis woman,ANSUR (1988)
88.9,92.8,75.5,70.1,,77.2,94.2,Cis woman,ANSUR (1988)
82.3,90.6,71.7,69.1,,73.8,91.3,Cis woman,ANSUR (1988)
80.5,82.2,66.7,64.5,,70.8,88.8,Cis woman,ANSUR (1988)
87.8,86.0,74.3,73.4,,77.3,103.1,Cis woman,ANSUR (1988)
84.5,83.6,73.1,65.7,,71.2,85.3,Cis woman,ANSUR (1988)
85.8,85.6,72.5,67.7,,72.7,91.5,Cis woman,ANSUR (1988)
90.1,89.5,78.3,67.1,,69.7,91.9,Cis woman,ANSUR (1988)
88.2,92.1,74.3,74.6,,81.9,98.8,Cis woman,ANSUR (1988)
88.4,86.5,78.4,72.1,,73.2,94.7,Cis woman,ANSUR (1988)
89.3,88.0,72.3,67.9,,74.2,98.2,Cis woman,ANSUR (1988)
87.7,92.3,76.4,74.0,,77.0,92.7,Cis woman,ANSUR (1988)
83.4,84.3,75.3,63.8,,64.2,91.7,Cis woman,ANSUR (1988)
97.0,105.9,83.9,83.8,,103.8,108.0,Cis woman,ANSUR (1988)
89.3,91.1,75.8,70.5,,72.6,94.0,Cis woman,ANSUR (1988)
83.1,87.8,69.6,68.2,,69.5,94.5,Cis woman,ANSUR (1988)
85.9,85.1,76.2,70.0,,75.3,96.1,Cis woman,ANSUR (1988)
97.9,105.7,89.1,87.1,,101.8,103.3,Cis woman,ANSUR (1988)
88.1,91.0,74.4,68.6,,73.6,96.9,Cis woman,ANSUR (1988)
84.5,86.0,72.8,67.5,,74.7,97.3,Cis woman,ANSUR (1988)
97.4,101.8,86.6,84.0,,94.6,101.7,Cis woman,ANSUR (1988)
89.8,90.8,77.4,72.8,,74.9,106.9,Cis woman,ANSUR (1988)
87.2,89.5,77.2,74.7,,88.3,93.4,Cis woman,ANSUR (1988)
97.1,99.2,82.0,75.1,,87.1,112.6,Cis woman,ANSUR (1988)
93.2,98.4,84.7,82.1,,91.0,105.5,Cis woman,ANSUR (1988)
80.5,82.9,68.8,64.7,,71.4,92.3,Cis woman,ANSUR (1988)
86.9,90.6,77.2,70.2,,75.6,101.8,Cis woman,ANSUR (1988)
86.2,85.0,74.1,69.2,,70.0,90.9,Cis woman,ANSUR (1988)
86.8,90.0,73.5,71.8,,78.5,94.1,Cis woman,ANSUR (1988)
90.3,95.3,78.3,75.3,,83.6,93.9,Cis woman,ANSUR (1988)
86.2,87.9,74.4,66.7,,70.4,102.3,Cis woman,ANSUR (1988)
85.5,87.7,76.0,70.4,,73.9,92.4,Cis woman,ANSUR (1988)
87.5,89.5,80.4,74.2,,77.8,97.6,Cis woman,ANSUR (1988)
90.5,97.7,81.6,78.2,,88.5,103.8,Cis woman,ANSUR (1988)
84.8,85.1,70.9,68.9,,74.3,92.3,Cis woman,ANSUR (1988)
88.3,89.6,74.0,72.4,,78.1,97.2,Cis woman,ANSUR (1988)
86.0,86.3,77.4,70.4,,72.4,94.7,Cis woman,ANSUR (1988)
94.4,97.2,79.7,78.8,,79.8,97.4,Cis woman,ANSUR (1988)
83.5,87.1,74.1,70.7,,78.5,106.5,Cis woman,ANSUR (1988)
82.8,85.4,71.7,69.2,,71.1,91.3,Cis woman,ANSUR (1988)
82.7,84.7,70.8,64.8,,65.6,89.4,Cis woman,ANSUR (1988)
90.2,94.9,79.8,71.9,,76.0,101.8,Cis woman,ANSUR (1988)
81.5,81.7,69.9,63.8,,71.7,91.4,Cis woman,ANSUR (1988)
85.8,82.6,73.8,66.6,,73.3,86.6,Cis woman,ANSUR (1988)
85.5,86.4,76.2,69.3,,72.3,91.8,Cis woman,ANSUR (1988)
94.3,92.0,79.8,77.1,,87.5,111.8,Cis woman,ANSUR (1988)
89.0,89.3,75.6,72.0,,83.7,99.5,Cis woman,ANSUR (1988)
83.8,88.2,74.6,70.1,,77.2,96.3,Cis woman,ANSUR (1988)
85.9,90.6,71.7,73.5,,86.9,91.7,Cis woman,ANSUR (1988)
89.1,96.1,79.8,80.2,,100.9,102.3,Cis woman,ANSUR (1988)
96.8,102.3,86.2,85.7,,90.5,102.6,Cis woman,ANSUR (1988)
78.1,79.9,71.4,62.5,,67.9,87.6,Cis woman,ANSUR (1988)
90.2,93.7,78.5,71.6,,75.4,94.5,Cis woman,ANSUR (1988)
88.7,91.1,74.7,72.2,,78.6,95.4,Cis woman,ANSUR (1988)
85.3,89.2,76.4,69.1,,74.4,101.9,Cis woman,ANSUR (1988)
89.0,88.7,75.1,73.9,,77.8,98.6,Cis woman,ANSUR (1988)
83.1,88.7,71.0,67.8,,72.5,89.8,Cis woman,ANSUR (1988)
82.4,82.6,69.8,64.7,,75.3,91.8,Cis woman,ANSUR (1988)
85.5,85.0,73.0,68.0,,69.1,96.3,Cis woman,ANSUR (1988)
84.4,84.3,72.8,69.0,,74.6,99.2,Cis woman,ANSUR (1988)
91.2,91.7,77.1,72.4,,78.3,100.1,Cis woman,ANSUR (1988)
95.6,95.8,80.5,68.7,,70.9,98.4,Cis woman,ANSUR (1988)
86.2,88.6,78.1,75.3,,78.4,103.0,Cis woman,ANSUR (1988)
81.3,82.5,70.0,66.8,,78.4,92.9,Cis woman,ANSUR (1988)
96.4,102.3,85.6,80.5,,91.5,98.3,Cis woman,ANSUR (1988)
89.4,90.1,74.8,66.8,,73.5,97.5,Cis woman,ANSUR (1988)
83.6,90.1,77.5,67.0,,75.0,95.6,Cis woman,ANSUR (1988)
79.8,85.4,70.6,68.9,,78.6,91.8,Cis woman,ANSUR (1988)
93.4,99.7,80.5,74.4,,79.9,100.8,Cis woman,ANSUR (1988)
87.5,86.5,79.0,71.7,,78.7,94.6,Cis woman,ANSUR (1988)
87.5,91.0,75.6,68.3,,78.9,99.4,Cis woman,ANSUR (1988)
97.3,102.2,83.5,82.2,,101.1,112.2,Cis woman,ANSUR (1988)
88.9,89.6,76.8,75.7,,80.0,96.2,Cis woman,ANSUR (1988)
86.7,88.2,75.4,70.7,,83.9,105.2,Cis woman,ANSUR (1988)
81.6,86.8,72.7,67.5,,72.8,89.9,Cis woman,ANSUR (1988)
92.5,93.9,81.8,76.6,,80.5,101.2,Cis woman,ANSUR (1988)
88.8,89.6,73.2,72.0,,79.8,100.7,Cis woman,ANSUR (1988)
91.9,92.1,81.9,76.6,,85.0,98.5,Cis woman,ANSUR (1988)
83.7,85.2,77.1,66.9,,73.4,95.5,Cis woman,ANSUR (1988)
84.8,86.0,74.6,66.0,,66.7,90.6,Cis woman,ANSUR (1988)
85.3,88.5,75.9,70.8,,83.5,95.0,Cis woman,ANSUR (1988)
96.4,98.4,86.2,80.3,,90.4,107.2,Cis woman,ANSUR (1988)
87.8,91.7,77.7,70.8,,79.1,93.4,Cis woman,ANSUR (1988)
87.2,87.5,73.3,66.9,,72.9,92.8,Cis woman,ANSUR (1988)
88.3,93.4,82.3,75.7,,81.5,103.5,Cis woman,ANSUR (1988)
92.9,97.2,76.7,72.7,,74.3,93.3,Cis woman,ANSUR (1988)
87.6,89.5,76.0,67.3,,77.7,96.6,Cis woman,ANSUR (1988)
99.3,103.5,85.1,92.0,,94.5,104.8,Cis woman,ANSUR (1988)
85.1,87.7,72.8,70.4,,71.9,94.7,Cis woman,ANSUR (1988)
96.4,98.2,82.3,78.2,,86.2,98.7,Cis woman,ANSUR (1988)
88.8,91.9,73.8,68.5,,72.5,94.2,Cis woman,ANSUR (1988)
82.3,83.4,70.4,69.0,,74.5,90.0,Cis woman,ANSUR (1988)
91.3,89.8,77.2,73.2,,83.0,92.0,Cis woman,ANSUR (1988)
83.5,81.3,71.4,65.6,,66.7,85.2,Cis woman,ANSUR (1988)
84.0,88.5,76.1,67.8,,78.1,94.2,Cis woman,ANSUR (1988)
91.1,92.9,78.0,69.1,,74.4,92.8,Cis woman,ANSUR (1988)
88.4,90.5,78.0,72.2,,77.6,96.9,Cis woman,ANSUR (1988)
84.3,83.9,73.3,70.2,,73.6,103.2,Cis woman,ANSUR (1988)
88.0,88.0,73.7,70.8,,85.2,99.6,Cis woman,ANSUR (1988)
98.5,103.3,84.4,79.3,,88.8,103.3,Cis woman,ANSUR (1988)
98.3,105.0,89.6,88.6,,93.2,97.2,Cis woman,ANSUR (1988)
93.1,95.1,77.3,74.6,,91.2,97.1,Cis woman,ANSUR (1988)
88.9,92.2,75.0,75.2,,86.1,97.5,Cis woman,ANSUR (1988)
85.0,85.8,76.0,70.6,,79.3,95.3,Cis woman,ANSUR (1988)
80.4,88.2,70.0,69.1,,78.3,93.6,Cis woman,ANSUR (1988)
88.4,90.8,78.3,72.9,,88.0,97.5,Cis woman,ANSUR (1988)
84.1,83.7,73.2,69.5,,78.4,90.6,Cis woman,ANSUR (1988)
92.4,88.9,77.0,72.1,,71.7,95.2,Cis woman,ANSUR (1988)
95.3,99.7,80.4,79.9,,85.7,98.8,Cis woman,ANSUR (1988)
94.9,95.0,81.7,74.1,,78.3,96.4,Cis woman,ANSUR (1988)
94.0,101.2,84.4,78.9,,83.5,95.1,Cis woman,ANSUR (1988)
93.0,91.2,81.1,72.2,,77.9,97.7,Cis woman,ANSUR (1988)
92.9,90.4,79.0,75.9,,80.3,104.1,Cis woman,ANSUR (1988)
89.9,96.2,77.9,74.7,,80.9,100.7,Cis woman,ANSUR (1988)
83.5,85.1,72.0,65.5,,73.2,93.8,Cis woman,ANSUR (1988)
90.6,91.9,80.2,75.9,,82.9,101.2,Cis woman,ANSUR (1988)
87.7,93.8,76.8,74.1,,78.4,99.9,Cis woman,ANSUR (1988)
86.1,89.3,74.9,67.9,,72.7,94.1,Cis woman,ANSUR (1988)
89.1,93.2,76.5,65.7,,68.8,89.5,Cis woman,ANSUR (1988)
81.2,83.4,70.2,63.6,,74.9,85.9,Cis woman,ANSUR (1988)
89.6,89.7,76.8,68.6,,72.4,93.0,Cis woman,ANSUR (1988)
85.5,85.1,72.7,65.9,,74.2,97.1,Cis woman,ANSUR (1988)
92.7,98.0,78.9,77.3,,82.6,103.2,Cis woman,ANSUR (1988)
85.7,84.4,74.2,66.6,,68.4,86.9,Cis woman,ANSUR (1988)
85.6,87.6,72.5,67.3,,70.9,95.5,Cis woman,ANSUR (1988)
93.9,96.4,81.3,74.5,,77.3,102.8,Cis woman,ANSUR (1988)
96.9,100.7,84.3,81.3,,90.1,107.4,Cis woman,ANSUR (1988)
87.7,89.3,73.5,68.7,,72.0,97.5,Cis woman,ANSUR (1988)
84.3,88.8,75.5,69.7,,75.9,94.2,Cis woman,ANSUR (1988)
86.6,88.5,77.4,64.9,,71.2,88.0,Cis woman,ANSUR (1988)
94.2,96.9,81.2,79.9,,81.5,100.6,Cis woman,ANSUR (1988)
86.9,85.4,74.4,67.6,,74.1,94.9,Cis woman,ANSUR (1988)
87.8,85.2,75.4,68.0,,72.6,90.1,Cis woman,ANSUR (1988)
91.1,88.6,74.9,71.3,,78.4,102.5,Cis woman,ANSUR (1988)
94.5,97.9,81.2,79.2,,89.7,96.9,Cis woman,ANSUR (1988)
94.3,90.3,77.4,77.2,,95.1,103.7,Cis woman,ANSUR (1988)
92.3,93.2,77.8,75.2,,76.4,98.2,Cis woman,ANSUR (1988)
86.4,92.1,74.3,71.0,,82.8,94.2,Cis woman,ANSUR (1988)
84.5,88.3,77.1,57.3,,68.5,88.0,Cis woman,ANSUR (1988)
84.3,86.9,75.1,69.8,,72.9,95.9,Cis woman,ANSUR (1988)
92.3,94.8,81.1,75.8,,82.7,101.4,Cis woman,ANSUR (1988)
83.8,88.7,76.1,71.7,,73.2,94.2,Cis woman,ANSUR (1988)
87.3,93.8,75.8,71.8,,82.9,95.5,Cis woman,ANSUR (1988)
89.1,92.8,74.7,74.5,,80.3,103.0,Cis woman,ANSUR (1988)
84.1,81.5,73.6,64.5,,69.1,87.2,Cis woman,ANSUR (1988)
84.0,82.1,71.0,62.0,,63.5,84.6,Cis woman,ANSUR (1988)
86.2,84.1,74.2,69.4,,71.9,94.2,Cis woman,ANSUR (1988)
92.9,94.7,78.7,77.5,,84.3,103.6,Cis woman,ANSUR (1988)
81.7,83.0,68.8,66.3,,76.0,96.5,Cis woman,ANSUR (1988)
90.2,96.6,79.2,76.8,,80.1,94.4,Cis woman,ANSUR (1988)
82.3,84.9,73.3,69.5,,73.7,91.2,Cis woman,ANSUR (1988)
95.7,95.5,83.3,74.5,,76.8,99.0,Cis woman,ANSUR (1988)
91.5,92.5,81.4,75.8,,77.0,101.5,Cis woman,ANSUR (1988)
86.1,88.0,74.5,69.8,,75.5,95.6,Cis woman,ANSUR (1988)
86.5,84.7,70.0,68.6,,82.1,96.9,Cis woman,ANSUR (1988)
96.5,97.1,88.1,82.2,,84.4,95.2,Cis woman,ANSUR (1988)
92.9,98.6,80.2,72.5,,76.5,100.5,Cis woman,ANSUR (1988)
89.2,89.5,76.6,73.6,,79.1,101.5,Cis woman,ANSUR (1988)
89.1,90.0,76.4,70.7,,74.1,97.0,Cis woman,ANSUR (1988)
86.1,90.9,76.0,70.6,,81.1,94.3,Cis woman,ANSUR (1988)
86.5,88.2,75.3,72.1,,88.7,105.7,Cis woman,ANSUR (1988)
86.2,83.5,74.2,64.7,,68.8,89.5,Cis woman,ANSUR (1988)
91.4,90.6,77.7,67.8,,77.2,95.9,Cis woman,ANSUR (1988)
87.2,83.4,73.8,64.1,,65.5,91.0,Cis woman,ANSUR (1988)
86.2,86.2,73.4,66.8,,72.9,96.5,Cis woman,ANSUR (1988)
91.9,95.8,80.5,78.0,,84.6,98.3,Cis woman,ANSUR (1988)
94.1,93.9,80.8,73.7,,78.5,98.1,Cis woman,ANSUR (1988)
87.0,84.4,74.0,64.7,,69.1,90.5,Cis woman,ANSUR (1988)
85.8,90.2,75.3,67.9,,73.8,96.9,Cis woman,ANSUR (1988)
85.7,84.0,78.2,68.2,,72.3,89.4,Cis woman,ANSUR (1988)
86.5,89.1,78.3,71.6,,75.0,93.5,Cis woman,ANSUR (1988)
90.9,92.5,78.5,71.4,,78.1,105.4,Cis woman,ANSUR (1988)
84.2,86.7,72.7,64.5,,74.4,89.5,Cis woman,ANSUR (1988)
98.2,100.3,77.5,87.4,,94.9,100.6,Cis woman,ANSUR (1988)
95.9,96.4,87.2,80.1,,80.7,99.8,Cis woman,ANSUR (1988)
79.8,82.9,73.6,65.5,,72.5,89.0,Cis woman,ANSUR (1988)
84.5,87.9,77.4,65.2,,71.1,90.9,Cis woman,ANSUR (1988)
87.9,85.0,74.8,69.2,,71.1,92.0,Cis woman,ANSUR (1988)
76.5,74.5,68.8,63.5,,68.8,88.9,Cis woman,ANSUR (1988)
85.4,85.8,73.0,70.2,,86.1,99.7,Cis woman,ANSUR (1988)
87.7,92.0,73.8,73.6,,88.1,113.6,Cis woman,ANSUR (1988)
85.6,85.2,76.0,68.8,,72.5,93.6,Cis woman,ANSUR (1988)
81.6,81.6,72.4,60.9,,63.3,93.5,Cis woman,ANSUR (1988)
81.3,83.0,72.4,71.6,,76.4,93.1,Cis woman,ANSUR (1988)
94.1,95.0,79.9,76.5,,92.0,106.1,Cis woman,ANSUR (1988)
87.0,82.1,74.2,72.7,,71.1,91.0,Cis woman,ANSUR (1988)
80.9,82.4,70.8,62.4,,66.8,89.9,Cis woman,ANSUR (1988)
86.1,86.8,76.6,70.1,,76.5,88.5,Cis woman,ANSUR (1988)
84.5,81.5,73.1,69.2,,71.6,90.2,Cis woman,ANSUR (1988)
85.2,86.8,75.0,72.0,,73.4,93.9,Cis woman,ANSUR (1988)
86.2,87.2,75.8,72.7,,79.5,91.4,Cis woman,ANSUR (1988)
90.4,90.3,77.2,69.8,,76.2,94.8,Cis woman,ANSUR (1988)
91.9,92.7,80.3,74.5,,80.4,97.7,Cis woman,ANSUR (1988)
86.4,83.9,73.3,65.6,,68.5,92.3,Cis woman,ANSUR (1988)
95.1,99.0,85.9,79.5,,86.7,99.5,Cis woman,ANSUR (1988)
81.1,83.1,72.1,67.7,,73.8,88.5,Cis woman,ANSUR (1988)
81.6,82.9,69.5,68.1,,72.0,88.0,Cis woman,ANSUR (1988)
90.3,92.9,77.9,74.6,,81.5,98.5,Cis woman,ANSUR (1988)
84.7,86.5,71.4,66.8,,72.5,95.5,Cis woman,ANSUR (1988)
90.7,87.5,74.7,71.3,,72.9,91.9,Cis woman,ANSUR (1988)
87.8,89.4,76.3,68.7,,75.0,90.0,Cis woman,ANSUR (1988)
91.0,96.5,73.7,70.2,,79.6,94.0,Cis woman,ANSUR (1988)
90.3,91.1,75.3,71.9,,81.2,94.3,Cis woman,ANSUR (1988)
84.5,86.2,74.2,66.7,,71.2,90.3,Cis woman,ANSUR (1988)
90.9,90.5,80.1,73.4,,76.0,95.3,Cis woman,ANSUR (1988)
83.2,83.1,71.3,63.1,,68.4,86.9,Cis woman,ANSUR (1988)
89.6,89.9,78.5,76.7,,83.6,96.5,Cis woman,ANSUR (1988)
82.3,79.2,71.2,65.8,,69.4,91.2,Cis woman,ANSUR (1988)
106.3,106.4,93.7,89.5,,96.1,108.8,Cis woman,ANSUR (1988)
89.8,91.6,80.6,72.6,,73.4,98.1,Cis woman,ANSUR (1988)
92.2,96.8,80.1,75.5,,88.3,99.9,Cis woman,ANSUR (1988)
106.0,106.9,90.2,86.5,,107.7,116.7,Cis woman,ANSUR (1988)
89.5,88.5,76.3,72.9,,79.5,101.9,Cis woman,ANSUR (1988)
87.5,94.2,80.9,76.8,,82.5,104.7,Cis woman,ANSUR (1988)
89.2,91.2,80.6,73.5,,90.2,98.5,Cis woman,ANSUR (1988)
88.2,91.5,74.7,73.3,,84.7,90.9,Cis woman,ANSUR (1988)
90.9,92.1,78.7,74.4,,81.8,103.6,Cis woman,ANSUR (1988)
86.2,91.0,73.5,71.7,,80.3,95.2,Cis woman,ANSUR (1988)
83.4,83.8,74.7,66.5,,76.7,92.4,Cis woman,ANSUR (1988)
87.3,86.5,76.0,66.5,,71.5,96.2,Cis woman,ANSUR (1988)
86.9,85.9,76.9,70.4,,75.4,93.2,Cis woman,ANSUR (1988)
91.1,92.2,76.6,73.5,,77.6,94.3,Cis woman,ANSUR (1988)
85.0,84.9,72.7,70.1,,72.5,90.2,Cis woman,ANSUR (1988)
97.9,98.8,82.6,78.2,,81.4,103.7,Cis woman,ANSUR (1988)
81.9,83.5,73.2,62.7,,66.2,86.4,Cis woman,ANSUR (1988)
87.5,93.6,77.9,75.8,,80.3,101.4,Cis woman,ANSUR (1988)
85.0,89.4,72.7,67.4,,69.1,89.5,Cis woman,ANSUR (1988)
92.5,92.2,78.9,73.1,,79.9,95.6,Cis woman,ANSUR (1988)
90.6,92.1,80.4,74.0,,85.4,98.4,Cis woman,ANSUR (1988)
82.7,83.0,71.1,72.5,,85.9,100.9,Cis woman,ANSUR (1988)
90.5,91.5,79.3,74.5,,79.1,93.5,Cis woman,ANSUR (1988)
89.5,94.6,77.6,77.0,,81.3,96.5,Cis woman,ANSUR (1988)
86.5,85.4,75.6,67.0,,74.3,90.6,Cis woman,ANSUR (1988)
93.8,94.4,84.9,82.3,,88.1,104.9,Cis woman,ANSUR (1988)
85.6,93.7,79.4,77.3,,83.8,102.9,Cis woman,ANSUR (1988)
87.3,92.7,73.6,71.4,,79.6,94.0,Cis woman,ANSUR (1988)
78.3,83.1,69.9,68.3,,83.7,94.5,Cis woman,ANSUR (1988)
89.9,96.3,82.4,74.5,,83.2,99.3,Cis woman,ANSUR (1988)
91.4,92.8,79.9,77.3,,81.9,101.4,Cis woman,ANSUR (1988)
89.2,91.1,80.3,74.0,,75.5,100.4,Cis woman,ANSUR (1988)
82.4,83.5,72.9,64.4,,71.0,88.8,Cis woman,ANSUR (1988)
89.8,89.7,76.2,64.9,,65.9,92.1,Cis woman,ANSUR (1988)
88.0,86.6,74.6,71.7,,84.5,95.3,Cis woman,ANSUR (1988)
83.0,81.7,70.5,64.8,,66.5,89.3,Cis woman,ANSUR (1988)
85.4,88.5,78.1,70.3,,75.2,92.7,Cis woman,ANSUR (1988)
85.1,81.3,74.9,70.9,,74.1,89.7,Cis woman,ANSUR (1988)
84.9,82.2,73.6,71.5,,77.5,99.7,Cis woman,ANSUR (1988)
91.1,91.5,80.4,74.6,,79.4,102.4,Cis woman,ANSUR (1988)
89.4,95.7,76.7,73.8,,78.9,99.9,Cis woman,ANSUR (1988)
89.9,91.6,76.5,69.4,,71.8,92.9,Cis woman,ANSUR (1988)
101.5,109.6,93.3,90.5,,100.5,107.9,Cis woman,ANSUR (1988)
94.7,98.1,79.7,78.5,,87.1,106.0,Cis woman,ANSUR (1988)
89.1,88.3,74.6,71.5,,74.7,101.6,Cis woman,ANSUR (1988)
87.2,91.1,74.9,69.2,,81.7,96.6,Cis woman,ANSUR (1988)
81.6,81.2,67.6,63.4,,68.4,87.3,Cis woman,ANSUR (1988)
87.4,89.0,71.8,68.3,,81.5,88.0,Cis woman,ANSUR (1988)
87.8,91.8,79.3,67.1,,77.9,96.0,Cis woman,ANSUR (1988)
84.9,82.3,72.2,63.4,,72.2,90.6,Cis woman,ANSUR (1988)
83.1,86.3,70.4,67.6,,71.8,92.6,Cis woman,ANSUR (1988)
94.6,99.5,85.5,82.1,,98.3,109.1,Cis woman,ANSUR (1988)
93.0,99.8,86.6,83.9,,93.2,104.1,Cis woman,ANSUR (1988)
85.9,87.4,70.3,69.6,,75.1,98.2,Cis woman,ANSUR (1988)
83.5,83.2,74.9,66.8,,72.7,92.8,Cis woman,ANSUR (1988)
94.2,97.9,83.4,82.5,,90.4,101.2,Cis woman,ANSUR (1988)
97.9,100.3,82.8,78.6,,89.8,107.4,Cis woman,ANSUR (1988)
93.5,97.4,79.6,82.8,,85.0,107.1,Cis woman,ANSUR (1988)
95.8,94.5,81.8,78.8,,81.4,107.0,Cis woman,ANSUR (1988)
88.2,90.8,76.0,75.6,,76.1,96.3,Cis woman,ANSUR (1988)
95.5,94.8,82.1,78.8,,80.5,100.4,Cis woman,ANSUR (1988)
90.1,89.3,78.5,71.9,,78.3,98.7,Cis woman,ANSUR (1988)
87.6,90.2,75.6,67.9,,70.1,93.5,Cis woman,ANSUR (1988)
82.9,82.8,70.2,61.5,,64.9,82.4,Cis woman,ANSUR (1988)
88.4,92.2,79.1,68.9,,73.9,92.0,Cis woman,ANSUR (1988)
97.2,100.4,83.5,82.8,,85.9,97.1,Cis woman,ANSUR (1988)
90.1,89.3,77.6,71.9,,74.8,104.3,Cis woman,ANSUR (1988)
100.0,101.1,87.5,83.7,,92.7,104.1,Cis woman,ANSUR (1988)
88.3,89.4,77.3,75.2,,82.9,94.9,Cis woman,ANSUR (1988)
88.0,86.5,74.4,71.7,,78.1,96.8,Cis woman,ANSUR (1988)
91.4,92.9,79.2,72.6,,78.3,97.2,Cis woman,ANSUR (1988)
88.1,83.9,76.5,70.7,,76.8,102.5,Cis woman,ANSUR (1988)
87.0,94.4,73.6,72.5,,85.4,97.0,Cis woman,ANSUR (1988)
82.6,84.9,70.2,69.0,,80.9,96.8,Cis woman,ANSUR (1988)
92.4,94.5,80.8,75.4,,85.9,100.9,Cis woman,ANSUR (1988)
99.9,100.5,83.1,79.1,,84.8,108.8,Cis woman,ANSUR (1988)
86.0,89.1,77.5,73.3,,81.6,90.3,Cis woman,ANSUR (1988)
85.0,88.9,73.9,68.0,,72.7,97.5,Cis woman,ANSUR (1988)
90.0,90.1,76.4,69.5,,76.4,97.2,Cis woman,ANSUR (1988)
84.5,86.8,74.3,64.9,,71.9,90.5,Cis woman,ANSUR (1988)
85.4,88.1,73.7,68.5,,72.5,97.1,Cis woman,ANSUR (1988)
84.6,86.7,74.4,71.9,,83.4,92.9,Cis woman,ANSUR (1988)
88.1,92.3,75.3,69.6,,78.4,99.5,Cis woman,ANSUR (1988)
86.8,91.4,74.7,66.0,,72.3,89.4,Cis woman,ANSUR (1988)
91.3,93.3,79.6,73.8,,84.9,106.0,Cis woman,ANSUR (1988)
90.6,92.2,79.9,77.2,,83.0,95.8,Cis woman,ANSUR (1988)
89.4,89.3,76.2,69.0,,74.1,97.8,Cis woman,ANSUR (1988)
85.4,85.1,70.5,68.9,,81.1,92.9,Cis woman,ANSUR (1988)
83.4,83.8,72.7,64.9,,76.5,90.8,Cis woman,ANSUR (1988)
93.3,101.5,78.4,80.8,,86.7,107.8,Cis woman,ANSUR (1988)
87.5,89.5,74.0,63.8,,68.4,93.9,Cis woman,ANSUR (1988)
85.7,88.0,76.2,70.1,,76.3,93.9,Cis woman,ANSUR (1988)
83.3,87.8,71.3,60.3,,69.2,91.8,Cis woman,ANSUR (1988)
83.0,85.7,70.8,63.5,,70.6,95.5,Cis woman,ANSUR (1988)
82.4,83.2,72.3,67.6,,73.6,94.5,Cis woman,ANSUR (1988)
88.8,91.9,75.3,73.1,,80.3,98.7,Cis woman,ANSUR (1988)
85.2,85.8,75.6,68.5,,74.9,92.5,Cis woman,ANSUR (1988)
86.8,87.5,77.9,72.8,,76.2,93.3,Cis woman,ANSUR (1988)
88.8,90.4,78.9,72.1,,78.3,95.3,Cis woman,ANSUR (1988)
90.0,91.6,76.4,72.5,,74.2,99.5,Cis woman,ANSUR (1988)
94.0,96.6,80.1,78.1,,83.4,102.2,Cis woman,ANSUR (1988)
83.5,86.7,72.5,71.0,,78.4,92.1,Cis woman,ANSUR (1988)
89.5,93.6,83.0,77.9,,85.0,110.2,Cis woman,ANSUR (1988)
90.6,91.1,77.5,75.9,,79.4,95.7,Cis woman,ANSUR (1988)
96.0,94.2,82.7,76.8,,82.0,99.8,Cis woman,ANSUR (1988)
93.8,95.8,83.5,86.6,,104.6,99.1,Cis woman,ANSUR (1988)
79.0,79.5,69.5,62.9,,65.7,90.8,Cis woman,ANSUR (1988)
82.1,87.4,74.2,72.2,,75.1,92.3,Cis woman,ANSUR (1988)
92.5,96.9,76.2,71.1,,80.6,98.2,Cis woman,ANSUR (1988)
83.9,82.5,72.7,66.6,,71.2,93.3,Cis woman,ANSUR (1988)
89.6,91.3,79.0,68.3,,70.3,95.8,Cis woman,ANSUR (1988)
87.6,89.7,77.4,73.1,,75.1,94.1,Cis woman,ANSUR (1988)
90.6,95.9,77.9,76.8,,83.1,93.3,Cis woman,ANSUR (1988)
84.0,85.1,70.9,66.1,,74.0,95.1,Cis woman,ANSUR (1988)
88.0,90.4,74.4,71.3,,81.9,103.1,Cis woman,ANSUR (1988)
90.2,95.0,80.2,79.2,,90.3,103.3,Cis woman,ANSUR (1988)
91.8,93.8,79.0,73.7,,79.7,97.3,Cis woman,ANSUR (1988)
81.8,81.2,71.2,67.5,,78.4,95.7,Cis woman,ANSUR (1988)
87.5,92.7,79.3,69.0,,72.0,89.6,Cis woman,ANSUR (1988)
89.5,89.4,75.6,69.2,,73.0,95.3,Cis woman,ANSUR (1988)
94.4,96.6,85.0,79.1,,85.2,95.1,Cis woman,ANSUR (1988)
86.6,89.2,76.9,67.4,,73.2,92.2,Cis woman,ANSUR (1988)
85.4,87.3,72.1,74.2,,83.4,86.9,Cis woman,ANSUR (1988)
94.8,103.4,90.9,88.3,,96.4,102.0,Cis woman,ANSUR (1988)
87.3,80.5,75.3,65.1,,71.3,91.1,Cis woman,ANSUR (1988)
92.1,94.3,78.5,73.3,,81.1,94.3,Cis woman,ANSUR (1988)
86.2,90.9,72.5,73.6,,78.8,101.9,Cis woman,ANSUR (1988)
94.4,94.7,83.2,74.4,,87.7,102.9,Cis woman,ANSUR (1988)
94.6,99.6,84.1,75.3,,82.6,102.5,Cis woman,ANSUR (1988)
81.7,84.7,69.8,63.7,,74.3,89.3,Cis woman,ANSUR (1988)
89.4,94.7,81.1,76.3,,82.3,106.1,Cis woman,ANSUR (1988)
92.2,96.9,81.7,76.8,,80.8,97.2,Cis woman,ANSUR (1988)
88.9,87.5,81.6,71.3,,75.1,96.1,Cis woman,ANSUR (1988)
91.4,93.5,80.5,76.2,,83.9,105.8,Cis woman,ANSUR (1988)
84.3,86.8,72.5,67.0,,71.8,92.6,Cis woman,ANSUR (1988)
99.7,107.4,90.8,86.3,,95.5,110.9,Cis woman,ANSUR (1988)
91.8,95.5,82.2,76.3,,87.4,100.8,Cis woman,ANSUR (1988)
87.3,90.7,77.4,77.1,,93.5,95.7,Cis woman,ANSUR (1988)
86.8,87.7,74.8,65.6,,73.2,95.2,Cis woman,ANSUR (1988)
87.2,90.2,77.4,73.5,,72.0,92.3,Cis woman,ANSUR (1988)
98.6,102.5,88.0,80.3,,84.5,103.8,Cis woman,ANSUR (1988)
91.5,93.1,75.9,68.5,,73.8,97.0,Cis woman,ANSUR (1988)
98.8,104.6,86.6,87.1,,91.5,108.5,Cis woman,ANSUR (1988)
100.1,105.7,87.8,88.9,,91.1,107.6,Cis woman,ANSUR (1988)
89.7,88.1,77.2,70.5,,81.0,95.7,Cis woman,ANSUR (1988)
90.8,92.9,76.7,70.8,,71.3,96.8,Cis woman,ANSUR (1988)
88.4,92.5,75.0,73.8,,78.1,102.6,Cis woman,ANSUR (1988)
94.8,101.6,83.4,80.3,,94.6,101.8,Cis woman,ANSUR (1988)
87.3,97.8,77.4,77.5,,85.3,91.3,Cis woman,ANSUR (1988)
95.6,98.5,83.8,78.9,,87.9,105.1,Cis woman,ANSUR (1988)
95.8,99.4,83.7,86.9,,92.2,100.9,Cis woman,ANSUR (1988)
88.8,89.5,78.0,76.3,,88.1,101.4,Cis woman,ANSUR (1988)
90.6,95.0,78.4,77.9,,82.2,103.5,Cis woman,ANSUR (1988)
88.2,89.1,73.5,67.1,,79.3,96.3,Cis woman,ANSUR (1988)
87.2,89.5,81.0,73.8,,85.2,101.2,Cis woman,ANSUR (1988)
94.3,98.3,83.3,74.9,,72.5,95.7,Cis woman,ANSUR (1988)
93.2,96.2,82.8,76.2,,81.5,105.3,Cis woman,ANSUR (1988)
93.3,99.1,87.0,85.5,,100.9,102.3,Cis woman,ANSUR (1988)
93.0,92.6,81.2,76.8,,89.4,99.4,Cis woman,ANSUR (1988)
99.7,98.6,84.7,77.8,,88.8,94.5,Cis woman,ANSUR (1988)
90.1,87.5,78.1,74.8,,85.4,100.7,Cis woman,ANSUR (1988)
92.2,95.1,85.1,77.4,,90.8,97.0,Cis woman,ANSUR (1988)
91.9,93.1,80.7,77.8,,85.1,96.7,Cis woman,ANSUR (1988)
83.9,85.1,70.9,64.1,,65.8,86.8,Cis woman,ANSUR (1988)
91.2,90.3,74.5,72.1,,83.2,95.7,Cis woman,ANSUR (1988)
90.3,87.5,75.6,68.0,,71.3,89.0,Cis woman,ANSUR (1988)
96.7,98.2,84.4,77.5,,84.7,105.8,Cis woman,ANSUR (1988)
92.8,98.7,84.4,81.5,,83.2,99.2,Cis woman,ANSUR (1988)
92.5,95.5,80.0,77.2,,87.2,98.9,Cis woman,ANSUR (1988)
94.7,97.6,82.7,79.4,,85.3,100.2,Cis woman,ANSUR (1988)
97.6,102.1,85.9,81.8,,97.2,114.6,Cis woman,ANSUR (1988)
83.1,83.0,72.8,66.2,,68.5,88.4,Cis woman,ANSUR (1988)
96.4,100.2,84.9,77.7,,97.3,104.0,Cis woman,ANSUR (1988)
89.7,95.4,80.9,77.0,,79.5,100.6,Cis woman,ANSUR (1988)
89.4,89.1,77.3,68.2,,75.6,95.0,Cis woman,ANSUR (1988)
105.9,106.3,89.2,92.5,,95.9,110.5,Cis woman,ANSUR (1988)
82.8,85.4,69.8,65.2,,69.7,96.7,Cis woman,ANSUR (1988)
105.7,106.0,90.9,89.6,,96.5,100.1,Cis woman,ANSUR (1988)
82.3,82.2,68.7,64.0,,69.1,92.0,Cis woman,ANSUR (1988)
90.4,93.1,80.8,74.9,,78.0,96.9,Cis woman,ANSUR (1988)
81.9,84.1,71.8,69.8,,82.6,95.0,Cis woman,ANSUR (1988)
85.4,89.3,77.1,72.8,,85.8,97.4,Cis woman,ANSUR (1988)
97.0,100.2,81.7,83.5,,89.0,99.0,Cis woman,ANSUR (1988)
84.3,84.3,71.0,68.5,,74.9,92.7,Cis woman,ANSUR (1988)
86.5,88.4,74.5,71.1,,78.2,92.2,Cis woman,ANSUR (1988)
90.1,92.6,76.9,73.8,,83.8,99.4,Cis woman,ANSUR (1988)
86.1,87.4,75.8,72.2,,80.5,96.3,Cis woman,ANSUR (1988)
86.4,88.5,74.0,70.3,,75.8,93.2,Cis woman,ANSUR (1988)
103.2,110.6,93.1,93.6,,105.6,112.5,Cis woman,ANSUR (1988)
91.2,93.5,81.4,79.2,,89.1,104.5,Cis woman,ANSUR (1988)
85.4,88.0,78.6,76.1,,81.9,93.9,Cis woman,ANSUR (1988)
86.1,85.5,73.2,71.9,,74.0,95.3,Cis woman,ANSUR (1988)
98.7,106.0,91.7,86.4,,94.0,108.5,Cis woman,ANSUR (1988)
86.1,87.3,76.0,73.8,,77.8,93.9,Cis woman,ANSUR (1988)
88.3,89.4,74.3,71.7,,79.3,91.3,Cis woman,ANSUR (1988)
87.1,90.6,74.2,69.5,,75.9,90.0,Cis woman,ANSUR (1988)
93.1,91.8,80.1,77.0,,83.3,104.2,Cis woman,ANSUR (1988)
92.7,97.6,81.7,80.6,,89.6,100.8,Cis woman,ANSUR (1988)
85.2,88.9,71.5,70.8,,77.7,95.8,Cis woman,ANSUR (1988)
84.8,87.5,76.3,71.3,,74.5,97.0,Cis woman,ANSUR (1988)
87.0,90.1,74.6,71.2,,81.1,96.5,Cis woman,ANSUR (1988)
97.0,95.9,84.0,84.0,,93.7,102.8,Cis woman,ANSUR (1988)
88.4,86.4,73.7,69.8,,76.5,91.0,Cis woman,ANSUR (1988)
100.4,99.8,83.3,87.1,,88.0,108.2,Cis woman,ANSUR (1988)
90.0,91.9,73.9,72.6,,77.8,98.8,Cis woman,ANSUR (1988)
88.2,89.6,74.6,68.0,,77.8,97.8,Cis woman,ANSUR (1988)
84.7,84.3,73.5,67.4,,67.2,90.3,Cis woman,ANSUR (1988)
88.7,88.7,75.1,73.5,,88.2,104.3,Cis woman,ANSUR (1988)
83.7,90.2,72.8,71.1,,77.8,99.4,Cis woman,ANSUR (1988)
86.1,91.5,77.5,73.1,,80.3,96.0,Cis woman,ANSUR (1988)
104.3,108.8,92.1,90.3,,105.4,101.9,Cis woman,ANSUR (1988)
87.9,89.3,73.8,69.9,,72.4,98.2,Cis woman,ANSUR (1988)
85.9,86.9,74.7,67.1,,72.4,92.4,Cis woman,ANSUR (1988)
89.6,91.7,80.7,73.9,,80.8,103.3,Cis woman,ANSUR (1988)
97.9,99.5,82.3,79.3,,90.2,102.8,Cis woman,ANSUR (1988)
83.5,86.5,74.1,68.2,,77.2,100.6,Cis woman,ANSUR (1988)
91.5,91.1,80.8,73.6,,78.2,110.4,Cis woman,ANSUR (1988)
91.3,94.5,81.4,78.1,,83.2,99.5,Cis woman,ANSUR (1988)
84.0,88.8,74.0,68.1,,77.2,95.4,Cis woman,ANSUR (1988)
96.8,100.5,88.0,80.7,,88.3,103.8,Cis woman,ANSUR (1988)
89.2,90.5,79.8,71.2,,73.9,93.4,Cis woman,ANSUR (1988)
86.3,90.9,74.1,71.6,,85.6,98.0,Cis woman,ANSUR (1988)
97.9,96.2,83.8,80.0,,85.4,96.1,Cis woman,ANSUR (1988)
81.6,82.5,71.5,67.4,,71.7,86.0,Cis woman,ANSUR (1988)
92.4,90.6,82.7,74.8,,76.4,98.8,Cis woman,ANSUR (1988)
92.1,95.7,80.9,76.8,,82.8,95.9,Cis woman,ANSUR (1988)
79.8,80.9,70.2,64.9,,72.1,95.0,Cis woman,ANSUR (1988)
94.3,90.3,80.0,74.5,,82.8,100.8,Cis woman,ANSUR (1988)
87.7,89.9,82.2,73.9,,76.4,100.5,Cis woman,ANSUR (1988)
86.9,89.6,76.8,71.2,,82.0,102.2,Cis woman,ANSUR (1988)
95.2,98.0,81.4,81.3,,100.4,109.9,Cis woman,ANSUR (1988)
86.2,87.0,73.3,66.8,,72.9,90.0,Cis woman,ANSUR (1988)
88.3,83.1,73.6,68.6,,70.3,95.8,Cis woman,ANSUR (1988)
96.6,102.2,87.8,83.5,,90.4,98.8,Cis woman,ANSUR (1988)
85.2,83.6,70.6,63.5,,66.8,87.5,Cis woman,ANSUR (1988)
90.8,95.0,81.3,74.7,,77.3,98.8,Cis woman,ANSUR (1988)
86.4,89.4,73.3,69.2,,76.5,94.6,Cis woman,ANSUR (1988)
83.6,85.2,72.6,66.6,,72.2,98.2,Cis woman,ANSUR (1988)
96.0,98.1,80.3,78.1,,87.4,95.3,Cis woman,ANSUR (1988)
86.0,85.1,74.0,69.5,,80.1,93.7,Cis woman,ANSUR (1988)
84.4,89.9,76.8,70.0,,78.4,96.9,Cis woman,ANSUR (1988)
90.4,92.4,84.6,80.6,,84.0,100.9,Cis woman,ANSUR (1988)
89.4,92.5,79.4,71.2,,78.5,96.2,Cis woman,ANSUR (1988)
87.6,93.1,78.9,70.4,,78.1,97.4,Cis woman,ANSUR (1988)
87.8,91.8,77.4,71.1,,79.0,98.6,Cis woman,ANSUR (1988)
88.4,89.3,74.0,69.9,,80.2,98.8,Cis woman,ANSUR (1988)
85.6,85.7,76.3,72.4,,82.4,98.8,Cis woman,ANSUR (1988)
86.3,86.6,74.2,61.5,,69.2,94.8,Cis woman,ANSUR (1988)
95.0,101.8,87.7,85.0,,88.3,104.0,Cis woman,ANSUR (1988)
95.2,100.2,80.7,78.6,,87.5,116.8,Cis woman,ANSUR (1988)
91.1,90.5,77.7,65.4,,76.9,96.1,Cis woman,ANSUR (1988)
89.0,86.9,75.0,70.5,,75.5,101.8,Cis woman,ANSUR (1988)
82.2,83.1,70.4,64.5,,68.3,90.4,Cis woman,ANSUR (1988)
92.1,93.5,80.8,77.8,,85.7,94.6,Cis woman,ANSUR (1988)
86.1,87.9,71.4,67.1,,71.9,98.7,Cis woman,ANSUR (1988)
93.4,97.5,76.9,74.1,,81.5,103.8,Cis woman,ANSUR (1988)
93.5,93.1,83.8,70.7,,71.9,97.1,Cis woman,ANSUR (1988)
86.2,89.8,75.5,73.4,,84.7,96.8,Cis woman,ANSUR (1988)
85.0,87.8,77.7,68.1,,70.4,91.9,Cis woman,ANSUR (1988)
86.7,89.2,73.8,66.9,,73.4,92.2,Cis woman,ANSUR (1988)
95.9,99.7,85.8,80.7,,85.0,95.1,Cis woman,ANSUR (1988)
86.2,89.1,73.6,72.3,,78.0,103.6,Cis woman,ANSUR (1988)
97.3,96.4,80.6,81.7,,98.6,107.9,Cis woman,ANSUR (1988)
88.8,91.1,79.8,70.6,,77.0,96.0,Cis woman,ANSUR (1988)
87.5,90.4,78.2,72.2,,82.3,95.8,Cis woman,ANSUR (1988)
92.2,89.7,75.0,71.4,,71.8,99.5,Cis woman,ANSUR (1988)
98.2,102.9,83.3,78.6,,87.3,104.4,Cis woman,ANSUR (1988)
95.6,97.0,84.0,79.9,,90.7,100.9,Cis woman,ANSUR (1988)
88.8,88.1,76.8,69.4,,73.4,93.6,Cis woman,ANSUR (1988)
78.3,80.2,70.6,59.0,,65.6,85.7,Cis woman,ANSUR (1988)
95.6,100.4,83.2,78.5,,88.8,111.6,Cis woman,ANSUR (1988)
89.0,88.5,75.2,72.5,,76.4,99.3,Cis woman,ANSUR (1988)
84.4,84.6,72.7,66.7,,74.8,95.5,Cis woman,ANSUR (1988)
95.0,100.7,81.5,77.7,,84.9,96.8,Cis woman,ANSUR (1988)
102.9,106.3,91.3,87.5,,96.5,104.4,Cis woman,ANSUR (1988)
87.4,89.3,77.9,71.6,,75.8,98.1,Cis woman,ANSUR (1988)
83.3,83.5,71.0,66.8,,77.5,92.0,Cis woman,ANSUR (1988)
102.3,103.2,88.8,86.5,,91.2,99.9,Cis woman,ANSUR (1988)
88.2,93.0,79.2,74.9,,84.4,94.7,Cis woman,ANSUR (1988)
89.8,89.9,76.2,69.1,,78.8,95.8,Cis woman,ANSUR (1988)
93.9,97.2,77.6,75.5,,84.5,98.4,Cis woman,ANSUR (1988)
92.8,92.3,78.6,75.2,,82.6,100.6,Cis woman,ANSUR (1988)
90.2,93.4,77.9,74.5,,82.0,108.3,Cis woman,ANSUR (1988)
90.7,94.0,76.0,78.4,,87.4,94.5,Cis woman,ANSUR (1988)
87.9,91.4,75.3,74.0,,77.6,101.0,Cis woman,ANSUR (1988)
85.9,88.0,76.7,69.5,,72.4,97.7,Cis woman,ANSUR (1988)
86.5,88.2,75.4,70.5,,74.3,93.8,Cis woman,ANSUR (1988)
88.1,92.1,71.9,65.3,,67.6,96.8,Cis woman,ANSUR (1988)
106.2,111.2,91.6,89.4,,95.3,106.5,Cis woman,ANSUR (1988)
88.4,88.2,76.7,68.4,,75.0,87.2,Cis woman,ANSUR (1988)
81.6,85.3,71.2,65.6,,74.5,94.0,Cis woman,ANSUR (1988)
91.0,95.5,79.4,76.9,,79.7,97.3,Cis woman,ANSUR (1988)
87.4,87.8,70.9,70.6,,75.3,99.5,Cis woman,ANSUR (1988)
82.0,83.8,75.1,66.7,,70.4,91.3,Cis woman,ANSUR (1988)
93.3,104.0,88.8,85.5,,93.1,100.9,Cis woman,ANSUR (1988)
87.5,89.9,74.4,73.3,,86.6,101.7,Cis woman,ANSUR (1988)
85.5,88.3,72.8,66.4,,75.5,93.3,Cis woman,ANSUR (1988)
85.7,86.5,74.9,66.4,,69.0,85.6,Cis woman,ANSUR (1988)
84.8,87.3,74.0,66.1,,73.6,89.8,Cis woman,ANSUR (1988)
80.4,78.4,66.8,62.2,,69.1,92.1,Cis woman,ANSUR (1988)
97.5,100.3,86.4,83.3,,86.5,108.4,Cis woman,ANSUR (1988)
95.8,96.4,82.6,72.1,,73.2,97.2,Cis woman,ANSUR (1988)
91.6,92.3,78.3,65.9,,71.7,101.2,Cis woman,ANSUR (1988)
86.4,80.3,73.6,60.6,,64.0,90.3,Cis woman,ANSUR (1988)
88.1,89.9,77.7,76.1,,82.0,101.1,Cis woman,ANSUR (1988)
97.4,100.9,84.9,82.5,,82.3,98.5,Cis woman,ANSUR (1988)
90.7,96.3,77.6,72.3,,81.8,102.0,Cis woman,ANSUR (1988)
82.2,81.8,72.8,64.7,,70.2,89.3,Cis woman,ANSUR (1988)
79.9,82.0,71.2,68.2,,70.5,87.8,Cis woman,ANSUR (1988)
86.3,88.2,73.4,66.6,,76.2,95.5,Cis woman,ANSUR (1988)
98.4,97.8,85.7,83.8,,90.0,100.7,Cis woman,ANSUR (1988)
96.0,100.3,83.4,83.1,,97.0,105.2,Cis woman,ANSUR (1988)
85.7,84.0,73.3,71.9,,76.8,96.4,Cis woman,ANSUR (1988)
89.6,91.7,76.0,70.8,,78.9,97.9,Cis woman,ANSUR (1988)
82.9,87.2,70.0,68.1,,77.0,96.0,Cis woman,ANSUR (1988)
84.5,87.8,72.2,69.0,,69.9,96.9,Cis woman,ANSUR (1988)
82.3,82.8,71.1,71.3,,75.3,90.7,Cis woman,ANSUR (1988)
86.4,88.9,76.3,67.4,,74.0,95.0,Cis woman,ANSUR (1988)
94.4,98.1,82.5,80.9,,85.8,97.2,Cis woman,ANSUR (1988)
87.1,91.3,76.2,71.4,,77.0,93.4,Cis woman,ANSUR (1988)
84.4,82.2,69.4,62.1,,71.9,86.7,Cis woman,ANSUR (1988)
94.2,104.6,84.5,79.1,,91.2,93.7,Cis woman,ANSUR (1988)
102.1,106.0,90.5,91.9,,99.5,103.7,Cis woman,ANSUR (1988)
83.9,87.0,75.8,67.4,,74.2,93.6,Cis woman,ANSUR (1988)
84.6,87.1,73.1,64.1,,68.2,89.6,Cis woman,ANSUR (1988)
91.1,93.1,79.7,76.7,,79.1,100.6,Cis woman,ANSUR (1988)
85.2,84.5,73.8,68.8,,81.5,97.7,Cis woman,ANSUR (1988)
92.8,97.3,83.3,77.6,,82.3,95.6,Cis woman,ANSUR (1988)
84.3,94.2,78.5,74.2,,76.2,97.2,Cis woman,ANSUR (1988)
86.9,89.1,76.8,75.4,,80.7,102.4,Cis woman,ANSUR (1988)
83.7,83.1,69.7,66.9,,73.7,94.0,Cis woman,ANSUR (1988)
89.3,91.1,76.6,72.5,,72.1,92.0,Cis woman,ANSUR (1988)
89.7,91.4,79.7,80.1,,88.1,100.2,Cis woman,ANSUR (1988)
88.3,91.1,77.1,70.4,,73.9,95.1,Cis woman,ANSUR (1988)
84.6,83.8,71.6,70.0,,83.9,95.5,Cis woman,ANSUR (1988)
92.4,96.3,79.1,73.8,,78.6,102.7,Cis woman,ANSUR (1988)
88.6,91.9,79.8,71.3,,74.9,93.1,Cis woman,ANSUR (1988)
88.4,87.3,71.4,65.0,,66.3,90.2,Cis woman,ANSUR (1988)
88.2,97.6,76.2,74.0,,80.5,95.1,Cis woman,ANSUR (1988)
107.5,114.6,94.7,91.5,,103.4,112.7,Cis woman,ANSUR (1988)
80.4,84.2,74.4,69.6,,80.2,90.9,Cis woman,ANSUR (1988)
87.8,87.2,73.4,68.0,,73.6,89.5,Cis woman,ANSUR (1988)
84.5,90.0,74.1,72.0,,80.4,97.4,Cis woman,ANSUR (1988)
98.1,101.8,83.8,83.2,,98.0,100.1,Cis woman,ANSUR (1988)
85.8,87.9,76.0,69.8,,71.5,92.7,Cis woman,ANSUR (1988)
88.1,90.5,72.1,70.6,,81.3,100.2,Cis woman,ANSUR (1988)
84.4,88.2,75.2,70.7,,76.2,95.6,Cis woman,ANSUR (1988)
91.9,94.2,80.6,73.3,,81.0,100.8,Cis woman,ANSUR (1988)
88.0,95.0,72.6,65.3,,67.7,90.8,Cis woman,ANSUR (1988)
85.5,88.0,73.8,62.5,,64.9,89.9,Cis woman,ANSUR (1988)
87.0,86.0,73.5,67.4,,73.5,89.7,Cis woman,ANSUR (1988)
81.2,83.0,67.0,61.4,,66.3,84.8,Cis woman,ANSUR (1988)
92.1,96.1,79.7,78.5,,85.2,89.5,Cis woman,ANSUR (1988)
82.0,83.2,71.6,64.4,,72.4,88.1,Cis woman,ANSUR (1988)
89.1,91.8,74.2,70.7,,75.4,94.9,Cis woman,ANSUR (1988)
99.4,100.2,81.7,81.0,,87.8,107.4,Cis woman,ANSUR (1988)
88.5,92.1,77.4,72.0,,76.6,91.8,Cis woman,ANSUR (1988)
91.9,94.4,82.5,71.8,,77.3,97.8,Cis woman,ANSUR (1988)
94.2,101.9,81.5,82.3,,96.5,102.9,Cis woman,ANSUR (1988)
90.5,96.9,81.2,84.4,,98.5,101.9,Cis woman,ANSUR (1988)
90.4,91.2,80.2,72.5,,74.8,103.8,Cis woman,ANSUR (1988)
89.2,86.8,72.0,69.3,,76.0,98.0,Cis woman,ANSUR (1988)
87.8,90.6,77.1,74.8,,86.1,98.7,Cis woman,ANSUR (1988)
91.5,95.3,82.5,79.4,,85.4,102.0,Cis woman,ANSUR (1988)
89.3,94.0,78.4,71.1,,72.5,93.9,Cis woman,ANSUR (1988)
85.4,83.5,73.2,64.9,,68.4,88.2,Cis woman,ANSUR (1988)
83.2,81.7,72.4,68.2,,75.8,92.2,Cis woman,ANSUR (1988)
89.0,91.0,73.9,66.2,,67.8,93.0,Cis woman,ANSUR (1988)
85.6,86.3,70.3,65.6,,70.6,87.7,Cis woman,ANSUR (1988)
81.8,86.4,68.5,64.3,,67.0,88.8,Cis woman,ANSUR (1988)
90.9,91.9,77.2,70.8,,74.3,97.9,Cis woman,ANSUR (1988)
89.3,94.6,80.3,77.6,,83.2,102.0,Cis woman,ANSUR (1988)
94.8,98.6,88.5,88.8,,88.9,99.2,Cis woman,ANSUR (1988)
81.2,82.5,66.8,64.6,,70.2,93.5,Cis woman,ANSUR (1988)
90.1,98.7,82.3,77.9,,81.3,99.5,Cis woman,ANSUR (1988)
87.4,86.4,75.5,68.4,,69.2,88.0,Cis woman,ANSUR (1988)
90.5,94.8,77.1,73.0,,78.2,104.3,Cis woman,ANSUR (1988)
87.6,91.5,73.5,70.8,,79.3,99.9,Cis woman,ANSUR (1988)
93.6,94.1,81.2,71.9,,85.0,99.0,Cis woman,ANSUR (1988)
83.3,84.2,71.6,64.8,,65.5,86.4,Cis woman,ANSUR (1988)
91.5,96.1,84.8,80.6,,85.7,95.2,Cis woman,ANSUR (1988)
85.5,88.9,75.2,70.4,,76.1,99.0,Cis woman,ANSUR (1988)
87.0,91.5,75.7,71.9,,79.9,92.5,Cis woman,ANSUR (1988)
84.2,87.4,71.5,63.7,,69.4,93.0,Cis woman,ANSUR (1988)
90.5,90.8,76.8,74.7,,78.6,96.3,Cis woman,ANSUR (1988)
81.9,82.0,68.8,67.3,,71.9,95.0,Cis woman,ANSUR (1988)
85.5,88.1,77.5,67.1,,78.5,93.1,Cis woman,ANSUR (1988)
75.5,76.2,71.0,62.2,,67.2,90.3,Cis woman,ANSUR (1988)
95.4,95.8,83.5,79.9,,85.5,97.1,Cis woman,ANSUR (1988)
82.4,81.8,68.2,66.2,,67.2,81.6,Cis woman,ANSUR (1988)
85.8,90.1,72.1,69.5,,75.9,96.1,Cis woman,ANSUR (1988)
91.4,87.2,78.2,75.8,,79.9,96.6,Cis woman,ANSUR (1988)
94.1,97.0,81.8,79.7,,85.8,101.1,Cis woman,ANSUR (1988)
87.5,91.1,75.4,72.2,,77.9,99.4,Cis woman,ANSUR (1988)
86.1,86.4,75.4,68.8,,76.2,93.8,Cis woman,ANSUR (1988)
86.2,85.3,75.2,67.6,,71.9,97.4,Cis woman,ANSUR (1988)
92.2,88.4,78.0,67.1,,69.8,97.2,Cis woman,ANSUR (1988)
90.7,95.1,84.7,82.6,,79.7,91.2,Cis woman,ANSUR (1988)
92.5,94.2,79.6,73.6,,80.5,93.9,Cis woman,ANSUR (1988)
90.2,87.2,75.5,70.5,,80.0,96.0,Cis woman,ANSUR (1988)
87.3,92.3,79.2,68.9,,77.9,103.9,Cis woman,ANSUR (1988)
81.0,78.5,68.6,62.6,,69.0,93.1,Cis woman,ANSUR (1988)
90.0,91.0,80.0,74.8,,77.1,98.5,Cis woman,ANSUR (1988)
93.2,96.1,81.3,78.8,,86.3,95.4,Cis woman,ANSUR (1988)
87.1,90.3,76.0,69.8,,76.5,98.0,Cis woman,ANSUR (1988)
97.9,97.1,83.7,81.0,,85.8,102.9,Cis woman,ANSUR (1988)
97.6,103.6,89.2,90.4,,101.8,110.3,Cis woman,ANSUR (1988)
84.2,83.4,72.3,61.5,,64.7,92.2,Cis woman,ANSUR (1988)
90.5,92.3,82.7,71.0,,72.8,94.6,Cis woman,ANSUR (1988)
92.8,90.6,81.2,77.0,,85.7,94.6,Cis woman,ANSUR (1988)
87.7,92.5,74.8,70.5,,79.7,99.2,Cis woman,ANSUR (1988)
83.0,83.6,73.1,69.5,,75.7,97.9,Cis woman,ANSUR (1988)
87.8,90.1,76.6,72.5,,83.5,93.0,Cis woman,ANSUR (1988)
92.0,93.5,75.7,72.7,,82.4,105.5,Cis woman,ANSUR (1988)
81.4,82.8,71.9,66.8,,71.8,89.7,Cis woman,ANSUR (1988)
75.8,71.1,66.4,60.6,,67.0,85.1,Cis woman,ANSUR (1988)
82.6,81.9,73.1,69.2,,70.2,93.1,Cis woman,ANSUR (1988)
81.0,82.9,69.0,65.1,,71.8,90.0,Cis woman,ANSUR (1988)
90.9,94.9,79.2,72.2,,86.7,97.4,Cis woman,ANSUR (1988)
75.9,74.4,64.0,58.3,,62.6,83.0,Cis woman,ANSUR (1988)
90.1,90.0,76.4,70.1,,74.2,98.6,Cis woman,ANSUR (1988)
90.6,92.7,77.5,70.9,,73.5,102.1,Cis woman,ANSUR (1988)
91.6,90.5,80.3,69.6,,79.4,95.1,Cis woman,ANSUR (1988)
97.8,101.2,84.3,82.0,,90.5,104.8,Cis woman,ANSUR (1988)
84.4,88.2,76.5,73.6,,77.6,99.9,Cis woman,ANSUR (1988)
91.3,94.2,79.5,71.5,,76.3,97.3,Cis woman,ANSUR (1988)
100.2,105.0,84.7,83.4,,93.5,105.6,Cis woman,ANSUR (1988)
94.4,95.6,82.3,81.2,,85.4,110.3,Cis woman,ANSUR (1988)
93.1,93.0,80.4,74.5,,77.7,89.0,Cis woman,ANSUR (1988)
85.2,82.9,74.3,69.5,,78.4,91.1,Cis woman,ANSUR (1988)
89.3,88.6,75.8,68.0,,71.4,95.5,Cis woman,ANSUR (1988)
89.2,87.8,79.0,70.9,,73.1,93.0,Cis woman,ANSUR (1988)
89.1,88.9,75.5,69.1,,74.4,96.9,Cis woman,ANSUR (1988)
87.8,92.6,79.3,70.7,,76.2,99.4,Cis woman,ANSUR (1988)
87.3,88.5,78.5,71.8,,77.1,95.0,Cis woman,ANSUR (1988)
92.8,98.5,80.2,77.8,,83.8,94.3,Cis woman,ANSUR (1988)
85.3,86.8,74.7,70.3,,79.2,101.6,Cis woman,ANSUR (1988)
88.6,88.8,75.6,70.6,,80.4,94.2,Cis woman,ANSUR (1988)
91.1,94.8,80.6,77.1,,82.7,100.7,Cis woman,ANSUR (1988)
85.5,84.0,74.5,66.3,,69.4,92.8,Cis woman,ANSUR (1988)
86.5,87.8,75.4,68.8,,72.8,93.3,Cis woman,ANSUR (1988)
88.4,88.8,74.9,67.0,,70.8,95.2,Cis woman,ANSUR (1988)
87.1,89.4,76.2,69.4,,77.1,95.7,Cis woman,ANSUR (1988)
90.6,91.9,80.4,72.7,,78.0,97.9,Cis woman,ANSUR (1988)
89.5,92.4,79.8,79.4,,88.3,98.7,Cis woman,ANSUR (1988)
94.0,96.0,80.5,81.7,,89.9,101.8,Cis woman,ANSUR (1988)
88.4,95.3,79.8,73.0,,77.3,99.8,Cis woman,ANSUR (1988)
94.9,95.8,82.5,75.9,,79.0,107.7,Cis woman,ANSUR (1988)
94.2,93.2,82.5,77.4,,84.7,101.8,Cis woman,ANSUR (1988)
90.2,93.3,77.5,71.2,,74.9,93.3,Cis woman,ANSUR (1988)
101.5,103.4,87.9,85.5,,95.1,112.4,Cis woman,ANSUR (1988)
85.5,83.8,72.4,67.8,,67.2,85.6,Cis woman,ANSUR (1988)
90.7,96.1,81.7,79.4,,87.4,101.7,Cis woman,ANSUR (1988)
87.2,86.0,72.3,68.1,,73.2,93.2,Cis woman,ANSUR (1988)
94.1,98.1,87.4,86.4,,91.6,104.8,Cis woman,ANSUR (1988)
83.2,85.7,76.3,73.1,,83.3,97.3,Cis woman,ANSUR (1988)
92.1,98.4,83.5,77.5,,84.4,93.6,Cis woman,ANSUR (1988)
91.4,90.5,79.3,75.5,,80.0,102.5,Cis woman,ANSUR (1988)
94.3,98.4,82.9,82.5,,89.6,101.0,Cis woman,ANSUR (1988)
86.3,89.4,75.2,70.0,,79.5,102.6,Cis woman,ANSUR (1988)
95.7,99.1,82.2,83.8,,95.6,103.6,Cis woman,ANSUR (1988)
80.2,83.9,70.3,64.7,,75.2,90.4,Cis woman,ANSUR (1988)
87.3,89.4,76.8,70.0,,80.3,99.9,Cis woman,ANSUR (1988)
90.3,93.4,74.8,68.8,,76.6,92.8,Cis woman,ANSUR (1988)
97.0,98.1,81.6,78.2,,91.7,99.3,Cis woman,ANSUR (1988)
80.1,78.7,69.4,60.1,,64.5,82.9,Cis woman,ANSUR (1988)
93.5,94.9,78.9,70.4,,70.9,103.3,Cis woman,ANSUR (1988)
81.5,77.0,66.4,61.6,,68.7,84.2,Cis woman,ANSUR (1988)
87.0,92.5,79.0,74.0,,79.4,97.2,Cis woman,ANSUR (1988)
85.0,86.2,72.8,70.3,,82.0,93.7,Cis woman,ANSUR (1988)
82.0,86.1,76.0,69.4,,73.5,92.6,Cis woman,ANSUR (1988)
83.3,83.6,70.1,64.7,,69.6,89.3,Cis woman,ANSUR (1988)
89.9,92.3,78.5,74.3,,80.0,95.6,Cis woman,ANSUR (1988)
94.8,96.7,82.8,90.9,,95.0,105.2,Cis woman,ANSUR (1988)
94.8,96.3,78.6,70.6,,78.1,100.2,Cis woman,ANSUR (1988)
85.4,91.6,74.7,71.7,,77.4,101.8,Cis woman,ANSUR (1988)
97.2,102.7,87.6,80.4,,87.6,97.5,Cis woman,ANSUR (1988)
94.4,103.0,86.3,85.7,,102.2,105.7,Cis woman,ANSUR (1988)
83.2,82.9,68.0,66.3,,72.4,89.3,Cis woman,ANSUR (1988)
95.8,97.1,81.4,77.9,,84.5,99.8,Cis woman,ANSUR (1988)
78.1,78.5,64.1,56.8,,68.0,83.5,Cis woman,ANSUR (1988)
86.8,95.0,78.8,73.7,,73.1,100.9,Cis woman,ANSUR (1988)
84.4,84.8,72.1,65.8,,71.3,89.0,Cis woman,ANSUR (1988)
89.6,92.5,77.0,71.0,,71.4,97.6,Cis woman,ANSUR (1988)
89.1,84.7,74.8,66.8,,69.0,97.0,Cis woman,ANSUR (1988)
88.7,95.8,79.0,76.4,,86.2,105.2,Cis woman,ANSUR (1988)
85.6,87.9,76.0,71.1,,78.1,91.0,Cis woman,ANSUR (1988)
87.9,91.5,76.4,72.7,,79.0,92.7,Cis woman,ANSUR (1988)
91.4,88.7,80.2,68.7,,75.4,91.2,Cis woman,ANSUR (1988)
90.8,93.6,80.8,77.9,,85.3,98.4,Cis woman,ANSUR (1988)
97.3,99.5,85.0,80.4,,82.3,100.5,Cis woman,ANSUR (1988)
91.7,95.0,78.9,74.7,,78.7,99.6,Cis woman,ANSUR (1988)
95.9,100.5,80.9,72.6,,75.2,97.9,Cis woman,ANSUR (1988)
87.8,90.4,77.6,68.3,,77.8,88.5,Cis woman,ANSUR (1988)
86.1,88.0,73.8,69.6,,71.4,97.2,Cis woman,ANSUR (1988)
93.8,97.0,82.3,80.4,,92.8,102.4,Cis woman,ANSUR (1988)
93.9,93.7,79.6,71.5,,72.7,93.9,Cis woman,ANSUR (1988)
87.8,93.7,77.5,74.7,,80.0,101.6,Cis woman,ANSUR (1988)
92.1,91.8,74.7,72.1,,82.5,94.4,Cis woman,ANSUR (1988)
89.7,90.4,78.8,76.5,,86.2,97.7,Cis woman,ANSUR (1988)
80.9,84.5,69.0,65.7,,70.7,87.4,Cis woman,ANSUR (1988)
101.3,106.9,88.6,89.0,,92.5,100.4,Cis woman,ANSUR (1988)
92.2,94.3,79.1,78.8,,81.5,95.3,Cis woman,ANSUR (1988)
88.3,91.1,75.9,74.5,,81.4,92.3,Cis woman,ANSUR (1988)
88.5,89.4,78.9,73.7,,79.3,98.1,Cis woman,ANSUR (1988)
81.3,78.8,69.0,63.1,,67.8,92.2,Cis woman,ANSUR (1988)
87.6,92.5,76.3,73.9,,82.5,98.8,Cis woman,ANSUR (1988)
81.4,84.1,71.5,61.7,,70.9,88.4,Cis woman,ANSUR (1988)
93.1,95.6,84.0,84.0,,88.4,95.0,Cis woman,ANSUR (1988)
85.2,88.1,78.9,71.4,,80.3,99.3,Cis woman,ANSUR (1988)
83.1,83.1,72.2,68.4,,70.5,94.0,Cis woman,ANSUR (1988)
79.4,79.5,67.5,61.5,,65.7,83.3,Cis woman,ANSUR (1988)
86.2,88.4,74.4,73.5,,82.4,101.3,Cis woman,ANSUR (1988)
86.1,85.0,72.0,69.8,,69.8,91.8,Cis woman,ANSUR (1988)
85.8,91.4,74.4,73.0,,84.6,103.8,Cis woman,ANSUR (1988)
83.3,90.3,71.6,67.0,,77.2,93.2,Cis woman,ANSUR (1988)
79.8,81.1,65.5,59.7,,65.0,92.9,Cis woman,ANSUR (1988)
86.6,88.0,70.1,69.8,,75.8,95.0,Cis woman,ANSUR (1988)
85.2,87.7,70.1,68.6,,76.3,87.6,Cis woman,ANSUR (1988)
87.5,85.9,73.9,67.9,,66.5,85.9,Cis woman,ANSUR (1988)
80.9,81.1,68.9,67.3,,70.1,86.8,Cis woman,ANSUR (1988)
100.5,101.1,82.2,85.1,,97.0,111.9,Cis woman,ANSUR (1988)
93.3,91.7,76.4,73.4,,79.0,100.7,Cis woman,ANSUR (1988)
87.0,91.0,74.7,72.3,,78.7,94.3,Cis woman,ANSUR (1988)
87.5,88.2,75.1,71.9,,74.5,90.8,Cis woman,ANSUR (1988)
96.9,102.2,82.6,83.3,,101.6,104.1,Cis woman,ANSUR (1988)
85.4,87.2,73.3,65.7,,72.5,89.2,Cis woman,ANSUR (1988)
94.6,97.3,84.5,80.3,,81.7,97.7,Cis woman,ANSUR (1988)
90.7,96.3,78.5,72.5,,82.4,106.3,Cis woman,ANSUR (1988)
86.3,91.1,78.4,76.9,,85.7,99.5,Cis woman,ANSUR (1988)
83.9,82.1,70.9,67.4,,71.5,90.5,Cis woman,ANSUR (1988)
91.6,93.1,79.4,75.2,,83.1,102.8,Cis woman,ANSUR (1988)
89.3,91.9,79.7,75.3,,81.1,102.8,Cis woman,ANSUR (1988)
86.4,91.4,75.7,71.7,,74.3,94.1,Cis woman,ANSUR (1988)
91.2,94.0,82.3,74.3,,73.9,90.3,Cis woman,ANSUR (1988)
79.9,83.9,72.2,68.5,,69.8,89.8,Cis woman,ANSUR (1988)
90.9,90.4,80.0,76.9,,84.3,108.0,Cis woman,ANSUR (1988)
88.4,89.8,78.3,69.6,,72.8,98.9,Cis woman,ANSUR (1988)
87.9,90.2,75.7,74.8,,79.6,98.7,Cis woman,ANSUR (1988)
88.4,94.2,80.3,75.5,,89.6,98.0,Cis woman,ANSUR (1988)
91.6,93.2,81.8,75.6,,82.6,96.3,Cis woman,ANSUR (1988)
89.7,89.1,73.8,68.2,,81.5,94.7,Cis woman,ANSUR (1988)
91.3,95.6,82.4,76.3,,81.9,101.2,Cis woman,ANSUR (1988)
97.6,98.1,86.9,84.5,,86.2,105.2,Cis woman,ANSUR (1988)
92.7,92.6,81.2,73.2,,75.1,97.5,Cis woman,ANSUR (1988)
88.9,88.4,74.1,67.7,,69.8,90.8,Cis woman,ANSUR (1988)
91.7,92.4,78.5,75.5,,84.1,95.6,Cis woman,ANSUR (1988)
86.9,91.6,77.4,75.4,,97.5,103.6,Cis woman,ANSUR (1988)
79.8,79.6,67.0,60.8,,71.7,88.6,Cis woman,ANSUR (1988)
87.8,92.6,75.3,69.3,,72.1,93.4,Cis woman,ANSUR (1988)
80.2,81.1,70.6,66.8,,75.5,85.9,Cis woman,ANSUR (1988)
92.7,93.9,79.8,79.8,,83.5,102.0,Cis woman,ANSUR (1988)
81.1,82.0,71.5,70.5,,73.5,91.8,Cis woman,ANSUR (1988)
87.4,87.9,74.0,70.8,,73.1,88.0,Cis woman,ANSUR (1988)
97.8,101.8,88.5,83.4,,92.8,104.1,Cis woman,ANSUR (1988)
87.8,88.3,71.0,65.4,,78.9,94.3,Cis woman,ANSUR (1988)
87.4,88.2,71.8,69.9,,71.8,96.0,Cis woman,ANSUR (1988)
84.3,83.9,71.4,65.8,,78.9,94.2,Cis woman,ANSUR (1988)
87.8,87.5,76.6,71.9,,78.2,92.0,Cis woman,ANSUR (1988)
103.1,107.6,90.6,90.2,,103.5,103.9,Cis woman,ANSUR (1988)
92.7,93.7,81.8,78.1,,79.3,95.4,Cis woman,ANSUR (1988)
79.8,85.2,73.0,72.1,,80.6,97.5,Cis woman,ANSUR (1988)
95.1,102.4,86.3,86.4,,94.5,106.4,Cis woman,ANSUR (1988)
83.1,84.6,68.6,63.5,,71.3,88.8,Cis woman,ANSUR (1988)
89.1,91.9,77.5,69.7,,73.0,97.6,Cis woman,ANSUR (1988)
85.5,89.4,74.4,69.1,,73.1,93.3,Cis woman,ANSUR (1988)
92.3,100.5,86.4,81.1,,93.0,96.9,Cis woman,ANSUR (1988)
84.1,84.7,71.0,65.4,,76.5,92.8,Cis woman,ANSUR (1988)
86.2,88.9,77.1,72.3,,79.2,95.0,Cis woman,ANSUR (1988)
84.4,88.4,74.8,65.6,,74.5,91.9,Cis woman,ANSUR (1988)
95.3,101.5,81.3,77.9,,89.8,97.7,Cis woman,ANSUR (1988)
84.8,83.1,73.2,67.5,,70.2,93.8,Cis woman,ANSUR (1988)
81.6,81.8,72.0,62.1,,67.8,89.2,Cis woman,ANSUR (1988)
93.9,91.3,79.2,78.3,,93.1,103.7,Cis woman,ANSUR (1988)
89.9,91.4,77.3,71.4,,72.2,92.7,Cis woman,ANSUR (1988)
80.5,84.7,72.4,67.0,,71.3,92.9,Cis woman,ANSUR (1988)
82.8,83.0,74.1,71.0,,75.7,90.0,Cis woman,ANSUR (1988)
86.5,84.8,71.1,66.0,,65.9,88.2,Cis woman,ANSUR (1988)
87.6,84.1,73.2,70.6,,80.6,95.2,Cis woman,ANSUR (1988)
93.3,94.5,81.5,77.8,,82.9,97.0,Cis woman,ANSUR (1988)
84.2,82.0,69.9,64.9,,67.1,84.5,Cis woman,ANSUR (1988)
86.7,89.0,74.0,70.3,,80.8,96.0,Cis woman,ANSUR (1988)
92.9,97.9,85.8,83.1,,93.4,101.6,Cis woman,ANSUR (1988)
93.5,91.0,76.0,74.5,,79.2,98.1,Cis woman,ANSUR (1988)
81.9,81.8,71.0,62.7,,64.0,79.6,Cis woman,ANSUR (1988)
90.1,95.3,83.7,83.0,,92.1,96.8,Cis woman,ANSUR (1988)
86.0,85.6,70.5,67.3,,76.5,94.8,Cis woman,ANSUR (1988)
86.3,81.2,72.7,68.3,,71.1,90.2,Cis woman,ANSUR (1988)
84.3,83.2,68.8,62.4,,65.8,90.7,Cis woman,ANSUR (1988)
95.8,100.1,83.5,82.5,,89.3,98.5,Cis woman,ANSUR (1988)
102.3,105.0,89.5,85.0,,100.0,108.8,Cis woman,ANSUR (1988)
89.9,88.8,79.2,73.8,,76.6,93.9,Cis woman,ANSUR (1988)
91.3,92.8,78.4,75.2,,83.3,97.9,Cis woman,ANSUR (1988)
93.9,94.1,79.9,77.1,,91.0,105.2,Cis woman,ANSUR (1988)
89.5,92.6,78.7,72.0,,78.3,101.4,Cis woman,ANSUR (1988)
86.6,85.2,73.5,66.8,,73.7,91.1,Cis woman,ANSUR (1988)
90.4,92.7,78.4,79.9,,92.0,103.5,Cis woman,ANSUR (1988)
93.7,95.6,81.6,73.7,,83.4,100.5,Cis woman,ANSUR (1988)
91.4,91.6,79.0,76.5,,82.6,97.4,Cis woman,ANSUR (1988)
90.3,89.3,74.1,70.8,,77.0,94.7,Cis woman,ANSUR (1988)
90.5,93.3,77.6,77.9,,87.0,98.7,Cis woman,ANSUR (1988)
86.6,88.3,73.2,72.3,,74.8,98.8,Cis woman,ANSUR (1988)
89.9,91.6,74.7,74.5,,96.1,101.1,Cis woman,ANSUR (1988)
84.7,90.2,73.1,67.6,,73.6,89.8,Cis woman,ANSUR (1988)
96.8,102.3,83.9,77.7,,78.5,103.7,Cis woman,ANSUR (1988)
91.6,100.2,79.9,77.1,,92.0,105.7,Cis woman,ANSUR (1988)
81.0,81.2,71.9,62.1,,67.4,89.9,Cis woman,ANSUR (1988)
85.6,83.1,72.5,69.4,,74.0,101.7,Cis woman,ANSUR (1988)
94.6,98.1,80.0,75.1,,83.9,100.8,Cis woman,ANSUR (1988)
88.3,86.6,75.2,66.8,,70.0,95.0,Cis woman,ANSUR (1988)
85.4,83.9,74.6,67.1,,69.5,90.8,Cis woman,ANSUR (1988)
95.2,99.3,84.3,78.3,,88.7,106.8,Cis woman,ANSUR (1988)
88.0,86.9,76.7,70.7,,86.3,92.7,Cis woman,ANSUR (1988)
87.7,91.6,80.8,74.5,,78.8,100.0,Cis woman,ANSUR (1988)
86.7,89.9,77.3,75.0,,82.2,94.9,Cis woman,ANSUR (1988)
92.4,91.8,80.9,73.9,,83.9,93.6,Cis woman,ANSUR (1988)
92.8,95.0,78.1,80.2,,83.6,97.8,Cis woman,ANSUR (1988)
85.9,82.6,73.0,67.8,,72.4,97.2,Cis woman,ANSUR (1988)
84.7,85.0,69.7,64.2,,71.7,95.0,Cis woman,ANSUR (1988)
85.5,88.3,77.1,75.1,,81.1,94.2,Cis woman,ANSUR (1988)
96.2,105.5,85.0,89.1,,105.1,106.5,Cis woman,ANSUR (1988)
94.8,96.0,83.5,80.1,,85.2,104.0,Cis woman,ANSUR (1988)
83.6,85.9,72.5,68.2,,73.3,88.1,Cis woman,ANSUR (1988)
91.7,93.7,82.1,80.2,,86.3,112.6,Cis woman,ANSUR (1988)
87.7,89.8,75.7,72.5,,73.8,93.2,Cis woman,ANSUR (1988)
89.3,91.4,83.0,75.1,,84.0,99.8,Cis woman,ANSUR (1988)
85.7,91.1,74.8,75.5,,91.0,97.9,Cis woman,ANSUR (1988)
88.5,90.8,75.9,76.1,,83.8,97.6,Cis woman,ANSUR (1988)
82.4,84.5,70.9,65.0,,71.3,88.0,Cis woman,ANSUR (1988)
84.3,84.5,72.3,70.8,,79.3,92.6,Cis woman,ANSUR (1988)
86.5,88.7,72.9,67.8,,70.9,87.3,Cis woman,ANSUR (1988)
93.3,95.9,74.9,73.2,,77.4,96.0,Cis woman,ANSUR (1988)
88.7,89.9,78.0,72.8,,74.3,93.6,Cis woman,ANSUR (1988)
82.9,88.3,71.8,65.1,,71.7,100.1,Cis woman,ANSUR (1988)
96.7,100.9,88.1,83.0,,88.5,105.5,Cis woman,ANSUR (1988)
89.8,95.0,82.5,73.1,,81.9,105.9,Cis woman,ANSUR (1988)
92.2,93.3,81.3,75.0,,84.2,104.6,Cis woman,ANSUR (1988)
88.1,89.5,75.7,66.7,,81.9,99.8,Cis woman,ANSUR (1988)
89.9,94.0,82.6,75.3,,77.4,93.4,Cis woman,ANSUR (1988)
88.7,92.2,78.1,78.0,,85.5,105.8,Cis woman,ANSUR (1988)
82.3,87.2,65.5,64.2,,76.3,93.7,Cis woman,ANSUR (1988)
86.9,88.5,74.5,72.0,,76.0,97.0,Cis woman,ANSUR (1988)
89.3,92.0,75.0,71.1,,82.6,96.0,Cis woman,ANSUR (1988)
85.9,86.3,76.4,69.4,,75.7,97.9,Cis woman,ANSUR (1988)
93.5,96.0,78.8,77.5,,88.3,100.2,Cis woman,ANSUR (1988)
82.3,87.0,75.3,68.0,,71.0,88.8,Cis woman,ANSUR (1988)
88.4,88.2,78.9,68.8,,78.0,100.0,Cis woman,ANSUR (1988)
97.9,100.3,85.2,78.2,,85.0,89.6,Cis woman,ANSUR (1988)
91.8,91.2,74.2,71.9,,71.7,92.6,Cis woman,ANSUR (1988)
86.5,91.0,75.1,73.0,,81.1,98.1,Cis woman,ANSUR (1988)
87.3,87.7,73.9,68.2,,75.4,98.7,Cis woman,ANSUR (1988)
83.6,85.1,73.3,66.2,,72.2,93.2,Cis woman,ANSUR (1988)
86.6,88.5,77.8,72.3,,79.8,98.2,Cis woman,ANSUR (1988)
84.0,84.2,71.8,66.3,,73.5,88.2,Cis woman,ANSUR (1988)
93.6,95.6,81.2,70.3,,76.2,100.2,Cis woman,ANSUR (1988)
83.0,85.6,72.6,71.7,,80.1,95.0,Cis woman,ANSUR (1988)
93.0,95.1,81.7,75.4,,84.4,95.4,Cis woman,ANSUR (1988)
82.0,79.4,68.0,61.6,,67.1,93.2,Cis woman,ANSUR (1988)
86.4,88.9,73.5,71.8,,81.4,98.8,Cis woman,ANSUR (1988)
96.7,96.5,81.8,81.4,,93.5,106.7,Cis woman,ANSUR (1988)
89.8,90.9,76.0,67.9,,74.3,98.4,Cis woman,ANSUR (1988)
87.0,87.4,76.2,71.2,,75.5,91.3,Cis woman,ANSUR (1988)
85.2,83.8,72.3,67.7,,74.5,93.2,Cis woman,ANSUR (1988)
79.1,78.7,69.9,58.0,,61.0,83.3,Cis woman,ANSUR (1988)
87.4,88.8,77.1,73.6,,76.2,95.6,Cis woman,ANSUR (1988)
83.5,83.5,70.7,64.0,,69.4,92.4,Cis woman,ANSUR (1988)
99.7,101.9,86.0,84.5,,100.1,104.2,Cis woman,ANSUR (1988)
81.0,79.6,68.8,67.5,,76.8,87.2,Cis woman,ANSUR (1988)
90.1,91.0,78.8,76.6,,81.7,101.1,Cis woman,ANSUR (1988)
87.6,89.1,72.9,69.8,,80.3,92.6,Cis woman,ANSUR (1988)
88.5,94.0,77.5,73.9,,89.6,102.2,Cis woman,ANSUR (1988)
92.9,100.5,79.8,82.0,,90.4,106.3,Cis woman,ANSUR (1988)
86.5,85.2,71.3,66.8,,75.1,88.2,Cis woman,ANSUR (1988)
79.3,80.6,67.8,62.2,,69.1,91.3,Cis woman,ANSUR (1988)
83.9,82.2,69.8,67.3,,70.9,94.9,Cis woman,ANSUR (1988)
86.2,84.8,77.8,71.4,,75.4,95.4,Cis woman,ANSUR (1988)
88.5,87.3,76.1,71.8,,71.3,94.4,Cis woman,ANSUR (1988)
86.1,89.4,78.2,68.4,,70.3,92.9,Cis woman,ANSUR (1988)
90.9,93.0,81.4,80.8,,85.4,97.8,Cis woman,ANSUR (1988)
94.9,98.9,78.9,69.8,,72.1,95.7,Cis woman,ANSUR (1988)
94.7,96.0,81.9,78.9,,92.1,98.9,Cis woman,ANSUR (1988)
92.0,96.9,80.1,78.4,,93.1,98.4,Cis woman,ANSUR (1988)
87.8,88.3,78.0,70.9,,71.0,93.5,Cis woman,ANSUR (1988)
95.4,94.7,82.0,73.2,,80.5,100.0,Cis woman,ANSUR (1988)
84.9,85.7,73.7,66.9,,71.4,87.2,Cis woman,ANSUR (1988)
87.7,90.5,76.5,69.4,,78.8,92.2,Cis woman,ANSUR (1988)
95.1,94.3,83.3,75.9,,80.1,96.8,Cis woman,ANSUR (1988)
89.0,96.2,79.0,77.1,,88.6,104.4,Cis woman,ANSUR (1988)
99.3,102.6,85.8,87.1,,92.6,101.4,Cis woman,ANSUR (1988)
85.9,85.2,75.2,66.5,,71.4,93.1,Cis woman,ANSUR (1988)
93.3,96.2,80.9,75.7,,83.6,99.6,Cis woman,ANSUR (1988)
93.9,98.4,84.9,75.8,,75.9,97.1,Cis woman,ANSUR (1988)
96.1,103.3,83.8,82.3,,95.3,104.6,Cis woman,ANSUR (1988)
98.3,103.1,90.1,82.1,,90.8,108.3,Cis woman,ANSUR (1988)
99.3,101.4,87.5,85.2,,85.7,101.7,Cis woman,ANSUR (1988)
92.1,94.8,76.4,72.5,,83.2,99.1,Cis woman,ANSUR (1988)
88.8,90.5,79.3,71.0,,81.9,99.8,Cis woman,ANSUR (1988)
90.1,91.9,78.1,73.4,,81.0,101.7,Cis woman,ANSUR (1988)
85.2,88.2,75.3,70.4,,77.1,90.1,Cis woman,ANSUR (1988)
82.6,81.8,72.5,66.6,,72.0,90.4,Cis woman,ANSUR (1988)
87.5,87.5,75.8,72.5,,79.6,96.0,Cis woman,ANSUR (1988)
92.6,97.5,80.8,79.1,,92.4,102.5,Cis woman,ANSUR (1988)
82.2,81.8,68.5,62.9,,71.1,90.4,Cis woman,ANSUR (1988)
85.7,86.0,73.6,66.1,,72.9,92.0,Cis woman,ANSUR (1988)
94.3,94.9,80.8,75.8,,78.0,98.2,Cis woman,ANSUR (1988)
83.6,81.3,70.6,62.0,,63.2,84.4,Cis woman,ANSUR (1988)
91.6,96.0,80.4,77.6,,82.9,95.3,Cis woman,ANSUR (1988)
93.7,96.6,86.3,85.9,,90.2,100.7,Cis woman,ANSUR (1988)
84.5,84.2,76.1,66.5,,73.2,91.3,Cis woman,ANSUR (1988)
93.2,88.8,79.3,76.4,,86.5,108.2,Cis woman,ANSUR (1988)
94.8,94.8,81.3,77.0,,84.8,100.4,Cis woman,ANSUR (1988)
93.0,94.8,81.3,80.3,,94.7,108.2,Cis woman,ANSUR (1988)
95.1,96.0,89.1,80.6,,82.5,104.1,Cis woman,ANSUR (1988)
93.8,94.5,78.3,75.7,,85.7,98.2,Cis woman,ANSUR (1988)
80.3,77.9,70.4,59.8,,62.7,88.4,Cis woman,ANSUR (1988)
83.6,84.3,73.4,64.3,,73.7,89.7,Cis woman,ANSUR (1988)
89.6,92.4,79.8,73.0,,81.6,94.8,Cis woman,ANSUR (1988)
86.7,82.6,73.7,69.5,,80.1,93.2,Cis woman,ANSUR (1988)
83.2,86.9,77.9,74.4,,81.0,101.9,Cis woman,ANSUR (1988)
90.6,86.7,74.3,70.3,,77.5,100.5,Cis woman,ANSUR (1988)
84.5,84.6,75.7,71.2,,78.0,92.6,Cis woman,ANSUR (1988)
103.0,109.9,91.5,84.4,,92.5,105.7,Cis woman,ANSUR (1988)
80.9,81.4,70.3,67.8,,80.7,91.1,Cis woman,ANSUR (1988)
83.9,83.3,73.9,67.3,,70.9,91.2,Cis woman,ANSUR (1988)
93.5,93.8,79.5,77.0,,89.3,97.6,Cis woman,ANSUR (1988)
87.8,89.3,70.8,64.3,,71.2,93.8,Cis woman,ANSUR (1988)
82.8,85.8,73.0,66.8,,73.9,96.0,Cis woman,ANSUR (1988)
85.2,84.5,73.7,68.5,,88.1,92.3,Cis woman,ANSUR (1988)
85.3,90.4,72.5,69.9,,77.5,91.0,Cis woman,ANSUR (1988)
87.5,85.0,73.1,70.8,,77.4,102.8,Cis woman,ANSUR (1988)
85.6,88.9,75.2,66.5,,76.0,98.6,Cis woman,ANSUR (1988)
83.3,82.0,69.0,70.1,,79.0,92.6,Cis woman,ANSUR (1988)
99.3,99.5,85.5,81.9,,85.2,100.0,Cis woman,ANSUR (1988)
83.1,88.5,73.0,65.2,,70.8,93.5,Cis woman,ANSUR (1988)
85.9,83.5,75.4,69.7,,73.5,95.3,Cis woman,ANSUR (1988)
88.4,86.9,76.3,71.4,,77.9,100.9,Cis woman,ANSUR (1988)
89.8,91.8,74.4,70.7,,74.8,95.2,Cis woman,ANSUR (1988)
84.2,82.9,70.6,68.8,,80.4,92.7,Cis woman,ANSUR (1988)
88.1,87.6,72.7,69.1,,71.5,92.3,Cis woman,ANSUR (1988)
78.7,76.9,68.2,61.2,,67.9,91.2,Cis woman,ANSUR (1988)
88.8,84.2,75.4,71.1,,72.4,92.7,Cis woman,ANSUR (1988)
85.0,88.4,71.1,68.0,,73.1,95.9,Cis woman,ANSUR (1988)
84.4,87.0,73.7,70.4,,75.4,99.7,Cis woman,ANSUR (1988)
90.4,92.2,78.6,72.1,,79.1,95.2,Cis woman,ANSUR (1988)
95.8,102.2,79.3,77.3,,84.1,99.2,Cis woman,ANSUR (1988)
89.8,90.2,78.3,73.9,,77.3,103.1,Cis woman,ANSUR (1988)
88.4,87.9,74.0,64.3,,70.2,93.4,Cis woman,ANSUR (1988)
97.0,97.4,80.8,78.9,,86.2,101.9,Cis woman,ANSUR (1988)
89.1,98.5,83.5,82.3,,100.0,103.9,Cis woman,ANSUR (1988)
89.0,93.7,75.7,77.8,,81.4,98.7,Cis woman,ANSUR (1988)
84.8,88.8,74.6,70.5,,77.8,95.7,Cis woman,ANSUR (1988)
91.3,99.6,83.5,81.2,,92.3,102.2,Cis woman,ANSUR (1988)
91.4,92.3,76.5,72.9,,80.0,92.0,Cis woman,ANSUR (1988)
89.7,90.0,77.6,73.5,,82.0,99.5,Cis woman,ANSUR (1988)
86.5,87.9,74.4,74.2,,88.2,95.7,Cis woman,ANSUR (1988)
84.7,89.1,75.7,75.7,,85.7,94.9,Cis woman,ANSUR (1988)
82.2,81.6,68.3,62.2,,68.2,89.4,Cis woman,ANSUR (1988)
91.2,86.9,76.2,64.6,,65.3,97.4,Cis woman,ANSUR (1988)
87.4,89.1,77.5,71.9,,77.8,94.5,Cis woman,ANSUR (1988)
81.3,87.2,76.9,72.7,,72.7,89.8,Cis woman,ANSUR (1988)
88.5,88.0,77.5,71.4,,77.2,95.9,Cis woman,ANSUR (1988)
84.3,83.5,72.0,64.5,,74.4,95.3,Cis woman,ANSUR (1988)
89.1,89.1,77.5,70.3,,74.7,95.7,Cis woman,ANSUR (1988)
79.9,79.4,71.4,63.1,,64.0,87.5,Cis woman,ANSUR (1988)
96.2,106.9,92.8,89.8,,96.1,101.4,Cis woman,ANSUR (1988)
100.8,103.4,90.5,89.1,,97.4,107.6,Cis woman,ANSUR (1988)
93.5,95.5,81.3,74.7,,80.8,98.9,Cis woman,ANSUR (1988)
83.4,87.1,70.8,70.0,,83.5,100.3,Cis woman,ANSUR (1988)
84.4,90.2,79.1,72.2,,81.3,88.8,Cis woman,ANSUR (1988)
88.6,92.1,80.5,75.6,,83.2,101.8,Cis woman,ANSUR (1988)
96.8,97.7,80.3,73.4,,81.5,113.6,Cis woman,ANSUR (1988)
92.0,96.8,84.8,82.4,,85.6,96.0,Cis woman,ANSUR (1988)
92.7,91.3,80.3,71.0,,81.4,98.0,Cis woman,ANSUR (1988)
86.1,87.5,73.7,71.0,,73.3,95.3,Cis woman,ANSUR (1988)
88.3,88.7,73.4,64.7,,67.9,98.8,Cis woman,ANSUR (1988)
95.5,94.9,79.9,80.4,,88.0,102.8,Cis woman,ANSUR (1988)
88.0,87.3,77.6,71.8,,76.6,93.8,Cis woman,ANSUR (1988)
97.1,96.8,75.9,81.8,,86.0,101.1,Cis woman,ANSUR (1988)
87.6,87.5,77.0,74.8,,78.9,97.4,Cis woman,ANSUR (1988)
87.6,89.3,72.1,68.9,,72.8,94.0,Cis woman,ANSUR (1988)
88.6,89.8,79.8,71.7,,72.9,92.7,Cis woman,ANSUR (1988)
86.2,87.7,74.7,66.7,,71.2,102.4,Cis woman,ANSUR (1988)
84.6,86.3,75.0,67.1,,72.8,89.3,Cis woman,ANSUR (1988)
101.8,104.5,87.6,84.0,,96.5,109.1,Cis woman,ANSUR (1988)
89.1,90.4,75.9,70.2,,76.6,100.0,Cis woman,ANSUR (1988)
81.6,83.6,70.1,67.3,,71.6,88.4,Cis woman,ANSUR (1988)
89.8,93.9,84.3,77.5,,82.4,106.7,Cis woman,ANSUR (1988)
83.6,83.1,70.1,67.0,,68.2,90.3,Cis woman,ANSUR (1988)
94.8,93.1,81.7,78.1,,94.3,113.0,Cis woman,ANSUR (1988)
89.7,87.4,73.7,75.3,,82.5,101.8,Cis woman,ANSUR (1988)
105.2,109.4,93.9,94.2,,102.1,102.7,Cis woman,ANSUR (1988)
89.6,96.9,78.7,74.0,,84.0,100.5,Cis woman,ANSUR (1988)
88.1,92.6,79.8,80.0,,100.2,106.9,Cis woman,ANSUR (1988)
94.8,97.9,84.9,85.0,,93.9,103.8,Cis woman,ANSUR (1988)
81.2,83.0,74.0,66.2,,72.3,89.8,Cis woman,ANSUR (1988)
94.0,94.5,77.2,77.0,,92.1,94.5,Cis woman,ANSUR (1988)
84.5,88.3,75.6,74.1,,82.3,92.8,Cis woman,ANSUR (1988)
90.0,90.2,74.5,74.4,,92.6,104.1,Cis woman,ANSUR (1988)
89.5,92.1,80.3,79.5,,87.8,104.3,Cis woman,ANSUR (1988)
81.7,87.8,70.4,66.8,,73.2,85.0,Cis woman,ANSUR (1988)
85.2,88.3,74.9,64.4,,75.0,91.5,Cis woman,ANSUR (1988)
84.6,87.4,71.5,69.8,,71.8,94.7,Cis woman,ANSUR (1988)
89.2,89.5,76.4,72.6,,76.8,93.1,Cis woman,ANSUR (1988)
92.7,94.1,81.7,79.7,,89.5,103.0,Cis woman,ANSUR (1988)
86.5,89.3,73.3,70.1,,77.2,100.7,Cis woman,ANSUR (1988)
87.5,89.1,78.8,67.2,,75.4,97.8,Cis woman,ANSUR (1988)
83.6,89.1,72.7,68.8,,77.3,87.6,Cis woman,ANSUR (1988)
91.8,94.6,79.8,74.7,,81.7,105.1,Cis woman,ANSUR (1988)
90.2,88.3,76.0,67.3,,74.9,96.2,Cis woman,ANSUR (1988)
82.6,84.2,70.3,64.5,,67.0,95.6,Cis woman,ANSUR (1988)
98.4,103.0,92.0,91.8,,101.2,115.2,Cis woman,ANSUR (1988)
102.5,102.8,84.1,81.2,,94.8,103.4,Cis woman,ANSUR (1988)
83.2,84.9,68.4,62.0,,69.5,86.2,Cis woman,ANSUR (1988)
88.4,93.0,78.3,73.5,,83.3,102.8,Cis woman,ANSUR (1988)
85.0,89.1,73.5,68.4,,73.0,100.1,Cis woman,ANSUR (1988)
83.7,82.8,72.2,65.9,,73.4,90.0,Cis woman,ANSUR (1988)
95.1,99.9,77.7,78.1,,89.0,95.9,Cis woman,ANSUR (1988)
98.0,107.4,85.9,84.9,,102.0,107.7,Cis woman,ANSUR (1988)
85.9,85.4,72.5,72.4,,74.3,102.7,Cis woman,ANSUR (1988)
94.3,95.2,81.8,79.9,,85.0,105.2,Cis woman,ANSUR (1988)
95.2,100.3,83.6,77.3,,85.8,101.9,Cis woman,ANSUR (1988)
79.2,77.7,69.8,66.1,,72.6,87.7,Cis woman,ANSUR (1988)
87.5,90.8,73.5,71.3,,76.4,92.2,Cis woman,ANSUR (1988)
99.2,102.9,83.6,82.3,,91.3,107.1,Cis woman,ANSUR (1988)
88.3,91.0,77.8,70.9,,86.2,98.2,Cis woman,ANSUR (1988)
83.4,86.2,70.1,67.9,,79.2,93.0,Cis woman,ANSUR (1988)
87.9,87.8,74.8,70.4,,73.7,91.6,Cis woman,ANSUR (1988)
86.1,86.7,74.0,66.2,,72.1,89.4,Cis woman,ANSUR (1988)
91.7,89.9,79.8,80.6,,94.2,103.2,Cis woman,ANSUR (1988)
92.8,94.7,79.6,74.7,,87.6,96.6,Cis woman,ANSUR (1988)
88.4,90.1,76.0,72.4,,78.5,94.7,Cis woman,ANSUR (1988)
92.9,90.9,75.9,76.2,,81.8,106.6,Cis woman,ANSUR (1988)
78.0,78.6,69.4,63.6,,66.8,86.8,Cis woman,ANSUR (1988)
88.0,89.5,80.5,75.8,,83.8,102.5,Cis woman,ANSUR (1988)
86.8,89.4,75.5,70.6,,84.3,96.6,Cis woman,ANSUR (1988)
87.1,87.0,75.8,70.8,,80.0,96.3,Cis woman,ANSUR (1988)
87.8,97.1,83.3,75.8,,80.2,99.8,Cis woman,ANSUR (1988)
83.1,80.1,68.9,70.0,,70.6,96.0,Cis woman,ANSUR (1988)
87.6,96.8,74.2,69.8,,69.5,98.7,Cis woman,ANSUR (1988)
78.5,84.5,69.7,68.3,,72.6,96.4,Cis woman,ANSUR (1988)
94.3,96.2,81.3,76.3,,83.4,95.7,Cis woman,ANSUR (1988)
101.1,107.4,90.0,86.4,,98.0,110.0,Cis woman,ANSUR (1988)
97.1,97.8,85.6,82.9,,92.9,99.6,Cis woman,ANSUR (1988)
84.8,83.4,73.7,67.1,,76.5,90.2,Cis woman,ANSUR (1988)
98.6,102.8,84.7,84.2,,97.1,105.0,Cis woman,ANSUR (1988)
98.0,101.7,87.1,86.2,,94.7,99.8,Cis woman,ANSUR (1988)
93.8,95.5,80.0,74.4,,82.4,102.3,Cis woman,ANSUR (1988)
90.7,91.7,79.5,80.6,,81.7,95.5,Cis woman,ANSUR (1988)
97.1,99.1,79.4,76.5,,80.1,104.0,Cis woman,ANSUR (1988)
96.3,96.2,80.2,76.9,,93.3,105.4,Cis woman,ANSUR (1988)
89.1,90.1,77.2,67.8,,75.2,98.2,Cis woman,ANSUR (1988)
90.2,92.5,79.4,75.1,,80.1,96.7,Cis woman,ANSUR (1988)
86.1,84.1,73.7,66.3,,76.0,91.6,Cis woman,ANSUR (1988)
86.4,85.5,71.4,65.0,,67.5,92.7,Cis woman,ANSUR (1988)
97.9,99.9,82.7,79.7,,89.2,105.3,Cis woman,ANSUR (1988)
93.3,101.4,80.7,80.0,,87.8,97.3,Cis woman,ANSUR (1988)
85.3,81.6,70.6,69.0,,76.3,96.1,Cis woman,ANSUR (1988)
90.7,87.2,75.1,72.9,,77.9,99.3,Cis woman,ANSUR (1988)
91.3,91.7,79.4,75.0,,80.3,106.1,Cis woman,ANSUR (1988)
84.8,85.9,67.3,64.5,,69.3,93.5,Cis woman,ANSUR (1988)
84.9,87.8,72.0,67.1,,68.9,96.0,Cis woman,ANSUR (1988)
83.1,81.6,68.8,63.3,,70.8,90.3,Cis woman,ANSUR (1988)
88.1,89.3,73.8,71.5,,78.7,97.9,Cis woman,ANSUR (1988)
84.2,88.3,77.1,74.2,,77.8,96.6,Cis woman,ANSUR (1988)
91.8,90.0,79.2,72.7,,75.6,96.4,Cis woman,ANSUR (1988)
83.5,86.2,76.1,75.0,,76.8,94.8,Cis woman,ANSUR (1988)
90.4,91.5,77.8,76.2,,77.9,95.7,Cis woman,ANSUR (1988)
89.1,91.4,80.2,73.3,,81.6,101.1,Cis woman,ANSUR (1988)
86.0,90.0,74.8,78.6,,80.8,95.8,Cis woman,ANSUR (1988)
79.6,83.7,68.7,63.4,,69.9,89.0,Cis woman,ANSUR (1988)
88.1,92.1,73.7,70.9,,73.8,91.3,Cis woman,ANSUR (1988)
96.4,96.8,83.0,74.1,,78.7,103.1,Cis woman,ANSUR (1988)
93.1,91.3,81.6,73.1,,81.6,96.6,Cis woman,ANSUR (1988)
92.9,98.2,81.9,79.4,,90.0,98.3,Cis woman,ANSUR (1988)
92.4,92.0,79.9,70.2,,74.6,97.5,Cis woman,ANSUR (1988)
92.2,92.3,79.3,82.5,,91.9,102.1,Cis woman,ANSUR (1988)
93.6,94.8,77.8,73.5,,80.3,98.4,Cis woman,ANSUR (1988)
95.3,100.0,82.6,80.9,,87.5,98.5,Cis woman,ANSUR (1988)
81.0,83.6,69.8,68.7,,73.6,90.5,Cis woman,ANSUR (1988)
78.8,75.2,67.7,60.5,,67.0,89.0,Cis woman,ANSUR (1988)
90.7,94.7,81.3,78.8,,84.0,94.1,Cis woman,ANSUR (1988)
87.7,85.9,75.0,73.1,,81.9,97.8,Cis woman,ANSUR (1988)
87.5,86.8,73.8,68.0,,70.8,92.7,Cis woman,ANSUR (1988)
78.9,77.8,68.5,62.0,,66.3,85.7,Cis woman,ANSUR (1988)
82.5,83.8,71.1,65.6,,68.9,89.0,Cis woman,ANSUR (1988)
86.2,85.6,75.8,68.0,,76.6,91.6,Cis woman,ANSUR (1988)
82.4,81.5,71.5,68.5,,80.2,93.2,Cis woman,ANSUR (1988)
79.4,83.7,69.9,69.3,,81.5,90.4,Cis woman,ANSUR (1988)
89.2,93.2,83.6,72.8,,80.5,101.2,Cis woman,ANSUR (1988)
87.4,93.7,77.3,71.3,,79.8,96.0,Cis woman,ANSUR (1988)
85.8,86.5,72.0,64.8,,66.4,85.2,Cis woman,ANSUR (1988)
83.7,85.5,70.3,65.0,,73.1,90.9,Cis woman,ANSUR (1988)
94.0,97.8,82.6,77.1,,83.2,101.8,Cis woman,ANSUR (1988)
95.2,98.4,85.3,78.1,,86.2,103.7,Cis woman,ANSUR (1988)
90.0,91.8,81.2,73.8,,77.2,102.1,Cis woman,ANSUR (1988)
86.0,90.5,75.6,72.9,,87.3,97.2,Cis woman,ANSUR (1988)
91.3,93.5,76.7,73.1,,82.8,99.8,Cis woman,ANSUR (1988)
92.3,91.5,81.9,79.3,,93.1,96.3,Cis woman,ANSUR (1988)
82.3,84.7,72.7,71.0,,74.7,87.3,Cis woman,ANSUR (1988)
82.8,84.3,72.0,67.3,,75.1,88.4,Cis woman,ANSUR (1988)
100.6,102.3,91.8,87.7,,94.8,116.7,Cis woman,ANSUR (1988)
101.2,106.0,89.0,88.5,,103.1,108.2,Cis woman,ANSUR (1988)
87.2,88.4,75.0,69.5,,76.8,98.5,Cis woman,ANSUR (1988)
83.6,88.5,73.8,72.0,,75.8,95.6,Cis woman,ANSUR (1988)
92.0,96.7,82.7,81.1,,89.5,104.7,Cis woman,ANSUR (1988)
89.5,88.1,73.7,70.2,,73.0,107.0,Cis woman,ANSUR (1988)
88.9,87.1,75.2,73.7,,88.7,101.8,Cis woman,ANSUR (1988)
81.0,82.5,67.8,64.4,,73.8,92.0,Cis woman,ANSUR (1988)
77.2,74.5,66.3,60.8,,64.2,84.8,Cis woman,ANSUR (1988)
78.0,84.3,72.8,62.9,,66.4,90.5,Cis woman,ANSUR (1988)
95.2,98.9,85.6,74.6,,86.8,99.6,Cis woman,ANSUR (1988)
93.4,100.0,83.5,83.0,,91.4,97.6,Cis woman,ANSUR (1988)
90.3,90.2,78.4,73.3,,77.3,98.6,Cis woman,ANSUR (1988)
80.8,80.0,71.4,66.8,,67.5,89.3,Cis woman,ANSUR (1988)
89.5,92.0,77.6,73.8,,86.9,96.5,Cis woman,ANSUR (1988)
85.8,83.2,68.5,63.7,,65.8,86.9,Cis woman,ANSUR (1988)
86.2,86.7,74.6,72.7,,80.0,101.8,Cis woman,ANSUR (1988)
91.1,91.6,79.8,78.9,,81.1,103.2,Cis woman,ANSUR (1988)
83.9,83.3,71.1,66.0,,71.7,89.3,Cis woman,ANSUR (1988)
96.8,97.8,84.4,75.3,,83.1,98.8,Cis woman,ANSUR (1988)
88.5,86.2,73.8,72.3,,77.0,94.6,Cis woman,ANSUR (1988)
97.4,101.9,83.9,81.7,,93.6,108.0,Cis woman,ANSUR (1988)
89.8,92.0,73.2,71.9,,82.7,98.4,Cis woman,ANSUR (1988)
87.3,92.0,78.0,70.3,,76.1,90.9,Cis woman,ANSUR (1988)
82.5,84.9,71.2,69.4,,82.5,95.2,Cis woman,ANSUR (1988)
94.5,94.0,82.3,74.5,,81.5,104.3,Cis woman,ANSUR (1988)
88.2,91.9,78.4,73.6,,82.2,103.0,Cis woman,ANSUR (1988)
88.1,93.4,82.2,76.4,,80.7,97.2,Cis woman,ANSUR (1988)
87.1,91.8,72.0,69.1,,78.9,96.9,Cis woman,ANSUR (1988)
95.5,96.5,76.7,87.4,,97.5,115.1,Cis woman,ANSUR (1988)
83.6,83.0,69.6,67.9,,72.8,84.8,Cis woman,ANSUR (1988)
86.8,88.3,75.3,70.6,,82.1,96.8,Cis woman,ANSUR (1988)
91.2,94.3,76.2,72.2,,74.2,97.2,Cis woman,ANSUR (1988)
80.7,87.4,75.8,66.1,,72.2,95.0,Cis woman,ANSUR (1988)
82.4,83.1,70.0,66.7,,74.6,90.6,Cis woman,ANSUR (1988)
80.8,83.9,73.7,66.3,,69.8,89.5,Cis woman,ANSUR (1988)
88.1,91.8,77.4,69.5,,74.2,97.6,Cis woman,ANSUR (1988)
82.4,85.6,74.8,71.2,,77.0,95.4,Cis woman,ANSUR (1988)
88.2,87.9,76.5,72.4,,76.5,90.9,Cis woman,ANSUR (1988)
89.2,90.5,77.9,74.7,,79.6,106.1,Cis woman,ANSUR (1988)
92.3,91.7,73.6,71.9,,78.3,95.4,Cis woman,ANSUR (1988)
81.0,85.5,72.0,68.2,,73.0,96.0,Cis woman,ANSUR (1988)
83.4,86.7,74.9,68.8,,78.8,87.6,Cis woman,ANSUR (1988)
86.7,86.4,72.5,72.1,,79.6,102.7,Cis woman,ANSUR (1988)
87.4,92.6,76.5,73.0,,77.5,99.6,Cis woman,ANSUR (1988)
80.0,79.5,70.8,63.3,,69.3,91.5,Cis woman,ANSUR (1988)
88.6,90.4,74.7,72.5,,76.7,102.3,Cis woman,ANSUR (1988)
84.7,85.6,73.7,70.6,,73.8,87.4,Cis woman,ANSUR (1988)
85.7,89.1,75.6,71.3,,72.5,100.0,Cis woman,ANSUR (1988)
93.6,100.1,76.7,78.4,,79.8,95.0,Cis woman,ANSUR (1988)
86.4,84.5,75.0,69.3,,76.6,89.8,Cis woman,ANSUR (1988)
92.8,93.1,78.0,71.2,,78.2,104.3,Cis woman,ANSUR (1988)
88.0,89.2,75.4,71.4,,74.2,95.2,Cis woman,ANSUR (1988)
100.9,101.1,82.1,82.3,,92.7,103.6,Cis woman,ANSUR (1988)
86.9,87.1,72.2,68.2,,72.0,92.7,Cis woman,ANSUR (1988)
85.4,91.9,72.2,71.7,,72.5,94.2,Cis woman,ANSUR (1988)
93.4,98.7,82.6,84.9,,96.5,100.5,Cis woman,ANSUR (1988)
88.1,85.5,77.9,70.2,,75.1,90.2,Cis woman,ANSUR (1988)
100.5,104.4,85.4,85.3,,92.2,107.8,Cis woman,ANSUR (1988)
90.8,96.7,78.5,72.7,,81.6,98.4,Cis woman,ANSUR (1988)
81.6,83.1,70.7,65.3,,69.0,87.9,Cis woman,ANSUR (1988)
83.8,84.9,75.8,68.1,,72.4,93.2,Cis woman,ANSUR (1988)
86.0,87.4,77.9,68.5,,75.6,94.9,Cis woman,ANSUR (1988)
77.3,80.1,66.5,63.8,,64.6,84.4,Cis woman,ANSUR (1988)
88.4,89.5,77.7,71.0,,78.2,97.1,Cis woman,ANSUR (1988)
84.5,89.4,76.3,71.1,,75.0,103.5,Cis woman,ANSUR (1988)
95.6,96.5,84.2,76.3,,77.8,108.2,Cis woman,ANSUR (1988)
84.9,83.2,73.0,66.2,,69.7,85.0,Cis woman,ANSUR (1988)
87.8,87.6,73.6,70.4,,76.9,89.0,Cis woman,ANSUR (1988)
89.7,89.3,75.5,73.2,,85.1,99.2,Cis woman,ANSUR (1988)
87.8,95.1,76.9,74.7,,79.5,97.0,Cis woman,ANSUR (1988)
82.1,80.3,73.2,66.6,,78.2,90.8,Cis woman,ANSUR (1988)
86.4,85.3,69.6,72.3,,78.0,101.4,Cis woman,ANSUR (1988)
77.2,80.8,67.5,59.1,,69.4,81.2,Cis woman,ANSUR (1988)
93.1,92.8,78.6,76.9,,87.4,96.2,Cis woman,ANSUR (1988)
81.2,79.4,67.8,61.9,,66.8,92.5,Cis woman,ANSUR (1988)
99.7,106.1,84.8,90.8,,97.7,110.7,Cis woman,ANSUR (1988)
85.6,84.1,74.1,67.7,,74.6,90.8,Cis woman,ANSUR (1988)
93.0,96.5,77.9,78.3,,89.2,101.0,Cis woman,ANSUR (1988)
82.5,81.7,71.2,69.8,,71.6,94.2,Cis woman,ANSUR (1988)
80.1,86.4,69.7,66.7,,70.4,93.0,Cis woman,ANSUR (1988)
90.2,95.0,77.4,85.8,,96.3,102.9,Cis woman,ANSUR (1988)
83.2,85.7,74.7,67.5,,86.4,102.5,Cis woman,ANSUR (1988)
103.3,102.7,92.5,88.0,,97.9,111.3,Cis woman,ANSUR (1988)
80.6,81.3,71.2,68.0,,70.0,87.2,Cis woman,ANSUR (1988)
91.4,93.1,79.8,77.9,,82.0,97.4,Cis woman,ANSUR (1988)
89.7,91.3,73.8,70.8,,81.1,99.7,Cis woman,ANSUR (1988)
99.0,101.3,83.9,84.3,,97.0,106.6,Cis woman,ANSUR (1988)
93.5,96.6,78.3,77.6,,94.9,105.3,Cis woman,ANSUR (1988)
99.6,108.3,87.3,97.3,,102.7,113.6,Cis woman,ANSUR (1988)
83.0,82.8,72.4,66.8,,66.7,91.7,Cis woman,ANSUR (1988)
91.4,95.5,81.6,74.0,,79.1,98.6,Cis woman,ANSUR (1988)
88.7,93.1,77.0,73.9,,83.3,94.8,Cis woman,ANSUR (1988)
93.9,93.4,86.0,78.7,,85.0,100.4,Cis woman,ANSUR (1988)
79.7,85.5,71.6,69.3,,73.5,90.8,Cis woman,ANSUR (1988)
88.0,89.9,79.3,73.4,,80.4,97.0,Cis woman,ANSUR (1988)
87.2,90.5,76.2,71.6,,72.3,95.7,Cis woman,ANSUR (1988)
86.8,93.4,77.8,76.5,,78.3,95.1,Cis woman,ANSUR (1988)
98.7,99.9,82.0,87.2,,93.3,105.6,Cis woman,ANSUR (1988)
78.1,84.3,73.0,74.1,,80.7,86.4,Cis woman,ANSUR (1988)
94.3,96.2,85.1,77.1,,84.5,100.3,Cis woman,ANSUR (1988)
82.2,84.7,65.1,63.3,,70.4,89.4,Cis woman,ANSUR (1988)
87.4,88.7,73.7,73.0,,90.3,100.2,Cis woman,ANSUR (1988)
91.5,92.5,77.7,69.4,,87.1,99.2,Cis woman,ANSUR (1988)
90.8,97.5,83.5,85.2,,104.5,101.8,Cis woman,ANSUR (1988)
83.8,85.2,69.8,69.0,,80.6,92.3,Cis woman,ANSUR (1988)
83.5,87.5,74.4,68.2,,72.2,94.8,Cis woman,ANSUR (1988)
112.1,115.9,98.3,95.5,,100.2,107.3,Cis woman,ANSUR (1988)
85.7,91.1,74.2,71.9,,79.8,94.2,Cis woman,ANSUR (1988)
88.2,87.5,74.8,71.9,,79.7,91.4,Cis woman,ANSUR (1988)
84.4,88.0,74.7,64.9,,66.0,91.3,Cis woman,ANSUR (1988)
87.8,88.7,74.4,71.2,,77.3,102.0,Cis woman,ANSUR (1988)
96.4,95.2,85.4,81.4,,85.4,101.0,Cis woman,ANSUR (1988)
92.5,92.5,79.9,74.7,,82.0,96.2,Cis woman,ANSUR (1988)
83.5,87.0,76.9,69.2,,67.7,96.3,Cis woman,ANSUR (1988)
88.0,87.3,71.3,66.5,,69.5,91.3,Cis woman,ANSUR (1988)
101.3,106.0,88.7,80.9,,91.1,101.7,Cis woman,ANSUR (1988)
100.2,100.0,88.9,80.5,,84.9,94.3,Cis woman,ANSUR (1988)
85.8,89.0,75.3,67.5,,73.4,93.2,Cis woman,ANSUR (1988)
82.0,82.5,73.9,72.8,,73.1,90.6,Cis woman,ANSUR (1988)
85.0,86.1,75.1,67.3,,68.8,94.8,Cis woman,ANSUR (1988)
92.5,95.6,78.5,74.2,,79.6,100.4,Cis woman,ANSUR (1988)
86.9,91.1,78.8,71.8,,82.6,94.7,Cis woman,ANSUR (1988)
94.0,97.5,80.8,77.8,,85.5,104.5,Cis woman,ANSUR (1988)
85.0,84.9,74.4,66.6,,71.6,86.5,Cis woman,ANSUR (1988)
83.3,84.8,75.0,67.0,,74.3,93.8,Cis woman,ANSUR (1988)
86.1,88.4,74.8,72.3,,75.5,91.2,Cis woman,ANSUR (1988)
88.7,90.0,79.0,71.5,,74.6,95.3,Cis woman,ANSUR (1988)
86.9,92.3,76.0,75.8,,79.7,94.2,Cis woman,ANSUR (1988)
85.0,88.6,73.1,66.1,,68.0,97.2,Cis woman,ANSUR (1988)
80.0,83.6,67.6,60.6,,61.3,78.7,Cis woman,ANSUR (1988)
84.8,87.2,77.9,71.1,,81.6,98.7,Cis woman,ANSUR (1988)
91.6,100.5,83.4,81.3,,82.9,111.2,Cis woman,ANSUR (1988)
82.8,94.0,70.7,69.9,,76.7,96.8,Cis woman,ANSUR (1988)
82.2,82.8,73.0,66.8,,70.1,93.8,Cis woman,ANSUR (1988)
92.8,92.6,78.7,74.3,,76.8,100.9,Cis woman,ANSUR (1988)
89.1,88.6,73.1,68.0,,67.7,91.2,Cis woman,ANSUR (1988)
97.3,103.1,85.7,81.3,,90.9,101.9,Cis woman,ANSUR (1988)
83.3,85.3,76.2,70.1,,71.6,90.7,Cis woman,ANSUR (1988)
88.0,91.0,75.8,73.9,,77.6,96.6,Cis woman,ANSUR (1988)
89.8,92.5,76.3,76.1,,89.7,100.0,Cis woman,ANSUR (1988)
85.3,88.3,75.9,71.7,,77.2,90.1,Cis woman,ANSUR (1988)
97.6,96.0,81.5,74.4,,86.9,106.9,Cis woman,ANSUR (1988)
91.8,89.9,76.3,73.7,,77.9,98.0,Cis woman,ANSUR (1988)
93.6,95.5,73.0,70.4,,77.3,101.5,Cis woman,ANSUR (1988)
96.6,99.3,82.4,75.8,,81.3,105.9,Cis woman,ANSUR (1988)
86.9,86.2,76.1,71.8,,71.3,91.5,Cis woman,ANSUR (1988)
93.2,94.5,78.6,79.7,,82.7,91.1,Cis woman,ANSUR (1988)
92.4,94.5,80.8,78.1,,81.2,102.0,Cis woman,ANSUR (1988)
88.2,89.6,77.6,73.6,,73.4,92.6,Cis woman,ANSUR (1988)
87.6,94.3,79.0,75.6,,83.5,93.7,Cis woman,ANSUR (1988)
81.0,82.7,71.0,62.3,,66.3,86.7,Cis woman,ANSUR (1988)
87.9,93.7,80.3,79.7,,97.7,98.8,Cis woman,ANSUR (1988)
93.6,95.3,80.7,77.5,,87.5,97.4,Cis woman,ANSUR (1988)
91.0,89.4,82.0,79.0,,84.8,103.6,Cis woman,ANSUR (1988)
83.5,88.3,72.3,69.6,,76.4,92.8,Cis woman,ANSUR (1988)
90.3,90.7,77.3,75.1,,79.1,95.2,Cis woman,ANSUR (1988)
95.4,98.4,81.8,80.2,,91.8,106.9,Cis woman,ANSUR (1988)
84.7,84.8,72.8,69.5,,70.2,87.8,Cis woman,ANSUR (1988)
92.4,92.7,79.1,80.5,,86.0,104.6,Cis woman,ANSUR (1988)
81.0,84.0,73.2,71.8,,77.5,90.1,Cis woman,ANSUR (1988)
84.1,85.7,73.1,67.1,,70.5,90.8,Cis woman,ANSUR (1988)
83.6,86.2,73.9,71.1,,76.3,102.9,Cis woman,ANSUR (1988)
80.3,79.7,68.7,63.1,,65.3,86.7,Cis woman,ANSUR (1988)
86.3,85.0,74.0,73.1,,81.0,98.2,Cis woman,ANSUR (1988)
100.9,97.7,86.9,84.0,,91.1,107.0,Cis woman,ANSUR (1988)
102.1,105.9,87.0,89.9,,110.8,110.2,Cis woman,ANSUR (1988)
92.8,97.2,84.0,83.1,,93.7,110.1,Cis woman,ANSUR (1988)
84.9,82.5,73.1,67.2,,70.5,97.7,Cis woman,ANSUR (1988)
90.1,92.5,79.0,73.9,,84.3,99.6,Cis woman,ANSUR (1988)
85.8,84.0,74.4,68.3,,75.4,101.6,Cis woman,ANSUR (1988)
80.5,76.5,69.4,64.5,,64.8,82.8,Cis woman,ANSUR (1988)
83.5,88.1,75.8,70.8,,81.0,92.6,Cis woman,ANSUR (1988)
88.5,89.0,74.8,71.1,,77.8,97.3,Cis woman,ANSUR (1988)
86.1,91.8,71.0,69.4,,79.8,91.2,Cis woman,ANSUR (1988)
89.6,91.9,77.0,75.3,,81.7,103.9,Cis woman,ANSUR (1988)
90.9,94.5,79.2,75.9,,85.7,99.3,Cis woman,ANSUR (1988)
99.9,99.8,84.2,80.3,,87.3,105.0,Cis woman,ANSUR (1988)
86.1,87.4,70.3,67.0,,74.9,91.7,Cis woman,ANSUR (1988)
88.5,88.8,78.2,70.9,,73.3,94.5,Cis woman,ANSUR (1988)
88.1,89.8,79.4,72.5,,74.7,96.2,Cis woman,ANSUR (1988)
85.0,85.0,70.1,72.9,,80.5,89.6,Cis woman,ANSUR (1988)
94.8,98.4,82.2,74.1,,80.7,102.3,Cis woman,ANSUR (1988)
86.9,90.1,77.5,70.5,,74.7,102.3,Cis woman,ANSUR (1988)
87.1,89.5,77.5,71.6,,75.3,88.3,Cis woman,ANSUR (1988)
84.7,85.8,73.2,70.8,,76.5,94.5,Cis woman,ANSUR (1988)
78.4,79.3,67.7,59.4,,62.1,87.8,Cis woman,ANSUR (1988)
95.4,99.8,85.8,82.1,,90.8,103.9,Cis woman,ANSUR (1988)
87.9,87.3,75.8,72.0,,77.5,90.4,Cis woman,ANSUR (1988)
83.0,81.1,73.0,65.3,,67.4,89.8,Cis woman,ANSUR (1988)
77.6,80.0,69.1,62.8,,66.5,89.9,Cis woman,ANSUR (1988)
89.5,91.5,77.6,73.1,,84.1,94.5,Cis woman,ANSUR (1988)
91.0,94.0,76.4,75.0,,76.5,99.0,Cis woman,ANSUR (1988)
97.5,98.3,85.2,80.8,,91.5,102.4,Cis woman,ANSUR (1988)
86.8,84.4,72.1,67.3,,69.3,95.4,Cis woman,ANSUR (1988)
89.5,88.8,75.3,73.5,,82.5,96.8,Cis woman,ANSUR (1988)
89.5,92.6,75.5,73.8,,85.7,102.3,Cis woman,ANSUR (1988)
88.7,88.1,74.0,70.1,,69.4,97.5,Cis woman,ANSUR (1988)
101.8,107.5,92.0,89.5,,96.3,115.4,Cis woman,ANSUR (1988)
87.4,87.4,72.8,69.5,,81.0,98.5,Cis woman,ANSUR (1988)
90.0,96.8,78.3,79.8,,85.7,103.1,Cis woman,ANSUR (1988)
88.6,91.4,77.0,71.7,,78.4,93.7,Cis woman,ANSUR (1988)
90.2,93.4,80.4,78.3,,93.1,100.5,Cis woman,ANSUR (1988)
79.7,81.0,71.8,64.1,,67.6,96.1,Cis woman,ANSUR (1988)
83.8,86.3,73.8,70.3,,70.1,93.8,Cis woman,ANSUR (1988)
81.7,87.9,76.6,74.3,,81.0,100.0,Cis woman,ANSUR (1988)
87.7,89.8,76.5,67.1,,72.4,92.3,Cis woman,ANSUR (1988)
90.7,96.5,81.6,76.5,,80.0,99.8,Cis woman,ANSUR (1988)
91.8,90.6,80.5,78.1,,95.4,103.2,Cis woman,ANSUR (1988)
87.8,86.8,78.7,66.1,,70.3,98.2,Cis woman,ANSUR (1988)
89.3,91.5,74.7,71.0,,82.8,98.3,Cis woman,ANSUR (1988)
80.1,79.7,68.1,62.9,,69.1,84.2,Cis woman,ANSUR (1988)
87.9,96.2,81.5,77.8,,83.7,102.9,Cis woman,ANSUR (1988)
82.7,90.2,72.0,67.0,,64.8,87.3,Cis woman,ANSUR (1988)
85.9,88.4,74.5,68.0,,70.1,91.9,Cis woman,ANSUR (1988)
103.4,108.3,89.3,81.7,,84.1,97.4,Cis woman,ANSUR (1988)
87.4,88.1,76.5,68.2,,72.3,94.4,Cis woman,ANSUR (1988)
87.9,88.3,74.7,69.3,,75.3,96.5,Cis woman,ANSUR (1988)
93.1,96.7,87.9,81.1,,86.1,100.8,Cis woman,ANSUR (1988)
90.4,89.4,75.3,69.2,,78.5,95.1,Cis woman,ANSUR (1988)
98.3,107.8,92.0,89.4,,92.9,102.3,Cis woman,ANSUR (1988)
75.3,75.7,66.8,63.1,,71.5,82.2,Cis woman,ANSUR (1988)
96.8,103.7,88.1,90.3,,92.4,101.7,Cis woman,ANSUR (1988)
93.0,94.7,82.3,73.0,,77.8,95.3,Cis woman,ANSUR (1988)
87.5,90.7,77.0,74.6,,78.2,95.0,Cis woman,ANSUR (1988)
77.7,80.9,69.1,63.1,,68.0,81.5,Cis woman,ANSUR (1988)
81.1,80.9,68.4,63.4,,65.9,84.8,Cis woman,ANSUR (1988)
86.8,89.0,76.3,68.5,,72.1,103.8,Cis woman,ANSUR (1988)
87.3,85.9,74.7,69.7,,75.7,92.7,Cis woman,ANSUR (1988)
85.8,90.1,73.3,69.9,,77.0,90.6,Cis woman,ANSUR (1988)
85.1,85.1,71.0,64.7,,68.9,88.6,Cis woman,ANSUR (1988)
91.6,94.7,82.4,80.9,,84.2,98.1,Cis woman,ANSUR (1988)
84.5,81.2,69.2,63.4,,65.3,90.2,Cis woman,ANSUR (1988)
84.9,86.5,76.5,69.0,,68.8,93.9,Cis woman,ANSUR (1988)
89.6,91.8,77.2,70.2,,79.2,94.5,Cis woman,ANSUR (1988)
88.9,89.7,76.6,68.8,,73.8,92.9,Cis woman,ANSUR (1988)
84.5,85.3,71.8,69.2,,72.5,86.8,Cis woman,ANSUR (1988)
85.1,89.2,75.1,68.9,,77.0,92.0,Cis woman,ANSUR (1988)
82.8,83.9,71.9,64.5,,71.2,87.8,Cis woman,ANSUR (1988)
87.2,86.2,73.4,67.6,,73.8,96.3,Cis woman,ANSUR (1988)
77.0,84.1,72.1,68.1,,71.2,87.9,Cis woman,ANSUR (1988)
84.0,85.0,76.9,70.3,,73.1,89.1,Cis woman,ANSUR (1988)
89.3,98.9,82.8,80.3,,87.5,99.8,Cis woman,ANSUR (1988)
83.5,87.1,75.9,72.4,,72.2,92.4,Cis woman,ANSUR (1988)
89.4,92.9,79.9,72.7,,83.2,97.9,Cis woman,ANSUR (1988)
82.1,84.7,71.3,64.8,,66.3,87.4,Cis woman,ANSUR (1988)
95.2,95.4,84.1,83.0,,93.1,101.2,Cis woman,ANSUR (1988)
77.1,79.6,69.6,68.7,,72.9,84.4,Cis woman,ANSUR (1988)
80.0,84.5,71.2,68.1,,70.5,87.0,Cis woman,ANSUR (1988)
85.1,83.0,71.5,62.6,,69.0,93.7,Cis woman,ANSUR (1988)
86.4,88.3,74.0,68.3,,74.1,98.8,Cis woman,ANSUR (1988)
84.1,86.8,76.2,71.7,,86.4,100.2,Cis woman,ANSUR (1988)
89.1,87.0,75.4,77.3,,80.9,97.8,Cis woman,ANSUR (1988)
97.8,98.5,80.2,78.6,,88.3,102.4,Cis woman,ANSUR (1988)
81.8,80.2,70.5,67.5,,73.4,95.1,Cis woman,ANSUR (1988)
87.1,93.3,74.8,68.1,,72.7,93.2,Cis woman,ANSUR (1988)
84.8,85.4,74.4,71.3,,73.4,83.5,Cis woman,ANSUR (1988)
86.4,88.3,72.0,66.6,,69.4,94.7,Cis woman,ANSUR (1988)
94.3,96.2,83.3,76.2,,81.1,94.8,Cis woman,ANSUR (1988)
80.7,84.5,73.9,71.7,,75.5,88.6,Cis woman,ANSUR (1988)
89.1,90.0,79.1,71.8,,84.0,104.4,Cis woman,ANSUR (1988)
77.4,82.7,66.8,64.7,,71.8,91.8,Cis woman,ANSUR (1988)
86.9,87.4,73.4,68.5,,77.9,99.7,Cis woman,ANSUR (1988)
92.1,91.8,78.8,71.5,,81.6,93.8,Cis woman,ANSUR (1988)
84.0,89.9,73.1,68.2,,71.7,91.2,Cis woman,ANSUR (1988)
93.1,94.3,79.6,77.4,,89.6,102.2,Cis woman,ANSUR (1988)
89.8,90.9,81.1,74.3,,81.9,103.8,Cis woman,ANSUR (1988)
87.6,86.1,77.0,67.8,,73.5,91.8,Cis woman,ANSUR (1988)
87.5,88.8,77.8,71.5,,74.1,100.7,Cis woman,ANSUR (1988)
78.2,79.2,69.8,64.9,,75.9,90.8,Cis woman,ANSUR (1988)
94.1,97.3,81.0,78.5,,81.3,103.4,Cis woman,ANSUR (1988)
83.5,82.8,70.3,69.3,,77.8,92.8,Cis woman,ANSUR (1988)
86.5,85.1,74.6,71.3,,73.0,90.3,Cis woman,ANSUR (1988)
88.4,88.9,76.7,77.4,,85.6,103.6,Cis woman,ANSUR (1988)
87.9,90.8,76.6,70.8,,76.3,94.8,Cis woman,ANSUR (1988)
77.9,80.3,70.5,63.4,,65.7,85.0,Cis woman,ANSUR (1988)
83.1,83.8,71.2,65.2,,67.5,88.4,Cis woman,ANSUR (1988)
90.0,90.2,76.8,67.5,,73.5,95.3,Cis woman,ANSUR (1988)
87.3,85.7,76.7,69.1,,70.1,90.6,Cis woman,ANSUR (1988)
84.4,85.8,71.8,69.4,,75.0,89.8,Cis woman,ANSUR (1988)
92.1,95.9,80.3,74.6,,87.2,100.5,Cis woman,ANSUR (1988)
84.7,86.3,73.6,65.1,,67.1,91.1,Cis woman,ANSUR (1988)
87.2,91.8,72.4,72.5,,82.4,93.6,Cis woman,ANSUR (1988)
88.7,92.2,80.5,73.5,,80.2,102.0,Cis woman,ANSUR (1988)
88.3,87.1,75.6,71.4,,73.3,92.8,Cis woman,ANSUR (1988)
93.1,99.5,87.3,84.7,,86.0,106.6,Cis woman,ANSUR (1988)
91.5,94.0,78.2,68.2,,73.4,99.3,Cis woman,ANSUR (1988)
79.0,81.0,70.3,62.3,,68.0,86.1,Cis woman,ANSUR (1988)
82.0,87.8,73.4,67.7,,74.4,93.3,Cis woman,ANSUR (1988)
84.3,86.8,74.1,71.7,,84.4,94.2,Cis woman,ANSUR (1988)
83.8,89.8,72.0,66.2,,74.7,91.8,Cis woman,ANSUR (1988)
80.5,85.7,74.8,70.3,,77.5,90.3,Cis woman,ANSUR (1988)
86.9,87.0,75.3,68.1,,69.5,89.9,Cis woman,ANSUR (1988)
84.3,85.3,75.2,67.0,,73.4,93.0,Cis woman,ANSUR (1988)
92.1,91.3,77.7,74.1,,81.5,105.8,Cis woman,ANSUR (1988)
81.8,82.4,68.8,65.4,,73.3,90.1,Cis woman,ANSUR (1988)
88.5,96.6,82.6,76.7,,80.6,96.9,Cis woman,ANSUR (1988)
83.0,84.8,74.5,69.5,,78.8,101.7,Cis woman,ANSUR (1988)
87.2,89.3,77.8,70.6,,73.1,97.0,Cis woman,ANSUR (1988)
91.0,93.6,79.6,75.3,,77.5,92.9,Cis woman,ANSUR (1988)
90.8,90.8,75.3,70.6,,76.5,95.3,Cis woman,ANSUR (1988)
91.4,89.5,80.4,81.4,,91.8,99.8,Cis woman,ANSUR (1988)
87.3,91.1,79.2,76.7,,79.4,94.9,Cis woman,ANSUR (1988)
90.0,90.3,80.1,71.0,,77.5,98.4,Cis woman,ANSUR (1988)
88.3,87.7,75.8,73.0,,72.4,96.0,Cis woman,ANSUR (1988)
84.4,86.6,71.3,68.8,,69.1,92.4,Cis woman,ANSUR (1988)
84.4,84.6,73.2,69.6,,71.8,89.4,Cis woman,ANSUR (1988)
83.1,83.4,72.6,69.5,,76.5,94.3,Cis woman,ANSUR (1988)
87.5,88.0,77.6,72.3,,81.5,96.5,Cis woman,ANSUR (1988)
83.2,83.1,71.7,69.0,,67.4,87.4,Cis woman,ANSUR (1988)
80.7,83.8,68.0,62.1,,67.9,90.7,Cis woman,ANSUR (1988)
83.7,87.1,71.2,68.2,,72.6,92.9,Cis woman,ANSUR (1988)
86.9,86.4,76.7,69.1,,71.0,93.1,Cis woman,ANSUR (1988)
96.1,95.3,79.2,75.7,,86.0,105.0,Cis woman,ANSUR (1988)
89.2,91.1,75.0,70.4,,73.4,96.2,Cis woman,ANSUR (1988)
86.5,85.1,75.3,70.7,,73.1,94.3,Cis woman,ANSUR (1988)
93.3,92.4,82.4,71.8,,82.0,96.4,Cis woman,ANSUR (1988)
85.7,89.7,77.2,75.5,,80.4,95.2,Cis woman,ANSUR (1988)
96.3,95.5,82.1,76.6,,82.8,100.4,Cis woman,ANSUR (1988)
94.4,97.8,82.1,77.7,,83.7,96.2,Cis woman,ANSUR (1988)
85.0,89.5,72.6,69.8,,78.9,92.3,Cis woman,ANSUR (1988)
89.3,89.9,77.0,70.9,,75.4,91.2,Cis woman,ANSUR (1988)
91.1,93.9,82.6,74.1,,74.2,100.5,Cis woman,ANSUR (1988)
88.9,91.2,74.5,71.9,,79.1,102.6,Cis woman,ANSUR (1988)
79.0,84.6,67.5,65.5,,67.9,88.4,Cis woman,ANSUR (1988)
91.5,96.6,78.5,76.3,,84.1,104.8,Cis woman,ANSUR (1988)
87.0,91.5,78.9,76.0,,83.6,102.8,Cis woman,ANSUR (1988)
93.3,100.4,81.3,78.8,,85.3,103.9,Cis woman,ANSUR (1988)
86.3,91.0,76.4,68.9,,77.1,95.3,Cis woman,ANSUR (1988)
88.7,89.7,74.2,73.7,,86.5,96.7,Cis woman,ANSUR (1988)
85.1,88.4,72.9,71.4,,79.0,94.9,Cis woman,ANSUR (1988)
89.1,91.5,75.0,71.8,,77.6,99.7,Cis woman,ANSUR (1988)
89.0,84.0,75.2,69.1,,70.9,92.0,Cis woman,ANSUR (1988)
90.0,92.9,80.5,70.9,,79.2,100.9,Cis woman,ANSUR (1988)
110.8,114.2,97.7,95.1,,109.9,110.4,Cis woman,ANSUR (1988)
86.3,87.5,76.2,71.1,,76.3,94.2,Cis woman,ANSUR (1988)
85.5,85.5,73.1,66.4,,72.3,89.3,Cis woman,ANSUR (1988)
85.1,86.0,75.0,67.3,,81.9,95.0,Cis woman,ANSUR (1988)
87.4,90.5,77.3,71.4,,78.8,94.4,Cis woman,ANSUR (1988)
85.7,87.5,74.0,66.0,,68.2,91.4,Cis woman,ANSUR (1988)
76.1,82.7,67.9,61.0,,67.5,81.5,Cis woman,ANSUR (1988)
92.4,93.6,78.7,74.3,,84.0,97.7,Cis woman,ANSUR (1988)
86.4,89.0,70.4,73.6,,82.3,99.0,Cis woman,ANSUR (1988)
80.3,83.0,69.4,65.0,,75.5,87.2,Cis woman,ANSUR (1988)
81.8,86.1,72.9,68.9,,76.1,90.0,Cis woman,ANSUR (1988)
84.9,88.0,75.7,68.1,,75.3,92.8,Cis woman,ANSUR (1988)
77.4,86.0,69.7,61.2,,63.6,89.1,Cis woman,ANSUR (1988)
84.2,85.2,76.3,68.4,,72.1,96.7,Cis woman,ANSUR (1988)
90.6,92.4,78.1,71.3,,77.4,103.9,Cis woman,ANSUR (1988)
82.5,82.8,74.0,64.4,,66.8,86.7,Cis woman,ANSUR (1988)
86.1,81.4,73.2,67.6,,69.7,93.0,Cis woman,ANSUR (1988)
87.4,87.9,78.2,72.6,,78.5,95.5,Cis woman,ANSUR (1988)
84.6,85.2,72.0,67.6,,71.1,96.5,Cis woman,ANSUR (1988)
90.2,89.4,73.4,71.8,,75.3,93.5,Cis woman,ANSUR (1988)
85.1,88.2,76.7,72.1,,69.8,90.8,Cis woman,ANSUR (1988)
85.5,88.3,74.2,66.8,,74.1,97.6,Cis woman,ANSUR (1988)
93.8,95.7,79.4,74.1,,76.1,98.2,Cis woman,ANSUR (1988)
90.3,91.2,75.7,72.8,,82.0,95.4,Cis woman,ANSUR (1988)
91.1,91.3,79.3,75.1,,71.8,93.8,Cis woman,ANSUR (1988)
81.9,81.2,69.2,65.0,,70.3,92.1,Cis woman,ANSUR (1988)
85.3,84.8,74.3,71.8,,77.0,95.2,Cis woman,ANSUR (1988)
92.2,92.3,80.8,74.0,,76.5,101.0,Cis woman,ANSUR (1988)
82.9,81.1,71.2,62.6,,66.2,89.6,Cis woman,ANSUR (1988)
80.8,81.5,70.5,63.3,,69.9,86.5,Cis woman,ANSUR (1988)
82.1,86.1,74.2,68.7,,71.0,93.4,Cis woman,ANSUR (1988)
86.3,87.5,71.5,64.9,,74.4,97.6,Cis woman,ANSUR (1988)
99.2,99.2,82.3,85.5,,96.1,108.3,Cis woman,ANSUR (1988)
91.9,98.7,72.1,70.4,,79.6,104.3,Cis woman,ANSUR (1988)
100.3,106.0,90.7,91.8,,105.1,107.0,Cis woman,ANSUR (1988)
88.8,92.0,81.5,79.1,,93.4,102.1,Cis woman,ANSUR (1988)
83.4,84.3,75.4,70.0,,84.2,98.7,Cis woman,ANSUR (1988)
94.7,99.8,83.8,77.0,,89.7,102.0,Cis woman,ANSUR (1988)
82.5,81.6,72.4,65.9,,67.1,93.9,Cis woman,ANSUR (1988)
86.0,87.4,72.5,70.4,,80.9,92.1,Cis woman,ANSUR (1988)
89.8,98.4,78.2,77.9,,94.0,100.8,Cis woman,ANSUR (1988)
84.4,85.8,73.8,70.5,,85.4,91.9,Cis woman,ANSUR (1988)
85.5,86.5,71.3,67.1,,68.5,89.9,Cis woman,ANSUR (1988)
86.6,90.0,78.0,72.5,,76.4,99.1,Cis woman,ANSUR (1988)
97.5,99.7,82.8,80.8,,93.2,107.0,Cis woman,ANSUR (1988)
85.0,86.3,75.1,65.5,,71.0,96.1,Cis woman,ANSUR (1988)
88.9,89.8,76.8,66.8,,75.1,90.8,Cis woman,ANSUR (1988)
82.1,86.5,72.1,70.0,,78.4,100.8,Cis woman,ANSUR (1988)
86.4,88.5,74.6,69.6,,72.5,92.1,Cis woman,ANSUR (1988)
88.4,88.6,76.5,72.3,,82.0,101.5,Cis woman,ANSUR (1988)
79.0,80.8,71.4,61.7,,65.2,89.6,Cis woman,ANSUR (1988)
85.1,82.4,71.8,68.0,,71.8,93.4,Cis woman,ANSUR (1988)
94.3,96.9,79.7,76.0,,81.3,104.1,Cis woman,ANSUR (1988)
89.7,93.6,80.5,76.2,,87.2,101.9,Cis woman,ANSUR (1988)
89.9,95.6,80.8,77.4,,83.4,104.8,Cis woman,ANSUR (1988)
85.8,86.8,77.7,68.2,,74.6,92.8,Cis woman,ANSUR (1988)
85.6,84.5,71.6,67.2,,71.0,88.4,Cis woman,ANSUR (1988)
87.2,87.6,76.2,66.7,,72.0,88.8,Cis woman,ANSUR (1988)
83.1,80.4,70.6,64.7,,70.0,88.8,Cis woman,ANSUR (1988)
78.5,80.6,71.6,71.4,,71.8,96.0,Cis woman,ANSUR (1988)
94.5,95.9,78.2,75.9,,76.5,105.4,Cis woman,ANSUR (1988)
96.2,98.1,81.5,75.3,,78.5,102.2,Cis woman,ANSUR (1988)
101.3,105.0,90.8,84.9,,91.3,100.5,Cis woman,ANSUR (1988)
93.8,95.3,83.1,71.1,,70.2,97.8,Cis woman,ANSUR (1988)
90.3,96.2,76.3,72.2,,87.8,95.2,Cis woman,ANSUR (1988)
96.6,96.4,82.8,75.9,,83.7,102.2,Cis woman,ANSUR (1988)
81.4,83.3,73.4,70.2,,76.7,99.5,Cis woman,ANSUR (1988)
89.1,90.1,77.8,72.4,,77.8,94.8,Cis woman,ANSUR (1988)
83.4,84.6,73.6,71.7,,72.5,94.5,Cis woman,ANSUR (1988)
103.6,107.8,88.6,87.1,,93.0,106.3,Cis woman,ANSUR (1988)
86.3,84.4,71.3,65.2,,76.7,99.8,Cis woman,ANSUR (1988)
85.6,87.4,75.5,69.3,,69.0,91.5,Cis woman,ANSUR (1988)
94.0,94.4,79.2,77.5,,77.8,101.7,Cis woman,ANSUR (1988)
80.4,79.4,74.5,67.8,,73.2,95.2,Cis woman,ANSUR (1988)
82.1,85.5,71.5,69.8,,74.1,89.7,Cis woman,ANSUR (1988)
83.4,90.7,75.1,71.8,,74.5,91.0,Cis woman,ANSUR (1988)
87.2,91.6,76.2,68.3,,73.9,100.6,Cis woman,ANSUR (1988)
82.7,87.8,73.9,67.8,,69.6,89.5,Cis woman,ANSUR (1988)
84.7,85.5,77.1,68.7,,70.1,93.2,Cis woman,ANSUR (1988)
95.1,99.5,84.3,81.7,,89.7,103.8,Cis woman,ANSUR (1988)
85.9,92.3,81.2,71.6,,74.5,92.8,Cis woman,ANSUR (1988)
81.8,78.6,72.3,64.7,,65.0,84.9,Cis woman,ANSUR (1988)
90.9,97.8,81.3,80.2,,98.9,104.1,Cis woman,ANSUR (1988)
92.1,94.7,79.2,74.6,,83.7,91.5,Cis woman,ANSUR (1988)
84.3,85.1,73.8,69.8,,69.3,94.8,Cis woman,ANSUR (1988)
88.7,88.0,74.9,69.5,,78.0,99.2,Cis woman,ANSUR (1988)
81.2,83.8,73.0,68.3,,77.3,92.3,Cis woman,ANSUR (1988)
83.2,85.5,73.3,67.2,,70.2,92.6,Cis woman,ANSUR (1988)
93.7,99.4,82.5,78.8,,86.8,100.1,Cis woman,ANSUR (1988)
94.2,94.1,78.7,77.1,,86.9,100.8,Cis woman,ANSUR (1988)
88.6,92.7,78.8,77.2,,86.9,106.2,Cis woman,ANSUR (1988)
88.2,89.3,77.3,83.5,,95.4,105.5,Cis woman,ANSUR (1988)
93.9,96.9,80.8,77.8,,85.8,96.7,Cis woman,ANSUR (1988)
89.5,91.9,76.8,72.0,,77.8,95.4,Cis woman,ANSUR (1988)
80.7,83.7,73.4,67.1,,66.5,93.0,Cis woman,ANSUR (1988)
78.8,83.7,72.7,69.1,,75.5,89.3,Cis woman,ANSUR (1988)
90.1,96.4,83.1,78.6,,87.1,97.0,Cis woman,ANSUR (1988)
90.8,91.6,75.3,71.4,,75.5,97.7,Cis woman,ANSUR (1988)
89.9,90.3,82.0,74.6,,84.0,95.8,Cis woman,ANSUR (1988)
81.9,85.9,72.6,65.8,,69.9,83.5,Cis woman,ANSUR (1988)
97.1,100.7,86.0,80.5,,91.9,113.9,Cis woman,ANSUR (1988)
83.4,89.3,73.3,64.6,,68.3,92.0,Cis woman,ANSUR (1988)
86.6,85.2,74.0,65.3,,69.3,88.2,Cis woman,ANSUR (1988)
93.6,95.7,80.9,78.4,,89.2,100.0,Cis woman,ANSUR (1988)
89.8,93.4,78.8,73.5,,85.3,99.3,Cis woman,ANSUR (1988)
96.3,102.5,86.2,80.7,,93.5,101.3,Cis woman,ANSUR (1988)
88.3,85.9,74.7,69.6,,75.8,88.3,Cis woman,ANSUR (1988)
84.2,84.8,72.3,65.3,,75.4,91.1,Cis woman,ANSUR (1988)
93.1,102.7,82.8,81.3,,86.3,98.0,Cis woman,ANSUR (1988)
90.2,96.3,79.7,71.9,,78.6,100.5,Cis woman,ANSUR (1988)
86.2,87.5,73.8,67.4,,72.0,86.6,Cis woman,ANSUR (1988)
90.5,89.1,75.0,68.7,,78.6,97.3,Cis woman,ANSUR (1988)
85.7,82.5,75.8,66.5,,71.0,91.2,Cis woman,ANSUR (1988)
87.7,84.3,75.1,67.9,,72.0,90.7,Cis woman,ANSUR (1988)
93.2,95.0,76.3,70.6,,76.3,100.7,Cis woman,ANSUR (1988)
87.7,84.9,74.5,73.3,,82.6,99.3,Cis woman,ANSUR (1988)
88.2,88.2,75.4,62.8,,63.6,87.1,Cis woman,ANSUR (1988)
84.0,85.3,71.8,64.3,,69.1,92.7,Cis woman,ANSUR (1988)
86.6,86.5,74.4,65.0,,73.3,98.8,Cis woman,ANSUR (1988)
91.5,98.5,82.2,79.5,,86.3,101.0,Cis woman,ANSUR (1988)
82.7,81.4,73.3,67.3,,70.2,94.3,Cis woman,ANSUR (1988)
90.3,89.7,77.7,72.5,,77.1,104.9,Cis woman,ANSUR (1988)
92.2,99.5,78.8,84.5,,94.1,102.5,Cis woman,ANSUR (1988)
84.7,84.3,72.2,69.3,,74.1,89.8,Cis woman,ANSUR (1988)
99.7,104.5,88.1,86.7,,95.5,106.1,Cis woman,ANSUR (1988)
86.5,89.1,75.9,74.0,,84.3,96.2,Cis woman,ANSUR (1988)
83.7,88.0,77.1,67.4,,77.2,94.4,Cis woman,ANSUR (1988)
82.9,83.0,71.8,64.8,,68.8,87.9,Cis woman,ANSUR (1988)
88.9,92.4,75.3,70.9,,81.7,98.3,Cis woman,ANSUR (1988)
88.8,88.8,76.4,71.6,,83.4,102.8,Cis woman,ANSUR (1988)
80.1,83.8,73.9,72.1,,86.2,99.9,Cis woman,ANSUR (1988)
94.0,93.0,73.8,72.3,,81.5,94.3,Cis woman,ANSUR (1988)
97.1,103.8,82.9,80.9,,93.0,106.6,Cis woman,ANSUR (1988)
93.0,94.8,79.5,82.9,,92.5,104.6,Cis woman,ANSUR (1988)
85.9,85.9,69.8,69.3,,74.3,91.5,Cis woman,ANSUR (1988)
86.5,90.4,76.2,72.8,,79.1,93.1,Cis woman,ANSUR (1988)
86.0,83.1,71.9,70.3,,73.8,94.5,Cis woman,ANSUR (1988)
99.2,100.7,81.1,80.2,,92.5,102.4,Cis woman,ANSUR (1988)
87.4,88.2,74.8,73.1,,80.4,93.9,Cis woman,ANSUR (1988)
91.0,93.0,81.6,79.1,,85.5,98.5,Cis woman,ANSUR (1988)
93.0,102.7,86.0,82.1,,94.2,102.7,Cis woman,ANSUR (1988)
85.8,86.8,79.0,72.5,,79.7,102.1,Cis woman,ANSUR (1988)
83.2,86.4,76.0,63.9,,66.6,91.8,Cis woman,ANSUR (1988)
76.9,78.6,67.1,65.4,,78.0,96.3,Cis woman,ANSUR (1988)
89.8,93.3,74.0,74.5,,91.2,94.4,Cis woman,ANSUR (1988)
84.0,90.6,77.0,73.0,,86.8,94.5,Cis woman,ANSUR (1988)
80.1,82.5,74.2,65.0,,67.1,85.5,Cis woman,ANSUR (1988)
89.1,90.3,74.8,71.0,,78.5,100.8,Cis woman,ANSUR (1988)
94.5,96.1,85.2,75.1,,82.7,99.0,Cis woman,ANSUR (1988)
89.5,90.9,74.7,68.3,,84.8,93.8,Cis woman,ANSUR (1988)
83.7,83.8,71.5,67.6,,75.3,93.5,Cis woman,ANSUR (1988)
95.9,98.5,86.4,83.5,,101.8,102.0,Cis woman,ANSUR (1988)
95.2,97.5,81.8,79.5,,78.2,103.7,Cis woman,ANSUR (1988)
79.1,80.7,67.7,61.7,,68.0,90.2,Cis woman,ANSUR (1988)
104.9,108.3,98.8,96.6,,108.5,114.5,Cis woman,ANSUR (1988)
85.5,86.5,72.8,67.3,,76.0,95.4,Cis woman,ANSUR (1988)
86.8,86.5,74.2,69.4,,74.1,94.4,Cis woman,ANSUR (1988)
83.0,81.0,69.2,66.2,,72.6,91.1,Cis woman,ANSUR (1988)
87.5,88.2,77.4,68.8,,77.5,101.0,Cis woman,ANSUR (1988)
92.7,97.1,80.4,80.5,,102.5,113.0,Cis woman,ANSUR (1988)
90.0,95.7,77.2,73.5,,78.7,100.2,Cis woman,ANSUR (1988)
85.6,87.7,77.1,72.3,,75.6,97.9,Cis woman,ANSUR (1988)
83.3,86.2,73.3,67.7,,72.6,90.7,Cis woman,ANSUR (1988)
87.1,87.8,72.9,67.6,,76.3,98.3,Cis woman,ANSUR (1988)
97.0,95.1,85.3,78.4,,82.5,100.8,Cis woman,ANSUR (1988)
78.7,79.9,66.1,62.5,,71.9,90.5,Cis woman,ANSUR (1988)
88.0,90.1,74.7,76.5,,82.7,97.3,Cis woman,ANSUR (1988)
85.5,86.6,75.3,70.1,,85.5,96.2,Cis woman,ANSUR (1988)
76.2,78.7,65.1,60.9,,67.7,86.0,Cis woman,ANSUR (1988)
97.0,101.9,83.8,82.6,,99.1,108.4,Cis woman,ANSUR (1988)
94.3,95.8,78.8,72.0,,79.3,113.1,Cis woman,ANSUR (1988)
86.8,86.3,74.8,70.2,,83.7,98.1,Cis woman,ANSUR (1988)
81.7,82.7,73.8,68.1,,71.3,104.4,Cis woman,ANSUR (1988)
94.9,94.2,80.3,76.4,,81.3,96.7,Cis woman,ANSUR (1988)
91.1,92.9,77.9,75.3,,75.6,104.0,Cis woman,ANSUR (1988)
81.5,79.3,71.8,64.2,,66.4,87.0,Cis woman,ANSUR (1988)
88.8,94.8,80.9,77.0,,85.7,94.9,Cis woman,ANSUR (1988)
82.8,82.9,73.3,67.3,,74.6,89.0,Cis woman,ANSUR (1988)
89.2,90.8,78.0,69.7,,75.0,103.4,Cis woman,ANSUR (1988)
89.4,91.3,80.0,76.2,,84.3,102.1,Cis woman,ANSUR (1988)
86.5,82.0,71.6,66.5,,74.9,96.7,Cis woman,ANSUR (1988)
78.4,78.3,72.5,66.5,,71.6,86.7,Cis woman,ANSUR (1988)
87.0,90.6,73.9,68.2,,76.7,102.3,Cis woman,ANSUR (1988)
89.9,94.0,75.5,74.1,,83.4,98.4,Cis woman,ANSUR (1988)
84.7,83.6,72.3,69.3,,73.4,93.8,Cis woman,ANSUR (1988)
87.0,89.2,80.6,70.7,,85.6,98.3,Cis woman,ANSUR (1988)
90.3,90.1,76.8,72.1,,76.9,98.2,Cis woman,ANSUR (1988)
89.0,89.6,77.2,74.0,,82.2,98.5,Cis woman,ANSUR (1988)
78.7,76.9,67.0,61.3,,73.4,84.2,Cis woman,ANSUR (1988)
90.2,93.7,73.8,68.5,,71.2,93.4,Cis woman,ANSUR (1988)
83.7,85.5,73.8,66.0,,79.2,94.3,Cis woman,ANSUR (1988)
85.7,85.3,73.2,68.0,,71.7,95.1,Cis woman,ANSUR (1988)
93.7,94.2,78.8,76.8,,89.2,98.2,Cis woman,ANSUR (1988)
97.5,100.2,85.3,82.4,,95.8,103.1,Cis woman,ANSUR (1988)
98.1,101.1,88.0,86.8,,97.1,105.5,Cis woman,ANSUR (1988)
87.8,87.0,78.5,65.2,,69.0,91.8,Cis woman,ANSUR (1988)
99.4,97.9,85.2,86.1,,100.0,104.4,Cis woman,ANSUR (1988)
78.5,78.0,68.3,59.5,,63.5,85.7,Cis woman,ANSUR (1988)
92.2,91.3,82.5,78.8,,79.6,97.5,Cis woman,ANSUR (1988)
91.6,89.4,77.0,75.9,,94.3,101.9,Cis woman,ANSUR (1988)
85.9,94.1,74.4,73.0,,80.7,97.8,Cis woman,ANSUR (1988)
83.4,84.0,68.5,66.3,,72.5,90.4,Cis woman,ANSUR (1988)
88.1,95.2,78.0,73.1,,82.1,101.1,Cis woman,ANSUR (1988)
91.4,92.0,74.5,70.2,,72.6,95.9,Cis woman,ANSUR (1988)
101.9,103.0,87.1,87.5,,94.3,103.9,Cis woman,ANSUR (1988)
94.0,99.0,77.5,75.8,,82.4,98.0,Cis woman,ANSUR (1988)
89.5,88.8,78.0,75.8,,89.4,112.4,Cis woman,ANSUR (1988)
97.1,99.8,80.5,75.6,,78.6,104.2,Cis woman,ANSUR (1988)
88.8,90.1,75.0,70.7,,77.0,94.1,Cis woman,ANSUR (1988)
90.3,95.5,79.8,76.9,,86.8,100.1,Cis woman,ANSUR (1988)
91.9,96.2,83.7,76.0,,83.5,100.5,Cis woman,ANSUR (1988)
93.0,94.8,82.0,79.5,,85.9,104.6,Cis woman,ANSUR (1988)
94.0,96.1,82.5,76.1,,88.7,99.3,Cis woman,ANSUR (1988)
88.0,93.7,76.3,70.1,,81.1,93.6,Cis woman,ANSUR (1988)
88.8,89.2,77.8,73.7,,79.5,104.7,Cis woman,ANSUR (1988)
89.6,84.9,73.6,70.5,,74.8,91.7,Cis woman,ANSUR (1988)
80.8,82.1,68.2,65.0,,77.5,88.6,Cis woman,ANSUR (1988)
86.2,92.7,79.3,74.8,,74.3,92.4,Cis woman,ANSUR (1988)
87.9,84.6,71.8,64.2,,64.5,91.5,Cis woman,ANSUR (1988)
98.2,94.9,80.2,75.9,,89.9,99.9,Cis woman,ANSUR (1988)
82.6,78.8,71.2,64.7,,68.9,88.3,Cis woman,ANSUR (1988)
84.0,90.1,73.2,64.0,,68.8,93.8,Cis woman,ANSUR (1988)
82.9,85.0,69.1,64.0,,69.3,89.0,Cis woman,ANSUR (1988)
90.4,90.4,75.2,71.7,,86.3,97.7,Cis woman,ANSUR (1988)
87.5,91.3,76.2,69.2,,75.5,92.1,Cis woman,ANSUR (1988)
81.0,80.0,69.1,65.2,,68.0,91.4,Cis woman,ANSUR (1988)
89.3,90.0,75.7,69.0,,73.0,92.4,Cis woman,ANSUR (1988)
83.8,84.5,72.9,62.7,,64.9,92.1,Cis woman,ANSUR (1988)
83.1,87.0,74.3,68.9,,79.5,93.1,Cis woman,ANSUR (1988)
88.0,86.9,74.0,69.1,,69.0,94.5,Cis woman,ANSUR (1988)
85.7,83.5,70.3,69.8,,78.5,95.1,Cis woman,ANSUR (1988)
85.2,87.6,74.3,70.1,,74.7,96.2,Cis woman,ANSUR (1988)
92.7,94.1,78.8,80.2,,84.3,105.3,Cis woman,ANSUR (1988)
76.6,77.8,67.6,65.5,,69.2,94.6,Cis woman,ANSUR (1988)
90.2,89.7,76.8,73.4,,77.8,100.0,Cis woman,ANSUR (1988)
88.2,84.6,75.1,70.7,,77.6,97.5,Cis woman,ANSUR (1988)
88.8,89.4,75.3,71.5,,80.1,98.7,Cis woman,ANSUR (1988)
88.8,90.1,74.9,73.5,,88.5,97.2,Cis woman,ANSUR (1988)
79.6,83.4,69.5,69.3,,73.6,93.4,Cis woman,ANSUR (1988)
91.0,91.9,75.2,71.8,,80.7,96.1,Cis woman,ANSUR (1988)
82.3,89.3,69.5,64.8,,68.0,89.0,Cis woman,ANSUR (1988)
91.0,90.0,77.9,74.1,,79.2,95.5,Cis woman,ANSUR (1988)
86.7,90.4,80.0,72.2,,81.5,97.7,Cis woman,ANSUR (1988)
88.1,90.2,77.1,74.9,,86.8,101.7,Cis woman,ANSUR (1988)
91.4,90.3,76.5,71.2,,83.1,102.0,Cis woman,ANSUR (1988)
88.0,87.1,76.6,72.0,,79.4,97.6,Cis woman,ANSUR (1988)
76.8,79.8,67.6,62.2,,65.5,86.6,Cis woman,ANSUR (1988)
85.5,87.5,73.6,69.9,,85.8,97.5,Cis woman,ANSUR (1988)
77.3,79.9,68.0,61.8,,69.0,90.0,Cis woman,ANSUR (1988)
88.2,90.9,77.8,72.7,,74.9,96.4,Cis woman,ANSUR (1988)
88.7,91.3,74.5,74.6,,77.3,92.6,Cis woman,ANSUR (1988)
87.6,86.1,72.0,68.4,,70.3,97.8,Cis woman,ANSUR (1988)
82.8,81.8,72.4,71.5,,79.4,99.7,Cis woman,ANSUR (1988)
81.1,79.9,68.1,60.1,,62.8,84.3,Cis woman,ANSUR (1988)
87.5,89.1,72.0,70.3,,78.9,98.1,Cis woman,ANSUR (1988)
93.5,90.9,79.3,79.5,,92.3,102.9,Cis woman,ANSUR (1988)
91.1,93.4,74.8,70.8,,79.9,100.7,Cis woman,ANSUR (1988)
91.2,89.8,74.3,71.0,,73.1,99.2,Cis woman,ANSUR (1988)
92.1,96.2,81.7,80.5,,92.9,99.0,Cis woman,ANSUR (1988)
87.8,88.5,73.9,67.8,,70.2,92.1,Cis woman,ANSUR (1988)
92.6,100.9,75.2,75.8,,85.9,100.0,Cis woman,ANSUR (1988)
82.3,82.5,71.3,67.1,,69.9,92.8,Cis woman,ANSUR (1988)
78.9,79.7,66.8,62.0,,70.5,85.2,Cis woman,ANSUR (1988)
93.4,97.7,81.7,76.2,,76.9,95.4,Cis woman,ANSUR (1988)
89.0,90.3,84.1,71.8,,72.0,97.8,Cis woman,ANSUR (1988)
87.1,91.3,78.8,76.9,,84.3,100.1,Cis woman,ANSUR (1988)
90.6,91.2,77.2,72.1,,82.5,102.5,Cis woman,ANSUR (1988)
82.0,82.3,71.3,62.2,,66.3,84.4,Cis woman,ANSUR (1988)
98.4,99.5,82.2,83.3,,95.3,106.0,Cis woman,ANSUR (1988)
89.7,94.2,79.3,76.3,,80.3,99.7,Cis woman,ANSUR (1988)
83.5,82.2,71.3,68.2,,74.1,87.4,Cis woman,ANSUR (1988)
85.0,84.6,69.2,67.3,,74.3,89.3,Cis woman,ANSUR (1988)
86.4,85.0,72.6,70.5,,74.9,98.8,Cis woman,ANSUR (1988)
94.9,100.1,84.3,74.4,,74.7,98.4,Cis woman,ANSUR (1988)
82.5,83.3,76.8,68.5,,73.7,86.8,Cis woman,ANSUR (1988)
90.2,89.1,74.5,70.7,,75.5,97.6,Cis woman,ANSUR (1988)
85.0,95.3,73.6,73.7,,87.5,100.0,Cis woman,ANSUR (1988)
97.4,101.4,88.3,82.5,,88.1,101.7,Cis woman,ANSUR (1988)
88.2,87.1,73.7,69.2,,71.4,93.0,Cis woman,ANSUR (1988)
85.6,86.4,73.8,68.8,,72.5,91.1,Cis woman,ANSUR (1988)
88.8,90.5,74.5,69.4,,73.9,91.6,Cis woman,ANSUR (1988)
81.6,82.8,69.6,65.0,,71.0,84.6,Cis woman,ANSUR (1988)
91.7,89.0,75.5,73.5,,77.6,100.6,Cis woman,ANSUR (1988)
84.6,85.3,74.3,69.2,,81.1,99.0,Cis woman,ANSUR (1988)
87.2,87.1,76.5,70.2,,71.5,91.4,Cis woman,ANSUR (1988)
92.6,95.2,80.0,75.6,,82.1,103.5,Cis woman,ANSUR (1988)
91.1,92.8,77.8,78.3,,91.9,101.4,Cis woman,ANSUR (1988)
88.4,89.1,76.0,75.7,,83.0,106.0,Cis woman,ANSUR (1988)
92.0,92.9,78.3,75.1,,82.1,106.4,Cis woman,ANSUR (1988)
85.5,84.1,72.0,69.2,,76.9,93.1,Cis woman,ANSUR (1988)
87.9,88.2,74.4,69.6,,77.2,101.7,Cis woman,ANSUR (1988)
91.8,94.9,82.1,79.2,,89.7,103.9,Cis woman,ANSUR (1988)
96.0,95.9,78.0,75.5,,74.8,93.7,Cis woman,ANSUR (1988)
92.5,94.8,83.7,78.3,,81.3,101.5,Cis woman,ANSUR (1988)
93.6,102.2,83.0,91.1,,91.5,99.4,Cis woman,ANSUR (1988)
110.5,112.9,97.0,96.5,,105.8,112.5,Cis woman,ANSUR (1988)
84.8,86.4,70.9,67.6,,73.5,93.7,Cis woman,ANSUR (1988)
90.9,93.0,79.5,74.9,,79.0,100.2,Cis woman,ANSUR (1988)
89.1,89.4,74.8,69.8,,72.5,101.4,Cis woman,ANSUR (1988)
77.1,80.1,67.6,61.5,,67.8,88.2,Cis woman,ANSUR (1988)
87.0,91.0,80.4,69.8,,80.5,101.3,Cis woman,ANSUR (1988)
86.0,86.5,73.0,66.8,,74.6,95.5,Cis woman,ANSUR (1988)
94.1,99.3,84.3,78.8,,84.7,106.8,Cis woman,ANSUR (1988)
88.6,92.4,75.0,72.4,,83.3,102.9,Cis woman,ANSUR (1988)
95.0,96.8,83.4,77.8,,82.6,98.1,Cis woman,ANSUR (1988)
102.1,106.4,87.0,86.5,,92.7,106.2,Cis woman,ANSUR (1988)
89.9,95.2,78.4,73.7,,81.8,91.9,Cis woman,ANSUR (1988)
99.4,99.1,78.8,77.5,,88.0,97.0,Cis woman,ANSUR (1988)
91.4,86.7,73.5,70.2,,83.0,97.6,Cis woman,ANSUR (1988)
88.3,91.5,76.8,72.7,,74.8,89.6,Cis woman,ANSUR (1988)
88.5,92.0,79.6,74.8,,87.4,93.1,Cis woman,ANSUR (1988)
84.5,83.9,73.5,69.1,,70.7,93.9,Cis woman,ANSUR (1988)
87.3,88.1,77.8,68.1,,71.7,91.3,Cis woman,ANSUR (1988)
89.9,92.5,82.0,72.1,,74.8,93.2,Cis woman,ANSUR (1988)
91.6,92.1,74.5,71.7,,79.5,95.0,Cis woman,ANSUR (1988)
90.4,90.0,76.5,71.5,,75.8,101.1,Cis woman,ANSUR (1988)
88.1,86.3,73.1,67.2,,75.5,88.3,Cis woman,ANSUR (1988)
88.6,94.9,74.7,74.8,,81.7,100.5,Cis woman,ANSUR (1988)
91.8,99.4,81.0,74.0,,85.2,99.1,Cis woman,ANSUR (1988)
98.5,105.2,86.8,81.1,,90.5,110.0,Cis woman,ANSUR (1988)
93.3,96.0,81.5,77.1,,83.1,101.1,Cis woman,ANSUR (1988)
92.8,95.8,82.2,79.5,,80.2,99.1,Cis woman,ANSUR (1988)
79.2,81.4,70.2,63.4,,68.2,88.4,Cis woman,ANSUR (1988)
85.5,85.5,72.4,68.0,,75.2,94.4,Cis woman,ANSUR (1988)
87.4,85.5,73.8,68.1,,71.8,88.6,Cis woman,ANSUR (1988)
86.1,82.9,71.2,62.7,,68.8,88.5,Cis woman,ANSUR (1988)
85.4,87.3,79.8,66.5,,70.2,88.8,Cis woman,ANSUR (1988)
87.7,92.5,78.6,75.2,,88.4,97.0,Cis woman,ANSUR (1988)
93.7,97.8,83.4,81.4,,90.3,107.7,Cis woman,ANSUR (1988)
93.6,100.0,85.8,80.2,,82.1,95.1,Cis woman,ANSUR (1988)
83.2,86.0,74.6,67.6,,74.5,94.2,Cis woman,ANSUR (1988)
90.1,92.3,72.8,68.5,,71.3,88.8,Cis woman,ANSUR (1988)
88.2,87.3,74.0,67.0,,74.3,98.3,Cis woman,ANSUR (1988)
94.6,93.5,79.4,81.3,,91.8,104.7,Cis woman,ANSUR (1988)
89.3,88.3,74.4,68.5,,71.5,96.6,Cis woman,ANSUR (1988)
84.9,84.3,70.5,67.4,,75.8,90.0,Cis woman,ANSUR (1988)
85.0,91.0,76.5,73.0,,85.5,96.5,Cis woman,ANSUR (1988)
87.6,92.0,76.8,70.2,,80.5,98.7,Cis woman,ANSUR (1988)
89.0,90.2,74.8,71.7,,77.4,101.2,Cis woman,ANSUR (1988)
86.1,87.7,74.9,70.8,,74.3,102.7,Cis woman,ANSUR (1988)
94.9,94.4,74.8,75.4,,75.8,98.9,Cis woman,ANSUR (1988)
89.5,89.1,75.9,74.8,,81.8,100.5,Cis woman,ANSUR (1988)
91.7,89.0,73.9,66.4,,70.5,96.0,Cis woman,ANSUR (1988)
81.5,82.6,71.5,63.8,,66.0,88.7,Cis woman,ANSUR (1988)
87.8,90.5,80.1,72.4,,73.5,95.5,Cis woman,ANSUR (1988)
104.7,107.9,84.9,80.0,,100.1,111.1,Cis woman,ANSUR (1988)
101.9,98.8,83.2,82.5,,91.4,105.4,Cis woman,ANSUR (1988)
85.1,85.5,73.5,67.3,,72.9,95.2,Cis woman,ANSUR (1988)
98.4,103.9,78.8,80.3,,85.1,106.5,Cis woman,ANSUR (1988)
89.7,91.0,74.1,69.3,,75.2,95.2,Cis woman,ANSUR (1988)
89.4,94.2,78.9,75.8,,81.2,100.0,Cis woman,ANSUR (1988)
101.0,104.3,88.2,89.1,,101.5,118.9,Cis woman,ANSUR (1988)
85.6,83.7,74.3,71.1,,77.8,100.9,Cis woman,ANSUR (1988)
90.4,95.2,76.9,72.8,,77.2,101.2,Cis woman,ANSUR (1988)
87.7,87.7,72.5,69.5,,73.3,103.0,Cis woman,ANSUR (1988)
88.6,86.3,70.1,64.7,,70.8,92.5,Cis woman,ANSUR (1988)
84.3,85.8,73.5,65.8,,70.8,94.0,Cis woman,ANSUR (1988)
94.0,93.3,73.8,77.8,,85.5,98.4,Cis woman,ANSUR (1988)
85.9,83.8,75.3,66.2,,69.7,87.9,Cis woman,ANSUR (1988)
93.9,96.5,82.2,79.7,,86.1,99.3,Cis woman,ANSUR (1988)
99.8,96.3,86.5,82.7,,92.9,109.6,Cis woman,ANSUR (1988)
79.2,80.6,68.0,64.5,,66.5,87.0,Cis woman,ANSUR (1988)
91.3,93.5,79.0,69.2,,72.8,98.3,Cis woman,ANSUR (1988)
83.3,82.8,72.9,69.1,,73.8,89.2,Cis woman,ANSUR (1988)
82.1,80.8,71.3,64.3,,74.6,92.3,Cis woman,ANSUR (1988)
88.1,88.2,72.8,67.1,,69.8,96.7,Cis woman,ANSUR (1988)
84.4,83.8,72.2,68.8,,78.8,94.2,Cis woman,ANSUR (1988)
93.7,96.6,80.3,76.8,,85.3,102.4,Cis woman,ANSUR (1988)
90.2,89.3,74.5,73.5,,85.3,93.8,Cis woman,ANSUR (1988)
82.9,81.8,73.6,68.7,,73.3,89.6,Cis woman,ANSUR (1988)
90.0,90.6,77.3,73.5,,79.7,99.4,Cis woman,ANSUR (1988)
88.6,90.0,76.8,74.5,,83.1,101.7,Cis woman,ANSUR (1988)
83.6,83.6,74.0,72.5,,80.7,95.8,Cis woman,ANSUR (1988)
85.0,88.0,72.5,75.8,,78.5,102.8,Cis woman,ANSUR (1988)
95.5,95.5,85.2,74.8,,88.1,107.7,Cis woman,ANSUR (1988)
,92.2,,,85.0,,101.1,Cis woman,ANSUR (2012)
,83.9,,,70.8,,89.3,Cis woman,ANSUR (2012)
,87.4,,,72.7,,98.7,Cis woman,ANSUR (2012)
,100.8,,,92.3,,101.2,Cis woman,ANSUR (2012)
,108.9,,,116.3,,128.1,Cis woman,ANSUR (2012)
,103.1,,,96.8,,108.5,Cis woman,ANSUR (2012)
,98.8,,,96.4,,104.9,Cis woman,ANSUR (2012)
,96.8,,,91.4,,109.5,Cis woman,ANSUR (2012)
,83.1,,,75.5,,96.5,Cis woman,ANSUR (2012)
,101.0,,,94.4,,104.5,Cis woman,ANSUR (2012)
,106.5,,,93.5,,124.8,Cis woman,ANSUR (2012)
,103.4,,,94.2,,101.4,Cis woman,ANSUR (2012)
,106.3,,,99.5,,104.9,Cis woman,ANSUR (2012)
,93.7,,,84.8,,101.2,Cis woman,ANSUR (2012)
,98.9,,,92.9,,100.0,Cis woman,ANSUR (2012)
,94.0,,,83.5,,100.7,Cis woman,ANSUR (2012)
,83.5,,,77.2,,96.9,Cis woman,ANSUR (2012)
,89.7,,,80.5,,94.1,Cis woman,ANSUR (2012)
,97.9,,,86.8,,101.1,Cis woman,ANSUR (2012)
,85.3,,,79.2,,102.1,Cis woman,ANSUR (2012)
,109.0,,,113.7,,110.7,Cis woman,ANSUR (2012)
,94.1,,,88.1,,105.0,Cis woman,ANSUR (2012)
,85.7,,,70.2,,86.7,Cis woman,ANSUR (2012)
,97.3,,,95.4,,103.8,Cis woman,ANSUR (2012)
,97.5,,,79.6,,98.1,Cis woman,ANSUR (2012)
,102.6,,,100.0,,106.9,Cis woman,ANSUR (2012)
,83.2,,,74.2,,91.7,Cis woman,ANSUR (2012)
,92.1,,,91.2,,99.7,Cis woman,ANSUR (2012)
,103.2,,,91.3,,104.2,Cis woman,ANSUR (2012)
,90.4,,,82.1,,96.0,Cis woman,ANSUR (2012)
,95.1,,,93.0,,105.6,Cis woman,ANSUR (2012)
,95.0,,,90.1,,103.5,Cis woman,ANSUR (2012)
,96.5,,,93.5,,103.4,Cis woman,ANSUR (2012)
,111.5,,,107.7,,115.4,Cis woman,ANSUR (2012)
,117.0,,,111.2,,118.4,Cis woman,ANSUR (2012)
,89.5,,,81.2,,99.1,Cis woman,ANSUR (2012)
,94.4,,,86.9,,93.3,Cis woman,ANSUR (2012)
,83.3,,,71.2,,90.0,Cis woman,ANSUR (2012)
,102.5,,,105.7,,105.2,Cis woman,ANSUR (2012)
,98.2,,,96.4,,108.6,Cis woman,ANSUR (2012)
,106.0,,,113.4,,117.5,Cis woman,ANSUR (2012)
,99.1,,,86.9,,97.9,Cis woman,ANSUR (2012)
,99.4,,,94.2,,102.1,Cis woman,ANSUR (2012)
,107.1,,,101.9,,104.1,Cis woman,ANSUR (2012)
,94.5,,,86.5,,113.6,Cis woman,ANSUR (2012)
,109.4,,,97.5,,104.6,Cis woman,ANSUR (2012)
,93.2,,,81.4,,103.0,Cis woman,ANSUR (2012)
,101.3,,,94.7,,105.3,Cis woman,ANSUR (2012)
,91.0,,,79.4,,100.9,Cis woman,ANSUR (2012)
,79.3,,,67.9,,88.0,Cis woman,ANSUR (2012)
,95.4,,,89.0,,105.0,Cis woman,ANSUR (2012)
,116.1,,,133.4,,130.6,Cis woman,ANSUR (2012)
,113.5,,,107.6,,116.0,Cis woman,ANSUR (2012)
,109.5,,,100.7,,107.5,Cis woman,ANSUR (2012)
,101.4,,,89.7,,104.4,Cis woman,ANSUR (2012)
,94.6,,,83.2,,100.6,Cis woman,ANSUR (2012)
,81.4,,,76.6,,98.1,Cis woman,ANSUR (2012)
,94.0,,,87.8,,102.8,Cis woman,ANSUR (2012)
,98.8,,,94.3,,105.5,Cis woman,ANSUR (2012)
,90.4,,,82.5,,97.9,Cis woman,ANSUR (2012)
,87.6,,,81.2,,98.5,Cis woman,ANSUR (2012)
,109.0,,,106.2,,116.7,Cis woman,ANSUR (2012)
,94.3,,,91.4,,105.1,Cis woman,ANSUR (2012)
,113.2,,,98.7,,106.6,Cis woman,ANSUR (2012)
,97.7,,,86.8,,100.7,Cis woman,ANSUR (2012)
,97.7,,,83.9,,105.0,Cis woman,ANSUR (2012)
,100.6,,,81.4,,97.4,Cis woman,ANSUR (2012)
,93.6,,,80.4,,98.9,Cis woman,ANSUR (2012)
,106.5,,,92.5,,108.8,Cis woman,ANSUR (2012)
,89.0,,,80.5,,99.3,Cis woman,ANSUR (2012)
,90.0,,,81.1,,104.2,Cis woman,ANSUR (2012)
,86.2,,,75.7,,96.9,Cis woman,ANSUR (2012)
,89.6,,,83.9,,96.7,Cis woman,ANSUR (2012)
,94.3,,,82.1,,105.1,Cis woman,ANSUR (2012)
,109.2,,,100.1,,102.8,Cis woman,ANSUR (2012)
,92.0,,,86.0,,104.5,Cis woman,ANSUR (2012)
,107.1,,,92.2,,101.6,Cis woman,ANSUR (2012)
,100.1,,,101.2,,105.7,Cis woman,ANSUR (2012)
,112.6,,,98.1,,104.9,Cis woman,ANSUR (2012)
,98.2,,,87.0,,103.0,Cis woman,ANSUR (2012)
,106.9,,,93.1,,120.0,Cis woman,ANSUR (2012)
,106.1,,,89.5,,116.5,Cis woman,ANSUR (2012)
,103.1,,,92.5,,114.1,Cis woman,ANSUR (2012)
,92.4,,,75.1,,98.5,Cis woman,ANSUR (2012)
,99.9,,,101.9,,111.5,Cis woman,ANSUR (2012)
,86.5,,,78.4,,106.0,Cis woman,ANSUR (2012)
,99.8,,,91.7,,102.3,Cis woman,ANSUR (2012)
,93.0,,,86.5,,103.2,Cis woman,ANSUR (2012)
,93.4,,,84.7,,101.5,Cis woman,ANSUR (2012)
,85.6,,,78.5,,101.1,Cis woman,ANSUR (2012)
,97.9,,,100.4,,108.4,Cis woman,ANSUR (2012)
,85.2,,,75.9,,94.5,Cis woman,ANSUR (2012)
,101.4,,,95.5,,110.4,Cis woman,ANSUR (2012)
,84.1,,,69.4,,94.7,Cis woman,ANSUR (2012)
,105.7,,,106.8,,120.5,Cis woman,ANSUR (2012)
,98.6,,,94.8,,99.9,Cis woman,ANSUR (2012)
,95.1,,,91.2,,104.5,Cis woman,ANSUR (2012)
,106.8,,,98.9,,102.7,Cis woman,ANSUR (2012)
,94.5,,,88.7,,105.1,Cis woman,ANSUR (2012)
,82.6,,,69.8,,87.1,Cis woman,ANSUR (2012)
,97.8,,,82.2,,97.5,Cis woman,ANSUR (2012)
,97.8,,,88.5,,102.7,Cis woman,ANSUR (2012)
,87.0,,,76.4,,94.7,Cis woman,ANSUR (2012)
,108.0,,,94.3,,96.6,Cis woman,ANSUR (2012)
,92.1,,,80.9,,95.1,Cis woman,ANSUR (2012)
,84.6,,,73.9,,87.4,Cis woman,ANSUR (2012)
,95.9,,,82.6,,96.0,Cis woman,ANSUR (2012)
,102.2,,,96.2,,103.0,Cis woman,ANSUR (2012)
,87.8,,,84.9,,102.9,Cis woman,ANSUR (2012)
,102.9,,,95.1,,104.8,Cis woman,ANSUR (2012)
,93.6,,,88.9,,108.3,Cis woman,ANSUR (2012)
,83.4,,,79.0,,97.4,Cis woman,ANSUR (2012)
,93.1,,,81.1,,96.6,Cis woman,ANSUR (2012)
,98.1,,,83.1,,99.1,Cis woman,ANSUR (2012)
,103.7,,,95.8,,106.9,Cis woman,ANSUR (2012)
,98.1,,,76.1,,95.5,Cis woman,ANSUR (2012)
,105.2,,,107.0,,107.9,Cis woman,ANSUR (2012)
,102.8,,,92.3,,100.5,Cis woman,ANSUR (2012)
,94.6,,,94.9,,105.5,Cis woman,ANSUR (2012)
,93.0,,,85.8,,97.6,Cis woman,ANSUR (2012)
,93.7,,,85.9,,104.1,Cis woman,ANSUR (2012)
,81.0,,,72.1,,87.6,Cis woman,ANSUR (2012)
,99.1,,,90.8,,106.9,Cis woman,ANSUR (2012)
,98.5,,,88.0,,103.0,Cis woman,ANSUR (2012)
,84.4,,,75.9,,90.2,Cis woman,ANSUR (2012)
,96.5,,,91.9,,103.3,Cis woman,ANSUR (2012)
,98.5,,,90.8,,98.0,Cis woman,ANSUR (2012)
,86.2,,,73.1,,96.5,Cis woman,ANSUR (2012)
,86.3,,,82.0,,97.5,Cis woman,ANSUR (2012)
,87.0,,,82.1,,93.2,Cis woman,ANSUR (2012)
,81.5,,,74.0,,105.4,Cis woman,ANSUR (2012)
,105.7,,,102.4,,110.0,Cis woman,ANSUR (2012)
,113.7,,,93.2,,109.0,Cis woman,ANSUR (2012)
,87.4,,,82.7,,98.1,Cis woman,ANSUR (2012)
,100.4,,,89.6,,106.1,Cis woman,ANSUR (2012)
,84.4,,,73.8,,96.8,Cis woman,ANSUR (2012)
,95.0,,,83.2,,103.3,Cis woman,ANSUR (2012)
,101.3,,,85.1,,104.2,Cis woman,ANSUR (2012)
,96.0,,,85.9,,104.9,Cis woman,ANSUR (2012)
,99.2,,,90.6,,105.0,Cis woman,ANSUR (2012)
,106.9,,,102.8,,113.6,Cis woman,ANSUR (2012)
,83.8,,,78.6,,99.0,Cis woman,ANSUR (2012)
,96.2,,,85.3,,96.6,Cis woman,ANSUR (2012)
,89.9,,,74.5,,95.0,Cis woman,ANSUR (2012)
,82.8,,,73.7,,92.5,Cis woman,ANSUR (2012)
,94.0,,,80.2,,99.8,Cis woman,ANSUR (2012)
,115.6,,,104.5,,111.4,Cis woman,ANSUR (2012)
,88.6,,,76.3,,92.5,Cis woman,ANSUR (2012)
,99.1,,,95.5,,109.0,Cis woman,ANSUR (2012)
,89.9,,,71.9,,92.0,Cis woman,ANSUR (2012)
,88.9,,,74.6,,93.5,Cis woman,ANSUR (2012)
,90.7,,,87.4,,103.5,Cis woman,ANSUR (2012)
,94.0,,,77.2,,101.8,Cis woman,ANSUR (2012)
,94.9,,,80.2,,97.2,Cis woman,ANSUR (2012)
,86.6,,,71.9,,97.4,Cis woman,ANSUR (2012)
,90.7,,,86.2,,95.5,Cis woman,ANSUR (2012)
,98.3,,,104.4,,108.8,Cis woman,ANSUR (2012)
,89.5,,,81.7,,100.1,Cis woman,ANSUR (2012)
,89.2,,,81.7,,99.7,Cis woman,ANSUR (2012)
,87.5,,,81.6,,95.5,Cis woman,ANSUR (2012)
,101.2,,,93.9,,113.9,Cis woman,ANSUR (2012)
,102.6,,,86.3,,103.5,Cis woman,ANSUR (2012)
,97.7,,,91.5,,106.4,Cis woman,ANSUR (2012)
,81.2,,,76.4,,93.2,Cis woman,ANSUR (2012)
,91.3,,,89.9,,106.8,Cis woman,ANSUR (2012)
,94.3,,,78.2,,93.3,Cis woman,ANSUR (2012)
,103.2,,,89.7,,105.1,Cis woman,ANSUR (2012)
,87.8,,,81.7,,100.8,Cis woman,ANSUR (2012)
,97.1,,,90.0,,106.2,Cis woman,ANSUR (2012)
,90.6,,,83.0,,100.9,Cis woman,ANSUR (2012)
,102.4,,,94.7,,106.2,Cis woman,ANSUR (2012)
,102.8,,,95.8,,105.0,Cis woman,ANSUR (2012)
,88.1,,,76.7,,98.1,Cis woman,ANSUR (2012)
,91.9,,,77.7,,94.8,Cis woman,ANSUR (2012)
,91.8,,,89.6,,108.1,Cis woman,ANSUR (2012)
,111.8,,,96.8,,99.2,Cis woman,ANSUR (2012)
,113.0,,,99.7,,110.1,Cis woman,ANSUR (2012)
,100.2,,,87.9,,105.8,Cis woman,ANSUR (2012)
,103.9,,,100.0,,103.0,Cis woman,ANSUR (2012)
,93.4,,,93.1,,107.8,Cis woman,ANSUR (2012)
,84.4,,,74.8,,91.6,Cis woman,ANSUR (2012)
,82.1,,,73.4,,94.0,Cis woman,ANSUR (2012)
,107.2,,,102.1,,117.1,Cis woman,ANSUR (2012)
,108.4,,,87.4,,101.6,Cis woman,ANSUR (2012)
,91.8,,,80.3,,99.2,Cis woman,ANSUR (2012)
,103.2,,,93.5,,101.7,Cis woman,ANSUR (2012)
,97.1,,,81.0,,98.3,Cis woman,ANSUR (2012)
,102.2,,,88.2,,102.1,Cis woman,ANSUR (2012)
,98.7,,,92.0,,108.4,Cis woman,ANSUR (2012)
,103.6,,,108.5,,109.9,Cis woman,ANSUR (2012)
,99.0,,,92.3,,100.3,Cis woman,ANSUR (2012)
,96.5,,,84.0,,97.3,Cis woman,ANSUR (2012)
,81.7,,,78.3,,92.0,Cis woman,ANSUR (2012)
,99.3,,,92.4,,107.6,Cis woman,ANSUR (2012)
,103.1,,,97.2,,104.0,Cis woman,ANSUR (2012)
,87.7,,,77.4,,98.1,Cis woman,ANSUR (2012)
,81.8,,,70.8,,92.6,Cis woman,ANSUR (2012)
,94.5,,,87.9,,109.2,Cis woman,ANSUR (2012)
,91.6,,,83.0,,101.0,Cis woman,ANSUR (2012)
,105.0,,,98.0,,115.0,Cis woman,ANSUR (2012)
,88.1,,,88.3,,101.0,Cis woman,ANSUR (2012)
,91.2,,,75.4,,93.3,Cis woman,ANSUR (2012)
,85.4,,,76.7,,95.6,Cis woman,ANSUR (2012)
,88.7,,,86.8,,95.8,Cis woman,ANSUR (2012)
,100.5,,,93.8,,97.9,Cis woman,ANSUR (2012)
,82.5,,,68.2,,83.6,Cis woman,ANSUR (2012)
,87.4,,,76.2,,97.8,Cis woman,ANSUR (2012)
,97.2,,,80.2,,102.0,Cis woman,ANSUR (2012)
,102.6,,,106.0,,114.4,Cis woman,ANSUR (2012)
,97.9,,,92.2,,106.0,Cis woman,ANSUR (2012)
,87.3,,,78.3,,97.4,Cis woman,ANSUR (2012)
,84.4,,,70.7,,87.7,Cis woman,ANSUR (2012)
,92.1,,,79.5,,106.1,Cis woman,ANSUR (2012)
,100.0,,,86.2,,105.9,Cis woman,ANSUR (2012)
,93.8,,,92.9,,97.4,Cis woman,ANSUR (2012)
,95.2,,,85.8,,105.6,Cis woman,ANSUR (2012)
,93.1,,,78.4,,106.7,Cis woman,ANSUR (2012)
,81.4,,,63.2,,83.2,Cis woman,ANSUR (2012)
,91.3,,,80.9,,95.1,Cis woman,ANSUR (2012)
,95.0,,,91.2,,107.1,Cis woman,ANSUR (2012)
,95.0,,,94.1,,107.9,Cis woman,ANSUR (2012)
,91.5,,,85.4,,105.5,Cis woman,ANSUR (2012)
,92.3,,,88.5,,100.4,Cis woman,ANSUR (2012)
,90.9,,,78.3,,95.7,Cis woman,ANSUR (2012)
,98.6,,,92.7,,104.5,Cis woman,ANSUR (2012)
,87.0,,,78.5,,99.1,Cis woman,ANSUR (2012)
,94.2,,,85.8,,103.1,Cis woman,ANSUR (2012)
,110.5,,,95.8,,101.5,Cis woman,ANSUR (2012)
,83.8,,,70.7,,94.6,Cis woman,ANSUR (2012)
,108.6,,,100.4,,103.7,Cis woman,ANSUR (2012)
,98.5,,,90.5,,105.5,Cis woman,ANSUR (2012)
,96.0,,,98.9,,100.2,Cis woman,ANSUR (2012)
,96.4,,,90.6,,106.6,Cis woman,ANSUR (2012)
,101.5,,,85.4,,106.5,Cis woman,ANSUR (2012)
,86.2,,,73.8,,93.2,Cis woman,ANSUR (2012)
,86.1,,,78.4,,91.9,Cis woman,ANSUR (2012)
,92.7,,,87.1,,98.9,Cis woman,ANSUR (2012)
,90.6,,,81.1,,96.5,Cis woman,ANSUR (2012)
,84.7,,,72.8,,92.3,Cis woman,ANSUR (2012)
,84.1,,,76.3,,86.7,Cis woman,ANSUR (2012)
,85.5,,,79.3,,95.0,Cis woman,ANSUR (2012)
,107.2,,,100.1,,109.3,Cis woman,ANSUR (2012)
,98.8,,,92.2,,105.4,Cis woman,ANSUR (2012)
,98.4,,,82.9,,101.9,Cis woman,ANSUR (2012)
,93.8,,,85.0,,105.7,Cis woman,ANSUR (2012)
,86.6,,,73.1,,91.7,Cis woman,ANSUR (2012)
,106.3,,,99.6,,104.2,Cis woman,ANSUR (2012)
,94.9,,,87.1,,109.1,Cis woman,ANSUR (2012)
,98.2,,,103.6,,100.8,Cis woman,ANSUR (2012)
,93.5,,,83.5,,102.1,Cis woman,ANSUR (2012)
,84.5,,,66.5,,88.4,Cis woman,ANSUR (2012)
,83.6,,,67.1,,92.0,Cis woman,ANSUR (2012)
,94.9,,,76.9,,97.7,Cis woman,ANSUR (2012)
,95.4,,,85.0,,96.4,Cis woman,ANSUR (2012)
,94.0,,,93.6,,105.1,Cis woman,ANSUR (2012)
,91.5,,,75.8,,96.5,Cis woman,ANSUR (2012)
,92.5,,,88.8,,101.4,Cis woman,ANSUR (2012)
,103.2,,,94.1,,102.2,Cis woman,ANSUR (2012)
,98.8,,,81.2,,115.9,Cis woman,ANSUR (2012)
,83.8,,,70.4,,91.0,Cis woman,ANSUR (2012)
,99.2,,,102.7,,105.7,Cis woman,ANSUR (2012)
,96.9,,,88.5,,96.9,Cis woman,ANSUR (2012)
,95.7,,,87.2,,102.1,Cis woman,ANSUR (2012)
,109.3,,,104.1,,112.6,Cis woman,ANSUR (2012)
,99.7,,,85.9,,102.3,Cis woman,ANSUR (2012)
,109.0,,,102.2,,111.5,Cis woman,ANSUR (2012)
,92.3,,,79.0,,101.3,Cis woman,ANSUR (2012)
,84.4,,,71.1,,91.4,Cis woman,ANSUR (2012)
,101.1,,,94.1,,107.7,Cis woman,ANSUR (2012)
,99.7,,,107.6,,110.8,Cis woman,ANSUR (2012)
,94.3,,,79.7,,98.3,Cis woman,ANSUR (2012)
,93.4,,,90.4,,106.3,Cis woman,ANSUR (2012)
,103.1,,,97.9,,113.5,Cis woman,ANSUR (2012)
,98.5,,,88.8,,111.4,Cis woman,ANSUR (2012)
,93.5,,,76.9,,96.9,Cis woman,ANSUR (2012)
,87.2,,,80.7,,98.5,Cis woman,ANSUR (2012)
,99.6,,,83.9,,97.8,Cis woman,ANSUR (2012)
,99.4,,,97.5,,106.3,Cis woman,ANSUR (2012)
,113.1,,,112.7,,113.1,Cis woman,ANSUR (2012)
,96.6,,,93.0,,111.5,Cis woman,ANSUR (2012)
,90.8,,,90.7,,100.6,Cis woman,ANSUR (2012)
,98.5,,,91.9,,100.4,Cis woman,ANSUR (2012)
,89.6,,,83.9,,100.7,Cis woman,ANSUR (2012)
,86.4,,,69.7,,93.4,Cis woman,ANSUR (2012)
,109.5,,,108.8,,115.8,Cis woman,ANSUR (2012)
,89.0,,,80.5,,97.1,Cis woman,ANSUR (2012)
,96.5,,,84.4,,101.8,Cis woman,ANSUR (2012)
,95.8,,,91.5,,101.1,Cis woman,ANSUR (2012)
,92.6,,,86.2,,104.6,Cis woman,ANSUR (2012)
,87.8,,,83.5,,103.5,Cis woman,ANSUR (2012)
,95.1,,,100.0,,107.9,Cis woman,ANSUR (2012)
,85.8,,,78.9,,99.7,Cis woman,ANSUR (2012)
,87.0,,,77.7,,97.5,Cis woman,ANSUR (2012)
,87.5,,,79.6,,92.5,Cis woman,ANSUR (2012)
,113.9,,,101.7,,114.2,Cis woman,ANSUR (2012)
,106.4,,,107.4,,115.2,Cis woman,ANSUR (2012)
,92.3,,,68.8,,92.1,Cis woman,ANSUR (2012)
,86.1,,,71.3,,92.1,Cis woman,ANSUR (2012)
,105.7,,,103.5,,109.2,Cis woman,ANSUR (2012)
,89.6,,,82.7,,94.2,Cis woman,ANSUR (2012)
,99.1,,,95.0,,108.2,Cis woman,ANSUR (2012)
,90.4,,,80.5,,100.6,Cis woman,ANSUR (2012)
,98.1,,,89.6,,102.0,Cis woman,ANSUR (2012)
,104.6,,,90.5,,111.8,Cis woman,ANSUR (2012)
,95.2,,,83.3,,94.3,Cis woman,ANSUR (2012)
,106.7,,,105.5,,120.6,Cis woman,ANSUR (2012)
,110.5,,,107.1,,114.6,Cis woman,ANSUR (2012)
,119.6,,,111.1,,117.6,Cis woman,ANSUR (2012)
,99.9,,,87.1,,102.2,Cis woman,ANSUR (2012)
,105.2,,,96.9,,115.1,Cis woman,ANSUR (2012)
,101.4,,,94.2,,107.9,Cis woman,ANSUR (2012)
,104.8,,,96.4,,111.7,Cis woman,ANSUR (2012)
,89.6,,,88.7,,100.5,Cis woman,ANSUR (2012)
,94.3,,,83.8,,103.7,Cis woman,ANSUR (2012)
,89.9,,,82.6,,108.1,Cis woman,ANSUR (2012)
,99.6,,,95.0,,108.7,Cis woman,ANSUR (2012)
,91.1,,,81.9,,103.8,Cis woman,ANSUR (2012)
,100.5,,,92.0,,99.9,Cis woman,ANSUR (2012)
,87.3,,,74.4,,97.7,Cis woman,ANSUR (2012)
,97.6,,,88.0,,102.6,Cis woman,ANSUR (2012)
,83.4,,,74.0,,86.8,Cis woman,ANSUR (2012)
,98.6,,,82.9,,112.1,Cis woman,ANSUR (2012)
,106.2,,,102.9,,110.0,Cis woman,ANSUR (2012)
,100.4,,,97.3,,110.4,Cis woman,ANSUR (2012)
,89.6,,,84.5,,95.5,Cis woman,ANSUR (2012)
,86.1,,,82.8,,96.1,Cis woman,ANSUR (2012)
,95.1,,,102.0,,111.3,Cis woman,ANSUR (2012)
,77.2,,,67.5,,87.1,Cis woman,ANSUR (2012)
,103.4,,,100.7,,114.0,Cis woman,ANSUR (2012)
,89.9,,,85.8,,99.7,Cis woman,ANSUR (2012)
,95.5,,,80.4,,97.3,Cis woman,ANSUR (2012)
,86.7,,,81.1,,94.4,Cis woman,ANSUR (2012)
,97.1,,,86.4,,103.0,Cis woman,ANSUR (2012)
,96.6,,,87.1,,103.6,Cis woman,ANSUR (2012)
,80.0,,,82.4,,93.3,Cis woman,ANSUR (2012)
,81.2,,,72.4,,90.9,Cis woman,ANSUR (2012)
,94.6,,,84.9,,98.8,Cis woman,ANSUR (2012)
,100.8,,,91.8,,105.0,Cis woman,ANSUR (2012)
,97.1,,,82.9,,98.7,Cis woman,ANSUR (2012)
,91.8,,,79.9,,96.6,Cis woman,ANSUR (2012)
,98.7,,,101.7,,110.1,Cis woman,ANSUR (2012)
,96.9,,,90.0,,107.3,Cis woman,ANSUR (2012)
,97.9,,,91.7,,103.9,Cis woman,ANSUR (2012)
,101.7,,,97.0,,116.5,Cis woman,ANSUR (2012)
,105.8,,,88.4,,94.4,Cis woman,ANSUR (2012)
,88.7,,,79.6,,97.3,Cis woman,ANSUR (2012)
,85.9,,,78.5,,93.8,Cis woman,ANSUR (2012)
,98.0,,,87.0,,98.5,Cis woman,ANSUR (2012)
,103.7,,,90.5,,108.3,Cis woman,ANSUR (2012)
,98.4,,,95.8,,110.0,Cis woman,ANSUR (2012)
,95.9,,,85.5,,102.1,Cis woman,ANSUR (2012)
,98.8,,,86.9,,101.0,Cis woman,ANSUR (2012)
,90.0,,,87.5,,106.4,Cis woman,ANSUR (2012)
,82.7,,,72.2,,98.5,Cis woman,ANSUR (2012)
,108.9,,,103.4,,108.9,Cis woman,ANSUR (2012)
,89.5,,,75.7,,90.8,Cis woman,ANSUR (2012)
,102.4,,,99.5,,103.5,Cis woman,ANSUR (2012)
,94.8,,,81.2,,102.9,Cis woman,ANSUR (2012)
,113.1,,,95.4,,111.9,Cis woman,ANSUR (2012)
,98.8,,,92.8,,103.9,Cis woman,ANSUR (2012)
,109.8,,,104.9,,108.2,Cis woman,ANSUR (2012)
,103.3,,,95.8,,106.4,Cis woman,ANSUR (2012)
,96.0,,,91.2,,108.4,Cis woman,ANSUR (2012)
,95.5,,,82.2,,98.9,Cis woman,ANSUR (2012)
,102.3,,,93.5,,100.4,Cis woman,ANSUR (2012)
,100.0,,,95.7,,103.7,Cis woman,ANSUR (2012)
,86.6,,,70.7,,91.1,Cis woman,ANSUR (2012)
,88.1,,,77.1,,100.1,Cis woman,ANSUR (2012)
,95.0,,,80.6,,100.9,Cis woman,ANSUR (2012)
,102.0,,,100.2,,99.8,Cis woman,ANSUR (2012)
,115.9,,,104.4,,113.8,Cis woman,ANSUR (2012)
,86.6,,,81.5,,97.5,Cis woman,ANSUR (2012)
,90.8,,,75.2,,104.8,Cis woman,ANSUR (2012)
,88.3,,,83.1,,94.1,Cis woman,ANSUR (2012)
,99.3,,,88.0,,109.9,Cis woman,ANSUR (2012)
,92.0,,,81.7,,106.2,Cis woman,ANSUR (2012)
,112.2,,,93.8,,107.5,Cis woman,ANSUR (2012)
,82.9,,,79.7,,96.4,Cis woman,ANSUR (2012)
,92.5,,,77.3,,103.6,Cis woman,ANSUR (2012)
,109.6,,,110.3,,123.7,Cis woman,ANSUR (2012)
,86.2,,,67.9,,88.3,Cis woman,ANSUR (2012)
,105.9,,,105.5,,118.4,Cis woman,ANSUR (2012)
,108.6,,,85.6,,100.0,Cis woman,ANSUR (2012)
,96.8,,,86.8,,96.7,Cis woman,ANSUR (2012)
,90.8,,,81.8,,106.8,Cis woman,ANSUR (2012)
,95.6,,,84.6,,104.7,Cis woman,ANSUR (2012)
,104.3,,,103.2,,114.8,Cis woman,ANSUR (2012)
,100.3,,,91.1,,112.8,Cis woman,ANSUR (2012)
,82.5,,,65.0,,91.2,Cis woman,ANSUR (2012)
,89.9,,,80.4,,99.1,Cis woman,ANSUR (2012)
,95.8,,,88.0,,103.4,Cis woman,ANSUR (2012)
,102.8,,,97.0,,106.3,Cis woman,ANSUR (2012)
,95.7,,,84.1,,98.6,Cis woman,ANSUR (2012)
,100.7,,,94.9,,110.1,Cis woman,ANSUR (2012)
,84.2,,,76.6,,96.0,Cis woman,ANSUR (2012)
,88.4,,,81.1,,99.4,Cis woman,ANSUR (2012)
,99.2,,,97.8,,104.7,Cis woman,ANSUR (2012)
,91.3,,,73.8,,102.4,Cis woman,ANSUR (2012)
,115.2,,,100.1,,106.7,Cis woman,ANSUR (2012)
,83.6,,,70.5,,88.8,Cis woman,ANSUR (2012)
,95.7,,,90.1,,98.5,Cis woman,ANSUR (2012)
,75.7,,,62.0,,83.2,Cis woman,ANSUR (2012)
,98.5,,,100.0,,108.1,Cis woman,ANSUR (2012)
,103.6,,,95.2,,103.4,Cis woman,ANSUR (2012)
,94.3,,,82.3,,99.9,Cis woman,ANSUR (2012)
,96.0,,,91.9,,107.6,Cis woman,ANSUR (2012)
,87.5,,,88.6,,105.1,Cis woman,ANSUR (2012)
,87.9,,,79.1,,95.0,Cis woman,ANSUR (2012)
,93.5,,,79.4,,98.3,Cis woman,ANSUR (2012)
,88.6,,,82.2,,102.5,Cis woman,ANSUR (2012)
,101.8,,,99.6,,112.8,Cis woman,ANSUR (2012)
,92.9,,,79.8,,96.2,Cis woman,ANSUR (2012)
,93.5,,,79.5,,103.9,Cis woman,ANSUR (2012)
,93.2,,,94.0,,105.0,Cis woman,ANSUR (2012)
,90.6,,,71.6,,97.3,Cis woman,ANSUR (2012)
,115.0,,,116.4,,125.0,Cis woman,ANSUR (2012)
,99.1,,,87.0,,114.7,Cis woman,ANSUR (2012)
,100.0,,,88.6,,104.1,Cis woman,ANSUR (2012)
,104.5,,,83.1,,104.6,Cis woman,ANSUR (2012)
,86.2,,,74.9,,90.4,Cis woman,ANSUR (2012)
,90.0,,,81.1,,97.0,Cis woman,ANSUR (2012)
,97.6,,,85.0,,107.0,Cis woman,ANSUR (2012)
,89.9,,,77.9,,103.0,Cis woman,ANSUR (2012)
,100.3,,,100.9,,107.6,Cis woman,ANSUR (2012)
,99.5,,,93.9,,108.0,Cis woman,ANSUR (2012)
,95.5,,,90.7,,113.7,Cis woman,ANSUR (2012)
,91.0,,,85.1,,110.5,Cis woman,ANSUR (2012)
,94.5,,,91.7,,110.0,Cis woman,ANSUR (2012)
,89.2,,,78.0,,93.6,Cis woman,ANSUR (2012)
,106.6,,,104.6,,111.4,Cis woman,ANSUR (2012)
,104.0,,,93.9,,103.8,Cis woman,ANSUR (2012)
,98.0,,,90.9,,110.8,Cis woman,ANSUR (2012)
,110.0,,,107.6,,117.1,Cis woman,ANSUR (2012)
,87.2,,,79.9,,104.0,Cis woman,ANSUR (2012)
,105.9,,,100.9,,115.1,Cis woman,ANSUR (2012)
,85.2,,,86.5,,98.6,Cis woman,ANSUR (2012)
,114.2,,,115.4,,119.5,Cis woman,ANSUR (2012)
,87.0,,,81.4,,95.5,Cis woman,ANSUR (2012)
,88.0,,,80.1,,97.3,Cis woman,ANSUR (2012)
,89.2,,,83.0,,100.4,Cis woman,ANSUR (2012)
,95.7,,,80.7,,103.6,Cis woman,ANSUR (2012)
,107.0,,,107.3,,106.0,Cis woman,ANSUR (2012)
,96.2,,,94.6,,107.5,Cis woman,ANSUR (2012)
,93.0,,,84.5,,105.3,Cis woman,ANSUR (2012)
,89.5,,,74.8,,96.6,Cis woman,ANSUR (2012)
,105.0,,,100.3,,111.4,Cis woman,ANSUR (2012)
,92.5,,,81.4,,104.3,Cis woman,ANSUR (2012)
,89.5,,,78.2,,92.5,Cis woman,ANSUR (2012)
,89.5,,,78.0,,99.0,Cis woman,ANSUR (2012)
,110.1,,,101.6,,110.3,Cis woman,ANSUR (2012)
,91.0,,,84.7,,101.7,Cis woman,ANSUR (2012)
,90.3,,,80.3,,94.5,Cis woman,ANSUR (2012)
,87.8,,,73.3,,95.3,Cis woman,ANSUR (2012)
,84.6,,,86.6,,101.7,Cis woman,ANSUR (2012)
,83.6,,,74.5,,93.7,Cis woman,ANSUR (2012)
,87.0,,,70.5,,91.7,Cis woman,ANSUR (2012)
,86.9,,,78.4,,98.4,Cis woman,ANSUR (2012)
,79.4,,,71.2,,94.8,Cis woman,ANSUR (2012)
,84.5,,,74.2,,95.1,Cis woman,ANSUR (2012)
,88.0,,,80.5,,102.2,Cis woman,ANSUR (2012)
,84.3,,,73.0,,91.7,Cis woman,ANSUR (2012)
,83.8,,,76.1,,94.0,Cis woman,ANSUR (2012)
,107.7,,,100.0,,108.4,Cis woman,ANSUR (2012)
,96.3,,,88.5,,103.8,Cis woman,ANSUR (2012)
,101.2,,,80.0,,102.0,Cis woman,ANSUR (2012)
,100.0,,,94.5,,109.8,Cis woman,ANSUR (2012)
,86.0,,,81.0,,96.4,Cis woman,ANSUR (2012)
,92.5,,,80.8,,99.5,Cis woman,ANSUR (2012)
,100.2,,,96.1,,110.2,Cis woman,ANSUR (2012)
,96.0,,,77.2,,104.4,Cis woman,ANSUR (2012)
,95.7,,,92.8,,107.5,Cis woman,ANSUR (2012)
,92.2,,,88.9,,101.1,Cis woman,ANSUR (2012)
,115.7,,,105.0,,104.5,Cis woman,ANSUR (2012)
,91.5,,,77.7,,99.7,Cis woman,ANSUR (2012)
,88.5,,,86.6,,101.2,Cis woman,ANSUR (2012)
,104.0,,,84.2,,100.6,Cis woman,ANSUR (2012)
,100.3,,,84.2,,95.6,Cis woman,ANSUR (2012)
,83.7,,,69.0,,85.0,Cis woman,ANSUR (2012)
,87.1,,,75.0,,103.7,Cis woman,ANSUR (2012)
,111.5,,,95.0,,113.7,Cis woman,ANSUR (2012)
,92.4,,,82.9,,101.0,Cis woman,ANSUR (2012)
,99.7,,,99.5,,107.5,Cis woman,ANSUR (2012)
,87.0,,,76.7,,101.4,Cis woman,ANSUR (2012)
,102.5,,,89.8,,108.6,Cis woman,ANSUR (2012)
,100.6,,,94.0,,109.7,Cis woman,ANSUR (2012)
,87.6,,,78.7,,97.8,Cis woman,ANSUR (2012)
,93.3,,,81.2,,105.6,Cis woman,ANSUR (2012)
,96.6,,,82.0,,102.6,Cis woman,ANSUR (2012)
,90.0,,,81.3,,100.2,Cis woman,ANSUR (2012)
,104.0,,,84.5,,105.9,Cis woman,ANSUR (2012)
,104.5,,,101.1,,113.6,Cis woman,ANSUR (2012)
,92.5,,,75.8,,96.7,Cis woman,ANSUR (2012)
,97.5,,,81.4,,92.8,Cis woman,ANSUR (2012)
,91.0,,,77.0,,94.6,Cis woman,ANSUR (2012)
,95.2,,,80.9,,94.4,Cis woman,ANSUR (2012)
,90.7,,,81.7,,101.3,Cis woman,ANSUR (2012)
,108.9,,,93.8,,106.0,Cis woman,ANSUR (2012)
,94.3,,,84.5,,101.5,Cis woman,ANSUR (2012)
,104.7,,,99.5,,106.8,Cis woman,ANSUR (2012)
,102.7,,,90.7,,107.4,Cis woman,ANSUR (2012)
,103.8,,,98.3,,106.2,Cis woman,ANSUR (2012)
,90.6,,,80.1,,104.2,Cis woman,ANSUR (2012)
,109.5,,,102.9,,109.6,Cis woman,ANSUR (2012)
,103.2,,,105.2,,109.6,Cis woman,ANSUR (2012)
,98.1,,,84.8,,90.1,Cis woman,ANSUR (2012)
,111.3,,,95.5,,105.4,Cis woman,ANSUR (2012)
,86.0,,,80.7,,106.9,Cis woman,ANSUR (2012)
,106.8,,,85.5,,110.2,Cis woman,ANSUR (2012)
,102.5,,,96.9,,108.2,Cis woman,ANSUR (2012)
,92.5,,,90.0,,106.1,Cis woman,ANSUR (2012)
,92.7,,,80.0,,99.0,Cis woman,ANSUR (2012)
,87.3,,,72.0,,95.2,Cis woman,ANSUR (2012)
,94.8,,,94.2,,105.1,Cis woman,ANSUR (2012)
,98.2,,,101.5,,110.6,Cis woman,ANSUR (2012)
,102.9,,,101.9,,103.5,Cis woman,ANSUR (2012)
,96.5,,,82.9,,102.9,Cis woman,ANSUR (2012)
,102.8,,,93.7,,105.3,Cis woman,ANSUR (2012)
,89.1,,,88.5,,95.0,Cis woman,ANSUR (2012)
,99.7,,,81.6,,108.5,Cis woman,ANSUR (2012)
,101.6,,,92.2,,105.9,Cis woman,ANSUR (2012)
,100.8,,,96.5,,111.6,Cis woman,ANSUR (2012)
,99.7,,,93.1,,108.6,Cis woman,ANSUR (2012)
,90.2,,,89.5,,100.3,Cis woman,ANSUR (2012)
,97.2,,,82.9,,110.5,Cis woman,ANSUR (2012)
,96.0,,,98.0,,113.7,Cis woman,ANSUR (2012)
,91.2,,,80.0,,107.6,Cis woman,ANSUR (2012)
,107.9,,,101.2,,108.5,Cis woman,ANSUR (2012)
,86.5,,,80.1,,103.0,Cis woman,ANSUR (2012)
,95.7,,,91.5,,113.0,Cis woman,ANSUR (2012)
,99.0,,,93.7,,105.8,Cis woman,ANSUR (2012)
,93.6,,,81.1,,99.7,Cis woman,ANSUR (2012)
,85.6,,,69.1,,88.8,Cis woman,ANSUR (2012)
,91.7,,,81.3,,95.3,Cis woman,ANSUR (2012)
,93.0,,,89.0,,103.2,Cis woman,ANSUR (2012)
,87.6,,,78.2,,91.5,Cis woman,ANSUR (2012)
,96.2,,,92.7,,102.8,Cis woman,ANSUR (2012)
,88.2,,,87.4,,98.1,Cis woman,ANSUR (2012)
,89.1,,,76.5,,93.5,Cis woman,ANSUR (2012)
,90.2,,,80.0,,96.5,Cis woman,ANSUR (2012)
,91.0,,,73.4,,100.3,Cis woman,ANSUR (2012)
,92.3,,,77.5,,106.5,Cis woman,ANSUR (2012)
,107.2,,,106.1,,122.0,Cis woman,ANSUR (2012)
,98.7,,,92.6,,109.7,Cis woman,ANSUR (2012)
,96.7,,,86.5,,105.7,Cis woman,ANSUR (2012)
,84.1,,,75.2,,91.5,Cis woman,ANSUR (2012)
,100.8,,,87.7,,99.0,Cis woman,ANSUR (2012)
,91.9,,,90.0,,105.3,Cis woman,ANSUR (2012)
,109.3,,,105.4,,111.3,Cis woman,ANSUR (2012)
,98.3,,,90.3,,103.5,Cis woman,ANSUR (2012)
,83.9,,,72.8,,93.8,Cis woman,ANSUR (2012)
,102.7,,,94.7,,103.4,Cis woman,ANSUR (2012)
,92.5,,,75.4,,96.0,Cis woman,ANSUR (2012)
,101.5,,,92.1,,100.5,Cis woman,ANSUR (2012)
,96.7,,,85.1,,107.5,Cis woman,ANSUR (2012)
,101.8,,,85.1,,104.0,Cis woman,ANSUR (2012)
,86.2,,,79.0,,94.9,Cis woman,ANSUR (2012)
,84.6,,,76.4,,92.2,Cis woman,ANSUR (2012)
,104.4,,,99.2,,105.9,Cis woman,ANSUR (2012)
,91.7,,,81.6,,95.5,Cis woman,ANSUR (2012)
,105.7,,,96.5,,102.7,Cis woman,ANSUR (2012)
,103.4,,,97.5,,102.1,Cis woman,ANSUR (2012)
,86.4,,,73.4,,98.0,Cis woman,ANSUR (2012)
,94.2,,,82.0,,103.4,Cis woman,ANSUR (2012)
,88.5,,,84.8,,103.1,Cis woman,ANSUR (2012)
,104.8,,,92.5,,103.3,Cis woman,ANSUR (2012)
,99.6,,,92.7,,100.9,Cis woman,ANSUR (2012)
,98.8,,,83.7,,100.4,Cis woman,ANSUR (2012)
,89.2,,,80.2,,98.0,Cis woman,ANSUR (2012)
,84.8,,,84.6,,94.5,Cis woman,ANSUR (2012)
,86.1,,,77.8,,98.3,Cis woman,ANSUR (2012)
,93.7,,,85.3,,96.8,Cis woman,ANSUR (2012)
,85.5,,,73.0,,95.7,Cis woman,ANSUR (2012)
,94.3,,,88.6,,110.0,Cis woman,ANSUR (2012)
,99.7,,,92.9,,115.7,Cis woman,ANSUR (2012)
,93.6,,,90.0,,94.6,Cis woman,ANSUR (2012)
,81.0,,,75.9,,90.6,Cis woman,ANSUR (2012)
,88.7,,,81.6,,95.6,Cis woman,ANSUR (2012)
,89.7,,,77.0,,91.6,Cis woman,ANSUR (2012)
,96.1,,,89.5,,103.6,Cis woman,ANSUR (2012)
,100.4,,,88.0,,99.1,Cis woman,ANSUR (2012)
,97.2,,,90.4,,107.9,Cis woman,ANSUR (2012)
,97.1,,,93.8,,102.3,Cis woman,ANSUR (2012)
,91.3,,,90.6,,103.0,Cis woman,ANSUR (2012)
,85.8,,,75.0,,100.5,Cis woman,ANSUR (2012)
,94.6,,,84.5,,106.1,Cis woman,ANSUR (2012)
,92.0,,,81.1,,97.2,Cis woman,ANSUR (2012)
,90.2,,,88.8,,100.8,Cis woman,ANSUR (2012)
,97.0,,,77.4,,105.6,Cis woman,ANSUR (2012)
,91.1,,,84.6,,100.4,Cis woman,ANSUR (2012)
,92.6,,,86.1,,100.5,Cis woman,ANSUR (2012)
,89.2,,,72.4,,87.9,Cis woman,ANSUR (2012)
,97.1,,,92.8,,100.2,Cis woman,ANSUR (2012)
,111.7,,,102.6,,110.1,Cis woman,ANSUR (2012)
,94.3,,,91.5,,104.3,Cis woman,ANSUR (2012)
,98.1,,,98.7,,109.2,Cis woman,ANSUR (2012)
,89.2,,,91.5,,104.5,Cis woman,ANSUR (2012)
,100.0,,,88.8,,110.5,Cis woman,ANSUR (2012)
,97.5,,,86.3,,98.2,Cis woman,ANSUR (2012)
,100.5,,,85.7,,96.6,Cis woman,ANSUR (2012)
,119.5,,,103.7,,121.7,Cis woman,ANSUR (2012)
,101.6,,,95.0,,107.5,Cis woman,ANSUR (2012)
,90.1,,,87.7,,99.9,Cis woman,ANSUR (2012)
,88.9,,,66.5,,91.9,Cis woman,ANSUR (2012)
,98.3,,,88.5,,116.5,Cis woman,ANSUR (2012)
,88.3,,,81.2,,96.9,Cis woman,ANSUR (2012)
,115.2,,,109.6,,119.7,Cis woman,ANSUR (2012)
,114.8,,,100.6,,103.5,Cis woman,ANSUR (2012)
,85.5,,,68.5,,87.3,Cis woman,ANSUR (2012)
,90.1,,,94.4,,100.1,Cis woman,ANSUR (2012)
,98.3,,,97.3,,106.3,Cis woman,ANSUR (2012)
,96.8,,,97.5,,108.0,Cis woman,ANSUR (2012)
,92.3,,,85.3,,98.1,Cis woman,ANSUR (2012)
,89.7,,,88.5,,107.2,Cis woman,ANSUR (2012)
,94.0,,,81.6,,105.7,Cis woman,ANSUR (2012)
,99.0,,,98.2,,107.6,Cis woman,ANSUR (2012)
,90.6,,,85.6,,113.2,Cis woman,ANSUR (2012)
,76.9,,,71.0,,89.8,Cis woman,ANSUR (2012)
,101.0,,,89.0,,101.1,Cis woman,ANSUR (2012)
,104.6,,,99.0,,106.2,Cis woman,ANSUR (2012)
,89.5,,,79.3,,100.1,Cis woman,ANSUR (2012)
,99.7,,,96.2,,104.9,Cis woman,ANSUR (2012)
,84.6,,,72.7,,96.9,Cis woman,ANSUR (2012)
,90.4,,,77.0,,99.4,Cis woman,ANSUR (2012)
,99.1,,,93.0,,102.0,Cis woman,ANSUR (2012)
,87.8,,,84.9,,94.7,Cis woman,ANSUR (2012)
,95.7,,,88.2,,100.3,Cis woman,ANSUR (2012)
,87.6,,,74.9,,95.8,Cis woman,ANSUR (2012)
,95.5,,,93.5,,107.4,Cis woman,ANSUR (2012)
,106.2,,,90.3,,103.8,Cis woman,ANSUR (2012)
,93.2,,,89.0,,103.8,Cis woman,ANSUR (2012)
,92.8,,,90.0,,107.9,Cis woman,ANSUR (2012)
,85.0,,,75.2,,89.7,Cis woman,ANSUR (2012)
,83.8,,,80.3,,99.4,Cis woman,ANSUR (2012)
,93.8,,,86.1,,96.3,Cis woman,ANSUR (2012)
,100.4,,,90.6,,99.2,Cis woman,ANSUR (2012)
,90.5,,,87.0,,98.8,Cis woman,ANSUR (2012)
,91.8,,,86.0,,101.4,Cis woman,ANSUR (2012)
,85.9,,,78.5,,103.7,Cis woman,ANSUR (2012)
,88.0,,,77.0,,93.0,Cis woman,ANSUR (2012)
,82.9,,,75.6,,93.3,Cis woman,ANSUR (2012)
,94.5,,,90.1,,106.3,Cis woman,ANSUR (2012)
,82.5,,,65.8,,80.1,Cis woman,ANSUR (2012)
,98.5,,,87.3,,108.9,Cis woman,ANSUR (2012)
,99.8,,,103.3,,109.0,Cis woman,ANSUR (2012)
,101.6,,,86.3,,105.2,Cis woman,ANSUR (2012)
,84.5,,,76.1,,97.4,Cis woman,ANSUR (2012)
,87.8,,,79.2,,91.7,Cis woman,ANSUR (2012)
,90.2,,,83.2,,101.3,Cis woman,ANSUR (2012)
,88.4,,,75.3,,94.6,Cis woman,ANSUR (2012)
,83.7,,,76.0,,93.0,Cis woman,ANSUR (2012)
,92.3,,,91.3,,101.2,Cis woman,ANSUR (2012)
,90.5,,,77.9,,93.4,Cis woman,ANSUR (2012)
,85.1,,,80.3,,96.9,Cis woman,ANSUR (2012)
,99.2,,,87.8,,104.7,Cis woman,ANSUR (2012)
,102.1,,,108.0,,113.6,Cis woman,ANSUR (2012)
,82.4,,,74.2,,93.7,Cis woman,ANSUR (2012)
,97.4,,,81.7,,101.4,Cis woman,ANSUR (2012)
,78.3,,,75.9,,89.7,Cis woman,ANSUR (2012)
,94.5,,,86.5,,98.1,Cis woman,ANSUR (2012)
,97.5,,,85.5,,102.7,Cis woman,ANSUR (2012)
,101.3,,,96.7,,113.4,Cis woman,ANSUR (2012)
,97.0,,,99.2,,101.1,Cis woman,ANSUR (2012)
,83.8,,,73.6,,87.5,Cis woman,ANSUR (2012)
,92.3,,,87.6,,99.9,Cis woman,ANSUR (2012)
,100.9,,,94.7,,108.2,Cis woman,ANSUR (2012)
,102.9,,,100.0,,114.5,Cis woman,ANSUR (2012)
,83.2,,,80.2,,95.6,Cis woman,ANSUR (2012)
,78.2,,,69.5,,93.6,Cis woman,ANSUR (2012)
,88.5,,,80.7,,94.3,Cis woman,ANSUR (2012)
,98.8,,,91.8,,103.4,Cis woman,ANSUR (2012)
,83.3,,,75.0,,95.8,Cis woman,ANSUR (2012)
,91.9,,,88.1,,100.5,Cis woman,ANSUR (2012)
,92.6,,,80.6,,100.0,Cis woman,ANSUR (2012)
,87.0,,,87.5,,101.4,Cis woman,ANSUR (2012)
,87.2,,,79.8,,95.2,Cis woman,ANSUR (2012)
,83.8,,,71.6,,93.8,Cis woman,ANSUR (2012)
,84.5,,,82.9,,92.0,Cis woman,ANSUR (2012)
,93.0,,,94.3,,100.7,Cis woman,ANSUR (2012)
,84.5,,,83.4,,105.8,Cis woman,ANSUR (2012)
,100.7,,,95.8,,106.3,Cis woman,ANSUR (2012)
,90.8,,,79.6,,95.8,Cis woman,ANSUR (2012)
,97.5,,,86.5,,103.0,Cis woman,ANSUR (2012)
,108.0,,,105.2,,107.7,Cis woman,ANSUR (2012)
,99.6,,,88.1,,108.3,Cis woman,ANSUR (2012)
,77.3,,,76.7,,94.6,Cis woman,ANSUR (2012)
,99.6,,,97.8,,117.1,Cis woman,ANSUR (2012)
,93.5,,,93.6,,98.3,Cis woman,ANSUR (2012)
,96.5,,,97.0,,106.3,Cis woman,ANSUR (2012)
,99.5,,,90.4,,105.2,Cis woman,ANSUR (2012)
,86.2,,,78.3,,97.9,Cis woman,ANSUR (2012)
,85.6,,,77.2,,92.7,Cis woman,ANSUR (2012)
,96.4,,,96.0,,104.4,Cis woman,ANSUR (2012)
,96.9,,,87.1,,100.1,Cis woman,ANSUR (2012)
,83.9,,,82.5,,101.0,Cis woman,ANSUR (2012)
,80.3,,,73.4,,95.4,Cis woman,ANSUR (2012)
,91.8,,,85.2,,101.7,Cis woman,ANSUR (2012)
,91.4,,,81.3,,102.9,Cis woman,ANSUR (2012)
,82.0,,,76.5,,96.0,Cis woman,ANSUR (2012)
,100.6,,,95.5,,105.8,Cis woman,ANSUR (2012)
,97.0,,,88.2,,109.9,Cis woman,ANSUR (2012)
,88.2,,,80.0,,93.5,Cis woman,ANSUR (2012)
,90.9,,,82.7,,98.4,Cis woman,ANSUR (2012)
,99.6,,,88.7,,106.4,Cis woman,ANSUR (2012)
,90.8,,,83.0,,104.9,Cis woman,ANSUR (2012)
,78.6,,,69.7,,88.0,Cis woman,ANSUR (2012)
,93.5,,,85.7,,105.2,Cis woman,ANSUR (2012)
,89.7,,,78.8,,94.8,Cis woman,ANSUR (2012)
,90.6,,,93.6,,103.9,Cis woman,ANSUR (2012)
,85.0,,,76.8,,97.5,Cis woman,ANSUR (2012)
,92.9,,,83.3,,104.4,Cis woman,ANSUR (2012)
,89.2,,,80.2,,99.3,Cis woman,ANSUR (2012)
,79.8,,,74.2,,92.6,Cis woman,ANSUR (2012)
,93.3,,,85.0,,102.7,Cis woman,ANSUR (2012)
,84.1,,,75.8,,92.3,Cis woman,ANSUR (2012)
,81.2,,,70.6,,87.0,Cis woman,ANSUR (2012)
,84.3,,,77.5,,95.1,Cis woman,ANSUR (2012)
,93.6,,,91.2,,103.8,Cis woman,ANSUR (2012)
,94.5,,,88.6,,104.2,Cis woman,ANSUR (2012)
,78.4,,,75.5,,90.5,Cis woman,ANSUR (2012)
,80.4,,,76.5,,87.2,Cis woman,ANSUR (2012)
,93.2,,,89.7,,102.6,Cis woman,ANSUR (2012)
,92.7,,,86.8,,98.4,Cis woman,ANSUR (2012)
,78.3,,,79.0,,90.0,Cis woman,ANSUR (2012)
,84.6,,,78.5,,93.8,Cis woman,ANSUR (2012)
,90.9,,,86.4,,104.5,Cis woman,ANSUR (2012)
,112.1,,,96.7,,112.1,Cis woman,ANSUR (2012)
,89.2,,,76.0,,93.9,Cis woman,ANSUR (2012)
,81.4,,,72.6,,90.3,Cis woman,ANSUR (2012)
,93.9,,,84.2,,98.9,Cis woman,ANSUR (2012)
,93.3,,,86.5,,103.5,Cis woman,ANSUR (2012)
,89.4,,,88.8,,95.9,Cis woman,ANSUR (2012)
,95.7,,,81.9,,100.2,Cis woman,ANSUR (2012)
,78.7,,,73.9,,94.5,Cis woman,ANSUR (2012)
,85.3,,,80.5,,98.0,Cis woman,ANSUR (2012)
,98.9,,,88.0,,103.8,Cis woman,ANSUR (2012)
,92.7,,,81.0,,102.9,Cis woman,ANSUR (2012)
,88.3,,,80.3,,92.8,Cis woman,ANSUR (2012)
,93.0,,,78.7,,97.7,Cis woman,ANSUR (2012)
,86.2,,,78.7,,98.6,Cis woman,ANSUR (2012)
,87.7,,,82.1,,94.8,Cis woman,ANSUR (2012)
,83.0,,,72.3,,92.2,Cis woman,ANSUR (2012)
,79.8,,,62.8,,83.3,Cis woman,ANSUR (2012)
,95.5,,,95.1,,108.5,Cis woman,ANSUR (2012)
,95.8,,,85.7,,106.6,Cis woman,ANSUR (2012)
,78.7,,,72.6,,89.4,Cis woman,ANSUR (2012)
,80.2,,,70.0,,87.0,Cis woman,ANSUR (2012)
,91.7,,,86.0,,98.0,Cis woman,ANSUR (2012)
,94.2,,,83.2,,107.2,Cis woman,ANSUR (2012)
,94.7,,,81.8,,92.7,Cis woman,ANSUR (2012)
,90.2,,,81.3,,105.8,Cis woman,ANSUR (2012)
,82.5,,,70.5,,92.5,Cis woman,ANSUR (2012)
,84.4,,,76.8,,103.7,Cis woman,ANSUR (2012)
,88.8,,,77.9,,104.3,Cis woman,ANSUR (2012)
,82.4,,,69.9,,89.4,Cis woman,ANSUR (2012)
,84.3,,,76.8,,96.1,Cis woman,ANSUR (2012)
,91.5,,,89.8,,101.1,Cis woman,ANSUR (2012)
,95.8,,,90.0,,106.3,Cis woman,ANSUR (2012)
,88.0,,,79.1,,90.3,Cis woman,ANSUR (2012)
,101.1,,,89.5,,97.3,Cis woman,ANSUR (2012)
,80.3,,,71.0,,90.3,Cis woman,ANSUR (2012)
,91.4,,,82.7,,94.1,Cis woman,ANSUR (2012)
,84.8,,,81.2,,98.5,Cis woman,ANSUR (2012)
,86.7,,,80.8,,100.2,Cis woman,ANSUR (2012)
,90.9,,,78.9,,102.7,Cis woman,ANSUR (2012)
,111.0,,,109.2,,115.8,Cis woman,ANSUR (2012)
,97.5,,,81.5,,99.5,Cis woman,ANSUR (2012)
,101.8,,,93.7,,103.6,Cis woman,ANSUR (2012)
,106.8,,,104.0,,105.6,Cis woman,ANSUR (2012)
,95.8,,,85.4,,100.9,Cis woman,ANSUR (2012)
,121.2,,,107.6,,126.5,Cis woman,ANSUR (2012)
,100.4,,,103.1,,116.5,Cis woman,ANSUR (2012)
,105.2,,,93.0,,107.8,Cis woman,ANSUR (2012)
,107.3,,,97.6,,112.4,Cis woman,ANSUR (2012)
,91.0,,,91.6,,99.8,Cis woman,ANSUR (2012)
,105.7,,,92.7,,103.0,Cis woman,ANSUR (2012)
,104.3,,,103.2,,115.8,Cis woman,ANSUR (2012)
,90.2,,,92.5,,105.7,Cis woman,ANSUR (2012)
,90.9,,,88.9,,102.7,Cis woman,ANSUR (2012)
,78.3,,,70.8,,88.7,Cis woman,ANSUR (2012)
,103.6,,,92.5,,106.2,Cis woman,ANSUR (2012)
,96.5,,,83.3,,103.0,Cis woman,ANSUR (2012)
,83.0,,,82.7,,92.9,Cis woman,ANSUR (2012)
,107.7,,,104.2,,116.0,Cis woman,ANSUR (2012)
,94.5,,,96.1,,106.1,Cis woman,ANSUR (2012)
,94.3,,,86.6,,106.4,Cis woman,ANSUR (2012)
,94.8,,,91.1,,111.0,Cis woman,ANSUR (2012)
,95.3,,,87.5,,100.6,Cis woman,ANSUR (2012)
,97.5,,,90.6,,101.6,Cis woman,ANSUR (2012)
,92.3,,,83.5,,103.7,Cis woman,ANSUR (2012)
,88.1,,,78.7,,96.0,Cis woman,ANSUR (2012)
,98.6,,,94.3,,103.1,Cis woman,ANSUR (2012)
,98.8,,,91.3,,111.0,Cis woman,ANSUR (2012)
,89.6,,,77.8,,97.4,Cis woman,ANSUR (2012)
,82.3,,,72.2,,91.6,Cis woman,ANSUR (2012)
,93.5,,,84.3,,100.9,Cis woman,ANSUR (2012)
,93.2,,,78.2,,97.0,Cis woman,ANSUR (2012)
,88.3,,,79.1,,94.7,Cis woman,ANSUR (2012)
,81.3,,,76.1,,91.1,Cis woman,ANSUR (2012)
,95.4,,,85.3,,101.5,Cis woman,ANSUR (2012)
,88.4,,,72.5,,92.7,Cis woman,ANSUR (2012)
,86.5,,,77.9,,97.0,Cis woman,ANSUR (2012)
,86.9,,,83.4,,101.0,Cis woman,ANSUR (2012)
,92.7,,,80.0,,102.1,Cis woman,ANSUR (2012)
,89.6,,,83.5,,96.5,Cis woman,ANSUR (2012)
,94.6,,,82.5,,105.3,Cis woman,ANSUR (2012)
,95.0,,,96.2,,113.9,Cis woman,ANSUR (2012)
,89.5,,,82.3,,96.5,Cis woman,ANSUR (2012)
,91.0,,,84.6,,103.6,Cis woman,ANSUR (2012)
,87.6,,,95.9,,106.2,Cis woman,ANSUR (2012)
,96.2,,,90.7,,102.5,Cis woman,ANSUR (2012)
,91.0,,,80.7,,99.3,Cis woman,ANSUR (2012)
,86.3,,,85.3,,98.7,Cis woman,ANSUR (2012)
,89.6,,,75.3,,97.8,Cis woman,ANSUR (2012)
,89.8,,,83.9,,96.5,Cis woman,ANSUR (2012)
,92.1,,,76.2,,92.2,Cis woman,ANSUR (2012)
,91.4,,,86.1,,104.2,Cis woman,ANSUR (2012)
,92.0,,,84.5,,96.0,Cis woman,ANSUR (2012)
,86.9,,,81.8,,99.4,Cis woman,ANSUR (2012)
,86.0,,,76.0,,88.5,Cis woman,ANSUR (2012)
,95.1,,,88.5,,103.7,Cis woman,ANSUR (2012)
,93.6,,,87.2,,102.0,Cis woman,ANSUR (2012)
,101.7,,,88.7,,99.1,Cis woman,ANSUR (2012)
,84.4,,,78.8,,101.8,Cis woman,ANSUR (2012)
,100.0,,,93.7,,105.5,Cis woman,ANSUR (2012)
,83.2,,,79.8,,94.6,Cis woman,ANSUR (2012)
,88.8,,,82.6,,98.7,Cis woman,ANSUR (2012)
,89.5,,,76.1,,93.9,Cis woman,ANSUR (2012)
,91.9,,,82.2,,95.9,Cis woman,ANSUR (2012)
,90.6,,,80.3,,97.0,Cis woman,ANSUR (2012)
,86.5,,,79.1,,95.5,Cis woman,ANSUR (2012)
,95.0,,,84.6,,103.5,Cis woman,ANSUR (2012)
,90.6,,,76.2,,88.9,Cis woman,ANSUR (2012)
,90.8,,,86.0,,95.4,Cis woman,ANSUR (2012)
,90.6,,,86.7,,103.3,Cis woman,ANSUR (2012)
,81.5,,,79.3,,93.0,Cis woman,ANSUR (2012)
,95.2,,,92.8,,104.4,Cis woman,ANSUR (2012)
,77.5,,,67.2,,85.3,Cis woman,ANSUR (2012)
,81.5,,,78.5,,95.8,Cis woman,ANSUR (2012)
,95.6,,,91.6,,117.7,Cis woman,ANSUR (2012)
,92.7,,,85.4,,102.7,Cis woman,ANSUR (2012)
,85.5,,,77.8,,98.1,Cis woman,ANSUR (2012)
,90.0,,,77.1,,103.1,Cis woman,ANSUR (2012)
,94.6,,,89.7,,110.1,Cis woman,ANSUR (2012)
,88.2,,,82.2,,97.0,Cis woman,ANSUR (2012)
,97.3,,,93.5,,98.5,Cis woman,ANSUR (2012)
,84.8,,,82.8,,96.4,Cis woman,ANSUR (2012)
,90.3,,,84.1,,97.5,Cis woman,ANSUR (2012)
,81.5,,,75.4,,93.3,Cis woman,ANSUR (2012)
,88.3,,,86.5,,101.7,Cis woman,ANSUR (2012)
,90.2,,,82.7,,105.9,Cis woman,ANSUR (2012)
,93.0,,,88.7,,101.2,Cis woman,ANSUR (2012)
,86.6,,,83.6,,97.2,Cis woman,ANSUR (2012)
,93.1,,,91.7,,104.0,Cis woman,ANSUR (2012)
,82.6,,,73.9,,91.5,Cis woman,ANSUR (2012)
,84.7,,,77.9,,93.1,Cis woman,ANSUR (2012)
,85.7,,,77.5,,98.1,Cis woman,ANSUR (2012)
,92.0,,,86.0,,101.8,Cis woman,ANSUR (2012)
,78.4,,,70.0,,89.8,Cis woman,ANSUR (2012)
,84.0,,,81.2,,96.3,Cis woman,ANSUR (2012)
,102.5,,,90.8,,105.9,Cis woman,ANSUR (2012)
,79.4,,,73.3,,89.8,Cis woman,ANSUR (2012)
,94.5,,,90.4,,99.4,Cis woman,ANSUR (2012)
,89.0,,,81.4,,95.9,Cis woman,ANSUR (2012)
,95.7,,,87.2,,96.5,Cis woman,ANSUR (2012)
,100.8,,,98.0,,107.1,Cis woman,ANSUR (2012)
,99.8,,,104.6,,109.6,Cis woman,ANSUR (2012)
,90.9,,,84.1,,98.0,Cis woman,ANSUR (2012)
,98.2,,,82.4,,97.7,Cis woman,ANSUR (2012)
,101.8,,,95.5,,107.4,Cis woman,ANSUR (2012)
,79.6,,,71.7,,93.0,Cis woman,ANSUR (2012)
,111.2,,,96.4,,103.0,Cis woman,ANSUR (2012)
,91.3,,,75.8,,100.5,Cis woman,ANSUR (2012)
,88.4,,,82.9,,103.0,Cis woman,ANSUR (2012)
,107.3,,,99.9,,100.5,Cis woman,ANSUR (2012)
,101.2,,,94.1,,108.8,Cis woman,ANSUR (2012)
,91.7,,,77.6,,94.6,Cis woman,ANSUR (2012)
,97.9,,,82.2,,100.3,Cis woman,ANSUR (2012)
,87.7,,,75.2,,93.1,Cis woman,ANSUR (2012)
,82.4,,,71.6,,81.5,Cis woman,ANSUR (2012)
,88.9,,,75.9,,92.6,Cis woman,ANSUR (2012)
,96.0,,,89.8,,111.2,Cis woman,ANSUR (2012)
,98.3,,,85.2,,105.5,Cis woman,ANSUR (2012)
,97.6,,,92.0,,105.4,Cis woman,ANSUR (2012)
,102.9,,,104.7,,113.0,Cis woman,ANSUR (2012)
,91.5,,,90.4,,106.6,Cis woman,ANSUR (2012)
,92.2,,,87.5,,106.0,Cis woman,ANSUR (2012)
,99.2,,,85.0,,106.2,Cis woman,ANSUR (2012)
,101.5,,,98.7,,107.9,Cis woman,ANSUR (2012)
,94.5,,,87.0,,107.9,Cis woman,ANSUR (2012)
,84.3,,,74.3,,91.2,Cis woman,ANSUR (2012)
,109.6,,,91.0,,110.0,Cis woman,ANSUR (2012)
,97.4,,,96.4,,109.5,Cis woman,ANSUR (2012)
,103.2,,,93.4,,104.6,Cis woman,ANSUR (2012)
,88.2,,,78.0,,98.5,Cis woman,ANSUR (2012)
,101.3,,,95.1,,110.4,Cis woman,ANSUR (2012)
,89.9,,,79.5,,96.9,Cis woman,ANSUR (2012)
,84.7,,,81.5,,90.7,Cis woman,ANSUR (2012)
,95.3,,,84.8,,101.5,Cis woman,ANSUR (2012)
,99.3,,,79.7,,96.6,Cis woman,ANSUR (2012)
,89.7,,,92.7,,96.1,Cis woman,ANSUR (2012)
,101.5,,,98.6,,108.6,Cis woman,ANSUR (2012)
,92.4,,,88.4,,110.3,Cis woman,ANSUR (2012)
,73.7,,,67.3,,87.2,Cis woman,ANSUR (2012)
,96.2,,,81.0,,103.9,Cis woman,ANSUR (2012)
,99.8,,,93.3,,107.6,Cis woman,ANSUR (2012)
,93.7,,,99.5,,107.7,Cis woman,ANSUR (2012)
,100.4,,,96.6,,110.0,Cis woman,ANSUR (2012)
,92.4,,,87.4,,103.6,Cis woman,ANSUR (2012)
,102.3,,,101.3,,104.4,Cis woman,ANSUR (2012)
,88.7,,,73.5,,99.8,Cis woman,ANSUR (2012)
,95.0,,,107.2,,113.0,Cis woman,ANSUR (2012)
,91.7,,,83.4,,104.6,Cis woman,ANSUR (2012)
,105.2,,,106.5,,116.7,Cis woman,ANSUR (2012)
,86.8,,,81.8,,97.3,Cis woman,ANSUR (2012)
,86.1,,,82.8,,99.0,Cis woman,ANSUR (2012)
,98.0,,,94.5,,104.0,Cis woman,ANSUR (2012)
,94.5,,,90.0,,100.2,Cis woman,ANSUR (2012)
,85.7,,,83.1,,103.3,Cis woman,ANSUR (2012)
,88.5,,,82.2,,93.2,Cis woman,ANSUR (2012)
,99.4,,,102.1,,111.7,Cis woman,ANSUR (2012)
,120.2,,,115.7,,114.8,Cis woman,ANSUR (2012)
,98.2,,,86.1,,104.2,Cis woman,ANSUR (2012)
,88.2,,,76.5,,97.1,Cis woman,ANSUR (2012)
,120.8,,,108.5,,107.8,Cis woman,ANSUR (2012)
,93.0,,,88.0,,99.5,Cis woman,ANSUR (2012)
,98.5,,,101.2,,107.4,Cis woman,ANSUR (2012)
,92.2,,,83.1,,100.6,Cis woman,ANSUR (2012)
,88.9,,,79.7,,91.6,Cis woman,ANSUR (2012)
,79.2,,,76.2,,91.8,Cis woman,ANSUR (2012)
,99.7,,,92.2,,110.8,Cis woman,ANSUR (2012)
,105.1,,,103.5,,109.2,Cis woman,ANSUR (2012)
,90.8,,,101.2,,108.3,Cis woman,ANSUR (2012)
,96.4,,,86.4,,98.6,Cis woman,ANSUR (2012)
,98.0,,,96.2,,107.9,Cis woman,ANSUR (2012)
,97.2,,,91.4,,98.3,Cis woman,ANSUR (2012)
,92.1,,,86.2,,109.4,Cis woman,ANSUR (2012)
,100.3,,,95.7,,104.5,Cis woman,ANSUR (2012)
,103.5,,,89.7,,114.7,Cis woman,ANSUR (2012)
,86.3,,,81.2,,96.4,Cis woman,ANSUR (2012)
,93.9,,,86.5,,99.8,Cis woman,ANSUR (2012)
,98.0,,,105.4,,119.0,Cis woman,ANSUR (2012)
,103.0,,,97.3,,116.3,Cis woman,ANSUR (2012)
,103.5,,,94.7,,96.6,Cis woman,ANSUR (2012)
,93.3,,,90.2,,104.1,Cis woman,ANSUR (2012)
,86.0,,,78.2,,90.9,Cis woman,ANSUR (2012)
,87.3,,,75.5,,90.5,Cis woman,ANSUR (2012)
,97.6,,,99.0,,109.8,Cis woman,ANSUR (2012)
,100.3,,,97.2,,112.6,Cis woman,ANSUR (2012)
,95.1,,,92.2,,106.9,Cis woman,ANSUR (2012)
,92.4,,,89.5,,103.1,Cis woman,ANSUR (2012)
,96.6,,,88.5,,103.4,Cis woman,ANSUR (2012)
,102.2,,,91.0,,102.3,Cis woman,ANSUR (2012)
,94.7,,,82.7,,100.0,Cis woman,ANSUR (2012)
,94.1,,,84.0,,108.5,Cis woman,ANSUR (2012)
,106.6,,,103.2,,119.6,Cis woman,ANSUR (2012)
,109.1,,,90.3,,106.1,Cis woman,ANSUR (2012)
,95.3,,,87.5,,100.5,Cis woman,ANSUR (2012)
,90.4,,,79.0,,97.9,Cis woman,ANSUR (2012)
,90.0,,,87.5,,106.3,Cis woman,ANSUR (2012)
,101.3,,,98.3,,111.0,Cis woman,ANSUR (2012)
,114.7,,,113.9,,116.8,Cis woman,ANSUR (2012)
,87.4,,,79.2,,99.5,Cis woman,ANSUR (2012)
,121.4,,,113.3,,118.1,Cis woman,ANSUR (2012)
,89.3,,,88.1,,99.1,Cis woman,ANSUR (2012)
,90.2,,,90.7,,110.1,Cis woman,ANSUR (2012)
,94.0,,,85.0,,99.4,Cis woman,ANSUR (2012)
,98.9,,,94.5,,105.4,Cis woman,ANSUR (2012)
,103.3,,,106.9,,116.0,Cis woman,ANSUR (2012)
,99.5,,,92.0,,111.1,Cis woman,ANSUR (2012)
,115.4,,,109.5,,115.7,Cis woman,ANSUR (2012)
,117.2,,,103.9,,109.8,Cis woman,ANSUR (2012)
,87.0,,,76.5,,93.6,Cis woman,ANSUR (2012)
,111.0,,,104.2,,107.8,Cis woman,ANSUR (2012)
,98.2,,,88.0,,99.0,Cis woman,ANSUR (2012)
,89.7,,,81.1,,97.8,Cis woman,ANSUR (2012)
,96.6,,,98.7,,111.4,Cis woman,ANSUR (2012)
,83.8,,,79.3,,99.9,Cis woman,ANSUR (2012)
,99.6,,,91.8,,110.2,Cis woman,ANSUR (2012)
,100.6,,,104.0,,106.0,Cis woman,ANSUR (2012)
,88.2,,,80.3,,90.1,Cis woman,ANSUR (2012)
,103.5,,,83.8,,98.3,Cis woman,ANSUR (2012)
,89.5,,,87.8,,98.8,Cis woman,ANSUR (2012)
,105.3,,,104.0,,114.8,Cis woman,ANSUR (2012)
,88.2,,,78.5,,95.7,Cis woman,ANSUR (2012)
,103.6,,,94.3,,102.7,Cis woman,ANSUR (2012)
,87.6,,,80.0,,96.6,Cis woman,ANSUR (2012)
,96.4,,,91.6,,102.6,Cis woman,ANSUR (2012)
,93.5,,,96.1,,101.3,Cis woman,ANSUR (2012)
,109.8,,,106.5,,115.9,Cis woman,ANSUR (2012)
,92.4,,,84.7,,104.6,Cis woman,ANSUR (2012)
,103.2,,,102.0,,115.8,Cis woman,ANSUR (2012)
,92.3,,,79.0,,90.4,Cis woman,ANSUR (2012)
,93.4,,,88.7,,108.0,Cis woman,ANSUR (2012)
,107.7,,,97.5,,108.8,Cis woman,ANSUR (2012)
,109.8,,,110.0,,120.5,Cis woman,ANSUR (2012)
,90.7,,,89.6,,98.2,Cis woman,ANSUR (2012)
,72.6,,,66.0,,85.4,Cis woman,ANSUR (2012)
,109.0,,,102.1,,102.2,Cis woman,ANSUR (2012)
,83.6,,,79.0,,90.0,Cis woman,ANSUR (2012)
,90.1,,,81.6,,98.9,Cis woman,ANSUR (2012)
,102.3,,,96.6,,104.8,Cis woman,ANSUR (2012)
,98.0,,,96.6,,108.3,Cis woman,ANSUR (2012)
,97.6,,,80.9,,98.5,Cis woman,ANSUR (2012)
,92.2,,,78.7,,89.0,Cis woman,ANSUR (2012)
,112.6,,,90.7,,108.9,Cis woman,ANSUR (2012)
,89.2,,,87.7,,100.2,Cis woman,ANSUR (2012)
,100.0,,,87.8,,110.2,Cis woman,ANSUR (2012)
,86.4,,,73.4,,98.2,Cis woman,ANSUR (2012)
,88.0,,,86.1,,101.0,Cis woman,ANSUR (2012)
,98.0,,,88.5,,96.1,Cis woman,ANSUR (2012)
,93.6,,,82.0,,98.5,Cis woman,ANSUR (2012)
,88.2,,,79.6,,96.2,Cis woman,ANSUR (2012)
,93.4,,,83.5,,97.5,Cis woman,ANSUR (2012)
,102.1,,,92.2,,109.2,Cis woman,ANSUR (2012)
,88.7,,,76.9,,96.3,Cis woman,ANSUR (2012)
,90.0,,,81.2,,95.9,Cis woman,ANSUR (2012)
,103.5,,,97.3,,106.3,Cis woman,ANSUR (2012)
,101.3,,,95.2,,102.1,Cis woman,ANSUR (2012)
,110.0,,,111.3,,111.0,Cis woman,ANSUR (2012)
,98.1,,,90.7,,95.2,Cis woman,ANSUR (2012)
,109.5,,,106.8,,115.6,Cis woman,ANSUR (2012)
,98.5,,,84.3,,95.5,Cis woman,ANSUR (2012)
,88.4,,,75.5,,99.9,Cis woman,ANSUR (2012)
,103.0,,,91.0,,102.5,Cis woman,ANSUR (2012)
,101.2,,,94.3,,110.2,Cis woman,ANSUR (2012)
,89.0,,,81.9,,104.5,Cis woman,ANSUR (2012)
,87.8,,,90.5,,110.4,Cis woman,ANSUR (2012)
,102.8,,,101.8,,108.7,Cis woman,ANSUR (2012)
,82.5,,,75.7,,92.8,Cis woman,ANSUR (2012)
,104.1,,,89.3,,109.2,Cis woman,ANSUR (2012)
,102.3,,,84.9,,104.1,Cis woman,ANSUR (2012)
,94.9,,,76.8,,99.0,Cis woman,ANSUR (2012)
,91.4,,,85.0,,105.1,Cis woman,ANSUR (2012)
,111.1,,,109.0,,113.9,Cis woman,ANSUR (2012)
,85.5,,,83.5,,97.6,Cis woman,ANSUR (2012)
,101.5,,,94.6,,110.7,Cis woman,ANSUR (2012)
,92.9,,,85.2,,106.6,Cis woman,ANSUR (2012)
,92.5,,,74.1,,93.9,Cis woman,ANSUR (2012)
,112.9,,,106.0,,113.8,Cis woman,ANSUR (2012)
,100.8,,,101.7,,106.0,Cis woman,ANSUR (2012)
,84.5,,,78.2,,100.2,Cis woman,ANSUR (2012)
,103.9,,,103.0,,111.5,Cis woman,ANSUR (2012)
,90.2,,,85.3,,100.7,Cis woman,ANSUR (2012)
,94.8,,,88.1,,96.5,Cis woman,ANSUR (2012)
,105.1,,,94.8,,104.3,Cis woman,ANSUR (2012)
,100.3,,,84.6,,104.4,Cis woman,ANSUR (2012)
,88.2,,,87.5,,102.6,Cis woman,ANSUR (2012)
,105.6,,,98.2,,109.1,Cis woman,ANSUR (2012)
,96.5,,,79.1,,95.4,Cis woman,ANSUR (2012)
,93.2,,,84.4,,102.3,Cis woman,ANSUR (2012)
,105.1,,,102.8,,118.1,Cis woman,ANSUR (2012)
,85.0,,,76.8,,96.1,Cis woman,ANSUR (2012)
,83.0,,,77.5,,99.3,Cis woman,ANSUR (2012)
,88.9,,,71.8,,89.0,Cis woman,ANSUR (2012)
,100.5,,,87.1,,102.1,Cis woman,ANSUR (2012)
,92.5,,,84.0,,106.3,Cis woman,ANSUR (2012)
,84.4,,,71.9,,95.1,Cis woman,ANSUR (2012)
,90.0,,,81.1,,97.6,Cis woman,ANSUR (2012)
,95.4,,,92.0,,107.0,Cis woman,ANSUR (2012)
,92.5,,,81.2,,99.8,Cis woman,ANSUR (2012)
,90.2,,,81.4,,103.3,Cis woman,ANSUR (2012)
,94.7,,,81.8,,100.8,Cis woman,ANSUR (2012)
,94.4,,,84.4,,103.6,Cis woman,ANSUR (2012)
,89.9,,,78.7,,93.0,Cis woman,ANSUR (2012)
,103.3,,,94.8,,118.2,Cis woman,ANSUR (2012)
,90.0,,,83.4,,99.5,Cis woman,ANSUR (2012)
,99.6,,,97.2,,112.7,Cis woman,ANSUR (2012)
,90.6,,,76.3,,92.5,Cis woman,ANSUR (2012)
,89.6,,,71.0,,89.4,Cis woman,ANSUR (2012)
,87.6,,,80.5,,94.5,Cis woman,ANSUR (2012)
,95.5,,,84.3,,104.6,Cis woman,ANSUR (2012)
,91.2,,,86.6,,104.0,Cis woman,ANSUR (2012)
,116.0,,,98.1,,114.2,Cis woman,ANSUR (2012)
,84.4,,,84.0,,103.3,Cis woman,ANSUR (2012)
,94.8,,,86.6,,104.2,Cis woman,ANSUR (2012)
,92.8,,,74.5,,98.4,Cis woman,ANSUR (2012)
,104.2,,,93.0,,101.6,Cis woman,ANSUR (2012)
,90.6,,,82.4,,101.5,Cis woman,ANSUR (2012)
,77.6,,,66.9,,88.7,Cis woman,ANSUR (2012)
,87.2,,,76.9,,94.4,Cis woman,ANSUR (2012)
,100.5,,,87.7,,102.2,Cis woman,ANSUR (2012)
,105.5,,,97.0,,107.2,Cis woman,ANSUR (2012)
,100.6,,,88.0,,110.1,Cis woman,ANSUR (2012)
,95.3,,,87.0,,99.7,Cis woman,ANSUR (2012)
,93.5,,,90.0,,108.0,Cis woman,ANSUR (2012)
,89.5,,,75.2,,93.7,Cis woman,ANSUR (2012)
,99.2,,,80.5,,100.8,Cis woman,ANSUR (2012)
,90.0,,,84.2,,99.4,Cis woman,ANSUR (2012)
,95.3,,,91.7,,100.1,Cis woman,ANSUR (2012)
,97.1,,,85.3,,114.2,Cis woman,ANSUR (2012)
,99.0,,,95.3,,101.9,Cis woman,ANSUR (2012)
,87.3,,,81.6,,96.2,Cis woman,ANSUR (2012)
,85.2,,,77.8,,98.5,Cis woman,ANSUR (2012)
,103.9,,,96.3,,114.3,Cis woman,ANSUR (2012)
,99.2,,,93.1,,106.8,Cis woman,ANSUR (2012)
,97.0,,,88.9,,110.4,Cis woman,ANSUR (2012)
,93.6,,,80.5,,100.8,Cis woman,ANSUR (2012)
,88.2,,,77.6,,96.7,Cis woman,ANSUR (2012)
,97.8,,,79.5,,100.7,Cis woman,ANSUR (2012)
,99.7,,,93.6,,111.2,Cis woman,ANSUR (2012)
,82.2,,,70.2,,95.7,Cis woman,ANSUR (2012)
,93.2,,,91.8,,115.6,Cis woman,ANSUR (2012)
,90.3,,,82.8,,101.2,Cis woman,ANSUR (2012)
,79.8,,,69.8,,90.7,Cis woman,ANSUR (2012)
,95.7,,,83.9,,107.2,Cis woman,ANSUR (2012)
,85.4,,,77.4,,91.3,Cis woman,ANSUR (2012)
,89.6,,,82.8,,99.4,Cis woman,ANSUR (2012)
,80.4,,,72.2,,91.2,Cis woman,ANSUR (2012)
,90.0,,,80.5,,96.3,Cis woman,ANSUR (2012)
,94.4,,,82.1,,95.7,Cis woman,ANSUR (2012)
,87.5,,,79.7,,97.2,Cis woman,ANSUR (2012)
,88.1,,,76.4,,91.1,Cis woman,ANSUR (2012)
,92.6,,,84.7,,101.1,Cis woman,ANSUR (2012)
,102.1,,,86.3,,99.5,Cis woman,ANSUR (2012)
,91.9,,,86.8,,100.7,Cis woman,ANSUR (2012)
,98.9,,,90.7,,105.1,Cis woman,ANSUR (2012)
,96.1,,,88.3,,104.6,Cis woman,ANSUR (2012)
,99.4,,,94.6,,109.8,Cis woman,ANSUR (2012)
,83.6,,,73.5,,98.2,Cis woman,ANSUR (2012)
,94.4,,,95.2,,110.2,Cis woman,ANSUR (2012)
,89.6,,,83.3,,95.4,Cis woman,ANSUR (2012)
,84.1,,,73.7,,86.4,Cis woman,ANSUR (2012)
,86.3,,,71.5,,100.3,Cis woman,ANSUR (2012)
,87.0,,,80.8,,95.9,Cis woman,ANSUR (2012)
,90.2,,,75.8,,94.9,Cis woman,ANSUR (2012)
,91.4,,,88.3,,97.7,Cis woman,ANSUR (2012)
,82.4,,,78.9,,92.0,Cis woman,ANSUR (2012)
,88.1,,,81.2,,102.2,Cis woman,ANSUR (2012)
,92.9,,,83.8,,100.8,Cis woman,ANSUR (2012)
,90.0,,,77.0,,96.4,Cis woman,ANSUR (2012)
,80.7,,,70.7,,92.8,Cis woman,ANSUR (2012)
,95.0,,,79.8,,100.8,Cis woman,ANSUR (2012)
,89.2,,,85.6,,99.4,Cis woman,ANSUR (2012)
,85.2,,,71.6,,94.4,Cis woman,ANSUR (2012)
,107.1,,,94.0,,101.1,Cis woman,ANSUR (2012)
,98.7,,,90.7,,103.4,Cis woman,ANSUR (2012)
,96.1,,,83.2,,103.2,Cis woman,ANSUR (2012)
,91.2,,,83.6,,96.5,Cis woman,ANSUR (2012)
,94.7,,,84.0,,102.6,Cis woman,ANSUR (2012)
,89.3,,,79.0,,104.0,Cis woman,ANSUR (2012)
,83.7,,,73.3,,91.8,Cis woman,ANSUR (2012)
,88.2,,,70.0,,89.9,Cis woman,ANSUR (2012)
,105.7,,,80.5,,100.6,Cis woman,ANSUR (2012)
,95.6,,,93.7,,110.2,Cis woman,ANSUR (2012)
,97.6,,,86.7,,97.6,Cis woman,ANSUR (2012)
,80.8,,,64.1,,82.2,Cis woman,ANSUR (2012)
,108.2,,,95.1,,106.3,Cis woman,ANSUR (2012)
,100.2,,,84.5,,110.3,Cis woman,ANSUR (2012)
,96.6,,,87.6,,101.9,Cis woman,ANSUR (2012)
,103.0,,,95.1,,108.1,Cis woman,ANSUR (2012)
,90.4,,,79.0,,96.9,Cis woman,ANSUR (2012)
,91.4,,,75.2,,97.9,Cis woman,ANSUR (2012)
,93.3,,,80.7,,100.8,Cis woman,ANSUR (2012)
,91.7,,,85.2,,98.4,Cis woman,ANSUR (2012)
,87.4,,,88.0,,98.9,Cis woman,ANSUR (2012)
,102.2,,,91.3,,110.5,Cis woman,ANSUR (2012)
,95.6,,,88.5,,105.4,Cis woman,ANSUR (2012)
,85.0,,,74.2,,90.0,Cis woman,ANSUR (2012)
,91.2,,,82.6,,100.2,Cis woman,ANSUR (2012)
,89.5,,,82.0,,99.3,Cis woman,ANSUR (2012)
,102.1,,,101.0,,117.6,Cis woman,ANSUR (2012)
,89.3,,,82.0,,105.3,Cis woman,ANSUR (2012)
,97.6,,,79.2,,96.5,Cis woman,ANSUR (2012)
,88.6,,,76.6,,98.9,Cis woman,ANSUR (2012)
,84.7,,,72.8,,90.0,Cis woman,ANSUR (2012)
,95.6,,,89.5,,98.7,Cis woman,ANSUR (2012)
,82.4,,,81.1,,106.4,Cis woman,ANSUR (2012)
,94.5,,,85.6,,102.5,Cis woman,ANSUR (2012)
,90.7,,,77.2,,107.6,Cis woman,ANSUR (2012)
,88.7,,,82.6,,103.4,Cis woman,ANSUR (2012)
,92.9,,,84.4,,98.3,Cis woman,ANSUR (2012)
,86.3,,,75.6,,99.0,Cis woman,ANSUR (2012)
,91.7,,,89.3,,105.0,Cis woman,ANSUR (2012)
,107.0,,,105.9,,119.3,Cis woman,ANSUR (2012)
,88.3,,,78.1,,103.5,Cis woman,ANSUR (2012)
,110.3,,,93.2,,111.6,Cis woman,ANSUR (2012)
,85.4,,,74.6,,93.5,Cis woman,ANSUR (2012)
,90.8,,,80.1,,96.2,Cis woman,ANSUR (2012)
,91.3,,,92.8,,101.0,Cis woman,ANSUR (2012)
,92.3,,,80.6,,102.5,Cis woman,ANSUR (2012)
,88.9,,,74.9,,96.7,Cis woman,ANSUR (2012)
,84.5,,,76.7,,92.6,Cis woman,ANSUR (2012)
,87.4,,,74.8,,93.2,Cis woman,ANSUR (2012)
,85.1,,,79.8,,99.0,Cis woman,ANSUR (2012)
,81.1,,,72.2,,91.2,Cis woman,ANSUR (2012)
,99.8,,,88.8,,103.4,Cis woman,ANSUR (2012)
,97.4,,,78.4,,100.0,Cis woman,ANSUR (2012)
,93.5,,,77.8,,101.2,Cis woman,ANSUR (2012)
,100.1,,,93.0,,99.7,Cis woman,ANSUR (2012)
,79.0,,,74.0,,95.7,Cis woman,ANSUR (2012)
,85.4,,,81.8,,92.7,Cis woman,ANSUR (2012)
,105.6,,,102.6,,115.3,Cis woman,ANSUR (2012)
,92.3,,,79.6,,95.0,Cis woman,ANSUR (2012)
,94.2,,,86.5,,107.8,Cis woman,ANSUR (2012)
,93.0,,,89.2,,104.6,Cis woman,ANSUR (2012)
,94.5,,,89.1,,99.5,Cis woman,ANSUR (2012)
,103.7,,,98.5,,111.0,Cis woman,ANSUR (2012)
,83.6,,,76.7,,94.9,Cis woman,ANSUR (2012)
,79.0,,,69.8,,88.1,Cis woman,ANSUR (2012)
,104.0,,,103.1,,111.3,Cis woman,ANSUR (2012)
,98.5,,,86.9,,106.0,Cis woman,ANSUR (2012)
,93.2,,,85.3,,98.3,Cis woman,ANSUR (2012)
,90.8,,,78.8,,101.9,Cis woman,ANSUR (2012)
,82.0,,,75.5,,90.1,Cis woman,ANSUR (2012)
,95.3,,,86.8,,101.8,Cis woman,ANSUR (2012)
,93.4,,,77.3,,102.8,Cis woman,ANSUR (2012)
,96.9,,,84.7,,94.0,Cis woman,ANSUR (2012)
,84.1,,,79.9,,98.2,Cis woman,ANSUR (2012)
,99.8,,,89.5,,97.3,Cis woman,ANSUR (2012)
,82.6,,,74.0,,89.6,Cis woman,ANSUR (2012)
,95.3,,,92.7,,107.4,Cis woman,ANSUR (2012)
,100.1,,,90.5,,104.6,Cis woman,ANSUR (2012)
,95.6,,,83.7,,95.3,Cis woman,ANSUR (2012)
,97.5,,,89.6,,112.3,Cis woman,ANSUR (2012)
,101.9,,,96.8,,112.2,Cis woman,ANSUR (2012)
,97.1,,,94.1,,109.1,Cis woman,ANSUR (2012)
,89.0,,,69.8,,91.9,Cis woman,ANSUR (2012)
,83.4,,,78.5,,98.3,Cis woman,ANSUR (2012)
,104.6,,,92.8,,103.0,Cis woman,ANSUR (2012)
,92.0,,,78.3,,91.5,Cis woman,ANSUR (2012)
,86.9,,,77.2,,98.1,Cis woman,ANSUR (2012)
,100.3,,,97.0,,107.1,Cis woman,ANSUR (2012)
,95.5,,,88.0,,96.0,Cis woman,ANSUR (2012)
,106.8,,,94.6,,106.4,Cis woman,ANSUR (2012)
,98.8,,,91.5,,101.4,Cis woman,ANSUR (2012)
,91.2,,,85.5,,102.5,Cis woman,ANSUR (2012)
,102.7,,,88.1,,109.8,Cis woman,ANSUR (2012)
,99.5,,,85.5,,105.5,Cis woman,ANSUR (2012)
,83.4,,,82.5,,97.4,Cis woman,ANSUR (2012)
,97.2,,,93.9,,106.1,Cis woman,ANSUR (2012)
,92.8,,,83.7,,100.3,Cis woman,ANSUR (2012)
,89.1,,,82.2,,106.2,Cis woman,ANSUR (2012)
,99.8,,,89.5,,108.3,Cis woman,ANSUR (2012)
,98.3,,,80.3,,103.2,Cis woman,ANSUR (2012)
,91.9,,,91.1,,103.6,Cis woman,ANSUR (2012)
,91.6,,,82.2,,108.6,Cis woman,ANSUR (2012)
,92.0,,,79.0,,102.2,Cis woman,ANSUR (2012)
,85.5,,,70.0,,91.5,Cis woman,ANSUR (2012)
,92.3,,,72.7,,89.8,Cis woman,ANSUR (2012)
,98.8,,,84.9,,104.5,Cis woman,ANSUR (2012)
,109.8,,,117.4,,117.0,Cis woman,ANSUR (2012)
,91.3,,,83.7,,103.5,Cis woman,ANSUR (2012)
,93.6,,,83.5,,103.3,Cis woman,ANSUR (2012)
,109.3,,,111.4,,116.5,Cis woman,ANSUR (2012)
,103.7,,,96.0,,107.8,Cis woman,ANSUR (2012)
,90.3,,,81.4,,98.8,Cis woman,ANSUR (2012)
,88.3,,,82.4,,105.4,Cis woman,ANSUR (2012)
,98.6,,,88.9,,101.6,Cis woman,ANSUR (2012)
,92.0,,,79.0,,99.3,Cis woman,ANSUR (2012)
,90.4,,,77.5,,102.7,Cis woman,ANSUR (2012)
,86.5,,,82.7,,100.3,Cis woman,ANSUR (2012)
,86.4,,,70.7,,90.3,Cis woman,ANSUR (2012)
,84.8,,,78.8,,95.3,Cis woman,ANSUR (2012)
,109.7,,,98.2,,116.0,Cis woman,ANSUR (2012)
,93.7,,,80.4,,104.4,Cis woman,ANSUR (2012)
,94.7,,,84.7,,91.4,Cis woman,ANSUR (2012)
,86.0,,,75.7,,97.0,Cis woman,ANSUR (2012)
,95.9,,,86.0,,102.2,Cis woman,ANSUR (2012)
,94.5,,,82.7,,104.1,Cis woman,ANSUR (2012)
,102.2,,,85.2,,106.9,Cis woman,ANSUR (2012)
,85.9,,,81.5,,98.5,Cis woman,ANSUR (2012)
,107.6,,,96.6,,110.8,Cis woman,ANSUR (2012)
,105.5,,,92.8,,106.8,Cis woman,ANSUR (2012)
,107.2,,,90.6,,106.2,Cis woman,ANSUR (2012)
,86.3,,,72.9,,85.9,Cis woman,ANSUR (2012)
,90.1,,,77.5,,97.3,Cis woman,ANSUR (2012)
,79.1,,,74.2,,93.3,Cis woman,ANSUR (2012)
,98.3,,,88.2,,107.0,Cis woman,ANSUR (2012)
,103.5,,,99.5,,116.7,Cis woman,ANSUR (2012)
,84.5,,,70.5,,95.6,Cis woman,ANSUR (2012)
,99.0,,,87.6,,99.9,Cis woman,ANSUR (2012)
,92.4,,,77.5,,101.8,Cis woman,ANSUR (2012)
,89.9,,,73.3,,92.4,Cis woman,ANSUR (2012)
,87.0,,,78.1,,95.0,Cis woman,ANSUR (2012)
,97.2,,,84.0,,101.7,Cis woman,ANSUR (2012)
,85.5,,,75.1,,90.2,Cis woman,ANSUR (2012)
,94.7,,,83.4,,101.2,Cis woman,ANSUR (2012)
,96.7,,,87.8,,105.4,Cis woman,ANSUR (2012)
,102.6,,,87.9,,103.1,Cis woman,ANSUR (2012)
,101.8,,,97.4,,103.9,Cis woman,ANSUR (2012)
,84.9,,,76.0,,90.3,Cis woman,ANSUR (2012)
,104.5,,,96.4,,107.5,Cis woman,ANSUR (2012)
,98.6,,,102.5,,115.5,Cis woman,ANSUR (2012)
,106.4,,,96.6,,110.2,Cis woman,ANSUR (2012)
,87.4,,,76.1,,93.0,Cis woman,ANSUR (2012)
,96.4,,,90.5,,99.8,Cis woman,ANSUR (2012)
,85.8,,,85.1,,100.7,Cis woman,ANSUR (2012)
,99.2,,,90.3,,98.1,Cis woman,ANSUR (2012)
,88.5,,,82.0,,98.9,Cis woman,ANSUR (2012)
,82.8,,,71.9,,93.5,Cis woman,ANSUR (2012)
,92.7,,,81.0,,101.0,Cis woman,ANSUR (2012)
,82.1,,,72.8,,98.5,Cis woman,ANSUR (2012)
,96.8,,,84.5,,100.2,Cis woman,ANSUR (2012)
,85.7,,,80.6,,105.3,Cis woman,ANSUR (2012)
,92.2,,,76.4,,98.0,Cis woman,ANSUR (2012)
,96.7,,,85.4,,97.5,Cis woman,ANSUR (2012)
,84.8,,,74.7,,96.4,Cis woman,ANSUR (2012)
,86.4,,,65.6,,90.2,Cis woman,ANSUR (2012)
,96.2,,,88.6,,101.6,Cis woman,ANSUR (2012)
,83.7,,,80.1,,99.8,Cis woman,ANSUR (2012)
,96.5,,,89.5,,96.6,Cis woman,ANSUR (2012)
,93.1,,,91.6,,99.8,Cis woman,ANSUR (2012)
,79.5,,,68.1,,90.8,Cis woman,ANSUR (2012)
,91.0,,,79.0,,99.6,Cis woman,ANSUR (2012)
,78.6,,,68.0,,92.2,Cis woman,ANSUR (2012)
,78.5,,,72.5,,88.4,Cis woman,ANSUR (2012)
,105.0,,,94.2,,105.5,Cis woman,ANSUR (2012)
,96.4,,,83.8,,95.0,Cis woman,ANSUR (2012)
,97.3,,,88.3,,102.7,Cis woman,ANSUR (2012)
,91.7,,,90.7,,103.2,Cis woman,ANSUR (2012)
,95.3,,,87.8,,104.5,Cis woman,ANSUR (2012)
,103.2,,,98.0,,112.9,Cis woman,ANSUR (2012)
,79.9,,,79.4,,95.5,Cis woman,ANSUR (2012)
,86.4,,,75.4,,98.1,Cis woman,ANSUR (2012)
,99.0,,,84.4,,98.6,Cis woman,ANSUR (2012)
,100.6,,,86.0,,101.3,Cis woman,ANSUR (2012)
,95.1,,,86.5,,100.6,Cis woman,ANSUR (2012)
,99.9,,,90.0,,105.3,Cis woman,ANSUR (2012)
,93.5,,,76.9,,100.2,Cis woman,ANSUR (2012)
,90.5,,,86.3,,106.6,Cis woman,ANSUR (2012)
,104.5,,,93.6,,102.7,Cis woman,ANSUR (2012)
,99.0,,,86.6,,111.6,Cis woman,ANSUR (2012)
,92.2,,,84.2,,101.8,Cis woman,ANSUR (2012)
,89.3,,,81.9,,99.8,Cis woman,ANSUR (2012)
,88.2,,,79.4,,102.5,Cis woman,ANSUR (2012)
,82.8,,,74.6,,91.8,Cis woman,ANSUR (2012)
,100.9,,,87.8,,104.0,Cis woman,ANSUR (2012)
,92.5,,,83.5,,98.0,Cis woman,ANSUR (2012)
,80.5,,,69.0,,85.3,Cis woman,ANSUR (2012)
,91.8,,,80.0,,98.2,Cis woman,ANSUR (2012)
,94.1,,,84.8,,103.4,Cis woman,ANSUR (2012)
,80.8,,,69.4,,87.6,Cis woman,ANSUR (2012)
,89.3,,,76.5,,99.7,Cis woman,ANSUR (2012)
,90.4,,,88.5,,109.0,Cis woman,ANSUR (2012)
,93.7,,,79.7,,98.0,Cis woman,ANSUR (2012)
,86.9,,,83.1,,101.9,Cis woman,ANSUR (2012)
,90.2,,,84.0,,97.5,Cis woman,ANSUR (2012)
,92.6,,,87.1,,105.9,Cis woman,ANSUR (2012)
,103.1,,,95.5,,110.9,Cis woman,ANSUR (2012)
,94.8,,,93.6,,118.8,Cis woman,ANSUR (2012)
,108.6,,,90.5,,109.4,Cis woman,ANSUR (2012)
,105.3,,,100.5,,105.2,Cis woman,ANSUR (2012)
,83.8,,,75.6,,95.2,Cis woman,ANSUR (2012)
,84.0,,,71.9,,88.7,Cis woman,ANSUR (2012)
,94.5,,,79.4,,98.7,Cis woman,ANSUR (2012)
,105.8,,,96.7,,107.4,Cis woman,ANSUR (2012)
,91.5,,,84.6,,97.2,Cis woman,ANSUR (2012)
,85.3,,,73.8,,95.2,Cis woman,ANSUR (2012)
,87.5,,,79.0,,96.0,Cis woman,ANSUR (2012)
,102.1,,,92.6,,106.4,Cis woman,ANSUR (2012)
,101.5,,,85.3,,101.4,Cis woman,ANSUR (2012)
,99.5,,,88.6,,95.4,Cis woman,ANSUR (2012)
,112.7,,,97.0,,110.2,Cis woman,ANSUR (2012)
,103.8,,,100.0,,114.6,Cis woman,ANSUR (2012)
,101.1,,,95.6,,118.9,Cis woman,ANSUR (2012)
,90.8,,,84.0,,97.5,Cis woman,ANSUR (2012)
,87.0,,,74.9,,91.4,Cis woman,ANSUR (2012)
,99.2,,,90.5,,114.0,Cis woman,ANSUR (2012)
,98.8,,,84.7,,107.8,Cis woman,ANSUR (2012)
,102.2,,,93.3,,113.3,Cis woman,ANSUR (2012)
,99.5,,,88.3,,98.0,Cis woman,ANSUR (2012)
,87.7,,,71.0,,90.8,Cis woman,ANSUR (2012)
,84.0,,,82.5,,111.6,Cis woman,ANSUR (2012)
,103.5,,,86.6,,110.5,Cis woman,ANSUR (2012)
,80.7,,,66.8,,91.8,Cis woman,ANSUR (2012)
,106.3,,,112.1,,101.5,Cis woman,ANSUR (2012)
,115.3,,,112.1,,115.0,Cis woman,ANSUR (2012)
,81.5,,,68.0,,94.5,Cis woman,ANSUR (2012)
,99.9,,,86.3,,103.5,Cis woman,ANSUR (2012)
,114.5,,,112.7,,123.2,Cis woman,ANSUR (2012)
,91.5,,,80.1,,98.5,Cis woman,ANSUR (2012)
,106.5,,,94.2,,108.6,Cis woman,ANSUR (2012)
,103.2,,,90.0,,97.4,Cis woman,ANSUR (2012)
,89.6,,,77.5,,98.4,Cis woman,ANSUR (2012)
,83.7,,,70.2,,92.9,Cis woman,ANSUR (2012)
,91.3,,,78.3,,98.2,Cis woman,ANSUR (2012)
,118.8,,,103.2,,105.6,Cis woman,ANSUR (2012)
,103.0,,,98.1,,113.0,Cis woman,ANSUR (2012)
,113.9,,,109.0,,110.0,Cis woman,ANSUR (2012)
,86.9,,,78.0,,109.4,Cis woman,ANSUR (2012)
,77.3,,,72.6,,95.7,Cis woman,ANSUR (2012)
,105.2,,,90.8,,100.4,Cis woman,ANSUR (2012)
,86.0,,,72.5,,91.8,Cis woman,ANSUR (2012)
,104.5,,,93.3,,107.0,Cis woman,ANSUR (2012)
,93.2,,,78.1,,93.5,Cis woman,ANSUR (2012)
,95.3,,,86.7,,110.1,Cis woman,ANSUR (2012)
,85.4,,,77.1,,98.6,Cis woman,ANSUR (2012)
,103.3,,,99.1,,103.1,Cis woman,ANSUR (2012)
,93.9,,,85.0,,92.3,Cis woman,ANSUR (2012)
,95.4,,,81.4,,98.9,Cis woman,ANSUR (2012)
,89.3,,,83.0,,90.1,Cis woman,ANSUR (2012)
,86.7,,,86.2,,102.5,Cis woman,ANSUR (2012)
,84.2,,,70.1,,97.3,Cis woman,ANSUR (2012)
,86.6,,,80.7,,107.9,Cis woman,ANSUR (2012)
,95.7,,,95.7,,111.1,Cis woman,ANSUR (2012)
,103.6,,,92.2,,111.8,Cis woman,ANSUR (2012)
,99.2,,,89.5,,110.3,Cis woman,ANSUR (2012)
,104.0,,,94.0,,102.1,Cis woman,ANSUR (2012)
,102.1,,,91.2,,108.8,Cis woman,ANSUR (2012)
,94.6,,,81.8,,102.6,Cis woman,ANSUR (2012)
,96.1,,,83.0,,105.0,Cis woman,ANSUR (2012)
,110.0,,,94.4,,111.7,Cis woman,ANSUR (2012)
,99.4,,,84.0,,97.2,Cis woman,ANSUR (2012)
,93.7,,,82.4,,107.0,Cis woman,ANSUR (2012)
,92.0,,,90.4,,100.0,Cis woman,ANSUR (2012)
,92.5,,,82.5,,98.9,Cis woman,ANSUR (2012)
,96.5,,,90.8,,104.7,Cis woman,ANSUR (2012)
,107.4,,,90.1,,107.3,Cis woman,ANSUR (2012)
,97.6,,,84.7,,101.0,Cis woman,ANSUR (2012)
,94.1,,,84.2,,107.4,Cis woman,ANSUR (2012)
,104.5,,,107.7,,111.3,Cis woman,ANSUR (2012)
,90.2,,,77.0,,100.3,Cis woman,ANSUR (2012)
,100.1,,,85.6,,116.4,Cis woman,ANSUR (2012)
,93.5,,,76.3,,104.2,Cis woman,ANSUR (2012)
,80.2,,,68.2,,88.5,Cis woman,ANSUR (2012)
,92.8,,,84.1,,87.8,Cis woman,ANSUR (2012)
,112.9,,,110.6,,117.8,Cis woman,ANSUR (2012)
,106.1,,,104.5,,119.4,Cis woman,ANSUR (2012)
,100.5,,,99.3,,105.3,Cis woman,ANSUR (2012)
,104.8,,,101.7,,108.0,Cis woman,ANSUR (2012)
,91.5,,,85.1,,103.2,Cis woman,ANSUR (2012)
,92.0,,,86.0,,110.2,Cis woman,ANSUR (2012)
,93.2,,,78.5,,101.5,Cis woman,ANSUR (2012)
,89.4,,,76.5,,95.1,Cis woman,ANSUR (2012)
,85.4,,,73.7,,95.4,Cis woman,ANSUR (2012)
,104.5,,,95.3,,102.9,Cis woman,ANSUR (2012)
,105.6,,,97.3,,113.4,Cis woman,ANSUR (2012)
,109.3,,,95.8,,113.5,Cis woman,ANSUR (2012)
,95.2,,,81.2,,102.8,Cis woman,ANSUR (2012)
,84.7,,,92.3,,107.1,Cis woman,ANSUR (2012)
,100.5,,,87.8,,107.0,Cis woman,ANSUR (2012)
,96.8,,,81.6,,110.2,Cis woman,ANSUR (2012)
,85.2,,,83.1,,103.2,Cis woman,ANSUR (2012)
,101.0,,,90.3,,115.9,Cis woman,ANSUR (2012)
,90.2,,,82.4,,104.3,Cis woman,ANSUR (2012)
,99.0,,,97.2,,107.0,Cis woman,ANSUR (2012)
,88.8,,,80.0,,96.0,Cis woman,ANSUR (2012)
,84.8,,,77.2,,96.5,Cis woman,ANSUR (2012)
,100.1,,,92.5,,99.0,Cis woman,ANSUR (2012)
,92.3,,,84.0,,99.1,Cis woman,ANSUR (2012)
,95.4,,,82.9,,103.7,Cis woman,ANSUR (2012)
,108.3,,,96.8,,110.7,Cis woman,ANSUR (2012)
,105.3,,,109.5,,126.6,Cis woman,ANSUR (2012)
,116.7,,,105.0,,118.1,Cis woman,ANSUR (2012)
,82.6,,,69.6,,88.2,Cis woman,ANSUR (2012)
,81.8,,,76.0,,92.6,Cis woman,ANSUR (2012)
,93.0,,,73.6,,98.7,Cis woman,ANSUR (2012)
,81.8,,,65.1,,87.4,Cis woman,ANSUR (2012)
,96.6,,,83.7,,103.5,Cis woman,ANSUR (2012)
,94.6,,,79.8,,100.3,Cis woman,ANSUR (2012)
,93.1,,,88.0,,99.0,Cis woman,ANSUR (2012)
,91.3,,,79.0,,101.0,Cis woman,ANSUR (2012)
,105.3,,,104.5,,104.2,Cis woman,ANSUR (2012)
,98.4,,,103.3,,117.4,Cis woman,ANSUR (2012)
,92.0,,,75.7,,99.6,Cis woman,ANSUR (2012)
,95.1,,,88.5,,107.7,Cis woman,ANSUR (2012)
,92.1,,,89.3,,105.0,Cis woman,ANSUR (2012)
,93.5,,,96.8,,111.2,Cis woman,ANSUR (2012)
,90.3,,,93.0,,100.5,Cis woman,ANSUR (2012)
,97.9,,,83.7,,105.1,Cis woman,ANSUR (2012)
,88.2,,,84.0,,101.9,Cis woman,ANSUR (2012)
,98.1,,,90.0,,106.4,Cis woman,ANSUR (2012)
,105.3,,,95.5,,109.7,Cis woman,ANSUR (2012)
,88.7,,,79.6,,96.4,Cis woman,ANSUR (2012)
,96.4,,,83.3,,97.5,Cis woman,ANSUR (2012)
,101.6,,,89.1,,114.7,Cis woman,ANSUR (2012)
,86.3,,,65.6,,86.6,Cis woman,ANSUR (2012)
,97.8,,,80.8,,100.8,Cis woman,ANSUR (2012)
,92.6,,,80.3,,99.5,Cis woman,ANSUR (2012)
,91.3,,,80.7,,97.9,Cis woman,ANSUR (2012)
,98.1,,,86.5,,99.3,Cis woman,ANSUR (2012)
,94.5,,,87.6,,102.4,Cis woman,ANSUR (2012)
,83.6,,,72.3,,93.6,Cis woman,ANSUR (2012)
,111.2,,,105.6,,118.1,Cis woman,ANSUR (2012)
,81.4,,,71.1,,100.1,Cis woman,ANSUR (2012)
,94.3,,,78.0,,97.7,Cis woman,ANSUR (2012)
,92.4,,,77.8,,105.5,Cis woman,ANSUR (2012)
,76.4,,,63.7,,88.0,Cis woman,ANSUR (2012)
,87.3,,,79.0,,99.4,Cis woman,ANSUR (2012)
,84.5,,,71.8,,90.5,Cis woman,ANSUR (2012)
,86.1,,,84.0,,98.1,Cis woman,ANSUR (2012)
,102.3,,,102.6,,108.3,Cis woman,ANSUR (2012)
,90.8,,,81.7,,101.4,Cis woman,ANSUR (2012)
,85.2,,,68.9,,93.2,Cis woman,ANSUR (2012)
,86.1,,,76.4,,94.9,Cis woman,ANSUR (2012)
,98.5,,,85.8,,103.8,Cis woman,ANSUR (2012)
,103.7,,,85.5,,115.0,Cis woman,ANSUR (2012)
,88.6,,,82.5,,97.0,Cis woman,ANSUR (2012)
,89.7,,,78.7,,91.2,Cis woman,ANSUR (2012)
,95.5,,,94.1,,103.5,Cis woman,ANSUR (2012)
,91.8,,,84.0,,102.6,Cis woman,ANSUR (2012)
,94.9,,,84.6,,96.0,Cis woman,ANSUR (2012)
,83.0,,,79.0,,95.7,Cis woman,ANSUR (2012)
,89.7,,,77.6,,93.6,Cis woman,ANSUR (2012)
,91.6,,,82.3,,99.6,Cis woman,ANSUR (2012)
,90.0,,,72.5,,97.1,Cis woman,ANSUR (2012)
,93.4,,,90.8,,115.0,Cis woman,ANSUR (2012)
,99.6,,,90.8,,101.9,Cis woman,ANSUR (2012)
,102.0,,,94.2,,98.0,Cis woman,ANSUR (2012)
,91.9,,,86.3,,112.6,Cis woman,ANSUR (2012)
,89.3,,,73.3,,94.5,Cis woman,ANSUR (2012)
,94.3,,,85.2,,96.4,Cis woman,ANSUR (2012)
,99.0,,,89.8,,98.7,Cis woman,ANSUR (2012)
,88.5,,,87.9,,105.6,Cis woman,ANSUR (2012)
,87.3,,,75.1,,94.0,Cis woman,ANSUR (2012)
,91.3,,,86.4,,103.0,Cis woman,ANSUR (2012)
,93.0,,,77.9,,103.4,Cis woman,ANSUR (2012)
,88.3,,,88.4,,99.9,Cis woman,ANSUR (2012)
,95.6,,,94.0,,107.7,Cis woman,ANSUR (2012)
,83.5,,,76.9,,101.3,Cis woman,ANSUR (2012)
,84.7,,,75.7,,98.6,Cis woman,ANSUR (2012)
,89.1,,,78.4,,108.4,Cis woman,ANSUR (2012)
,103.2,,,99.1,,106.9,Cis woman,ANSUR (2012)
,92.8,,,78.8,,98.9,Cis woman,ANSUR (2012)
,89.2,,,80.7,,97.0,Cis woman,ANSUR (2012)
,82.1,,,72.0,,90.1,Cis woman,ANSUR (2012)
,97.8,,,84.9,,100.1,Cis woman,ANSUR (2012)
,91.5,,,85.8,,101.1,Cis woman,ANSUR (2012)
,97.3,,,88.9,,105.8,Cis woman,ANSUR (2012)
,91.1,,,75.7,,103.3,Cis woman,ANSUR (2012)
,98.1,,,82.8,,105.4,Cis woman,ANSUR (2012)
,90.0,,,82.0,,91.5,Cis woman,ANSUR (2012)
,86.2,,,73.9,,104.7,Cis woman,ANSUR (2012)
,90.9,,,78.9,,90.2,Cis woman,ANSUR (2012)
,91.3,,,73.3,,89.4,Cis woman,ANSUR (2012)
,82.5,,,74.0,,90.3,Cis woman,ANSUR (2012)
,95.1,,,80.8,,92.6,Cis woman,ANSUR (2012)
,97.6,,,96.7,,109.0,Cis woman,ANSUR (2012)
,94.5,,,90.9,,103.3,Cis woman,ANSUR (2012)
,105.7,,,96.2,,111.5,Cis woman,ANSUR (2012)
,90.4,,,83.4,,96.3,Cis woman,ANSUR (2012)
,94.6,,,94.8,,105.8,Cis woman,ANSUR (2012)
,97.6,,,84.8,,102.7,Cis woman,ANSUR (2012)
,88.7,,,72.1,,90.2,Cis woman,ANSUR (2012)
,99.1,,,86.5,,111.6,Cis woman,ANSUR (2012)
,87.7,,,79.3,,97.3,Cis woman,ANSUR (2012)
,90.0,,,73.1,,96.8,Cis woman,ANSUR (2012)
,89.3,,,75.0,,89.9,Cis woman,ANSUR (2012)
,84.5,,,74.4,,92.8,Cis woman,ANSUR (2012)
,88.0,,,78.0,,99.7,Cis woman,ANSUR (2012)
,101.0,,,86.0,,104.5,Cis woman,ANSUR (2012)
,101.6,,,90.0,,107.1,Cis woman,ANSUR (2012)
,103.3,,,95.5,,114.3,Cis woman,ANSUR (2012)
,89.5,,,75.3,,95.4,Cis woman,ANSUR (2012)
,91.9,,,82.5,,97.1,Cis woman,ANSUR (2012)
,87.0,,,77.4,,94.5,Cis woman,ANSUR (2012)
,82.5,,,67.9,,87.7,Cis woman,ANSUR (2012)
,79.2,,,71.6,,93.0,Cis woman,ANSUR (2012)
,89.2,,,69.9,,95.7,Cis woman,ANSUR (2012)
,90.4,,,81.4,,97.8,Cis woman,ANSUR (2012)
,94.5,,,85.3,,103.0,Cis woman,ANSUR (2012)
,90.8,,,78.3,,93.9,Cis woman,ANSUR (2012)
,100.5,,,86.0,,117.8,Cis woman,ANSUR (2012)
,89.5,,,75.0,,103.7,Cis woman,ANSUR (2012)
,101.4,,,96.0,,103.9,Cis woman,ANSUR (2012)
,97.8,,,87.3,,103.7,Cis woman,ANSUR (2012)
,97.5,,,92.3,,93.7,Cis woman,ANSUR (2012)
,88.9,,,79.1,,98.0,Cis woman,ANSUR (2012)
,88.4,,,77.1,,97.0,Cis woman,ANSUR (2012)
,113.5,,,98.3,,109.8,Cis woman,ANSUR (2012)
,91.4,,,78.7,,94.2,Cis woman,ANSUR (2012)
,76.6,,,65.7,,92.3,Cis woman,ANSUR (2012)
,88.0,,,78.1,,95.5,Cis woman,ANSUR (2012)
,83.4,,,74.0,,97.1,Cis woman,ANSUR (2012)
,83.4,,,81.9,,105.7,Cis woman,ANSUR (2012)
,93.6,,,80.5,,96.3,Cis woman,ANSUR (2012)
,105.2,,,101.0,,118.1,Cis woman,ANSUR (2012)
,101.5,,,90.5,,105.4,Cis woman,ANSUR (2012)
,102.6,,,92.0,,106.1,Cis woman,ANSUR (2012)
,104.3,,,92.4,,103.2,Cis woman,ANSUR (2012)
,106.2,,,100.3,,111.7,Cis woman,ANSUR (2012)
,92.1,,,78.0,,98.0,Cis woman,ANSUR (2012)
,96.3,,,100.3,,101.5,Cis woman,ANSUR (2012)
,102.9,,,86.3,,98.5,Cis woman,ANSUR (2012)
,88.4,,,85.6,,103.0,Cis woman,ANSUR (2012)
,98.3,,,90.2,,102.2,Cis woman,ANSUR (2012)
,106.5,,,101.0,,107.5,Cis woman,ANSUR (2012)
,86.9,,,75.9,,98.2,Cis woman,ANSUR (2012)
,100.4,,,89.3,,109.3,Cis woman,ANSUR (2012)
,94.0,,,84.4,,103.9,Cis woman,ANSUR (2012)
,77.0,,,66.5,,85.1,Cis woman,ANSUR (2012)
,107.2,,,93.0,,108.3,Cis woman,ANSUR (2012)
,97.1,,,80.7,,99.1,Cis woman,ANSUR (2012)
,110.0,,,95.7,,111.1,Cis woman,ANSUR (2012)
,87.3,,,86.8,,101.5,Cis woman,ANSUR (2012)
,90.7,,,78.2,,101.3,Cis woman,ANSUR (2012)
,101.9,,,96.6,,106.0,Cis woman,ANSUR (2012)
,95.0,,,77.8,,102.4,Cis woman,ANSUR (2012)
,114.3,,,98.0,,112.0,Cis woman,ANSUR (2012)
,97.0,,,85.0,,108.3,Cis woman,ANSUR (2012)
,90.3,,,67.0,,88.6,Cis woman,ANSUR (2012)
,91.6,,,74.5,,96.1,Cis woman,ANSUR (2012)
,86.8,,,82.6,,102.6,Cis woman,ANSUR (2012)
,98.7,,,86.0,,97.2,Cis woman,ANSUR (2012)
,94.2,,,79.7,,102.9,Cis woman,ANSUR (2012)
,90.8,,,70.6,,94.3,Cis woman,ANSUR (2012)
,88.1,,,73.0,,94.5,Cis woman,ANSUR (2012)
,88.2,,,74.3,,93.9,Cis woman,ANSUR (2012)
,90.7,,,80.5,,108.1,Cis woman,ANSUR (2012)
,96.6,,,91.2,,100.2,Cis woman,ANSUR (2012)
,93.1,,,85.3,,104.4,Cis woman,ANSUR (2012)
,96.8,,,84.7,,108.1,Cis woman,ANSUR (2012)
,83.0,,,72.6,,94.7,Cis woman,ANSUR (2012)
,88.3,,,79.5,,98.4,Cis woman,ANSUR (2012)
,95.9,,,83.7,,97.1,Cis woman,ANSUR (2012)
,91.0,,,81.6,,105.7,Cis woman,ANSUR (2012)
,94.0,,,81.4,,102.3,Cis woman,ANSUR (2012)
,86.9,,,69.3,,87.1,Cis woman,ANSUR (2012)
,90.0,,,79.8,,100.5,Cis woman,ANSUR (2012)
,88.7,,,80.7,,97.8,Cis woman,ANSUR (2012)
,80.7,,,77.8,,94.3,Cis woman,ANSUR (2012)
,126.6,,,130.5,,126.1,Cis woman,ANSUR (2012)
,104.2,,,91.9,,108.0,Cis woman,ANSUR (2012)
,79.1,,,61.1,,85.3,Cis woman,ANSUR (2012)
,81.4,,,69.8,,86.7,Cis woman,ANSUR (2012)
,69.5,,,61.5,,79.8,Cis woman,ANSUR (2012)
,91.2,,,85.9,,103.7,Cis woman,ANSUR (2012)
,93.4,,,88.7,,108.9,Cis woman,ANSUR (2012)
,98.4,,,91.1,,99.8,Cis woman,ANSUR (2012)
,88.7,,,73.3,,93.2,Cis woman,ANSUR (2012)
,108.1,,,97.9,,109.5,Cis woman,ANSUR (2012)
,101.2,,,96.8,,105.7,Cis woman,ANSUR (2012)
,101.8,,,94.1,,109.0,Cis woman,ANSUR (2012)
,93.5,,,73.2,,98.5,Cis woman,ANSUR (2012)
,89.6,,,76.0,,93.3,Cis woman,ANSUR (2012)
,103.6,,,90.5,,108.2,Cis woman,ANSUR (2012)
,85.0,,,71.5,,96.4,Cis woman,ANSUR (2012)
,92.6,,,87.8,,105.1,Cis woman,ANSUR (2012)
,88.8,,,78.8,,94.2,Cis woman,ANSUR (2012)
,96.7,,,90.3,,106.3,Cis woman,ANSUR (2012)
,102.6,,,87.0,,103.6,Cis woman,ANSUR (2012)
,92.0,,,84.8,,106.5,Cis woman,ANSUR (2012)
,87.9,,,82.5,,102.7,Cis woman,ANSUR (2012)
,97.2,,,95.5,,118.1,Cis woman,ANSUR (2012)
,115.7,,,110.5,,113.0,Cis woman,ANSUR (2012)
,85.0,,,78.5,,92.8,Cis woman,ANSUR (2012)
,97.6,,,97.2,,113.4,Cis woman,ANSUR (2012)
,89.9,,,79.3,,98.9,Cis woman,ANSUR (2012)
,88.8,,,79.8,,94.2,Cis woman,ANSUR (2012)
,101.0,,,95.5,,106.7,Cis woman,ANSUR (2012)
,101.0,,,92.0,,111.2,Cis woman,ANSUR (2012)
,96.7,,,85.5,,96.1,Cis woman,ANSUR (2012)
,97.5,,,91.4,,99.4,Cis woman,ANSUR (2012)
,106.6,,,93.8,,110.5,Cis woman,ANSUR (2012)
,106.2,,,96.0,,101.6,Cis woman,ANSUR (2012)
,94.1,,,90.0,,100.0,Cis woman,ANSUR (2012)
,88.0,,,78.0,,96.5,Cis woman,ANSUR (2012)
,102.7,,,93.5,,116.5,Cis woman,ANSUR (2012)
,95.3,,,89.0,,107.7,Cis woman,ANSUR (2012)
,99.7,,,82.1,,98.8,Cis woman,ANSUR (2012)
,87.0,,,79.3,,96.5,Cis woman,ANSUR (2012)
,95.6,,,77.5,,106.8,Cis woman,ANSUR (2012)
,115.2,,,103.4,,121.0,Cis woman,ANSUR (2012)
,79.5,,,66.4,,91.4,Cis woman,ANSUR (2012)
,93.7,,,90.7,,105.0,Cis woman,ANSUR (2012)
,82.6,,,76.8,,90.0,Cis woman,ANSUR (2012)
,87.8,,,67.2,,91.5,Cis woman,ANSUR (2012)
,104.7,,,96.5,,111.5,Cis woman,ANSUR (2012)
,90.0,,,78.4,,106.9,Cis woman,ANSUR (2012)
,97.6,,,90.3,,107.2,Cis woman,ANSUR (2012)
,91.2,,,84.1,,100.7,Cis woman,ANSUR (2012)
,94.0,,,87.0,,99.9,Cis woman,ANSUR (2012)
,95.5,,,85.2,,106.3,Cis woman,ANSUR (2012)
,113.0,,,99.3,,114.5,Cis woman,ANSUR (2012)
,100.1,,,86.6,,98.1,Cis woman,ANSUR (2012)
,96.1,,,75.7,,97.5,Cis woman,ANSUR (2012)
,97.3,,,90.7,,114.3,Cis woman,ANSUR (2012)
,102.1,,,85.3,,96.7,Cis woman,ANSUR (2012)
,84.0,,,77.9,,87.5,Cis woman,ANSUR (2012)
,105.3,,,92.6,,99.2,Cis woman,ANSUR (2012)
,88.8,,,82.5,,102.3,Cis woman,ANSUR (2012)
,95.5,,,93.8,,105.6,Cis woman,ANSUR (2012)
,90.9,,,75.5,,94.9,Cis woman,ANSUR (2012)
,100.1,,,86.7,,99.6,Cis woman,ANSUR (2012)
,91.0,,,78.4,,92.5,Cis woman,ANSUR (2012)
,93.3,,,75.3,,95.8,Cis woman,ANSUR (2012)
,97.4,,,91.4,,109.4,Cis woman,ANSUR (2012)
,94.7,,,82.6,,103.9,Cis woman,ANSUR (2012)
,98.6,,,87.5,,104.0,Cis woman,ANSUR (2012)
,118.0,,,109.5,,112.9,Cis woman,ANSUR (2012)
,110.0,,,107.6,,117.9,Cis woman,ANSUR (2012)
,110.1,,,108.7,,127.5,Cis woman,ANSUR (2012)
,108.0,,,101.1,,117.0,Cis woman,ANSUR (2012)
,91.3,,,93.1,,103.2,Cis woman,ANSUR (2012)
,102.6,,,88.8,,110.5,Cis woman,ANSUR (2012)
,104.7,,,97.1,,108.3,Cis woman,ANSUR (2012)
,111.3,,,101.5,,110.5,Cis woman,ANSUR (2012)
,108.0,,,99.5,,122.3,Cis woman,ANSUR (2012)
,109.4,,,106.7,,118.5,Cis woman,ANSUR (2012)
,97.4,,,85.3,,106.6,Cis woman,ANSUR (2012)
,109.6,,,93.7,,114.2,Cis woman,ANSUR (2012)
,97.6,,,96.7,,112.2,Cis woman,ANSUR (2012)
,107.8,,,111.2,,107.8,Cis woman,ANSUR (2012)
,88.6,,,70.0,,96.1,Cis woman,ANSUR (2012)
,96.2,,,90.7,,107.4,Cis woman,ANSUR (2012)
,87.2,,,81.0,,100.6,Cis woman,ANSUR (2012)
,90.1,,,90.0,,102.5,Cis woman,ANSUR (2012)
,110.0,,,93.5,,113.2,Cis woman,ANSUR (2012)
,91.0,,,85.8,,98.2,Cis woman,ANSUR (2012)
,88.3,,,79.0,,99.8,Cis woman,ANSUR (2012)
,106.0,,,96.0,,104.9,Cis woman,ANSUR (2012)
,84.6,,,77.8,,99.3,Cis woman,ANSUR (2012)
,92.0,,,79.1,,95.6,Cis woman,ANSUR (2012)
,92.6,,,83.8,,100.5,Cis woman,ANSUR (2012)
,94.6,,,84.5,,109.7,Cis woman,ANSUR (2012)
,89.9,,,79.9,,99.2,Cis woman,ANSUR (2012)
,103.2,,,92.2,,110.2,Cis woman,ANSUR (2012)
,104.3,,,95.6,,106.9,Cis woman,ANSUR (2012)
,92.9,,,84.3,,106.8,Cis woman,ANSUR (2012)
,109.8,,,106.4,,120.6,Cis woman,ANSUR (2012)
,96.5,,,95.7,,114.3,Cis woman,ANSUR (2012)
,91.2,,,82.0,,106.0,Cis woman,ANSUR (2012)
,96.4,,,87.5,,107.1,Cis woman,ANSUR (2012)
,87.9,,,76.8,,97.1,Cis woman,ANSUR (2012)
,105.4,,,107.3,,113.4,Cis woman,ANSUR (2012)
,94.7,,,91.3,,116.0,Cis woman,ANSUR (2012)
,99.2,,,95.9,,108.3,Cis woman,ANSUR (2012)
,94.1,,,84.0,,98.0,Cis woman,ANSUR (2012)
,88.4,,,78.7,,93.5,Cis woman,ANSUR (2012)
,101.5,,,89.3,,103.6,Cis woman,ANSUR (2012)
,78.7,,,70.6,,95.1,Cis woman,ANSUR (2012)
,103.1,,,85.0,,99.3,Cis woman,ANSUR (2012)
,88.1,,,79.6,,101.6,Cis woman,ANSUR (2012)
,113.1,,,101.0,,110.0,Cis woman,ANSUR (2012)
,92.7,,,91.0,,100.8,Cis woman,ANSUR (2012)
,97.1,,,101.3,,109.0,Cis woman,ANSUR (2012)
,122.0,,,104.6,,119.4,Cis woman,ANSUR (2012)
,80.0,,,65.0,,85.0,Cis woman,ANSUR (2012)
,79.3,,,72.0,,88.4,Cis woman,ANSUR (2012)
,84.8,,,74.7,,94.8,Cis woman,ANSUR (2012)
,93.2,,,86.7,,94.9,Cis woman,ANSUR (2012)
,94.1,,,81.0,,101.6,Cis woman,ANSUR (2012)
,94.0,,,80.7,,109.1,Cis woman,ANSUR (2012)
,82.6,,,73.8,,94.7,Cis woman,ANSUR (2012)
,99.0,,,92.0,,110.6,Cis woman,ANSUR (2012)
,104.7,,,91.8,,109.6,Cis woman,ANSUR (2012)
,107.1,,,109.3,,125.7,Cis woman,ANSUR (2012)
,122.2,,,114.0,,121.0,Cis woman,ANSUR (2012)
,110.2,,,101.7,,107.4,Cis woman,ANSUR (2012)
,95.0,,,94.5,,114.0,Cis woman,ANSUR (2012)
,95.7,,,86.8,,108.5,Cis woman,ANSUR (2012)
,95.1,,,80.5,,102.2,Cis woman,ANSUR (2012)
,102.6,,,94.4,,104.8,Cis woman,ANSUR (2012)
,90.0,,,81.4,,106.6,Cis woman,ANSUR (2012)
,80.0,,,73.5,,91.7,Cis woman,ANSUR (2012)
,86.8,,,81.4,,93.1,Cis woman,ANSUR (2012)
,86.2,,,78.7,,94.5,Cis woman,ANSUR (2012)
,91.4,,,80.8,,95.6,Cis woman,ANSUR (2012)
,88.3,,,82.2,,103.6,Cis woman,ANSUR (2012)
,93.6,,,80.1,,101.4,Cis woman,ANSUR (2012)
,88.0,,,84.2,,98.5,Cis woman,ANSUR (2012)
,94.1,,,84.4,,101.5,Cis woman,ANSUR (2012)
,87.2,,,74.7,,95.8,Cis woman,ANSUR (2012)
,100.8,,,87.3,,111.9,Cis woman,ANSUR (2012)
,91.5,,,75.7,,96.4,Cis woman,ANSUR (2012)
,97.9,,,85.4,,100.2,Cis woman,ANSUR (2012)
,90.4,,,77.8,,99.8,Cis woman,ANSUR (2012)
,83.4,,,71.3,,95.4,Cis woman,ANSUR (2012)
,86.8,,,77.1,,100.8,Cis woman,ANSUR (2012)
,89.8,,,85.7,,98.8,Cis woman,ANSUR (2012)
,82.2,,,73.9,,95.5,Cis woman,ANSUR (2012)
,108.6,,,97.2,,115.3,Cis woman,ANSUR (2012)
,93.0,,,84.0,,98.9,Cis woman,ANSUR (2012)
,93.6,,,87.8,,99.9,Cis woman,ANSUR (2012)
,91.5,,,78.8,,107.2,Cis woman,ANSUR (2012)
,103.6,,,89.5,,105.6,Cis woman,ANSUR (2012)
,88.1,,,74.0,,93.5,Cis woman,ANSUR (2012)
,88.6,,,76.7,,90.7,Cis woman,ANSUR (2012)
,89.4,,,79.7,,93.9,Cis woman,ANSUR (2012)
,92.3,,,84.0,,112.6,Cis woman,ANSUR (2012)
,99.6,,,94.7,,109.3,Cis woman,ANSUR (2012)
,92.0,,,81.2,,100.8,Cis woman,ANSUR (2012)
,89.3,,,85.6,,102.1,Cis woman,ANSUR (2012)
,87.2,,,73.3,,96.9,Cis woman,ANSUR (2012)
,97.1,,,85.7,,102.0,Cis woman,ANSUR (2012)
,91.1,,,78.2,,99.0,Cis woman,ANSUR (2012)
,92.8,,,91.8,,108.5,Cis woman,ANSUR (2012)
,99.9,,,87.5,,111.0,Cis woman,ANSUR (2012)
,96.6,,,83.5,,102.1,Cis woman,ANSUR (2012)
,93.8,,,79.5,,101.9,Cis woman,ANSUR (2012)
,101.6,,,96.7,,107.7,Cis woman,ANSUR (2012)
,94.6,,,90.2,,96.2,Cis woman,ANSUR (2012)
,107.5,,,90.2,,105.9,Cis woman,ANSUR (2012)
,104.4,,,98.6,,104.3,Cis woman,ANSUR (2012)
,90.9,,,84.0,,108.5,Cis woman,ANSUR (2012)
,92.6,,,82.7,,98.8,Cis woman,ANSUR (2012)
,98.7,,,97.5,,112.8,Cis woman,ANSUR (2012)
,98.0,,,90.5,,110.6,Cis woman,ANSUR (2012)
,84.5,,,77.0,,100.7,Cis woman,ANSUR (2012)
,88.2,,,73.7,,97.3,Cis woman,ANSUR (2012)
,87.2,,,75.2,,98.1,Cis woman,ANSUR (2012)
,101.4,,,91.8,,109.2,Cis woman,ANSUR (2012)
,117.3,,,95.7,,117.9,Cis woman,ANSUR (2012)
,85.7,,,68.6,,92.9,Cis woman,ANSUR (2012)
,80.3,,,78.2,,89.7,Cis woman,ANSUR (2012)
,84.1,,,70.0,,87.0,Cis woman,ANSUR (2012)
,85.7,,,69.0,,98.3,Cis woman,ANSUR (2012)
,108.3,,,103.4,,114.0,Cis woman,ANSUR (2012)
,106.6,,,99.0,,114.4,Cis woman,ANSUR (2012)
,90.1,,,80.0,,106.1,Cis woman,ANSUR (2012)
,103.0,,,87.9,,105.8,Cis woman,ANSUR (2012)
,90.0,,,72.7,,92.6,Cis woman,ANSUR (2012)
,99.8,,,99.1,,114.8,Cis woman,ANSUR (2012)
,78.0,,,64.7,,87.1,Cis woman,ANSUR (2012)
,80.2,,,67.8,,87.4,Cis woman,ANSUR (2012)
,90.7,,,84.6,,103.3,Cis woman,ANSUR (2012)
,94.0,,,85.0,,105.5,Cis woman,ANSUR (2012)
,97.2,,,85.1,,113.2,Cis woman,ANSUR (2012)
,90.0,,,77.0,,101.9,Cis woman,ANSUR (2012)
,95.3,,,84.3,,98.6,Cis woman,ANSUR (2012)
,94.5,,,85.6,,103.5,Cis woman,ANSUR (2012)
,95.3,,,79.5,,105.0,Cis woman,ANSUR (2012)
,102.2,,,88.3,,97.5,Cis woman,ANSUR (2012)
,92.7,,,76.8,,98.6,Cis woman,ANSUR (2012)
,101.3,,,85.7,,116.9,Cis woman,ANSUR (2012)
,100.1,,,98.2,,110.4,Cis woman,ANSUR (2012)
,101.8,,,91.5,,96.0,Cis woman,ANSUR (2012)
,97.8,,,92.0,,100.0,Cis woman,ANSUR (2012)
,93.0,,,81.6,,101.0,Cis woman,ANSUR (2012)
,93.0,,,66.7,,94.3,Cis woman,ANSUR (2012)
,114.1,,,119.8,,134.1,Cis woman,ANSUR (2012)
,97.0,,,88.2,,110.5,Cis woman,ANSUR (2012)
,95.6,,,87.0,,108.1,Cis woman,ANSUR (2012)
,87.2,,,78.0,,96.9,Cis woman,ANSUR (2012)
,100.3,,,101.6,,115.2,Cis woman,ANSUR (2012)
,85.7,,,75.3,,99.8,Cis woman,ANSUR (2012)
,104.4,,,93.7,,101.9,Cis woman,ANSUR (2012)
,100.9,,,94.6,,107.3,Cis woman,ANSUR (2012)
,92.0,,,74.5,,103.4,Cis woman,ANSUR (2012)
,90.1,,,82.6,,99.9,Cis woman,ANSUR (2012)
,90.3,,,80.5,,95.3,Cis woman,ANSUR (2012)
,89.1,,,77.3,,96.3,Cis woman,ANSUR (2012)
,84.3,,,62.4,,86.3,Cis woman,ANSUR (2012)
,93.8,,,86.5,,102.9,Cis woman,ANSUR (2012)
,97.6,,,89.5,,107.6,Cis woman,ANSUR (2012)
,88.5,,,80.5,,104.2,Cis woman,ANSUR (2012)
,95.0,,,82.6,,98.6,Cis woman,ANSUR (2012)
,93.2,,,88.3,,108.5,Cis woman,ANSUR (2012)
,82.0,,,69.6,,87.1,Cis woman,ANSUR (2012)
,90.9,,,82.0,,110.1,Cis woman,ANSUR (2012)
,89.3,,,73.0,,86.9,Cis woman,ANSUR (2012)
,92.5,,,77.0,,94.0,Cis woman,ANSUR (2012)
,94.7,,,83.0,,96.6,Cis woman,ANSUR (2012)
,99.9,,,87.0,,109.4,Cis woman,ANSUR (2012)
,83.8,,,73.8,,90.0,Cis woman,ANSUR (2012)
,85.2,,,70.6,,89.6,Cis woman,ANSUR (2012)
,102.3,,,86.5,,102.3,Cis woman,ANSUR (2012)
,91.2,,,81.2,,104.5,Cis woman,ANSUR (2012)
,82.5,,,67.0,,94.2,Cis woman,ANSUR (2012)
,103.1,,,90.0,,101.5,Cis woman,ANSUR (2012)
,89.3,,,84.0,,100.1,Cis woman,ANSUR (2012)
,95.1,,,78.4,,103.7,Cis woman,ANSUR (2012)
,93.4,,,93.3,,106.2,Cis woman,ANSUR (2012)
,100.4,,,97.8,,109.6,Cis woman,ANSUR (2012)
,95.7,,,88.3,,104.1,Cis woman,ANSUR (2012)
,111.7,,,103.2,,117.0,Cis woman,ANSUR (2012)
,96.0,,,91.2,,103.2,Cis woman,ANSUR (2012)
,78.0,,,67.2,,92.5,Cis woman,ANSUR (2012)
,91.6,,,87.7,,103.0,Cis woman,ANSUR (2012)
,106.3,,,93.2,,116.0,Cis woman,ANSUR (2012)
,89.3,,,84.0,,102.8,Cis woman,ANSUR (2012)
,110.2,,,103.2,,117.8,Cis woman,ANSUR (2012)
,90.0,,,78.3,,103.5,Cis woman,ANSUR (2012)
,82.3,,,66.8,,87.5,Cis woman,ANSUR (2012)
,94.3,,,88.2,,100.8,Cis woman,ANSUR (2012)
,90.1,,,72.7,,92.6,Cis woman,ANSUR (2012)
,79.5,,,69.8,,91.9,Cis woman,ANSUR (2012)
,94.4,,,86.6,,104.2,Cis woman,ANSUR (2012)
,97.0,,,77.7,,93.2,Cis woman,ANSUR (2012)
,94.2,,,78.5,,102.3,Cis woman,ANSUR (2012)
,104.1,,,105.5,,113.2,Cis woman,ANSUR (2012)
,88.4,,,83.0,,97.8,Cis woman,ANSUR (2012)
,92.0,,,77.3,,99.3,Cis woman,ANSUR (2012)
,94.3,,,87.2,,103.2,Cis woman,ANSUR (2012)
,88.7,,,71.5,,95.8,Cis woman,ANSUR (2012)
,82.6,,,67.4,,89.5,Cis woman,ANSUR (2012)
,105.5,,,106.6,,109.5,Cis woman,ANSUR (2012)
,90.1,,,82.2,,95.6,Cis woman,ANSUR (2012)
,90.6,,,74.9,,99.1,Cis woman,ANSUR (2012)
,87.8,,,75.0,,93.8,Cis woman,ANSUR (2012)
,101.6,,,89.5,,101.1,Cis woman,ANSUR (2012)
,101.5,,,87.6,,107.1,Cis woman,ANSUR (2012)
,99.8,,,90.2,,93.8,Cis woman,ANSUR (2012)
,119.8,,,111.3,,120.0,Cis woman,ANSUR (2012)
,88.3,,,78.4,,101.9,Cis woman,ANSUR (2012)
,105.0,,,90.3,,105.9,Cis woman,ANSUR (2012)
,87.2,,,71.5,,97.0,Cis woman,ANSUR (2012)
,89.6,,,78.3,,92.5,Cis woman,ANSUR (2012)
,96.2,,,82.7,,94.7,Cis woman,ANSUR (2012)
,86.3,,,86.0,,96.5,Cis woman,ANSUR (2012)
,81.4,,,72.7,,91.5,Cis woman,ANSUR (2012)
,99.6,,,92.3,,115.5,Cis woman,ANSUR (2012)
,89.8,,,81.5,,99.3,Cis woman,ANSUR (2012)
,94.2,,,90.7,,107.6,Cis woman,ANSUR (2012)
,92.2,,,78.5,,100.6,Cis woman,ANSUR (2012)
,99.2,,,100.4,,102.6,Cis woman,ANSUR (2012)
,95.8,,,85.8,,99.5,Cis woman,ANSUR (2012)
,97.3,,,85.0,,102.2,Cis woman,ANSUR (2012)
,91.7,,,90.1,,112.8,Cis woman,ANSUR (2012)
,94.6,,,89.0,,99.9,Cis woman,ANSUR (2012)
,84.1,,,72.8,,93.8,Cis woman,ANSUR (2012)
,96.7,,,80.8,,96.2,Cis woman,ANSUR (2012)
,101.8,,,91.8,,114.6,Cis woman,ANSUR (2012)
,86.7,,,69.0,,90.9,Cis woman,ANSUR (2012)
,97.3,,,90.5,,105.3,Cis woman,ANSUR (2012)
,99.0,,,91.9,,111.5,Cis woman,ANSUR (2012)
,101.2,,,96.0,,107.8,Cis woman,ANSUR (2012)
,104.0,,,94.5,,105.8,Cis woman,ANSUR (2012)
,82.9,,,73.5,,88.2,Cis woman,ANSUR (2012)
,98.4,,,86.6,,106.0,Cis woman,ANSUR (2012)
,91.0,,,93.5,,106.0,Cis woman,ANSUR (2012)
,120.3,,,107.6,,116.8,Cis woman,ANSUR (2012)
,119.6,,,117.6,,116.1,Cis woman,ANSUR (2012)
,96.8,,,88.6,,110.8,Cis woman,ANSUR (2012)
,114.0,,,113.5,,115.7,Cis woman,ANSUR (2012)
,109.1,,,97.4,,104.9,Cis woman,ANSUR (2012)
,87.0,,,72.1,,89.6,Cis woman,ANSUR (2012)
,91.3,,,83.7,,97.1,Cis woman,ANSUR (2012)
,104.9,,,85.1,,101.8,Cis woman,ANSUR (2012)
,107.1,,,99.6,,112.6,Cis woman,ANSUR (2012)
,91.0,,,85.2,,98.2,Cis woman,ANSUR (2012)
,101.9,,,93.5,,104.4,Cis woman,ANSUR (2012)
,96.5,,,92.7,,110.4,Cis woman,ANSUR (2012)
,95.2,,,92.1,,109.2,Cis woman,ANSUR (2012)
,98.2,,,93.7,,109.8,Cis woman,ANSUR (2012)
,103.5,,,87.2,,102.6,Cis woman,ANSUR (2012)
,114.2,,,102.5,,120.8,Cis woman,ANSUR (2012)
,105.5,,,110.6,,117.1,Cis woman,ANSUR (2012)
,91.4,,,76.7,,98.7,Cis woman,ANSUR (2012)
,93.0,,,82.3,,103.1,Cis woman,ANSUR (2012)
,100.6,,,93.3,,114.0,Cis woman,ANSUR (2012)
,92.9,,,73.5,,94.8,Cis woman,ANSUR (2012)
,87.2,,,77.2,,94.6,Cis woman,ANSUR (2012)
,98.3,,,98.7,,107.5,Cis woman,ANSUR (2012)
,87.3,,,83.7,,96.0,Cis woman,ANSUR (2012)
,93.4,,,87.3,,103.2,Cis woman,ANSUR (2012)
,100.6,,,80.3,,101.0,Cis woman,ANSUR (2012)
,90.7,,,80.4,,102.1,Cis woman,ANSUR (2012)
,110.1,,,105.5,,118.1,Cis woman,ANSUR (2012)
,106.8,,,90.1,,124.1,Cis woman,ANSUR (2012)
,116.8,,,117.2,,131.4,Cis woman,ANSUR (2012)
,89.6,,,79.1,,100.0,Cis woman,ANSUR (2012)
,115.4,,,96.2,,99.9,Cis woman,ANSUR (2012)
,94.1,,,74.5,,103.4,Cis woman,ANSUR (2012)
,89.8,,,80.1,,98.4,Cis woman,ANSUR (2012)
,95.2,,,95.5,,101.6,Cis woman,ANSUR (2012)
,99.1,,,103.2,,104.5,Cis woman,ANSUR (2012)
,109.1,,,104.2,,114.2,Cis woman,ANSUR (2012)
,100.5,,,96.6,,104.9,Cis woman,ANSUR (2012)
,93.1,,,84.4,,111.0,Cis woman,ANSUR (2012)
,88.6,,,75.2,,91.8,Cis woman,ANSUR (2012)
,106.0,,,95.4,,116.4,Cis woman,ANSUR (2012)
,95.2,,,85.7,,105.8,Cis woman,ANSUR (2012)
,92.3,,,84.0,,110.6,Cis woman,ANSUR (2012)
,109.3,,,109.0,,114.0,Cis woman,ANSUR (2012)
,94.3,,,96.0,,115.7,Cis woman,ANSUR (2012)
,97.4,,,83.0,,97.7,Cis woman,ANSUR (2012)
,111.3,,,100.3,,111.5,Cis woman,ANSUR (2012)
,109.0,,,97.7,,116.4,Cis woman,ANSUR (2012)
,94.0,,,85.5,,103.8,Cis woman,ANSUR (2012)
,95.2,,,86.3,,96.3,Cis woman,ANSUR (2012)
,105.9,,,91.7,,88.7,Cis woman,ANSUR (2012)
,112.5,,,91.9,,107.0,Cis woman,ANSUR (2012)
,83.7,,,69.5,,95.2,Cis woman,ANSUR (2012)
,92.0,,,79.2,,102.7,Cis woman,ANSUR (2012)
,103.7,,,101.4,,112.6,Cis woman,ANSUR (2012)
,102.1,,,90.6,,111.2,Cis woman,ANSUR (2012)
,93.5,,,79.5,,99.2,Cis woman,ANSUR (2012)
,107.2,,,101.2,,113.2,Cis woman,ANSUR (2012)
,108.9,,,96.5,,108.1,Cis woman,ANSUR (2012)
,97.3,,,86.9,,119.1,Cis woman,ANSUR (2012)
,104.2,,,90.3,,99.1,Cis woman,ANSUR (2012)
,92.5,,,81.7,,104.6,Cis woman,ANSUR (2012)
,86.5,,,68.1,,90.6,Cis woman,ANSUR (2012)
,103.0,,,91.5,,102.5,Cis woman,ANSUR (2012)
,103.8,,,87.0,,110.2,Cis woman,ANSUR (2012)
,104.7,,,94.1,,96.6,Cis woman,ANSUR (2012)
,99.4,,,84.7,,105.5,Cis woman,ANSUR (2012)
,80.2,,,75.5,,87.8,Cis woman,ANSUR (2012)
,93.1,,,74.2,,99.1,Cis woman,ANSUR (2012)
,99.0,,,96.0,,111.0,Cis woman,ANSUR (2012)
,108.2,,,104.3,,108.9,Cis woman,ANSUR (2012)
,101.6,,,97.1,,101.6,Cis woman,ANSUR (2012)
,109.3,,,98.2,,106.3,Cis woman,ANSUR (2012)
,92.2,,,83.7,,105.1,Cis woman,ANSUR (2012)
,90.2,,,89.1,,97.4,Cis woman,ANSUR (2012)
