overbust,chest,underbust,natural waist,waist,low waist,hip,gender,study
105.8,105.2,97.1,94.9,,98.2,102.7,Cis man,ANSUR (1988)
105.4,102.9,95.2,91.6,,97.6,104.5,Cis man,ANSUR (1988)
99.7,99.5,93.4,83.4,,84.5,97.0,Cis man,ANSUR (1988)
97.6,96.6,87.7,82.5,,88.4,99.8,Cis man,ANSUR (1988)
100.7,103.2,94.8,91.4,,96.6,96.8,Cis man,ANSUR (1988)
93.7,93.7,85.9,75.9,,74.1,87.9,Cis man,ANSUR (1988)
106.4,101.2,98.3,95.1,,99.6,103.0,Cis man,ANSUR (1988)
100.9,98.0,92.4,88.6,,93.1,102.7,Cis man,ANSUR (1988)
104.9,101.9,96.3,90.2,,92.9,101.4,Cis man,ANSUR (1988)
108.1,106.9,104.4,97.1,,92.3,106.2,Cis man,ANSUR (1988)
106.6,104.3,100.3,96.4,,96.2,102.5,Cis man,ANSUR (1988)
110.5,106.1,99.2,92.9,,92.8,106.7,Cis man,ANSUR (1988)
107.1,104.8,99.4,92.5,,93.4,98.9,Cis man,ANSUR (1988)
105.9,104.1,97.8,87.4,,87.2,95.5,Cis man,ANSUR (1988)
92.2,89.6,83.3,83.4,,90.7,96.0,Cis man,ANSUR (1988)
111.6,107.8,101.1,98.1,,97.4,98.6,Cis man,ANSUR (1988)
107.2,102.8,97.3,86.4,,88.7,102.2,Cis man,ANSUR (1988)
102.6,99.3,93.2,84.7,,87.5,99.1,Cis man,ANSUR (1988)
102.2,99.9,94.2,83.1,,84.8,95.8,Cis man,ANSUR (1988)
105.0,98.1,94.5,91.2,,92.1,103.4,Cis man,ANSUR (1988)
115.4,114.2,104.5,98.4,,99.3,109.9,Cis man,ANSUR (1988)
98.2,95.4,90.8,83.1,,85.2,92.1,Cis man,ANSUR (1988)
101.4,100.7,97.1,80.5,,80.2,91.2,Cis man,ANSUR (1988)
100.8,97.1,90.3,77.8,,76.4,96.1,Cis man,ANSUR (1988)
102.2,98.5,90.2,85.7,,88.5,100.1,Cis man,ANSUR (1988)
96.7,93.6,90.2,84.8,,86.1,102.4,Cis man,ANSUR (1988)
103.2,102.2,96.4,92.0,,94.8,104.8,Cis man,ANSUR (1988)
100.7,98.5,93.8,85.2,,85.5,97.0,Cis man,ANSUR (1988)
88.9,87.1,81.3,72.7,,76.7,89.7,Cis man,ANSUR (1988)
108.5,104.6,95.9,87.9,,89.8,100.1,Cis man,ANSUR (1988)
106.0,100.8,95.1,82.2,,85.3,98.0,Cis man,ANSUR (1988)
102.6,101.2,91.9,85.4,,89.6,104.8,Cis man,ANSUR (1988)
108.2,107.8,102.0,95.2,,94.1,101.3,Cis man,ANSUR (1988)
93.4,90.4,84.8,78.5,,83.4,93.9,Cis man,ANSUR (1988)
111.6,108.9,101.6,93.3,,94.9,106.2,Cis man,ANSUR (1988)
109.8,108.0,97.0,97.6,,103.8,111.0,Cis man,ANSUR (1988)
100.0,95.5,90.1,79.2,,77.1,94.9,Cis man,ANSUR (1988)
94.8,90.0,86.7,78.9,,78.6,88.4,Cis man,ANSUR (1988)
99.0,94.6,89.1,86.0,,88.9,101.0,Cis man,ANSUR (1988)
102.5,98.6,94.0,91.8,,92.5,96.2,Cis man,ANSUR (1988)
108.1,103.6,99.1,95.1,,102.4,113.0,Cis man,ANSUR (1988)
99.3,95.3,91.6,82.6,,86.5,99.6,Cis man,ANSUR (1988)
96.7,96.2,91.8,81.6,,81.6,91.7,Cis man,ANSUR (1988)
106.5,103.8,97.3,94.1,,97.6,103.6,Cis man,ANSUR (1988)
107.2,102.7,95.9,91.2,,94.5,107.2,Cis man,ANSUR (1988)
105.9,104.4,96.9,85.4,,89.1,100.1,Cis man,ANSUR (1988)
99.1,93.7,87.8,85.5,,88.3,94.5,Cis man,ANSUR (1988)
109.6,108.9,100.4,95.3,,102.9,102.8,Cis man,ANSUR (1988)
114.4,109.9,104.7,102.6,,105.6,114.4,Cis man,ANSUR (1988)
109.6,104.6,100.9,88.9,,92.0,99.1,Cis man,ANSUR (1988)
104.4,102.4,97.3,95.2,,99.5,99.6,Cis man,ANSUR (1988)
116.0,108.4,100.5,94.5,,95.8,107.2,Cis man,ANSUR (1988)
113.3,112.2,104.1,89.4,,92.8,104.5,Cis man,ANSUR (1988)
97.3,92.3,86.2,77.6,,79.2,93.9,Cis man,ANSUR (1988)
97.6,94.9,91.2,84.8,,84.5,93.4,Cis man,ANSUR (1988)
111.0,108.0,103.1,91.4,,93.9,100.6,Cis man,ANSUR (1988)
101.9,101.9,94.3,93.7,,98.0,104.2,Cis man,ANSUR (1988)
115.4,115.2,102.1,99.3,,105.1,105.0,Cis man,ANSUR (1988)
97.5,94.2,88.5,78.8,,80.7,90.2,Cis man,ANSUR (1988)
95.0,88.2,83.8,74.6,,76.2,94.6,Cis man,ANSUR (1988)
110.4,102.5,98.4,91.9,,97.2,107.8,Cis man,ANSUR (1988)
106.1,102.9,96.0,87.1,,90.7,101.4,Cis man,ANSUR (1988)
111.8,107.4,99.6,94.1,,99.4,109.8,Cis man,ANSUR (1988)
106.4,103.1,98.4,89.6,,91.5,101.2,Cis man,ANSUR (1988)
102.6,100.8,91.2,78.9,,80.6,102.5,Cis man,ANSUR (1988)
89.0,85.4,80.6,70.8,,72.0,90.8,Cis man,ANSUR (1988)
105.4,102.5,96.5,90.7,,88.8,106.8,Cis man,ANSUR (1988)
107.8,99.5,94.6,94.6,,103.3,104.5,Cis man,ANSUR (1988)
111.5,109.2,101.2,92.8,,90.1,101.6,Cis man,ANSUR (1988)
99.5,96.2,90.3,80.4,,78.5,95.1,Cis man,ANSUR (1988)
109.4,105.9,98.9,92.3,,100.4,106.0,Cis man,ANSUR (1988)
94.0,90.1,83.2,76.5,,77.3,91.9,Cis man,ANSUR (1988)
89.7,85.2,81.4,68.3,,69.4,84.5,Cis man,ANSUR (1988)
100.1,94.5,88.3,80.1,,83.9,98.4,Cis man,ANSUR (1988)
101.2,97.2,92.1,81.2,,83.0,98.9,Cis man,ANSUR (1988)
96.3,91.6,86.9,77.5,,79.1,93.1,Cis man,ANSUR (1988)
104.1,100.4,94.1,86.4,,86.9,97.5,Cis man,ANSUR (1988)
103.9,97.4,92.3,79.9,,82.8,98.8,Cis man,ANSUR (1988)
110.7,105.3,98.5,88.6,,92.8,102.5,Cis man,ANSUR (1988)
102.9,103.0,99.4,88.5,,91.9,102.9,Cis man,ANSUR (1988)
95.1,92.2,85.6,74.4,,74.5,89.9,Cis man,ANSUR (1988)
104.2,103.2,96.6,85.9,,87.5,101.5,Cis man,ANSUR (1988)
113.4,112.9,101.3,93.9,,96.7,106.5,Cis man,ANSUR (1988)
114.9,108.9,105.5,99.0,,96.7,109.8,Cis man,ANSUR (1988)
102.7,100.1,92.5,89.9,,99.0,106.9,Cis man,ANSUR (1988)
102.5,100.1,88.1,84.1,,89.2,104.2,Cis man,ANSUR (1988)
102.8,98.1,92.6,87.2,,91.9,99.1,Cis man,ANSUR (1988)
104.1,98.6,92.5,88.8,,92.5,99.5,Cis man,ANSUR (1988)
101.4,99.2,94.5,83.7,,84.6,98.6,Cis man,ANSUR (1988)
104.6,103.1,96.6,93.9,,100.7,109.4,Cis man,ANSUR (1988)
109.0,107.2,100.7,96.8,,99.3,107.8,Cis man,ANSUR (1988)
108.8,106.3,98.5,88.1,,91.5,100.5,Cis man,ANSUR (1988)
94.3,91.3,88.5,74.8,,74.1,92.3,Cis man,ANSUR (1988)
98.7,95.5,87.9,76.1,,76.9,92.4,Cis man,ANSUR (1988)
101.0,94.3,90.2,81.1,,84.9,96.1,Cis man,ANSUR (1988)
109.4,107.3,98.3,94.6,,96.1,102.1,Cis man,ANSUR (1988)
116.1,109.8,103.5,95.0,,96.7,107.9,Cis man,ANSUR (1988)
101.4,96.5,88.3,77.0,,87.4,98.1,Cis man,ANSUR (1988)
97.9,94.7,90.3,81.5,,86.6,94.5,Cis man,ANSUR (1988)
96.8,92.3,85.8,70.7,,71.9,93.5,Cis man,ANSUR (1988)
98.3,93.9,88.3,77.4,,79.5,94.1,Cis man,ANSUR (1988)
113.4,114.8,107.3,103.9,,117.3,123.9,Cis man,ANSUR (1988)
104.2,101.7,96.5,79.4,,80.3,93.3,Cis man,ANSUR (1988)
100.7,97.2,90.9,78.8,,80.3,95.4,Cis man,ANSUR (1988)
110.4,105.3,97.8,89.6,,93.8,107.0,Cis man,ANSUR (1988)
111.4,108.6,102.9,95.8,,99.1,104.9,Cis man,ANSUR (1988)
99.5,95.2,88.3,74.5,,77.3,92.0,Cis man,ANSUR (1988)
113.1,109.2,102.7,96.4,,100.1,106.2,Cis man,ANSUR (1988)
101.4,100.2,95.2,86.7,,90.8,97.2,Cis man,ANSUR (1988)
101.4,99.2,95.0,87.5,,91.6,98.8,Cis man,ANSUR (1988)
101.3,98.8,89.9,80.4,,81.8,96.7,Cis man,ANSUR (1988)
102.3,100.0,93.2,89.5,,90.3,96.8,Cis man,ANSUR (1988)
97.7,92.8,88.3,81.5,,85.2,96.2,Cis man,ANSUR (1988)
109.4,109.6,100.0,91.8,,96.8,102.0,Cis man,ANSUR (1988)
104.2,101.2,96.6,89.8,,94.4,102.1,Cis man,ANSUR (1988)
102.9,98.6,91.7,81.0,,83.8,103.5,Cis man,ANSUR (1988)
106.5,99.9,93.6,83.9,,84.5,97.2,Cis man,ANSUR (1988)
102.5,100.5,93.4,85.7,,89.1,95.2,Cis man,ANSUR (1988)
102.7,99.8,93.0,83.8,,87.6,102.8,Cis man,ANSUR (1988)
109.3,109.7,101.2,94.8,,95.6,104.8,Cis man,ANSUR (1988)
106.6,102.4,92.7,83.9,,86.2,99.0,Cis man,ANSUR (1988)
96.8,91.9,87.6,76.7,,76.7,89.9,Cis man,ANSUR (1988)
105.4,99.3,95.8,83.1,,85.6,104.5,Cis man,ANSUR (1988)
103.4,102.3,93.3,78.5,,80.9,94.0,Cis man,ANSUR (1988)
104.0,102.7,97.6,86.8,,90.4,98.6,Cis man,ANSUR (1988)
93.7,89.5,81.9,76.6,,80.1,91.5,Cis man,ANSUR (1988)
106.4,105.1,99.3,93.7,,98.9,106.7,Cis man,ANSUR (1988)
100.5,92.1,86.0,72.9,,72.9,94.5,Cis man,ANSUR (1988)
106.7,104.9,99.1,91.1,,92.3,100.6,Cis man,ANSUR (1988)
103.6,101.6,95.8,91.1,,94.2,104.7,Cis man,ANSUR (1988)
100.6,98.3,89.3,80.0,,79.2,96.6,Cis man,ANSUR (1988)
96.9,95.6,89.7,80.3,,80.9,92.7,Cis man,ANSUR (1988)
105.8,105.3,99.7,87.5,,89.2,101.4,Cis man,ANSUR (1988)
102.0,101.2,92.8,85.7,,89.4,101.9,Cis man,ANSUR (1988)
95.2,90.5,85.1,75.9,,75.7,91.6,Cis man,ANSUR (1988)
94.7,92.6,86.8,79.6,,81.5,90.4,Cis man,ANSUR (1988)
97.3,91.8,86.8,79.6,,74.3,90.8,Cis man,ANSUR (1988)
105.9,103.6,98.7,92.8,,98.5,105.3,Cis man,ANSUR (1988)
101.2,100.1,91.4,80.3,,78.4,97.2,Cis man,ANSUR (1988)
88.8,84.7,80.8,73.7,,75.1,86.1,Cis man,ANSUR (1988)
111.3,110.9,103.2,95.5,,99.4,109.0,Cis man,ANSUR (1988)
91.2,88.5,82.6,75.0,,80.1,93.8,Cis man,ANSUR (1988)
94.9,95.0,88.7,84.0,,87.5,94.5,Cis man,ANSUR (1988)
97.5,96.0,91.7,74.8,,77.4,93.9,Cis man,ANSUR (1988)
104.2,100.2,88.4,82.4,,88.6,103.1,Cis man,ANSUR (1988)
107.6,106.0,98.3,92.4,,92.6,101.8,Cis man,ANSUR (1988)
101.8,97.1,92.2,85.6,,88.4,98.9,Cis man,ANSUR (1988)
99.8,93.6,89.6,86.6,,88.1,103.8,Cis man,ANSUR (1988)
107.0,104.2,98.1,94.3,,95.3,100.8,Cis man,ANSUR (1988)
105.1,102.8,94.3,88.8,,92.8,102.4,Cis man,ANSUR (1988)
105.6,101.6,94.7,92.1,,94.9,103.5,Cis man,ANSUR (1988)
94.0,89.8,84.3,76.3,,77.7,92.0,Cis man,ANSUR (1988)
107.5,107.2,98.8,90.0,,92.5,105.7,Cis man,ANSUR (1988)
94.1,89.1,84.2,70.3,,69.4,82.7,Cis man,ANSUR (1988)
103.6,99.1,93.7,81.7,,85.4,96.1,Cis man,ANSUR (1988)
98.1,91.5,86.1,79.7,,82.6,100.1,Cis man,ANSUR (1988)
96.7,94.5,86.9,76.3,,78.5,95.3,Cis man,ANSUR (1988)
99.8,94.6,87.0,83.4,,85.8,99.6,Cis man,ANSUR (1988)
107.4,107.9,99.5,91.6,,96.5,98.9,Cis man,ANSUR (1988)
103.8,97.6,93.1,84.4,,87.3,100.5,Cis man,ANSUR (1988)
111.4,106.4,100.0,92.6,,99.6,103.8,Cis man,ANSUR (1988)
95.3,92.5,86.5,76.3,,76.9,93.2,Cis man,ANSUR (1988)
110.6,111.2,105.0,96.5,,97.8,103.7,Cis man,ANSUR (1988)
104.2,99.2,92.1,89.1,,90.3,102.3,Cis man,ANSUR (1988)
102.2,101.1,96.4,82.5,,84.3,97.6,Cis man,ANSUR (1988)
103.3,97.6,90.1,84.4,,88.6,97.2,Cis man,ANSUR (1988)
107.8,105.3,97.2,85.0,,85.7,98.5,Cis man,ANSUR (1988)
105.2,100.1,92.2,87.5,,88.5,104.1,Cis man,ANSUR (1988)
100.1,98.2,91.8,86.0,,91.1,106.4,Cis man,ANSUR (1988)
104.1,102.0,94.3,84.1,,86.9,97.6,Cis man,ANSUR (1988)
99.5,93.3,90.8,79.2,,79.6,90.3,Cis man,ANSUR (1988)
99.0,98.9,92.8,91.0,,90.1,98.2,Cis man,ANSUR (1988)
95.9,91.3,87.8,77.3,,75.0,92.8,Cis man,ANSUR (1988)
94.0,88.0,83.5,71.8,,70.4,88.3,Cis man,ANSUR (1988)
98.7,94.0,88.3,77.8,,79.5,95.5,Cis man,ANSUR (1988)
104.6,102.6,94.2,90.6,,92.4,97.3,Cis man,ANSUR (1988)
93.5,93.1,89.2,76.2,,76.9,91.3,Cis man,ANSUR (1988)
100.0,94.2,87.7,78.4,,77.3,96.8,Cis man,ANSUR (1988)
102.1,99.2,95.2,89.6,,91.5,98.6,Cis man,ANSUR (1988)
95.3,92.7,87.9,83.9,,83.3,95.8,Cis man,ANSUR (1988)
103.3,100.2,88.8,82.1,,79.7,95.4,Cis man,ANSUR (1988)
103.6,98.5,93.3,85.5,,85.3,94.7,Cis man,ANSUR (1988)
100.8,95.8,86.2,76.2,,75.6,92.0,Cis man,ANSUR (1988)
104.7,103.5,97.9,87.9,,93.8,104.6,Cis man,ANSUR (1988)
109.8,110.9,103.4,92.0,,95.9,104.2,Cis man,ANSUR (1988)
96.3,90.7,83.8,75.7,,78.3,93.0,Cis man,ANSUR (1988)
117.5,114.4,108.5,97.0,,96.5,104.0,Cis man,ANSUR (1988)
100.3,98.3,90.4,86.5,,91.0,100.6,Cis man,ANSUR (1988)
94.5,92.7,89.4,84.0,,86.9,93.9,Cis man,ANSUR (1988)
104.0,98.1,91.0,79.7,,78.4,94.7,Cis man,ANSUR (1988)
113.3,107.6,100.9,94.3,,94.4,107.7,Cis man,ANSUR (1988)
98.8,96.8,91.1,76.5,,73.4,87.9,Cis man,ANSUR (1988)
97.7,95.4,85.5,79.1,,82.4,96.2,Cis man,ANSUR (1988)
105.3,103.1,93.1,84.0,,89.8,99.4,Cis man,ANSUR (1988)
117.5,117.1,108.8,101.3,,105.1,111.4,Cis man,ANSUR (1988)
108.8,103.7,97.2,89.6,,93.7,105.9,Cis man,ANSUR (1988)
96.5,93.4,87.5,80.8,,82.6,97.8,Cis man,ANSUR (1988)
106.2,103.7,96.4,82.7,,86.0,100.0,Cis man,ANSUR (1988)
104.4,98.4,92.9,87.6,,91.0,100.8,Cis man,ANSUR (1988)
98.8,94.8,88.1,81.3,,87.0,97.9,Cis man,ANSUR (1988)
103.9,101.6,95.5,85.7,,88.3,95.1,Cis man,ANSUR (1988)
91.4,90.5,86.1,77.9,,79.5,91.8,Cis man,ANSUR (1988)
105.4,104.3,96.0,93.5,,99.9,103.5,Cis man,ANSUR (1988)
94.4,92.8,90.5,85.1,,87.4,95.8,Cis man,ANSUR (1988)
96.6,95.5,88.9,78.8,,80.7,101.2,Cis man,ANSUR (1988)
93.8,93.1,88.6,80.8,,81.9,91.8,Cis man,ANSUR (1988)
95.7,91.8,86.6,75.1,,76.5,94.9,Cis man,ANSUR (1988)
115.1,109.8,102.9,96.7,,101.0,107.8,Cis man,ANSUR (1988)
106.5,105.1,99.4,90.6,,95.3,105.9,Cis man,ANSUR (1988)
94.5,88.3,82.7,73.4,,73.5,87.1,Cis man,ANSUR (1988)
99.5,97.6,93.6,80.4,,82.0,96.4,Cis man,ANSUR (1988)
93.4,91.2,83.7,71.8,,75.0,92.0,Cis man,ANSUR (1988)
103.2,96.7,89.5,81.1,,85.2,101.6,Cis man,ANSUR (1988)
107.9,104.5,95.4,84.7,,84.4,95.5,Cis man,ANSUR (1988)
91.6,88.7,84.3,77.8,,80.9,94.2,Cis man,ANSUR (1988)
94.0,90.5,84.5,72.7,,74.2,89.1,Cis man,ANSUR (1988)
102.1,101.7,93.6,84.5,,93.3,103.9,Cis man,ANSUR (1988)
101.7,100.4,91.3,82.5,,85.3,99.4,Cis man,ANSUR (1988)
115.4,112.8,107.0,100.6,,104.7,108.0,Cis man,ANSUR (1988)
105.2,99.8,90.3,77.0,,77.9,95.0,Cis man,ANSUR (1988)
103.4,99.3,93.6,85.3,,91.7,103.6,Cis man,ANSUR (1988)
112.1,112.3,104.2,100.2,,104.3,107.2,Cis man,ANSUR (1988)
118.2,111.9,99.9,87.2,,87.9,98.5,Cis man,ANSUR (1988)
96.5,91.9,86.3,76.0,,81.3,97.1,Cis man,ANSUR (1988)
93.1,89.2,86.2,79.6,,80.7,95.2,Cis man,ANSUR (1988)
99.9,96.6,91.6,84.1,,85.2,92.0,Cis man,ANSUR (1988)
97.1,93.5,87.1,78.9,,84.2,98.4,Cis man,ANSUR (1988)
103.8,101.1,96.6,93.8,,98.5,101.4,Cis man,ANSUR (1988)
100.6,95.8,89.1,76.6,,78.2,95.7,Cis man,ANSUR (1988)
101.2,97.7,91.3,85.5,,87.8,101.2,Cis man,ANSUR (1988)
96.9,93.9,91.8,83.4,,88.2,100.2,Cis man,ANSUR (1988)
92.2,86.5,82.9,74.8,,75.1,89.5,Cis man,ANSUR (1988)
95.5,92.9,86.6,75.0,,74.5,90.0,Cis man,ANSUR (1988)
104.1,103.9,94.8,90.2,,100.6,101.4,Cis man,ANSUR (1988)
99.4,92.8,87.5,79.3,,82.2,97.0,Cis man,ANSUR (1988)
103.1,103.3,98.5,84.2,,84.2,96.8,Cis man,ANSUR (1988)
100.0,95.6,91.5,78.4,,81.3,96.0,Cis man,ANSUR (1988)
99.2,95.6,92.1,84.3,,88.5,94.4,Cis man,ANSUR (1988)
96.4,95.0,89.7,80.4,,83.1,93.0,Cis man,ANSUR (1988)
104.7,101.0,93.2,83.0,,85.7,104.8,Cis man,ANSUR (1988)
112.5,109.5,99.1,94.5,,96.3,96.9,Cis man,ANSUR (1988)
105.4,103.9,96.9,89.8,,95.9,101.7,Cis man,ANSUR (1988)
104.3,102.9,95.5,87.6,,90.7,108.0,Cis man,ANSUR (1988)
91.5,86.4,82.5,72.5,,75.9,91.7,Cis man,ANSUR (1988)
110.7,106.2,96.6,90.0,,90.8,100.9,Cis man,ANSUR (1988)
102.9,96.8,92.7,82.1,,78.5,91.4,Cis man,ANSUR (1988)
99.5,97.5,91.2,77.6,,79.2,90.9,Cis man,ANSUR (1988)
89.8,84.6,81.6,70.2,,72.7,88.5,Cis man,ANSUR (1988)
91.7,88.2,86.1,74.4,,75.9,91.6,Cis man,ANSUR (1988)
96.8,92.6,85.5,78.8,,87.5,97.0,Cis man,ANSUR (1988)
104.9,101.3,95.7,90.0,,91.8,103.8,Cis man,ANSUR (1988)
110.9,104.7,96.7,89.4,,92.7,107.3,Cis man,ANSUR (1988)
117.3,118.2,110.5,106.4,,108.8,113.1,Cis man,ANSUR (1988)
100.6,95.8,91.5,78.4,,80.5,94.6,Cis man,ANSUR (1988)
97.5,93.3,86.6,79.9,,89.2,96.0,Cis man,ANSUR (1988)
106.4,103.8,98.6,94.8,,94.9,99.4,Cis man,ANSUR (1988)
98.6,95.1,86.0,80.8,,80.8,97.8,Cis man,ANSUR (1988)
95.8,96.1,87.9,79.6,,78.9,92.0,Cis man,ANSUR (1988)
97.3,94.6,88.4,78.5,,82.2,95.8,Cis man,ANSUR (1988)
93.5,89.7,83.4,73.7,,74.5,87.9,Cis man,ANSUR (1988)
94.0,92.8,90.0,84.7,,87.4,92.9,Cis man,ANSUR (1988)
88.1,86.9,81.5,72.0,,70.1,80.8,Cis man,ANSUR (1988)
93.9,90.7,86.5,80.8,,81.9,93.8,Cis man,ANSUR (1988)
97.5,97.3,94.0,88.3,,89.6,95.5,Cis man,ANSUR (1988)
97.2,96.5,92.2,87.2,,88.2,100.2,Cis man,ANSUR (1988)
102.4,97.6,89.4,84.4,,88.3,98.6,Cis man,ANSUR (1988)
99.7,96.4,90.7,83.2,,80.5,95.6,Cis man,ANSUR (1988)
102.7,99.6,92.4,80.3,,81.4,94.5,Cis man,ANSUR (1988)
100.5,106.6,101.1,95.1,,104.0,109.5,Cis man,ANSUR (1988)
98.6,94.5,88.9,83.0,,84.1,98.0,Cis man,ANSUR (1988)
101.3,99.3,91.1,82.2,,85.5,96.8,Cis man,ANSUR (1988)
99.5,96.2,92.3,83.8,,88.9,98.5,Cis man,ANSUR (1988)
100.8,97.2,89.6,81.7,,84.9,97.4,Cis man,ANSUR (1988)
95.4,96.5,90.6,82.5,,87.8,95.9,Cis man,ANSUR (1988)
102.2,101.4,96.9,86.3,,83.5,95.4,Cis man,ANSUR (1988)
95.1,92.8,87.9,76.6,,77.3,92.0,Cis man,ANSUR (1988)
103.5,97.9,90.9,80.5,,83.7,98.1,Cis man,ANSUR (1988)
106.9,100.8,93.5,86.4,,91.7,106.6,Cis man,ANSUR (1988)
97.9,90.5,85.6,74.8,,77.8,95.4,Cis man,ANSUR (1988)
106.4,105.4,97.3,91.7,,94.3,105.4,Cis man,ANSUR (1988)
115.5,113.3,105.9,96.7,,104.2,111.8,Cis man,ANSUR (1988)
103.2,98.7,86.3,75.9,,75.2,89.8,Cis man,ANSUR (1988)
97.6,95.5,90.0,80.0,,80.1,92.2,Cis man,ANSUR (1988)
112.2,109.8,100.4,96.1,,97.9,108.8,Cis man,ANSUR (1988)
112.9,109.5,99.0,91.3,,90.3,101.4,Cis man,ANSUR (1988)
101.3,103.2,95.6,88.9,,92.5,101.3,Cis man,ANSUR (1988)
100.3,104.3,98.4,93.6,,95.4,102.4,Cis man,ANSUR (1988)
100.3,96.5,91.1,81.2,,84.4,94.1,Cis man,ANSUR (1988)
102.7,100.6,91.3,85.6,,84.6,92.2,Cis man,ANSUR (1988)
100.8,98.4,93.7,86.6,,89.7,102.8,Cis man,ANSUR (1988)
109.5,105.3,97.5,88.8,,95.3,102.9,Cis man,ANSUR (1988)
100.6,98.0,86.8,80.8,,85.0,103.2,Cis man,ANSUR (1988)
98.3,94.5,88.5,83.8,,85.9,98.4,Cis man,ANSUR (1988)
109.2,109.1,103.8,99.2,,103.0,108.7,Cis man,ANSUR (1988)
105.6,103.1,94.9,85.8,,88.5,99.8,Cis man,ANSUR (1988)
104.5,104.6,99.0,97.4,,103.7,104.5,Cis man,ANSUR (1988)
109.1,111.9,102.4,92.5,,96.7,101.2,Cis man,ANSUR (1988)
107.2,103.7,97.6,80.6,,80.9,93.7,Cis man,ANSUR (1988)
100.1,99.1,91.5,83.2,,83.0,98.5,Cis man,ANSUR (1988)
104.8,99.9,95.6,89.7,,88.8,99.7,Cis man,ANSUR (1988)
104.7,105.6,96.2,84.6,,85.4,94.3,Cis man,ANSUR (1988)
99.4,99.2,89.9,84.3,,83.5,100.5,Cis man,ANSUR (1988)
116.1,108.5,103.8,92.5,,96.9,109.2,Cis man,ANSUR (1988)
101.4,100.7,93.5,81.3,,81.3,98.5,Cis man,ANSUR (1988)
102.1,98.1,89.8,82.7,,84.8,98.5,Cis man,ANSUR (1988)
102.6,99.1,92.2,86.0,,89.6,93.5,Cis man,ANSUR (1988)
99.6,93.8,87.2,79.5,,78.3,95.1,Cis man,ANSUR (1988)
100.1,95.6,90.0,79.9,,78.9,92.3,Cis man,ANSUR (1988)
100.2,97.5,89.3,81.2,,80.6,92.2,Cis man,ANSUR (1988)
99.9,95.9,89.7,80.2,,83.6,99.1,Cis man,ANSUR (1988)
97.3,89.5,85.9,75.2,,78.2,88.0,Cis man,ANSUR (1988)
105.1,102.0,97.3,84.2,,87.3,99.3,Cis man,ANSUR (1988)
107.5,105.0,96.7,87.6,,87.7,97.6,Cis man,ANSUR (1988)
91.2,85.0,78.5,67.5,,68.1,85.8,Cis man,ANSUR (1988)
97.8,95.4,90.1,76.0,,81.4,98.2,Cis man,ANSUR (1988)
108.2,106.1,99.1,95.5,,101.7,109.7,Cis man,ANSUR (1988)
103.5,97.6,93.1,85.5,,90.3,104.3,Cis man,ANSUR (1988)
97.8,93.1,88.4,74.8,,75.3,92.4,Cis man,ANSUR (1988)
90.7,88.2,82.9,79.6,,82.5,90.7,Cis man,ANSUR (1988)
97.4,94.7,90.5,82.3,,80.3,90.1,Cis man,ANSUR (1988)
95.4,91.4,85.9,74.1,,73.7,89.6,Cis man,ANSUR (1988)
104.0,103.6,94.0,87.9,,93.2,99.8,Cis man,ANSUR (1988)
98.8,97.2,93.6,83.7,,88.3,100.1,Cis man,ANSUR (1988)
98.7,97.9,92.1,81.6,,85.0,97.0,Cis man,ANSUR (1988)
94.5,91.5,83.9,77.3,,80.2,89.1,Cis man,ANSUR (1988)
102.2,99.5,91.9,85.9,,91.1,99.9,Cis man,ANSUR (1988)
117.5,114.4,102.6,90.2,,91.5,102.9,Cis man,ANSUR (1988)
109.9,106.4,98.0,89.4,,93.9,103.6,Cis man,ANSUR (1988)
112.4,108.2,102.6,93.1,,96.6,104.9,Cis man,ANSUR (1988)
112.4,112.4,106.9,93.9,,96.2,105.4,Cis man,ANSUR (1988)
103.4,100.8,94.6,87.8,,86.9,97.4,Cis man,ANSUR (1988)
104.6,101.4,95.0,85.9,,88.4,102.0,Cis man,ANSUR (1988)
99.5,94.5,84.8,77.2,,78.1,94.9,Cis man,ANSUR (1988)
97.1,92.4,84.1,73.1,,74.0,89.8,Cis man,ANSUR (1988)
104.6,100.2,92.8,83.2,,83.3,97.2,Cis man,ANSUR (1988)
110.1,107.9,96.8,92.9,,96.1,110.1,Cis man,ANSUR (1988)
92.9,89.8,85.8,79.0,,80.1,92.7,Cis man,ANSUR (1988)
106.8,104.0,94.9,84.7,,87.2,103.8,Cis man,ANSUR (1988)
103.9,97.8,92.5,83.9,,84.2,102.9,Cis man,ANSUR (1988)
105.8,101.6,93.9,86.3,,91.0,101.8,Cis man,ANSUR (1988)
101.3,97.0,89.6,82.3,,85.9,102.7,Cis man,ANSUR (1988)
102.1,99.8,95.2,84.8,,87.7,99.9,Cis man,ANSUR (1988)
102.6,97.5,92.6,81.1,,84.5,97.2,Cis man,ANSUR (1988)
113.3,111.5,103.9,95.4,,98.2,105.0,Cis man,ANSUR (1988)
103.2,100.4,93.5,88.2,,91.0,102.0,Cis man,ANSUR (1988)
97.2,94.4,87.8,74.1,,72.6,90.8,Cis man,ANSUR (1988)
98.4,98.3,95.0,92.5,,97.9,100.8,Cis man,ANSUR (1988)
108.5,100.9,96.0,82.2,,85.5,98.8,Cis man,ANSUR (1988)
94.1,90.3,86.5,77.9,,80.2,92.5,Cis man,ANSUR (1988)
104.6,101.1,91.8,77.9,,77.2,93.7,Cis man,ANSUR (1988)
102.0,98.3,90.9,81.4,,80.4,96.5,Cis man,ANSUR (1988)
100.5,92.9,87.7,78.2,,80.5,93.8,Cis man,ANSUR (1988)
101.4,96.6,90.4,78.5,,83.1,95.5,Cis man,ANSUR (1988)
107.1,105.7,102.0,90.8,,93.5,98.6,Cis man,ANSUR (1988)
104.3,102.1,96.3,92.7,,94.0,98.3,Cis man,ANSUR (1988)
98.2,94.3,89.4,76.4,,77.0,94.6,Cis man,ANSUR (1988)
104.8,103.3,96.7,85.3,,85.3,100.3,Cis man,ANSUR (1988)
103.2,100.7,94.9,85.6,,88.3,99.0,Cis man,ANSUR (1988)
105.5,103.4,97.3,91.2,,95.6,102.8,Cis man,ANSUR (1988)
103.5,96.9,92.7,88.1,,89.6,104.1,Cis man,ANSUR (1988)
97.3,95.4,90.3,85.5,,92.1,101.9,Cis man,ANSUR (1988)
97.1,95.8,92.8,79.3,,78.2,94.5,Cis man,ANSUR (1988)
102.2,98.8,87.2,79.9,,78.5,92.9,Cis man,ANSUR (1988)
106.6,103.5,99.0,90.0,,91.3,101.1,Cis man,ANSUR (1988)
93.2,89.2,83.8,73.0,,73.5,90.2,Cis man,ANSUR (1988)
94.4,92.6,87.5,82.3,,84.6,93.8,Cis man,ANSUR (1988)
91.8,87.4,81.5,76.5,,77.1,92.1,Cis man,ANSUR (1988)
107.7,106.2,99.6,92.4,,98.0,101.4,Cis man,ANSUR (1988)
93.8,89.2,80.6,72.8,,75.3,92.2,Cis man,ANSUR (1988)
97.3,93.8,88.1,82.9,,82.4,93.3,Cis man,ANSUR (1988)
99.5,94.9,89.2,77.6,,78.1,93.1,Cis man,ANSUR (1988)
100.8,95.3,89.2,80.2,,81.5,95.8,Cis man,ANSUR (1988)
106.6,103.6,98.3,95.2,,95.5,101.8,Cis man,ANSUR (1988)
103.4,99.9,88.5,84.1,,84.5,97.7,Cis man,ANSUR (1988)
108.6,108.6,100.6,90.7,,91.4,98.5,Cis man,ANSUR (1988)
103.3,99.6,92.0,88.4,,94.7,104.4,Cis man,ANSUR (1988)
91.5,87.8,82.9,74.7,,75.0,84.8,Cis man,ANSUR (1988)
105.4,99.0,95.1,88.6,,92.3,103.4,Cis man,ANSUR (1988)
108.7,105.5,100.6,94.3,,95.5,96.8,Cis man,ANSUR (1988)
106.4,105.9,99.3,86.3,,87.7,100.2,Cis man,ANSUR (1988)
102.5,100.6,97.0,85.4,,87.2,94.6,Cis man,ANSUR (1988)
100.4,97.2,91.4,80.5,,84.0,94.6,Cis man,ANSUR (1988)
112.5,114.5,106.2,94.9,,103.7,108.0,Cis man,ANSUR (1988)
98.7,96.7,89.5,79.3,,79.4,93.4,Cis man,ANSUR (1988)
94.1,89.9,82.2,73.9,,78.1,92.0,Cis man,ANSUR (1988)
92.1,87.0,79.9,71.9,,72.0,87.1,Cis man,ANSUR (1988)
99.2,92.7,87.1,77.5,,78.8,94.2,Cis man,ANSUR (1988)
103.6,101.6,94.2,85.1,,89.5,98.2,Cis man,ANSUR (1988)
106.8,105.6,94.3,92.0,,90.7,103.2,Cis man,ANSUR (1988)
100.9,97.7,91.8,86.0,,89.9,98.6,Cis man,ANSUR (1988)
103.2,98.5,89.9,86.4,,88.3,104.9,Cis man,ANSUR (1988)
106.6,103.2,94.1,90.2,,90.0,102.9,Cis man,ANSUR (1988)
95.0,92.5,88.1,79.4,,85.9,95.6,Cis man,ANSUR (1988)
93.8,89.7,84.4,75.4,,73.9,91.1,Cis man,ANSUR (1988)
105.1,102.7,98.7,88.4,,89.4,100.5,Cis man,ANSUR (1988)
102.1,99.8,93.1,87.6,,89.0,93.2,Cis man,ANSUR (1988)
107.1,103.7,95.7,86.1,,92.5,104.2,Cis man,ANSUR (1988)
105.8,104.6,98.1,88.6,,92.3,101.3,Cis man,ANSUR (1988)
98.5,95.1,88.3,78.8,,77.2,95.2,Cis man,ANSUR (1988)
99.8,96.7,94.1,86.2,,86.7,97.2,Cis man,ANSUR (1988)
116.2,114.5,109.8,101.2,,107.4,113.3,Cis man,ANSUR (1988)
110.1,111.0,101.3,92.1,,95.5,108.3,Cis man,ANSUR (1988)
99.7,95.5,91.3,83.1,,83.9,98.9,Cis man,ANSUR (1988)
95.4,93.1,89.5,73.8,,72.7,89.2,Cis man,ANSUR (1988)
93.1,91.2,85.5,76.2,,80.2,91.9,Cis man,ANSUR (1988)
97.9,94.6,88.8,84.0,,85.7,95.8,Cis man,ANSUR (1988)
107.2,106.5,97.2,89.8,,90.0,98.1,Cis man,ANSUR (1988)
107.7,101.4,95.1,86.0,,87.8,100.6,Cis man,ANSUR (1988)
101.2,96.3,87.1,75.2,,71.5,90.6,Cis man,ANSUR (1988)
101.5,98.3,93.6,87.3,,87.6,97.2,Cis man,ANSUR (1988)
98.0,93.7,86.1,79.6,,80.4,93.8,Cis man,ANSUR (1988)
103.0,96.1,90.6,77.9,,80.0,94.1,Cis man,ANSUR (1988)
114.9,114.0,106.9,100.3,,105.1,106.5,Cis man,ANSUR (1988)
104.6,103.3,96.5,87.3,,90.8,100.5,Cis man,ANSUR (1988)
102.9,98.6,90.9,82.1,,83.2,92.7,Cis man,ANSUR (1988)
110.9,107.2,101.6,93.9,,98.7,106.9,Cis man,ANSUR (1988)
104.7,101.2,95.3,89.4,,85.2,106.3,Cis man,ANSUR (1988)
109.0,107.3,100.8,90.4,,93.5,102.0,Cis man,ANSUR (1988)
93.2,87.7,83.1,77.8,,80.5,95.5,Cis man,ANSUR (1988)
105.4,100.3,92.0,79.5,,76.2,93.2,Cis man,ANSUR (1988)
115.1,116.1,105.9,98.8,,108.7,114.0,Cis man,ANSUR (1988)
108.8,106.6,100.6,91.2,,93.3,106.3,Cis man,ANSUR (1988)
97.9,92.0,84.4,78.2,,83.5,91.4,Cis man,ANSUR (1988)
103.7,99.6,92.5,86.1,,92.9,102.2,Cis man,ANSUR (1988)
94.5,93.0,88.2,84.4,,86.4,100.0,Cis man,ANSUR (1988)
99.1,97.8,88.9,79.0,,78.2,90.6,Cis man,ANSUR (1988)
96.2,93.1,86.2,74.6,,74.2,91.8,Cis man,ANSUR (1988)
105.4,100.6,88.1,81.1,,83.8,96.1,Cis man,ANSUR (1988)
90.4,85.5,78.7,71.8,,69.0,85.1,Cis man,ANSUR (1988)
99.8,96.7,88.1,79.3,,80.1,100.7,Cis man,ANSUR (1988)
101.7,97.2,91.0,82.5,,86.4,98.1,Cis man,ANSUR (1988)
95.7,91.2,85.2,75.0,,77.1,87.1,Cis man,ANSUR (1988)
102.4,98.6,91.3,77.5,,80.1,93.4,Cis man,ANSUR (1988)
97.8,94.5,87.6,82.2,,85.8,95.7,Cis man,ANSUR (1988)
95.2,90.1,84.2,76.8,,80.9,96.6,Cis man,ANSUR (1988)
102.1,97.4,91.1,86.8,,81.9,94.3,Cis man,ANSUR (1988)
103.4,99.4,94.0,89.8,,93.5,99.6,Cis man,ANSUR (1988)
112.8,109.1,98.5,89.8,,95.0,103.6,Cis man,ANSUR (1988)
108.0,102.3,93.3,83.1,,83.4,100.1,Cis man,ANSUR (1988)
111.6,107.8,101.2,92.1,,92.3,107.8,Cis man,ANSUR (1988)
117.5,116.8,111.0,102.5,,107.6,109.7,Cis man,ANSUR (1988)
96.1,90.7,84.8,77.1,,78.6,92.5,Cis man,ANSUR (1988)
114.3,110.5,101.7,99.5,,108.5,111.3,Cis man,ANSUR (1988)
106.8,102.6,97.2,88.5,,90.7,103.5,Cis man,ANSUR (1988)
111.6,107.9,101.3,88.7,,90.1,103.1,Cis man,ANSUR (1988)
90.5,84.0,78.6,68.7,,69.8,83.5,Cis man,ANSUR (1988)
98.7,93.4,87.9,81.8,,84.6,97.9,Cis man,ANSUR (1988)
100.4,96.7,92.3,79.9,,81.2,96.6,Cis man,ANSUR (1988)
106.1,105.0,99.3,91.8,,97.4,99.8,Cis man,ANSUR (1988)
103.3,99.6,90.2,87.1,,88.4,104.5,Cis man,ANSUR (1988)
108.8,107.3,98.4,92.0,,93.1,108.3,Cis man,ANSUR (1988)
95.5,91.7,84.7,80.8,,86.2,100.5,Cis man,ANSUR (1988)
95.8,91.5,84.5,75.9,,77.3,94.0,Cis man,ANSUR (1988)
108.8,104.5,94.3,91.0,,98.1,104.0,Cis man,ANSUR (1988)
98.5,94.4,88.2,79.6,,79.9,92.3,Cis man,ANSUR (1988)
103.6,100.3,92.1,81.5,,79.5,95.2,Cis man,ANSUR (1988)
93.4,89.2,84.1,75.7,,77.8,92.8,Cis man,ANSUR (1988)
111.2,110.7,101.4,99.3,,102.4,111.2,Cis man,ANSUR (1988)
87.4,84.9,79.4,67.6,,67.9,85.2,Cis man,ANSUR (1988)
107.8,102.3,95.0,90.3,,94.1,103.0,Cis man,ANSUR (1988)
117.6,114.3,110.3,103.5,,103.9,104.5,Cis man,ANSUR (1988)
108.5,104.9,99.0,88.7,,89.8,107.4,Cis man,ANSUR (1988)
90.1,87.0,80.9,72.2,,71.8,89.2,Cis man,ANSUR (1988)
105.1,98.5,93.1,85.5,,87.8,97.1,Cis man,ANSUR (1988)
109.8,105.2,97.8,88.6,,90.1,106.1,Cis man,ANSUR (1988)
103.9,100.9,96.8,83.6,,86.2,102.0,Cis man,ANSUR (1988)
98.7,95.8,90.3,81.0,,77.4,92.7,Cis man,ANSUR (1988)
90.9,86.5,78.9,68.2,,67.5,86.8,Cis man,ANSUR (1988)
114.0,111.6,104.5,95.8,,102.1,102.0,Cis man,ANSUR (1988)
91.9,90.0,81.3,70.8,,69.7,82.1,Cis man,ANSUR (1988)
96.1,92.5,86.2,74.8,,76.6,95.0,Cis man,ANSUR (1988)
92.6,88.7,85.0,74.8,,77.5,92.9,Cis man,ANSUR (1988)
100.6,101.5,96.6,84.7,,89.5,99.3,Cis man,ANSUR (1988)
98.3,94.1,87.6,86.8,,91.1,100.7,Cis man,ANSUR (1988)
99.5,96.6,92.7,87.1,,92.3,102.9,Cis man,ANSUR (1988)
94.4,88.7,83.9,70.7,,72.0,89.6,Cis man,ANSUR (1988)
97.4,95.3,89.4,82.2,,83.5,96.5,Cis man,ANSUR (1988)
100.0,96.5,90.4,77.1,,80.6,102.7,Cis man,ANSUR (1988)
99.7,97.4,89.1,81.8,,88.5,103.8,Cis man,ANSUR (1988)
98.5,95.3,89.8,79.6,,77.7,87.0,Cis man,ANSUR (1988)
99.7,95.7,89.5,78.7,,80.7,94.7,Cis man,ANSUR (1988)
102.4,97.3,91.9,86.0,,87.9,104.1,Cis man,ANSUR (1988)
97.3,95.8,88.7,78.4,,78.8,93.8,Cis man,ANSUR (1988)
101.7,97.0,93.1,84.8,,87.5,95.7,Cis man,ANSUR (1988)
108.0,106.6,101.7,92.8,,94.5,102.1,Cis man,ANSUR (1988)
103.2,101.3,94.3,83.4,,83.4,100.2,Cis man,ANSUR (1988)
109.5,109.5,103.4,101.2,,98.3,104.5,Cis man,ANSUR (1988)
91.9,88.3,84.2,77.6,,80.3,95.5,Cis man,ANSUR (1988)
98.9,96.6,91.9,82.9,,81.9,92.2,Cis man,ANSUR (1988)
98.8,96.5,87.3,83.9,,83.1,102.1,Cis man,ANSUR (1988)
108.3,106.9,100.6,94.0,,94.9,108.8,Cis man,ANSUR (1988)
101.1,101.0,96.8,84.9,,87.1,98.2,Cis man,ANSUR (1988)
95.7,91.0,84.2,75.1,,75.2,91.6,Cis man,ANSUR (1988)
98.6,98.6,93.3,83.7,,89.8,98.2,Cis man,ANSUR (1988)
118.6,114.7,107.8,95.1,,96.1,103.8,Cis man,ANSUR (1988)
109.4,106.5,101.3,96.8,,99.4,106.6,Cis man,ANSUR (1988)
105.3,101.6,95.2,83.5,,83.3,102.4,Cis man,ANSUR (1988)
109.9,106.5,99.7,83.3,,85.7,98.2,Cis man,ANSUR (1988)
109.9,109.1,99.1,97.4,,98.8,105.5,Cis man,ANSUR (1988)
100.6,100.0,93.2,84.8,,89.8,99.6,Cis man,ANSUR (1988)
96.1,95.5,89.2,75.5,,77.8,102.2,Cis man,ANSUR (1988)
104.8,101.8,95.7,87.9,,91.4,103.2,Cis man,ANSUR (1988)
104.5,100.6,94.5,81.3,,77.3,98.9,Cis man,ANSUR (1988)
123.0,119.9,109.8,103.8,,113.7,122.0,Cis man,ANSUR (1988)
95.3,93.1,86.2,79.0,,81.2,92.5,Cis man,ANSUR (1988)
98.2,97.1,92.5,83.1,,86.1,97.2,Cis man,ANSUR (1988)
98.8,93.9,87.9,79.7,,81.3,99.4,Cis man,ANSUR (1988)
92.6,90.4,84.6,75.5,,77.8,91.6,Cis man,ANSUR (1988)
92.9,92.2,86.6,71.9,,73.8,93.0,Cis man,ANSUR (1988)
104.6,100.6,94.6,86.6,,93.2,102.5,Cis man,ANSUR (1988)
92.1,90.8,86.0,75.6,,76.4,89.3,Cis man,ANSUR (1988)
104.3,100.4,94.5,85.6,,91.5,103.8,Cis man,ANSUR (1988)
96.1,91.6,86.9,79.3,,78.1,92.4,Cis man,ANSUR (1988)
89.4,86.4,77.6,73.9,,77.0,90.9,Cis man,ANSUR (1988)
102.9,100.8,94.7,85.2,,89.9,102.6,Cis man,ANSUR (1988)
102.7,99.9,94.7,87.1,,90.9,102.4,Cis man,ANSUR (1988)
107.3,103.5,95.7,88.5,,93.6,106.5,Cis man,ANSUR (1988)
107.8,109.2,103.1,99.7,,104.5,102.8,Cis man,ANSUR (1988)
98.0,95.9,92.1,82.9,,85.7,98.6,Cis man,ANSUR (1988)
104.2,104.5,95.5,87.9,,100.9,109.7,Cis man,ANSUR (1988)
106.7,104.3,97.1,87.9,,87.8,96.0,Cis man,ANSUR (1988)
99.8,93.0,86.3,74.0,,74.9,87.7,Cis man,ANSUR (1988)
106.9,104.7,99.6,88.0,,92.8,102.2,Cis man,ANSUR (1988)
107.1,107.8,100.6,87.3,,90.0,102.7,Cis man,ANSUR (1988)
98.7,96.1,88.9,79.9,,80.0,94.9,Cis man,ANSUR (1988)
100.2,97.7,93.0,78.9,,76.9,91.3,Cis man,ANSUR (1988)
115.6,111.6,104.1,94.4,,95.7,110.8,Cis man,ANSUR (1988)
105.5,107.3,102.0,97.1,,97.9,102.5,Cis man,ANSUR (1988)
114.2,112.6,106.9,99.8,,104.7,108.0,Cis man,ANSUR (1988)
99.8,97.5,91.0,80.0,,75.4,90.0,Cis man,ANSUR (1988)
111.9,108.1,99.5,86.4,,86.9,97.9,Cis man,ANSUR (1988)
96.1,90.3,84.0,75.8,,73.3,92.9,Cis man,ANSUR (1988)
102.1,97.6,90.8,82.8,,84.3,95.0,Cis man,ANSUR (1988)
111.0,111.4,105.8,93.9,,97.7,106.4,Cis man,ANSUR (1988)
110.8,108.3,103.7,99.9,,98.7,101.4,Cis man,ANSUR (1988)
112.6,108.9,102.6,87.3,,90.3,97.9,Cis man,ANSUR (1988)
92.5,92.3,86.7,78.2,,83.6,95.8,Cis man,ANSUR (1988)
102.3,97.6,90.1,79.3,,83.2,96.3,Cis man,ANSUR (1988)
96.5,97.2,90.5,82.6,,81.9,94.6,Cis man,ANSUR (1988)
100.8,95.4,90.3,76.5,,78.1,97.7,Cis man,ANSUR (1988)
97.4,92.2,86.1,74.0,,74.9,95.9,Cis man,ANSUR (1988)
103.6,98.5,91.8,83.6,,87.5,98.5,Cis man,ANSUR (1988)
110.4,106.5,97.7,91.1,,96.9,105.5,Cis man,ANSUR (1988)
101.7,98.7,91.6,79.1,,82.2,99.8,Cis man,ANSUR (1988)
106.5,102.3,91.4,82.1,,85.2,99.1,Cis man,ANSUR (1988)
98.6,98.3,89.0,77.6,,77.3,93.3,Cis man,ANSUR (1988)
109.7,103.4,93.7,86.7,,85.1,104.8,Cis man,ANSUR (1988)
100.4,96.4,89.6,75.5,,79.6,97.8,Cis man,ANSUR (1988)
101.5,98.7,90.2,80.2,,80.4,96.8,Cis man,ANSUR (1988)
115.3,110.7,97.8,87.8,,89.5,102.5,Cis man,ANSUR (1988)
90.1,87.5,81.8,71.9,,71.9,84.7,Cis man,ANSUR (1988)
105.5,101.8,92.7,83.9,,84.0,107.9,Cis man,ANSUR (1988)
99.5,96.3,91.6,83.5,,83.7,96.0,Cis man,ANSUR (1988)
101.8,98.5,87.6,77.8,,79.2,97.3,Cis man,ANSUR (1988)
110.4,110.1,105.2,98.5,,99.8,108.5,Cis man,ANSUR (1988)
94.2,93.4,88.3,78.6,,80.9,94.9,Cis man,ANSUR (1988)
105.8,102.5,94.2,86.2,,86.3,97.1,Cis man,ANSUR (1988)
97.7,93.8,86.9,79.0,,84.8,102.0,Cis man,ANSUR (1988)
91.6,85.9,80.5,76.9,,76.5,91.8,Cis man,ANSUR (1988)
101.2,95.8,89.3,82.6,,86.6,99.9,Cis man,ANSUR (1988)
102.9,100.4,96.3,87.4,,87.1,96.2,Cis man,ANSUR (1988)
99.9,92.7,86.0,78.5,,77.1,91.7,Cis man,ANSUR (1988)
97.9,92.4,85.8,76.0,,77.6,88.0,Cis man,ANSUR (1988)
95.2,91.8,86.2,80.2,,82.4,95.6,Cis man,ANSUR (1988)
106.1,103.1,95.0,88.2,,89.0,103.3,Cis man,ANSUR (1988)
95.5,91.4,86.5,79.3,,80.8,93.4,Cis man,ANSUR (1988)
89.8,84.0,79.3,73.1,,73.5,86.3,Cis man,ANSUR (1988)
102.5,97.4,90.2,75.4,,75.9,94.8,Cis man,ANSUR (1988)
102.4,97.9,90.3,83.2,,82.6,96.5,Cis man,ANSUR (1988)
102.6,103.4,97.3,88.6,,93.1,107.2,Cis man,ANSUR (1988)
104.3,99.8,95.9,83.2,,86.6,104.6,Cis man,ANSUR (1988)
102.7,100.0,92.0,82.8,,79.4,98.5,Cis man,ANSUR (1988)
101.3,99.0,95.4,93.5,,95.6,98.0,Cis man,ANSUR (1988)
106.7,100.1,94.1,84.0,,86.3,101.7,Cis man,ANSUR (1988)
94.5,89.9,84.5,78.2,,81.6,90.1,Cis man,ANSUR (1988)
93.3,89.1,83.8,73.6,,74.8,90.2,Cis man,ANSUR (1988)
102.7,97.7,88.5,80.5,,84.4,99.9,Cis man,ANSUR (1988)
99.2,97.4,94.0,82.7,,84.4,95.1,Cis man,ANSUR (1988)
106.7,102.9,95.4,83.0,,85.0,99.4,Cis man,ANSUR (1988)
95.8,92.3,86.6,80.6,,83.3,96.5,Cis man,ANSUR (1988)
113.2,107.6,99.9,91.9,,93.5,103.9,Cis man,ANSUR (1988)
93.5,90.5,84.0,74.5,,75.2,88.6,Cis man,ANSUR (1988)
113.2,108.4,101.1,85.2,,86.5,102.5,Cis man,ANSUR (1988)
107.0,104.3,97.1,83.8,,86.3,99.2,Cis man,ANSUR (1988)
99.0,96.9,90.6,84.4,,85.3,98.2,Cis man,ANSUR (1988)
102.3,97.7,91.4,86.5,,84.4,100.8,Cis man,ANSUR (1988)
105.3,102.9,96.1,94.7,,99.7,105.5,Cis man,ANSUR (1988)
103.8,102.9,96.8,95.1,,103.6,106.5,Cis man,ANSUR (1988)
104.5,101.5,93.4,88.0,,89.6,100.4,Cis man,ANSUR (1988)
102.9,100.2,92.9,77.3,,79.7,95.8,Cis man,ANSUR (1988)
80.7,77.5,72.3,64.7,,66.4,81.2,Cis man,ANSUR (1988)
99.3,97.5,94.5,84.2,,86.0,99.0,Cis man,ANSUR (1988)
108.4,105.5,97.7,85.6,,86.9,97.2,Cis man,ANSUR (1988)
96.7,92.8,88.2,79.0,,80.5,94.2,Cis man,ANSUR (1988)
90.0,89.3,82.5,70.4,,71.0,89.1,Cis man,ANSUR (1988)
95.7,92.2,84.2,77.2,,76.8,93.0,Cis man,ANSUR (1988)
99.9,97.4,92.9,89.0,,95.8,105.2,Cis man,ANSUR (1988)
104.9,101.6,97.3,88.2,,86.9,96.2,Cis man,ANSUR (1988)
98.5,99.1,92.8,85.2,,85.4,96.0,Cis man,ANSUR (1988)
97.3,95.4,89.0,74.9,,73.9,92.3,Cis man,ANSUR (1988)
95.4,95.1,86.6,81.7,,81.8,92.3,Cis man,ANSUR (1988)
102.5,99.2,90.6,77.9,,83.3,95.0,Cis man,ANSUR (1988)
105.2,104.5,94.7,88.2,,88.3,100.9,Cis man,ANSUR (1988)
102.4,99.1,93.5,82.9,,85.3,100.4,Cis man,ANSUR (1988)
100.5,97.8,92.0,84.4,,88.2,98.4,Cis man,ANSUR (1988)
99.8,99.3,95.1,86.4,,89.5,105.6,Cis man,ANSUR (1988)
110.4,109.2,103.1,94.6,,97.1,99.9,Cis man,ANSUR (1988)
90.7,86.3,81.7,74.9,,74.4,89.2,Cis man,ANSUR (1988)
99.6,96.9,89.8,85.7,,86.1,99.5,Cis man,ANSUR (1988)
101.4,97.4,90.2,82.3,,81.1,96.4,Cis man,ANSUR (1988)
103.4,103.9,98.9,94.0,,96.4,99.4,Cis man,ANSUR (1988)
98.9,95.6,89.4,79.8,,81.9,98.8,Cis man,ANSUR (1988)
95.1,93.1,89.6,83.7,,86.4,98.2,Cis man,ANSUR (1988)
91.6,91.3,86.1,72.6,,74.1,88.9,Cis man,ANSUR (1988)
112.6,106.9,98.3,95.4,,99.4,106.3,Cis man,ANSUR (1988)
101.4,97.8,89.9,78.8,,77.9,100.0,Cis man,ANSUR (1988)
107.7,102.1,95.6,83.5,,85.9,100.7,Cis man,ANSUR (1988)
107.3,101.5,99.6,85.6,,90.2,100.6,Cis man,ANSUR (1988)
98.6,96.1,86.7,80.6,,82.3,99.4,Cis man,ANSUR (1988)
113.9,108.5,102.6,94.4,,98.7,107.9,Cis man,ANSUR (1988)
108.6,106.5,100.7,94.9,,99.2,98.9,Cis man,ANSUR (1988)
98.4,98.5,92.3,83.7,,87.9,98.8,Cis man,ANSUR (1988)
94.9,92.0,85.4,74.6,,75.4,92.8,Cis man,ANSUR (1988)
103.9,101.8,93.7,80.8,,82.8,96.1,Cis man,ANSUR (1988)
96.5,92.7,87.1,80.4,,81.9,93.9,Cis man,ANSUR (1988)
93.3,87.5,83.5,76.4,,76.4,89.5,Cis man,ANSUR (1988)
106.5,103.0,98.1,90.2,,92.3,107.4,Cis man,ANSUR (1988)
120.4,117.2,110.7,101.7,,101.6,102.2,Cis man,ANSUR (1988)
95.8,91.7,85.6,79.1,,77.7,92.5,Cis man,ANSUR (1988)
105.5,100.5,94.5,86.7,,84.6,97.4,Cis man,ANSUR (1988)
112.9,107.6,99.9,91.9,,85.8,103.6,Cis man,ANSUR (1988)
99.5,96.6,90.3,78.4,,76.7,92.9,Cis man,ANSUR (1988)
104.1,105.0,95.8,87.9,,92.5,102.6,Cis man,ANSUR (1988)
97.3,93.4,88.1,80.8,,80.2,96.1,Cis man,ANSUR (1988)
123.1,119.5,106.8,98.1,,101.6,107.1,Cis man,ANSUR (1988)
93.2,91.9,86.0,77.0,,78.5,91.1,Cis man,ANSUR (1988)
94.4,90.8,83.4,71.8,,70.8,87.0,Cis man,ANSUR (1988)
97.8,95.9,91.4,80.7,,80.9,95.4,Cis man,ANSUR (1988)
96.5,91.7,85.2,74.7,,78.1,93.8,Cis man,ANSUR (1988)
106.6,104.3,98.4,89.7,,93.2,103.2,Cis man,ANSUR (1988)
99.0,96.3,91.8,78.8,,81.5,95.5,Cis man,ANSUR (1988)
111.9,108.4,98.6,90.4,,89.2,104.3,Cis man,ANSUR (1988)
107.3,105.4,97.9,91.3,,91.3,102.8,Cis man,ANSUR (1988)
98.8,95.2,87.8,79.8,,83.1,97.1,Cis man,ANSUR (1988)
96.6,92.7,85.8,76.7,,75.5,90.7,Cis man,ANSUR (1988)
103.1,103.5,94.9,84.0,,89.1,99.4,Cis man,ANSUR (1988)
99.2,98.5,91.6,82.1,,82.3,94.0,Cis man,ANSUR (1988)
95.3,91.0,85.2,78.1,,75.3,93.0,Cis man,ANSUR (1988)
105.5,99.4,89.6,84.4,,86.9,102.5,Cis man,ANSUR (1988)
105.6,100.4,94.6,85.8,,86.2,98.0,Cis man,ANSUR (1988)
93.7,90.1,83.1,71.9,,72.5,91.0,Cis man,ANSUR (1988)
94.0,92.7,89.5,83.2,,87.8,92.9,Cis man,ANSUR (1988)
102.7,99.5,92.8,85.7,,88.1,99.9,Cis man,ANSUR (1988)
107.4,108.9,103.7,98.3,,101.5,104.1,Cis man,ANSUR (1988)
98.6,95.3,90.4,82.1,,82.8,97.2,Cis man,ANSUR (1988)
90.3,86.0,81.1,75.3,,74.9,95.1,Cis man,ANSUR (1988)
106.9,100.2,95.3,91.0,,92.1,103.3,Cis man,ANSUR (1988)
106.5,100.0,94.4,85.2,,86.1,96.8,Cis man,ANSUR (1988)
113.1,114.3,104.8,96.8,,105.0,109.3,Cis man,ANSUR (1988)
98.2,95.3,90.9,84.9,,85.2,97.0,Cis man,ANSUR (1988)
120.3,117.4,112.3,111.2,,116.9,112.0,Cis man,ANSUR (1988)
95.6,91.9,86.6,76.5,,77.2,94.1,Cis man,ANSUR (1988)
98.1,94.8,86.8,75.6,,77.8,95.6,Cis man,ANSUR (1988)
106.6,102.4,94.7,89.5,,97.3,110.9,Cis man,ANSUR (1988)
111.6,108.9,98.3,93.4,,102.8,107.9,Cis man,ANSUR (1988)
107.1,103.6,100.4,92.8,,91.3,102.0,Cis man,ANSUR (1988)
106.4,100.4,94.1,78.4,,83.9,100.4,Cis man,ANSUR (1988)
113.0,112.4,105.7,103.4,,105.0,109.4,Cis man,ANSUR (1988)
102.5,100.4,93.5,84.6,,86.5,100.9,Cis man,ANSUR (1988)
102.9,101.1,93.4,87.7,,89.4,99.2,Cis man,ANSUR (1988)
98.7,95.8,87.8,74.5,,77.4,94.4,Cis man,ANSUR (1988)
101.3,97.6,91.4,78.8,,79.0,90.7,Cis man,ANSUR (1988)
95.9,93.9,89.5,87.6,,91.5,98.3,Cis man,ANSUR (1988)
114.1,108.0,101.5,90.4,,94.4,105.3,Cis man,ANSUR (1988)
97.7,91.9,86.0,73.7,,74.7,95.4,Cis man,ANSUR (1988)
101.4,99.5,91.7,86.8,,91.6,98.1,Cis man,ANSUR (1988)
116.0,113.1,107.3,100.5,,101.5,106.5,Cis man,ANSUR (1988)
102.5,97.4,91.2,84.7,,86.4,101.4,Cis man,ANSUR (1988)
109.6,105.0,98.0,88.7,,92.2,102.1,Cis man,ANSUR (1988)
93.0,91.2,87.8,77.4,,77.9,87.6,Cis man,ANSUR (1988)
102.3,97.2,92.1,83.0,,84.1,96.3,Cis man,ANSUR (1988)
112.7,105.7,100.0,90.1,,92.1,99.9,Cis man,ANSUR (1988)
101.5,96.4,91.7,81.8,,82.5,92.2,Cis man,ANSUR (1988)
104.4,99.9,92.5,82.1,,80.4,99.8,Cis man,ANSUR (1988)
111.3,107.2,99.9,95.5,,95.9,103.6,Cis man,ANSUR (1988)
108.4,103.6,95.7,84.3,,85.8,100.8,Cis man,ANSUR (1988)
96.6,92.5,87.6,81.5,,78.3,97.9,Cis man,ANSUR (1988)
106.8,101.6,95.1,85.1,,86.2,102.7,Cis man,ANSUR (1988)
100.1,97.9,90.1,85.1,,90.1,98.4,Cis man,ANSUR (1988)
112.0,106.6,98.4,88.0,,90.5,103.0,Cis man,ANSUR (1988)
103.1,97.5,90.1,79.2,,79.9,98.1,Cis man,ANSUR (1988)
100.8,98.0,87.3,85.1,,86.3,104.0,Cis man,ANSUR (1988)
97.8,94.7,87.4,80.9,,77.0,93.9,Cis man,ANSUR (1988)
106.9,105.0,99.8,92.4,,91.7,104.6,Cis man,ANSUR (1988)
102.4,97.6,92.1,81.5,,85.6,93.9,Cis man,ANSUR (1988)
103.8,98.8,91.9,83.6,,86.5,99.0,Cis man,ANSUR (1988)
105.3,99.4,91.4,82.3,,84.5,99.5,Cis man,ANSUR (1988)
98.3,94.5,88.4,80.0,,82.7,98.5,Cis man,ANSUR (1988)
112.4,107.5,102.2,92.1,,93.6,99.8,Cis man,ANSUR (1988)
108.5,103.2,96.9,83.9,,86.7,100.6,Cis man,ANSUR (1988)
96.4,94.7,89.4,79.2,,80.5,91.8,Cis man,ANSUR (1988)
97.9,95.2,90.6,81.8,,81.9,93.0,Cis man,ANSUR (1988)
105.5,101.6,91.3,81.9,,82.3,98.4,Cis man,ANSUR (1988)
113.8,107.6,102.4,93.0,,99.2,108.7,Cis man,ANSUR (1988)
119.3,119.0,111.1,104.7,,109.7,111.0,Cis man,ANSUR (1988)
104.1,103.3,97.9,89.1,,93.9,103.8,Cis man,ANSUR (1988)
85.3,82.4,76.6,73.5,,75.7,89.9,Cis man,ANSUR (1988)
99.7,95.2,87.9,75.5,,76.2,102.0,Cis man,ANSUR (1988)
97.1,92.8,85.1,76.6,,76.6,99.5,Cis man,ANSUR (1988)
106.0,101.3,97.1,83.2,,88.1,101.2,Cis man,ANSUR (1988)
95.4,90.3,84.3,74.5,,77.0,91.1,Cis man,ANSUR (1988)
107.9,105.4,101.5,93.2,,100.4,98.3,Cis man,ANSUR (1988)
102.7,100.6,94.9,87.2,,87.2,98.3,Cis man,ANSUR (1988)
91.4,87.2,80.1,70.3,,71.3,86.7,Cis man,ANSUR (1988)
105.0,102.7,99.0,80.7,,82.5,97.4,Cis man,ANSUR (1988)
107.5,103.8,94.5,88.9,,96.5,106.6,Cis man,ANSUR (1988)
93.2,91.9,85.0,71.8,,68.8,86.4,Cis man,ANSUR (1988)
104.1,101.1,94.6,79.4,,78.7,96.2,Cis man,ANSUR (1988)
109.9,105.3,99.7,89.6,,93.9,105.8,Cis man,ANSUR (1988)
95.8,90.8,85.4,80.6,,80.2,98.3,Cis man,ANSUR (1988)
101.3,98.6,91.0,82.1,,87.8,98.2,Cis man,ANSUR (1988)
101.4,95.9,90.2,80.9,,79.1,92.0,Cis man,ANSUR (1988)
112.3,111.5,104.3,97.7,,102.5,112.1,Cis man,ANSUR (1988)
96.4,92.4,86.3,80.2,,81.5,95.0,Cis man,ANSUR (1988)
113.6,110.3,105.6,96.4,,98.6,102.4,Cis man,ANSUR (1988)
107.4,105.0,99.1,92.4,,98.5,112.4,Cis man,ANSUR (1988)
107.8,99.4,90.1,81.0,,77.3,91.9,Cis man,ANSUR (1988)
94.9,92.8,87.2,77.2,,79.4,92.8,Cis man,ANSUR (1988)
115.3,107.9,97.5,89.3,,90.3,106.4,Cis man,ANSUR (1988)
99.6,95.3,91.5,82.8,,83.9,95.8,Cis man,ANSUR (1988)
120.4,115.6,109.4,93.3,,103.0,112.4,Cis man,ANSUR (1988)
98.6,98.0,92.0,83.3,,84.1,95.5,Cis man,ANSUR (1988)
110.0,106.1,98.5,90.4,,97.6,100.9,Cis man,ANSUR (1988)
95.9,93.4,86.0,75.9,,72.7,96.0,Cis man,ANSUR (1988)
101.4,96.8,87.6,79.0,,83.3,96.2,Cis man,ANSUR (1988)
95.6,91.6,87.1,74.1,,76.4,95.6,Cis man,ANSUR (1988)
91.2,85.6,80.1,73.0,,71.9,89.1,Cis man,ANSUR (1988)
100.0,94.3,88.4,78.1,,78.9,96.5,Cis man,ANSUR (1988)
109.4,101.5,93.7,86.8,,89.0,98.0,Cis man,ANSUR (1988)
113.5,110.1,101.2,96.4,,101.4,110.8,Cis man,ANSUR (1988)
105.4,97.6,88.9,87.4,,90.1,98.7,Cis man,ANSUR (1988)
94.2,90.0,83.3,71.6,,71.4,90.9,Cis man,ANSUR (1988)
101.1,96.4,89.0,78.0,,77.5,94.0,Cis man,ANSUR (1988)
106.2,103.9,98.5,87.8,,88.6,102.5,Cis man,ANSUR (1988)
104.2,101.6,94.7,88.5,,91.3,105.4,Cis man,ANSUR (1988)
102.4,99.7,92.3,81.6,,90.9,96.8,Cis man,ANSUR (1988)
108.1,105.8,92.9,84.6,,87.9,100.5,Cis man,ANSUR (1988)
102.4,97.9,90.5,80.6,,81.2,94.0,Cis man,ANSUR (1988)
113.8,111.1,106.1,99.8,,102.5,110.5,Cis man,ANSUR (1988)
110.1,108.3,100.6,95.8,,100.1,103.3,Cis man,ANSUR (1988)
105.0,100.2,92.3,79.9,,80.5,97.1,Cis man,ANSUR (1988)
102.0,100.7,92.1,72.6,,72.6,87.8,Cis man,ANSUR (1988)
107.2,100.5,95.2,86.7,,85.5,101.8,Cis man,ANSUR (1988)
106.1,106.2,98.5,92.9,,100.3,108.0,Cis man,ANSUR (1988)
98.9,94.8,88.8,84.2,,83.6,97.4,Cis man,ANSUR (1988)
99.0,94.4,89.3,86.6,,88.7,94.2,Cis man,ANSUR (1988)
102.7,98.1,89.2,79.8,,83.6,100.8,Cis man,ANSUR (1988)
93.9,88.8,83.4,74.8,,75.4,95.6,Cis man,ANSUR (1988)
106.2,101.9,96.5,89.5,,91.0,105.8,Cis man,ANSUR (1988)
98.5,92.9,87.6,78.2,,80.7,96.9,Cis man,ANSUR (1988)
114.1,108.9,100.9,97.8,,95.9,108.0,Cis man,ANSUR (1988)
96.5,92.6,87.8,75.9,,75.9,90.4,Cis man,ANSUR (1988)
105.6,103.5,97.2,93.1,,93.9,99.2,Cis man,ANSUR (1988)
108.5,103.1,95.9,84.5,,89.7,105.4,Cis man,ANSUR (1988)
100.9,97.8,91.3,78.4,,80.8,95.1,Cis man,ANSUR (1988)
93.5,91.0,86.2,75.3,,73.0,92.5,Cis man,ANSUR (1988)
90.1,90.2,86.2,80.2,,83.4,95.7,Cis man,ANSUR (1988)
96.7,93.7,89.6,82.4,,83.7,97.4,Cis man,ANSUR (1988)
102.7,97.8,91.1,76.7,,74.2,87.5,Cis man,ANSUR (1988)
107.3,104.1,97.1,87.9,,90.8,99.2,Cis man,ANSUR (1988)
99.9,98.3,93.2,84.4,,88.2,98.0,Cis man,ANSUR (1988)
99.8,96.6,91.7,80.9,,81.4,92.3,Cis man,ANSUR (1988)
99.4,94.1,87.3,76.4,,76.6,90.9,Cis man,ANSUR (1988)
89.9,87.3,82.9,76.5,,75.9,88.5,Cis man,ANSUR (1988)
95.4,91.8,84.6,70.8,,70.1,84.8,Cis man,ANSUR (1988)
99.6,98.3,91.2,82.1,,86.5,97.9,Cis man,ANSUR (1988)
95.1,89.9,84.2,74.4,,75.4,90.3,Cis man,ANSUR (1988)
114.6,114.2,105.3,93.2,,93.4,107.0,Cis man,ANSUR (1988)
95.2,91.2,83.7,73.5,,73.6,93.7,Cis man,ANSUR (1988)
97.6,94.3,88.2,78.2,,78.1,94.0,Cis man,ANSUR (1988)
109.1,106.0,97.4,90.1,,93.8,106.5,Cis man,ANSUR (1988)
97.2,94.0,87.6,81.8,,79.4,95.6,Cis man,ANSUR (1988)
108.7,104.3,92.7,74.6,,76.8,94.1,Cis man,ANSUR (1988)
99.8,95.4,90.5,81.5,,79.1,93.8,Cis man,ANSUR (1988)
97.6,91.1,87.5,77.2,,81.5,94.7,Cis man,ANSUR (1988)
112.7,112.2,106.2,96.4,,101.4,106.0,Cis man,ANSUR (1988)
104.3,102.9,96.1,81.1,,83.8,100.5,Cis man,ANSUR (1988)
100.3,98.4,95.3,92.4,,98.9,111.6,Cis man,ANSUR (1988)
103.5,102.0,95.1,80.2,,81.3,93.6,Cis man,ANSUR (1988)
103.1,101.0,94.7,80.9,,84.6,97.4,Cis man,ANSUR (1988)
100.3,95.9,86.6,80.9,,76.1,92.6,Cis man,ANSUR (1988)
98.9,97.5,91.4,81.8,,82.8,95.2,Cis man,ANSUR (1988)
101.1,100.9,95.2,89.7,,98.4,101.1,Cis man,ANSUR (1988)
103.8,101.4,95.2,89.7,,89.4,100.1,Cis man,ANSUR (1988)
105.2,104.8,96.7,93.0,,99.1,105.4,Cis man,ANSUR (1988)
105.9,104.5,99.2,92.4,,96.7,100.9,Cis man,ANSUR (1988)
103.2,100.7,90.9,81.7,,83.5,97.4,Cis man,ANSUR (1988)
101.8,100.9,97.2,95.8,,97.3,100.0,Cis man,ANSUR (1988)
104.4,96.6,89.9,83.3,,87.4,97.5,Cis man,ANSUR (1988)
105.6,104.0,98.3,88.4,,90.8,102.9,Cis man,ANSUR (1988)
106.9,104.5,95.6,81.7,,81.7,96.0,Cis man,ANSUR (1988)
96.8,93.9,86.8,71.9,,73.2,91.8,Cis man,ANSUR (1988)
107.2,104.9,94.8,86.6,,93.0,102.1,Cis man,ANSUR (1988)
108.5,104.1,101.0,92.9,,94.7,105.2,Cis man,ANSUR (1988)
109.4,107.3,100.8,81.9,,88.2,98.4,Cis man,ANSUR (1988)
103.2,99.1,93.1,86.5,,94.3,108.1,Cis man,ANSUR (1988)
102.3,97.0,89.6,77.3,,78.0,96.3,Cis man,ANSUR (1988)
110.7,106.9,100.2,93.4,,98.8,107.6,Cis man,ANSUR (1988)
106.3,104.4,98.0,91.9,,96.8,102.2,Cis man,ANSUR (1988)
103.6,98.2,90.7,89.5,,90.3,102.0,Cis man,ANSUR (1988)
99.6,96.9,90.9,80.2,,81.6,94.3,Cis man,ANSUR (1988)
116.3,113.8,105.8,98.4,,99.7,108.0,Cis man,ANSUR (1988)
114.1,110.4,102.8,98.8,,100.4,106.1,Cis man,ANSUR (1988)
94.8,91.5,85.8,76.8,,80.1,91.8,Cis man,ANSUR (1988)
103.2,98.6,88.6,76.2,,75.6,90.5,Cis man,ANSUR (1988)
104.1,98.9,94.4,84.1,,86.5,98.9,Cis man,ANSUR (1988)
106.5,101.8,92.8,78.8,,80.8,95.0,Cis man,ANSUR (1988)
117.3,112.4,104.2,96.5,,98.4,113.5,Cis man,ANSUR (1988)
93.9,88.4,81.9,77.8,,72.4,86.2,Cis man,ANSUR (1988)
95.5,93.2,82.2,74.2,,72.2,92.9,Cis man,ANSUR (1988)
101.4,100.0,94.2,88.4,,91.6,92.3,Cis man,ANSUR (1988)
126.7,122.9,115.2,107.4,,109.1,123.5,Cis man,ANSUR (1988)
110.5,111.2,103.1,95.4,,100.8,105.2,Cis man,ANSUR (1988)
110.0,105.4,100.6,93.4,,92.3,101.7,Cis man,ANSUR (1988)
101.8,99.7,95.1,90.8,,96.7,104.7,Cis man,ANSUR (1988)
97.4,93.2,84.5,76.2,,78.2,94.4,Cis man,ANSUR (1988)
91.7,86.4,80.6,73.3,,70.7,91.2,Cis man,ANSUR (1988)
98.2,94.1,87.1,73.5,,74.5,90.5,Cis man,ANSUR (1988)
92.9,91.4,84.0,76.3,,77.1,91.1,Cis man,ANSUR (1988)
95.1,92.8,88.7,79.8,,79.1,89.8,Cis man,ANSUR (1988)
99.6,94.7,89.1,81.0,,83.4,97.5,Cis man,ANSUR (1988)
96.6,93.1,87.0,76.8,,75.9,90.9,Cis man,ANSUR (1988)
92.3,87.8,83.3,75.3,,75.5,87.4,Cis man,ANSUR (1988)
102.5,98.8,91.4,83.4,,84.9,99.1,Cis man,ANSUR (1988)
99.2,97.4,90.4,85.7,,87.8,93.1,Cis man,ANSUR (1988)
110.7,107.6,100.5,94.8,,97.4,108.0,Cis man,ANSUR (1988)
98.0,92.8,87.9,79.2,,78.7,95.5,Cis man,ANSUR (1988)
114.4,107.5,95.8,92.3,,91.7,103.6,Cis man,ANSUR (1988)
103.1,99.3,90.9,84.8,,83.4,102.9,Cis man,ANSUR (1988)
102.2,101.1,94.5,90.7,,96.8,100.5,Cis man,ANSUR (1988)
107.6,105.4,101.2,94.6,,99.0,103.8,Cis man,ANSUR (1988)
111.7,108.5,104.1,93.3,,99.0,106.6,Cis man,ANSUR (1988)
100.4,96.9,88.4,83.5,,87.8,101.4,Cis man,ANSUR (1988)
97.3,94.1,89.1,84.0,,82.7,90.5,Cis man,ANSUR (1988)
99.2,97.3,92.4,85.0,,85.6,94.2,Cis man,ANSUR (1988)
96.9,93.2,89.2,83.0,,81.0,96.5,Cis man,ANSUR (1988)
109.9,105.4,99.1,92.3,,95.8,103.2,Cis man,ANSUR (1988)
104.6,102.8,94.2,88.6,,93.7,104.3,Cis man,ANSUR (1988)
96.8,93.7,87.5,78.1,,80.8,94.5,Cis man,ANSUR (1988)
99.1,94.4,87.1,77.5,,78.9,93.9,Cis man,ANSUR (1988)
106.4,102.7,94.7,87.5,,91.5,101.9,Cis man,ANSUR (1988)
109.2,105.1,100.3,94.2,,99.3,105.6,Cis man,ANSUR (1988)
101.1,96.7,88.9,79.2,,79.4,96.6,Cis man,ANSUR (1988)
100.2,95.6,89.1,83.9,,84.3,94.9,Cis man,ANSUR (1988)
106.7,103.7,96.8,88.1,,89.7,100.7,Cis man,ANSUR (1988)
121.5,114.9,103.8,86.7,,86.8,102.2,Cis man,ANSUR (1988)
109.5,105.5,94.4,77.7,,78.0,97.3,Cis man,ANSUR (1988)
96.6,94.9,92.5,84.3,,85.8,96.4,Cis man,ANSUR (1988)
101.4,95.9,90.3,81.3,,82.5,99.5,Cis man,ANSUR (1988)
97.4,94.8,89.5,80.4,,81.4,94.8,Cis man,ANSUR (1988)
97.9,95.2,87.2,74.4,,72.7,90.0,Cis man,ANSUR (1988)
98.6,94.6,89.2,79.8,,79.5,92.3,Cis man,ANSUR (1988)
96.2,93.3,88.4,83.8,,81.9,95.7,Cis man,ANSUR (1988)
102.3,100.9,92.0,86.7,,92.4,103.2,Cis man,ANSUR (1988)
96.1,94.3,88.2,80.2,,82.4,92.2,Cis man,ANSUR (1988)
90.4,88.0,82.8,72.0,,75.3,88.9,Cis man,ANSUR (1988)
97.2,93.1,87.9,79.8,,76.1,93.3,Cis man,ANSUR (1988)
95.5,91.6,85.0,75.8,,74.4,89.0,Cis man,ANSUR (1988)
101.5,97.5,92.3,85.4,,90.7,96.8,Cis man,ANSUR (1988)
99.0,97.0,89.3,75.6,,77.5,93.4,Cis man,ANSUR (1988)
111.4,110.1,102.5,96.5,,102.4,109.3,Cis man,ANSUR (1988)
107.9,106.2,100.7,94.8,,96.4,110.8,Cis man,ANSUR (1988)
105.8,104.6,97.7,88.1,,91.4,101.9,Cis man,ANSUR (1988)
104.4,101.2,95.7,83.6,,85.5,97.9,Cis man,ANSUR (1988)
107.7,103.7,96.7,84.5,,84.9,102.4,Cis man,ANSUR (1988)
105.9,99.6,90.7,77.1,,76.7,98.9,Cis man,ANSUR (1988)
110.4,109.0,100.9,90.6,,96.0,108.2,Cis man,ANSUR (1988)
104.6,99.7,92.1,89.6,,92.9,106.2,Cis man,ANSUR (1988)
95.1,90.7,83.7,76.6,,76.4,93.7,Cis man,ANSUR (1988)
102.2,99.9,95.2,89.4,,89.1,102.5,Cis man,ANSUR (1988)
108.5,104.1,96.5,91.4,,94.6,110.0,Cis man,ANSUR (1988)
103.9,103.4,96.6,86.9,,87.7,99.4,Cis man,ANSUR (1988)
97.1,91.2,83.8,79.4,,79.6,92.0,Cis man,ANSUR (1988)
96.3,91.2,85.2,76.4,,75.1,93.8,Cis man,ANSUR (1988)
99.0,94.4,87.5,78.8,,81.2,93.7,Cis man,ANSUR (1988)
102.1,98.5,92.8,83.1,,84.7,98.5,Cis man,ANSUR (1988)
102.6,97.4,91.8,79.2,,80.2,98.5,Cis man,ANSUR (1988)
104.4,100.5,93.9,89.7,,93.6,106.0,Cis man,ANSUR (1988)
101.7,97.2,91.9,77.7,,78.5,91.8,Cis man,ANSUR (1988)
113.6,108.2,102.1,92.6,,97.7,107.7,Cis man,ANSUR (1988)
103.9,100.1,96.1,84.2,,83.5,97.5,Cis man,ANSUR (1988)
100.5,96.9,90.9,80.1,,78.5,95.2,Cis man,ANSUR (1988)
102.9,98.4,89.9,79.4,,81.4,102.0,Cis man,ANSUR (1988)
102.2,100.0,92.8,84.1,,84.6,102.7,Cis man,ANSUR (1988)
118.1,114.3,106.9,99.2,,104.3,113.0,Cis man,ANSUR (1988)
105.2,98.4,90.1,81.9,,82.9,98.8,Cis man,ANSUR (1988)
92.5,87.4,83.1,72.1,,77.0,87.6,Cis man,ANSUR (1988)
104.7,98.9,89.9,77.9,,81.1,101.5,Cis man,ANSUR (1988)
108.2,105.6,93.9,88.2,,90.6,99.5,Cis man,ANSUR (1988)
113.4,111.5,103.8,98.8,,100.2,104.3,Cis man,ANSUR (1988)
100.7,97.1,90.7,83.7,,81.9,97.7,Cis man,ANSUR (1988)
98.8,96.0,90.9,79.6,,79.9,94.1,Cis man,ANSUR (1988)
102.6,101.1,95.3,90.2,,94.9,100.7,Cis man,ANSUR (1988)
97.9,95.4,89.5,82.3,,84.6,97.0,Cis man,ANSUR (1988)
107.8,100.5,95.5,88.5,,90.2,101.2,Cis man,ANSUR (1988)
103.7,99.1,90.0,82.3,,83.1,99.0,Cis man,ANSUR (1988)
103.4,98.0,92.6,79.5,,82.6,95.0,Cis man,ANSUR (1988)
105.9,103.3,94.0,88.8,,92.2,97.2,Cis man,ANSUR (1988)
102.0,99.9,91.2,79.0,,80.5,97.9,Cis man,ANSUR (1988)
97.2,93.3,84.7,76.9,,76.9,94.6,Cis man,ANSUR (1988)
105.0,102.1,95.5,85.5,,83.2,104.0,Cis man,ANSUR (1988)
117.5,118.7,110.0,103.8,,108.6,114.2,Cis man,ANSUR (1988)
88.5,85.1,81.0,75.7,,76.4,91.0,Cis man,ANSUR (1988)
102.2,99.0,91.3,88.3,,90.4,101.2,Cis man,ANSUR (1988)
85.6,83.5,78.5,69.2,,66.9,80.5,Cis man,ANSUR (1988)
92.8,89.4,83.5,78.4,,80.8,91.9,Cis man,ANSUR (1988)
105.3,99.9,95.7,84.6,,83.1,101.6,Cis man,ANSUR (1988)
95.3,90.8,85.7,76.2,,78.5,91.5,Cis man,ANSUR (1988)
99.1,96.5,90.2,85.7,,89.7,101.1,Cis man,ANSUR (1988)
97.2,90.9,85.2,78.4,,82.3,91.8,Cis man,ANSUR (1988)
109.0,106.6,97.7,87.8,,93.4,104.2,Cis man,ANSUR (1988)
117.8,117.1,111.7,99.3,,100.9,104.5,Cis man,ANSUR (1988)
106.5,103.8,97.4,87.5,,88.8,98.9,Cis man,ANSUR (1988)
111.3,107.8,99.5,91.1,,95.9,103.5,Cis man,ANSUR (1988)
104.3,97.9,89.0,83.1,,85.6,101.5,Cis man,ANSUR (1988)
105.6,97.9,90.9,87.9,,88.5,107.7,Cis man,ANSUR (1988)
98.4,94.5,87.7,81.1,,85.9,101.2,Cis man,ANSUR (1988)
87.9,84.4,78.8,72.6,,74.5,87.2,Cis man,ANSUR (1988)
98.9,95.1,92.1,80.5,,81.9,92.8,Cis man,ANSUR (1988)
97.1,90.9,81.1,73.4,,69.9,87.6,Cis man,ANSUR (1988)
95.2,90.0,84.7,75.1,,75.8,89.0,Cis man,ANSUR (1988)
112.8,110.8,105.2,96.9,,102.2,104.8,Cis man,ANSUR (1988)
98.7,95.1,89.2,78.5,,79.0,94.5,Cis man,ANSUR (1988)
100.6,98.6,92.5,86.9,,87.9,96.6,Cis man,ANSUR (1988)
100.2,94.7,87.4,80.4,,85.1,95.4,Cis man,ANSUR (1988)
96.8,94.4,88.0,81.4,,80.3,89.6,Cis man,ANSUR (1988)
109.0,103.6,94.1,84.0,,86.3,98.8,Cis man,ANSUR (1988)
106.4,103.9,96.7,89.4,,93.2,102.8,Cis man,ANSUR (1988)
102.2,101.6,94.3,88.9,,98.7,105.0,Cis man,ANSUR (1988)
88.7,89.1,83.6,72.7,,73.1,92.8,Cis man,ANSUR (1988)
93.9,90.6,85.5,76.7,,79.6,92.8,Cis man,ANSUR (1988)
102.5,96.3,90.6,81.4,,81.8,98.9,Cis man,ANSUR (1988)
100.2,95.7,88.3,85.7,,88.4,98.7,Cis man,ANSUR (1988)
115.9,115.3,111.2,102.8,,106.5,109.2,Cis man,ANSUR (1988)
105.4,102.1,94.0,87.0,,88.1,100.4,Cis man,ANSUR (1988)
116.7,115.2,107.5,99.7,,103.5,102.9,Cis man,ANSUR (1988)
103.8,100.3,92.9,82.9,,82.5,103.5,Cis man,ANSUR (1988)
100.6,97.1,90.2,83.3,,81.9,97.4,Cis man,ANSUR (1988)
110.8,107.6,102.4,97.1,,102.2,112.8,Cis man,ANSUR (1988)
101.8,98.1,91.8,79.9,,74.4,96.1,Cis man,ANSUR (1988)
89.6,87.6,82.3,73.2,,71.0,87.1,Cis man,ANSUR (1988)
112.8,112.7,104.4,98.5,,101.8,107.9,Cis man,ANSUR (1988)
102.0,100.6,96.4,92.9,,97.2,97.4,Cis man,ANSUR (1988)
106.2,103.1,97.2,91.1,,92.1,100.7,Cis man,ANSUR (1988)
90.5,87.6,82.4,72.7,,75.2,89.3,Cis man,ANSUR (1988)
93.8,89.1,82.2,74.3,,73.8,89.2,Cis man,ANSUR (1988)
103.5,99.2,91.8,85.8,,87.4,96.0,Cis man,ANSUR (1988)
91.0,91.5,86.0,77.8,,80.3,89.4,Cis man,ANSUR (1988)
111.8,109.8,104.7,101.5,,106.0,110.5,Cis man,ANSUR (1988)
118.5,112.8,106.4,91.5,,91.0,106.8,Cis man,ANSUR (1988)
114.3,112.0,107.8,97.6,,99.8,109.2,Cis man,ANSUR (1988)
100.5,97.2,91.2,79.7,,79.4,92.2,Cis man,ANSUR (1988)
92.8,90.1,84.5,77.7,,78.9,94.9,Cis man,ANSUR (1988)
91.0,88.2,81.6,73.2,,72.3,90.3,Cis man,ANSUR (1988)
106.0,103.5,96.5,90.5,,92.9,98.2,Cis man,ANSUR (1988)
102.9,99.0,92.3,90.5,,95.4,102.7,Cis man,ANSUR (1988)
105.7,99.2,94.2,82.3,,79.0,96.6,Cis man,ANSUR (1988)
90.3,84.7,79.2,67.8,,69.1,88.0,Cis man,ANSUR (1988)
97.1,95.2,89.5,78.3,,78.4,93.0,Cis man,ANSUR (1988)
93.1,91.6,86.4,83.1,,86.1,95.0,Cis man,ANSUR (1988)
102.3,99.3,91.3,85.7,,88.1,96.3,Cis man,ANSUR (1988)
93.3,88.8,83.8,76.6,,78.7,90.0,Cis man,ANSUR (1988)
96.4,95.3,87.5,80.3,,76.9,96.3,Cis man,ANSUR (1988)
89.9,86.0,79.6,73.3,,74.6,87.8,Cis man,ANSUR (1988)
107.7,103.4,97.5,93.3,,95.8,103.8,Cis man,ANSUR (1988)
96.6,96.4,91.5,81.5,,86.1,93.7,Cis man,ANSUR (1988)
111.0,106.1,95.6,85.9,,85.6,94.9,Cis man,ANSUR (1988)
97.6,94.1,83.8,75.4,,79.6,93.7,Cis man,ANSUR (1988)
111.4,108.3,101.1,92.0,,96.4,99.7,Cis man,ANSUR (1988)
97.2,93.6,86.6,83.2,,88.0,100.1,Cis man,ANSUR (1988)
94.2,90.4,85.7,74.5,,81.0,94.0,Cis man,ANSUR (1988)
107.7,107.6,101.4,94.0,,102.6,107.1,Cis man,ANSUR (1988)
105.6,101.4,95.2,82.4,,82.1,95.0,Cis man,ANSUR (1988)
97.2,94.4,89.9,80.1,,81.3,94.3,Cis man,ANSUR (1988)
109.8,109.4,103.8,95.7,,98.5,106.8,Cis man,ANSUR (1988)
111.3,105.9,99.2,88.3,,91.0,104.3,Cis man,ANSUR (1988)
102.9,98.2,90.4,84.7,,87.5,100.4,Cis man,ANSUR (1988)
100.8,97.3,90.8,83.9,,86.4,97.0,Cis man,ANSUR (1988)
96.9,93.3,86.8,75.2,,73.8,90.8,Cis man,ANSUR (1988)
92.8,93.5,90.4,84.1,,87.3,91.5,Cis man,ANSUR (1988)
110.8,107.5,99.2,86.0,,89.9,107.1,Cis man,ANSUR (1988)
106.8,106.0,97.3,89.9,,91.2,98.5,Cis man,ANSUR (1988)
100.5,95.7,89.1,79.2,,76.9,90.6,Cis man,ANSUR (1988)
101.1,94.5,85.3,78.6,,80.7,100.8,Cis man,ANSUR (1988)
97.8,94.0,85.6,79.7,,81.6,97.7,Cis man,ANSUR (1988)
103.5,105.8,99.4,93.0,,95.6,100.0,Cis man,ANSUR (1988)
109.2,103.3,96.1,89.4,,91.4,102.1,Cis man,ANSUR (1988)
93.8,92.6,85.6,79.6,,80.2,98.2,Cis man,ANSUR (1988)
99.3,98.1,93.8,83.2,,82.1,99.4,Cis man,ANSUR (1988)
104.2,103.1,97.7,88.6,,91.1,101.4,Cis man,ANSUR (1988)
98.0,93.0,88.9,78.3,,77.9,94.1,Cis man,ANSUR (1988)
98.8,96.0,91.7,81.7,,80.0,92.7,Cis man,ANSUR (1988)
94.7,89.5,84.6,76.2,,75.5,91.9,Cis man,ANSUR (1988)
101.9,93.0,83.1,76.5,,78.5,91.5,Cis man,ANSUR (1988)
105.1,101.8,96.8,87.5,,85.9,100.1,Cis man,ANSUR (1988)
106.8,105.8,93.6,85.5,,86.2,98.9,Cis man,ANSUR (1988)
109.2,105.3,94.3,85.2,,83.8,97.6,Cis man,ANSUR (1988)
105.3,100.9,93.8,82.5,,84.4,94.8,Cis man,ANSUR (1988)
92.1,89.7,84.5,84.1,,89.1,99.4,Cis man,ANSUR (1988)
100.1,95.2,88.1,81.0,,78.2,93.1,Cis man,ANSUR (1988)
104.7,105.8,98.0,88.3,,95.3,98.8,Cis man,ANSUR (1988)
99.2,94.7,89.4,84.3,,85.7,101.9,Cis man,ANSUR (1988)
103.1,100.3,94.2,92.2,,91.5,98.7,Cis man,ANSUR (1988)
102.4,100.9,92.7,84.2,,80.5,100.6,Cis man,ANSUR (1988)
101.5,98.5,89.5,74.7,,77.2,95.9,Cis man,ANSUR (1988)
105.5,103.3,93.5,86.4,,85.3,100.6,Cis man,ANSUR (1988)
92.3,90.4,84.6,77.9,,84.0,96.1,Cis man,ANSUR (1988)
100.4,99.2,91.6,85.3,,88.3,95.8,Cis man,ANSUR (1988)
113.7,108.7,103.3,97.1,,105.2,113.5,Cis man,ANSUR (1988)
98.8,96.7,88.7,78.9,,79.1,92.1,Cis man,ANSUR (1988)
104.6,99.7,90.9,82.5,,85.7,102.5,Cis man,ANSUR (1988)
110.0,109.0,103.9,97.0,,98.5,108.3,Cis man,ANSUR (1988)
95.2,91.9,83.3,74.6,,78.0,90.5,Cis man,ANSUR (1988)
104.2,100.6,95.0,86.3,,90.5,97.3,Cis man,ANSUR (1988)
93.3,91.6,85.9,77.0,,80.5,92.2,Cis man,ANSUR (1988)
102.3,96.2,88.4,79.6,,79.8,92.7,Cis man,ANSUR (1988)
98.5,96.8,91.5,77.8,,78.9,95.1,Cis man,ANSUR (1988)
106.3,104.2,96.4,90.1,,99.1,105.4,Cis man,ANSUR (1988)
103.1,101.2,96.0,86.1,,91.3,101.9,Cis man,ANSUR (1988)
92.4,89.4,83.7,75.9,,77.2,90.5,Cis man,ANSUR (1988)
112.1,106.7,101.4,95.2,,98.7,108.7,Cis man,ANSUR (1988)
116.5,115.0,107.1,100.8,,109.3,113.2,Cis man,ANSUR (1988)
113.5,108.2,97.6,88.4,,91.5,102.8,Cis man,ANSUR (1988)
97.9,95.2,88.8,79.6,,84.6,92.3,Cis man,ANSUR (1988)
93.8,91.9,84.6,76.6,,76.3,90.6,Cis man,ANSUR (1988)
103.2,97.5,90.7,84.3,,85.6,100.5,Cis man,ANSUR (1988)
107.9,104.5,97.6,91.3,,90.9,105.2,Cis man,ANSUR (1988)
98.8,98.0,90.0,81.0,,87.2,100.0,Cis man,ANSUR (1988)
97.3,93.9,88.7,74.2,,75.0,91.6,Cis man,ANSUR (1988)
92.1,89.7,84.5,74.5,,76.4,92.8,Cis man,ANSUR (1988)
105.1,100.3,91.6,81.4,,85.0,98.4,Cis man,ANSUR (1988)
101.1,97.0,89.4,83.8,,85.1,95.4,Cis man,ANSUR (1988)
115.9,114.5,101.5,92.0,,93.5,98.6,Cis man,ANSUR (1988)
97.3,94.6,89.2,77.8,,76.2,95.1,Cis man,ANSUR (1988)
113.5,111.3,103.4,94.6,,95.5,104.9,Cis man,ANSUR (1988)
104.0,103.3,94.3,88.3,,94.1,101.9,Cis man,ANSUR (1988)
108.8,104.2,96.6,86.1,,88.6,101.7,Cis man,ANSUR (1988)
110.0,108.4,101.4,95.8,,96.4,110.7,Cis man,ANSUR (1988)
90.2,87.8,81.4,71.1,,73.2,91.0,Cis man,ANSUR (1988)
93.0,90.2,85.2,75.8,,82.2,92.8,Cis man,ANSUR (1988)
89.4,85.2,80.6,72.8,,71.5,85.9,Cis man,ANSUR (1988)
99.5,95.7,86.0,80.8,,79.5,92.9,Cis man,ANSUR (1988)
98.7,94.2,88.0,75.4,,74.5,89.5,Cis man,ANSUR (1988)
100.6,95.4,89.0,79.6,,81.3,94.5,Cis man,ANSUR (1988)
107.1,106.8,102.1,93.8,,96.5,103.9,Cis man,ANSUR (1988)
98.9,95.5,88.2,75.3,,76.8,93.3,Cis man,ANSUR (1988)
110.3,105.0,99.7,91.3,,92.1,98.5,Cis man,ANSUR (1988)
101.9,98.8,91.5,80.2,,82.1,96.8,Cis man,ANSUR (1988)
99.2,100.5,91.6,81.6,,82.5,96.0,Cis man,ANSUR (1988)
105.9,101.2,94.3,88.0,,91.2,103.5,Cis man,ANSUR (1988)
108.2,103.9,99.1,93.5,,96.1,103.6,Cis man,ANSUR (1988)
113.1,110.4,103.5,95.1,,101.3,110.8,Cis man,ANSUR (1988)
112.2,110.1,102.4,95.0,,98.1,102.6,Cis man,ANSUR (1988)
100.1,98.4,90.3,78.6,,80.2,95.7,Cis man,ANSUR (1988)
98.4,94.7,90.1,79.3,,83.0,91.1,Cis man,ANSUR (1988)
100.7,96.7,91.2,75.5,,76.8,92.0,Cis man,ANSUR (1988)
93.4,92.1,86.0,72.6,,71.1,91.7,Cis man,ANSUR (1988)
104.4,100.6,94.1,85.6,,92.0,103.0,Cis man,ANSUR (1988)
105.5,100.6,93.1,78.2,,80.4,97.9,Cis man,ANSUR (1988)
89.4,86.4,81.3,74.2,,75.8,85.2,Cis man,ANSUR (1988)
106.8,104.2,100.0,89.1,,95.5,103.0,Cis man,ANSUR (1988)
99.5,96.7,89.0,83.5,,86.5,95.8,Cis man,ANSUR (1988)
98.3,94.1,88.7,78.4,,78.0,92.8,Cis man,ANSUR (1988)
102.0,99.9,94.3,83.7,,85.5,93.9,Cis man,ANSUR (1988)
104.4,103.3,97.5,93.8,,96.0,100.6,Cis man,ANSUR (1988)
100.9,97.6,92.0,82.8,,85.0,97.9,Cis man,ANSUR (1988)
101.3,97.9,90.5,78.9,,77.8,94.5,Cis man,ANSUR (1988)
108.6,104.9,99.4,90.7,,91.2,98.8,Cis man,ANSUR (1988)
109.1,105.7,100.7,93.8,,92.8,99.0,Cis man,ANSUR (1988)
106.9,109.8,105.1,96.3,,102.8,103.2,Cis man,ANSUR (1988)
108.1,104.8,99.7,84.5,,84.2,97.0,Cis man,ANSUR (1988)
99.3,97.1,91.9,86.8,,89.3,95.0,Cis man,ANSUR (1988)
100.0,95.6,88.3,79.9,,82.8,97.5,Cis man,ANSUR (1988)
96.1,93.3,84.3,70.5,,75.1,91.8,Cis man,ANSUR (1988)
101.5,98.6,93.8,83.8,,88.3,96.3,Cis man,ANSUR (1988)
113.0,113.0,106.4,97.9,,99.9,110.8,Cis man,ANSUR (1988)
99.9,97.6,88.0,79.8,,78.4,99.6,Cis man,ANSUR (1988)
109.0,104.7,97.5,85.8,,86.7,100.3,Cis man,ANSUR (1988)
100.0,93.9,86.0,76.9,,76.5,94.1,Cis man,ANSUR (1988)
101.0,98.5,92.8,85.2,,89.0,93.0,Cis man,ANSUR (1988)
101.6,101.1,95.9,94.9,,99.3,100.5,Cis man,ANSUR (1988)
102.4,100.5,94.3,85.6,,88.4,98.9,Cis man,ANSUR (1988)
94.7,89.3,83.2,71.8,,72.6,88.2,Cis man,ANSUR (1988)
100.9,98.7,95.0,88.9,,90.9,95.0,Cis man,ANSUR (1988)
107.4,102.9,96.0,87.2,,87.5,99.6,Cis man,ANSUR (1988)
97.6,95.7,88.7,80.8,,81.7,94.8,Cis man,ANSUR (1988)
98.4,95.2,90.8,84.4,,90.9,99.9,Cis man,ANSUR (1988)
104.7,99.7,90.6,76.5,,80.3,94.5,Cis man,ANSUR (1988)
105.3,107.2,98.2,88.0,,93.8,101.4,Cis man,ANSUR (1988)
100.4,96.1,87.6,78.5,,79.7,95.4,Cis man,ANSUR (1988)
113.7,113.4,105.2,97.5,,101.8,108.1,Cis man,ANSUR (1988)
109.8,103.2,95.3,81.2,,81.6,100.2,Cis man,ANSUR (1988)
104.4,100.4,92.5,81.5,,83.0,101.9,Cis man,ANSUR (1988)
99.8,96.4,91.2,83.5,,86.7,96.6,Cis man,ANSUR (1988)
96.8,92.7,89.0,77.0,,76.0,92.4,Cis man,ANSUR (1988)
100.3,97.4,92.2,86.0,,87.9,98.7,Cis man,ANSUR (1988)
100.5,97.5,92.6,87.4,,90.5,100.8,Cis man,ANSUR (1988)
108.7,104.8,98.5,90.9,,95.5,104.2,Cis man,ANSUR (1988)
102.1,96.3,90.4,81.1,,87.3,106.7,Cis man,ANSUR (1988)
92.2,88.4,84.2,80.7,,84.4,92.7,Cis man,ANSUR (1988)
106.0,102.1,93.9,79.3,,80.7,95.8,Cis man,ANSUR (1988)
104.9,102.4,95.5,84.6,,87.8,102.4,Cis man,ANSUR (1988)
107.4,103.5,95.6,80.0,,82.5,97.2,Cis man,ANSUR (1988)
101.3,96.3,90.6,84.3,,81.8,96.2,Cis man,ANSUR (1988)
95.4,91.9,86.7,77.5,,78.9,89.8,Cis man,ANSUR (1988)
109.9,104.6,100.9,91.4,,94.8,105.5,Cis man,ANSUR (1988)
107.5,103.4,96.8,79.0,,79.8,99.6,Cis man,ANSUR (1988)
102.4,96.6,88.9,80.5,,84.0,96.5,Cis man,ANSUR (1988)
98.5,94.2,87.5,77.3,,77.2,94.4,Cis man,ANSUR (1988)
112.5,109.0,101.7,93.6,,96.7,106.1,Cis man,ANSUR (1988)
99.6,95.8,87.9,81.2,,82.4,92.8,Cis man,ANSUR (1988)
88.9,85.7,82.2,71.9,,71.2,83.2,Cis man,ANSUR (1988)
96.4,93.9,84.3,74.5,,78.3,93.7,Cis man,ANSUR (1988)
95.9,92.3,85.8,77.1,,80.4,92.2,Cis man,ANSUR (1988)
104.4,102.0,93.6,82.2,,82.4,95.6,Cis man,ANSUR (1988)
103.2,97.6,89.4,77.2,,78.9,95.2,Cis man,ANSUR (1988)
113.4,111.1,101.6,90.8,,99.2,107.9,Cis man,ANSUR (1988)
105.6,99.5,95.2,87.8,,88.5,99.9,Cis man,ANSUR (1988)
101.5,96.5,90.5,82.2,,86.3,94.7,Cis man,ANSUR (1988)
99.1,96.4,90.4,80.3,,86.5,98.0,Cis man,ANSUR (1988)
116.2,115.9,108.0,98.3,,103.2,109.7,Cis man,ANSUR (1988)
104.2,101.7,95.5,89.4,,92.3,99.5,Cis man,ANSUR (1988)
102.3,100.6,96.0,88.1,,87.5,100.1,Cis man,ANSUR (1988)
88.3,84.5,79.1,71.9,,73.4,86.3,Cis man,ANSUR (1988)
99.4,97.2,91.1,80.3,,86.8,100.1,Cis man,ANSUR (1988)
109.2,108.9,103.3,99.2,,97.0,100.4,Cis man,ANSUR (1988)
102.8,99.4,92.1,79.9,,81.7,96.7,Cis man,ANSUR (1988)
106.5,104.6,95.8,88.4,,89.0,99.0,Cis man,ANSUR (1988)
109.7,107.3,98.5,91.5,,92.0,102.6,Cis man,ANSUR (1988)
129.8,127.3,118.2,104.2,,109.2,113.9,Cis man,ANSUR (1988)
97.4,97.0,90.5,83.1,,91.6,100.3,Cis man,ANSUR (1988)
102.4,102.1,95.2,90.4,,91.9,104.3,Cis man,ANSUR (1988)
105.7,102.2,95.3,86.1,,85.4,98.7,Cis man,ANSUR (1988)
95.5,92.1,86.5,79.4,,79.6,96.2,Cis man,ANSUR (1988)
93.4,91.1,84.9,79.1,,81.4,94.9,Cis man,ANSUR (1988)
106.7,100.5,93.4,79.2,,83.3,99.0,Cis man,ANSUR (1988)
105.7,106.0,101.0,87.9,,87.9,98.0,Cis man,ANSUR (1988)
102.7,99.4,94.6,87.8,,91.4,96.6,Cis man,ANSUR (1988)
116.0,112.0,103.2,94.8,,94.8,100.6,Cis man,ANSUR (1988)
107.2,104.2,99.5,97.4,,101.0,103.0,Cis man,ANSUR (1988)
96.1,92.6,86.4,82.4,,86.1,105.7,Cis man,ANSUR (1988)
101.2,96.8,92.0,79.5,,83.7,97.9,Cis man,ANSUR (1988)
101.8,102.0,93.0,84.9,,93.3,99.9,Cis man,ANSUR (1988)
94.2,92.4,87.9,79.7,,80.2,94.1,Cis man,ANSUR (1988)
96.9,93.4,85.5,77.3,,80.5,101.5,Cis man,ANSUR (1988)
96.7,94.3,88.0,82.9,,90.2,98.8,Cis man,ANSUR (1988)
99.4,98.5,87.9,83.4,,85.9,97.4,Cis man,ANSUR (1988)
103.2,96.7,88.9,77.9,,78.9,96.4,Cis man,ANSUR (1988)
102.3,99.8,93.2,85.0,,89.0,101.1,Cis man,ANSUR (1988)
103.9,98.6,93.6,84.7,,88.3,100.9,Cis man,ANSUR (1988)
96.4,90.4,84.5,75.0,,76.4,95.9,Cis man,ANSUR (1988)
106.6,102.9,95.7,88.9,,95.8,106.7,Cis man,ANSUR (1988)
108.4,104.5,96.5,90.4,,93.9,105.9,Cis man,ANSUR (1988)
108.6,104.4,100.0,86.9,,92.0,94.6,Cis man,ANSUR (1988)
96.8,95.4,90.8,87.3,,88.0,96.6,Cis man,ANSUR (1988)
108.2,107.4,98.8,92.2,,94.8,105.8,Cis man,ANSUR (1988)
104.8,99.3,92.1,86.5,,89.3,96.1,Cis man,ANSUR (1988)
102.5,99.8,93.7,85.1,,92.5,103.4,Cis man,ANSUR (1988)
97.8,95.3,92.0,86.5,,86.8,97.8,Cis man,ANSUR (1988)
104.8,100.6,93.7,82.9,,84.2,90.8,Cis man,ANSUR (1988)
103.3,99.1,91.0,78.2,,79.3,96.8,Cis man,ANSUR (1988)
101.0,94.0,88.2,82.6,,88.3,95.6,Cis man,ANSUR (1988)
110.9,109.6,104.9,98.2,,103.8,103.8,Cis man,ANSUR (1988)
93.4,90.9,85.5,72.8,,74.5,87.3,Cis man,ANSUR (1988)
98.5,97.0,90.9,83.8,,89.9,99.7,Cis man,ANSUR (1988)
95.5,92.2,86.9,78.3,,82.4,91.7,Cis man,ANSUR (1988)
97.6,94.3,87.3,76.0,,76.4,89.6,Cis man,ANSUR (1988)
105.3,104.6,97.8,93.4,,95.9,101.6,Cis man,ANSUR (1988)
100.9,96.0,89.3,80.0,,83.0,92.6,Cis man,ANSUR (1988)
101.1,97.3,91.1,82.9,,86.1,100.0,Cis man,ANSUR (1988)
105.1,101.2,96.0,87.0,,92.0,102.6,Cis man,ANSUR (1988)
102.9,99.3,94.2,86.2,,89.3,103.0,Cis man,ANSUR (1988)
98.1,94.0,87.4,77.2,,79.9,92.9,Cis man,ANSUR (1988)
105.1,104.2,98.9,85.1,,90.5,101.6,Cis man,ANSUR (1988)
113.2,112.5,104.9,98.7,,103.4,110.2,Cis man,ANSUR (1988)
93.7,88.9,79.8,70.6,,70.6,87.8,Cis man,ANSUR (1988)
92.3,88.8,84.3,76.0,,76.8,96.3,Cis man,ANSUR (1988)
99.7,96.0,89.9,83.5,,84.6,97.0,Cis man,ANSUR (1988)
114.9,112.8,104.6,96.5,,100.7,106.0,Cis man,ANSUR (1988)
99.4,97.8,92.6,85.6,,87.0,95.7,Cis man,ANSUR (1988)
103.4,102.1,94.2,87.8,,98.4,104.0,Cis man,ANSUR (1988)
105.4,104.3,99.0,88.5,,96.5,103.8,Cis man,ANSUR (1988)
96.0,90.3,82.3,74.4,,74.4,90.2,Cis man,ANSUR (1988)
94.1,93.1,88.4,77.8,,82.0,100.6,Cis man,ANSUR (1988)
108.6,107.3,101.8,92.5,,101.4,109.4,Cis man,ANSUR (1988)
104.8,102.8,95.8,89.2,,94.3,98.9,Cis man,ANSUR (1988)
96.3,94.0,85.6,76.3,,74.4,85.6,Cis man,ANSUR (1988)
106.6,107.6,102.2,93.3,,97.3,100.7,Cis man,ANSUR (1988)
114.8,108.5,96.0,83.0,,81.4,99.0,Cis man,ANSUR (1988)
104.8,100.9,90.1,79.5,,78.5,95.2,Cis man,ANSUR (1988)
109.6,107.5,101.6,96.3,,101.6,106.3,Cis man,ANSUR (1988)
108.4,105.0,95.0,81.7,,82.5,101.6,Cis man,ANSUR (1988)
105.8,102.7,95.0,83.7,,87.2,104.4,Cis man,ANSUR (1988)
106.5,105.3,98.8,92.1,,96.0,104.1,Cis man,ANSUR (1988)
101.4,96.9,89.1,81.8,,87.5,101.7,Cis man,ANSUR (1988)
100.4,96.9,92.3,76.7,,77.5,92.8,Cis man,ANSUR (1988)
129.1,128.1,118.2,105.4,,108.0,110.3,Cis man,ANSUR (1988)
93.4,89.5,84.7,72.6,,72.6,91.5,Cis man,ANSUR (1988)
102.1,99.1,92.4,80.0,,81.5,96.2,Cis man,ANSUR (1988)
101.2,96.9,92.3,78.7,,79.3,97.4,Cis man,ANSUR (1988)
96.2,94.3,86.0,75.8,,76.3,94.2,Cis man,ANSUR (1988)
97.2,95.5,89.4,82.9,,87.0,100.9,Cis man,ANSUR (1988)
111.9,108.0,101.2,89.7,,94.3,102.5,Cis man,ANSUR (1988)
99.8,97.5,91.3,82.6,,86.2,97.8,Cis man,ANSUR (1988)
99.1,94.6,86.0,74.8,,74.3,90.8,Cis man,ANSUR (1988)
99.1,95.2,90.0,78.3,,79.2,97.9,Cis man,ANSUR (1988)
105.2,103.2,95.7,87.0,,89.5,103.4,Cis man,ANSUR (1988)
108.0,104.0,96.2,89.2,,91.5,103.6,Cis man,ANSUR (1988)
108.9,108.3,102.5,94.8,,99.3,106.0,Cis man,ANSUR (1988)
112.2,107.4,100.2,89.1,,89.1,108.7,Cis man,ANSUR (1988)
107.7,106.7,101.5,93.2,,95.8,104.1,Cis man,ANSUR (1988)
93.8,91.2,86.8,76.4,,77.0,89.9,Cis man,ANSUR (1988)
96.2,93.0,86.0,75.8,,76.1,86.4,Cis man,ANSUR (1988)
106.8,102.8,94.9,82.4,,84.6,96.2,Cis man,ANSUR (1988)
103.7,101.7,97.5,89.7,,94.0,101.0,Cis man,ANSUR (1988)
92.7,88.5,84.2,73.3,,73.4,87.1,Cis man,ANSUR (1988)
105.1,103.4,97.8,91.4,,101.6,102.6,Cis man,ANSUR (1988)
110.4,109.9,104.8,97.0,,97.5,102.8,Cis man,ANSUR (1988)
95.1,91.4,82.4,70.5,,69.4,85.1,Cis man,ANSUR (1988)
113.3,106.1,95.9,85.8,,88.4,102.0,Cis man,ANSUR (1988)
106.5,102.5,95.5,78.5,,79.3,94.9,Cis man,ANSUR (1988)
101.7,99.6,91.9,82.0,,85.1,95.5,Cis man,ANSUR (1988)
94.0,89.2,83.9,78.1,,80.4,88.6,Cis man,ANSUR (1988)
97.8,93.9,86.8,77.6,,82.1,93.6,Cis man,ANSUR (1988)
109.2,104.9,96.1,88.2,,91.3,108.5,Cis man,ANSUR (1988)
98.3,96.4,88.6,80.8,,88.2,103.2,Cis man,ANSUR (1988)
113.6,114.2,106.6,96.5,,100.1,104.4,Cis man,ANSUR (1988)
110.5,106.2,99.3,93.3,,99.3,111.8,Cis man,ANSUR (1988)
100.8,97.1,88.0,85.8,,89.0,93.0,Cis man,ANSUR (1988)
92.1,90.3,85.1,74.4,,76.0,90.4,Cis man,ANSUR (1988)
94.2,90.9,85.9,74.8,,74.9,89.1,Cis man,ANSUR (1988)
96.5,94.7,89.3,79.7,,83.1,96.6,Cis man,ANSUR (1988)
104.0,100.4,92.1,79.2,,78.3,100.3,Cis man,ANSUR (1988)
96.1,92.3,86.3,76.2,,75.1,87.5,Cis man,ANSUR (1988)
94.1,90.1,83.2,77.4,,79.8,92.9,Cis man,ANSUR (1988)
94.8,92.8,87.0,81.8,,87.2,97.5,Cis man,ANSUR (1988)
96.0,92.0,86.9,78.6,,81.8,91.8,Cis man,ANSUR (1988)
99.1,97.2,94.6,83.0,,79.8,91.6,Cis man,ANSUR (1988)
105.5,100.6,94.3,83.7,,84.9,95.3,Cis man,ANSUR (1988)
104.4,102.3,95.4,90.0,,86.4,100.6,Cis man,ANSUR (1988)
94.6,90.0,84.5,74.8,,76.6,93.9,Cis man,ANSUR (1988)
95.0,90.8,84.2,75.0,,77.2,89.5,Cis man,ANSUR (1988)
100.4,97.2,90.1,81.5,,87.8,98.1,Cis man,ANSUR (1988)
120.6,117.0,108.6,101.3,,104.2,110.6,Cis man,ANSUR (1988)
100.2,95.2,86.7,78.7,,79.0,95.1,Cis man,ANSUR (1988)
92.2,84.0,78.8,67.6,,68.4,88.6,Cis man,ANSUR (1988)
105.1,100.8,93.3,84.3,,84.0,98.8,Cis man,ANSUR (1988)
102.1,102.0,95.4,85.4,,90.1,97.0,Cis man,ANSUR (1988)
88.4,87.6,80.9,73.8,,76.7,90.7,Cis man,ANSUR (1988)
98.5,96.3,89.9,81.1,,88.7,94.5,Cis man,ANSUR (1988)
121.9,118.0,108.3,94.5,,97.2,113.4,Cis man,ANSUR (1988)
99.0,99.1,94.5,87.1,,92.4,99.7,Cis man,ANSUR (1988)
114.9,112.1,106.8,107.2,,113.9,111.2,Cis man,ANSUR (1988)
93.0,90.6,85.1,74.3,,79.7,100.7,Cis man,ANSUR (1988)
103.8,101.7,95.5,87.8,,90.0,95.9,Cis man,ANSUR (1988)
102.3,98.1,93.4,79.7,,83.4,99.8,Cis man,ANSUR (1988)
107.2,103.5,96.7,81.0,,83.2,101.0,Cis man,ANSUR (1988)
94.9,92.3,86.7,82.8,,83.6,93.1,Cis man,ANSUR (1988)
96.9,94.9,90.8,84.4,,86.9,91.6,Cis man,ANSUR (1988)
86.5,83.6,77.1,67.4,,67.7,82.6,Cis man,ANSUR (1988)
108.3,104.2,95.4,83.1,,83.8,101.2,Cis man,ANSUR (1988)
98.2,91.8,87.3,75.0,,75.6,91.6,Cis man,ANSUR (1988)
94.9,93.7,88.1,77.7,,81.4,91.2,Cis man,ANSUR (1988)
103.2,100.1,92.5,82.6,,85.3,97.9,Cis man,ANSUR (1988)
96.1,94.7,88.3,83.1,,83.2,91.9,Cis man,ANSUR (1988)
96.5,95.3,92.2,87.8,,88.3,95.4,Cis man,ANSUR (1988)
104.0,99.9,93.9,81.9,,84.0,103.2,Cis man,ANSUR (1988)
95.5,91.0,84.2,75.0,,77.5,89.4,Cis man,ANSUR (1988)
101.2,99.0,93.0,85.0,,88.2,94.3,Cis man,ANSUR (1988)
107.1,105.2,98.1,85.9,,86.2,99.9,Cis man,ANSUR (1988)
98.8,97.3,91.1,83.8,,81.1,97.7,Cis man,ANSUR (1988)
106.4,101.4,92.1,84.5,,88.8,104.1,Cis man,ANSUR (1988)
103.6,98.4,92.6,81.9,,82.7,95.4,Cis man,ANSUR (1988)
93.5,90.1,84.2,75.4,,77.5,97.2,Cis man,ANSUR (1988)
104.7,99.9,96.0,87.8,,89.9,100.1,Cis man,ANSUR (1988)
104.3,102.1,99.2,82.5,,88.8,102.2,Cis man,ANSUR (1988)
110.1,108.4,103.8,86.2,,87.4,100.8,Cis man,ANSUR (1988)
101.2,95.2,89.3,75.9,,78.8,99.9,Cis man,ANSUR (1988)
99.1,96.7,91.9,90.5,,92.7,101.4,Cis man,ANSUR (1988)
110.3,108.1,100.8,93.7,,97.1,100.6,Cis man,ANSUR (1988)
104.5,101.6,93.7,85.3,,87.0,97.6,Cis man,ANSUR (1988)
101.7,96.2,87.8,80.8,,82.8,99.7,Cis man,ANSUR (1988)
105.4,105.3,100.4,92.0,,98.0,98.5,Cis man,ANSUR (1988)
112.4,113.4,103.4,97.4,,105.7,108.1,Cis man,ANSUR (1988)
108.9,107.6,99.3,88.4,,93.9,107.3,Cis man,ANSUR (1988)
110.1,104.8,97.6,93.6,,97.4,105.7,Cis man,ANSUR (1988)
102.5,98.3,91.4,83.7,,85.8,101.4,Cis man,ANSUR (1988)
110.1,108.4,101.7,98.5,,103.8,108.5,Cis man,ANSUR (1988)
110.4,110.0,101.1,94.7,,97.7,102.5,Cis man,ANSUR (1988)
111.3,108.7,100.7,97.9,,104.2,113.3,Cis man,ANSUR (1988)
101.2,98.1,87.5,81.5,,81.0,95.6,Cis man,ANSUR (1988)
106.1,102.5,91.2,84.0,,86.7,103.2,Cis man,ANSUR (1988)
105.3,100.6,94.4,80.4,,81.2,96.6,Cis man,ANSUR (1988)
92.3,88.6,81.0,69.5,,70.9,87.5,Cis man,ANSUR (1988)
102.9,96.6,91.1,82.8,,82.8,101.4,Cis man,ANSUR (1988)
97.8,95.1,88.9,81.0,,84.5,92.4,Cis man,ANSUR (1988)
111.7,112.3,105.5,97.6,,102.3,107.3,Cis man,ANSUR (1988)
89.9,88.6,85.0,79.1,,81.4,93.6,Cis man,ANSUR (1988)
99.8,96.6,90.6,77.8,,79.6,93.0,Cis man,ANSUR (1988)
111.5,113.1,105.5,98.0,,106.5,112.8,Cis man,ANSUR (1988)
105.1,101.2,90.5,79.8,,81.9,98.4,Cis man,ANSUR (1988)
115.8,113.0,105.6,92.3,,95.2,108.5,Cis man,ANSUR (1988)
104.1,100.5,95.1,85.2,,89.2,106.8,Cis man,ANSUR (1988)
105.7,102.4,96.3,88.5,,88.7,104.5,Cis man,ANSUR (1988)
102.6,98.8,92.1,82.1,,85.2,99.5,Cis man,ANSUR (1988)
96.7,93.7,86.2,75.2,,76.4,89.9,Cis man,ANSUR (1988)
101.5,99.5,92.9,82.0,,85.9,102.2,Cis man,ANSUR (1988)
98.0,95.9,90.7,81.5,,81.6,92.8,Cis man,ANSUR (1988)
100.4,97.5,89.0,82.8,,88.2,101.6,Cis man,ANSUR (1988)
92.0,90.7,84.4,75.1,,73.8,93.6,Cis man,ANSUR (1988)
92.5,89.0,84.3,75.7,,75.8,88.8,Cis man,ANSUR (1988)
98.8,96.9,92.4,87.9,,91.0,102.5,Cis man,ANSUR (1988)
104.7,102.4,96.7,86.0,,86.3,94.9,Cis man,ANSUR (1988)
106.8,102.8,96.7,85.8,,81.8,91.7,Cis man,ANSUR (1988)
96.9,95.2,88.2,83.9,,85.4,97.4,Cis man,ANSUR (1988)
103.2,97.9,93.0,83.5,,83.6,105.3,Cis man,ANSUR (1988)
101.3,100.5,94.7,79.2,,85.7,100.2,Cis man,ANSUR (1988)
114.9,111.6,103.1,93.3,,97.5,112.4,Cis man,ANSUR (1988)
114.4,112.7,107.1,101.7,,108.3,112.9,Cis man,ANSUR (1988)
102.6,98.4,91.2,87.7,,88.3,100.1,Cis man,ANSUR (1988)
103.9,102.4,93.9,85.7,,92.0,100.6,Cis man,ANSUR (1988)
109.0,106.6,99.2,89.1,,88.7,96.1,Cis man,ANSUR (1988)
110.6,108.0,100.3,90.1,,89.6,102.1,Cis man,ANSUR (1988)
104.2,97.8,92.3,79.9,,81.0,99.9,Cis man,ANSUR (1988)
95.8,92.5,87.8,75.6,,77.0,92.3,Cis man,ANSUR (1988)
108.4,102.7,93.4,85.0,,86.4,106.3,Cis man,ANSUR (1988)
99.2,93.9,88.5,77.5,,79.9,94.1,Cis man,ANSUR (1988)
96.3,94.9,90.0,78.9,,80.0,98.4,Cis man,ANSUR (1988)
99.4,95.7,88.4,80.6,,81.1,98.4,Cis man,ANSUR (1988)
103.4,98.1,92.3,75.7,,79.0,90.5,Cis man,ANSUR (1988)
95.4,90.9,85.3,81.1,,83.5,95.6,Cis man,ANSUR (1988)
90.0,87.1,79.6,69.9,,70.0,82.0,Cis man,ANSUR (1988)
109.1,106.4,100.6,85.6,,94.6,102.1,Cis man,ANSUR (1988)
111.4,109.9,101.2,92.2,,95.9,102.3,Cis man,ANSUR (1988)
106.9,104.0,96.6,89.3,,96.5,109.0,Cis man,ANSUR (1988)
107.1,105.4,97.8,88.8,,97.0,111.5,Cis man,ANSUR (1988)
105.4,103.5,97.9,88.8,,92.4,101.8,Cis man,ANSUR (1988)
106.0,100.5,91.7,82.1,,80.7,102.4,Cis man,ANSUR (1988)
88.2,83.3,76.7,73.5,,75.8,88.0,Cis man,ANSUR (1988)
92.7,89.1,83.8,69.9,,70.4,85.8,Cis man,ANSUR (1988)
105.2,102.9,97.4,89.4,,92.6,100.2,Cis man,ANSUR (1988)
102.9,98.7,91.1,83.7,,81.3,97.8,Cis man,ANSUR (1988)
106.4,102.8,95.1,80.9,,79.7,96.6,Cis man,ANSUR (1988)
100.1,97.2,90.8,81.3,,88.2,104.1,Cis man,ANSUR (1988)
108.9,106.4,102.5,93.2,,95.2,100.6,Cis man,ANSUR (1988)
95.3,92.4,84.6,77.8,,79.2,93.1,Cis man,ANSUR (1988)
106.8,103.3,95.9,87.9,,97.4,107.4,Cis man,ANSUR (1988)
92.2,91.4,87.0,77.0,,80.9,91.2,Cis man,ANSUR (1988)
99.6,97.2,92.9,90.2,,93.9,100.4,Cis man,ANSUR (1988)
95.5,94.9,88.8,77.9,,77.3,91.6,Cis man,ANSUR (1988)
101.7,95.8,90.0,84.9,,88.0,98.5,Cis man,ANSUR (1988)
91.0,87.2,81.6,75.6,,75.8,86.2,Cis man,ANSUR (1988)
97.2,93.9,87.6,73.2,,76.2,92.5,Cis man,ANSUR (1988)
106.4,102.3,91.8,81.8,,87.2,105.4,Cis man,ANSUR (1988)
107.2,104.0,99.6,94.2,,93.8,103.3,Cis man,ANSUR (1988)
94.8,91.8,85.7,79.6,,84.1,94.2,Cis man,ANSUR (1988)
93.8,88.3,79.9,72.2,,74.0,91.2,Cis man,ANSUR (1988)
97.3,91.3,82.3,73.8,,73.6,92.2,Cis man,ANSUR (1988)
85.0,80.2,74.9,66.0,,65.4,81.7,Cis man,ANSUR (1988)
94.1,92.0,89.3,77.2,,79.1,92.8,Cis man,ANSUR (1988)
100.0,96.2,92.6,75.3,,77.1,97.6,Cis man,ANSUR (1988)
100.4,99.1,90.9,83.2,,85.3,95.3,Cis man,ANSUR (1988)
93.6,91.9,85.8,80.3,,85.8,94.0,Cis man,ANSUR (1988)
103.5,100.6,92.8,84.6,,91.6,102.7,Cis man,ANSUR (1988)
95.2,91.6,86.3,75.5,,75.8,89.3,Cis man,ANSUR (1988)
93.7,89.8,82.8,72.0,,70.2,86.0,Cis man,ANSUR (1988)
98.5,94.8,86.9,82.0,,78.8,96.4,Cis man,ANSUR (1988)
110.3,107.7,101.1,92.8,,94.0,97.9,Cis man,ANSUR (1988)
93.9,91.9,85.3,82.1,,86.4,95.0,Cis man,ANSUR (1988)
95.4,90.2,84.6,80.8,,85.9,96.7,Cis man,ANSUR (1988)
98.5,93.3,85.0,73.3,,71.3,90.2,Cis man,ANSUR (1988)
97.8,93.7,87.3,81.2,,87.1,94.6,Cis man,ANSUR (1988)
103.2,98.7,93.3,86.5,,91.2,103.4,Cis man,ANSUR (1988)
104.0,100.6,96.5,87.2,,89.5,94.3,Cis man,ANSUR (1988)
99.3,96.9,91.5,84.1,,87.3,98.7,Cis man,ANSUR (1988)
91.0,87.7,84.4,72.3,,74.7,93.5,Cis man,ANSUR (1988)
94.4,91.4,85.8,74.8,,74.9,89.9,Cis man,ANSUR (1988)
107.7,104.5,101.0,92.1,,94.8,102.5,Cis man,ANSUR (1988)
99.2,97.0,90.5,79.3,,85.8,101.5,Cis man,ANSUR (1988)
102.1,98.4,90.5,79.3,,81.2,98.4,Cis man,ANSUR (1988)
113.1,106.3,94.0,82.6,,83.1,99.3,Cis man,ANSUR (1988)
97.1,90.4,83.9,74.4,,76.9,91.3,Cis man,ANSUR (1988)
101.0,95.6,88.3,81.1,,83.5,94.4,Cis man,ANSUR (1988)
103.9,100.1,93.6,87.8,,89.1,99.3,Cis man,ANSUR (1988)
90.6,86.8,79.8,73.0,,72.8,87.7,Cis man,ANSUR (1988)
97.8,94.9,89.6,75.3,,76.0,91.5,Cis man,ANSUR (1988)
94.6,91.0,86.0,74.9,,74.3,89.5,Cis man,ANSUR (1988)
95.8,94.0,86.9,77.9,,77.4,95.3,Cis man,ANSUR (1988)
95.1,92.2,85.6,73.9,,77.0,92.0,Cis man,ANSUR (1988)
111.3,110.4,104.7,94.4,,100.5,106.4,Cis man,ANSUR (1988)
103.5,101.4,96.7,92.6,,96.2,99.0,Cis man,ANSUR (1988)
107.6,102.1,95.2,81.5,,85.0,105.1,Cis man,ANSUR (1988)
104.8,101.8,97.0,88.8,,92.8,95.0,Cis man,ANSUR (1988)
104.4,100.5,92.4,83.5,,84.5,98.7,Cis man,ANSUR (1988)
97.4,91.8,84.9,77.0,,77.9,90.0,Cis man,ANSUR (1988)
104.4,102.0,97.1,91.3,,94.2,105.6,Cis man,ANSUR (1988)
99.5,96.6,89.5,76.4,,80.3,96.6,Cis man,ANSUR (1988)
107.9,104.3,97.8,89.3,,95.2,103.7,Cis man,ANSUR (1988)
103.9,99.2,91.9,82.8,,85.1,100.5,Cis man,ANSUR (1988)
99.4,94.4,88.8,77.4,,79.3,93.6,Cis man,ANSUR (1988)
101.1,98.5,89.4,82.5,,82.5,94.2,Cis man,ANSUR (1988)
101.3,96.5,90.8,82.0,,81.8,95.3,Cis man,ANSUR (1988)
106.4,103.3,95.4,89.1,,89.6,102.9,Cis man,ANSUR (1988)
98.3,94.3,88.4,78.1,,78.6,94.7,Cis man,ANSUR (1988)
91.2,87.7,80.7,70.4,,70.7,84.8,Cis man,ANSUR (1988)
103.8,100.8,94.2,90.7,,96.7,103.6,Cis man,ANSUR (1988)
115.9,114.5,105.9,97.5,,100.3,105.9,Cis man,ANSUR (1988)
106.6,101.2,94.8,87.6,,91.6,100.8,Cis man,ANSUR (1988)
97.8,96.0,90.4,78.5,,78.3,90.8,Cis man,ANSUR (1988)
111.7,109.0,101.2,89.4,,96.1,108.5,Cis man,ANSUR (1988)
108.1,107.6,100.6,92.2,,97.5,107.4,Cis man,ANSUR (1988)
105.9,98.8,89.5,80.6,,82.0,97.5,Cis man,ANSUR (1988)
105.7,101.9,94.4,82.3,,87.2,106.0,Cis man,ANSUR (1988)
99.7,95.1,89.8,82.8,,84.3,91.1,Cis man,ANSUR (1988)
96.8,93.0,86.1,75.7,,78.5,89.7,Cis man,ANSUR (1988)
105.0,105.0,97.0,89.5,,96.5,102.7,Cis man,ANSUR (1988)
96.5,95.3,87.3,81.4,,86.0,91.8,Cis man,ANSUR (1988)
100.3,98.2,90.9,78.7,,86.5,102.7,Cis man,ANSUR (1988)
101.1,99.1,91.9,84.9,,80.2,101.6,Cis man,ANSUR (1988)
109.2,105.9,100.1,92.1,,95.7,104.8,Cis man,ANSUR (1988)
107.2,104.5,97.7,87.0,,96.3,102.5,Cis man,ANSUR (1988)
115.4,111.0,102.6,92.4,,93.6,115.2,Cis man,ANSUR (1988)
109.7,105.7,98.0,86.9,,89.9,98.5,Cis man,ANSUR (1988)
97.0,94.3,90.1,82.2,,85.2,95.0,Cis man,ANSUR (1988)
97.8,93.1,85.4,71.7,,71.4,86.7,Cis man,ANSUR (1988)
104.0,101.4,95.4,79.5,,82.9,99.1,Cis man,ANSUR (1988)
104.1,99.3,90.3,81.6,,83.3,98.2,Cis man,ANSUR (1988)
99.1,94.6,88.4,77.3,,83.1,95.9,Cis man,ANSUR (1988)
106.2,103.5,97.8,86.2,,87.0,102.5,Cis man,ANSUR (1988)
101.5,99.0,91.1,80.8,,85.0,98.2,Cis man,ANSUR (1988)
103.9,98.7,94.8,82.1,,86.2,99.8,Cis man,ANSUR (1988)
99.9,96.2,90.3,79.4,,81.4,95.7,Cis man,ANSUR (1988)
90.6,87.0,80.9,75.1,,73.4,90.2,Cis man,ANSUR (1988)
101.8,97.3,90.4,77.3,,78.8,95.7,Cis man,ANSUR (1988)
103.7,105.7,99.0,91.8,,98.7,104.1,Cis man,ANSUR (1988)
103.1,100.6,95.5,84.3,,88.0,98.2,Cis man,ANSUR (1988)
91.9,87.6,81.4,70.0,,69.8,84.6,Cis man,ANSUR (1988)
108.2,104.2,97.6,89.3,,94.4,100.4,Cis man,ANSUR (1988)
101.7,99.4,92.4,82.4,,88.0,99.4,Cis man,ANSUR (1988)
102.7,100.6,94.3,85.1,,90.2,101.1,Cis man,ANSUR (1988)
99.3,96.3,90.0,77.8,,82.4,96.2,Cis man,ANSUR (1988)
103.2,102.7,91.8,84.5,,84.7,105.2,Cis man,ANSUR (1988)
92.5,90.5,84.1,76.5,,79.0,90.6,Cis man,ANSUR (1988)
104.8,102.8,95.7,86.5,,90.4,99.4,Cis man,ANSUR (1988)
103.2,100.7,95.3,84.8,,86.1,100.6,Cis man,ANSUR (1988)
103.7,100.0,95.5,85.5,,87.3,99.2,Cis man,ANSUR (1988)
104.3,100.8,94.1,86.2,,90.5,103.5,Cis man,ANSUR (1988)
99.6,96.7,90.8,81.8,,80.4,95.5,Cis man,ANSUR (1988)
103.5,102.8,97.1,94.6,,95.2,104.7,Cis man,ANSUR (1988)
99.6,100.7,95.8,82.9,,85.7,97.6,Cis man,ANSUR (1988)
83.8,79.7,75.6,65.3,,68.4,84.6,Cis man,ANSUR (1988)
98.7,96.8,89.4,83.9,,88.3,92.7,Cis man,ANSUR (1988)
113.5,116.3,110.3,99.7,,109.6,112.8,Cis man,ANSUR (1988)
111.8,111.8,106.3,101.4,,103.4,102.4,Cis man,ANSUR (1988)
95.0,93.7,88.4,83.0,,87.7,96.8,Cis man,ANSUR (1988)
108.6,104.3,97.2,87.0,,89.9,100.6,Cis man,ANSUR (1988)
101.5,98.3,92.3,82.3,,84.8,96.0,Cis man,ANSUR (1988)
102.2,101.9,95.5,85.4,,85.1,96.0,Cis man,ANSUR (1988)
101.3,98.0,91.9,82.9,,87.8,106.0,Cis man,ANSUR (1988)
102.7,99.6,93.1,86.1,,90.8,99.2,Cis man,ANSUR (1988)
104.6,100.6,91.8,85.7,,86.6,103.2,Cis man,ANSUR (1988)
102.2,98.5,92.7,82.8,,88.2,99.2,Cis man,ANSUR (1988)
97.5,92.8,87.4,78.7,,79.3,96.4,Cis man,ANSUR (1988)
105.1,100.8,93.6,83.9,,82.4,101.1,Cis man,ANSUR (1988)
103.5,98.8,90.3,79.8,,81.1,95.4,Cis man,ANSUR (1988)
85.7,81.4,75.2,67.0,,68.8,85.1,Cis man,ANSUR (1988)
110.5,107.2,103.5,94.4,,95.3,103.2,Cis man,ANSUR (1988)
103.0,97.2,88.8,79.0,,83.5,96.0,Cis man,ANSUR (1988)
104.7,102.8,97.8,86.8,,92.1,102.7,Cis man,ANSUR (1988)
102.0,98.3,92.2,84.2,,85.5,95.4,Cis man,ANSUR (1988)
102.9,100.5,96.9,91.8,,93.7,98.9,Cis man,ANSUR (1988)
97.4,94.1,89.3,73.2,,75.0,93.3,Cis man,ANSUR (1988)
93.8,89.1,82.2,70.8,,71.1,90.3,Cis man,ANSUR (1988)
102.1,95.0,85.9,76.2,,78.0,92.6,Cis man,ANSUR (1988)
93.8,88.2,82.9,71.4,,71.5,89.4,Cis man,ANSUR (1988)
92.2,88.5,81.1,72.7,,72.2,84.3,Cis man,ANSUR (1988)
103.4,99.6,91.7,83.0,,79.0,100.4,Cis man,ANSUR (1988)
93.2,90.6,84.1,71.9,,74.1,87.8,Cis man,ANSUR (1988)
94.7,89.9,84.0,74.0,,75.2,89.1,Cis man,ANSUR (1988)
100.0,96.8,88.9,78.8,,84.4,95.6,Cis man,ANSUR (1988)
106.9,102.4,95.1,83.2,,87.0,98.0,Cis man,ANSUR (1988)
115.5,113.0,104.4,97.5,,96.8,103.6,Cis man,ANSUR (1988)
101.1,95.6,91.1,85.8,,87.8,99.4,Cis man,ANSUR (1988)
97.3,95.4,89.5,78.5,,80.4,97.3,Cis man,ANSUR (1988)
100.2,96.0,94.1,89.2,,95.3,99.4,Cis man,ANSUR (1988)
106.4,103.9,97.3,86.7,,88.2,98.0,Cis man,ANSUR (1988)
98.1,94.4,86.3,79.9,,82.5,95.6,Cis man,ANSUR (1988)
107.0,104.7,97.6,92.1,,90.9,101.3,Cis man,ANSUR (1988)
99.5,95.4,90.3,79.2,,81.0,93.4,Cis man,ANSUR (1988)
93.4,89.6,83.4,68.6,,69.0,87.2,Cis man,ANSUR (1988)
97.2,94.4,90.4,90.2,,92.6,101.3,Cis man,ANSUR (1988)
104.9,103.0,94.4,83.8,,88.9,100.3,Cis man,ANSUR (1988)
118.8,121.0,112.9,103.3,,102.2,110.4,Cis man,ANSUR (1988)
103.3,98.9,91.4,80.8,,85.5,101.1,Cis man,ANSUR (1988)
105.4,99.5,92.1,85.2,,89.0,108.0,Cis man,ANSUR (1988)
95.1,90.4,83.7,72.9,,75.7,93.1,Cis man,ANSUR (1988)
103.2,99.2,95.6,84.1,,86.8,100.6,Cis man,ANSUR (1988)
101.6,98.5,92.9,82.5,,79.4,91.5,Cis man,ANSUR (1988)
105.7,105.0,98.2,90.3,,97.0,110.2,Cis man,ANSUR (1988)
105.6,104.7,99.6,87.4,,89.9,103.4,Cis man,ANSUR (1988)
112.1,110.8,101.7,93.5,,96.9,114.1,Cis man,ANSUR (1988)
101.7,95.6,88.2,79.9,,82.7,94.3,Cis man,ANSUR (1988)
97.4,92.4,86.2,78.4,,75.4,92.5,Cis man,ANSUR (1988)
114.1,110.9,104.0,96.1,,102.5,108.0,Cis man,ANSUR (1988)
101.9,96.5,91.6,82.4,,84.5,99.5,Cis man,ANSUR (1988)
98.3,94.6,89.5,82.0,,83.1,99.4,Cis man,ANSUR (1988)
110.5,105.8,99.1,89.1,,96.9,113.5,Cis man,ANSUR (1988)
112.1,109.3,99.0,92.9,,94.4,107.5,Cis man,ANSUR (1988)
93.8,91.1,84.3,73.1,,74.3,90.5,Cis man,ANSUR (1988)
98.2,94.0,87.4,79.0,,84.8,104.2,Cis man,ANSUR (1988)
103.2,99.3,92.5,80.5,,86.7,100.0,Cis man,ANSUR (1988)
108.3,101.5,93.2,79.2,,81.0,96.7,Cis man,ANSUR (1988)
105.5,101.3,92.3,86.0,,91.8,101.9,Cis man,ANSUR (1988)
103.4,98.7,94.0,79.7,,82.1,98.4,Cis man,ANSUR (1988)
93.9,93.3,84.0,81.3,,85.6,94.6,Cis man,ANSUR (1988)
96.7,94.3,90.5,89.4,,92.7,101.1,Cis man,ANSUR (1988)
103.4,100.9,95.7,90.7,,97.9,101.8,Cis man,ANSUR (1988)
103.1,99.8,93.8,86.7,,87.7,95.3,Cis man,ANSUR (1988)
96.8,93.9,89.1,79.7,,82.5,91.0,Cis man,ANSUR (1988)
98.9,94.2,87.8,80.1,,81.1,94.6,Cis man,ANSUR (1988)
107.6,103.3,91.4,84.7,,84.2,98.3,Cis man,ANSUR (1988)
98.5,96.1,87.4,75.5,,75.9,89.0,Cis man,ANSUR (1988)
104.6,100.1,93.6,80.3,,82.7,95.1,Cis man,ANSUR (1988)
89.7,86.4,78.7,72.5,,70.7,84.1,Cis man,ANSUR (1988)
95.2,90.4,83.2,74.6,,78.5,91.9,Cis man,ANSUR (1988)
107.0,106.9,100.7,97.7,,105.7,105.1,Cis man,ANSUR (1988)
105.8,100.3,95.2,87.2,,87.1,102.7,Cis man,ANSUR (1988)
97.9,92.2,86.5,74.5,,72.6,91.0,Cis man,ANSUR (1988)
112.3,107.8,100.5,97.7,,100.3,108.7,Cis man,ANSUR (1988)
85.5,81.8,77.0,71.1,,72.2,84.7,Cis man,ANSUR (1988)
95.1,90.9,85.6,80.6,,81.4,98.5,Cis man,ANSUR (1988)
97.2,96.5,92.1,87.1,,89.7,97.0,Cis man,ANSUR (1988)
107.4,104.4,95.1,85.3,,85.3,99.2,Cis man,ANSUR (1988)
109.4,106.6,98.4,92.5,,96.6,106.2,Cis man,ANSUR (1988)
113.8,113.5,107.8,105.0,,105.0,108.0,Cis man,ANSUR (1988)
115.4,114.6,108.3,104.0,,108.2,107.6,Cis man,ANSUR (1988)
106.7,105.1,98.6,89.9,,93.0,106.8,Cis man,ANSUR (1988)
108.8,107.2,99.3,91.1,,97.4,113.8,Cis man,ANSUR (1988)
98.5,93.8,89.0,78.3,,79.9,89.5,Cis man,ANSUR (1988)
95.6,93.3,89.9,75.1,,75.1,90.2,Cis man,ANSUR (1988)
100.2,97.8,91.2,84.3,,91.1,95.6,Cis man,ANSUR (1988)
105.7,101.2,94.4,85.4,,85.2,100.4,Cis man,ANSUR (1988)
108.4,106.1,99.8,89.5,,92.8,104.7,Cis man,ANSUR (1988)
106.3,104.4,99.6,92.9,,96.5,105.0,Cis man,ANSUR (1988)
104.4,101.4,93.5,82.5,,82.8,93.9,Cis man,ANSUR (1988)
93.4,90.6,85.4,76.3,,79.3,88.8,Cis man,ANSUR (1988)
111.9,109.6,100.0,88.0,,92.0,103.5,Cis man,ANSUR (1988)
99.8,95.6,89.3,83.5,,85.9,104.8,Cis man,ANSUR (1988)
106.3,102.0,92.8,77.6,,75.8,96.9,Cis man,ANSUR (1988)
109.2,104.9,93.8,81.0,,79.8,99.9,Cis man,ANSUR (1988)
108.0,104.9,96.2,86.8,,87.1,107.0,Cis man,ANSUR (1988)
103.2,98.9,91.4,83.3,,84.9,104.0,Cis man,ANSUR (1988)
96.3,91.8,83.2,73.4,,74.5,91.4,Cis man,ANSUR (1988)
105.8,98.8,94.0,86.3,,89.6,100.9,Cis man,ANSUR (1988)
109.1,105.5,98.5,91.8,,98.5,107.8,Cis man,ANSUR (1988)
113.5,120.0,107.5,110.3,,118.5,114.7,Cis man,ANSUR (1988)
105.4,105.5,100.1,96.5,,103.2,109.4,Cis man,ANSUR (1988)
107.4,104.7,91.8,83.0,,81.8,101.1,Cis man,ANSUR (1988)
101.4,97.6,91.5,80.9,,82.3,95.6,Cis man,ANSUR (1988)
106.6,101.9,94.7,85.2,,87.0,96.2,Cis man,ANSUR (1988)
103.0,100.4,93.7,83.3,,86.4,100.7,Cis man,ANSUR (1988)
101.0,97.5,93.3,81.3,,80.0,93.8,Cis man,ANSUR (1988)
116.5,111.9,102.7,97.5,,98.7,117.0,Cis man,ANSUR (1988)
106.3,102.7,97.9,87.9,,90.1,104.1,Cis man,ANSUR (1988)
99.3,97.9,90.5,85.6,,89.3,99.2,Cis man,ANSUR (1988)
95.4,92.6,87.0,77.3,,78.4,96.7,Cis man,ANSUR (1988)
100.3,97.0,88.8,80.2,,84.5,97.2,Cis man,ANSUR (1988)
105.0,99.7,94.1,82.6,,85.5,99.3,Cis man,ANSUR (1988)
110.9,106.7,99.2,88.0,,89.3,105.8,Cis man,ANSUR (1988)
108.8,105.0,101.0,95.3,,96.1,95.1,Cis man,ANSUR (1988)
96.2,92.1,87.0,72.4,,73.5,92.8,Cis man,ANSUR (1988)
115.2,115.3,105.9,97.1,,100.3,109.3,Cis man,ANSUR (1988)
98.7,95.3,88.6,81.9,,85.5,98.9,Cis man,ANSUR (1988)
97.3,96.7,92.4,83.6,,86.5,96.4,Cis man,ANSUR (1988)
103.1,100.2,91.3,82.0,,85.3,98.8,Cis man,ANSUR (1988)
94.3,92.4,84.7,71.1,,74.4,92.2,Cis man,ANSUR (1988)
103.7,102.5,96.5,86.4,,86.6,94.0,Cis man,ANSUR (1988)
106.6,107.9,98.3,97.2,,104.4,108.9,Cis man,ANSUR (1988)
103.0,97.6,89.6,78.5,,81.0,95.4,Cis man,ANSUR (1988)
103.0,96.9,91.8,80.3,,82.3,92.3,Cis man,ANSUR (1988)
106.9,106.0,99.9,96.1,,99.9,105.0,Cis man,ANSUR (1988)
114.9,115.5,105.6,95.8,,104.3,114.5,Cis man,ANSUR (1988)
107.4,105.9,96.1,87.1,,91.9,98.4,Cis man,ANSUR (1988)
104.8,102.2,94.0,81.5,,84.4,102.5,Cis man,ANSUR (1988)
104.2,101.6,95.6,78.5,,80.3,99.1,Cis man,ANSUR (1988)
106.4,107.2,101.2,91.7,,97.8,104.9,Cis man,ANSUR (1988)
99.2,95.6,89.3,83.3,,87.2,95.7,Cis man,ANSUR (1988)
100.9,99.3,91.2,83.5,,88.1,105.3,Cis man,ANSUR (1988)
95.0,97.5,93.6,91.2,,96.8,96.7,Cis man,ANSUR (1988)
101.4,96.5,90.1,75.9,,76.5,91.6,Cis man,ANSUR (1988)
99.1,95.4,92.1,88.0,,91.3,97.3,Cis man,ANSUR (1988)
105.2,104.5,99.4,93.9,,99.9,107.1,Cis man,ANSUR (1988)
100.1,96.3,87.5,78.3,,80.4,96.8,Cis man,ANSUR (1988)
91.4,88.9,83.9,77.3,,81.8,94.5,Cis man,ANSUR (1988)
102.1,98.8,92.8,86.1,,92.0,101.8,Cis man,ANSUR (1988)
103.4,99.4,94.6,82.8,,85.1,99.2,Cis man,ANSUR (1988)
99.1,96.6,90.1,81.8,,78.3,95.1,Cis man,ANSUR (1988)
104.7,100.8,95.6,86.0,,89.4,97.0,Cis man,ANSUR (1988)
97.5,94.8,90.5,81.6,,85.5,96.9,Cis man,ANSUR (1988)
106.7,102.2,93.3,85.1,,89.7,101.6,Cis man,ANSUR (1988)
97.5,94.2,88.1,71.9,,75.4,92.2,Cis man,ANSUR (1988)
105.1,99.8,92.3,75.5,,78.0,92.3,Cis man,ANSUR (1988)
107.5,104.4,98.8,90.1,,92.5,100.4,Cis man,ANSUR (1988)
100.3,95.8,89.0,82.0,,84.3,98.5,Cis man,ANSUR (1988)
92.2,87.9,82.4,72.3,,71.4,92.0,Cis man,ANSUR (1988)
95.0,92.7,86.0,70.8,,73.2,89.3,Cis man,ANSUR (1988)
99.3,95.2,89.2,81.3,,80.5,96.3,Cis man,ANSUR (1988)
114.1,111.4,105.4,97.0,,99.2,105.2,Cis man,ANSUR (1988)
99.5,95.2,87.6,78.8,,81.0,97.5,Cis man,ANSUR (1988)
96.3,91.1,83.7,80.5,,81.2,98.4,Cis man,ANSUR (1988)
91.4,87.4,82.8,74.3,,75.6,92.5,Cis man,ANSUR (1988)
96.3,94.9,89.4,79.5,,81.7,90.0,Cis man,ANSUR (1988)
110.1,105.8,94.2,83.8,,83.0,102.9,Cis man,ANSUR (1988)
90.7,91.6,79.6,72.0,,71.9,88.5,Cis man,ANSUR (1988)
107.6,105.4,99.2,91.9,,97.1,103.5,Cis man,ANSUR (1988)
96.0,92.6,86.6,79.5,,75.0,86.1,Cis man,ANSUR (1988)
96.6,91.5,84.3,76.1,,76.7,92.2,Cis man,ANSUR (1988)
103.5,99.3,93.4,82.0,,83.6,93.2,Cis man,ANSUR (1988)
105.2,103.1,98.8,87.4,,89.9,101.9,Cis man,ANSUR (1988)
92.2,85.4,77.0,69.1,,71.3,90.0,Cis man,ANSUR (1988)
104.2,100.6,92.7,86.4,,90.8,104.0,Cis man,ANSUR (1988)
99.5,96.2,88.2,80.9,,79.3,92.5,Cis man,ANSUR (1988)
104.8,100.5,95.1,89.3,,88.5,100.2,Cis man,ANSUR (1988)
105.6,102.9,99.0,88.7,,93.0,100.6,Cis man,ANSUR (1988)
94.6,94.5,86.7,76.3,,75.0,88.8,Cis man,ANSUR (1988)
112.3,109.0,97.3,88.4,,86.5,106.0,Cis man,ANSUR (1988)
100.0,95.7,88.3,78.6,,81.0,93.8,Cis man,ANSUR (1988)
93.8,87.6,81.6,72.0,,74.0,91.3,Cis man,ANSUR (1988)
103.7,101.2,92.1,83.9,,85.3,101.6,Cis man,ANSUR (1988)
114.4,109.6,100.8,93.3,,92.6,105.8,Cis man,ANSUR (1988)
93.7,90.1,84.4,68.9,,70.7,89.2,Cis man,ANSUR (1988)
109.1,104.8,96.3,83.3,,85.0,99.7,Cis man,ANSUR (1988)
106.8,100.3,94.0,85.2,,82.9,100.9,Cis man,ANSUR (1988)
100.6,98.2,92.9,92.8,,94.5,95.5,Cis man,ANSUR (1988)
114.3,111.5,106.9,96.4,,101.9,110.3,Cis man,ANSUR (1988)
106.2,101.7,95.4,89.0,,87.3,102.2,Cis man,ANSUR (1988)
94.6,89.8,84.6,77.6,,82.4,95.9,Cis man,ANSUR (1988)
102.3,102.3,99.0,95.7,,99.3,106.1,Cis man,ANSUR (1988)
103.1,98.8,93.2,79.2,,81.8,101.2,Cis man,ANSUR (1988)
97.2,94.6,89.6,81.0,,82.8,95.8,Cis man,ANSUR (1988)
104.8,105.4,99.3,92.1,,96.8,106.5,Cis man,ANSUR (1988)
113.6,111.6,101.9,95.7,,106.9,116.5,Cis man,ANSUR (1988)
96.0,91.5,85.2,78.3,,81.1,92.1,Cis man,ANSUR (1988)
107.4,103.1,96.4,87.8,,88.7,100.7,Cis man,ANSUR (1988)
101.9,97.8,90.7,83.2,,84.0,98.4,Cis man,ANSUR (1988)
98.6,93.5,87.2,79.1,,81.5,95.6,Cis man,ANSUR (1988)
94.6,89.5,81.9,74.6,,78.4,93.0,Cis man,ANSUR (1988)
100.3,95.3,90.8,82.5,,87.3,99.3,Cis man,ANSUR (1988)
105.9,102.0,96.1,80.4,,79.0,94.8,Cis man,ANSUR (1988)
98.2,96.2,90.3,83.6,,86.6,97.6,Cis man,ANSUR (1988)
105.4,103.5,95.7,92.1,,95.7,105.4,Cis man,ANSUR (1988)
96.1,90.8,85.3,75.4,,77.8,91.3,Cis man,ANSUR (1988)
99.7,95.7,87.4,78.8,,81.6,92.9,Cis man,ANSUR (1988)
109.8,108.7,105.4,100.6,,100.2,107.0,Cis man,ANSUR (1988)
102.4,102.0,95.0,86.3,,86.5,97.0,Cis man,ANSUR (1988)
105.9,105.1,99.2,92.7,,94.6,98.5,Cis man,ANSUR (1988)
96.9,92.9,86.5,83.3,,91.3,101.7,Cis man,ANSUR (1988)
109.2,106.7,99.7,90.7,,92.0,106.3,Cis man,ANSUR (1988)
105.8,101.9,96.8,85.9,,88.3,103.8,Cis man,ANSUR (1988)
90.2,86.0,80.2,72.9,,75.3,91.6,Cis man,ANSUR (1988)
92.6,88.4,82.2,77.6,,78.9,92.0,Cis man,ANSUR (1988)
99.0,97.1,89.0,84.1,,89.3,100.1,Cis man,ANSUR (1988)
99.6,94.8,88.2,78.5,,83.4,90.9,Cis man,ANSUR (1988)
105.6,99.2,92.5,78.8,,77.0,95.0,Cis man,ANSUR (1988)
103.9,100.0,94.6,85.3,,87.3,95.4,Cis man,ANSUR (1988)
98.5,95.4,89.6,86.1,,89.9,98.2,Cis man,ANSUR (1988)
126.9,126.8,121.1,112.2,,113.1,117.5,Cis man,ANSUR (1988)
106.5,101.2,93.4,88.7,,92.9,107.0,Cis man,ANSUR (1988)
91.4,88.7,83.7,77.3,,79.1,92.1,Cis man,ANSUR (1988)
110.0,106.7,100.9,93.3,,101.1,105.7,Cis man,ANSUR (1988)
96.1,92.4,86.2,74.1,,77.2,91.6,Cis man,ANSUR (1988)
108.9,105.3,100.2,91.2,,98.3,107.6,Cis man,ANSUR (1988)
98.4,95.0,89.3,77.3,,79.7,90.9,Cis man,ANSUR (1988)
101.1,96.4,90.9,87.2,,91.6,106.2,Cis man,ANSUR (1988)
103.6,99.2,88.8,85.3,,88.0,101.4,Cis man,ANSUR (1988)
99.7,96.8,91.6,82.2,,84.8,100.0,Cis man,ANSUR (1988)
101.6,98.5,92.9,85.5,,91.8,100.8,Cis man,ANSUR (1988)
105.3,104.7,99.6,90.7,,91.9,98.9,Cis man,ANSUR (1988)
93.5,87.6,81.7,72.8,,72.3,85.5,Cis man,ANSUR (1988)
105.1,100.4,94.6,80.8,,83.2,100.8,Cis man,ANSUR (1988)
88.8,85.5,81.5,73.5,,76.4,92.2,Cis man,ANSUR (1988)
111.4,107.4,102.1,93.3,,97.8,105.7,Cis man,ANSUR (1988)
106.6,103.7,99.6,95.3,,101.9,105.5,Cis man,ANSUR (1988)
86.0,83.6,79.4,71.6,,74.8,87.3,Cis man,ANSUR (1988)
105.4,102.6,97.6,82.5,,86.9,100.6,Cis man,ANSUR (1988)
87.4,84.3,79.5,74.6,,74.4,84.7,Cis man,ANSUR (1988)
108.7,106.7,98.5,93.1,,98.2,105.5,Cis man,ANSUR (1988)
98.6,94.0,88.8,77.4,,76.8,95.8,Cis man,ANSUR (1988)
95.4,92.8,89.1,81.3,,82.7,95.1,Cis man,ANSUR (1988)
103.5,103.8,96.8,89.5,,91.4,97.3,Cis man,ANSUR (1988)
113.3,111.5,106.4,100.9,,102.5,111.1,Cis man,ANSUR (1988)
108.6,101.9,94.7,81.8,,86.2,103.4,Cis man,ANSUR (1988)
110.1,105.6,98.1,82.3,,83.7,102.9,Cis man,ANSUR (1988)
97.4,96.6,90.8,84.2,,84.8,95.8,Cis man,ANSUR (1988)
107.4,105.2,99.3,86.2,,92.8,102.0,Cis man,ANSUR (1988)
96.7,91.9,87.2,82.3,,84.1,90.8,Cis man,ANSUR (1988)
109.2,108.7,100.1,94.3,,99.5,103.9,Cis man,ANSUR (1988)
98.8,94.6,86.3,77.2,,79.7,101.1,Cis man,ANSUR (1988)
100.7,96.6,92.5,89.2,,97.8,106.4,Cis man,ANSUR (1988)
97.8,97.6,91.6,88.9,,93.5,98.7,Cis man,ANSUR (1988)
97.3,91.4,86.9,73.6,,74.8,91.5,Cis man,ANSUR (1988)
101.5,97.7,92.5,85.7,,90.1,99.7,Cis man,ANSUR (1988)
95.8,92.8,84.7,76.8,,80.1,92.5,Cis man,ANSUR (1988)
108.8,104.0,97.2,83.0,,82.9,100.1,Cis man,ANSUR (1988)
102.4,99.9,94.2,84.3,,86.6,100.3,Cis man,ANSUR (1988)
108.6,105.9,94.1,85.0,,82.7,99.9,Cis man,ANSUR (1988)
99.4,93.7,87.8,76.6,,79.7,93.1,Cis man,ANSUR (1988)
105.0,103.3,96.8,84.4,,88.1,97.5,Cis man,ANSUR (1988)
96.0,93.9,86.9,76.2,,82.8,95.2,Cis man,ANSUR (1988)
102.5,100.2,95.0,80.8,,82.8,94.1,Cis man,ANSUR (1988)
101.5,95.9,90.4,82.6,,84.7,90.8,Cis man,ANSUR (1988)
101.9,101.4,96.0,88.0,,89.3,94.5,Cis man,ANSUR (1988)
102.1,96.5,90.2,76.8,,77.3,91.9,Cis man,ANSUR (1988)
103.1,97.9,91.2,77.1,,78.8,93.8,Cis man,ANSUR (1988)
97.7,94.2,88.5,83.4,,84.1,93.4,Cis man,ANSUR (1988)
97.2,95.1,88.2,79.3,,81.0,91.0,Cis man,ANSUR (1988)
94.6,91.6,86.8,79.7,,81.1,93.5,Cis man,ANSUR (1988)
107.6,107.0,102.6,94.0,,99.6,103.7,Cis man,ANSUR (1988)
91.9,91.2,86.7,81.1,,79.9,91.9,Cis man,ANSUR (1988)
98.5,96.1,89.6,83.0,,86.0,97.9,Cis man,ANSUR (1988)
110.1,109.1,102.3,93.5,,94.0,105.7,Cis man,ANSUR (1988)
108.0,104.1,99.5,92.6,,97.4,105.9,Cis man,ANSUR (1988)
109.5,107.0,98.0,85.8,,87.5,101.6,Cis man,ANSUR (1988)
97.4,92.4,82.6,74.9,,73.7,91.5,Cis man,ANSUR (1988)
99.4,96.4,91.5,81.0,,82.3,97.3,Cis man,ANSUR (1988)
104.7,102.0,97.5,85.4,,83.1,94.9,Cis man,ANSUR (1988)
91.2,88.8,81.7,72.0,,75.6,91.1,Cis man,ANSUR (1988)
103.8,99.3,94.8,86.5,,92.8,107.9,Cis man,ANSUR (1988)
100.9,97.2,92.3,85.8,,86.9,96.7,Cis man,ANSUR (1988)
101.8,100.0,94.5,82.6,,85.5,96.8,Cis man,ANSUR (1988)
101.9,96.2,86.7,80.6,,81.6,96.6,Cis man,ANSUR (1988)
104.7,103.4,96.5,85.8,,89.2,98.1,Cis man,ANSUR (1988)
113.6,114.9,108.3,103.5,,109.7,112.0,Cis man,ANSUR (1988)
113.1,112.7,105.3,104.4,,110.0,110.3,Cis man,ANSUR (1988)
106.3,99.7,94.1,84.1,,86.4,98.8,Cis man,ANSUR (1988)
97.9,95.6,90.6,83.3,,85.0,97.4,Cis man,ANSUR (1988)
104.6,101.6,96.3,86.6,,86.4,98.0,Cis man,ANSUR (1988)
114.6,113.0,104.2,92.5,,103.9,110.4,Cis man,ANSUR (1988)
109.8,103.7,96.4,82.4,,83.7,99.9,Cis man,ANSUR (1988)
100.5,97.9,91.0,85.5,,100.8,107.8,Cis man,ANSUR (1988)
106.6,101.0,92.5,80.5,,83.9,100.5,Cis man,ANSUR (1988)
93.9,89.7,84.0,76.3,,77.8,97.6,Cis man,ANSUR (1988)
95.4,93.1,87.7,75.8,,77.6,95.3,Cis man,ANSUR (1988)
107.6,105.6,96.9,93.9,,101.0,105.3,Cis man,ANSUR (1988)
107.2,102.2,94.4,80.2,,82.0,101.7,Cis man,ANSUR (1988)
99.0,95.2,90.1,77.0,,78.0,93.9,Cis man,ANSUR (1988)
94.7,90.0,84.8,74.2,,74.7,89.4,Cis man,ANSUR (1988)
85.6,84.5,80.1,70.1,,71.8,89.0,Cis man,ANSUR (1988)
96.6,93.4,88.0,76.5,,77.4,89.9,Cis man,ANSUR (1988)
101.7,100.6,95.7,82.5,,89.9,107.0,Cis man,ANSUR (1988)
99.1,93.8,88.5,74.6,,76.9,93.2,Cis man,ANSUR (1988)
99.1,94.4,87.2,79.2,,79.5,93.5,Cis man,ANSUR (1988)
95.3,93.3,85.7,73.5,,73.7,91.5,Cis man,ANSUR (1988)
96.7,91.8,84.6,74.5,,76.2,92.5,Cis man,ANSUR (1988)
98.5,94.9,85.7,75.8,,77.0,89.0,Cis man,ANSUR (1988)
96.4,91.7,85.2,74.6,,74.1,90.8,Cis man,ANSUR (1988)
95.3,93.0,87.6,79.5,,81.2,95.9,Cis man,ANSUR (1988)
99.9,95.5,92.3,82.1,,82.7,95.4,Cis man,ANSUR (1988)
99.5,96.4,90.1,80.7,,79.4,96.2,Cis man,ANSUR (1988)
101.3,99.0,93.9,85.7,,89.4,100.0,Cis man,ANSUR (1988)
93.3,88.5,82.5,74.3,,75.8,90.6,Cis man,ANSUR (1988)
100.2,94.3,84.4,76.8,,78.8,95.0,Cis man,ANSUR (1988)
111.5,110.1,103.8,92.3,,92.9,105.6,Cis man,ANSUR (1988)
96.7,94.5,88.6,76.7,,78.8,93.5,Cis man,ANSUR (1988)
,107.4,,,93.3,,97.9,Cis man,ANSUR (2012)
,102.1,,,87.0,,94.4,Cis man,ANSUR (2012)
,112.0,,,96.4,,105.4,Cis man,ANSUR (2012)
,111.4,,,85.7,,99.1,Cis man,ANSUR (2012)
,104.8,,,86.8,,102.9,Cis man,ANSUR (2012)
,106.6,,,95.0,,97.3,Cis man,ANSUR (2012)
,120.8,,,107.3,,113.9,Cis man,ANSUR (2012)
,108.7,,,101.0,,106.8,Cis man,ANSUR (2012)
,118.1,,,106.5,,106.1,Cis man,ANSUR (2012)
,96.4,,,82.4,,91.6,Cis man,ANSUR (2012)
,111.7,,,99.4,,102.7,Cis man,ANSUR (2012)
,96.1,,,86.6,,92.8,Cis man,ANSUR (2012)
,115.1,,,98.6,,108.2,Cis man,ANSUR (2012)
,123.1,,,104.5,,111.2,Cis man,ANSUR (2012)
,106.0,,,100.7,,113.6,Cis man,ANSUR (2012)
,109.2,,,103.3,,100.9,Cis man,ANSUR (2012)
,108.5,,,90.8,,98.5,Cis man,ANSUR (2012)
,111.8,,,102.8,,105.1,Cis man,ANSUR (2012)
,99.9,,,87.4,,97.4,Cis man,ANSUR (2012)
,112.7,,,99.9,,103.5,Cis man,ANSUR (2012)
,100.0,,,83.7,,92.9,Cis man,ANSUR (2012)
,97.7,,,88.0,,101.3,Cis man,ANSUR (2012)
,107.9,,,97.8,,102.9,Cis man,ANSUR (2012)
,101.1,,,82.7,,100.8,Cis man,ANSUR (2012)
,109.8,,,103.0,,105.6,Cis man,ANSUR (2012)
,95.7,,,88.5,,92.3,Cis man,ANSUR (2012)
,115.8,,,113.0,,114.6,Cis man,ANSUR (2012)
,96.4,,,91.2,,99.6,Cis man,ANSUR (2012)
,97.1,,,86.4,,101.6,Cis man,ANSUR (2012)
,105.7,,,96.5,,104.8,Cis man,ANSUR (2012)
,95.7,,,77.7,,91.5,Cis man,ANSUR (2012)
,110.8,,,106.3,,109.2,Cis man,ANSUR (2012)
,94.7,,,87.0,,91.7,Cis man,ANSUR (2012)
,104.3,,,96.6,,104.7,Cis man,ANSUR (2012)
,96.5,,,80.6,,93.1,Cis man,ANSUR (2012)
,117.4,,,109.6,,101.5,Cis man,ANSUR (2012)
,95.1,,,89.5,,94.1,Cis man,ANSUR (2012)
,118.2,,,121.4,,122.1,Cis man,ANSUR (2012)
,98.1,,,79.0,,93.1,Cis man,ANSUR (2012)
,108.6,,,100.2,,103.2,Cis man,ANSUR (2012)
,86.5,,,74.8,,87.2,Cis man,ANSUR (2012)
,120.5,,,104.3,,102.6,Cis man,ANSUR (2012)
,101.3,,,86.4,,99.8,Cis man,ANSUR (2012)
,115.2,,,96.9,,98.8,Cis man,ANSUR (2012)
,109.6,,,109.5,,111.5,Cis man,ANSUR (2012)
,95.7,,,77.0,,90.1,Cis man,ANSUR (2012)
,98.5,,,84.0,,97.3,Cis man,ANSUR (2012)
,106.3,,,102.8,,100.2,Cis man,ANSUR (2012)
,113.7,,,102.1,,106.3,Cis man,ANSUR (2012)
,110.6,,,106.1,,105.1,Cis man,ANSUR (2012)
,116.6,,,113.9,,124.3,Cis man,ANSUR (2012)
,108.1,,,92.2,,100.7,Cis man,ANSUR (2012)
,100.6,,,99.5,,98.1,Cis man,ANSUR (2012)
,115.3,,,104.7,,103.0,Cis man,ANSUR (2012)
,103.7,,,88.5,,95.4,Cis man,ANSUR (2012)
,146.9,,,137.9,,126.5,Cis man,ANSUR (2012)
,90.1,,,75.0,,89.7,Cis man,ANSUR (2012)
,107.1,,,97.0,,106.7,Cis man,ANSUR (2012)
,126.3,,,106.8,,109.9,Cis man,ANSUR (2012)
,114.6,,,101.2,,102.3,Cis man,ANSUR (2012)
,85.8,,,75.4,,87.7,Cis man,ANSUR (2012)
,104.4,,,92.6,,96.8,Cis man,ANSUR (2012)
,90.4,,,82.7,,95.2,Cis man,ANSUR (2012)
,103.3,,,94.0,,103.2,Cis man,ANSUR (2012)
,116.0,,,113.3,,107.4,Cis man,ANSUR (2012)
,97.1,,,84.3,,92.2,Cis man,ANSUR (2012)
,105.0,,,102.1,,102.5,Cis man,ANSUR (2012)
,121.3,,,106.1,,108.7,Cis man,ANSUR (2012)
,94.4,,,78.6,,93.9,Cis man,ANSUR (2012)
,98.9,,,85.5,,95.2,Cis man,ANSUR (2012)
,97.5,,,83.0,,95.6,Cis man,ANSUR (2012)
,93.9,,,74.3,,82.3,Cis man,ANSUR (2012)
,109.1,,,96.7,,99.9,Cis man,ANSUR (2012)
,98.3,,,92.2,,97.6,Cis man,ANSUR (2012)
,112.9,,,112.0,,111.6,Cis man,ANSUR (2012)
,120.5,,,106.0,,107.1,Cis man,ANSUR (2012)
,112.3,,,103.0,,108.1,Cis man,ANSUR (2012)
,112.9,,,97.4,,107.3,Cis man,ANSUR (2012)
,104.8,,,84.4,,104.2,Cis man,ANSUR (2012)
,106.3,,,96.9,,102.2,Cis man,ANSUR (2012)
,109.8,,,101.0,,101.7,Cis man,ANSUR (2012)
,97.2,,,89.2,,97.2,Cis man,ANSUR (2012)
,112.7,,,103.2,,100.6,Cis man,ANSUR (2012)
,96.3,,,85.1,,94.9,Cis man,ANSUR (2012)
,109.8,,,97.9,,98.6,Cis man,ANSUR (2012)
,95.3,,,85.7,,92.6,Cis man,ANSUR (2012)
,102.4,,,97.9,,99.0,Cis man,ANSUR (2012)
,104.3,,,98.4,,107.0,Cis man,ANSUR (2012)
,90.2,,,72.1,,84.7,Cis man,ANSUR (2012)
,100.8,,,88.5,,93.9,Cis man,ANSUR (2012)
,102.7,,,96.1,,105.4,Cis man,ANSUR (2012)
,104.4,,,99.6,,104.6,Cis man,ANSUR (2012)
,91.7,,,83.8,,99.7,Cis man,ANSUR (2012)
,91.7,,,75.2,,88.4,Cis man,ANSUR (2012)
,92.4,,,77.5,,93.1,Cis man,ANSUR (2012)
,99.4,,,80.9,,97.3,Cis man,ANSUR (2012)
,100.1,,,86.2,,99.9,Cis man,ANSUR (2012)
,106.9,,,102.7,,98.8,Cis man,ANSUR (2012)
,99.5,,,79.7,,100.7,Cis man,ANSUR (2012)
,110.4,,,108.2,,111.8,Cis man,ANSUR (2012)
,104.5,,,94.2,,96.5,Cis man,ANSUR (2012)
,101.5,,,87.1,,99.7,Cis man,ANSUR (2012)
,110.9,,,91.2,,108.9,Cis man,ANSUR (2012)
,99.1,,,87.3,,98.3,Cis man,ANSUR (2012)
,84.4,,,78.5,,89.0,Cis man,ANSUR (2012)
,117.6,,,102.3,,105.9,Cis man,ANSUR (2012)
,108.5,,,92.4,,101.8,Cis man,ANSUR (2012)
,108.5,,,100.1,,104.7,Cis man,ANSUR (2012)
,102.1,,,90.1,,98.8,Cis man,ANSUR (2012)
,109.6,,,95.8,,100.3,Cis man,ANSUR (2012)
,106.3,,,97.2,,105.2,Cis man,ANSUR (2012)
,103.0,,,93.9,,106.8,Cis man,ANSUR (2012)
,110.6,,,100.3,,102.2,Cis man,ANSUR (2012)
,116.3,,,113.9,,107.2,Cis man,ANSUR (2012)
,108.9,,,116.2,,115.3,Cis man,ANSUR (2012)
,114.9,,,111.1,,112.4,Cis man,ANSUR (2012)
,104.1,,,90.0,,96.5,Cis man,ANSUR (2012)
,105.6,,,99.8,,99.7,Cis man,ANSUR (2012)
,135.8,,,133.0,,123.4,Cis man,ANSUR (2012)
,102.5,,,89.7,,100.8,Cis man,ANSUR (2012)
,100.0,,,91.1,,93.3,Cis man,ANSUR (2012)
,102.6,,,86.1,,100.3,Cis man,ANSUR (2012)
,98.9,,,92.0,,91.2,Cis man,ANSUR (2012)
,125.1,,,119.2,,117.6,Cis man,ANSUR (2012)
,103.0,,,101.2,,101.3,Cis man,ANSUR (2012)
,97.0,,,84.5,,91.1,Cis man,ANSUR (2012)
,103.5,,,84.3,,98.4,Cis man,ANSUR (2012)
,107.6,,,91.0,,105.4,Cis man,ANSUR (2012)
,103.8,,,87.9,,95.7,Cis man,ANSUR (2012)
,111.3,,,103.1,,107.4,Cis man,ANSUR (2012)
,101.1,,,92.9,,102.8,Cis man,ANSUR (2012)
,102.4,,,99.4,,107.3,Cis man,ANSUR (2012)
,99.7,,,81.5,,96.8,Cis man,ANSUR (2012)
,105.7,,,98.3,,100.1,Cis man,ANSUR (2012)
,108.2,,,100.4,,110.9,Cis man,ANSUR (2012)
,100.2,,,82.5,,96.3,Cis man,ANSUR (2012)
,113.2,,,107.7,,106.2,Cis man,ANSUR (2012)
,112.3,,,95.2,,107.6,Cis man,ANSUR (2012)
,117.5,,,104.7,,111.9,Cis man,ANSUR (2012)
,102.1,,,85.1,,97.9,Cis man,ANSUR (2012)
,111.5,,,92.0,,105.5,Cis man,ANSUR (2012)
,111.2,,,93.4,,104.2,Cis man,ANSUR (2012)
,116.5,,,111.4,,116.3,Cis man,ANSUR (2012)
,105.6,,,96.7,,106.3,Cis man,ANSUR (2012)
,104.8,,,100.7,,104.8,Cis man,ANSUR (2012)
,113.7,,,110.9,,118.0,Cis man,ANSUR (2012)
,104.1,,,82.7,,98.7,Cis man,ANSUR (2012)
,102.7,,,94.7,,107.8,Cis man,ANSUR (2012)
,102.1,,,88.1,,101.6,Cis man,ANSUR (2012)
,100.1,,,83.3,,97.8,Cis man,ANSUR (2012)
,112.6,,,96.3,,105.8,Cis man,ANSUR (2012)
,122.5,,,110.0,,107.8,Cis man,ANSUR (2012)
,107.0,,,85.2,,95.1,Cis man,ANSUR (2012)
,110.2,,,94.1,,112.3,Cis man,ANSUR (2012)
,119.4,,,102.6,,111.8,Cis man,ANSUR (2012)
,109.7,,,97.8,,105.2,Cis man,ANSUR (2012)
,120.8,,,115.0,,114.1,Cis man,ANSUR (2012)
,111.6,,,93.5,,105.6,Cis man,ANSUR (2012)
,99.5,,,92.3,,96.0,Cis man,ANSUR (2012)
,109.2,,,97.3,,103.4,Cis man,ANSUR (2012)
,107.9,,,90.8,,104.6,Cis man,ANSUR (2012)
,117.9,,,111.1,,113.2,Cis man,ANSUR (2012)
,108.4,,,103.1,,107.2,Cis man,ANSUR (2012)
,115.0,,,116.4,,122.3,Cis man,ANSUR (2012)
,109.8,,,100.6,,104.8,Cis man,ANSUR (2012)
,114.2,,,101.8,,109.7,Cis man,ANSUR (2012)
,107.1,,,99.2,,105.2,Cis man,ANSUR (2012)
,102.1,,,90.8,,97.7,Cis man,ANSUR (2012)
,124.1,,,105.3,,108.6,Cis man,ANSUR (2012)
,102.7,,,91.2,,98.0,Cis man,ANSUR (2012)
,116.7,,,104.9,,112.1,Cis man,ANSUR (2012)
,108.2,,,91.7,,100.3,Cis man,ANSUR (2012)
,113.9,,,106.6,,108.3,Cis man,ANSUR (2012)
,94.7,,,84.8,,94.3,Cis man,ANSUR (2012)
,94.8,,,75.9,,91.6,Cis man,ANSUR (2012)
,105.8,,,95.9,,102.5,Cis man,ANSUR (2012)
,110.2,,,97.0,,99.0,Cis man,ANSUR (2012)
,117.9,,,106.8,,106.8,Cis man,ANSUR (2012)
,102.8,,,97.2,,103.6,Cis man,ANSUR (2012)
,104.8,,,99.3,,104.1,Cis man,ANSUR (2012)
,96.9,,,89.8,,96.6,Cis man,ANSUR (2012)
,112.5,,,96.4,,105.3,Cis man,ANSUR (2012)
,104.9,,,88.1,,97.3,Cis man,ANSUR (2012)
,95.7,,,82.1,,94.5,Cis man,ANSUR (2012)
,91.3,,,80.1,,95.0,Cis man,ANSUR (2012)
,99.5,,,84.5,,95.4,Cis man,ANSUR (2012)
,123.7,,,113.4,,118.4,Cis man,ANSUR (2012)
,101.8,,,87.7,,93.5,Cis man,ANSUR (2012)
,105.9,,,95.1,,102.4,Cis man,ANSUR (2012)
,90.7,,,86.7,,91.5,Cis man,ANSUR (2012)
,106.3,,,102.9,,107.4,Cis man,ANSUR (2012)
,101.7,,,87.9,,102.2,Cis man,ANSUR (2012)
,113.0,,,101.5,,108.3,Cis man,ANSUR (2012)
,115.6,,,103.4,,114.3,Cis man,ANSUR (2012)
,97.8,,,84.4,,98.8,Cis man,ANSUR (2012)
,96.3,,,79.7,,94.3,Cis man,ANSUR (2012)
,96.5,,,89.2,,94.8,Cis man,ANSUR (2012)
,95.6,,,86.5,,99.7,Cis man,ANSUR (2012)
,108.0,,,103.1,,100.9,Cis man,ANSUR (2012)
,107.8,,,91.2,,99.8,Cis man,ANSUR (2012)
,115.8,,,108.6,,111.9,Cis man,ANSUR (2012)
,101.3,,,91.4,,96.2,Cis man,ANSUR (2012)
,103.7,,,92.3,,99.4,Cis man,ANSUR (2012)
,103.9,,,91.8,,103.2,Cis man,ANSUR (2012)
,98.5,,,83.1,,100.5,Cis man,ANSUR (2012)
,128.5,,,118.2,,115.3,Cis man,ANSUR (2012)
,108.2,,,105.4,,105.8,Cis man,ANSUR (2012)
,115.7,,,111.8,,113.8,Cis man,ANSUR (2012)
,104.9,,,96.3,,106.6,Cis man,ANSUR (2012)
,106.3,,,87.7,,103.9,Cis man,ANSUR (2012)
,106.1,,,91.2,,101.6,Cis man,ANSUR (2012)
,112.0,,,97.3,,100.2,Cis man,ANSUR (2012)
,91.3,,,81.8,,94.8,Cis man,ANSUR (2012)
,94.1,,,78.3,,91.4,Cis man,ANSUR (2012)
,115.1,,,101.5,,105.3,Cis man,ANSUR (2012)
,81.0,,,69.4,,77.0,Cis man,ANSUR (2012)
,116.3,,,112.1,,113.8,Cis man,ANSUR (2012)
,97.2,,,87.0,,94.9,Cis man,ANSUR (2012)
,109.1,,,101.5,,112.1,Cis man,ANSUR (2012)
,84.6,,,73.8,,84.2,Cis man,ANSUR (2012)
,109.2,,,103.2,,108.3,Cis man,ANSUR (2012)
,107.1,,,97.9,,104.5,Cis man,ANSUR (2012)
,117.2,,,101.7,,106.7,Cis man,ANSUR (2012)
,103.5,,,88.3,,95.1,Cis man,ANSUR (2012)
,120.3,,,106.8,,114.1,Cis man,ANSUR (2012)
,121.2,,,117.9,,118.9,Cis man,ANSUR (2012)
,104.7,,,99.3,,107.8,Cis man,ANSUR (2012)
,97.7,,,88.0,,99.7,Cis man,ANSUR (2012)
,101.4,,,97.7,,103.9,Cis man,ANSUR (2012)
,104.1,,,92.5,,98.5,Cis man,ANSUR (2012)
,108.2,,,101.0,,104.1,Cis man,ANSUR (2012)
,116.6,,,100.4,,105.8,Cis man,ANSUR (2012)
,96.7,,,74.4,,90.4,Cis man,ANSUR (2012)
,117.1,,,104.5,,112.3,Cis man,ANSUR (2012)
,107.8,,,93.6,,104.4,Cis man,ANSUR (2012)
,96.3,,,75.5,,92.7,Cis man,ANSUR (2012)
,110.1,,,99.7,,102.4,Cis man,ANSUR (2012)
,105.3,,,91.3,,96.8,Cis man,ANSUR (2012)
,102.7,,,92.1,,97.8,Cis man,ANSUR (2012)
,97.2,,,89.9,,100.5,Cis man,ANSUR (2012)
,91.5,,,73.4,,90.5,Cis man,ANSUR (2012)
,114.2,,,112.4,,114.2,Cis man,ANSUR (2012)
,108.1,,,97.6,,102.4,Cis man,ANSUR (2012)
,110.8,,,108.4,,111.5,Cis man,ANSUR (2012)
,106.9,,,102.6,,103.7,Cis man,ANSUR (2012)
,114.0,,,107.8,,113.8,Cis man,ANSUR (2012)
,101.8,,,97.2,,103.3,Cis man,ANSUR (2012)
,109.6,,,90.3,,100.3,Cis man,ANSUR (2012)
,112.7,,,92.8,,102.2,Cis man,ANSUR (2012)
,90.7,,,77.9,,87.7,Cis man,ANSUR (2012)
,124.1,,,114.9,,113.9,Cis man,ANSUR (2012)
,109.2,,,99.2,,102.1,Cis man,ANSUR (2012)
,117.8,,,98.9,,104.1,Cis man,ANSUR (2012)
,103.1,,,93.3,,97.3,Cis man,ANSUR (2012)
,87.2,,,74.4,,85.4,Cis man,ANSUR (2012)
,88.4,,,71.4,,82.0,Cis man,ANSUR (2012)
,112.1,,,114.7,,108.8,Cis man,ANSUR (2012)
,106.3,,,97.6,,97.6,Cis man,ANSUR (2012)
,124.2,,,107.7,,106.1,Cis man,ANSUR (2012)
,94.9,,,83.5,,94.2,Cis man,ANSUR (2012)
,95.3,,,79.7,,91.8,Cis man,ANSUR (2012)
,110.6,,,96.9,,105.1,Cis man,ANSUR (2012)
,109.4,,,91.8,,103.3,Cis man,ANSUR (2012)
,95.4,,,77.6,,89.7,Cis man,ANSUR (2012)
,124.2,,,112.4,,106.8,Cis man,ANSUR (2012)
,116.6,,,114.6,,115.2,Cis man,ANSUR (2012)
,90.4,,,79.7,,89.8,Cis man,ANSUR (2012)
,107.1,,,103.2,,111.5,Cis man,ANSUR (2012)
,118.2,,,100.5,,106.7,Cis man,ANSUR (2012)
,105.2,,,92.1,,107.9,Cis man,ANSUR (2012)
,116.2,,,113.2,,112.4,Cis man,ANSUR (2012)
,106.9,,,98.8,,107.4,Cis man,ANSUR (2012)
,95.7,,,79.7,,95.1,Cis man,ANSUR (2012)
,102.0,,,89.7,,94.3,Cis man,ANSUR (2012)
,119.8,,,114.5,,111.9,Cis man,ANSUR (2012)
,107.9,,,100.3,,97.4,Cis man,ANSUR (2012)
,117.2,,,117.5,,118.2,Cis man,ANSUR (2012)
,100.8,,,98.7,,100.9,Cis man,ANSUR (2012)
,116.8,,,104.3,,101.9,Cis man,ANSUR (2012)
,102.7,,,84.2,,97.6,Cis man,ANSUR (2012)
,106.8,,,91.5,,93.9,Cis man,ANSUR (2012)
,113.9,,,107.6,,117.9,Cis man,ANSUR (2012)
,107.6,,,96.8,,111.6,Cis man,ANSUR (2012)
,104.5,,,82.2,,91.2,Cis man,ANSUR (2012)
,123.1,,,110.8,,106.3,Cis man,ANSUR (2012)
,91.3,,,71.9,,84.1,Cis man,ANSUR (2012)
,96.0,,,86.9,,94.5,Cis man,ANSUR (2012)
,104.3,,,93.1,,103.2,Cis man,ANSUR (2012)
,108.9,,,93.9,,102.2,Cis man,ANSUR (2012)
,101.9,,,88.4,,102.5,Cis man,ANSUR (2012)
,109.7,,,91.2,,94.4,Cis man,ANSUR (2012)
,96.3,,,81.2,,88.0,Cis man,ANSUR (2012)
,107.4,,,95.7,,101.9,Cis man,ANSUR (2012)
,106.9,,,100.8,,108.4,Cis man,ANSUR (2012)
,116.8,,,112.1,,106.5,Cis man,ANSUR (2012)
,108.7,,,94.6,,104.5,Cis man,ANSUR (2012)
,117.3,,,102.9,,108.2,Cis man,ANSUR (2012)
,100.2,,,91.3,,102.3,Cis man,ANSUR (2012)
,102.2,,,82.8,,93.4,Cis man,ANSUR (2012)
,107.6,,,97.2,,103.1,Cis man,ANSUR (2012)
,82.0,,,69.4,,80.2,Cis man,ANSUR (2012)
,103.0,,,87.2,,99.1,Cis man,ANSUR (2012)
,113.1,,,101.0,,110.4,Cis man,ANSUR (2012)
,118.3,,,114.1,,123.4,Cis man,ANSUR (2012)
,99.9,,,90.8,,102.2,Cis man,ANSUR (2012)
,111.5,,,109.1,,113.5,Cis man,ANSUR (2012)
,107.2,,,94.8,,101.5,Cis man,ANSUR (2012)
,106.3,,,94.4,,103.9,Cis man,ANSUR (2012)
,109.9,,,101.2,,106.4,Cis man,ANSUR (2012)
,104.3,,,89.3,,103.9,Cis man,ANSUR (2012)
,111.3,,,99.2,,107.0,Cis man,ANSUR (2012)
,112.1,,,93.9,,105.4,Cis man,ANSUR (2012)
,101.5,,,91.2,,100.3,Cis man,ANSUR (2012)
,101.1,,,94.2,,103.6,Cis man,ANSUR (2012)
,105.8,,,84.8,,94.7,Cis man,ANSUR (2012)
,103.4,,,87.7,,102.2,Cis man,ANSUR (2012)
,113.8,,,108.6,,109.5,Cis man,ANSUR (2012)
,93.7,,,90.2,,93.4,Cis man,ANSUR (2012)
,95.3,,,82.6,,92.9,Cis man,ANSUR (2012)
,97.6,,,81.5,,86.7,Cis man,ANSUR (2012)
,100.8,,,91.9,,94.2,Cis man,ANSUR (2012)
,89.3,,,76.6,,94.3,Cis man,ANSUR (2012)
,102.4,,,97.8,,99.4,Cis man,ANSUR (2012)
,102.9,,,89.2,,99.3,Cis man,ANSUR (2012)
,106.6,,,90.4,,99.4,Cis man,ANSUR (2012)
,101.1,,,95.2,,102.7,Cis man,ANSUR (2012)
,98.8,,,91.1,,99.1,Cis man,ANSUR (2012)
,106.8,,,90.3,,105.5,Cis man,ANSUR (2012)
,106.5,,,90.4,,104.4,Cis man,ANSUR (2012)
,96.2,,,90.8,,102.0,Cis man,ANSUR (2012)
,109.4,,,95.8,,103.5,Cis man,ANSUR (2012)
,122.8,,,110.4,,121.3,Cis man,ANSUR (2012)
,97.9,,,89.1,,97.5,Cis man,ANSUR (2012)
,109.4,,,110.6,,112.2,Cis man,ANSUR (2012)
,120.1,,,112.0,,107.9,Cis man,ANSUR (2012)
,105.4,,,99.5,,105.3,Cis man,ANSUR (2012)
,108.0,,,92.2,,90.7,Cis man,ANSUR (2012)
,112.3,,,106.0,,108.5,Cis man,ANSUR (2012)
,110.6,,,104.5,,111.5,Cis man,ANSUR (2012)
,93.7,,,82.3,,96.7,Cis man,ANSUR (2012)
,96.2,,,88.4,,96.7,Cis man,ANSUR (2012)
,99.2,,,86.5,,100.1,Cis man,ANSUR (2012)
,99.8,,,81.7,,95.6,Cis man,ANSUR (2012)
,105.6,,,95.2,,102.6,Cis man,ANSUR (2012)
,113.1,,,95.8,,106.6,Cis man,ANSUR (2012)
,96.9,,,74.7,,99.2,Cis man,ANSUR (2012)
,100.0,,,88.4,,101.4,Cis man,ANSUR (2012)
,114.5,,,95.3,,104.5,Cis man,ANSUR (2012)
,111.8,,,92.9,,97.7,Cis man,ANSUR (2012)
,102.0,,,91.3,,96.8,Cis man,ANSUR (2012)
,95.3,,,85.2,,93.2,Cis man,ANSUR (2012)
,94.6,,,80.3,,94.2,Cis man,ANSUR (2012)
,132.4,,,125.1,,121.7,Cis man,ANSUR (2012)
,108.8,,,97.7,,108.3,Cis man,ANSUR (2012)
,120.0,,,114.9,,111.7,Cis man,ANSUR (2012)
,112.4,,,97.6,,104.2,Cis man,ANSUR (2012)
,106.7,,,91.3,,98.9,Cis man,ANSUR (2012)
,105.3,,,95.8,,106.0,Cis man,ANSUR (2012)
,99.9,,,91.7,,98.8,Cis man,ANSUR (2012)
,98.7,,,93.0,,99.2,Cis man,ANSUR (2012)
,99.8,,,89.6,,95.3,Cis man,ANSUR (2012)
,102.7,,,84.7,,101.1,Cis man,ANSUR (2012)
,91.5,,,77.6,,86.4,Cis man,ANSUR (2012)
,104.3,,,91.7,,97.3,Cis man,ANSUR (2012)
,110.5,,,99.6,,105.6,Cis man,ANSUR (2012)
,120.9,,,104.6,,108.4,Cis man,ANSUR (2012)
,109.8,,,98.9,,107.5,Cis man,ANSUR (2012)
,115.6,,,110.5,,110.7,Cis man,ANSUR (2012)
,93.3,,,78.5,,90.8,Cis man,ANSUR (2012)
,110.9,,,95.5,,109.4,Cis man,ANSUR (2012)
,120.2,,,104.3,,118.0,Cis man,ANSUR (2012)
,112.1,,,97.8,,103.6,Cis man,ANSUR (2012)
,99.0,,,80.3,,98.5,Cis man,ANSUR (2012)
,125.6,,,115.7,,115.7,Cis man,ANSUR (2012)
,104.2,,,90.0,,105.0,Cis man,ANSUR (2012)
,92.5,,,75.7,,92.6,Cis man,ANSUR (2012)
,92.9,,,81.0,,96.3,Cis man,ANSUR (2012)
,102.6,,,80.9,,94.4,Cis man,ANSUR (2012)
,99.6,,,78.8,,92.4,Cis man,ANSUR (2012)
,114.6,,,106.7,,114.9,Cis man,ANSUR (2012)
,107.1,,,99.9,,105.2,Cis man,ANSUR (2012)
,121.9,,,119.6,,126.1,Cis man,ANSUR (2012)
,109.9,,,95.2,,99.8,Cis man,ANSUR (2012)
,99.8,,,79.9,,93.7,Cis man,ANSUR (2012)
,95.7,,,78.9,,93.5,Cis man,ANSUR (2012)
,120.2,,,109.5,,114.7,Cis man,ANSUR (2012)
,116.4,,,102.9,,107.0,Cis man,ANSUR (2012)
,92.2,,,77.2,,92.7,Cis man,ANSUR (2012)
,109.6,,,101.7,,105.7,Cis man,ANSUR (2012)
,113.7,,,102.3,,106.7,Cis man,ANSUR (2012)
,99.4,,,81.7,,95.2,Cis man,ANSUR (2012)
,101.6,,,87.7,,98.9,Cis man,ANSUR (2012)
,100.5,,,92.6,,103.3,Cis man,ANSUR (2012)
,115.0,,,114.9,,113.3,Cis man,ANSUR (2012)
,112.4,,,103.0,,109.1,Cis man,ANSUR (2012)
,109.3,,,87.0,,100.4,Cis man,ANSUR (2012)
,101.8,,,88.4,,98.6,Cis man,ANSUR (2012)
,102.0,,,95.5,,98.8,Cis man,ANSUR (2012)
,113.8,,,104.2,,104.9,Cis man,ANSUR (2012)
,101.2,,,92.4,,97.2,Cis man,ANSUR (2012)
,102.3,,,94.4,,102.6,Cis man,ANSUR (2012)
,91.1,,,75.9,,86.5,Cis man,ANSUR (2012)
,103.7,,,89.7,,93.7,Cis man,ANSUR (2012)
,100.6,,,85.2,,94.4,Cis man,ANSUR (2012)
,109.2,,,100.1,,98.9,Cis man,ANSUR (2012)
,97.2,,,89.7,,96.8,Cis man,ANSUR (2012)
,109.5,,,95.1,,109.9,Cis man,ANSUR (2012)
,123.3,,,109.3,,112.0,Cis man,ANSUR (2012)
,103.3,,,93.1,,98.1,Cis man,ANSUR (2012)
,107.8,,,93.8,,104.2,Cis man,ANSUR (2012)
,107.1,,,88.4,,98.9,Cis man,ANSUR (2012)
,102.9,,,94.8,,104.4,Cis man,ANSUR (2012)
,114.5,,,107.8,,109.7,Cis man,ANSUR (2012)
,113.2,,,103.4,,106.9,Cis man,ANSUR (2012)
,103.5,,,96.9,,110.0,Cis man,ANSUR (2012)
,87.2,,,74.7,,87.8,Cis man,ANSUR (2012)
,100.3,,,87.8,,100.5,Cis man,ANSUR (2012)
,107.7,,,87.2,,96.4,Cis man,ANSUR (2012)
,111.0,,,105.4,,109.0,Cis man,ANSUR (2012)
,103.1,,,91.4,,98.8,Cis man,ANSUR (2012)
,111.7,,,101.2,,103.5,Cis man,ANSUR (2012)
,115.3,,,105.9,,102.7,Cis man,ANSUR (2012)
,109.7,,,104.6,,112.2,Cis man,ANSUR (2012)
,107.8,,,104.2,,101.7,Cis man,ANSUR (2012)
,114.2,,,104.7,,105.4,Cis man,ANSUR (2012)
,114.3,,,103.0,,100.5,Cis man,ANSUR (2012)
,94.6,,,83.5,,91.8,Cis man,ANSUR (2012)
,104.6,,,97.5,,103.3,Cis man,ANSUR (2012)
,102.7,,,91.1,,101.8,Cis man,ANSUR (2012)
,100.6,,,94.5,,96.1,Cis man,ANSUR (2012)
,113.9,,,103.6,,103.3,Cis man,ANSUR (2012)
,97.6,,,78.0,,97.9,Cis man,ANSUR (2012)
,100.4,,,90.9,,96.1,Cis man,ANSUR (2012)
,103.3,,,92.9,,102.6,Cis man,ANSUR (2012)
,90.2,,,72.3,,88.5,Cis man,ANSUR (2012)
,96.7,,,80.9,,94.3,Cis man,ANSUR (2012)
,96.8,,,76.9,,91.4,Cis man,ANSUR (2012)
,102.1,,,95.5,,101.4,Cis man,ANSUR (2012)
,99.0,,,79.9,,98.6,Cis man,ANSUR (2012)
,106.1,,,93.3,,103.3,Cis man,ANSUR (2012)
,94.1,,,80.8,,94.2,Cis man,ANSUR (2012)
,124.0,,,107.0,,109.3,Cis man,ANSUR (2012)
,94.2,,,75.3,,95.2,Cis man,ANSUR (2012)
,95.8,,,80.3,,94.1,Cis man,ANSUR (2012)
,99.8,,,86.3,,93.0,Cis man,ANSUR (2012)
,109.3,,,87.8,,99.3,Cis man,ANSUR (2012)
,107.3,,,85.0,,100.3,Cis man,ANSUR (2012)
,91.5,,,81.5,,96.8,Cis man,ANSUR (2012)
,111.5,,,88.4,,108.9,Cis man,ANSUR (2012)
,93.4,,,82.6,,95.8,Cis man,ANSUR (2012)
,101.6,,,97.5,,98.7,Cis man,ANSUR (2012)
,101.8,,,86.5,,100.3,Cis man,ANSUR (2012)
,102.9,,,89.5,,98.6,Cis man,ANSUR (2012)
,98.6,,,84.8,,100.2,Cis man,ANSUR (2012)
,93.3,,,80.4,,95.8,Cis man,ANSUR (2012)
,101.0,,,91.8,,104.7,Cis man,ANSUR (2012)
,108.6,,,106.0,,109.7,Cis man,ANSUR (2012)
,114.4,,,107.5,,117.5,Cis man,ANSUR (2012)
,106.7,,,100.9,,106.8,Cis man,ANSUR (2012)
,109.8,,,102.2,,108.1,Cis man,ANSUR (2012)
,116.3,,,99.9,,106.3,Cis man,ANSUR (2012)
,105.7,,,93.2,,100.4,Cis man,ANSUR (2012)
,91.7,,,74.1,,88.7,Cis man,ANSUR (2012)
,99.6,,,87.9,,100.8,Cis man,ANSUR (2012)
,94.2,,,80.1,,93.6,Cis man,ANSUR (2012)
,103.4,,,97.3,,102.2,Cis man,ANSUR (2012)
,102.1,,,88.0,,97.2,Cis man,ANSUR (2012)
,109.3,,,102.9,,105.7,Cis man,ANSUR (2012)
,119.1,,,100.4,,101.8,Cis man,ANSUR (2012)
,100.7,,,86.5,,97.9,Cis man,ANSUR (2012)
,103.4,,,99.0,,103.7,Cis man,ANSUR (2012)
,106.8,,,98.8,,106.2,Cis man,ANSUR (2012)
,132.7,,,118.3,,115.6,Cis man,ANSUR (2012)
,100.0,,,82.0,,93.6,Cis man,ANSUR (2012)
,111.9,,,80.6,,96.1,Cis man,ANSUR (2012)
,100.2,,,84.4,,94.4,Cis man,ANSUR (2012)
,99.2,,,91.7,,102.1,Cis man,ANSUR (2012)
,87.5,,,72.5,,86.7,Cis man,ANSUR (2012)
,99.3,,,83.9,,94.4,Cis man,ANSUR (2012)
,105.1,,,98.6,,102.7,Cis man,ANSUR (2012)
,98.7,,,85.5,,96.6,Cis man,ANSUR (2012)
,101.8,,,87.7,,91.1,Cis man,ANSUR (2012)
,107.0,,,96.9,,95.3,Cis man,ANSUR (2012)
,104.4,,,93.0,,105.7,Cis man,ANSUR (2012)
,105.2,,,99.6,,105.1,Cis man,ANSUR (2012)
,106.7,,,92.3,,96.3,Cis man,ANSUR (2012)
,104.8,,,87.2,,100.8,Cis man,ANSUR (2012)
,100.7,,,85.8,,96.4,Cis man,ANSUR (2012)
,112.2,,,94.7,,105.8,Cis man,ANSUR (2012)
,121.3,,,108.1,,110.4,Cis man,ANSUR (2012)
,94.6,,,79.3,,94.3,Cis man,ANSUR (2012)
,114.4,,,100.2,,102.8,Cis man,ANSUR (2012)
,111.3,,,101.2,,104.9,Cis man,ANSUR (2012)
,109.7,,,97.0,,102.1,Cis man,ANSUR (2012)
,111.4,,,99.9,,109.6,Cis man,ANSUR (2012)
,94.2,,,77.9,,89.9,Cis man,ANSUR (2012)
,96.4,,,71.5,,87.7,Cis man,ANSUR (2012)
,98.3,,,86.5,,94.6,Cis man,ANSUR (2012)
,112.4,,,102.6,,110.2,Cis man,ANSUR (2012)
,105.7,,,99.0,,102.6,Cis man,ANSUR (2012)
,125.4,,,113.0,,112.0,Cis man,ANSUR (2012)
,103.4,,,97.5,,108.2,Cis man,ANSUR (2012)
,110.0,,,95.3,,106.0,Cis man,ANSUR (2012)
,97.8,,,83.0,,95.4,Cis man,ANSUR (2012)
,107.1,,,91.7,,96.3,Cis man,ANSUR (2012)
,106.4,,,95.0,,102.2,Cis man,ANSUR (2012)
,100.5,,,88.0,,98.6,Cis man,ANSUR (2012)
,89.4,,,71.5,,88.1,Cis man,ANSUR (2012)
,105.8,,,89.1,,101.7,Cis man,ANSUR (2012)
,99.8,,,84.8,,95.5,Cis man,ANSUR (2012)
,89.3,,,76.7,,90.1,Cis man,ANSUR (2012)
,101.2,,,86.0,,95.2,Cis man,ANSUR (2012)
,109.9,,,106.9,,114.0,Cis man,ANSUR (2012)
,112.5,,,97.1,,103.1,Cis man,ANSUR (2012)
,108.0,,,98.1,,105.5,Cis man,ANSUR (2012)
,112.2,,,94.9,,98.4,Cis man,ANSUR (2012)
,107.9,,,105.5,,102.2,Cis man,ANSUR (2012)
,111.5,,,98.0,,101.7,Cis man,ANSUR (2012)
,113.7,,,100.9,,107.3,Cis man,ANSUR (2012)
,114.4,,,101.8,,106.7,Cis man,ANSUR (2012)
,100.8,,,94.7,,95.8,Cis man,ANSUR (2012)
,100.2,,,89.9,,92.8,Cis man,ANSUR (2012)
,98.6,,,80.5,,99.1,Cis man,ANSUR (2012)
,127.2,,,118.9,,117.8,Cis man,ANSUR (2012)
,112.8,,,112.7,,106.8,Cis man,ANSUR (2012)
,109.7,,,95.1,,101.8,Cis man,ANSUR (2012)
,108.7,,,100.3,,104.7,Cis man,ANSUR (2012)
,108.1,,,94.6,,103.2,Cis man,ANSUR (2012)
,103.6,,,86.4,,98.0,Cis man,ANSUR (2012)
,107.4,,,93.9,,100.1,Cis man,ANSUR (2012)
,117.4,,,105.1,,111.8,Cis man,ANSUR (2012)
,115.3,,,101.0,,103.6,Cis man,ANSUR (2012)
,113.3,,,94.7,,103.9,Cis man,ANSUR (2012)
,100.3,,,78.4,,92.9,Cis man,ANSUR (2012)
,111.4,,,100.7,,107.6,Cis man,ANSUR (2012)
,104.4,,,87.3,,98.9,Cis man,ANSUR (2012)
,110.6,,,105.6,,116.8,Cis man,ANSUR (2012)
,101.1,,,91.8,,98.8,Cis man,ANSUR (2012)
,111.6,,,103.1,,110.8,Cis man,ANSUR (2012)
,100.3,,,86.7,,100.3,Cis man,ANSUR (2012)
,111.6,,,91.9,,104.1,Cis man,ANSUR (2012)
,120.0,,,99.7,,107.7,Cis man,ANSUR (2012)
,109.0,,,107.0,,111.0,Cis man,ANSUR (2012)
,93.4,,,79.7,,88.1,Cis man,ANSUR (2012)
,108.3,,,93.8,,102.4,Cis man,ANSUR (2012)
,105.4,,,84.5,,97.3,Cis man,ANSUR (2012)
,106.8,,,94.5,,109.3,Cis man,ANSUR (2012)
,100.3,,,97.7,,107.3,Cis man,ANSUR (2012)
,93.2,,,75.3,,88.0,Cis man,ANSUR (2012)
,107.1,,,100.2,,105.7,Cis man,ANSUR (2012)
,110.7,,,100.0,,103.8,Cis man,ANSUR (2012)
,102.8,,,88.1,,103.4,Cis man,ANSUR (2012)
,102.4,,,90.7,,107.0,Cis man,ANSUR (2012)
,96.8,,,80.0,,90.5,Cis man,ANSUR (2012)
,116.1,,,103.9,,108.0,Cis man,ANSUR (2012)
,99.9,,,81.6,,92.6,Cis man,ANSUR (2012)
,102.8,,,89.7,,101.0,Cis man,ANSUR (2012)
,98.6,,,81.5,,94.1,Cis man,ANSUR (2012)
,105.9,,,96.1,,101.2,Cis man,ANSUR (2012)
,112.1,,,102.2,,105.3,Cis man,ANSUR (2012)
,110.5,,,100.0,,104.8,Cis man,ANSUR (2012)
,107.3,,,102.5,,108.9,Cis man,ANSUR (2012)
,115.4,,,100.7,,109.3,Cis man,ANSUR (2012)
,94.1,,,77.7,,88.4,Cis man,ANSUR (2012)
,91.4,,,84.5,,98.6,Cis man,ANSUR (2012)
,94.7,,,79.9,,94.7,Cis man,ANSUR (2012)
,118.0,,,109.8,,107.9,Cis man,ANSUR (2012)
,104.3,,,95.6,,106.2,Cis man,ANSUR (2012)
,119.9,,,113.4,,119.1,Cis man,ANSUR (2012)
,99.6,,,92.6,,108.3,Cis man,ANSUR (2012)
,101.0,,,81.5,,94.8,Cis man,ANSUR (2012)
,91.4,,,78.9,,92.1,Cis man,ANSUR (2012)
,98.1,,,81.1,,88.4,Cis man,ANSUR (2012)
,105.7,,,95.8,,107.1,Cis man,ANSUR (2012)
,110.6,,,99.6,,106.6,Cis man,ANSUR (2012)
,105.5,,,98.3,,101.8,Cis man,ANSUR (2012)
,99.3,,,80.3,,99.9,Cis man,ANSUR (2012)
,114.0,,,103.8,,115.6,Cis man,ANSUR (2012)
,117.2,,,107.8,,115.5,Cis man,ANSUR (2012)
,115.8,,,103.5,,103.5,Cis man,ANSUR (2012)
,108.4,,,99.9,,103.5,Cis man,ANSUR (2012)
,109.4,,,102.0,,105.2,Cis man,ANSUR (2012)
,115.0,,,108.8,,115.3,Cis man,ANSUR (2012)
,112.2,,,101.4,,107.1,Cis man,ANSUR (2012)
,103.8,,,83.6,,100.1,Cis man,ANSUR (2012)
,115.3,,,108.0,,109.1,Cis man,ANSUR (2012)
,106.7,,,100.6,,102.1,Cis man,ANSUR (2012)
,94.7,,,77.9,,89.2,Cis man,ANSUR (2012)
,104.9,,,95.0,,107.3,Cis man,ANSUR (2012)
,104.3,,,92.5,,106.1,Cis man,ANSUR (2012)
,123.2,,,121.4,,112.8,Cis man,ANSUR (2012)
,95.6,,,80.1,,99.1,Cis man,ANSUR (2012)
,107.6,,,97.2,,107.3,Cis man,ANSUR (2012)
,94.7,,,77.2,,94.0,Cis man,ANSUR (2012)
,109.6,,,98.8,,113.2,Cis man,ANSUR (2012)
,108.9,,,97.6,,103.8,Cis man,ANSUR (2012)
,108.3,,,98.3,,107.2,Cis man,ANSUR (2012)
,101.0,,,85.9,,102.8,Cis man,ANSUR (2012)
,113.9,,,106.3,,108.8,Cis man,ANSUR (2012)
,107.9,,,103.1,,101.4,Cis man,ANSUR (2012)
,117.4,,,105.1,,107.1,Cis man,ANSUR (2012)
,89.9,,,74.8,,87.7,Cis man,ANSUR (2012)
,120.3,,,113.6,,114.8,Cis man,ANSUR (2012)
,100.9,,,77.5,,95.2,Cis man,ANSUR (2012)
,96.1,,,74.0,,87.4,Cis man,ANSUR (2012)
,107.7,,,91.5,,99.9,Cis man,ANSUR (2012)
,116.3,,,105.1,,109.9,Cis man,ANSUR (2012)
,117.9,,,120.7,,114.6,Cis man,ANSUR (2012)
,101.6,,,80.2,,96.8,Cis man,ANSUR (2012)
,116.3,,,111.6,,103.2,Cis man,ANSUR (2012)
,105.3,,,104.2,,101.5,Cis man,ANSUR (2012)
,105.0,,,91.8,,96.8,Cis man,ANSUR (2012)
,110.5,,,112.4,,110.1,Cis man,ANSUR (2012)
,99.7,,,91.2,,103.8,Cis man,ANSUR (2012)
,110.3,,,107.2,,107.6,Cis man,ANSUR (2012)
,109.8,,,104.2,,109.3,Cis man,ANSUR (2012)
,91.2,,,75.6,,89.6,Cis man,ANSUR (2012)
,118.1,,,100.3,,105.4,Cis man,ANSUR (2012)
,103.1,,,88.6,,97.2,Cis man,ANSUR (2012)
,106.7,,,91.1,,96.2,Cis man,ANSUR (2012)
,96.8,,,81.5,,92.2,Cis man,ANSUR (2012)
,103.3,,,89.1,,99.4,Cis man,ANSUR (2012)
,90.9,,,76.5,,90.1,Cis man,ANSUR (2012)
,111.1,,,104.1,,101.8,Cis man,ANSUR (2012)
,110.6,,,105.4,,104.4,Cis man,ANSUR (2012)
,118.3,,,115.2,,112.8,Cis man,ANSUR (2012)
,120.8,,,110.7,,115.3,Cis man,ANSUR (2012)
,101.0,,,90.8,,99.6,Cis man,ANSUR (2012)
,114.7,,,101.8,,101.6,Cis man,ANSUR (2012)
,113.5,,,99.5,,107.0,Cis man,ANSUR (2012)
,130.9,,,135.8,,111.3,Cis man,ANSUR (2012)
,117.7,,,106.7,,108.6,Cis man,ANSUR (2012)
,98.1,,,84.5,,96.3,Cis man,ANSUR (2012)
,109.7,,,93.4,,104.6,Cis man,ANSUR (2012)
,101.6,,,90.1,,100.9,Cis man,ANSUR (2012)
,110.0,,,109.1,,110.4,Cis man,ANSUR (2012)
,122.7,,,110.0,,113.7,Cis man,ANSUR (2012)
,115.6,,,101.3,,105.7,Cis man,ANSUR (2012)
,101.9,,,89.5,,103.2,Cis man,ANSUR (2012)
,113.1,,,97.2,,103.1,Cis man,ANSUR (2012)
,95.7,,,93.2,,97.6,Cis man,ANSUR (2012)
,117.4,,,105.0,,108.7,Cis man,ANSUR (2012)
,112.1,,,104.7,,106.3,Cis man,ANSUR (2012)
,106.0,,,97.5,,110.4,Cis man,ANSUR (2012)
,110.2,,,96.9,,104.2,Cis man,ANSUR (2012)
,103.3,,,99.9,,103.9,Cis man,ANSUR (2012)
,107.5,,,100.2,,107.6,Cis man,ANSUR (2012)
,113.1,,,107.1,,114.0,Cis man,ANSUR (2012)
,106.8,,,89.0,,98.1,Cis man,ANSUR (2012)
,114.8,,,107.1,,109.0,Cis man,ANSUR (2012)
,109.9,,,105.6,,106.4,Cis man,ANSUR (2012)
,110.7,,,102.1,,101.6,Cis man,ANSUR (2012)
,117.6,,,110.4,,105.8,Cis man,ANSUR (2012)
,106.2,,,96.2,,102.1,Cis man,ANSUR (2012)
,103.6,,,88.6,,97.5,Cis man,ANSUR (2012)
,110.0,,,100.0,,104.5,Cis man,ANSUR (2012)
,109.2,,,101.3,,104.7,Cis man,ANSUR (2012)
,115.8,,,111.2,,114.3,Cis man,ANSUR (2012)
,93.9,,,82.6,,92.9,Cis man,ANSUR (2012)
,114.2,,,104.9,,112.9,Cis man,ANSUR (2012)
,105.0,,,97.0,,101.2,Cis man,ANSUR (2012)
,97.3,,,82.0,,95.1,Cis man,ANSUR (2012)
,92.7,,,77.8,,90.0,Cis man,ANSUR (2012)
,125.7,,,116.5,,119.9,Cis man,ANSUR (2012)
,107.5,,,96.0,,98.9,Cis man,ANSUR (2012)
,101.0,,,88.3,,99.8,Cis man,ANSUR (2012)
,102.9,,,88.8,,98.0,Cis man,ANSUR (2012)
,106.3,,,88.2,,95.5,Cis man,ANSUR (2012)
,95.3,,,87.5,,103.0,Cis man,ANSUR (2012)
,100.8,,,82.1,,93.9,Cis man,ANSUR (2012)
,103.6,,,90.2,,102.6,Cis man,ANSUR (2012)
,101.8,,,95.4,,102.4,Cis man,ANSUR (2012)
,104.7,,,96.3,,107.8,Cis man,ANSUR (2012)
,104.8,,,94.3,,98.1,Cis man,ANSUR (2012)
,103.4,,,85.1,,99.8,Cis man,ANSUR (2012)
,101.1,,,90.7,,101.3,Cis man,ANSUR (2012)
,110.6,,,99.2,,111.7,Cis man,ANSUR (2012)
,95.1,,,76.7,,89.3,Cis man,ANSUR (2012)
,96.4,,,83.5,,94.8,Cis man,ANSUR (2012)
,101.1,,,85.1,,93.8,Cis man,ANSUR (2012)
,96.7,,,86.4,,96.1,Cis man,ANSUR (2012)
,98.8,,,88.7,,100.9,Cis man,ANSUR (2012)
,127.7,,,128.7,,123.7,Cis man,ANSUR (2012)
,112.0,,,112.4,,107.8,Cis man,ANSUR (2012)
,99.7,,,84.6,,94.1,Cis man,ANSUR (2012)
,87.2,,,81.3,,90.5,Cis man,ANSUR (2012)
,110.8,,,107.0,,105.0,Cis man,ANSUR (2012)
,95.3,,,73.5,,88.7,Cis man,ANSUR (2012)
,108.6,,,101.5,,111.8,Cis man,ANSUR (2012)
,109.0,,,89.5,,97.3,Cis man,ANSUR (2012)
,103.8,,,93.2,,103.0,Cis man,ANSUR (2012)
,94.2,,,76.2,,86.8,Cis man,ANSUR (2012)
,102.2,,,88.4,,95.3,Cis man,ANSUR (2012)
,121.3,,,107.0,,111.3,Cis man,ANSUR (2012)
,92.2,,,73.9,,95.7,Cis man,ANSUR (2012)
,97.7,,,83.6,,96.5,Cis man,ANSUR (2012)
,116.8,,,108.0,,108.1,Cis man,ANSUR (2012)
,94.8,,,81.6,,96.0,Cis man,ANSUR (2012)
,100.7,,,90.4,,100.9,Cis man,ANSUR (2012)
,97.7,,,75.6,,84.5,Cis man,ANSUR (2012)
,99.0,,,80.8,,94.9,Cis man,ANSUR (2012)
,97.5,,,84.5,,93.5,Cis man,ANSUR (2012)
,116.1,,,107.5,,116.3,Cis man,ANSUR (2012)
,93.0,,,85.3,,94.6,Cis man,ANSUR (2012)
,121.3,,,107.3,,109.6,Cis man,ANSUR (2012)
,106.1,,,101.8,,101.2,Cis man,ANSUR (2012)
,100.8,,,84.6,,101.1,Cis man,ANSUR (2012)
,101.5,,,85.6,,93.1,Cis man,ANSUR (2012)
,100.4,,,88.3,,98.6,Cis man,ANSUR (2012)
,94.4,,,88.9,,94.6,Cis man,ANSUR (2012)
,108.3,,,98.5,,108.6,Cis man,ANSUR (2012)
,120.1,,,108.6,,108.5,Cis man,ANSUR (2012)
,106.4,,,89.3,,102.6,Cis man,ANSUR (2012)
,101.1,,,91.1,,100.4,Cis man,ANSUR (2012)
,109.5,,,92.9,,107.9,Cis man,ANSUR (2012)
,96.4,,,77.0,,88.4,Cis man,ANSUR (2012)
,95.3,,,75.1,,84.8,Cis man,ANSUR (2012)
,105.2,,,97.0,,106.4,Cis man,ANSUR (2012)
,107.0,,,98.5,,96.9,Cis man,ANSUR (2012)
,104.1,,,95.8,,103.1,Cis man,ANSUR (2012)
,101.3,,,84.6,,99.3,Cis man,ANSUR (2012)
,108.8,,,95.2,,97.7,Cis man,ANSUR (2012)
,96.8,,,77.5,,88.5,Cis man,ANSUR (2012)
,130.1,,,116.8,,115.4,Cis man,ANSUR (2012)
,100.9,,,91.5,,95.8,Cis man,ANSUR (2012)
,102.3,,,91.3,,97.4,Cis man,ANSUR (2012)
,113.6,,,102.1,,105.4,Cis man,ANSUR (2012)
,114.7,,,99.5,,97.5,Cis man,ANSUR (2012)
,103.7,,,101.6,,105.4,Cis man,ANSUR (2012)
,113.1,,,102.7,,107.4,Cis man,ANSUR (2012)
,119.2,,,108.0,,109.9,Cis man,ANSUR (2012)
,111.1,,,95.8,,102.0,Cis man,ANSUR (2012)
,111.7,,,102.8,,107.2,Cis man,ANSUR (2012)
,115.3,,,109.7,,107.1,Cis man,ANSUR (2012)
,109.3,,,91.4,,99.5,Cis man,ANSUR (2012)
,106.3,,,103.2,,106.4,Cis man,ANSUR (2012)
,111.2,,,104.0,,105.1,Cis man,ANSUR (2012)
,115.0,,,98.4,,103.1,Cis man,ANSUR (2012)
,115.8,,,96.7,,100.7,Cis man,ANSUR (2012)
,115.8,,,102.4,,106.8,Cis man,ANSUR (2012)
,107.3,,,100.4,,103.2,Cis man,ANSUR (2012)
,108.4,,,90.8,,98.1,Cis man,ANSUR (2012)
,101.0,,,87.4,,95.3,Cis man,ANSUR (2012)
,106.9,,,90.1,,96.7,Cis man,ANSUR (2012)
,105.6,,,92.4,,99.3,Cis man,ANSUR (2012)
,121.7,,,110.0,,115.8,Cis man,ANSUR (2012)
,113.3,,,98.3,,103.1,Cis man,ANSUR (2012)
,113.5,,,99.5,,106.2,Cis man,ANSUR (2012)
,118.4,,,107.4,,104.6,Cis man,ANSUR (2012)
,118.6,,,109.1,,108.5,Cis man,ANSUR (2012)
,106.7,,,97.0,,100.2,Cis man,ANSUR (2012)
,112.1,,,101.5,,109.1,Cis man,ANSUR (2012)
,111.4,,,93.4,,101.3,Cis man,ANSUR (2012)
,110.5,,,96.0,,102.3,Cis man,ANSUR (2012)
,102.8,,,91.0,,95.7,Cis man,ANSUR (2012)
,115.8,,,112.1,,105.2,Cis man,ANSUR (2012)
,109.7,,,98.6,,103.7,Cis man,ANSUR (2012)
,111.5,,,97.4,,106.3,Cis man,ANSUR (2012)
,112.0,,,103.6,,105.8,Cis man,ANSUR (2012)
,99.0,,,88.7,,95.4,Cis man,ANSUR (2012)
,102.5,,,96.0,,99.3,Cis man,ANSUR (2012)
,119.1,,,102.1,,115.8,Cis man,ANSUR (2012)
,105.4,,,92.5,,100.3,Cis man,ANSUR (2012)
,116.5,,,104.8,,104.8,Cis man,ANSUR (2012)
,108.0,,,97.2,,101.1,Cis man,ANSUR (2012)
,101.0,,,90.9,,100.3,Cis man,ANSUR (2012)
,108.9,,,91.7,,103.0,Cis man,ANSUR (2012)
,98.3,,,87.4,,101.1,Cis man,ANSUR (2012)
,106.8,,,97.2,,96.5,Cis man,ANSUR (2012)
,106.7,,,95.5,,100.3,Cis man,ANSUR (2012)
,109.2,,,91.4,,97.7,Cis man,ANSUR (2012)
,109.9,,,99.6,,114.1,Cis man,ANSUR (2012)
,100.3,,,86.8,,94.6,Cis man,ANSUR (2012)
,99.1,,,85.5,,101.0,Cis man,ANSUR (2012)
,113.7,,,102.3,,105.8,Cis man,ANSUR (2012)
,105.8,,,94.7,,103.1,Cis man,ANSUR (2012)
,115.2,,,101.7,,105.9,Cis man,ANSUR (2012)
,106.7,,,99.1,,99.4,Cis man,ANSUR (2012)
,118.1,,,97.5,,106.4,Cis man,ANSUR (2012)
,98.8,,,93.9,,95.2,Cis man,ANSUR (2012)
,111.3,,,99.3,,107.3,Cis man,ANSUR (2012)
,110.3,,,96.3,,98.0,Cis man,ANSUR (2012)
,116.0,,,97.5,,102.3,Cis man,ANSUR (2012)
,106.9,,,95.5,,97.6,Cis man,ANSUR (2012)
,112.2,,,100.6,,103.2,Cis man,ANSUR (2012)
,122.4,,,113.3,,116.3,Cis man,ANSUR (2012)
,108.6,,,99.3,,106.8,Cis man,ANSUR (2012)
,121.7,,,108.3,,107.7,Cis man,ANSUR (2012)
,123.3,,,112.6,,107.3,Cis man,ANSUR (2012)
,112.1,,,102.7,,100.8,Cis man,ANSUR (2012)
,105.0,,,82.8,,97.4,Cis man,ANSUR (2012)
,115.7,,,97.4,,112.7,Cis man,ANSUR (2012)
,115.1,,,106.9,,106.7,Cis man,ANSUR (2012)
,109.7,,,98.1,,100.7,Cis man,ANSUR (2012)
,113.7,,,103.8,,105.9,Cis man,ANSUR (2012)
,109.0,,,101.6,,94.1,Cis man,ANSUR (2012)
,118.4,,,109.8,,110.0,Cis man,ANSUR (2012)
,104.8,,,93.4,,107.7,Cis man,ANSUR (2012)
,114.3,,,107.0,,104.9,Cis man,ANSUR (2012)
,106.1,,,100.1,,108.2,Cis man,ANSUR (2012)
,116.1,,,107.2,,111.2,Cis man,ANSUR (2012)
,115.3,,,96.2,,106.2,Cis man,ANSUR (2012)
,108.7,,,99.1,,106.7,Cis man,ANSUR (2012)
,102.0,,,93.3,,97.5,Cis man,ANSUR (2012)
,103.7,,,99.9,,107.7,Cis man,ANSUR (2012)
,111.3,,,102.8,,105.7,Cis man,ANSUR (2012)
,106.4,,,92.7,,103.6,Cis man,ANSUR (2012)
,109.3,,,101.2,,103.9,Cis man,ANSUR (2012)
,110.2,,,101.0,,101.4,Cis man,ANSUR (2012)
,110.9,,,102.2,,105.3,Cis man,ANSUR (2012)
,110.6,,,89.1,,98.8,Cis man,ANSUR (2012)
,108.6,,,90.4,,105.0,Cis man,ANSUR (2012)
,106.3,,,92.2,,106.8,Cis man,ANSUR (2012)
,112.9,,,103.9,,109.1,Cis man,ANSUR (2012)
,103.7,,,92.7,,101.3,Cis man,ANSUR (2012)
,120.7,,,113.0,,108.7,Cis man,ANSUR (2012)
,107.3,,,99.9,,104.2,Cis man,ANSUR (2012)
,113.6,,,92.0,,101.0,Cis man,ANSUR (2012)
,104.2,,,94.4,,96.1,Cis man,ANSUR (2012)
,112.5,,,103.8,,115.6,Cis man,ANSUR (2012)
,104.7,,,94.8,,100.8,Cis man,ANSUR (2012)
,115.0,,,106.0,,110.3,Cis man,ANSUR (2012)
,104.8,,,93.3,,104.4,Cis man,ANSUR (2012)
,114.6,,,98.5,,103.1,Cis man,ANSUR (2012)
,109.0,,,89.5,,96.5,Cis man,ANSUR (2012)
,119.6,,,113.0,,115.7,Cis man,ANSUR (2012)
,107.8,,,93.1,,106.4,Cis man,ANSUR (2012)
,101.2,,,91.9,,97.3,Cis man,ANSUR (2012)
,112.7,,,102.5,,106.9,Cis man,ANSUR (2012)
,99.0,,,90.3,,100.2,Cis man,ANSUR (2012)
,95.6,,,90.9,,94.9,Cis man,ANSUR (2012)
,105.3,,,96.1,,101.1,Cis man,ANSUR (2012)
,105.9,,,98.3,,103.5,Cis man,ANSUR (2012)
,110.3,,,102.7,,106.7,Cis man,ANSUR (2012)
,107.7,,,102.2,,107.4,Cis man,ANSUR (2012)
,111.7,,,96.2,,106.2,Cis man,ANSUR (2012)
,118.3,,,108.2,,106.4,Cis man,ANSUR (2012)
,104.9,,,97.0,,104.4,Cis man,ANSUR (2012)
,114.7,,,106.5,,106.4,Cis man,ANSUR (2012)
,105.9,,,89.6,,105.2,Cis man,ANSUR (2012)
,113.0,,,98.4,,99.8,Cis man,ANSUR (2012)
,119.3,,,108.2,,111.7,Cis man,ANSUR (2012)
,97.7,,,82.7,,89.8,Cis man,ANSUR (2012)
,107.2,,,91.3,,101.2,Cis man,ANSUR (2012)
,109.8,,,101.0,,109.2,Cis man,ANSUR (2012)
,95.1,,,81.6,,95.3,Cis man,ANSUR (2012)
,102.7,,,94.4,,95.8,Cis man,ANSUR (2012)
,109.0,,,101.1,,104.7,Cis man,ANSUR (2012)
,116.3,,,105.8,,110.3,Cis man,ANSUR (2012)
,104.5,,,95.4,,105.1,Cis man,ANSUR (2012)
,105.6,,,98.5,,99.6,Cis man,ANSUR (2012)
,107.8,,,95.4,,103.8,Cis man,ANSUR (2012)
,102.2,,,93.5,,99.5,Cis man,ANSUR (2012)
,116.5,,,114.3,,109.3,Cis man,ANSUR (2012)
,104.0,,,97.0,,99.7,Cis man,ANSUR (2012)
,114.2,,,106.8,,110.2,Cis man,ANSUR (2012)
,122.6,,,104.4,,110.6,Cis man,ANSUR (2012)
,112.6,,,104.4,,110.5,Cis man,ANSUR (2012)
,104.4,,,88.8,,97.2,Cis man,ANSUR (2012)
,109.4,,,89.3,,101.2,Cis man,ANSUR (2012)
,111.8,,,94.8,,100.1,Cis man,ANSUR (2012)
,102.6,,,95.2,,105.2,Cis man,ANSUR (2012)
,106.0,,,92.4,,101.8,Cis man,ANSUR (2012)
,108.4,,,99.2,,99.4,Cis man,ANSUR (2012)
,109.9,,,99.4,,101.2,Cis man,ANSUR (2012)
,105.4,,,99.1,,100.5,Cis man,ANSUR (2012)
,107.0,,,92.8,,104.7,Cis man,ANSUR (2012)
,110.1,,,97.7,,107.1,Cis man,ANSUR (2012)
,110.3,,,105.2,,108.8,Cis man,ANSUR (2012)
,100.9,,,92.1,,105.2,Cis man,ANSUR (2012)
,101.5,,,88.9,,101.6,Cis man,ANSUR (2012)
,111.7,,,102.0,,103.0,Cis man,ANSUR (2012)
,103.3,,,93.1,,96.8,Cis man,ANSUR (2012)
,120.6,,,113.8,,107.3,Cis man,ANSUR (2012)
,111.3,,,106.3,,108.1,Cis man,ANSUR (2012)
,106.9,,,93.2,,96.8,Cis man,ANSUR (2012)
,104.8,,,97.2,,103.6,Cis man,ANSUR (2012)
,103.8,,,94.1,,100.6,Cis man,ANSUR (2012)
,112.5,,,100.1,,102.0,Cis man,ANSUR (2012)
,102.8,,,90.5,,100.3,Cis man,ANSUR (2012)
,114.0,,,107.9,,105.1,Cis man,ANSUR (2012)
,104.3,,,90.0,,102.2,Cis man,ANSUR (2012)
,102.2,,,96.1,,100.2,Cis man,ANSUR (2012)
,107.7,,,91.5,,98.9,Cis man,ANSUR (2012)
,87.9,,,72.0,,88.0,Cis man,ANSUR (2012)
,117.8,,,106.0,,110.3,Cis man,ANSUR (2012)
,107.6,,,98.0,,106.9,Cis man,ANSUR (2012)
,111.4,,,95.8,,102.5,Cis man,ANSUR (2012)
,114.3,,,105.4,,102.6,Cis man,ANSUR (2012)
,105.7,,,91.4,,97.3,Cis man,ANSUR (2012)
,114.9,,,102.1,,108.7,Cis man,ANSUR (2012)
,97.8,,,86.1,,99.1,Cis man,ANSUR (2012)
,107.6,,,104.6,,98.4,Cis man,ANSUR (2012)
,108.9,,,98.1,,102.8,Cis man,ANSUR (2012)
,116.0,,,105.0,,106.2,Cis man,ANSUR (2012)
,101.2,,,94.7,,97.5,Cis man,ANSUR (2012)
,96.1,,,93.0,,95.3,Cis man,ANSUR (2012)
,118.6,,,109.4,,112.4,Cis man,ANSUR (2012)
,113.7,,,109.9,,109.2,Cis man,ANSUR (2012)
,99.9,,,90.8,,98.4,Cis man,ANSUR (2012)
,102.7,,,95.2,,99.3,Cis man,ANSUR (2012)
,107.6,,,92.2,,99.8,Cis man,ANSUR (2012)
,99.7,,,96.6,,94.8,Cis man,ANSUR (2012)
,100.7,,,82.3,,94.3,Cis man,ANSUR (2012)
,100.3,,,92.0,,100.0,Cis man,ANSUR (2012)
,102.7,,,95.6,,97.4,Cis man,ANSUR (2012)
,114.3,,,105.1,,111.3,Cis man,ANSUR (2012)
,100.9,,,87.8,,95.0,Cis man,ANSUR (2012)
,105.2,,,97.6,,102.4,Cis man,ANSUR (2012)
,127.2,,,101.3,,101.2,Cis man,ANSUR (2012)
,109.4,,,96.9,,106.5,Cis man,ANSUR (2012)
,113.4,,,99.6,,103.7,Cis man,ANSUR (2012)
,113.5,,,104.1,,103.2,Cis man,ANSUR (2012)
,98.3,,,83.8,,97.2,Cis man,ANSUR (2012)
,107.3,,,94.7,,98.2,Cis man,ANSUR (2012)
,112.5,,,104.3,,103.3,Cis man,ANSUR (2012)
,102.1,,,85.1,,96.8,Cis man,ANSUR (2012)
,104.2,,,100.4,,105.3,Cis man,ANSUR (2012)
,114.8,,,104.3,,112.2,Cis man,ANSUR (2012)
,109.2,,,98.2,,104.0,Cis man,ANSUR (2012)
,92.2,,,84.0,,89.8,Cis man,ANSUR (2012)
,89.9,,,82.7,,93.1,Cis man,ANSUR (2012)
,108.7,,,95.1,,101.3,Cis man,ANSUR (2012)
,116.6,,,104.7,,105.8,Cis man,ANSUR (2012)
,104.7,,,100.1,,104.5,Cis man,ANSUR (2012)
,114.8,,,108.6,,113.1,Cis man,ANSUR (2012)
,105.1,,,105.9,,104.9,Cis man,ANSUR (2012)
,113.2,,,97.8,,107.0,Cis man,ANSUR (2012)
,106.9,,,95.7,,108.0,Cis man,ANSUR (2012)
,90.7,,,77.3,,94.2,Cis man,ANSUR (2012)
,116.3,,,93.6,,101.2,Cis man,ANSUR (2012)
,124.3,,,111.2,,112.4,Cis man,ANSUR (2012)
,107.4,,,94.1,,99.2,Cis man,ANSUR (2012)
,99.3,,,86.7,,101.0,Cis man,ANSUR (2012)
,94.0,,,76.6,,89.4,Cis man,ANSUR (2012)
,102.4,,,94.6,,99.8,Cis man,ANSUR (2012)
,115.1,,,95.1,,100.3,Cis man,ANSUR (2012)
,113.3,,,93.0,,97.2,Cis man,ANSUR (2012)
,101.7,,,82.2,,92.5,Cis man,ANSUR (2012)
,102.7,,,90.8,,98.9,Cis man,ANSUR (2012)
,121.9,,,108.2,,112.6,Cis man,ANSUR (2012)
,104.3,,,89.8,,100.0,Cis man,ANSUR (2012)
,104.2,,,90.9,,104.4,Cis man,ANSUR (2012)
,105.1,,,101.0,,103.3,Cis man,ANSUR (2012)
,100.9,,,86.0,,95.3,Cis man,ANSUR (2012)
,107.2,,,93.8,,96.3,Cis man,ANSUR (2012)
,101.1,,,87.5,,96.1,Cis man,ANSUR (2012)
,102.3,,,83.6,,98.5,Cis man,ANSUR (2012)
,115.2,,,115.5,,112.8,Cis man,ANSUR (2012)
,103.6,,,100.7,,102.1,Cis man,ANSUR (2012)
,87.2,,,77.8,,90.6,Cis man,ANSUR (2012)
,116.7,,,112.9,,109.6,Cis man,ANSUR (2012)
,99.5,,,88.0,,100.9,Cis man,ANSUR (2012)
,116.8,,,103.4,,109.9,Cis man,ANSUR (2012)
,121.3,,,103.6,,110.4,Cis man,ANSUR (2012)
,94.9,,,81.5,,94.8,Cis man,ANSUR (2012)
,115.7,,,100.8,,111.4,Cis man,ANSUR (2012)
,103.5,,,92.4,,99.7,Cis man,ANSUR (2012)
,103.7,,,93.9,,101.1,Cis man,ANSUR (2012)
,109.9,,,103.0,,101.6,Cis man,ANSUR (2012)
,103.8,,,90.9,,99.1,Cis man,ANSUR (2012)
,106.6,,,99.5,,110.7,Cis man,ANSUR (2012)
,104.8,,,87.6,,96.0,Cis man,ANSUR (2012)
,100.3,,,93.3,,101.0,Cis man,ANSUR (2012)
,113.7,,,110.5,,115.7,Cis man,ANSUR (2012)
,114.2,,,99.7,,100.3,Cis man,ANSUR (2012)
,104.6,,,95.5,,102.8,Cis man,ANSUR (2012)
,106.7,,,102.6,,104.2,Cis man,ANSUR (2012)
,109.6,,,95.8,,95.8,Cis man,ANSUR (2012)
,116.7,,,111.5,,114.0,Cis man,ANSUR (2012)
,102.6,,,83.8,,99.9,Cis man,ANSUR (2012)
,96.4,,,80.1,,89.7,Cis man,ANSUR (2012)
,131.7,,,126.3,,125.6,Cis man,ANSUR (2012)
,113.6,,,100.8,,106.2,Cis man,ANSUR (2012)
,96.7,,,85.5,,98.9,Cis man,ANSUR (2012)
,101.5,,,94.3,,100.1,Cis man,ANSUR (2012)
,124.2,,,121.1,,120.1,Cis man,ANSUR (2012)
,121.4,,,113.9,,119.1,Cis man,ANSUR (2012)
,116.8,,,111.9,,111.4,Cis man,ANSUR (2012)
,92.8,,,81.8,,94.8,Cis man,ANSUR (2012)
,114.4,,,102.2,,102.6,Cis man,ANSUR (2012)
,97.6,,,79.3,,93.6,Cis man,ANSUR (2012)
,89.0,,,77.7,,93.4,Cis man,ANSUR (2012)
,107.2,,,96.7,,103.5,Cis man,ANSUR (2012)
,100.8,,,83.0,,94.3,Cis man,ANSUR (2012)
,107.2,,,102.7,,106.8,Cis man,ANSUR (2012)
,93.7,,,82.1,,94.3,Cis man,ANSUR (2012)
,110.6,,,115.0,,111.3,Cis man,ANSUR (2012)
,120.1,,,120.6,,113.3,Cis man,ANSUR (2012)
,105.2,,,89.8,,100.6,Cis man,ANSUR (2012)
,92.2,,,76.1,,87.9,Cis man,ANSUR (2012)
,116.4,,,115.9,,116.2,Cis man,ANSUR (2012)
,97.9,,,89.8,,95.8,Cis man,ANSUR (2012)
,129.9,,,115.9,,125.5,Cis man,ANSUR (2012)
,85.5,,,70.9,,84.1,Cis man,ANSUR (2012)
,112.1,,,100.5,,103.8,Cis man,ANSUR (2012)
,100.2,,,87.6,,101.8,Cis man,ANSUR (2012)
,121.3,,,104.2,,110.9,Cis man,ANSUR (2012)
,110.0,,,102.2,,105.7,Cis man,ANSUR (2012)
,104.7,,,93.4,,98.1,Cis man,ANSUR (2012)
,110.6,,,91.7,,100.2,Cis man,ANSUR (2012)
,95.2,,,80.0,,90.3,Cis man,ANSUR (2012)
,104.5,,,97.2,,101.2,Cis man,ANSUR (2012)
,99.6,,,85.9,,98.2,Cis man,ANSUR (2012)
,107.7,,,97.7,,105.4,Cis man,ANSUR (2012)
,112.9,,,99.3,,104.3,Cis man,ANSUR (2012)
,115.4,,,104.8,,112.8,Cis man,ANSUR (2012)
,99.3,,,84.1,,90.7,Cis man,ANSUR (2012)
,121.9,,,103.4,,105.8,Cis man,ANSUR (2012)
,100.6,,,94.2,,98.7,Cis man,ANSUR (2012)
,111.6,,,87.2,,98.3,Cis man,ANSUR (2012)
,96.2,,,80.8,,92.9,Cis man,ANSUR (2012)
,114.5,,,104.7,,108.3,Cis man,ANSUR (2012)
,118.9,,,112.4,,110.8,Cis man,ANSUR (2012)
,93.1,,,85.6,,97.4,Cis man,ANSUR (2012)
,114.3,,,110.6,,113.3,Cis man,ANSUR (2012)
,110.8,,,94.5,,106.2,Cis man,ANSUR (2012)
,113.3,,,103.7,,107.3,Cis man,ANSUR (2012)
,101.5,,,88.9,,97.3,Cis man,ANSUR (2012)
,99.1,,,93.1,,103.8,Cis man,ANSUR (2012)
,112.1,,,102.3,,109.1,Cis man,ANSUR (2012)
,115.3,,,118.4,,119.2,Cis man,ANSUR (2012)
,106.2,,,87.6,,101.6,Cis man,ANSUR (2012)
,105.3,,,83.5,,104.7,Cis man,ANSUR (2012)
,106.9,,,99.0,,112.8,Cis man,ANSUR (2012)
,109.8,,,100.9,,111.7,Cis man,ANSUR (2012)
,112.5,,,108.9,,113.7,Cis man,ANSUR (2012)
,114.7,,,106.6,,108.9,Cis man,ANSUR (2012)
,104.6,,,95.8,,102.4,Cis man,ANSUR (2012)
,100.6,,,81.3,,97.3,Cis man,ANSUR (2012)
,106.4,,,86.8,,106.2,Cis man,ANSUR (2012)
,89.7,,,75.7,,92.1,Cis man,ANSUR (2012)
,121.8,,,110.8,,111.7,Cis man,ANSUR (2012)
,115.9,,,108.0,,113.4,Cis man,ANSUR (2012)
,106.8,,,105.4,,113.2,Cis man,ANSUR (2012)
,103.1,,,88.4,,102.4,Cis man,ANSUR (2012)
,111.6,,,100.7,,107.6,Cis man,ANSUR (2012)
,92.2,,,74.6,,90.5,Cis man,ANSUR (2012)
,106.3,,,107.1,,117.6,Cis man,ANSUR (2012)
,104.8,,,98.2,,105.0,Cis man,ANSUR (2012)
,93.9,,,79.5,,90.8,Cis man,ANSUR (2012)
,101.8,,,96.1,,102.6,Cis man,ANSUR (2012)
,97.8,,,83.0,,98.8,Cis man,ANSUR (2012)
,109.3,,,98.8,,103.1,Cis man,ANSUR (2012)
,102.6,,,89.7,,98.9,Cis man,ANSUR (2012)
,92.0,,,79.0,,89.9,Cis man,ANSUR (2012)
,99.3,,,85.5,,100.9,Cis man,ANSUR (2012)
,121.3,,,111.6,,115.4,Cis man,ANSUR (2012)
,112.4,,,107.7,,108.1,Cis man,ANSUR (2012)
,125.5,,,118.5,,123.6,Cis man,ANSUR (2012)
,119.3,,,105.5,,111.7,Cis man,ANSUR (2012)
,102.6,,,96.1,,103.8,Cis man,ANSUR (2012)
,94.3,,,78.2,,89.2,Cis man,ANSUR (2012)
,104.2,,,100.8,,105.3,Cis man,ANSUR (2012)
,111.5,,,96.1,,110.9,Cis man,ANSUR (2012)
,84.8,,,68.7,,83.8,Cis man,ANSUR (2012)
,89.2,,,76.3,,88.3,Cis man,ANSUR (2012)
,99.6,,,88.7,,93.6,Cis man,ANSUR (2012)
,111.4,,,101.8,,110.4,Cis man,ANSUR (2012)
,77.4,,,64.8,,73.7,Cis man,ANSUR (2012)
,111.3,,,98.7,,106.1,Cis man,ANSUR (2012)
,118.2,,,111.3,,125.1,Cis man,ANSUR (2012)
,98.8,,,80.9,,98.4,Cis man,ANSUR (2012)
,99.3,,,84.6,,94.8,Cis man,ANSUR (2012)
,114.5,,,100.8,,100.9,Cis man,ANSUR (2012)
,101.2,,,84.6,,97.7,Cis man,ANSUR (2012)
,105.2,,,88.0,,101.6,Cis man,ANSUR (2012)
,108.9,,,95.0,,103.6,Cis man,ANSUR (2012)
,94.4,,,76.2,,91.0,Cis man,ANSUR (2012)
,114.4,,,95.6,,108.1,Cis man,ANSUR (2012)
,103.3,,,86.9,,101.6,Cis man,ANSUR (2012)
,91.2,,,75.5,,89.3,Cis man,ANSUR (2012)
,117.4,,,105.4,,110.4,Cis man,ANSUR (2012)
,105.6,,,84.7,,100.2,Cis man,ANSUR (2012)
,93.5,,,77.5,,96.3,Cis man,ANSUR (2012)
,101.1,,,79.6,,98.5,Cis man,ANSUR (2012)
,95.1,,,80.3,,95.7,Cis man,ANSUR (2012)
,108.9,,,89.8,,103.5,Cis man,ANSUR (2012)
,108.3,,,105.6,,109.3,Cis man,ANSUR (2012)
,105.5,,,87.8,,100.0,Cis man,ANSUR (2012)
,108.6,,,90.2,,98.5,Cis man,ANSUR (2012)
,100.9,,,88.3,,104.4,Cis man,ANSUR (2012)
,97.1,,,86.6,,93.7,Cis man,ANSUR (2012)
,95.4,,,75.7,,92.1,Cis man,ANSUR (2012)
,98.0,,,85.3,,94.1,Cis man,ANSUR (2012)
,111.9,,,102.5,,105.8,Cis man,ANSUR (2012)
,91.2,,,81.3,,88.3,Cis man,ANSUR (2012)
,115.0,,,101.5,,108.0,Cis man,ANSUR (2012)
,110.4,,,99.8,,104.7,Cis man,ANSUR (2012)
,109.7,,,106.4,,104.1,Cis man,ANSUR (2012)
,98.0,,,97.1,,104.2,Cis man,ANSUR (2012)
,121.5,,,113.6,,114.9,Cis man,ANSUR (2012)
,89.0,,,73.1,,85.7,Cis man,ANSUR (2012)
,107.5,,,96.9,,114.4,Cis man,ANSUR (2012)
,108.4,,,87.9,,99.4,Cis man,ANSUR (2012)
,92.6,,,75.3,,85.7,Cis man,ANSUR (2012)
,110.9,,,96.4,,109.7,Cis man,ANSUR (2012)
,116.1,,,102.0,,105.7,Cis man,ANSUR (2012)
,105.8,,,88.2,,104.2,Cis man,ANSUR (2012)
,104.2,,,100.5,,111.4,Cis man,ANSUR (2012)
,102.2,,,93.8,,106.7,Cis man,ANSUR (2012)
,85.1,,,75.7,,89.1,Cis man,ANSUR (2012)
,111.8,,,101.6,,103.3,Cis man,ANSUR (2012)
,89.5,,,74.3,,90.9,Cis man,ANSUR (2012)
,119.7,,,97.1,,100.8,Cis man,ANSUR (2012)
,95.7,,,84.2,,94.0,Cis man,ANSUR (2012)
,97.7,,,90.2,,97.2,Cis man,ANSUR (2012)
,102.6,,,90.2,,100.4,Cis man,ANSUR (2012)
,119.5,,,122.9,,113.9,Cis man,ANSUR (2012)
,109.3,,,99.7,,101.5,Cis man,ANSUR (2012)
,92.6,,,84.6,,93.7,Cis man,ANSUR (2012)
,110.6,,,90.8,,107.1,Cis man,ANSUR (2012)
,92.2,,,77.8,,93.1,Cis man,ANSUR (2012)
,124.4,,,135.6,,118.4,Cis man,ANSUR (2012)
,100.3,,,90.9,,96.4,Cis man,ANSUR (2012)
,104.1,,,87.7,,103.9,Cis man,ANSUR (2012)
,99.1,,,83.6,,95.5,Cis man,ANSUR (2012)
,115.4,,,101.3,,106.6,Cis man,ANSUR (2012)
,100.1,,,86.4,,97.4,Cis man,ANSUR (2012)
,107.8,,,100.4,,111.1,Cis man,ANSUR (2012)
,105.6,,,93.3,,99.0,Cis man,ANSUR (2012)
,109.6,,,99.5,,111.9,Cis man,ANSUR (2012)
,102.2,,,91.1,,103.2,Cis man,ANSUR (2012)
,91.8,,,83.4,,98.7,Cis man,ANSUR (2012)
,86.5,,,76.6,,89.7,Cis man,ANSUR (2012)
,105.9,,,92.4,,99.4,Cis man,ANSUR (2012)
,91.2,,,75.8,,91.4,Cis man,ANSUR (2012)
,105.1,,,92.1,,100.6,Cis man,ANSUR (2012)
,101.2,,,89.4,,101.8,Cis man,ANSUR (2012)
,107.7,,,88.0,,99.9,Cis man,ANSUR (2012)
,119.1,,,111.2,,118.1,Cis man,ANSUR (2012)
,95.8,,,79.8,,94.3,Cis man,ANSUR (2012)
,100.8,,,90.0,,102.6,Cis man,ANSUR (2012)
,103.1,,,91.4,,104.1,Cis man,ANSUR (2012)
,111.7,,,100.1,,104.1,Cis man,ANSUR (2012)
,122.4,,,115.5,,123.2,Cis man,ANSUR (2012)
,118.2,,,104.9,,106.4,Cis man,ANSUR (2012)
,102.3,,,81.3,,96.8,Cis man,ANSUR (2012)
,117.0,,,111.3,,118.9,Cis man,ANSUR (2012)
,91.7,,,75.8,,84.7,Cis man,ANSUR (2012)
,108.2,,,101.4,,108.2,Cis man,ANSUR (2012)
,111.3,,,106.1,,103.2,Cis man,ANSUR (2012)
,109.9,,,104.5,,108.9,Cis man,ANSUR (2012)
,111.6,,,105.5,,105.0,Cis man,ANSUR (2012)
,115.7,,,95.6,,103.5,Cis man,ANSUR (2012)
,117.3,,,99.3,,108.3,Cis man,ANSUR (2012)
,106.3,,,92.8,,102.9,Cis man,ANSUR (2012)
,105.7,,,91.0,,96.6,Cis man,ANSUR (2012)
,97.0,,,83.3,,94.4,Cis man,ANSUR (2012)
,122.3,,,106.7,,107.2,Cis man,ANSUR (2012)
,106.5,,,90.2,,98.7,Cis man,ANSUR (2012)
,109.2,,,97.5,,101.4,Cis man,ANSUR (2012)
,96.6,,,88.7,,98.7,Cis man,ANSUR (2012)
,109.0,,,96.5,,99.2,Cis man,ANSUR (2012)
,102.2,,,80.4,,94.4,Cis man,ANSUR (2012)
,103.5,,,94.0,,96.4,Cis man,ANSUR (2012)
,112.6,,,99.9,,100.4,Cis man,ANSUR (2012)
,97.3,,,81.9,,87.3,Cis man,ANSUR (2012)
,102.0,,,94.7,,101.8,Cis man,ANSUR (2012)
,99.2,,,86.7,,91.6,Cis man,ANSUR (2012)
,104.0,,,87.2,,93.7,Cis man,ANSUR (2012)
,107.9,,,95.6,,103.1,Cis man,ANSUR (2012)
,106.4,,,93.3,,102.2,Cis man,ANSUR (2012)
,98.8,,,91.3,,101.4,Cis man,ANSUR (2012)
,121.3,,,107.0,,107.6,Cis man,ANSUR (2012)
,110.4,,,106.0,,112.7,Cis man,ANSUR (2012)
,112.3,,,111.1,,115.2,Cis man,ANSUR (2012)
,101.1,,,89.7,,99.1,Cis man,ANSUR (2012)
,109.5,,,103.8,,110.6,Cis man,ANSUR (2012)
,94.6,,,76.6,,85.5,Cis man,ANSUR (2012)
,114.0,,,98.7,,115.4,Cis man,ANSUR (2012)
,129.7,,,106.8,,107.1,Cis man,ANSUR (2012)
,104.2,,,85.5,,93.4,Cis man,ANSUR (2012)
,104.1,,,96.1,,105.9,Cis man,ANSUR (2012)
,100.8,,,83.5,,95.7,Cis man,ANSUR (2012)
,101.7,,,83.4,,98.3,Cis man,ANSUR (2012)
,102.8,,,85.7,,100.2,Cis man,ANSUR (2012)
,93.6,,,79.8,,89.3,Cis man,ANSUR (2012)
,116.1,,,101.2,,106.8,Cis man,ANSUR (2012)
,117.8,,,109.5,,111.0,Cis man,ANSUR (2012)
,107.2,,,102.3,,115.6,Cis man,ANSUR (2012)
,106.8,,,93.7,,97.5,Cis man,ANSUR (2012)
,97.9,,,84.0,,92.8,Cis man,ANSUR (2012)
,105.1,,,97.1,,105.9,Cis man,ANSUR (2012)
,104.9,,,96.3,,103.2,Cis man,ANSUR (2012)
,117.9,,,122.2,,115.2,Cis man,ANSUR (2012)
,113.7,,,117.1,,113.7,Cis man,ANSUR (2012)
,95.8,,,89.4,,101.4,Cis man,ANSUR (2012)
,107.7,,,99.4,,101.6,Cis man,ANSUR (2012)
,106.1,,,103.4,,98.4,Cis man,ANSUR (2012)
,111.5,,,106.6,,107.1,Cis man,ANSUR (2012)
,105.2,,,103.1,,102.6,Cis man,ANSUR (2012)
,119.4,,,105.2,,112.5,Cis man,ANSUR (2012)
,100.5,,,86.1,,91.9,Cis man,ANSUR (2012)
,131.2,,,114.0,,114.5,Cis man,ANSUR (2012)
,105.0,,,89.6,,99.1,Cis man,ANSUR (2012)
,111.7,,,100.8,,100.1,Cis man,ANSUR (2012)
,101.7,,,83.2,,97.1,Cis man,ANSUR (2012)
,110.4,,,108.9,,106.3,Cis man,ANSUR (2012)
,96.7,,,79.6,,92.2,Cis man,ANSUR (2012)
,107.5,,,95.6,,98.5,Cis man,ANSUR (2012)
,105.4,,,96.6,,101.6,Cis man,ANSUR (2012)
,113.7,,,105.0,,104.2,Cis man,ANSUR (2012)
,108.3,,,105.5,,107.9,Cis man,ANSUR (2012)
,96.2,,,85.9,,95.7,Cis man,ANSUR (2012)
,101.1,,,96.6,,99.3,Cis man,ANSUR (2012)
,118.8,,,103.6,,108.4,Cis man,ANSUR (2012)
,114.0,,,105.4,,108.2,Cis man,ANSUR (2012)
,103.8,,,96.8,,102.4,Cis man,ANSUR (2012)
,101.4,,,94.5,,99.9,Cis man,ANSUR (2012)
,119.0,,,106.8,,110.6,Cis man,ANSUR (2012)
,106.1,,,101.4,,101.6,Cis man,ANSUR (2012)
,113.4,,,100.1,,106.6,Cis man,ANSUR (2012)
,114.2,,,106.5,,103.1,Cis man,ANSUR (2012)
,120.2,,,119.4,,117.9,Cis man,ANSUR (2012)
,117.6,,,117.0,,110.4,Cis man,ANSUR (2012)
,126.1,,,118.2,,121.6,Cis man,ANSUR (2012)
,96.8,,,89.5,,94.2,Cis man,ANSUR (2012)
,117.0,,,107.6,,107.9,Cis man,ANSUR (2012)
,96.1,,,80.4,,88.5,Cis man,ANSUR (2012)
,111.3,,,101.2,,107.8,Cis man,ANSUR (2012)
,106.1,,,102.2,,103.2,Cis man,ANSUR (2012)
,118.3,,,111.4,,112.4,Cis man,ANSUR (2012)
,96.2,,,88.5,,103.5,Cis man,ANSUR (2012)
,115.7,,,108.4,,109.4,Cis man,ANSUR (2012)
,106.2,,,100.0,,98.6,Cis man,ANSUR (2012)
,114.3,,,107.3,,109.8,Cis man,ANSUR (2012)
,112.2,,,99.1,,103.4,Cis man,ANSUR (2012)
,110.8,,,103.5,,106.5,Cis man,ANSUR (2012)
,107.1,,,94.7,,101.2,Cis man,ANSUR (2012)
,110.8,,,98.1,,105.3,Cis man,ANSUR (2012)
,114.9,,,105.1,,102.7,Cis man,ANSUR (2012)
,107.3,,,102.3,,105.2,Cis man,ANSUR (2012)
,127.4,,,113.7,,110.3,Cis man,ANSUR (2012)
,104.6,,,88.9,,93.7,Cis man,ANSUR (2012)
,116.8,,,100.2,,106.5,Cis man,ANSUR (2012)
,115.8,,,107.4,,112.9,Cis man,ANSUR (2012)
,115.1,,,108.0,,110.5,Cis man,ANSUR (2012)
,117.1,,,113.2,,114.0,Cis man,ANSUR (2012)
,105.9,,,102.6,,105.8,Cis man,ANSUR (2012)
,112.9,,,106.2,,106.3,Cis man,ANSUR (2012)
,120.9,,,108.7,,110.3,Cis man,ANSUR (2012)
,119.4,,,100.4,,115.2,Cis man,ANSUR (2012)
,108.8,,,96.1,,96.8,Cis man,ANSUR (2012)
,98.2,,,88.2,,94.5,Cis man,ANSUR (2012)
,104.4,,,102.3,,101.4,Cis man,ANSUR (2012)
,105.2,,,106.9,,107.2,Cis man,ANSUR (2012)
,117.1,,,118.0,,110.7,Cis man,ANSUR (2012)
,109.8,,,99.0,,99.5,Cis man,ANSUR (2012)
,99.4,,,90.4,,98.1,Cis man,ANSUR (2012)
,108.1,,,103.3,,105.4,Cis man,ANSUR (2012)
,110.2,,,100.7,,104.5,Cis man,ANSUR (2012)
,118.7,,,101.1,,108.7,Cis man,ANSUR (2012)
,111.1,,,97.9,,99.7,Cis man,ANSUR (2012)
,98.1,,,84.0,,92.1,Cis man,ANSUR (2012)
,99.9,,,87.0,,92.4,Cis man,ANSUR (2012)
,117.6,,,105.8,,105.3,Cis man,ANSUR (2012)
,116.0,,,106.3,,110.3,Cis man,ANSUR (2012)
,95.9,,,96.2,,96.8,Cis man,ANSUR (2012)
,116.8,,,115.3,,110.9,Cis man,ANSUR (2012)
,100.8,,,82.9,,93.4,Cis man,ANSUR (2012)
,102.7,,,89.5,,99.6,Cis man,ANSUR (2012)
,115.5,,,110.6,,105.1,Cis man,ANSUR (2012)
,120.4,,,110.1,,110.9,Cis man,ANSUR (2012)
,116.6,,,106.5,,107.9,Cis man,ANSUR (2012)
,94.1,,,83.8,,92.1,Cis man,ANSUR (2012)
,112.7,,,98.3,,104.4,Cis man,ANSUR (2012)
,125.1,,,116.3,,110.0,Cis man,ANSUR (2012)
,96.8,,,82.6,,87.5,Cis man,ANSUR (2012)
,94.1,,,78.2,,91.1,Cis man,ANSUR (2012)
,114.1,,,103.9,,113.7,Cis man,ANSUR (2012)
,115.0,,,109.0,,105.3,Cis man,ANSUR (2012)
,98.7,,,90.9,,92.5,Cis man,ANSUR (2012)
,109.0,,,103.5,,102.6,Cis man,ANSUR (2012)
,92.2,,,84.7,,95.4,Cis man,ANSUR (2012)
,105.3,,,98.1,,100.8,Cis man,ANSUR (2012)
,113.6,,,104.6,,113.9,Cis man,ANSUR (2012)
,116.4,,,102.5,,103.8,Cis man,ANSUR (2012)
,104.3,,,106.7,,112.6,Cis man,ANSUR (2012)
,108.8,,,98.9,,108.2,Cis man,ANSUR (2012)
,105.3,,,93.6,,99.4,Cis man,ANSUR (2012)
,106.4,,,88.6,,99.6,Cis man,ANSUR (2012)
,116.4,,,99.4,,111.7,Cis man,ANSUR (2012)
,111.9,,,110.4,,116.8,Cis man,ANSUR (2012)
,105.5,,,102.7,,113.2,Cis man,ANSUR (2012)
,114.2,,,108.7,,110.2,Cis man,ANSUR (2012)
,98.2,,,86.4,,97.3,Cis man,ANSUR (2012)
,99.7,,,81.5,,91.3,Cis man,ANSUR (2012)
,108.2,,,92.4,,97.5,Cis man,ANSUR (2012)
,111.2,,,90.5,,94.2,Cis man,ANSUR (2012)
,93.2,,,91.8,,96.8,Cis man,ANSUR (2012)
,110.9,,,101.3,,101.3,Cis man,ANSUR (2012)
,105.3,,,97.4,,93.5,Cis man,ANSUR (2012)
,116.6,,,110.8,,103.6,Cis man,ANSUR (2012)
,97.3,,,81.5,,98.1,Cis man,ANSUR (2012)
,111.7,,,103.2,,103.2,Cis man,ANSUR (2012)
,107.6,,,92.5,,100.8,Cis man,ANSUR (2012)
,114.2,,,100.0,,105.0,Cis man,ANSUR (2012)
,114.0,,,101.4,,102.8,Cis man,ANSUR (2012)
,111.4,,,100.9,,109.7,Cis man,ANSUR (2012)
,104.1,,,94.8,,96.8,Cis man,ANSUR (2012)
,115.2,,,88.5,,100.5,Cis man,ANSUR (2012)
,110.6,,,97.7,,106.7,Cis man,ANSUR (2012)
,121.3,,,118.5,,114.5,Cis man,ANSUR (2012)
,127.7,,,114.6,,113.7,Cis man,ANSUR (2012)
,97.7,,,85.7,,92.7,Cis man,ANSUR (2012)
,106.2,,,99.3,,107.4,Cis man,ANSUR (2012)
,114.7,,,116.8,,115.1,Cis man,ANSUR (2012)
,109.0,,,95.3,,101.5,Cis man,ANSUR (2012)
,114.5,,,114.2,,113.4,Cis man,ANSUR (2012)
,107.1,,,99.0,,99.8,Cis man,ANSUR (2012)
,107.9,,,93.5,,103.7,Cis man,ANSUR (2012)
,113.0,,,106.8,,101.4,Cis man,ANSUR (2012)
,113.7,,,96.5,,101.8,Cis man,ANSUR (2012)
,107.1,,,91.5,,101.8,Cis man,ANSUR (2012)
,91.2,,,79.3,,90.0,Cis man,ANSUR (2012)
,104.2,,,98.4,,101.3,Cis man,ANSUR (2012)
,104.9,,,91.5,,107.3,Cis man,ANSUR (2012)
,110.8,,,103.5,,111.6,Cis man,ANSUR (2012)
,114.2,,,104.1,,111.5,Cis man,ANSUR (2012)
,115.3,,,103.8,,106.8,Cis man,ANSUR (2012)
,120.6,,,101.7,,110.4,Cis man,ANSUR (2012)
,118.2,,,103.2,,110.5,Cis man,ANSUR (2012)
,126.1,,,118.7,,112.5,Cis man,ANSUR (2012)
,98.4,,,93.9,,96.3,Cis man,ANSUR (2012)
,102.2,,,84.6,,95.9,Cis man,ANSUR (2012)
,94.5,,,77.1,,95.7,Cis man,ANSUR (2012)
,130.2,,,126.0,,122.9,Cis man,ANSUR (2012)
,109.9,,,99.5,,107.3,Cis man,ANSUR (2012)
,90.7,,,82.7,,90.3,Cis man,ANSUR (2012)
,107.7,,,93.5,,95.0,Cis man,ANSUR (2012)
,106.5,,,99.2,,100.5,Cis man,ANSUR (2012)
,95.1,,,79.8,,94.6,Cis man,ANSUR (2012)
,113.0,,,102.0,,107.1,Cis man,ANSUR (2012)
,93.9,,,90.0,,95.0,Cis man,ANSUR (2012)
,122.8,,,113.6,,117.8,Cis man,ANSUR (2012)
,103.2,,,92.4,,90.6,Cis man,ANSUR (2012)
,111.8,,,103.3,,105.7,Cis man,ANSUR (2012)
,95.1,,,87.3,,93.8,Cis man,ANSUR (2012)
,120.7,,,107.1,,112.7,Cis man,ANSUR (2012)
,110.0,,,98.0,,94.0,Cis man,ANSUR (2012)
,120.7,,,103.2,,102.4,Cis man,ANSUR (2012)
,102.6,,,82.8,,98.9,Cis man,ANSUR (2012)
,108.9,,,96.4,,99.5,Cis man,ANSUR (2012)
,127.7,,,119.2,,112.0,Cis man,ANSUR (2012)
,109.3,,,105.0,,98.2,Cis man,ANSUR (2012)
,108.6,,,95.1,,98.8,Cis man,ANSUR (2012)
,107.5,,,91.0,,96.4,Cis man,ANSUR (2012)
,98.7,,,90.7,,103.5,Cis man,ANSUR (2012)
,114.7,,,110.5,,116.5,Cis man,ANSUR (2012)
,104.8,,,90.5,,94.0,Cis man,ANSUR (2012)
,108.8,,,100.4,,106.3,Cis man,ANSUR (2012)
,97.9,,,84.2,,94.3,Cis man,ANSUR (2012)
,119.9,,,110.7,,109.5,Cis man,ANSUR (2012)
,111.7,,,97.9,,105.8,Cis man,ANSUR (2012)
,100.7,,,88.9,,95.9,Cis man,ANSUR (2012)
,102.7,,,90.0,,94.2,Cis man,ANSUR (2012)
,111.4,,,95.9,,106.4,Cis man,ANSUR (2012)
,110.2,,,90.0,,97.0,Cis man,ANSUR (2012)
,90.7,,,80.0,,92.4,Cis man,ANSUR (2012)
,102.3,,,92.3,,101.3,Cis man,ANSUR (2012)
,107.6,,,105.0,,105.3,Cis man,ANSUR (2012)
,111.2,,,105.2,,104.5,Cis man,ANSUR (2012)
,125.1,,,115.6,,112.0,Cis man,ANSUR (2012)
,97.7,,,83.6,,94.6,Cis man,ANSUR (2012)
,122.3,,,109.5,,107.3,Cis man,ANSUR (2012)
,113.3,,,113.2,,108.2,Cis man,ANSUR (2012)
,128.3,,,117.9,,113.2,Cis man,ANSUR (2012)
,113.3,,,105.7,,106.6,Cis man,ANSUR (2012)
,104.8,,,86.9,,98.6,Cis man,ANSUR (2012)
,84.7,,,75.7,,93.6,Cis man,ANSUR (2012)
,103.4,,,91.2,,97.8,Cis man,ANSUR (2012)
,99.3,,,91.7,,99.1,Cis man,ANSUR (2012)
,112.8,,,95.2,,105.4,Cis man,ANSUR (2012)
,100.9,,,90.0,,98.3,Cis man,ANSUR (2012)
,103.4,,,92.3,,104.1,Cis man,ANSUR (2012)
,123.2,,,104.4,,113.7,Cis man,ANSUR (2012)
,100.2,,,86.6,,100.2,Cis man,ANSUR (2012)
,105.4,,,98.1,,112.5,Cis man,ANSUR (2012)
,104.0,,,92.5,,102.3,Cis man,ANSUR (2012)
,114.3,,,99.7,,110.3,Cis man,ANSUR (2012)
,107.4,,,95.1,,93.4,Cis man,ANSUR (2012)
,88.1,,,69.8,,85.6,Cis man,ANSUR (2012)
,107.6,,,89.7,,108.1,Cis man,ANSUR (2012)
,92.5,,,88.5,,99.5,Cis man,ANSUR (2012)
,104.7,,,94.6,,98.5,Cis man,ANSUR (2012)
,96.8,,,81.3,,95.6,Cis man,ANSUR (2012)
,111.3,,,98.4,,103.0,Cis man,ANSUR (2012)
,115.2,,,106.6,,106.6,Cis man,ANSUR (2012)
,103.4,,,97.9,,109.4,Cis man,ANSUR (2012)
,105.3,,,96.0,,106.8,Cis man,ANSUR (2012)
,108.3,,,93.9,,105.2,Cis man,ANSUR (2012)
,94.7,,,81.9,,93.3,Cis man,ANSUR (2012)
,105.9,,,101.9,,102.3,Cis man,ANSUR (2012)
,109.5,,,100.5,,103.1,Cis man,ANSUR (2012)
,108.9,,,102.6,,116.7,Cis man,ANSUR (2012)
,109.5,,,99.1,,101.8,Cis man,ANSUR (2012)
,111.9,,,90.2,,101.9,Cis man,ANSUR (2012)
,97.7,,,81.4,,97.4,Cis man,ANSUR (2012)
,115.4,,,104.0,,112.0,Cis man,ANSUR (2012)
,106.4,,,97.3,,102.5,Cis man,ANSUR (2012)
,119.6,,,126.2,,123.3,Cis man,ANSUR (2012)
,114.2,,,103.7,,104.3,Cis man,ANSUR (2012)
,103.7,,,85.5,,95.1,Cis man,ANSUR (2012)
,101.9,,,90.1,,100.0,Cis man,ANSUR (2012)
,118.2,,,115.6,,117.7,Cis man,ANSUR (2012)
,106.5,,,95.0,,100.5,Cis man,ANSUR (2012)
,113.4,,,112.9,,112.6,Cis man,ANSUR (2012)
,100.1,,,96.6,,100.6,Cis man,ANSUR (2012)
,108.2,,,101.1,,110.0,Cis man,ANSUR (2012)
,110.4,,,98.9,,106.0,Cis man,ANSUR (2012)
,90.4,,,80.0,,88.2,Cis man,ANSUR (2012)
,113.9,,,101.3,,104.7,Cis man,ANSUR (2012)
,97.3,,,87.9,,97.8,Cis man,ANSUR (2012)
,103.2,,,100.8,,101.8,Cis man,ANSUR (2012)
,92.3,,,77.5,,91.8,Cis man,ANSUR (2012)
,96.1,,,88.4,,96.8,Cis man,ANSUR (2012)
,115.9,,,103.5,,106.9,Cis man,ANSUR (2012)
,99.8,,,82.2,,94.1,Cis man,ANSUR (2012)
,110.7,,,102.3,,110.8,Cis man,ANSUR (2012)
,118.2,,,98.8,,110.7,Cis man,ANSUR (2012)
,101.3,,,90.4,,95.7,Cis man,ANSUR (2012)
,101.1,,,94.5,,106.3,Cis man,ANSUR (2012)
,117.2,,,108.3,,112.6,Cis man,ANSUR (2012)
,83.8,,,78.3,,85.7,Cis man,ANSUR (2012)
,101.8,,,95.4,,101.1,Cis man,ANSUR (2012)
,104.3,,,91.6,,99.5,Cis man,ANSUR (2012)
,109.8,,,106.7,,100.9,Cis man,ANSUR (2012)
,95.6,,,84.0,,90.2,Cis man,ANSUR (2012)
,93.6,,,84.1,,91.2,Cis man,ANSUR (2012)
,104.7,,,105.5,,105.2,Cis man,ANSUR (2012)
,96.8,,,80.1,,89.9,Cis man,ANSUR (2012)
,121.6,,,121.7,,116.4,Cis man,ANSUR (2012)
,115.1,,,119.4,,108.6,Cis man,ANSUR (2012)
,114.1,,,114.6,,112.7,Cis man,ANSUR (2012)
,102.0,,,99.0,,103.2,Cis man,ANSUR (2012)
,116.5,,,113.5,,108.9,Cis man,ANSUR (2012)
,112.1,,,111.3,,112.4,Cis man,ANSUR (2012)
,101.2,,,85.2,,93.1,Cis man,ANSUR (2012)
,116.5,,,114.6,,112.8,Cis man,ANSUR (2012)
,86.2,,,78.4,,86.5,Cis man,ANSUR (2012)
,96.7,,,84.0,,97.5,Cis man,ANSUR (2012)
,106.6,,,97.0,,107.1,Cis man,ANSUR (2012)
,99.2,,,91.2,,97.8,Cis man,ANSUR (2012)
,137.2,,,130.0,,124.2,Cis man,ANSUR (2012)
,117.8,,,106.7,,103.1,Cis man,ANSUR (2012)
,104.3,,,88.5,,100.0,Cis man,ANSUR (2012)
,98.9,,,83.0,,92.3,Cis man,ANSUR (2012)
,88.0,,,72.8,,84.2,Cis man,ANSUR (2012)
,103.1,,,91.1,,94.8,Cis man,ANSUR (2012)
,93.9,,,82.2,,91.6,Cis man,ANSUR (2012)
,94.2,,,84.6,,98.4,Cis man,ANSUR (2012)
,119.4,,,118.1,,115.4,Cis man,ANSUR (2012)
,102.6,,,85.7,,86.8,Cis man,ANSUR (2012)
,115.6,,,94.0,,99.7,Cis man,ANSUR (2012)
,113.4,,,95.2,,114.4,Cis man,ANSUR (2012)
,115.7,,,102.5,,110.2,Cis man,ANSUR (2012)
,115.9,,,92.8,,97.9,Cis man,ANSUR (2012)
,104.8,,,89.4,,99.6,Cis man,ANSUR (2012)
,116.4,,,97.5,,102.2,Cis man,ANSUR (2012)
,90.4,,,80.2,,91.1,Cis man,ANSUR (2012)
,104.3,,,88.5,,96.6,Cis man,ANSUR (2012)
,113.5,,,92.2,,103.3,Cis man,ANSUR (2012)
,117.2,,,103.5,,111.7,Cis man,ANSUR (2012)
,112.7,,,108.0,,105.8,Cis man,ANSUR (2012)
,116.5,,,98.4,,104.9,Cis man,ANSUR (2012)
,92.8,,,79.5,,90.7,Cis man,ANSUR (2012)
,111.2,,,95.2,,105.8,Cis man,ANSUR (2012)
,120.7,,,112.2,,122.4,Cis man,ANSUR (2012)
,104.3,,,91.3,,101.8,Cis man,ANSUR (2012)
,97.1,,,78.0,,91.2,Cis man,ANSUR (2012)
,101.8,,,83.4,,99.9,Cis man,ANSUR (2012)
,88.9,,,80.3,,90.5,Cis man,ANSUR (2012)
,111.3,,,103.7,,110.5,Cis man,ANSUR (2012)
,91.4,,,77.5,,89.9,Cis man,ANSUR (2012)
,95.0,,,86.2,,91.1,Cis man,ANSUR (2012)
,102.5,,,93.6,,103.4,Cis man,ANSUR (2012)
,106.9,,,87.3,,103.2,Cis man,ANSUR (2012)
,103.8,,,96.1,,98.0,Cis man,ANSUR (2012)
,113.9,,,103.0,,111.9,Cis man,ANSUR (2012)
,99.3,,,94.4,,103.4,Cis man,ANSUR (2012)
,99.3,,,86.7,,97.4,Cis man,ANSUR (2012)
,113.2,,,93.2,,106.5,Cis man,ANSUR (2012)
,103.2,,,89.0,,102.9,Cis man,ANSUR (2012)
,110.1,,,101.1,,112.0,Cis man,ANSUR (2012)
,106.5,,,95.2,,105.6,Cis man,ANSUR (2012)
,96.0,,,85.9,,93.2,Cis man,ANSUR (2012)
,94.9,,,81.3,,96.1,Cis man,ANSUR (2012)
,101.7,,,88.7,,94.2,Cis man,ANSUR (2012)
,102.8,,,94.6,,98.8,Cis man,ANSUR (2012)
,109.8,,,94.4,,100.2,Cis man,ANSUR (2012)
,94.0,,,86.2,,94.7,Cis man,ANSUR (2012)
,120.7,,,118.5,,115.8,Cis man,ANSUR (2012)
,116.8,,,107.2,,112.8,Cis man,ANSUR (2012)
,107.4,,,101.5,,105.7,Cis man,ANSUR (2012)
,112.3,,,95.2,,105.2,Cis man,ANSUR (2012)
,99.2,,,90.8,,100.6,Cis man,ANSUR (2012)
,104.2,,,86.4,,101.4,Cis man,ANSUR (2012)
,108.1,,,93.8,,103.8,Cis man,ANSUR (2012)
,97.1,,,79.1,,90.1,Cis man,ANSUR (2012)
,108.3,,,88.0,,103.6,Cis man,ANSUR (2012)
,103.7,,,91.4,,100.8,Cis man,ANSUR (2012)
,100.0,,,80.5,,96.0,Cis man,ANSUR (2012)
,107.3,,,102.9,,111.9,Cis man,ANSUR (2012)
,101.3,,,82.0,,96.2,Cis man,ANSUR (2012)
,102.1,,,92.3,,101.3,Cis man,ANSUR (2012)
,106.2,,,92.0,,105.3,Cis man,ANSUR (2012)
,110.4,,,101.1,,105.3,Cis man,ANSUR (2012)
,110.1,,,95.2,,98.5,Cis man,ANSUR (2012)
,99.1,,,94.5,,101.8,Cis man,ANSUR (2012)
,107.4,,,96.7,,108.6,Cis man,ANSUR (2012)
,110.7,,,101.5,,101.8,Cis man,ANSUR (2012)
,103.2,,,89.2,,99.3,Cis man,ANSUR (2012)
,99.4,,,86.6,,97.5,Cis man,ANSUR (2012)
,107.3,,,103.4,,104.7,Cis man,ANSUR (2012)
,89.6,,,76.1,,88.9,Cis man,ANSUR (2012)
,112.2,,,92.4,,108.4,Cis man,ANSUR (2012)
,107.6,,,98.7,,111.3,Cis man,ANSUR (2012)
,118.0,,,103.4,,106.8,Cis man,ANSUR (2012)
,101.4,,,93.3,,97.8,Cis man,ANSUR (2012)
,103.2,,,91.7,,99.6,Cis man,ANSUR (2012)
,109.7,,,102.1,,106.6,Cis man,ANSUR (2012)
,106.1,,,81.2,,94.6,Cis man,ANSUR (2012)
,97.7,,,80.0,,92.3,Cis man,ANSUR (2012)
,97.5,,,88.3,,99.2,Cis man,ANSUR (2012)
,101.3,,,94.0,,100.5,Cis man,ANSUR (2012)
,107.2,,,99.2,,101.8,Cis man,ANSUR (2012)
,104.9,,,81.6,,100.1,Cis man,ANSUR (2012)
,114.7,,,108.8,,111.5,Cis man,ANSUR (2012)
,107.3,,,97.8,,102.4,Cis man,ANSUR (2012)
,98.5,,,83.7,,95.9,Cis man,ANSUR (2012)
,111.3,,,90.4,,103.6,Cis man,ANSUR (2012)
,109.1,,,98.0,,100.2,Cis man,ANSUR (2012)
,115.7,,,104.9,,108.5,Cis man,ANSUR (2012)
,114.3,,,96.2,,108.2,Cis man,ANSUR (2012)
,103.8,,,96.6,,103.7,Cis man,ANSUR (2012)
,111.6,,,107.3,,104.4,Cis man,ANSUR (2012)
,102.6,,,87.4,,94.3,Cis man,ANSUR (2012)
,103.9,,,81.5,,92.0,Cis man,ANSUR (2012)
,101.1,,,90.0,,100.5,Cis man,ANSUR (2012)
,96.9,,,84.1,,96.4,Cis man,ANSUR (2012)
,100.2,,,94.6,,101.9,Cis man,ANSUR (2012)
,109.7,,,108.7,,110.8,Cis man,ANSUR (2012)
,118.1,,,107.9,,112.0,Cis man,ANSUR (2012)
,99.9,,,90.6,,98.4,Cis man,ANSUR (2012)
,101.1,,,90.7,,101.6,Cis man,ANSUR (2012)
,104.1,,,90.2,,93.0,Cis man,ANSUR (2012)
,101.0,,,89.9,,98.3,Cis man,ANSUR (2012)
,103.7,,,89.2,,99.1,Cis man,ANSUR (2012)
,93.3,,,85.0,,92.2,Cis man,ANSUR (2012)
,90.8,,,79.2,,91.9,Cis man,ANSUR (2012)
,103.4,,,93.4,,101.0,Cis man,ANSUR (2012)
,102.6,,,107.4,,107.4,Cis man,ANSUR (2012)
,101.7,,,88.0,,96.5,Cis man,ANSUR (2012)
,111.2,,,100.6,,105.9,Cis man,ANSUR (2012)
,116.1,,,110.3,,106.4,Cis man,ANSUR (2012)
,107.2,,,93.1,,101.3,Cis man,ANSUR (2012)
,114.6,,,106.5,,107.3,Cis man,ANSUR (2012)
,94.3,,,80.1,,91.8,Cis man,ANSUR (2012)
,100.6,,,96.2,,95.3,Cis man,ANSUR (2012)
,102.1,,,92.8,,95.5,Cis man,ANSUR (2012)
,109.6,,,96.4,,109.7,Cis man,ANSUR (2012)
,92.9,,,76.6,,91.0,Cis man,ANSUR (2012)
,114.4,,,102.2,,104.2,Cis man,ANSUR (2012)
,114.3,,,106.1,,106.2,Cis man,ANSUR (2012)
,118.2,,,105.1,,106.5,Cis man,ANSUR (2012)
,104.3,,,94.2,,96.3,Cis man,ANSUR (2012)
,111.1,,,108.7,,108.6,Cis man,ANSUR (2012)
,123.7,,,113.6,,113.4,Cis man,ANSUR (2012)
,111.9,,,102.5,,121.1,Cis man,ANSUR (2012)
,125.8,,,113.6,,124.8,Cis man,ANSUR (2012)
,93.8,,,86.4,,91.6,Cis man,ANSUR (2012)
,98.5,,,83.1,,92.8,Cis man,ANSUR (2012)
,98.5,,,84.2,,92.2,Cis man,ANSUR (2012)
,96.1,,,90.0,,101.6,Cis man,ANSUR (2012)
,104.6,,,94.7,,101.3,Cis man,ANSUR (2012)
,121.3,,,113.7,,114.0,Cis man,ANSUR (2012)
,120.3,,,109.7,,117.0,Cis man,ANSUR (2012)
,111.4,,,94.7,,104.6,Cis man,ANSUR (2012)
,115.8,,,104.0,,110.4,Cis man,ANSUR (2012)
,95.2,,,74.8,,92.4,Cis man,ANSUR (2012)
,109.5,,,102.6,,99.5,Cis man,ANSUR (2012)
,108.8,,,97.1,,102.3,Cis man,ANSUR (2012)
,108.6,,,97.6,,104.8,Cis man,ANSUR (2012)
,100.8,,,91.9,,97.1,Cis man,ANSUR (2012)
,104.6,,,91.0,,103.2,Cis man,ANSUR (2012)
,96.8,,,90.6,,98.7,Cis man,ANSUR (2012)
,102.1,,,83.6,,102.5,Cis man,ANSUR (2012)
,111.6,,,102.2,,102.5,Cis man,ANSUR (2012)
,102.5,,,89.5,,98.5,Cis man,ANSUR (2012)
,121.3,,,108.0,,103.9,Cis man,ANSUR (2012)
,108.2,,,91.6,,100.1,Cis man,ANSUR (2012)
,114.3,,,108.4,,103.1,Cis man,ANSUR (2012)
,112.1,,,97.5,,107.7,Cis man,ANSUR (2012)
,97.5,,,84.7,,103.2,Cis man,ANSUR (2012)
,91.9,,,80.8,,94.4,Cis man,ANSUR (2012)
,103.8,,,86.8,,101.7,Cis man,ANSUR (2012)
,92.6,,,83.7,,90.2,Cis man,ANSUR (2012)
,103.6,,,96.0,,98.4,Cis man,ANSUR (2012)
,87.7,,,77.4,,88.1,Cis man,ANSUR (2012)
,110.5,,,100.4,,103.2,Cis man,ANSUR (2012)
,106.1,,,107.7,,102.2,Cis man,ANSUR (2012)
,94.8,,,70.1,,84.2,Cis man,ANSUR (2012)
,99.0,,,89.2,,92.0,Cis man,ANSUR (2012)
,107.4,,,94.2,,102.4,Cis man,ANSUR (2012)
,101.8,,,80.0,,103.7,Cis man,ANSUR (2012)
,106.9,,,106.4,,104.2,Cis man,ANSUR (2012)
,117.4,,,110.9,,113.3,Cis man,ANSUR (2012)
,114.1,,,103.4,,108.0,Cis man,ANSUR (2012)
,129.1,,,130.8,,126.7,Cis man,ANSUR (2012)
,113.1,,,105.7,,111.5,Cis man,ANSUR (2012)
,100.0,,,84.4,,93.3,Cis man,ANSUR (2012)
,101.1,,,90.9,,102.1,Cis man,ANSUR (2012)
,97.4,,,80.8,,96.5,Cis man,ANSUR (2012)
,119.2,,,111.5,,113.5,Cis man,ANSUR (2012)
,103.4,,,85.9,,104.6,Cis man,ANSUR (2012)
,104.6,,,99.0,,105.1,Cis man,ANSUR (2012)
,110.5,,,96.5,,113.2,Cis man,ANSUR (2012)
,102.4,,,82.8,,95.5,Cis man,ANSUR (2012)
,100.5,,,83.2,,95.7,Cis man,ANSUR (2012)
,113.4,,,100.2,,106.7,Cis man,ANSUR (2012)
,105.2,,,90.0,,98.6,Cis man,ANSUR (2012)
,117.1,,,103.0,,106.4,Cis man,ANSUR (2012)
,101.9,,,89.5,,101.8,Cis man,ANSUR (2012)
,94.3,,,78.8,,89.4,Cis man,ANSUR (2012)
,103.5,,,89.2,,97.3,Cis man,ANSUR (2012)
,98.8,,,90.7,,99.6,Cis man,ANSUR (2012)
,119.7,,,107.7,,103.7,Cis man,ANSUR (2012)
,112.8,,,99.4,,109.8,Cis man,ANSUR (2012)
,113.2,,,103.2,,102.5,Cis man,ANSUR (2012)
,109.5,,,103.7,,116.2,Cis man,ANSUR (2012)
,105.4,,,84.2,,100.8,Cis man,ANSUR (2012)
,108.2,,,99.5,,109.2,Cis man,ANSUR (2012)
,126.7,,,111.5,,109.4,Cis man,ANSUR (2012)
,113.1,,,101.4,,110.3,Cis man,ANSUR (2012)
,124.8,,,114.2,,115.4,Cis man,ANSUR (2012)
,103.2,,,90.5,,97.4,Cis man,ANSUR (2012)
,116.7,,,108.2,,106.7,Cis man,ANSUR (2012)
,111.4,,,101.6,,104.6,Cis man,ANSUR (2012)
,105.4,,,96.7,,107.5,Cis man,ANSUR (2012)
,109.6,,,91.5,,103.7,Cis man,ANSUR (2012)
,100.5,,,87.9,,98.0,Cis man,ANSUR (2012)
,117.0,,,104.3,,104.4,Cis man,ANSUR (2012)
,98.7,,,88.7,,96.3,Cis man,ANSUR (2012)
,125.7,,,115.2,,118.4,Cis man,ANSUR (2012)
,103.1,,,93.8,,100.9,Cis man,ANSUR (2012)
,105.8,,,96.3,,105.9,Cis man,ANSUR (2012)
,107.7,,,99.2,,108.2,Cis man,ANSUR (2012)
,109.5,,,99.9,,102.5,Cis man,ANSUR (2012)
,120.5,,,109.7,,108.4,Cis man,ANSUR (2012)
,103.5,,,86.5,,98.9,Cis man,ANSUR (2012)
,91.2,,,79.1,,87.8,Cis man,ANSUR (2012)
,111.4,,,107.3,,106.2,Cis man,ANSUR (2012)
,103.4,,,90.7,,101.9,Cis man,ANSUR (2012)
,93.6,,,79.8,,91.9,Cis man,ANSUR (2012)
,122.3,,,110.8,,120.5,Cis man,ANSUR (2012)
,101.9,,,97.5,,99.8,Cis man,ANSUR (2012)
,105.9,,,99.2,,104.2,Cis man,ANSUR (2012)
,108.8,,,104.0,,107.9,Cis man,ANSUR (2012)
,99.8,,,85.7,,92.8,Cis man,ANSUR (2012)
,119.8,,,119.7,,113.7,Cis man,ANSUR (2012)
,102.3,,,96.1,,108.7,Cis man,ANSUR (2012)
,98.9,,,87.9,,94.8,Cis man,ANSUR (2012)
,94.4,,,77.0,,93.1,Cis man,ANSUR (2012)
,93.2,,,76.3,,91.5,Cis man,ANSUR (2012)
,92.2,,,78.9,,91.6,Cis man,ANSUR (2012)
,108.3,,,97.5,,99.1,Cis man,ANSUR (2012)
,100.8,,,86.2,,90.4,Cis man,ANSUR (2012)
,112.8,,,97.4,,106.3,Cis man,ANSUR (2012)
,101.3,,,80.4,,94.4,Cis man,ANSUR (2012)
,100.9,,,83.8,,94.4,Cis man,ANSUR (2012)
,119.7,,,98.6,,107.1,Cis man,ANSUR (2012)
,105.4,,,89.0,,99.1,Cis man,ANSUR (2012)
,118.2,,,112.5,,118.3,Cis man,ANSUR (2012)
,110.9,,,96.3,,99.3,Cis man,ANSUR (2012)
,100.0,,,82.6,,90.4,Cis man,ANSUR (2012)
,125.7,,,111.8,,110.8,Cis man,ANSUR (2012)
,104.7,,,91.7,,100.5,Cis man,ANSUR (2012)
,102.3,,,93.9,,98.0,Cis man,ANSUR (2012)
,99.5,,,79.9,,92.2,Cis man,ANSUR (2012)
,102.9,,,93.5,,101.6,Cis man,ANSUR (2012)
,112.3,,,108.1,,106.2,Cis man,ANSUR (2012)
,93.1,,,82.1,,88.2,Cis man,ANSUR (2012)
,108.8,,,105.0,,114.0,Cis man,ANSUR (2012)
,111.3,,,105.7,,102.7,Cis man,ANSUR (2012)
,102.6,,,87.4,,95.9,Cis man,ANSUR (2012)
,110.7,,,105.6,,108.7,Cis man,ANSUR (2012)
,113.8,,,104.7,,110.7,Cis man,ANSUR (2012)
,125.3,,,106.2,,111.4,Cis man,ANSUR (2012)
,126.0,,,119.5,,118.3,Cis man,ANSUR (2012)
,113.4,,,104.8,,101.8,Cis man,ANSUR (2012)
,103.1,,,96.9,,107.0,Cis man,ANSUR (2012)
,111.6,,,104.0,,111.2,Cis man,ANSUR (2012)
,102.4,,,86.3,,102.2,Cis man,ANSUR (2012)
,124.3,,,118.1,,119.3,Cis man,ANSUR (2012)
,107.5,,,88.2,,91.0,Cis man,ANSUR (2012)
,98.0,,,80.9,,98.0,Cis man,ANSUR (2012)
,119.0,,,102.3,,109.4,Cis man,ANSUR (2012)
,101.7,,,84.8,,95.5,Cis man,ANSUR (2012)
,123.9,,,113.6,,112.4,Cis man,ANSUR (2012)
,111.9,,,98.4,,107.5,Cis man,ANSUR (2012)
,93.9,,,82.0,,92.7,Cis man,ANSUR (2012)
,109.4,,,100.2,,108.6,Cis man,ANSUR (2012)
,119.6,,,102.3,,110.4,Cis man,ANSUR (2012)
,121.9,,,111.4,,111.7,Cis man,ANSUR (2012)
,100.8,,,89.4,,98.3,Cis man,ANSUR (2012)
,114.6,,,107.7,,114.7,Cis man,ANSUR (2012)
,101.6,,,88.0,,101.4,Cis man,ANSUR (2012)
,107.4,,,99.2,,99.3,Cis man,ANSUR (2012)
,114.7,,,106.3,,111.6,Cis man,ANSUR (2012)
,109.2,,,101.4,,106.8,Cis man,ANSUR (2012)
,109.6,,,99.4,,103.4,Cis man,ANSUR (2012)
,126.0,,,114.8,,111.9,Cis man,ANSUR (2012)
,97.6,,,85.9,,96.0,Cis man,ANSUR (2012)
,90.6,,,79.0,,91.3,Cis man,ANSUR (2012)
,117.2,,,108.1,,105.8,Cis man,ANSUR (2012)
,94.7,,,78.1,,92.2,Cis man,ANSUR (2012)
,94.9,,,81.0,,92.8,Cis man,ANSUR (2012)
,106.3,,,86.5,,101.5,Cis man,ANSUR (2012)
,96.2,,,84.3,,88.2,Cis man,ANSUR (2012)
,99.4,,,89.5,,102.6,Cis man,ANSUR (2012)
,102.6,,,91.4,,105.4,Cis man,ANSUR (2012)
,128.5,,,126.5,,130.5,Cis man,ANSUR (2012)
,102.3,,,99.0,,108.7,Cis man,ANSUR (2012)
,95.2,,,86.8,,90.5,Cis man,ANSUR (2012)
,93.1,,,85.2,,95.2,Cis man,ANSUR (2012)
,106.2,,,87.5,,96.9,Cis man,ANSUR (2012)
,105.8,,,96.1,,106.1,Cis man,ANSUR (2012)
,116.5,,,105.5,,110.9,Cis man,ANSUR (2012)
,120.4,,,114.4,,123.0,Cis man,ANSUR (2012)
,104.8,,,100.6,,104.9,Cis man,ANSUR (2012)
,119.9,,,104.9,,106.7,Cis man,ANSUR (2012)
,113.5,,,110.8,,110.3,Cis man,ANSUR (2012)
,110.8,,,102.1,,111.1,Cis man,ANSUR (2012)
,103.7,,,87.7,,101.7,Cis man,ANSUR (2012)
,128.9,,,114.7,,116.0,Cis man,ANSUR (2012)
,99.1,,,83.1,,96.0,Cis man,ANSUR (2012)
,94.9,,,84.3,,97.5,Cis man,ANSUR (2012)
,107.2,,,101.7,,101.8,Cis man,ANSUR (2012)
,108.5,,,96.5,,106.4,Cis man,ANSUR (2012)
,114.1,,,101.6,,107.8,Cis man,ANSUR (2012)
,106.3,,,87.5,,99.2,Cis man,ANSUR (2012)
,111.7,,,105.1,,105.7,Cis man,ANSUR (2012)
,92.2,,,79.0,,92.4,Cis man,ANSUR (2012)
,114.3,,,105.0,,114.8,Cis man,ANSUR (2012)
,103.2,,,94.7,,98.6,Cis man,ANSUR (2012)
,102.9,,,99.4,,106.6,Cis man,ANSUR (2012)
,111.9,,,105.8,,102.3,Cis man,ANSUR (2012)
,108.4,,,96.0,,111.7,Cis man,ANSUR (2012)
,114.3,,,106.0,,109.6,Cis man,ANSUR (2012)
,115.6,,,95.0,,108.6,Cis man,ANSUR (2012)
,99.0,,,76.8,,90.0,Cis man,ANSUR (2012)
,97.8,,,85.3,,93.3,Cis man,ANSUR (2012)
,112.8,,,104.1,,115.3,Cis man,ANSUR (2012)
,115.1,,,103.0,,109.7,Cis man,ANSUR (2012)
,88.7,,,73.1,,85.5,Cis man,ANSUR (2012)
,107.4,,,95.8,,102.2,Cis man,ANSUR (2012)
,111.4,,,106.2,,113.1,Cis man,ANSUR (2012)
,108.5,,,100.0,,104.6,Cis man,ANSUR (2012)
,92.5,,,84.0,,91.4,Cis man,ANSUR (2012)
,114.2,,,103.1,,105.7,Cis man,ANSUR (2012)
,111.6,,,95.6,,101.1,Cis man,ANSUR (2012)
,99.3,,,76.8,,90.7,Cis man,ANSUR (2012)
,103.4,,,89.5,,96.6,Cis man,ANSUR (2012)
,115.3,,,114.6,,108.5,Cis man,ANSUR (2012)
,106.9,,,90.7,,102.3,Cis man,ANSUR (2012)
,114.0,,,91.7,,103.2,Cis man,ANSUR (2012)
,110.6,,,102.3,,112.0,Cis man,ANSUR (2012)
,90.4,,,77.1,,90.8,Cis man,ANSUR (2012)
,105.4,,,97.3,,103.4,Cis man,ANSUR (2012)
,102.0,,,92.4,,109.6,Cis man,ANSUR (2012)
,100.5,,,91.8,,100.6,Cis man,ANSUR (2012)
,107.6,,,97.1,,103.9,Cis man,ANSUR (2012)
,103.8,,,93.2,,101.3,Cis man,ANSUR (2012)
,104.7,,,93.8,,108.1,Cis man,ANSUR (2012)
,93.8,,,83.0,,98.0,Cis man,ANSUR (2012)
,107.8,,,101.0,,114.4,Cis man,ANSUR (2012)
,127.5,,,117.7,,119.6,Cis man,ANSUR (2012)
,93.6,,,73.3,,89.0,Cis man,ANSUR (2012)
,119.4,,,101.3,,115.2,Cis man,ANSUR (2012)
,112.7,,,109.7,,109.8,Cis man,ANSUR (2012)
,102.2,,,86.7,,96.1,Cis man,ANSUR (2012)
,101.8,,,94.8,,107.5,Cis man,ANSUR (2012)
,111.7,,,104.5,,104.4,Cis man,ANSUR (2012)
,123.7,,,106.0,,109.2,Cis man,ANSUR (2012)
,102.7,,,93.2,,105.3,Cis man,ANSUR (2012)
,108.2,,,105.9,,107.2,Cis man,ANSUR (2012)
,116.7,,,116.2,,120.8,Cis man,ANSUR (2012)
,97.8,,,91.2,,101.0,Cis man,ANSUR (2012)
,124.1,,,123.8,,130.1,Cis man,ANSUR (2012)
,109.5,,,99.5,,99.1,Cis man,ANSUR (2012)
,107.9,,,93.2,,97.9,Cis man,ANSUR (2012)
,104.2,,,95.0,,102.4,Cis man,ANSUR (2012)
,102.8,,,97.5,,110.0,Cis man,ANSUR (2012)
,110.1,,,111.3,,105.4,Cis man,ANSUR (2012)
,112.4,,,94.6,,105.1,Cis man,ANSUR (2012)
,95.9,,,82.3,,92.8,Cis man,ANSUR (2012)
,100.6,,,86.2,,97.8,Cis man,ANSUR (2012)
,132.7,,,121.1,,119.8,Cis man,ANSUR (2012)
,101.1,,,85.5,,98.6,Cis man,ANSUR (2012)
,111.4,,,97.0,,109.9,Cis man,ANSUR (2012)
,100.0,,,85.5,,97.9,Cis man,ANSUR (2012)
,116.7,,,101.2,,106.5,Cis man,ANSUR (2012)
,108.8,,,105.7,,112.8,Cis man,ANSUR (2012)
,106.2,,,97.4,,97.3,Cis man,ANSUR (2012)
,112.3,,,97.4,,105.3,Cis man,ANSUR (2012)
,109.0,,,100.4,,112.5,Cis man,ANSUR (2012)
,122.6,,,112.0,,115.3,Cis man,ANSUR (2012)
,110.8,,,94.0,,102.2,Cis man,ANSUR (2012)
,92.2,,,82.5,,91.3,Cis man,ANSUR (2012)
,103.1,,,88.1,,99.5,Cis man,ANSUR (2012)
,109.5,,,79.4,,98.0,Cis man,ANSUR (2012)
,106.7,,,101.6,,106.2,Cis man,ANSUR (2012)
,93.5,,,76.1,,86.2,Cis man,ANSUR (2012)
,116.9,,,113.7,,114.8,Cis man,ANSUR (2012)
,101.6,,,87.5,,102.9,Cis man,ANSUR (2012)
,98.1,,,87.4,,96.5,Cis man,ANSUR (2012)
,110.4,,,98.8,,104.8,Cis man,ANSUR (2012)
,90.8,,,68.7,,87.1,Cis man,ANSUR (2012)
,114.6,,,97.3,,111.3,Cis man,ANSUR (2012)
,99.7,,,88.2,,100.4,Cis man,ANSUR (2012)
,103.2,,,90.8,,99.2,Cis man,ANSUR (2012)
,97.7,,,83.2,,96.2,Cis man,ANSUR (2012)
,101.6,,,90.0,,103.5,Cis man,ANSUR (2012)
,94.2,,,79.6,,93.8,Cis man,ANSUR (2012)
,123.2,,,109.1,,117.1,Cis man,ANSUR (2012)
,103.7,,,96.0,,103.8,Cis man,ANSUR (2012)
,93.3,,,81.3,,88.6,Cis man,ANSUR (2012)
,98.7,,,84.2,,96.1,Cis man,ANSUR (2012)
,97.2,,,90.7,,100.2,Cis man,ANSUR (2012)
,95.7,,,83.8,,96.2,Cis man,ANSUR (2012)
,105.7,,,97.8,,103.7,Cis man,ANSUR (2012)
,114.5,,,111.0,,112.0,Cis man,ANSUR (2012)
,102.3,,,95.6,,101.8,Cis man,ANSUR (2012)
,107.6,,,103.6,,105.0,Cis man,ANSUR (2012)
,98.6,,,91.7,,99.3,Cis man,ANSUR (2012)
,113.6,,,98.3,,113.3,Cis man,ANSUR (2012)
,106.9,,,99.3,,102.7,Cis man,ANSUR (2012)
,92.6,,,76.9,,89.3,Cis man,ANSUR (2012)
,92.2,,,74.6,,85.5,Cis man,ANSUR (2012)
,98.8,,,88.0,,99.3,Cis man,ANSUR (2012)
,98.1,,,82.7,,86.8,Cis man,ANSUR (2012)
,122.4,,,111.0,,117.5,Cis man,ANSUR (2012)
,88.6,,,77.1,,88.0,Cis man,ANSUR (2012)
,112.3,,,101.6,,102.5,Cis man,ANSUR (2012)
,106.5,,,95.7,,103.2,Cis man,ANSUR (2012)
,112.6,,,91.2,,105.6,Cis man,ANSUR (2012)
,90.6,,,78.5,,91.5,Cis man,ANSUR (2012)
,113.7,,,107.5,,107.5,Cis man,ANSUR (2012)
,101.8,,,91.0,,103.3,Cis man,ANSUR (2012)
,120.7,,,105.6,,113.8,Cis man,ANSUR (2012)
,98.8,,,82.7,,96.0,Cis man,ANSUR (2012)
,106.4,,,96.3,,98.3,Cis man,ANSUR (2012)
,93.6,,,79.7,,92.1,Cis man,ANSUR (2012)
,98.5,,,84.3,,92.5,Cis man,ANSUR (2012)
,112.8,,,96.6,,100.6,Cis man,ANSUR (2012)
,100.8,,,87.5,,96.5,Cis man,ANSUR (2012)
,114.1,,,99.1,,105.9,Cis man,ANSUR (2012)
,109.4,,,103.3,,101.6,Cis man,ANSUR (2012)
,104.3,,,99.5,,94.8,Cis man,ANSUR (2012)
,103.5,,,87.2,,95.2,Cis man,ANSUR (2012)
,110.0,,,96.0,,103.7,Cis man,ANSUR (2012)
,111.8,,,106.5,,109.2,Cis man,ANSUR (2012)
,96.2,,,81.2,,91.7,Cis man,ANSUR (2012)
,94.1,,,78.1,,93.4,Cis man,ANSUR (2012)
,109.8,,,106.4,,103.3,Cis man,ANSUR (2012)
,96.8,,,76.7,,90.5,Cis man,ANSUR (2012)
,99.3,,,101.9,,108.3,Cis man,ANSUR (2012)
,109.2,,,101.5,,107.5,Cis man,ANSUR (2012)
,103.9,,,84.1,,101.4,Cis man,ANSUR (2012)
,105.6,,,91.4,,103.6,Cis man,ANSUR (2012)
,92.2,,,78.6,,90.7,Cis man,ANSUR (2012)
,98.8,,,80.7,,94.7,Cis man,ANSUR (2012)
,102.7,,,89.9,,100.5,Cis man,ANSUR (2012)
,98.1,,,81.2,,90.5,Cis man,ANSUR (2012)
,102.3,,,91.0,,95.1,Cis man,ANSUR (2012)
,106.4,,,96.7,,99.6,Cis man,ANSUR (2012)
,109.3,,,101.0,,101.5,Cis man,ANSUR (2012)
,103.4,,,95.5,,99.1,Cis man,ANSUR (2012)
,102.0,,,94.8,,98.1,Cis man,ANSUR (2012)
,122.4,,,112.2,,113.0,Cis man,ANSUR (2012)
,107.7,,,97.3,,101.5,Cis man,ANSUR (2012)
,95.8,,,85.7,,97.6,Cis man,ANSUR (2012)
,93.9,,,84.0,,97.5,Cis man,ANSUR (2012)
,114.1,,,99.3,,109.9,Cis man,ANSUR (2012)
,91.8,,,83.0,,85.5,Cis man,ANSUR (2012)
,111.2,,,104.1,,108.0,Cis man,ANSUR (2012)
,100.5,,,82.9,,98.9,Cis man,ANSUR (2012)
,104.2,,,79.6,,93.3,Cis man,ANSUR (2012)
,93.0,,,80.2,,88.0,Cis man,ANSUR (2012)
,100.0,,,93.8,,100.6,Cis man,ANSUR (2012)
,86.6,,,74.2,,86.8,Cis man,ANSUR (2012)
,112.4,,,103.7,,106.4,Cis man,ANSUR (2012)
,107.2,,,95.8,,100.9,Cis man,ANSUR (2012)
,110.7,,,106.3,,107.8,Cis man,ANSUR (2012)
,113.1,,,94.2,,100.3,Cis man,ANSUR (2012)
,92.3,,,77.3,,92.8,Cis man,ANSUR (2012)
,89.2,,,72.9,,87.5,Cis man,ANSUR (2012)
,101.2,,,95.5,,99.7,Cis man,ANSUR (2012)
,102.1,,,86.1,,103.3,Cis man,ANSUR (2012)
,110.7,,,98.9,,103.3,Cis man,ANSUR (2012)
,106.1,,,96.0,,102.2,Cis man,ANSUR (2012)
,107.0,,,92.9,,102.3,Cis man,ANSUR (2012)
,128.0,,,113.5,,115.9,Cis man,ANSUR (2012)
,114.6,,,108.8,,110.4,Cis man,ANSUR (2012)
,99.4,,,85.9,,95.1,Cis man,ANSUR (2012)
,110.8,,,100.8,,102.3,Cis man,ANSUR (2012)
,114.6,,,102.2,,106.1,Cis man,ANSUR (2012)
,102.9,,,87.1,,96.9,Cis man,ANSUR (2012)
,104.6,,,93.0,,100.0,Cis man,ANSUR (2012)
,98.8,,,81.4,,95.5,Cis man,ANSUR (2012)
,97.1,,,87.4,,94.0,Cis man,ANSUR (2012)
,101.8,,,89.4,,97.1,Cis man,ANSUR (2012)
,119.7,,,119.4,,116.9,Cis man,ANSUR (2012)
,114.8,,,114.3,,110.9,Cis man,ANSUR (2012)
,118.7,,,111.9,,108.2,Cis man,ANSUR (2012)
,96.3,,,87.7,,97.5,Cis man,ANSUR (2012)
,101.1,,,92.6,,100.6,Cis man,ANSUR (2012)
,114.3,,,111.6,,115.6,Cis man,ANSUR (2012)
,97.3,,,89.1,,94.0,Cis man,ANSUR (2012)
,112.7,,,108.5,,108.8,Cis man,ANSUR (2012)
,124.9,,,127.0,,114.1,Cis man,ANSUR (2012)
,116.2,,,117.1,,117.2,Cis man,ANSUR (2012)
,85.6,,,74.2,,89.4,Cis man,ANSUR (2012)
,128.5,,,130.6,,113.9,Cis man,ANSUR (2012)
,110.2,,,103.0,,108.5,Cis man,ANSUR (2012)
,104.1,,,103.2,,106.8,Cis man,ANSUR (2012)
,110.8,,,111.6,,113.1,Cis man,ANSUR (2012)
,110.7,,,104.1,,102.5,Cis man,ANSUR (2012)
,100.5,,,80.7,,96.1,Cis man,ANSUR (2012)
,117.0,,,107.0,,103.8,Cis man,ANSUR (2012)
,97.8,,,83.9,,94.6,Cis man,ANSUR (2012)
,108.8,,,98.9,,99.3,Cis man,ANSUR (2012)
,114.6,,,104.6,,105.6,Cis man,ANSUR (2012)
,99.7,,,85.1,,96.4,Cis man,ANSUR (2012)
,119.5,,,105.9,,108.5,Cis man,ANSUR (2012)
,115.4,,,101.2,,101.8,Cis man,ANSUR (2012)
,106.3,,,96.0,,99.2,Cis man,ANSUR (2012)
,118.3,,,98.8,,110.8,Cis man,ANSUR (2012)
,116.4,,,108.2,,105.4,Cis man,ANSUR (2012)
,86.1,,,74.5,,87.5,Cis man,ANSUR (2012)
,114.1,,,87.8,,99.5,Cis man,ANSUR (2012)
,105.6,,,98.4,,108.6,Cis man,ANSUR (2012)
,111.9,,,82.8,,90.9,Cis man,ANSUR (2012)
,106.0,,,99.6,,98.3,Cis man,ANSUR (2012)
,106.6,,,99.7,,105.5,Cis man,ANSUR (2012)
,117.2,,,106.1,,110.2,Cis man,ANSUR (2012)
,106.2,,,92.9,,102.3,Cis man,ANSUR (2012)
,107.6,,,93.3,,106.7,Cis man,ANSUR (2012)
,111.7,,,99.2,,105.1,Cis man,ANSUR (2012)
,102.5,,,94.0,,102.1,Cis man,ANSUR (2012)
,99.0,,,84.8,,95.2,Cis man,ANSUR (2012)
,94.6,,,81.9,,90.6,Cis man,ANSUR (2012)
,110.2,,,96.3,,103.2,Cis man,ANSUR (2012)
,103.4,,,94.8,,101.1,Cis man,ANSUR (2012)
,115.3,,,108.0,,110.0,Cis man,ANSUR (2012)
,114.1,,,101.2,,110.0,Cis man,ANSUR (2012)
,93.8,,,94.0,,95.1,Cis man,ANSUR (2012)
,97.5,,,85.1,,94.0,Cis man,ANSUR (2012)
,114.1,,,103.0,,105.3,Cis man,ANSUR (2012)
,96.8,,,85.2,,93.2,Cis man,ANSUR (2012)
,113.6,,,99.2,,101.8,Cis man,ANSUR (2012)
,101.2,,,81.1,,88.7,Cis man,ANSUR (2012)
,109.1,,,96.0,,103.3,Cis man,ANSUR (2012)
,121.7,,,112.3,,111.8,Cis man,ANSUR (2012)
,110.6,,,107.3,,107.7,Cis man,ANSUR (2012)
,102.2,,,88.5,,101.3,Cis man,ANSUR (2012)
,115.2,,,112.0,,105.6,Cis man,ANSUR (2012)
,96.4,,,84.8,,90.6,Cis man,ANSUR (2012)
,120.2,,,122.1,,117.8,Cis man,ANSUR (2012)
,116.2,,,109.1,,108.6,Cis man,ANSUR (2012)
,91.8,,,78.7,,91.6,Cis man,ANSUR (2012)
,114.7,,,104.1,,107.3,Cis man,ANSUR (2012)
,97.3,,,94.4,,99.2,Cis man,ANSUR (2012)
,111.8,,,102.7,,100.3,Cis man,ANSUR (2012)
,116.1,,,108.3,,107.2,Cis man,ANSUR (2012)
,111.5,,,104.7,,105.5,Cis man,ANSUR (2012)
,106.8,,,100.5,,105.9,Cis man,ANSUR (2012)
,96.2,,,93.7,,104.2,Cis man,ANSUR (2012)
,112.2,,,102.7,,102.9,Cis man,ANSUR (2012)
,110.7,,,112.8,,107.4,Cis man,ANSUR (2012)
,98.9,,,79.0,,92.2,Cis man,ANSUR (2012)
,96.6,,,79.6,,86.2,Cis man,ANSUR (2012)
,121.7,,,116.0,,110.6,Cis man,ANSUR (2012)
,99.5,,,83.4,,94.8,Cis man,ANSUR (2012)
,108.0,,,100.3,,106.5,Cis man,ANSUR (2012)
,102.3,,,85.9,,97.7,Cis man,ANSUR (2012)
,110.8,,,92.5,,97.0,Cis man,ANSUR (2012)
,98.0,,,85.5,,98.0,Cis man,ANSUR (2012)
,109.3,,,105.7,,109.4,Cis man,ANSUR (2012)
,105.7,,,100.0,,103.9,Cis man,ANSUR (2012)
,93.9,,,81.2,,90.4,Cis man,ANSUR (2012)
,91.4,,,79.5,,88.2,Cis man,ANSUR (2012)
,108.3,,,99.1,,102.1,Cis man,ANSUR (2012)
,118.2,,,111.6,,107.6,Cis man,ANSUR (2012)
,114.6,,,102.5,,107.1,Cis man,ANSUR (2012)
,121.3,,,110.2,,110.2,Cis man,ANSUR (2012)
,121.6,,,118.0,,109.6,Cis man,ANSUR (2012)
,103.1,,,89.5,,100.9,Cis man,ANSUR (2012)
,96.8,,,81.1,,95.4,Cis man,ANSUR (2012)
,107.4,,,97.8,,96.3,Cis man,ANSUR (2012)
,106.6,,,96.3,,97.5,Cis man,ANSUR (2012)
,100.2,,,80.0,,92.3,Cis man,ANSUR (2012)
,91.3,,,69.2,,85.4,Cis man,ANSUR (2012)
,104.6,,,101.0,,99.5,Cis man,ANSUR (2012)
,108.1,,,92.1,,104.1,Cis man,ANSUR (2012)
,128.4,,,122.2,,120.4,Cis man,ANSUR (2012)
,119.4,,,108.6,,108.8,Cis man,ANSUR (2012)
,115.8,,,107.5,,108.5,Cis man,ANSUR (2012)
,108.6,,,101.1,,106.4,Cis man,ANSUR (2012)
,110.3,,,99.6,,105.4,Cis man,ANSUR (2012)
,103.7,,,89.0,,100.2,Cis man,ANSUR (2012)
,114.7,,,101.6,,108.2,Cis man,ANSUR (2012)
,104.7,,,97.0,,101.5,Cis man,ANSUR (2012)
,116.4,,,106.6,,105.2,Cis man,ANSUR (2012)
,113.9,,,111.5,,105.6,Cis man,ANSUR (2012)
,102.2,,,91.8,,99.7,Cis man,ANSUR (2012)
,102.0,,,93.0,,99.1,Cis man,ANSUR (2012)
,120.9,,,107.5,,113.7,Cis man,ANSUR (2012)
,93.2,,,83.5,,97.4,Cis man,ANSUR (2012)
,118.1,,,117.0,,111.5,Cis man,ANSUR (2012)
,97.5,,,81.1,,98.1,Cis man,ANSUR (2012)
,109.8,,,94.7,,101.7,Cis man,ANSUR (2012)
,95.2,,,79.8,,89.5,Cis man,ANSUR (2012)
,87.9,,,75.3,,86.8,Cis man,ANSUR (2012)
,105.4,,,99.0,,101.6,Cis man,ANSUR (2012)
,105.9,,,85.8,,97.8,Cis man,ANSUR (2012)
,99.9,,,86.9,,96.1,Cis man,ANSUR (2012)
,110.4,,,101.1,,114.3,Cis man,ANSUR (2012)
,93.9,,,83.5,,91.7,Cis man,ANSUR (2012)
,101.6,,,85.0,,99.3,Cis man,ANSUR (2012)
,96.2,,,81.8,,93.1,Cis man,ANSUR (2012)
,95.9,,,78.0,,87.8,Cis man,ANSUR (2012)
,104.2,,,85.3,,100.0,Cis man,ANSUR (2012)
,85.5,,,71.1,,86.7,Cis man,ANSUR (2012)
,95.7,,,80.1,,92.7,Cis man,ANSUR (2012)
,107.2,,,90.4,,94.5,Cis man,ANSUR (2012)
,120.3,,,114.6,,109.1,Cis man,ANSUR (2012)
,89.5,,,76.6,,90.5,Cis man,ANSUR (2012)
,100.2,,,87.7,,98.6,Cis man,ANSUR (2012)
,102.4,,,81.1,,91.5,Cis man,ANSUR (2012)
,105.9,,,92.9,,96.8,Cis man,ANSUR (2012)
,107.8,,,95.0,,97.8,Cis man,ANSUR (2012)
,107.4,,,94.2,,102.1,Cis man,ANSUR (2012)
,121.3,,,122.2,,123.3,Cis man,ANSUR (2012)
,91.0,,,80.5,,87.1,Cis man,ANSUR (2012)
,91.5,,,74.3,,89.6,Cis man,ANSUR (2012)
,120.9,,,115.6,,114.3,Cis man,ANSUR (2012)
,120.2,,,116.0,,121.2,Cis man,ANSUR (2012)
,107.3,,,99.6,,108.2,Cis man,ANSUR (2012)
,99.5,,,94.4,,97.5,Cis man,ANSUR (2012)
,105.6,,,97.8,,99.6,Cis man,ANSUR (2012)
,105.0,,,83.8,,96.1,Cis man,ANSUR (2012)
,101.7,,,94.5,,99.1,Cis man,ANSUR (2012)
,107.1,,,101.0,,99.0,Cis man,ANSUR (2012)
,96.3,,,84.6,,97.3,Cis man,ANSUR (2012)
,107.2,,,101.9,,97.9,Cis man,ANSUR (2012)
,109.4,,,107.9,,114.4,Cis man,ANSUR (2012)
,98.4,,,93.1,,98.2,Cis man,ANSUR (2012)
,107.8,,,97.3,,106.5,Cis man,ANSUR (2012)
,89.5,,,78.5,,92.9,Cis man,ANSUR (2012)
,110.6,,,95.7,,102.9,Cis man,ANSUR (2012)
,100.8,,,85.7,,100.6,Cis man,ANSUR (2012)
,125.6,,,115.8,,110.6,Cis man,ANSUR (2012)
,108.4,,,96.0,,108.2,Cis man,ANSUR (2012)
,95.3,,,78.1,,91.3,Cis man,ANSUR (2012)
,93.7,,,77.8,,94.0,Cis man,ANSUR (2012)
,114.4,,,105.9,,110.6,Cis man,ANSUR (2012)
,92.5,,,84.4,,95.3,Cis man,ANSUR (2012)
,96.8,,,82.3,,98.6,Cis man,ANSUR (2012)
,92.6,,,79.1,,87.9,Cis man,ANSUR (2012)
,99.8,,,91.9,,97.7,Cis man,ANSUR (2012)
,101.6,,,87.6,,96.5,Cis man,ANSUR (2012)
,106.5,,,96.2,,106.1,Cis man,ANSUR (2012)
,117.0,,,100.6,,100.0,Cis man,ANSUR (2012)
,106.7,,,99.1,,104.4,Cis man,ANSUR (2012)
,100.8,,,94.3,,94.2,Cis man,ANSUR (2012)
,119.9,,,111.0,,108.3,Cis man,ANSUR (2012)
,112.9,,,99.8,,110.9,Cis man,ANSUR (2012)
,125.0,,,106.6,,107.2,Cis man,ANSUR (2012)
,107.2,,,99.0,,98.3,Cis man,ANSUR (2012)
,112.2,,,101.8,,104.4,Cis man,ANSUR (2012)
,126.9,,,115.0,,118.1,Cis man,ANSUR (2012)
,102.0,,,96.5,,98.8,Cis man,ANSUR (2012)
,106.7,,,100.2,,101.5,Cis man,ANSUR (2012)
,124.8,,,123.8,,115.3,Cis man,ANSUR (2012)
,113.0,,,104.2,,103.4,Cis man,ANSUR (2012)
,107.6,,,88.9,,104.9,Cis man,ANSUR (2012)
,103.5,,,96.1,,100.2,Cis man,ANSUR (2012)
,121.3,,,123.5,,118.2,Cis man,ANSUR (2012)
,117.8,,,110.1,,110.2,Cis man,ANSUR (2012)
,109.6,,,97.0,,96.4,Cis man,ANSUR (2012)
,112.2,,,100.7,,102.7,Cis man,ANSUR (2012)
,116.2,,,110.2,,110.4,Cis man,ANSUR (2012)
,100.6,,,92.4,,105.9,Cis man,ANSUR (2012)
,105.1,,,95.7,,96.8,Cis man,ANSUR (2012)
,100.3,,,88.0,,101.9,Cis man,ANSUR (2012)
,120.2,,,102.4,,110.7,Cis man,ANSUR (2012)
,128.5,,,125.4,,121.2,Cis man,ANSUR (2012)
,116.6,,,110.8,,110.8,Cis man,ANSUR (2012)
,95.7,,,83.9,,92.7,Cis man,ANSUR (2012)
,95.7,,,86.2,,86.6,Cis man,ANSUR (2012)
,137.4,,,128.2,,120.2,Cis man,ANSUR (2012)
,111.7,,,103.5,,104.0,Cis man,ANSUR (2012)
,91.7,,,78.7,,99.2,Cis man,ANSUR (2012)
,106.6,,,93.8,,100.3,Cis man,ANSUR (2012)
,97.9,,,93.3,,106.4,Cis man,ANSUR (2012)
,106.4,,,98.6,,103.3,Cis man,ANSUR (2012)
,103.1,,,94.6,,103.9,Cis man,ANSUR (2012)
,91.9,,,74.8,,92.1,Cis man,ANSUR (2012)
,109.8,,,93.4,,105.0,Cis man,ANSUR (2012)
,100.0,,,80.2,,92.4,Cis man,ANSUR (2012)
,111.2,,,96.8,,103.7,Cis man,ANSUR (2012)
,112.4,,,114.4,,112.2,Cis man,ANSUR (2012)
,96.5,,,88.3,,96.6,Cis man,ANSUR (2012)
,99.7,,,79.5,,90.1,Cis man,ANSUR (2012)
,119.2,,,114.3,,121.4,Cis man,ANSUR (2012)
,91.0,,,77.8,,89.3,Cis man,ANSUR (2012)
,99.8,,,81.8,,94.2,Cis man,ANSUR (2012)
,114.5,,,105.4,,114.1,Cis man,ANSUR (2012)
,96.1,,,86.2,,98.2,Cis man,ANSUR (2012)
,112.0,,,100.3,,101.4,Cis man,ANSUR (2012)
,108.3,,,97.2,,105.9,Cis man,ANSUR (2012)
,106.2,,,91.4,,100.1,Cis man,ANSUR (2012)
,105.8,,,109.4,,109.4,Cis man,ANSUR (2012)
,106.7,,,100.4,,107.7,Cis man,ANSUR (2012)
,112.7,,,102.6,,106.1,Cis man,ANSUR (2012)
,98.5,,,81.1,,92.2,Cis man,ANSUR (2012)
,104.4,,,94.8,,93.7,Cis man,ANSUR (2012)
,102.5,,,95.8,,97.5,Cis man,ANSUR (2012)
,93.9,,,85.3,,99.8,Cis man,ANSUR (2012)
,100.5,,,88.2,,101.7,Cis man,ANSUR (2012)
,97.4,,,80.0,,96.5,Cis man,ANSUR (2012)
,108.2,,,87.0,,103.8,Cis man,ANSUR (2012)
,117.9,,,101.9,,106.5,Cis man,ANSUR (2012)
,96.7,,,82.9,,92.6,Cis man,ANSUR (2012)
,105.1,,,98.2,,104.6,Cis man,ANSUR (2012)
,108.2,,,91.9,,104.7,Cis man,ANSUR (2012)
,131.3,,,126.6,,129.9,Cis man,ANSUR (2012)
,116.2,,,96.6,,112.7,Cis man,ANSUR (2012)
,92.8,,,85.7,,92.1,Cis man,ANSUR (2012)
,100.7,,,86.3,,100.6,Cis man,ANSUR (2012)
,107.4,,,92.6,,102.9,Cis man,ANSUR (2012)
,106.9,,,98.5,,102.7,Cis man,ANSUR (2012)
,108.1,,,84.9,,103.4,Cis man,ANSUR (2012)
,116.2,,,97.0,,110.3,Cis man,ANSUR (2012)
,105.5,,,101.9,,107.1,Cis man,ANSUR (2012)
,100.4,,,86.2,,88.2,Cis man,ANSUR (2012)
,99.4,,,85.4,,96.5,Cis man,ANSUR (2012)
,97.4,,,89.1,,96.5,Cis man,ANSUR (2012)
,103.4,,,94.0,,102.3,Cis man,ANSUR (2012)
,108.5,,,103.8,,108.3,Cis man,ANSUR (2012)
,95.2,,,75.7,,87.8,Cis man,ANSUR (2012)
,93.4,,,75.2,,88.8,Cis man,ANSUR (2012)
,93.8,,,72.3,,87.0,Cis man,ANSUR (2012)
,121.4,,,110.8,,112.1,Cis man,ANSUR (2012)
,102.4,,,79.2,,90.3,Cis man,ANSUR (2012)
,96.9,,,79.8,,91.8,Cis man,ANSUR (2012)
,97.7,,,87.9,,91.3,Cis man,ANSUR (2012)
,96.4,,,85.1,,90.5,Cis man,ANSUR (2012)
,115.6,,,104.3,,105.5,Cis man,ANSUR (2012)
,110.0,,,92.6,,103.1,Cis man,ANSUR (2012)
,101.2,,,88.6,,99.4,Cis man,ANSUR (2012)
,99.4,,,83.5,,94.5,Cis man,ANSUR (2012)
,101.6,,,84.4,,95.1,Cis man,ANSUR (2012)
,106.1,,,93.6,,101.4,Cis man,ANSUR (2012)
,103.1,,,91.6,,96.9,Cis man,ANSUR (2012)
,103.6,,,86.6,,93.5,Cis man,ANSUR (2012)
,118.3,,,105.1,,106.4,Cis man,ANSUR (2012)
,104.4,,,96.7,,101.3,Cis man,ANSUR (2012)
,108.4,,,95.2,,100.4,Cis man,ANSUR (2012)
,122.2,,,108.8,,108.2,Cis man,ANSUR (2012)
,121.4,,,127.0,,125.6,Cis man,ANSUR (2012)
,114.4,,,110.5,,114.8,Cis man,ANSUR (2012)
,119.7,,,110.4,,112.8,Cis man,ANSUR (2012)
,110.4,,,106.6,,107.9,Cis man,ANSUR (2012)
,114.3,,,108.6,,117.8,Cis man,ANSUR (2012)
,128.8,,,121.0,,118.8,Cis man,ANSUR (2012)
,116.1,,,109.4,,111.6,Cis man,ANSUR (2012)
,94.9,,,86.6,,94.2,Cis man,ANSUR (2012)
,93.6,,,81.6,,94.2,Cis man,ANSUR (2012)
,98.2,,,98.1,,96.3,Cis man,ANSUR (2012)
,101.2,,,89.2,,96.2,Cis man,ANSUR (2012)
,103.9,,,96.0,,100.5,Cis man,ANSUR (2012)
,93.7,,,88.6,,91.9,Cis man,ANSUR (2012)
,113.7,,,101.1,,104.2,Cis man,ANSUR (2012)
,98.2,,,75.4,,91.7,Cis man,ANSUR (2012)
,115.2,,,103.4,,100.4,Cis man,ANSUR (2012)
,122.8,,,106.5,,108.9,Cis man,ANSUR (2012)
,102.7,,,85.9,,105.7,Cis man,ANSUR (2012)
,97.8,,,89.1,,99.2,Cis man,ANSUR (2012)
,115.2,,,93.1,,108.6,Cis man,ANSUR (2012)
,98.3,,,83.2,,91.8,Cis man,ANSUR (2012)
,104.7,,,106.1,,112.1,Cis man,ANSUR (2012)
,109.1,,,85.9,,100.8,Cis man,ANSUR (2012)
,107.3,,,90.2,,92.4,Cis man,ANSUR (2012)
,106.2,,,90.1,,101.4,Cis man,ANSUR (2012)
,117.4,,,108.3,,115.5,Cis man,ANSUR (2012)
,111.2,,,107.1,,115.1,Cis man,ANSUR (2012)
,106.6,,,91.0,,105.3,Cis man,ANSUR (2012)
,98.6,,,84.0,,97.4,Cis man,ANSUR (2012)
,98.6,,,78.5,,95.6,Cis man,ANSUR (2012)
,99.8,,,86.4,,98.1,Cis man,ANSUR (2012)
,105.6,,,94.0,,102.5,Cis man,ANSUR (2012)
,111.2,,,104.7,,107.5,Cis man,ANSUR (2012)
,104.2,,,90.2,,102.5,Cis man,ANSUR (2012)
,101.7,,,82.5,,97.6,Cis man,ANSUR (2012)
,99.6,,,89.6,,96.8,Cis man,ANSUR (2012)
,114.7,,,97.2,,111.0,Cis man,ANSUR (2012)
,95.9,,,85.2,,98.1,Cis man,ANSUR (2012)
,108.0,,,95.5,,106.5,Cis man,ANSUR (2012)
,120.1,,,114.4,,118.6,Cis man,ANSUR (2012)
,94.7,,,73.7,,87.9,Cis man,ANSUR (2012)
,113.9,,,114.4,,118.0,Cis man,ANSUR (2012)
,108.4,,,92.0,,106.1,Cis man,ANSUR (2012)
,95.3,,,81.5,,98.3,Cis man,ANSUR (2012)
,90.7,,,73.1,,90.9,Cis man,ANSUR (2012)
,97.5,,,86.2,,100.1,Cis man,ANSUR (2012)
,113.3,,,96.8,,106.3,Cis man,ANSUR (2012)
,94.4,,,83.7,,94.1,Cis man,ANSUR (2012)
,111.5,,,93.7,,102.2,Cis man,ANSUR (2012)
,93.2,,,72.6,,91.1,Cis man,ANSUR (2012)
,116.4,,,95.6,,109.2,Cis man,ANSUR (2012)
,92.0,,,81.1,,94.9,Cis man,ANSUR (2012)
,104.6,,,92.5,,106.8,Cis man,ANSUR (2012)
,101.7,,,79.8,,96.5,Cis man,ANSUR (2012)
,90.7,,,74.4,,88.5,Cis man,ANSUR (2012)
,103.0,,,91.0,,93.5,Cis man,ANSUR (2012)
,91.8,,,77.0,,82.2,Cis man,ANSUR (2012)
,98.9,,,78.7,,94.7,Cis man,ANSUR (2012)
,97.3,,,77.9,,94.1,Cis man,ANSUR (2012)
,108.3,,,96.9,,103.8,Cis man,ANSUR (2012)
,105.8,,,88.8,,101.4,Cis man,ANSUR (2012)
,118.4,,,102.9,,103.2,Cis man,ANSUR (2012)
,112.3,,,101.7,,107.4,Cis man,ANSUR (2012)
,103.4,,,95.3,,103.5,Cis man,ANSUR (2012)
,100.0,,,81.6,,97.7,Cis man,ANSUR (2012)
,106.6,,,98.0,,98.1,Cis man,ANSUR (2012)
,105.8,,,89.6,,99.2,Cis man,ANSUR (2012)
,105.4,,,89.7,,103.1,Cis man,ANSUR (2012)
,111.6,,,100.0,,103.8,Cis man,ANSUR (2012)
,100.2,,,88.0,,99.9,Cis man,ANSUR (2012)
,113.1,,,109.0,,110.3,Cis man,ANSUR (2012)
,109.1,,,95.5,,101.4,Cis man,ANSUR (2012)
,110.2,,,94.6,,96.0,Cis man,ANSUR (2012)
,107.9,,,97.8,,108.3,Cis man,ANSUR (2012)
,118.8,,,107.6,,110.9,Cis man,ANSUR (2012)
,99.8,,,93.3,,97.7,Cis man,ANSUR (2012)
,89.4,,,73.2,,87.1,Cis man,ANSUR (2012)
,113.9,,,106.5,,105.3,Cis man,ANSUR (2012)
,119.8,,,123.4,,129.7,Cis man,ANSUR (2012)
,97.8,,,85.7,,94.6,Cis man,ANSUR (2012)
,114.0,,,103.0,,111.3,Cis man,ANSUR (2012)
,115.9,,,107.6,,118.2,Cis man,ANSUR (2012)
,97.6,,,89.2,,100.6,Cis man,ANSUR (2012)
,86.8,,,76.3,,89.1,Cis man,ANSUR (2012)
,115.7,,,103.5,,106.3,Cis man,ANSUR (2012)
,97.7,,,86.2,,95.2,Cis man,ANSUR (2012)
,103.1,,,86.8,,100.4,Cis man,ANSUR (2012)
,102.9,,,98.5,,100.8,Cis man,ANSUR (2012)
,121.6,,,113.0,,115.1,Cis man,ANSUR (2012)
,100.9,,,100.6,,107.8,Cis man,ANSUR (2012)
,112.9,,,105.6,,104.7,Cis man,ANSUR (2012)
,108.1,,,92.0,,99.7,Cis man,ANSUR (2012)
,98.5,,,101.3,,110.9,Cis man,ANSUR (2012)
,107.0,,,100.0,,106.7,Cis man,ANSUR (2012)
,95.3,,,76.5,,93.1,Cis man,ANSUR (2012)
,112.2,,,112.7,,116.7,Cis man,ANSUR (2012)
,96.9,,,84.1,,96.8,Cis man,ANSUR (2012)
,127.8,,,118.8,,123.4,Cis man,ANSUR (2012)
,98.6,,,86.0,,98.8,Cis man,ANSUR (2012)
,110.2,,,101.0,,104.7,Cis man,ANSUR (2012)
,112.7,,,101.2,,106.6,Cis man,ANSUR (2012)
,89.0,,,83.1,,90.2,Cis man,ANSUR (2012)
,99.6,,,90.7,,102.2,Cis man,ANSUR (2012)
,104.3,,,80.3,,93.7,Cis man,ANSUR (2012)
,104.9,,,94.0,,103.2,Cis man,ANSUR (2012)
,110.0,,,101.2,,107.3,Cis man,ANSUR (2012)
,102.0,,,85.1,,98.6,Cis man,ANSUR (2012)
,105.5,,,91.0,,102.1,Cis man,ANSUR (2012)
,96.2,,,83.4,,95.5,Cis man,ANSUR (2012)
,101.9,,,94.0,,102.4,Cis man,ANSUR (2012)
,91.8,,,76.0,,92.9,Cis man,ANSUR (2012)
,96.8,,,81.8,,92.5,Cis man,ANSUR (2012)
,101.4,,,88.0,,98.2,Cis man,ANSUR (2012)
,98.4,,,82.7,,92.4,Cis man,ANSUR (2012)
,100.7,,,82.1,,97.5,Cis man,ANSUR (2012)
,102.6,,,87.5,,103.1,Cis man,ANSUR (2012)
,117.3,,,104.5,,111.2,Cis man,ANSUR (2012)
,105.8,,,92.3,,102.1,Cis man,ANSUR (2012)
,98.4,,,84.4,,100.9,Cis man,ANSUR (2012)
,101.0,,,88.2,,99.5,Cis man,ANSUR (2012)
,116.1,,,109.6,,125.2,Cis man,ANSUR (2012)
,113.1,,,92.0,,101.6,Cis man,ANSUR (2012)
,92.2,,,78.7,,91.8,Cis man,ANSUR (2012)
,110.8,,,90.0,,103.2,Cis man,ANSUR (2012)
,102.8,,,101.2,,102.8,Cis man,ANSUR (2012)
,95.7,,,75.2,,86.1,Cis man,ANSUR (2012)
,96.6,,,90.6,,99.2,Cis man,ANSUR (2012)
,91.7,,,77.3,,89.1,Cis man,ANSUR (2012)
,90.2,,,73.0,,88.2,Cis man,ANSUR (2012)
,110.1,,,88.2,,97.8,Cis man,ANSUR (2012)
,95.6,,,81.9,,92.4,Cis man,ANSUR (2012)
,100.7,,,85.5,,98.5,Cis man,ANSUR (2012)
,95.5,,,73.5,,91.4,Cis man,ANSUR (2012)
,97.1,,,78.1,,91.0,Cis man,ANSUR (2012)
,99.3,,,87.0,,102.3,Cis man,ANSUR (2012)
,96.0,,,80.7,,94.2,Cis man,ANSUR (2012)
,112.1,,,97.2,,105.6,Cis man,ANSUR (2012)
,125.5,,,122.4,,118.1,Cis man,ANSUR (2012)
,100.7,,,90.5,,101.0,Cis man,ANSUR (2012)
,107.1,,,92.0,,109.3,Cis man,ANSUR (2012)
,117.2,,,110.5,,115.7,Cis man,ANSUR (2012)
,105.3,,,91.7,,101.1,Cis man,ANSUR (2012)
,98.4,,,75.2,,88.1,Cis man,ANSUR (2012)
,107.1,,,91.1,,105.8,Cis man,ANSUR (2012)
,116.3,,,108.2,,109.2,Cis man,ANSUR (2012)
,108.5,,,87.5,,94.1,Cis man,ANSUR (2012)
,101.9,,,90.4,,101.4,Cis man,ANSUR (2012)
,105.8,,,94.6,,104.1,Cis man,ANSUR (2012)
,99.3,,,88.5,,97.1,Cis man,ANSUR (2012)
,103.4,,,91.5,,103.1,Cis man,ANSUR (2012)
,90.9,,,73.9,,94.4,Cis man,ANSUR (2012)
,102.8,,,77.6,,91.0,Cis man,ANSUR (2012)
,104.7,,,96.1,,100.0,Cis man,ANSUR (2012)
,112.9,,,104.2,,105.5,Cis man,ANSUR (2012)
,104.4,,,102.8,,110.5,Cis man,ANSUR (2012)
,102.1,,,82.8,,96.3,Cis man,ANSUR (2012)
,110.1,,,95.2,,107.8,Cis man,ANSUR (2012)
,106.6,,,101.2,,105.2,Cis man,ANSUR (2012)
,99.6,,,86.0,,93.6,Cis man,ANSUR (2012)
,93.4,,,76.1,,91.5,Cis man,ANSUR (2012)
,98.7,,,80.2,,93.0,Cis man,ANSUR (2012)
,130.2,,,114.2,,122.4,Cis man,ANSUR (2012)
,112.1,,,106.1,,98.8,Cis man,ANSUR (2012)
,110.0,,,105.3,,104.1,Cis man,ANSUR (2012)
,107.1,,,91.6,,94.7,Cis man,ANSUR (2012)
,116.3,,,110.3,,111.6,Cis man,ANSUR (2012)
,95.1,,,90.0,,94.3,Cis man,ANSUR (2012)
,101.6,,,89.9,,96.4,Cis man,ANSUR (2012)
,89.0,,,82.2,,90.0,Cis man,ANSUR (2012)
,104.2,,,88.0,,94.1,Cis man,ANSUR (2012)
,114.8,,,106.2,,105.8,Cis man,ANSUR (2012)
,107.7,,,105.0,,103.8,Cis man,ANSUR (2012)
,114.9,,,100.7,,107.9,Cis man,ANSUR (2012)
,115.8,,,106.5,,112.7,Cis man,ANSUR (2012)
,100.3,,,84.1,,99.7,Cis man,ANSUR (2012)
,101.1,,,91.6,,98.7,Cis man,ANSUR (2012)
,115.8,,,104.8,,106.3,Cis man,ANSUR (2012)
,107.4,,,99.7,,106.8,Cis man,ANSUR (2012)
,106.8,,,98.8,,110.9,Cis man,ANSUR (2012)
,103.6,,,98.1,,98.8,Cis man,ANSUR (2012)
,98.0,,,81.1,,96.2,Cis man,ANSUR (2012)
,94.0,,,76.7,,92.1,Cis man,ANSUR (2012)
,104.4,,,96.6,,104.2,Cis man,ANSUR (2012)
,98.1,,,90.0,,97.6,Cis man,ANSUR (2012)
,100.6,,,89.7,,93.5,Cis man,ANSUR (2012)
,101.1,,,75.4,,88.2,Cis man,ANSUR (2012)
,99.6,,,85.3,,96.2,Cis man,ANSUR (2012)
,107.2,,,91.5,,98.1,Cis man,ANSUR (2012)
,115.8,,,110.7,,113.8,Cis man,ANSUR (2012)
,118.1,,,107.6,,104.3,Cis man,ANSUR (2012)
,103.2,,,95.0,,103.8,Cis man,ANSUR (2012)
,120.4,,,119.9,,128.8,Cis man,ANSUR (2012)
,108.4,,,104.8,,117.2,Cis man,ANSUR (2012)
,108.6,,,107.0,,105.0,Cis man,ANSUR (2012)
,105.8,,,96.6,,105.2,Cis man,ANSUR (2012)
,108.1,,,100.9,,114.2,Cis man,ANSUR (2012)
,98.5,,,88.0,,99.1,Cis man,ANSUR (2012)
,97.0,,,84.9,,100.3,Cis man,ANSUR (2012)
,94.2,,,85.0,,93.8,Cis man,ANSUR (2012)
,94.3,,,78.8,,91.8,Cis man,ANSUR (2012)
,108.2,,,99.8,,107.4,Cis man,ANSUR (2012)
,101.4,,,87.5,,99.1,Cis man,ANSUR (2012)
,95.5,,,80.1,,90.9,Cis man,ANSUR (2012)
,100.5,,,85.0,,96.7,Cis man,ANSUR (2012)
,120.1,,,113.2,,117.8,Cis man,ANSUR (2012)
,85.8,,,75.9,,87.0,Cis man,ANSUR (2012)
,84.8,,,74.0,,85.2,Cis man,ANSUR (2012)
,103.0,,,101.5,,101.4,Cis man,ANSUR (2012)
,123.6,,,112.8,,119.3,Cis man,ANSUR (2012)
,114.8,,,108.7,,117.3,Cis man,ANSUR (2012)
,103.3,,,100.2,,101.1,Cis man,ANSUR (2012)
,108.2,,,95.3,,98.3,Cis man,ANSUR (2012)
,106.3,,,102.9,,102.7,Cis man,ANSUR (2012)
,94.9,,,78.9,,87.5,Cis man,ANSUR (2012)
,98.2,,,84.8,,91.8,Cis man,ANSUR (2012)
,101.4,,,84.0,,98.7,Cis man,ANSUR (2012)
,129.0,,,124.5,,114.8,Cis man,ANSUR (2012)
,93.3,,,85.6,,95.7,Cis man,ANSUR (2012)
,109.8,,,110.0,,102.9,Cis man,ANSUR (2012)
,101.7,,,91.3,,98.1,Cis man,ANSUR (2012)
,103.6,,,91.9,,98.2,Cis man,ANSUR (2012)
,94.4,,,82.5,,96.4,Cis man,ANSUR (2012)
,90.9,,,82.6,,90.2,Cis man,ANSUR (2012)
,98.0,,,88.8,,102.8,Cis man,ANSUR (2012)
,94.9,,,81.7,,95.8,Cis man,ANSUR (2012)
,96.4,,,91.2,,95.8,Cis man,ANSUR (2012)
,99.7,,,89.1,,104.0,Cis man,ANSUR (2012)
,100.1,,,85.3,,97.5,Cis man,ANSUR (2012)
,102.5,,,84.5,,92.8,Cis man,ANSUR (2012)
,122.1,,,120.0,,121.0,Cis man,ANSUR (2012)
,100.6,,,95.4,,101.0,Cis man,ANSUR (2012)
,88.8,,,72.5,,88.9,Cis man,ANSUR (2012)
,104.3,,,100.5,,98.4,Cis man,ANSUR (2012)
,118.9,,,106.1,,103.8,Cis man,ANSUR (2012)
,99.8,,,86.0,,96.2,Cis man,ANSUR (2012)
,106.3,,,88.0,,101.6,Cis man,ANSUR (2012)
,125.4,,,114.8,,116.8,Cis man,ANSUR (2012)
,100.9,,,85.7,,93.1,Cis man,ANSUR (2012)
,115.5,,,108.4,,112.1,Cis man,ANSUR (2012)
,125.5,,,117.5,,109.7,Cis man,ANSUR (2012)
,105.5,,,103.8,,104.4,Cis man,ANSUR (2012)
,106.5,,,92.0,,113.2,Cis man,ANSUR (2012)
,123.3,,,115.5,,120.3,Cis man,ANSUR (2012)
,101.2,,,83.8,,100.2,Cis man,ANSUR (2012)
,90.0,,,77.0,,86.3,Cis man,ANSUR (2012)
,104.2,,,88.1,,97.4,Cis man,ANSUR (2012)
,111.2,,,101.0,,109.0,Cis man,ANSUR (2012)
,92.0,,,73.7,,88.2,Cis man,ANSUR (2012)
,119.2,,,108.4,,110.0,Cis man,ANSUR (2012)
,100.5,,,96.0,,104.8,Cis man,ANSUR (2012)
,104.0,,,91.5,,103.6,Cis man,ANSUR (2012)
,110.2,,,91.4,,103.0,Cis man,ANSUR (2012)
,112.0,,,96.0,,99.0,Cis man,ANSUR (2012)
,89.6,,,72.4,,87.5,Cis man,ANSUR (2012)
,125.8,,,123.8,,120.5,Cis man,ANSUR (2012)
,104.5,,,87.8,,102.1,Cis man,ANSUR (2012)
,104.3,,,87.2,,97.7,Cis man,ANSUR (2012)
,109.2,,,100.4,,104.8,Cis man,ANSUR (2012)
,110.9,,,93.8,,99.8,Cis man,ANSUR (2012)
,107.6,,,93.6,,105.1,Cis man,ANSUR (2012)
,103.7,,,96.3,,105.4,Cis man,ANSUR (2012)
,104.7,,,95.0,,102.2,Cis man,ANSUR (2012)
,120.2,,,117.0,,120.4,Cis man,ANSUR (2012)
,110.9,,,107.8,,116.0,Cis man,ANSUR (2012)
,112.9,,,103.8,,113.3,Cis man,ANSUR (2012)
,99.4,,,86.2,,98.9,Cis man,ANSUR (2012)
,97.4,,,87.0,,95.5,Cis man,ANSUR (2012)
,107.7,,,101.0,,107.8,Cis man,ANSUR (2012)
,82.6,,,65.0,,85.8,Cis man,ANSUR (2012)
,93.1,,,86.0,,94.4,Cis man,ANSUR (2012)
,103.2,,,90.2,,103.4,Cis man,ANSUR (2012)
,105.0,,,83.0,,97.7,Cis man,ANSUR (2012)
,119.2,,,106.7,,111.7,Cis man,ANSUR (2012)
,111.6,,,99.9,,108.7,Cis man,ANSUR (2012)
,95.3,,,83.9,,88.3,Cis man,ANSUR (2012)
,97.9,,,80.2,,96.3,Cis man,ANSUR (2012)
,92.8,,,73.0,,90.0,Cis man,ANSUR (2012)
,110.6,,,96.6,,106.9,Cis man,ANSUR (2012)
,99.3,,,83.8,,91.8,Cis man,ANSUR (2012)
,97.6,,,86.6,,94.3,Cis man,ANSUR (2012)
,107.0,,,93.2,,97.4,Cis man,ANSUR (2012)
,91.7,,,81.6,,92.8,Cis man,ANSUR (2012)
,102.3,,,80.8,,95.1,Cis man,ANSUR (2012)
,93.4,,,83.6,,94.6,Cis man,ANSUR (2012)
,107.4,,,92.5,,102.6,Cis man,ANSUR (2012)
,97.9,,,77.5,,96.1,Cis man,ANSUR (2012)
,98.0,,,83.0,,98.1,Cis man,ANSUR (2012)
,98.4,,,85.7,,91.9,Cis man,ANSUR (2012)
,116.1,,,105.8,,107.5,Cis man,ANSUR (2012)
,107.7,,,93.7,,104.5,Cis man,ANSUR (2012)
,100.2,,,80.9,,95.2,Cis man,ANSUR (2012)
,114.1,,,100.3,,107.8,Cis man,ANSUR (2012)
,105.2,,,93.0,,100.8,Cis man,ANSUR (2012)
,105.9,,,86.6,,90.7,Cis man,ANSUR (2012)
,102.4,,,91.1,,99.6,Cis man,ANSUR (2012)
,93.8,,,86.5,,93.0,Cis man,ANSUR (2012)
,110.6,,,86.8,,97.7,Cis man,ANSUR (2012)
,98.7,,,86.5,,96.0,Cis man,ANSUR (2012)
,114.3,,,103.0,,108.2,Cis man,ANSUR (2012)
,109.7,,,92.5,,98.6,Cis man,ANSUR (2012)
,123.3,,,110.1,,116.8,Cis man,ANSUR (2012)
,106.3,,,92.7,,107.3,Cis man,ANSUR (2012)
,105.3,,,95.7,,104.7,Cis man,ANSUR (2012)
,98.6,,,78.6,,93.1,Cis man,ANSUR (2012)
,101.1,,,84.9,,95.1,Cis man,ANSUR (2012)
,107.7,,,91.8,,112.1,Cis man,ANSUR (2012)
,100.4,,,85.1,,95.7,Cis man,ANSUR (2012)
,103.3,,,101.1,,102.9,Cis man,ANSUR (2012)
,102.7,,,90.5,,101.5,Cis man,ANSUR (2012)
,114.2,,,109.6,,113.2,Cis man,ANSUR (2012)
,101.7,,,89.1,,102.1,Cis man,ANSUR (2012)
,102.1,,,85.5,,96.2,Cis man,ANSUR (2012)
,103.7,,,94.0,,102.4,Cis man,ANSUR (2012)
,99.4,,,88.0,,93.8,Cis man,ANSUR (2012)
,109.5,,,83.2,,95.5,Cis man,ANSUR (2012)
,101.2,,,81.7,,93.3,Cis man,ANSUR (2012)
,102.9,,,92.9,,99.2,Cis man,ANSUR (2012)
,101.4,,,90.5,,98.1,Cis man,ANSUR (2012)
,88.3,,,79.4,,89.5,Cis man,ANSUR (2012)
,102.4,,,94.1,,105.3,Cis man,ANSUR (2012)
,109.8,,,102.2,,107.0,Cis man,ANSUR (2012)
,104.4,,,97.0,,104.2,Cis man,ANSUR (2012)
,105.6,,,87.3,,99.5,Cis man,ANSUR (2012)
,125.2,,,112.7,,115.3,Cis man,ANSUR (2012)
,108.3,,,91.8,,103.6,Cis man,ANSUR (2012)
,116.2,,,110.0,,115.7,Cis man,ANSUR (2012)
,116.2,,,101.5,,110.5,Cis man,ANSUR (2012)
,110.4,,,91.0,,108.9,Cis man,ANSUR (2012)
,108.4,,,85.6,,103.2,Cis man,ANSUR (2012)
,100.2,,,94.5,,99.3,Cis man,ANSUR (2012)
,96.6,,,78.3,,91.5,Cis man,ANSUR (2012)
,102.3,,,98.8,,104.7,Cis man,ANSUR (2012)
,113.1,,,101.4,,110.1,Cis man,ANSUR (2012)
,104.2,,,96.7,,103.1,Cis man,ANSUR (2012)
,113.8,,,96.1,,97.9,Cis man,ANSUR (2012)
,105.2,,,94.2,,106.7,Cis man,ANSUR (2012)
,100.4,,,91.1,,100.4,Cis man,ANSUR (2012)
,99.2,,,81.1,,94.3,Cis man,ANSUR (2012)
,100.8,,,87.5,,101.1,Cis man,ANSUR (2012)
,93.3,,,78.9,,96.4,Cis man,ANSUR (2012)
,109.0,,,102.1,,114.8,Cis man,ANSUR (2012)
,118.3,,,103.3,,106.9,Cis man,ANSUR (2012)
,102.4,,,77.5,,96.2,Cis man,ANSUR (2012)
,113.3,,,99.1,,106.1,Cis man,ANSUR (2012)
,102.5,,,83.4,,96.8,Cis man,ANSUR (2012)
,95.1,,,79.0,,95.7,Cis man,ANSUR (2012)
,102.3,,,100.5,,103.1,Cis man,ANSUR (2012)
,96.2,,,73.9,,89.9,Cis man,ANSUR (2012)
,110.8,,,95.2,,101.1,Cis man,ANSUR (2012)
,95.5,,,78.9,,92.8,Cis man,ANSUR (2012)
,109.9,,,98.9,,103.8,Cis man,ANSUR (2012)
,92.0,,,82.0,,91.7,Cis man,ANSUR (2012)
,105.2,,,88.7,,98.3,Cis man,ANSUR (2012)
,98.2,,,78.2,,94.9,Cis man,ANSUR (2012)
,105.4,,,94.3,,102.5,Cis man,ANSUR (2012)
,110.2,,,94.2,,99.3,Cis man,ANSUR (2012)
,98.8,,,81.4,,95.0,Cis man,ANSUR (2012)
,96.3,,,83.2,,95.8,Cis man,ANSUR (2012)
,95.2,,,79.6,,97.0,Cis man,ANSUR (2012)
,108.9,,,99.1,,108.7,Cis man,ANSUR (2012)
,106.4,,,96.7,,103.2,Cis man,ANSUR (2012)
,110.5,,,102.2,,114.7,Cis man,ANSUR (2012)
,109.7,,,104.3,,107.9,Cis man,ANSUR (2012)
,97.3,,,70.7,,89.8,Cis man,ANSUR (2012)
,103.5,,,87.9,,100.0,Cis man,ANSUR (2012)
,117.6,,,118.8,,116.6,Cis man,ANSUR (2012)
,101.9,,,90.7,,103.8,Cis man,ANSUR (2012)
,97.7,,,82.8,,91.2,Cis man,ANSUR (2012)
,101.4,,,96.0,,97.0,Cis man,ANSUR (2012)
,103.2,,,87.1,,99.2,Cis man,ANSUR (2012)
,112.3,,,103.7,,109.6,Cis man,ANSUR (2012)
,99.6,,,86.5,,92.2,Cis man,ANSUR (2012)
,92.4,,,75.8,,91.4,Cis man,ANSUR (2012)
,100.9,,,88.4,,99.6,Cis man,ANSUR (2012)
,93.4,,,86.5,,96.3,Cis man,ANSUR (2012)
,97.6,,,79.1,,86.8,Cis man,ANSUR (2012)
,96.4,,,84.9,,98.3,Cis man,ANSUR (2012)
,95.7,,,77.6,,95.0,Cis man,ANSUR (2012)
,93.8,,,82.5,,89.6,Cis man,ANSUR (2012)
,99.2,,,87.7,,98.4,Cis man,ANSUR (2012)
,89.0,,,74.1,,84.6,Cis man,ANSUR (2012)
,101.1,,,91.8,,100.8,Cis man,ANSUR (2012)
,108.4,,,95.0,,106.1,Cis man,ANSUR (2012)
,115.0,,,103.2,,110.7,Cis man,ANSUR (2012)
,98.6,,,90.7,,100.8,Cis man,ANSUR (2012)
,108.2,,,79.5,,93.9,Cis man,ANSUR (2012)
,126.3,,,113.1,,110.2,Cis man,ANSUR (2012)
,92.3,,,77.5,,91.5,Cis man,ANSUR (2012)
,105.8,,,91.6,,103.0,Cis man,ANSUR (2012)
,111.9,,,107.6,,108.8,Cis man,ANSUR (2012)
,99.3,,,96.5,,100.6,Cis man,ANSUR (2012)
,103.8,,,89.1,,102.2,Cis man,ANSUR (2012)
,103.5,,,91.3,,100.2,Cis man,ANSUR (2012)
,101.9,,,89.1,,96.6,Cis man,ANSUR (2012)
,113.5,,,90.3,,102.3,Cis man,ANSUR (2012)
,100.1,,,79.4,,94.4,Cis man,ANSUR (2012)
,107.8,,,93.5,,107.4,Cis man,ANSUR (2012)
,101.8,,,89.8,,99.6,Cis man,ANSUR (2012)
,109.2,,,96.6,,106.6,Cis man,ANSUR (2012)
,94.8,,,83.1,,98.8,Cis man,ANSUR (2012)
,95.6,,,80.4,,95.9,Cis man,ANSUR (2012)
,107.6,,,92.4,,99.5,Cis man,ANSUR (2012)
,102.0,,,90.4,,104.9,Cis man,ANSUR (2012)
,106.4,,,92.8,,99.8,Cis man,ANSUR (2012)
,112.1,,,100.5,,111.4,Cis man,ANSUR (2012)
,100.5,,,85.2,,97.6,Cis man,ANSUR (2012)
,99.3,,,78.5,,94.0,Cis man,ANSUR (2012)
,87.0,,,72.8,,85.3,Cis man,ANSUR (2012)
,116.1,,,109.3,,115.8,Cis man,ANSUR (2012)
,111.9,,,97.7,,109.2,Cis man,ANSUR (2012)
,111.0,,,101.4,,110.3,Cis man,ANSUR (2012)
,99.1,,,83.3,,93.1,Cis man,ANSUR (2012)
,103.1,,,87.8,,96.8,Cis man,ANSUR (2012)
,100.4,,,86.2,,97.2,Cis man,ANSUR (2012)
,101.2,,,84.6,,98.1,Cis man,ANSUR (2012)
,97.9,,,79.6,,93.1,Cis man,ANSUR (2012)
,104.3,,,95.6,,104.6,Cis man,ANSUR (2012)
,98.9,,,81.0,,98.0,Cis man,ANSUR (2012)
,97.7,,,82.8,,95.8,Cis man,ANSUR (2012)
,102.7,,,94.9,,105.3,Cis man,ANSUR (2012)
,98.6,,,83.1,,95.0,Cis man,ANSUR (2012)
,114.1,,,101.7,,104.6,Cis man,ANSUR (2012)
,119.5,,,110.1,,121.7,Cis man,ANSUR (2012)
,105.3,,,83.5,,97.7,Cis man,ANSUR (2012)
,96.8,,,82.4,,94.9,Cis man,ANSUR (2012)
,113.4,,,100.2,,107.8,Cis man,ANSUR (2012)
,119.4,,,100.1,,108.6,Cis man,ANSUR (2012)
,112.3,,,100.7,,106.5,Cis man,ANSUR (2012)
,103.9,,,90.5,,100.3,Cis man,ANSUR (2012)
,98.2,,,78.6,,92.2,Cis man,ANSUR (2012)
,92.9,,,74.4,,88.7,Cis man,ANSUR (2012)
,99.7,,,85.5,,98.6,Cis man,ANSUR (2012)
,103.5,,,88.4,,94.2,Cis man,ANSUR (2012)
,102.5,,,92.8,,97.8,Cis man,ANSUR (2012)
,92.8,,,83.5,,93.5,Cis man,ANSUR (2012)
,106.5,,,97.2,,101.8,Cis man,ANSUR (2012)
,110.5,,,90.0,,102.5,Cis man,ANSUR (2012)
,108.4,,,93.4,,103.4,Cis man,ANSUR (2012)
,106.4,,,94.0,,100.2,Cis man,ANSUR (2012)
,111.3,,,90.7,,100.6,Cis man,ANSUR (2012)
,93.7,,,73.0,,90.3,Cis man,ANSUR (2012)
,102.9,,,96.1,,104.5,Cis man,ANSUR (2012)
,94.8,,,83.0,,95.1,Cis man,ANSUR (2012)
,101.2,,,93.2,,103.2,Cis man,ANSUR (2012)
,104.5,,,84.7,,94.4,Cis man,ANSUR (2012)
,96.3,,,80.7,,95.1,Cis man,ANSUR (2012)
,98.2,,,85.8,,95.9,Cis man,ANSUR (2012)
,103.0,,,83.7,,98.1,Cis man,ANSUR (2012)
,105.7,,,84.9,,97.6,Cis man,ANSUR (2012)
,95.2,,,75.5,,86.3,Cis man,ANSUR (2012)
,107.9,,,93.4,,106.5,Cis man,ANSUR (2012)
,95.5,,,83.0,,93.6,Cis man,ANSUR (2012)
,95.3,,,78.6,,88.2,Cis man,ANSUR (2012)
,100.2,,,85.0,,97.3,Cis man,ANSUR (2012)
,113.9,,,103.1,,112.3,Cis man,ANSUR (2012)
,101.8,,,87.0,,97.5,Cis man,ANSUR (2012)
,98.6,,,81.8,,95.3,Cis man,ANSUR (2012)
,106.5,,,92.8,,109.3,Cis man,ANSUR (2012)
,102.8,,,98.5,,105.7,Cis man,ANSUR (2012)
,104.4,,,86.2,,99.5,Cis man,ANSUR (2012)
,105.3,,,87.5,,96.6,Cis man,ANSUR (2012)
,102.2,,,83.6,,98.9,Cis man,ANSUR (2012)
,112.1,,,95.8,,104.2,Cis man,ANSUR (2012)
,100.5,,,87.0,,98.1,Cis man,ANSUR (2012)
,104.7,,,85.0,,98.8,Cis man,ANSUR (2012)
,103.1,,,83.3,,99.3,Cis man,ANSUR (2012)
,102.3,,,89.5,,97.1,Cis man,ANSUR (2012)
,102.7,,,87.3,,97.1,Cis man,ANSUR (2012)
,104.2,,,91.9,,101.2,Cis man,ANSUR (2012)
,103.7,,,95.8,,100.1,Cis man,ANSUR (2012)
,107.7,,,94.2,,98.0,Cis man,ANSUR (2012)
,103.4,,,91.5,,100.6,Cis man,ANSUR (2012)
,107.5,,,96.8,,101.3,Cis man,ANSUR (2012)
,108.8,,,98.5,,101.0,Cis man,ANSUR (2012)
,92.0,,,74.0,,91.1,Cis man,ANSUR (2012)
,106.0,,,86.2,,104.7,Cis man,ANSUR (2012)
,104.7,,,90.7,,101.7,Cis man,ANSUR (2012)
,102.6,,,84.9,,96.8,Cis man,ANSUR (2012)
,109.2,,,98.9,,101.7,Cis man,ANSUR (2012)
,115.1,,,107.2,,120.5,Cis man,ANSUR (2012)
,103.3,,,93.6,,97.8,Cis man,ANSUR (2012)
,97.6,,,86.1,,93.2,Cis man,ANSUR (2012)
,96.0,,,75.1,,90.1,Cis man,ANSUR (2012)
,105.3,,,103.2,,100.9,Cis man,ANSUR (2012)
,91.8,,,78.0,,89.3,Cis man,ANSUR (2012)
,89.5,,,70.5,,89.9,Cis man,ANSUR (2012)
,108.5,,,92.1,,98.9,Cis man,ANSUR (2012)
,86.6,,,69.8,,82.8,Cis man,ANSUR (2012)
,107.5,,,92.2,,101.4,Cis man,ANSUR (2012)
,109.8,,,88.5,,101.9,Cis man,ANSUR (2012)
,102.0,,,80.3,,95.5,Cis man,ANSUR (2012)
,106.4,,,90.2,,101.1,Cis man,ANSUR (2012)
,108.1,,,92.5,,100.8,Cis man,ANSUR (2012)
,114.2,,,104.1,,109.8,Cis man,ANSUR (2012)
,101.4,,,91.2,,103.3,Cis man,ANSUR (2012)
,105.7,,,89.3,,100.9,Cis man,ANSUR (2012)
,108.6,,,92.2,,105.7,Cis man,ANSUR (2012)
,89.8,,,80.0,,89.5,Cis man,ANSUR (2012)
,113.7,,,99.9,,105.8,Cis man,ANSUR (2012)
,125.8,,,115.8,,116.5,Cis man,ANSUR (2012)
,108.7,,,97.5,,107.4,Cis man,ANSUR (2012)
,95.0,,,78.8,,93.4,Cis man,ANSUR (2012)
,116.8,,,103.6,,110.4,Cis man,ANSUR (2012)
,91.4,,,76.2,,91.5,Cis man,ANSUR (2012)
,94.7,,,83.8,,98.2,Cis man,ANSUR (2012)
,99.8,,,91.3,,97.4,Cis man,ANSUR (2012)
,113.3,,,98.8,,106.1,Cis man,ANSUR (2012)
,125.1,,,118.2,,111.2,Cis man,ANSUR (2012)
,108.1,,,98.4,,104.8,Cis man,ANSUR (2012)
,111.1,,,106.0,,113.1,Cis man,ANSUR (2012)
,90.5,,,77.0,,90.5,Cis man,ANSUR (2012)
,94.2,,,81.9,,93.7,Cis man,ANSUR (2012)
,102.9,,,91.7,,99.3,Cis man,ANSUR (2012)
,106.8,,,94.0,,106.3,Cis man,ANSUR (2012)
,127.8,,,118.6,,117.2,Cis man,ANSUR (2012)
,109.2,,,101.9,,105.3,Cis man,ANSUR (2012)
,108.5,,,95.7,,103.9,Cis man,ANSUR (2012)
,100.0,,,93.1,,100.3,Cis man,ANSUR (2012)
,108.2,,,92.6,,99.2,Cis man,ANSUR (2012)
,108.8,,,93.5,,106.5,Cis man,ANSUR (2012)
,94.9,,,79.6,,92.5,Cis man,ANSUR (2012)
,111.7,,,103.4,,103.7,Cis man,ANSUR (2012)
,110.0,,,98.0,,112.8,Cis man,ANSUR (2012)
,112.4,,,101.1,,104.8,Cis man,ANSUR (2012)
,100.5,,,88.0,,98.8,Cis man,ANSUR (2012)
,107.9,,,101.3,,101.7,Cis man,ANSUR (2012)
,102.6,,,95.3,,97.7,Cis man,ANSUR (2012)
,111.3,,,110.5,,108.4,Cis man,ANSUR (2012)
,95.1,,,79.1,,93.1,Cis man,ANSUR (2012)
,89.5,,,75.7,,89.6,Cis man,ANSUR (2012)
,91.0,,,81.2,,92.6,Cis man,ANSUR (2012)
,97.1,,,86.9,,96.8,Cis man,ANSUR (2012)
,98.9,,,84.7,,99.1,Cis man,ANSUR (2012)
,92.5,,,76.8,,94.5,Cis man,ANSUR (2012)
,98.3,,,85.6,,95.9,Cis man,ANSUR (2012)
,100.3,,,88.0,,103.8,Cis man,ANSUR (2012)
,96.3,,,85.8,,96.1,Cis man,ANSUR (2012)
,92.9,,,80.0,,93.0,Cis man,ANSUR (2012)
,97.1,,,79.6,,97.8,Cis man,ANSUR (2012)
,96.3,,,79.2,,90.2,Cis man,ANSUR (2012)
,89.4,,,71.6,,89.6,Cis man,ANSUR (2012)
,96.1,,,82.2,,92.8,Cis man,ANSUR (2012)
,99.7,,,79.4,,96.3,Cis man,ANSUR (2012)
,102.2,,,83.5,,100.3,Cis man,ANSUR (2012)
,102.8,,,89.1,,97.7,Cis man,ANSUR (2012)
,102.6,,,82.9,,98.9,Cis man,ANSUR (2012)
,84.2,,,72.0,,84.6,Cis man,ANSUR (2012)
,109.3,,,92.2,,108.9,Cis man,ANSUR (2012)
,89.7,,,74.1,,93.7,Cis man,ANSUR (2012)
,108.2,,,83.2,,98.6,Cis man,ANSUR (2012)
,97.5,,,76.8,,95.6,Cis man,ANSUR (2012)
,98.5,,,78.0,,91.2,Cis man,ANSUR (2012)
,94.0,,,81.2,,91.5,Cis man,ANSUR (2012)
,105.7,,,84.5,,98.8,Cis man,ANSUR (2012)
,93.2,,,76.2,,94.4,Cis man,ANSUR (2012)
,100.1,,,93.2,,97.1,Cis man,ANSUR (2012)
,100.0,,,84.0,,93.2,Cis man,ANSUR (2012)
,120.1,,,101.2,,112.8,Cis man,ANSUR (2012)
,92.4,,,78.1,,95.4,Cis man,ANSUR (2012)
,108.0,,,90.1,,103.1,Cis man,ANSUR (2012)
,96.8,,,78.7,,94.6,Cis man,ANSUR (2012)
,98.2,,,83.7,,92.6,Cis man,ANSUR (2012)
,89.4,,,70.1,,81.9,Cis man,ANSUR (2012)
,99.4,,,78.8,,96.2,Cis man,ANSUR (2012)
,95.7,,,78.3,,99.2,Cis man,ANSUR (2012)
,106.3,,,99.1,,110.4,Cis man,ANSUR (2012)
,88.5,,,75.5,,87.0,Cis man,ANSUR (2012)
,98.2,,,83.6,,97.0,Cis man,ANSUR (2012)
,96.8,,,85.5,,97.0,Cis man,ANSUR (2012)
,104.6,,,87.4,,99.7,Cis man,ANSUR (2012)
,108.3,,,95.8,,100.6,Cis man,ANSUR (2012)
,94.9,,,77.6,,93.9,Cis man,ANSUR (2012)
,95.1,,,74.8,,90.0,Cis man,ANSUR (2012)
,111.4,,,93.7,,112.8,Cis man,ANSUR (2012)
,96.7,,,76.7,,97.3,Cis man,ANSUR (2012)
,102.3,,,83.7,,97.4,Cis man,ANSUR (2012)
,97.8,,,84.3,,100.2,Cis man,ANSUR (2012)
,105.5,,,96.2,,109.3,Cis man,ANSUR (2012)
,101.8,,,91.1,,106.9,Cis man,ANSUR (2012)
,97.5,,,79.0,,97.8,Cis man,ANSUR (2012)
,112.5,,,93.0,,106.1,Cis man,ANSUR (2012)
,101.7,,,85.6,,99.9,Cis man,ANSUR (2012)
,106.1,,,94.4,,106.3,Cis man,ANSUR (2012)
,101.6,,,83.7,,103.0,Cis man,ANSUR (2012)
,107.1,,,84.0,,96.3,Cis man,ANSUR (2012)
,101.6,,,82.6,,96.3,Cis man,ANSUR (2012)
,94.4,,,83.1,,95.6,Cis man,ANSUR (2012)
,89.6,,,76.6,,87.2,Cis man,ANSUR (2012)
,97.8,,,78.2,,91.4,Cis man,ANSUR (2012)
,98.9,,,81.7,,98.0,Cis man,ANSUR (2012)
,109.5,,,90.0,,104.2,Cis man,ANSUR (2012)
,101.1,,,83.3,,99.6,Cis man,ANSUR (2012)
,103.1,,,84.1,,100.5,Cis man,ANSUR (2012)
,96.3,,,82.1,,97.4,Cis man,ANSUR (2012)
,109.4,,,97.4,,106.8,Cis man,ANSUR (2012)
,114.8,,,115.6,,121.7,Cis man,ANSUR (2012)
,96.5,,,86.1,,96.0,Cis man,ANSUR (2012)
,103.6,,,89.7,,102.2,Cis man,ANSUR (2012)
,110.1,,,85.0,,100.3,Cis man,ANSUR (2012)
,100.5,,,83.2,,97.9,Cis man,ANSUR (2012)
,93.0,,,78.3,,91.0,Cis man,ANSUR (2012)
,96.2,,,86.4,,90.3,Cis man,ANSUR (2012)
,104.0,,,90.2,,101.0,Cis man,ANSUR (2012)
,94.5,,,78.8,,95.3,Cis man,ANSUR (2012)
,99.0,,,87.7,,99.9,Cis man,ANSUR (2012)
,99.0,,,92.7,,102.5,Cis man,ANSUR (2012)
,108.1,,,91.8,,98.5,Cis man,ANSUR (2012)
,100.6,,,85.8,,101.4,Cis man,ANSUR (2012)
,97.2,,,86.0,,97.2,Cis man,ANSUR (2012)
,91.2,,,76.5,,91.0,Cis man,ANSUR (2012)
,92.5,,,83.5,,93.7,Cis man,ANSUR (2012)
,99.2,,,85.4,,93.7,Cis man,ANSUR (2012)
,93.4,,,75.3,,90.5,Cis man,ANSUR (2012)
,104.6,,,87.7,,101.5,Cis man,ANSUR (2012)
,99.3,,,82.5,,95.2,Cis man,ANSUR (2012)
,115.2,,,105.6,,109.9,Cis man,ANSUR (2012)
,102.7,,,85.1,,98.5,Cis man,ANSUR (2012)
,100.8,,,86.5,,103.7,Cis man,ANSUR (2012)
,97.9,,,81.4,,94.6,Cis man,ANSUR (2012)
,97.9,,,78.5,,91.1,Cis man,ANSUR (2012)
,100.2,,,89.3,,102.6,Cis man,ANSUR (2012)
,98.2,,,76.6,,93.2,Cis man,ANSUR (2012)
,101.9,,,93.6,,100.8,Cis man,ANSUR (2012)
,84.1,,,71.5,,80.8,Cis man,ANSUR (2012)
,99.6,,,90.1,,97.2,Cis man,ANSUR (2012)
,106.6,,,94.2,,106.4,Cis man,ANSUR (2012)
,100.2,,,85.8,,90.9,Cis man,ANSUR (2012)
,97.5,,,81.7,,98.9,Cis man,ANSUR (2012)
,105.7,,,89.2,,101.4,Cis man,ANSUR (2012)
,95.2,,,75.4,,85.9,Cis man,ANSUR (2012)
,94.3,,,81.8,,92.5,Cis man,ANSUR (2012)
,105.6,,,89.8,,102.2,Cis man,ANSUR (2012)
,90.2,,,79.5,,93.9,Cis man,ANSUR (2012)
,92.1,,,81.5,,94.6,Cis man,ANSUR (2012)
,98.3,,,77.0,,94.6,Cis man,ANSUR (2012)
,95.5,,,78.3,,97.9,Cis man,ANSUR (2012)
,100.4,,,84.6,,97.4,Cis man,ANSUR (2012)
,99.2,,,86.7,,98.1,Cis man,ANSUR (2012)
,106.1,,,91.3,,107.5,Cis man,ANSUR (2012)
,98.0,,,83.0,,92.4,Cis man,ANSUR (2012)
,106.7,,,93.5,,105.8,Cis man,ANSUR (2012)
,107.4,,,93.4,,99.6,Cis man,ANSUR (2012)
,106.2,,,96.7,,104.8,Cis man,ANSUR (2012)
,97.9,,,76.3,,90.7,Cis man,ANSUR (2012)
,91.7,,,79.7,,99.5,Cis man,ANSUR (2012)
,96.4,,,85.2,,93.4,Cis man,ANSUR (2012)
,99.5,,,88.3,,102.7,Cis man,ANSUR (2012)
,99.8,,,90.3,,97.3,Cis man,ANSUR (2012)
,95.3,,,84.3,,92.5,Cis man,ANSUR (2012)
,98.0,,,86.2,,98.1,Cis man,ANSUR (2012)
,106.9,,,92.6,,108.3,Cis man,ANSUR (2012)
,111.3,,,95.4,,102.0,Cis man,ANSUR (2012)
,108.0,,,97.4,,102.9,Cis man,ANSUR (2012)
,108.8,,,90.8,,102.7,Cis man,ANSUR (2012)
,95.1,,,79.6,,93.5,Cis man,ANSUR (2012)
,100.2,,,83.2,,104.3,Cis man,ANSUR (2012)
,96.2,,,77.2,,93.2,Cis man,ANSUR (2012)
,108.8,,,95.7,,104.8,Cis man,ANSUR (2012)
,94.9,,,80.1,,95.3,Cis man,ANSUR (2012)
,113.3,,,106.2,,111.5,Cis man,ANSUR (2012)
,119.4,,,109.7,,114.8,Cis man,ANSUR (2012)
,99.4,,,88.9,,101.2,Cis man,ANSUR (2012)
,97.6,,,77.9,,92.0,Cis man,ANSUR (2012)
,109.5,,,97.6,,109.1,Cis man,ANSUR (2012)
,106.3,,,98.4,,109.1,Cis man,ANSUR (2012)
,95.6,,,80.1,,89.9,Cis man,ANSUR (2012)
,103.8,,,89.0,,102.1,Cis man,ANSUR (2012)
,105.7,,,93.9,,101.7,Cis man,ANSUR (2012)
,100.1,,,85.5,,98.9,Cis man,ANSUR (2012)
,94.0,,,80.2,,93.8,Cis man,ANSUR (2012)
,99.4,,,83.3,,98.3,Cis man,ANSUR (2012)
,99.8,,,84.1,,98.3,Cis man,ANSUR (2012)
,106.2,,,90.6,,102.6,Cis man,ANSUR (2012)
,102.8,,,104.9,,112.9,Cis man,ANSUR (2012)
,108.2,,,101.0,,108.1,Cis man,ANSUR (2012)
,102.2,,,87.4,,100.4,Cis man,ANSUR (2012)
,107.9,,,91.5,,104.1,Cis man,ANSUR (2012)
,104.4,,,84.2,,97.7,Cis man,ANSUR (2012)
,104.4,,,91.1,,95.9,Cis man,ANSUR (2012)
,105.6,,,94.8,,107.4,Cis man,ANSUR (2012)
,120.5,,,104.6,,108.1,Cis man,ANSUR (2012)
,97.7,,,83.5,,97.0,Cis man,ANSUR (2012)
,90.5,,,79.7,,88.8,Cis man,ANSUR (2012)
,109.7,,,97.8,,106.8,Cis man,ANSUR (2012)
,94.2,,,76.9,,89.8,Cis man,ANSUR (2012)
,98.7,,,85.3,,95.6,Cis man,ANSUR (2012)
,93.2,,,81.6,,94.4,Cis man,ANSUR (2012)
,96.8,,,80.3,,94.1,Cis man,ANSUR (2012)
,93.9,,,76.6,,93.4,Cis man,ANSUR (2012)
,101.7,,,91.2,,100.6,Cis man,ANSUR (2012)
,96.4,,,80.2,,90.1,Cis man,ANSUR (2012)
,101.0,,,90.9,,103.3,Cis man,ANSUR (2012)
,97.1,,,81.4,,101.2,Cis man,ANSUR (2012)
,103.2,,,97.8,,98.1,Cis man,ANSUR (2012)
,118.3,,,116.8,,119.7,Cis man,ANSUR (2012)
,104.4,,,93.2,,105.1,Cis man,ANSUR (2012)
,104.4,,,91.3,,100.8,Cis man,ANSUR (2012)
,114.9,,,96.6,,107.2,Cis man,ANSUR (2012)
,97.6,,,83.3,,94.7,Cis man,ANSUR (2012)
,107.8,,,101.6,,101.9,Cis man,ANSUR (2012)
,103.9,,,96.1,,101.6,Cis man,ANSUR (2012)
,102.4,,,89.9,,94.6,Cis man,ANSUR (2012)
,102.1,,,82.8,,94.0,Cis man,ANSUR (2012)
,107.5,,,96.2,,106.8,Cis man,ANSUR (2012)
,106.8,,,94.1,,109.5,Cis man,ANSUR (2012)
,116.1,,,108.0,,118.5,Cis man,ANSUR (2012)
,115.6,,,95.0,,110.6,Cis man,ANSUR (2012)
,112.9,,,109.5,,112.5,Cis man,ANSUR (2012)
,126.6,,,111.6,,116.9,Cis man,ANSUR (2012)
,105.9,,,99.0,,102.9,Cis man,ANSUR (2012)
,118.8,,,103.0,,105.6,Cis man,ANSUR (2012)
,110.9,,,97.0,,102.2,Cis man,ANSUR (2012)
,105.8,,,99.9,,101.2,Cis man,ANSUR (2012)
,115.3,,,98.8,,106.3,Cis man,ANSUR (2012)
,102.7,,,93.2,,101.6,Cis man,ANSUR (2012)
,98.0,,,93.8,,100.8,Cis man,ANSUR (2012)
,120.1,,,119.2,,121.4,Cis man,ANSUR (2012)
,109.1,,,97.8,,108.3,Cis man,ANSUR (2012)
,101.1,,,78.7,,99.8,Cis man,ANSUR (2012)
,95.3,,,78.6,,89.8,Cis man,ANSUR (2012)
,112.3,,,100.0,,101.2,Cis man,ANSUR (2012)
,96.3,,,88.3,,96.2,Cis man,ANSUR (2012)
,107.9,,,102.1,,104.8,Cis man,ANSUR (2012)
,100.4,,,92.6,,103.1,Cis man,ANSUR (2012)
,105.2,,,81.1,,96.9,Cis man,ANSUR (2012)
,100.4,,,94.3,,105.2,Cis man,ANSUR (2012)
,86.9,,,74.5,,87.1,Cis man,ANSUR (2012)
,119.7,,,102.0,,113.2,Cis man,ANSUR (2012)
,90.0,,,77.5,,89.6,Cis man,ANSUR (2012)
,121.3,,,112.8,,110.5,Cis man,ANSUR (2012)
,123.7,,,109.4,,114.2,Cis man,ANSUR (2012)
,87.9,,,73.0,,84.6,Cis man,ANSUR (2012)
,117.2,,,97.6,,100.1,Cis man,ANSUR (2012)
,114.1,,,100.2,,105.8,Cis man,ANSUR (2012)
,105.4,,,88.3,,102.4,Cis man,ANSUR (2012)
,87.6,,,80.6,,97.0,Cis man,ANSUR (2012)
,106.0,,,99.7,,107.9,Cis man,ANSUR (2012)
,91.0,,,74.1,,88.7,Cis man,ANSUR (2012)
,113.1,,,102.9,,104.3,Cis man,ANSUR (2012)
,98.6,,,89.5,,96.1,Cis man,ANSUR (2012)
,102.9,,,94.4,,100.3,Cis man,ANSUR (2012)
,120.2,,,114.7,,116.7,Cis man,ANSUR (2012)
,121.7,,,113.9,,114.5,Cis man,ANSUR (2012)
,108.6,,,103.2,,104.6,Cis man,ANSUR (2012)
,96.7,,,77.1,,94.8,Cis man,ANSUR (2012)
,105.2,,,95.7,,109.0,Cis man,ANSUR (2012)
,105.8,,,93.8,,106.4,Cis man,ANSUR (2012)
,119.7,,,115.9,,115.9,Cis man,ANSUR (2012)
,123.7,,,115.3,,113.1,Cis man,ANSUR (2012)
,94.6,,,80.0,,92.8,Cis man,ANSUR (2012)
,117.7,,,101.3,,98.5,Cis man,ANSUR (2012)
,103.0,,,87.4,,96.8,Cis man,ANSUR (2012)
,97.0,,,87.1,,93.7,Cis man,ANSUR (2012)
,92.1,,,85.7,,100.2,Cis man,ANSUR (2012)
,101.7,,,82.8,,98.2,Cis man,ANSUR (2012)
,94.8,,,79.3,,95.3,Cis man,ANSUR (2012)
,98.8,,,77.2,,95.6,Cis man,ANSUR (2012)
,101.7,,,89.0,,97.2,Cis man,ANSUR (2012)
,106.6,,,89.3,,102.3,Cis man,ANSUR (2012)
,106.6,,,98.1,,110.5,Cis man,ANSUR (2012)
,97.7,,,84.0,,97.6,Cis man,ANSUR (2012)
,110.8,,,103.5,,105.1,Cis man,ANSUR (2012)
,112.7,,,113.3,,109.6,Cis man,ANSUR (2012)
,111.1,,,98.8,,101.7,Cis man,ANSUR (2012)
,94.0,,,82.5,,93.7,Cis man,ANSUR (2012)
,114.5,,,96.7,,100.8,Cis man,ANSUR (2012)
,109.1,,,98.2,,97.8,Cis man,ANSUR (2012)
,88.0,,,82.5,,95.3,Cis man,ANSUR (2012)
,103.8,,,87.9,,99.6,Cis man,ANSUR (2012)
,91.4,,,75.2,,88.3,Cis man,ANSUR (2012)
,89.2,,,71.9,,88.4,Cis man,ANSUR (2012)
,122.6,,,108.4,,124.6,Cis man,ANSUR (2012)
,115.2,,,95.9,,99.1,Cis man,ANSUR (2012)
,98.2,,,87.3,,99.2,Cis man,ANSUR (2012)
,125.9,,,108.3,,109.9,Cis man,ANSUR (2012)
,110.6,,,92.0,,105.2,Cis man,ANSUR (2012)
,115.9,,,105.2,,108.8,Cis man,ANSUR (2012)
,99.9,,,89.7,,98.2,Cis man,ANSUR (2012)
,101.1,,,92.6,,103.2,Cis man,ANSUR (2012)
,106.0,,,90.1,,101.7,Cis man,ANSUR (2012)
,105.7,,,93.6,,103.7,Cis man,ANSUR (2012)
,99.7,,,86.4,,106.8,Cis man,ANSUR (2012)
,107.3,,,85.9,,96.7,Cis man,ANSUR (2012)
,100.2,,,83.6,,100.6,Cis man,ANSUR (2012)
,99.4,,,88.6,,96.8,Cis man,ANSUR (2012)
,94.1,,,72.2,,91.4,Cis man,ANSUR (2012)
,94.2,,,82.0,,93.8,Cis man,ANSUR (2012)
,115.7,,,107.5,,112.3,Cis man,ANSUR (2012)
,99.1,,,100.3,,103.9,Cis man,ANSUR (2012)
,97.5,,,84.2,,98.9,Cis man,ANSUR (2012)
,116.7,,,106.2,,112.6,Cis man,ANSUR (2012)
,92.9,,,76.5,,94.2,Cis man,ANSUR (2012)
,112.6,,,101.1,,109.6,Cis man,ANSUR (2012)
,86.4,,,75.0,,90.8,Cis man,ANSUR (2012)
,97.2,,,89.9,,96.1,Cis man,ANSUR (2012)
,123.5,,,116.6,,112.4,Cis man,ANSUR (2012)
,89.0,,,74.4,,88.9,Cis man,ANSUR (2012)
,105.8,,,104.8,,111.4,Cis man,ANSUR (2012)
,98.3,,,91.3,,96.5,Cis man,ANSUR (2012)
,101.9,,,90.2,,105.0,Cis man,ANSUR (2012)
,108.4,,,97.3,,103.4,Cis man,ANSUR (2012)
,110.4,,,101.1,,107.3,Cis man,ANSUR (2012)
,127.9,,,132.8,,129.3,Cis man,ANSUR (2012)
,101.7,,,85.0,,97.5,Cis man,ANSUR (2012)
,117.5,,,108.9,,109.2,Cis man,ANSUR (2012)
,120.6,,,107.1,,111.8,Cis man,ANSUR (2012)
,95.3,,,82.5,,95.2,Cis man,ANSUR (2012)
,91.4,,,86.4,,92.7,Cis man,ANSUR (2012)
,110.1,,,100.3,,108.4,Cis man,ANSUR (2012)
,91.5,,,78.5,,97.2,Cis man,ANSUR (2012)
,103.4,,,89.0,,103.5,Cis man,ANSUR (2012)
,98.6,,,83.0,,106.6,Cis man,ANSUR (2012)
,108.8,,,101.7,,105.3,Cis man,ANSUR (2012)
,94.8,,,78.5,,96.2,Cis man,ANSUR (2012)
,96.3,,,79.1,,94.2,Cis man,ANSUR (2012)
,121.1,,,107.1,,112.6,Cis man,ANSUR (2012)
,116.2,,,102.8,,106.2,Cis man,ANSUR (2012)
,109.1,,,97.6,,105.9,Cis man,ANSUR (2012)
,106.9,,,96.0,,104.6,Cis man,ANSUR (2012)
,107.7,,,97.6,,106.4,Cis man,ANSUR (2012)
,100.6,,,90.0,,104.3,Cis man,ANSUR (2012)
,99.7,,,94.3,,99.8,Cis man,ANSUR (2012)
,109.0,,,104.6,,108.4,Cis man,ANSUR (2012)
,93.1,,,75.4,,92.2,Cis man,ANSUR (2012)
,103.7,,,90.5,,102.3,Cis man,ANSUR (2012)
,96.4,,,76.7,,91.5,Cis man,ANSUR (2012)
,108.7,,,96.4,,103.6,Cis man,ANSUR (2012)
,96.4,,,75.3,,90.5,Cis man,ANSUR (2012)
,101.1,,,81.7,,96.5,Cis man,ANSUR (2012)
,108.1,,,101.0,,111.6,Cis man,ANSUR (2012)
,109.5,,,100.5,,106.2,Cis man,ANSUR (2012)
,98.1,,,83.6,,100.2,Cis man,ANSUR (2012)
,102.0,,,88.2,,105.2,Cis man,ANSUR (2012)
,96.3,,,86.3,,89.6,Cis man,ANSUR (2012)
,120.5,,,115.1,,113.2,Cis man,ANSUR (2012)
,118.1,,,105.2,,110.5,Cis man,ANSUR (2012)
,114.9,,,98.2,,104.7,Cis man,ANSUR (2012)
,109.2,,,95.1,,103.2,Cis man,ANSUR (2012)
,115.7,,,93.5,,107.3,Cis man,ANSUR (2012)
,108.4,,,99.9,,105.9,Cis man,ANSUR (2012)
,108.4,,,97.4,,107.7,Cis man,ANSUR (2012)
,104.8,,,92.8,,96.7,Cis man,ANSUR (2012)
,108.3,,,91.5,,106.2,Cis man,ANSUR (2012)
,118.4,,,107.0,,104.2,Cis man,ANSUR (2012)
,111.5,,,99.4,,107.5,Cis man,ANSUR (2012)
,94.6,,,81.2,,95.7,Cis man,ANSUR (2012)
,98.0,,,82.2,,95.0,Cis man,ANSUR (2012)
,112.3,,,102.4,,106.3,Cis man,ANSUR (2012)
,112.1,,,96.4,,102.2,Cis man,ANSUR (2012)
,112.7,,,96.3,,102.8,Cis man,ANSUR (2012)
,116.7,,,102.0,,113.8,Cis man,ANSUR (2012)
,99.2,,,83.0,,92.9,Cis man,ANSUR (2012)
,104.2,,,88.3,,100.7,Cis man,ANSUR (2012)
,110.2,,,103.1,,103.7,Cis man,ANSUR (2012)
,110.6,,,104.8,,108.3,Cis man,ANSUR (2012)
,104.4,,,99.2,,110.1,Cis man,ANSUR (2012)
,96.7,,,90.4,,95.1,Cis man,ANSUR (2012)
,101.5,,,92.0,,94.4,Cis man,ANSUR (2012)
,105.7,,,99.2,,103.8,Cis man,ANSUR (2012)
,107.7,,,91.5,,104.6,Cis man,ANSUR (2012)
,96.6,,,93.0,,98.8,Cis man,ANSUR (2012)
,115.2,,,102.4,,106.1,Cis man,ANSUR (2012)
,98.3,,,86.1,,100.5,Cis man,ANSUR (2012)
,118.2,,,102.6,,101.1,Cis man,ANSUR (2012)
,102.9,,,88.4,,98.5,Cis man,ANSUR (2012)
,112.2,,,98.3,,97.7,Cis man,ANSUR (2012)
,104.2,,,95.7,,104.9,Cis man,ANSUR (2012)
,111.2,,,98.1,,101.8,Cis man,ANSUR (2012)
,92.8,,,82.6,,95.3,Cis man,ANSUR (2012)
,103.6,,,92.5,,101.7,Cis man,ANSUR (2012)
,100.6,,,86.3,,96.6,Cis man,ANSUR (2012)
,104.3,,,85.0,,99.5,Cis man,ANSUR (2012)
,119.5,,,107.2,,111.1,Cis man,ANSUR (2012)
,107.2,,,87.8,,103.0,Cis man,ANSUR (2012)
,99.2,,,91.5,,104.4,Cis man,ANSUR (2012)
,103.8,,,81.2,,97.2,Cis man,ANSUR (2012)
,99.8,,,93.3,,103.8,Cis man,ANSUR (2012)
,101.7,,,84.7,,103.4,Cis man,ANSUR (2012)
,111.8,,,98.7,,104.2,Cis man,ANSUR (2012)
,105.1,,,95.6,,104.8,Cis man,ANSUR (2012)
,106.7,,,94.2,,101.2,Cis man,ANSUR (2012)
,119.2,,,108.7,,111.3,Cis man,ANSUR (2012)
,99.2,,,86.5,,96.8,Cis man,ANSUR (2012)
,103.1,,,96.5,,102.2,Cis man,ANSUR (2012)
,111.8,,,99.1,,106.3,Cis man,ANSUR (2012)
,111.6,,,97.4,,103.8,Cis man,ANSUR (2012)
,107.8,,,90.3,,102.9,Cis man,ANSUR (2012)
,100.8,,,76.1,,88.3,Cis man,ANSUR (2012)
,98.4,,,77.3,,96.6,Cis man,ANSUR (2012)
,114.3,,,106.6,,117.1,Cis man,ANSUR (2012)
,94.5,,,75.0,,87.3,Cis man,ANSUR (2012)
,111.6,,,98.3,,108.3,Cis man,ANSUR (2012)
,103.7,,,94.5,,97.7,Cis man,ANSUR (2012)
,96.1,,,82.8,,90.3,Cis man,ANSUR (2012)
,108.2,,,84.7,,100.9,Cis man,ANSUR (2012)
,111.6,,,106.5,,108.4,Cis man,ANSUR (2012)
,100.9,,,79.8,,96.2,Cis man,ANSUR (2012)
,117.4,,,98.0,,100.4,Cis man,ANSUR (2012)
,109.4,,,104.4,,107.2,Cis man,ANSUR (2012)
,97.2,,,87.6,,102.6,Cis man,ANSUR (2012)
,107.8,,,95.7,,104.6,Cis man,ANSUR (2012)
,99.0,,,83.0,,99.4,Cis man,ANSUR (2012)
,104.3,,,89.5,,98.5,Cis man,ANSUR (2012)
,110.9,,,93.3,,105.7,Cis man,ANSUR (2012)
,90.8,,,78.4,,86.2,Cis man,ANSUR (2012)
,104.2,,,84.0,,98.5,Cis man,ANSUR (2012)
,101.8,,,97.3,,109.4,Cis man,ANSUR (2012)
,94.9,,,81.5,,96.1,Cis man,ANSUR (2012)
,116.7,,,111.2,,116.6,Cis man,ANSUR (2012)
,112.0,,,102.2,,108.3,Cis man,ANSUR (2012)
,109.4,,,89.6,,100.8,Cis man,ANSUR (2012)
,112.3,,,107.6,,109.2,Cis man,ANSUR (2012)
,88.8,,,72.0,,84.0,Cis man,ANSUR (2012)
,98.8,,,92.1,,100.5,Cis man,ANSUR (2012)
,99.1,,,81.3,,97.1,Cis man,ANSUR (2012)
,97.6,,,82.1,,97.2,Cis man,ANSUR (2012)
,103.7,,,93.5,,108.5,Cis man,ANSUR (2012)
,106.2,,,89.7,,103.1,Cis man,ANSUR (2012)
,117.5,,,102.8,,106.6,Cis man,ANSUR (2012)
,101.8,,,95.8,,98.4,Cis man,ANSUR (2012)
,85.8,,,73.5,,89.8,Cis man,ANSUR (2012)
,99.3,,,82.3,,96.1,Cis man,ANSUR (2012)
,110.9,,,101.8,,109.8,Cis man,ANSUR (2012)
,94.9,,,86.7,,98.3,Cis man,ANSUR (2012)
,109.2,,,93.8,,107.1,Cis man,ANSUR (2012)
,111.2,,,101.1,,117.2,Cis man,ANSUR (2012)
,103.8,,,91.6,,102.0,Cis man,ANSUR (2012)
,111.2,,,100.0,,109.8,Cis man,ANSUR (2012)
,94.5,,,77.7,,91.8,Cis man,ANSUR (2012)
,112.6,,,98.4,,107.4,Cis man,ANSUR (2012)
,97.7,,,82.0,,94.0,Cis man,ANSUR (2012)
,115.1,,,98.0,,108.0,Cis man,ANSUR (2012)
,106.7,,,94.1,,107.7,Cis man,ANSUR (2012)
,109.4,,,94.3,,105.5,Cis man,ANSUR (2012)
,107.6,,,91.4,,106.7,Cis man,ANSUR (2012)
,117.2,,,108.1,,108.7,Cis man,ANSUR (2012)
,107.6,,,97.8,,101.3,Cis man,ANSUR (2012)
,87.8,,,67.7,,86.2,Cis man,ANSUR (2012)
,111.0,,,106.2,,109.3,Cis man,ANSUR (2012)
,114.6,,,99.0,,102.8,Cis man,ANSUR (2012)
,113.8,,,104.0,,103.2,Cis man,ANSUR (2012)
,106.6,,,92.1,,99.0,Cis man,ANSUR (2012)
,111.2,,,102.4,,104.7,Cis man,ANSUR (2012)
,111.2,,,107.3,,106.2,Cis man,ANSUR (2012)
,101.4,,,90.8,,102.3,Cis man,ANSUR (2012)
,114.3,,,107.2,,103.3,Cis man,ANSUR (2012)
,118.8,,,101.6,,107.1,Cis man,ANSUR (2012)
,110.9,,,100.2,,104.3,Cis man,ANSUR (2012)
,90.2,,,77.2,,89.6,Cis man,ANSUR (2012)
,88.6,,,78.7,,92.7,Cis man,ANSUR (2012)
,104.7,,,91.8,,102.1,Cis man,ANSUR (2012)
,91.7,,,72.5,,87.5,Cis man,ANSUR (2012)
,104.7,,,95.2,,107.4,Cis man,ANSUR (2012)
,107.6,,,98.5,,97.8,Cis man,ANSUR (2012)
,114.3,,,95.1,,106.4,Cis man,ANSUR (2012)
,108.2,,,89.3,,97.3,Cis man,ANSUR (2012)
,99.1,,,86.0,,88.5,Cis man,ANSUR (2012)
,103.4,,,88.3,,96.1,Cis man,ANSUR (2012)
,104.8,,,89.6,,101.9,Cis man,ANSUR (2012)
,108.3,,,91.8,,104.8,Cis man,ANSUR (2012)
,100.4,,,89.1,,98.8,Cis man,ANSUR (2012)
,104.4,,,84.3,,97.8,Cis man,ANSUR (2012)
,104.1,,,89.6,,103.0,Cis man,ANSUR (2012)
,113.8,,,102.2,,120.4,Cis man,ANSUR (2012)
,99.1,,,87.0,,97.2,Cis man,ANSUR (2012)
,107.3,,,97.5,,99.6,Cis man,ANSUR (2012)
,117.6,,,109.7,,113.3,Cis man,ANSUR (2012)
,123.8,,,118.7,,111.3,Cis man,ANSUR (2012)
,116.5,,,105.5,,114.5,Cis man,ANSUR (2012)
,105.7,,,102.8,,103.2,Cis man,ANSUR (2012)
,123.8,,,121.7,,116.8,Cis man,ANSUR (2012)
,105.9,,,103.6,,106.2,Cis man,ANSUR (2012)
,97.8,,,87.4,,101.2,Cis man,ANSUR (2012)
,98.2,,,85.0,,95.8,Cis man,ANSUR (2012)
,112.5,,,101.1,,109.8,Cis man,ANSUR (2012)
,105.3,,,95.3,,110.8,Cis man,ANSUR (2012)
,113.4,,,97.5,,98.4,Cis man,ANSUR (2012)
,122.3,,,116.4,,117.9,Cis man,ANSUR (2012)
,105.6,,,94.7,,102.4,Cis man,ANSUR (2012)
,121.3,,,109.3,,108.8,Cis man,ANSUR (2012)
,110.9,,,95.6,,101.1,Cis man,ANSUR (2012)
,113.7,,,104.1,,105.7,Cis man,ANSUR (2012)
,110.4,,,108.6,,105.2,Cis man,ANSUR (2012)
,112.7,,,105.8,,102.8,Cis man,ANSUR (2012)
,111.9,,,104.9,,107.4,Cis man,ANSUR (2012)
,112.7,,,105.3,,113.0,Cis man,ANSUR (2012)
,118.5,,,102.4,,109.1,Cis man,ANSUR (2012)
,112.6,,,103.8,,105.9,Cis man,ANSUR (2012)
,116.6,,,108.8,,121.8,Cis man,ANSUR (2012)
,105.8,,,97.7,,96.2,Cis man,ANSUR (2012)
,101.8,,,79.0,,97.2,Cis man,ANSUR (2012)
,100.2,,,79.6,,97.7,Cis man,ANSUR (2012)
,102.9,,,86.8,,97.4,Cis man,ANSUR (2012)
,105.4,,,87.3,,105.2,Cis man,ANSUR (2012)
,95.7,,,82.0,,98.5,Cis man,ANSUR (2012)
,102.1,,,94.6,,99.3,Cis man,ANSUR (2012)
,101.2,,,89.5,,103.3,Cis man,ANSUR (2012)
,112.8,,,98.0,,105.1,Cis man,ANSUR (2012)
,117.4,,,107.3,,114.4,Cis man,ANSUR (2012)
,101.2,,,85.4,,97.6,Cis man,ANSUR (2012)
,103.4,,,89.9,,106.1,Cis man,ANSUR (2012)
,111.2,,,99.4,,108.2,Cis man,ANSUR (2012)
,99.6,,,86.0,,95.9,Cis man,ANSUR (2012)
,89.9,,,72.2,,86.9,Cis man,ANSUR (2012)
,101.7,,,84.5,,98.1,Cis man,ANSUR (2012)
,107.6,,,90.6,,96.4,Cis man,ANSUR (2012)
,113.3,,,94.2,,108.6,Cis man,ANSUR (2012)
,117.7,,,107.0,,113.2,Cis man,ANSUR (2012)
,101.7,,,93.2,,100.5,Cis man,ANSUR (2012)
,107.4,,,90.6,,100.8,Cis man,ANSUR (2012)
,115.1,,,98.0,,111.4,Cis man,ANSUR (2012)
,85.7,,,72.5,,87.9,Cis man,ANSUR (2012)
,106.0,,,92.1,,102.5,Cis man,ANSUR (2012)
,90.4,,,77.4,,93.0,Cis man,ANSUR (2012)
,103.4,,,92.6,,101.2,Cis man,ANSUR (2012)
,100.7,,,82.5,,97.5,Cis man,ANSUR (2012)
,96.2,,,83.3,,96.7,Cis man,ANSUR (2012)
,111.4,,,89.1,,106.2,Cis man,ANSUR (2012)
,104.8,,,91.8,,109.9,Cis man,ANSUR (2012)
,106.8,,,90.2,,96.7,Cis man,ANSUR (2012)
,102.7,,,87.6,,98.7,Cis man,ANSUR (2012)
,115.1,,,101.1,,112.1,Cis man,ANSUR (2012)
,103.9,,,83.5,,98.2,Cis man,ANSUR (2012)
,104.7,,,93.1,,103.2,Cis man,ANSUR (2012)
,90.6,,,73.1,,88.5,Cis man,ANSUR (2012)
,96.1,,,79.8,,94.0,Cis man,ANSUR (2012)
,104.0,,,86.0,,99.2,Cis man,ANSUR (2012)
,96.8,,,74.2,,90.4,Cis man,ANSUR (2012)
,104.1,,,92.5,,99.8,Cis man,ANSUR (2012)
,117.3,,,100.0,,109.4,Cis man,ANSUR (2012)
,105.1,,,86.0,,101.8,Cis man,ANSUR (2012)
,106.1,,,89.3,,103.8,Cis man,ANSUR (2012)
,112.8,,,99.5,,110.5,Cis man,ANSUR (2012)
,97.9,,,92.0,,98.2,Cis man,ANSUR (2012)
,127.7,,,111.0,,114.7,Cis man,ANSUR (2012)
,115.9,,,103.2,,107.5,Cis man,ANSUR (2012)
,104.1,,,86.8,,97.2,Cis man,ANSUR (2012)
,118.7,,,106.4,,110.6,Cis man,ANSUR (2012)
,111.5,,,100.2,,105.2,Cis man,ANSUR (2012)
,115.8,,,113.7,,112.5,Cis man,ANSUR (2012)
,93.3,,,79.9,,92.4,Cis man,ANSUR (2012)
,107.6,,,91.2,,100.7,Cis man,ANSUR (2012)
,105.3,,,89.4,,103.5,Cis man,ANSUR (2012)
,100.4,,,81.3,,100.9,Cis man,ANSUR (2012)
,99.1,,,89.7,,100.5,Cis man,ANSUR (2012)
,86.2,,,70.3,,84.7,Cis man,ANSUR (2012)
,90.6,,,78.8,,92.2,Cis man,ANSUR (2012)
,106.8,,,99.1,,107.7,Cis man,ANSUR (2012)
,109.3,,,86.0,,104.1,Cis man,ANSUR (2012)
,98.7,,,94.5,,100.8,Cis man,ANSUR (2012)
,94.0,,,77.6,,86.9,Cis man,ANSUR (2012)
,83.7,,,70.3,,88.7,Cis man,ANSUR (2012)
,113.7,,,104.6,,103.9,Cis man,ANSUR (2012)
,97.3,,,94.0,,102.0,Cis man,ANSUR (2012)
,113.2,,,99.4,,112.8,Cis man,ANSUR (2012)
,109.1,,,100.0,,117.1,Cis man,ANSUR (2012)
,92.8,,,78.5,,91.3,Cis man,ANSUR (2012)
,100.6,,,90.5,,96.2,Cis man,ANSUR (2012)
,124.4,,,117.8,,119.1,Cis man,ANSUR (2012)
,96.0,,,82.3,,95.5,Cis man,ANSUR (2012)
,109.9,,,101.8,,105.9,Cis man,ANSUR (2012)
,108.9,,,101.1,,105.0,Cis man,ANSUR (2012)
,100.8,,,93.2,,98.0,Cis man,ANSUR (2012)
,108.7,,,100.6,,104.6,Cis man,ANSUR (2012)
,93.1,,,86.5,,94.0,Cis man,ANSUR (2012)
,110.6,,,100.1,,102.2,Cis man,ANSUR (2012)
,114.2,,,97.4,,102.1,Cis man,ANSUR (2012)
,100.8,,,95.3,,100.5,Cis man,ANSUR (2012)
,99.5,,,84.2,,99.3,Cis man,ANSUR (2012)
,107.2,,,88.8,,99.3,Cis man,ANSUR (2012)
,104.4,,,80.3,,98.3,Cis man,ANSUR (2012)
,114.6,,,98.4,,110.0,Cis man,ANSUR (2012)
,101.1,,,85.1,,102.6,Cis man,ANSUR (2012)
,117.9,,,108.1,,112.2,Cis man,ANSUR (2012)
,117.2,,,102.7,,111.5,Cis man,ANSUR (2012)
,108.5,,,82.5,,95.7,Cis man,ANSUR (2012)
,106.6,,,78.2,,95.1,Cis man,ANSUR (2012)
,117.9,,,101.3,,103.5,Cis man,ANSUR (2012)
,103.2,,,96.0,,99.4,Cis man,ANSUR (2012)
,103.8,,,95.1,,99.7,Cis man,ANSUR (2012)
,111.7,,,96.0,,103.4,Cis man,ANSUR (2012)
,100.6,,,84.2,,92.8,Cis man,ANSUR (2012)
,110.7,,,99.5,,108.4,Cis man,ANSUR (2012)
,104.4,,,88.3,,100.5,Cis man,ANSUR (2012)
,108.3,,,103.7,,107.7,Cis man,ANSUR (2012)
,114.1,,,104.8,,103.7,Cis man,ANSUR (2012)
,106.3,,,101.9,,103.1,Cis man,ANSUR (2012)
,113.9,,,106.0,,107.2,Cis man,ANSUR (2012)
,119.6,,,107.2,,109.6,Cis man,ANSUR (2012)
,105.7,,,95.1,,103.6,Cis man,ANSUR (2012)
,106.2,,,87.5,,97.9,Cis man,ANSUR (2012)
,96.8,,,85.0,,92.7,Cis man,ANSUR (2012)
,84.0,,,67.0,,86.2,Cis man,ANSUR (2012)
,104.6,,,96.3,,105.1,Cis man,ANSUR (2012)
,95.9,,,87.6,,91.6,Cis man,ANSUR (2012)
,111.5,,,96.5,,101.6,Cis man,ANSUR (2012)
,94.7,,,87.4,,101.1,Cis man,ANSUR (2012)
,99.9,,,90.8,,100.3,Cis man,ANSUR (2012)
,104.1,,,77.8,,96.7,Cis man,ANSUR (2012)
,98.4,,,79.3,,95.8,Cis man,ANSUR (2012)
,91.9,,,73.0,,89.5,Cis man,ANSUR (2012)
,98.7,,,75.2,,93.6,Cis man,ANSUR (2012)
,104.0,,,95.2,,106.8,Cis man,ANSUR (2012)
,99.2,,,80.1,,96.8,Cis man,ANSUR (2012)
,101.7,,,93.0,,104.1,Cis man,ANSUR (2012)
,109.7,,,101.7,,108.3,Cis man,ANSUR (2012)
,102.9,,,89.3,,98.2,Cis man,ANSUR (2012)
,97.2,,,80.6,,93.1,Cis man,ANSUR (2012)
,94.9,,,80.1,,92.6,Cis man,ANSUR (2012)
,102.6,,,89.1,,103.9,Cis man,ANSUR (2012)
,121.2,,,110.5,,109.9,Cis man,ANSUR (2012)
,108.1,,,97.2,,107.7,Cis man,ANSUR (2012)
,95.9,,,72.7,,90.3,Cis man,ANSUR (2012)
,103.9,,,95.7,,102.6,Cis man,ANSUR (2012)
,103.9,,,94.8,,106.1,Cis man,ANSUR (2012)
,106.2,,,106.5,,110.2,Cis man,ANSUR (2012)
,103.9,,,84.7,,98.4,Cis man,ANSUR (2012)
,105.7,,,94.1,,104.1,Cis man,ANSUR (2012)
,118.2,,,117.4,,121.2,Cis man,ANSUR (2012)
,115.7,,,101.9,,105.5,Cis man,ANSUR (2012)
,115.3,,,112.3,,112.1,Cis man,ANSUR (2012)
,101.4,,,70.6,,87.8,Cis man,ANSUR (2012)
,101.7,,,91.0,,102.4,Cis man,ANSUR (2012)
,112.2,,,99.2,,102.1,Cis man,ANSUR (2012)
,108.6,,,99.9,,106.2,Cis man,ANSUR (2012)
,95.8,,,74.0,,90.9,Cis man,ANSUR (2012)
,100.7,,,83.5,,96.1,Cis man,ANSUR (2012)
,117.1,,,108.5,,109.0,Cis man,ANSUR (2012)
,104.7,,,91.2,,104.7,Cis man,ANSUR (2012)
,108.2,,,85.6,,97.0,Cis man,ANSUR (2012)
,117.7,,,101.8,,108.1,Cis man,ANSUR (2012)
,93.4,,,83.9,,97.1,Cis man,ANSUR (2012)
,113.2,,,93.2,,102.2,Cis man,ANSUR (2012)
,108.2,,,89.7,,101.7,Cis man,ANSUR (2012)
,106.8,,,94.5,,105.8,Cis man,ANSUR (2012)
,110.3,,,102.9,,112.4,Cis man,ANSUR (2012)
,108.0,,,88.7,,96.4,Cis man,ANSUR (2012)
,102.3,,,89.7,,104.7,Cis man,ANSUR (2012)
,91.3,,,76.8,,88.2,Cis man,ANSUR (2012)
,104.2,,,86.6,,98.2,Cis man,ANSUR (2012)
,96.9,,,90.7,,100.7,Cis man,ANSUR (2012)
,100.3,,,91.8,,99.8,Cis man,ANSUR (2012)
,93.8,,,71.6,,90.7,Cis man,ANSUR (2012)
,108.7,,,93.4,,106.4,Cis man,ANSUR (2012)
,96.8,,,84.5,,96.9,Cis man,ANSUR (2012)
,95.1,,,82.7,,93.6,Cis man,ANSUR (2012)
,111.2,,,110.1,,112.2,Cis man,ANSUR (2012)
,113.3,,,104.7,,106.6,Cis man,ANSUR (2012)
,116.2,,,107.0,,108.8,Cis man,ANSUR (2012)
,117.7,,,113.5,,110.6,Cis man,ANSUR (2012)
,96.3,,,75.9,,92.1,Cis man,ANSUR (2012)
,100.1,,,88.8,,100.1,Cis man,ANSUR (2012)
,106.5,,,98.1,,111.7,Cis man,ANSUR (2012)
,103.7,,,95.6,,107.7,Cis man,ANSUR (2012)
,99.4,,,92.8,,101.4,Cis man,ANSUR (2012)
,103.0,,,85.0,,99.4,Cis man,ANSUR (2012)
,86.7,,,74.3,,87.1,Cis man,ANSUR (2012)
,106.3,,,97.0,,107.2,Cis man,ANSUR (2012)
,106.6,,,97.0,,104.6,Cis man,ANSUR (2012)
,98.8,,,93.2,,96.4,Cis man,ANSUR (2012)
,102.2,,,85.7,,100.4,Cis man,ANSUR (2012)
,100.3,,,80.7,,96.8,Cis man,ANSUR (2012)
,111.0,,,100.1,,101.4,Cis man,ANSUR (2012)
,106.8,,,105.2,,109.7,Cis man,ANSUR (2012)
,105.8,,,96.1,,103.6,Cis man,ANSUR (2012)
,90.8,,,72.1,,86.2,Cis man,ANSUR (2012)
,124.7,,,117.5,,121.8,Cis man,ANSUR (2012)
,109.6,,,98.3,,108.2,Cis man,ANSUR (2012)
,98.1,,,81.6,,95.8,Cis man,ANSUR (2012)
,98.3,,,85.8,,99.9,Cis man,ANSUR (2012)
,94.2,,,80.1,,93.3,Cis man,ANSUR (2012)
,110.8,,,102.6,,113.6,Cis man,ANSUR (2012)
,118.4,,,109.5,,121.9,Cis man,ANSUR (2012)
,98.4,,,76.7,,95.9,Cis man,ANSUR (2012)
,113.3,,,108.2,,108.8,Cis man,ANSUR (2012)
,113.9,,,96.7,,101.4,Cis man,ANSUR (2012)
,117.0,,,107.3,,109.5,Cis man,ANSUR (2012)
,105.3,,,93.3,,98.6,Cis man,ANSUR (2012)
,119.6,,,113.9,,103.8,Cis man,ANSUR (2012)
,103.7,,,86.7,,95.8,Cis man,ANSUR (2012)
,104.6,,,90.4,,101.2,Cis man,ANSUR (2012)
,112.2,,,100.6,,109.3,Cis man,ANSUR (2012)
,113.3,,,115.6,,111.7,Cis man,ANSUR (2012)
,108.1,,,96.4,,102.5,Cis man,ANSUR (2012)
,100.8,,,93.3,,97.0,Cis man,ANSUR (2012)
,115.9,,,104.7,,115.8,Cis man,ANSUR (2012)
,99.3,,,91.0,,98.6,Cis man,ANSUR (2012)
,126.7,,,125.4,,120.8,Cis man,ANSUR (2012)
,110.4,,,99.6,,99.6,Cis man,ANSUR (2012)
,104.8,,,96.0,,101.1,Cis man,ANSUR (2012)
,110.2,,,89.2,,100.4,Cis man,ANSUR (2012)
,108.3,,,100.2,,101.3,Cis man,ANSUR (2012)
,111.3,,,102.1,,104.7,Cis man,ANSUR (2012)
,103.9,,,97.2,,109.1,Cis man,ANSUR (2012)
,123.4,,,117.1,,114.7,Cis man,ANSUR (2012)
,108.1,,,102.0,,104.7,Cis man,ANSUR (2012)
,95.4,,,81.1,,91.3,Cis man,ANSUR (2012)
,112.0,,,111.5,,108.3,Cis man,ANSUR (2012)
,106.3,,,102.0,,105.0,Cis man,ANSUR (2012)
,114.1,,,103.6,,106.5,Cis man,ANSUR (2012)
,95.7,,,82.6,,100.8,Cis man,ANSUR (2012)
,94.8,,,79.5,,92.4,Cis man,ANSUR (2012)
,115.1,,,103.6,,114.2,Cis man,ANSUR (2012)
,107.7,,,100.9,,108.4,Cis man,ANSUR (2012)
,118.7,,,107.6,,114.9,Cis man,ANSUR (2012)
,112.3,,,93.4,,101.1,Cis man,ANSUR (2012)
,107.2,,,90.3,,99.5,Cis man,ANSUR (2012)
,100.5,,,92.3,,102.8,Cis man,ANSUR (2012)
,102.5,,,90.4,,103.4,Cis man,ANSUR (2012)
,95.5,,,84.6,,96.9,Cis man,ANSUR (2012)
,96.0,,,87.2,,96.7,Cis man,ANSUR (2012)
,105.5,,,80.5,,92.6,Cis man,ANSUR (2012)
,112.6,,,95.6,,105.1,Cis man,ANSUR (2012)
,93.4,,,83.8,,94.3,Cis man,ANSUR (2012)
,104.1,,,93.9,,107.9,Cis man,ANSUR (2012)
,104.7,,,96.0,,102.8,Cis man,ANSUR (2012)
,113.4,,,101.8,,111.2,Cis man,ANSUR (2012)
,90.5,,,76.1,,91.0,Cis man,ANSUR (2012)
,92.6,,,87.1,,99.7,Cis man,ANSUR (2012)
,93.6,,,83.8,,95.4,Cis man,ANSUR (2012)
,122.8,,,113.7,,117.4,Cis man,ANSUR (2012)
,107.0,,,97.8,,101.6,Cis man,ANSUR (2012)
,103.6,,,84.3,,98.0,Cis man,ANSUR (2012)
,95.7,,,77.7,,91.1,Cis man,ANSUR (2012)
,98.7,,,81.0,,93.0,Cis man,ANSUR (2012)
,105.4,,,94.4,,103.2,Cis man,ANSUR (2012)
,109.1,,,100.4,,109.9,Cis man,ANSUR (2012)
,109.0,,,94.7,,105.2,Cis man,ANSUR (2012)
,105.6,,,85.8,,102.3,Cis man,ANSUR (2012)
,114.0,,,99.0,,106.8,Cis man,ANSUR (2012)
,98.4,,,88.7,,100.9,Cis man,ANSUR (2012)
,97.6,,,83.3,,92.1,Cis man,ANSUR (2012)
,114.7,,,99.6,,110.2,Cis man,ANSUR (2012)
,128.2,,,116.8,,123.3,Cis man,ANSUR (2012)
,105.7,,,91.2,,98.1,Cis man,ANSUR (2012)
,118.3,,,111.3,,117.3,Cis man,ANSUR (2012)
,109.8,,,89.7,,106.7,Cis man,ANSUR (2012)
,94.2,,,75.3,,88.8,Cis man,ANSUR (2012)
,108.3,,,98.1,,106.7,Cis man,ANSUR (2012)
,97.9,,,80.5,,95.7,Cis man,ANSUR (2012)
,110.4,,,100.3,,105.4,Cis man,ANSUR (2012)
,120.2,,,116.2,,116.6,Cis man,ANSUR (2012)
,86.2,,,75.7,,86.5,Cis man,ANSUR (2012)
,104.2,,,94.3,,103.3,Cis man,ANSUR (2012)
,94.7,,,82.4,,92.2,Cis man,ANSUR (2012)
,107.7,,,101.7,,105.1,Cis man,ANSUR (2012)
,115.2,,,111.7,,116.8,Cis man,ANSUR (2012)
,100.2,,,88.0,,97.9,Cis man,ANSUR (2012)
,105.9,,,100.5,,105.3,Cis man,ANSUR (2012)
,119.6,,,118.2,,113.5,Cis man,ANSUR (2012)
,112.8,,,102.0,,108.4,Cis man,ANSUR (2012)
,91.0,,,76.0,,91.4,Cis man,ANSUR (2012)
,102.2,,,96.0,,100.7,Cis man,ANSUR (2012)
,118.1,,,120.0,,110.9,Cis man,ANSUR (2012)
,97.1,,,87.0,,94.7,Cis man,ANSUR (2012)
,122.7,,,112.2,,120.8,Cis man,ANSUR (2012)
,100.9,,,86.1,,103.9,Cis man,ANSUR (2012)
,111.0,,,97.4,,109.9,Cis man,ANSUR (2012)
,111.2,,,119.5,,114.8,Cis man,ANSUR (2012)
,98.7,,,83.5,,94.2,Cis man,ANSUR (2012)
,102.2,,,97.2,,95.9,Cis man,ANSUR (2012)
,121.6,,,111.3,,118.7,Cis man,ANSUR (2012)
,92.7,,,78.5,,92.4,Cis man,ANSUR (2012)
,96.2,,,80.2,,100.9,Cis man,ANSUR (2012)
,106.6,,,102.0,,112.8,Cis man,ANSUR (2012)
,103.5,,,90.4,,106.1,Cis man,ANSUR (2012)
,112.3,,,109.5,,116.6,Cis man,ANSUR (2012)
,96.9,,,79.3,,93.9,Cis man,ANSUR (2012)
,120.3,,,110.2,,108.5,Cis man,ANSUR (2012)
,97.8,,,95.5,,104.4,Cis man,ANSUR (2012)
,124.8,,,111.3,,119.3,Cis man,ANSUR (2012)
,89.1,,,80.2,,91.2,Cis man,ANSUR (2012)
,111.6,,,102.7,,110.4,Cis man,ANSUR (2012)
,103.9,,,83.9,,97.5,Cis man,ANSUR (2012)
,92.6,,,82.5,,95.2,Cis man,ANSUR (2012)
,100.4,,,89.6,,105.3,Cis man,ANSUR (2012)
,112.2,,,108.2,,110.8,Cis man,ANSUR (2012)
,110.6,,,96.7,,104.3,Cis man,ANSUR (2012)
,103.2,,,91.0,,100.9,Cis man,ANSUR (2012)
,114.6,,,102.0,,99.3,Cis man,ANSUR (2012)
,105.4,,,92.2,,103.6,Cis man,ANSUR (2012)
,94.2,,,72.8,,88.7,Cis man,ANSUR (2012)
,109.0,,,97.5,,106.4,Cis man,ANSUR (2012)
,94.4,,,87.4,,95.1,Cis man,ANSUR (2012)
,100.6,,,86.8,,108.2,Cis man,ANSUR (2012)
,106.6,,,97.7,,106.2,Cis man,ANSUR (2012)
,114.7,,,101.9,,110.3,Cis man,ANSUR (2012)
,108.3,,,91.0,,111.2,Cis man,ANSUR (2012)
,113.0,,,105.8,,108.5,Cis man,ANSUR (2012)
,106.2,,,93.3,,102.9,Cis man,ANSUR (2012)
,117.4,,,110.0,,119.8,Cis man,ANSUR (2012)
,97.3,,,86.0,,96.6,Cis man,ANSUR (2012)
,91.9,,,74.8,,92.2,Cis man,ANSUR (2012)
,117.2,,,100.7,,110.2,Cis man,ANSUR (2012)
,92.7,,,88.3,,93.9,Cis man,ANSUR (2012)
,107.6,,,99.2,,101.8,Cis man,ANSUR (2012)
,103.7,,,85.3,,101.6,Cis man,ANSUR (2012)
,98.1,,,88.8,,99.8,Cis man,ANSUR (2012)
,118.2,,,114.6,,114.2,Cis man,ANSUR (2012)
,111.7,,,112.7,,106.4,Cis man,ANSUR (2012)
,117.8,,,98.2,,108.6,Cis man,ANSUR (2012)
,115.4,,,115.3,,115.7,Cis man,ANSUR (2012)
,99.3,,,83.2,,95.9,Cis man,ANSUR (2012)
,116.7,,,110.2,,111.4,Cis man,ANSUR (2012)
,100.7,,,87.3,,98.1,Cis man,ANSUR (2012)
,110.1,,,101.7,,108.2,Cis man,ANSUR (2012)
,105.9,,,87.5,,99.7,Cis man,ANSUR (2012)
,113.1,,,99.6,,105.3,Cis man,ANSUR (2012)
,105.4,,,88.3,,98.7,Cis man,ANSUR (2012)
,98.8,,,85.9,,97.9,Cis man,ANSUR (2012)
,105.9,,,88.7,,103.4,Cis man,ANSUR (2012)
,105.3,,,91.7,,97.1,Cis man,ANSUR (2012)
,96.5,,,87.8,,93.0,Cis man,ANSUR (2012)
,103.8,,,97.0,,103.9,Cis man,ANSUR (2012)
,99.7,,,82.1,,96.4,Cis man,ANSUR (2012)
,102.8,,,88.8,,96.8,Cis man,ANSUR (2012)
,97.5,,,78.2,,97.1,Cis man,ANSUR (2012)
,100.8,,,89.3,,99.3,Cis man,ANSUR (2012)
,90.1,,,73.0,,88.4,Cis man,ANSUR (2012)
,99.4,,,95.3,,101.6,Cis man,ANSUR (2012)
,88.9,,,74.2,,85.3,Cis man,ANSUR (2012)
,94.7,,,83.5,,92.7,Cis man,ANSUR (2012)
,110.7,,,97.0,,103.9,Cis man,ANSUR (2012)
,93.8,,,78.0,,93.7,Cis man,ANSUR (2012)
,112.2,,,108.5,,114.2,Cis man,ANSUR (2012)
,95.9,,,77.5,,90.8,Cis man,ANSUR (2012)
,105.5,,,87.3,,100.6,Cis man,ANSUR (2012)
,101.7,,,85.3,,97.7,Cis man,ANSUR (2012)
,94.3,,,84.4,,94.6,Cis man,ANSUR (2012)
,103.1,,,89.3,,102.0,Cis man,ANSUR (2012)
,112.8,,,90.4,,100.1,Cis man,ANSUR (2012)
,103.2,,,88.0,,101.8,Cis man,ANSUR (2012)
,102.8,,,90.3,,107.7,Cis man,ANSUR (2012)
,104.6,,,90.1,,103.2,Cis man,ANSUR (2012)
,104.7,,,98.0,,101.7,Cis man,ANSUR (2012)
,96.2,,,84.7,,100.1,Cis man,ANSUR (2012)
,94.9,,,81.1,,93.7,Cis man,ANSUR (2012)
,111.4,,,100.5,,106.9,Cis man,ANSUR (2012)
,97.1,,,87.5,,91.6,Cis man,ANSUR (2012)
,103.3,,,94.4,,96.6,Cis man,ANSUR (2012)
,111.8,,,98.0,,101.3,Cis man,ANSUR (2012)
,102.7,,,83.6,,92.3,Cis man,ANSUR (2012)
,106.4,,,96.5,,100.8,Cis man,ANSUR (2012)
,107.3,,,94.9,,100.8,Cis man,ANSUR (2012)
,108.8,,,96.8,,99.2,Cis man,ANSUR (2012)
,96.8,,,83.6,,96.7,Cis man,ANSUR (2012)
,102.0,,,81.5,,99.2,Cis man,ANSUR (2012)
,98.7,,,81.2,,96.6,Cis man,ANSUR (2012)
,106.1,,,103.7,,105.1,Cis man,ANSUR (2012)
,99.4,,,92.5,,101.8,Cis man,ANSUR (2012)
,112.7,,,100.8,,100.8,Cis man,ANSUR (2012)
,106.9,,,93.3,,109.7,Cis man,ANSUR (2012)
,110.7,,,107.4,,111.5,Cis man,ANSUR (2012)
,124.2,,,113.7,,111.2,Cis man,ANSUR (2012)
,98.9,,,83.8,,97.3,Cis man,ANSUR (2012)
,121.1,,,112.7,,113.8,Cis man,ANSUR (2012)
,113.5,,,108.0,,113.8,Cis man,ANSUR (2012)
,101.7,,,101.4,,101.7,Cis man,ANSUR (2012)
,100.0,,,81.8,,94.6,Cis man,ANSUR (2012)
,109.2,,,100.2,,105.9,Cis man,ANSUR (2012)
,111.3,,,100.0,,104.0,Cis man,ANSUR (2012)
,112.7,,,110.0,,110.6,Cis man,ANSUR (2012)
,101.9,,,90.0,,99.0,Cis man,ANSUR (2012)
,93.9,,,81.7,,91.9,Cis man,ANSUR (2012)
,104.4,,,97.6,,99.1,Cis man,ANSUR (2012)
,112.5,,,109.0,,108.4,Cis man,ANSUR (2012)
,121.9,,,107.1,,110.9,Cis man,ANSUR (2012)
,104.3,,,91.6,,100.2,Cis man,ANSUR (2012)
,100.9,,,92.2,,94.5,Cis man,ANSUR (2012)
,109.7,,,91.7,,104.4,Cis man,ANSUR (2012)
,107.9,,,101.1,,108.4,Cis man,ANSUR (2012)
,102.5,,,86.7,,101.6,Cis man,ANSUR (2012)
,99.7,,,87.2,,106.8,Cis man,ANSUR (2012)
,125.0,,,121.4,,123.2,Cis man,ANSUR (2012)
,107.5,,,96.8,,99.4,Cis man,ANSUR (2012)
,116.1,,,105.1,,102.4,Cis man,ANSUR (2012)
,101.4,,,79.8,,87.5,Cis man,ANSUR (2012)
,108.7,,,98.0,,106.2,Cis man,ANSUR (2012)
,110.0,,,97.1,,105.2,Cis man,ANSUR (2012)
,129.7,,,110.3,,112.2,Cis man,ANSUR (2012)
,111.7,,,99.8,,107.7,Cis man,ANSUR (2012)
,101.7,,,88.3,,100.3,Cis man,ANSUR (2012)
,101.4,,,87.0,,93.2,Cis man,ANSUR (2012)
,113.2,,,104.3,,105.8,Cis man,ANSUR (2012)
,117.3,,,111.3,,110.7,Cis man,ANSUR (2012)
,114.4,,,105.0,,109.4,Cis man,ANSUR (2012)
,107.2,,,96.5,,99.4,Cis man,ANSUR (2012)
,101.7,,,93.5,,103.2,Cis man,ANSUR (2012)
,106.6,,,96.6,,105.7,Cis man,ANSUR (2012)
,112.7,,,110.3,,103.8,Cis man,ANSUR (2012)
,110.1,,,100.7,,105.2,Cis man,ANSUR (2012)
,121.5,,,112.2,,113.0,Cis man,ANSUR (2012)
,105.7,,,95.5,,98.3,Cis man,ANSUR (2012)
,119.4,,,112.3,,117.0,Cis man,ANSUR (2012)
,112.7,,,99.5,,114.1,Cis man,ANSUR (2012)
,127.7,,,128.7,,123.2,Cis man,ANSUR (2012)
,107.2,,,98.3,,101.9,Cis man,ANSUR (2012)
,104.1,,,97.3,,101.7,Cis man,ANSUR (2012)
,105.3,,,93.9,,103.4,Cis man,ANSUR (2012)
,108.8,,,100.0,,107.6,Cis man,ANSUR (2012)
,108.0,,,89.3,,105.7,Cis man,ANSUR (2012)
,106.6,,,99.6,,100.8,Cis man,ANSUR (2012)
,97.7,,,84.7,,91.2,Cis man,ANSUR (2012)
,114.9,,,105.8,,101.6,Cis man,ANSUR (2012)
,110.6,,,98.8,,103.7,Cis man,ANSUR (2012)
,114.4,,,102.9,,106.9,Cis man,ANSUR (2012)
,112.4,,,106.2,,103.7,Cis man,ANSUR (2012)
,97.1,,,79.3,,94.1,Cis man,ANSUR (2012)
,94.8,,,80.5,,94.3,Cis man,ANSUR (2012)
,103.4,,,87.3,,91.8,Cis man,ANSUR (2012)
,105.6,,,93.1,,94.3,Cis man,ANSUR (2012)
,96.9,,,83.5,,94.7,Cis man,ANSUR (2012)
,133.6,,,122.3,,120.7,Cis man,ANSUR (2012)
,123.3,,,111.8,,113.4,Cis man,ANSUR (2012)
,106.2,,,91.2,,96.8,Cis man,ANSUR (2012)
,101.5,,,86.6,,97.1,Cis man,ANSUR (2012)
,98.6,,,84.4,,97.7,Cis man,ANSUR (2012)
,98.7,,,86.0,,98.4,Cis man,ANSUR (2012)
,107.2,,,93.0,,101.1,Cis man,ANSUR (2012)
,102.4,,,89.8,,97.2,Cis man,ANSUR (2012)
,103.7,,,88.0,,103.7,Cis man,ANSUR (2012)
,94.9,,,82.6,,92.3,Cis man,ANSUR (2012)
,125.4,,,105.2,,110.3,Cis man,ANSUR (2012)
,113.0,,,98.2,,99.7,Cis man,ANSUR (2012)
,107.7,,,101.0,,103.7,Cis man,ANSUR (2012)
,117.4,,,107.3,,115.9,Cis man,ANSUR (2012)
,99.9,,,88.7,,100.2,Cis man,ANSUR (2012)
,109.3,,,102.4,,110.6,Cis man,ANSUR (2012)
,107.1,,,85.0,,99.4,Cis man,ANSUR (2012)
,110.6,,,87.0,,100.3,Cis man,ANSUR (2012)
,102.4,,,89.7,,94.7,Cis man,ANSUR (2012)
,103.8,,,94.8,,99.0,Cis man,ANSUR (2012)
,99.4,,,78.9,,97.7,Cis man,ANSUR (2012)
,114.9,,,101.0,,106.7,Cis man,ANSUR (2012)
,104.4,,,95.5,,104.3,Cis man,ANSUR (2012)
,118.0,,,98.5,,105.4,Cis man,ANSUR (2012)
,104.3,,,97.5,,98.5,Cis man,ANSUR (2012)
,126.5,,,132.5,,128.1,Cis man,ANSUR (2012)
,105.8,,,102.6,,101.1,Cis man,ANSUR (2012)
,100.7,,,92.6,,98.2,Cis man,ANSUR (2012)
,117.7,,,110.0,,112.4,Cis man,ANSUR (2012)
,95.0,,,82.5,,96.7,Cis man,ANSUR (2012)
,95.3,,,80.0,,93.2,Cis man,ANSUR (2012)
,88.8,,,72.9,,86.2,Cis man,ANSUR (2012)
,99.9,,,85.0,,101.1,Cis man,ANSUR (2012)
,102.9,,,89.1,,96.4,Cis man,ANSUR (2012)
,122.3,,,109.7,,107.4,Cis man,ANSUR (2012)
,106.8,,,93.8,,104.4,Cis man,ANSUR (2012)
,124.6,,,111.0,,117.7,Cis man,ANSUR (2012)
,107.4,,,95.3,,101.6,Cis man,ANSUR (2012)
,99.4,,,89.3,,104.2,Cis man,ANSUR (2012)
,110.5,,,99.1,,106.9,Cis man,ANSUR (2012)
,108.2,,,89.7,,103.2,Cis man,ANSUR (2012)
,105.2,,,98.6,,110.6,Cis man,ANSUR (2012)
,102.2,,,91.7,,102.3,Cis man,ANSUR (2012)
,98.6,,,73.1,,90.3,Cis man,ANSUR (2012)
,111.1,,,97.8,,100.2,Cis man,ANSUR (2012)
,98.6,,,88.4,,96.8,Cis man,ANSUR (2012)
,95.0,,,78.0,,90.5,Cis man,ANSUR (2012)
,100.5,,,84.5,,96.4,Cis man,ANSUR (2012)
,102.5,,,89.6,,107.7,Cis man,ANSUR (2012)
,105.3,,,99.1,,104.6,Cis man,ANSUR (2012)
,109.2,,,87.7,,101.8,Cis man,ANSUR (2012)
,87.9,,,72.1,,86.5,Cis man,ANSUR (2012)
,128.2,,,133.4,,128.1,Cis man,ANSUR (2012)
,100.9,,,89.2,,103.5,Cis man,ANSUR (2012)
,106.4,,,95.3,,100.8,Cis man,ANSUR (2012)
,98.5,,,80.0,,95.5,Cis man,ANSUR (2012)
,104.4,,,92.8,,99.6,Cis man,ANSUR (2012)
,127.2,,,104.2,,110.2,Cis man,ANSUR (2012)
,97.0,,,79.4,,94.2,Cis man,ANSUR (2012)
,118.5,,,111.7,,114.3,Cis man,ANSUR (2012)
,107.2,,,90.8,,101.0,Cis man,ANSUR (2012)
,97.9,,,80.0,,92.5,Cis man,ANSUR (2012)
,93.2,,,78.3,,99.8,Cis man,ANSUR (2012)
,93.2,,,78.5,,92.7,Cis man,ANSUR (2012)
,98.9,,,79.9,,91.8,Cis man,ANSUR (2012)
,99.2,,,86.5,,98.6,Cis man,ANSUR (2012)
,115.5,,,106.2,,109.4,Cis man,ANSUR (2012)
,102.4,,,93.6,,101.1,Cis man,ANSUR (2012)
,107.6,,,94.3,,104.4,Cis man,ANSUR (2012)
,100.4,,,97.3,,99.2,Cis man,ANSUR (2012)
,110.5,,,96.5,,108.6,Cis man,ANSUR (2012)
,110.2,,,101.5,,98.7,Cis man,ANSUR (2012)
,118.2,,,106.3,,102.4,Cis man,ANSUR (2012)
,108.8,,,96.5,,101.8,Cis man,ANSUR (2012)
,93.7,,,78.7,,87.7,Cis man,ANSUR (2012)
,120.2,,,109.6,,109.4,Cis man,ANSUR (2012)
,105.4,,,94.3,,101.1,Cis man,ANSUR (2012)
,109.7,,,93.0,,99.7,Cis man,ANSUR (2012)
,113.2,,,95.5,,98.3,Cis man,ANSUR (2012)
,122.4,,,112.7,,115.4,Cis man,ANSUR (2012)
,117.4,,,114.0,,117.2,Cis man,ANSUR (2012)
,114.3,,,104.1,,111.4,Cis man,ANSUR (2012)
,115.8,,,108.1,,111.7,Cis man,ANSUR (2012)
,117.6,,,106.0,,112.7,Cis man,ANSUR (2012)
,110.3,,,98.3,,105.4,Cis man,ANSUR (2012)
,113.7,,,104.6,,105.3,Cis man,ANSUR (2012)
,110.8,,,112.9,,107.6,Cis man,ANSUR (2012)
,103.2,,,88.2,,95.6,Cis man,ANSUR (2012)
,107.7,,,95.7,,102.0,Cis man,ANSUR (2012)
,117.3,,,106.7,,110.6,Cis man,ANSUR (2012)
,110.4,,,93.1,,99.9,Cis man,ANSUR (2012)
,111.7,,,96.6,,102.1,Cis man,ANSUR (2012)
,102.4,,,93.1,,98.9,Cis man,ANSUR (2012)
,107.6,,,98.1,,105.8,Cis man,ANSUR (2012)
,105.8,,,92.4,,105.4,Cis man,ANSUR (2012)
,94.9,,,81.4,,93.2,Cis man,ANSUR (2012)
,105.7,,,97.6,,103.2,Cis man,ANSUR (2012)
,108.2,,,102.5,,101.7,Cis man,ANSUR (2012)
,121.7,,,103.8,,103.6,Cis man,ANSUR (2012)
,101.6,,,93.9,,100.2,Cis man,ANSUR (2012)
,105.2,,,89.9,,99.1,Cis man,ANSUR (2012)
,92.3,,,79.6,,88.8,Cis man,ANSUR (2012)
,105.6,,,93.7,,102.4,Cis man,ANSUR (2012)
,115.5,,,98.3,,102.8,Cis man,ANSUR (2012)
,111.0,,,84.5,,98.1,Cis man,ANSUR (2012)
,103.6,,,95.7,,100.5,Cis man,ANSUR (2012)
,123.7,,,116.7,,117.8,Cis man,ANSUR (2012)
,104.3,,,93.9,,100.8,Cis man,ANSUR (2012)
,106.8,,,102.5,,104.9,Cis man,ANSUR (2012)
,117.7,,,103.9,,101.5,Cis man,ANSUR (2012)
,115.8,,,107.3,,119.1,Cis man,ANSUR (2012)
,99.2,,,90.0,,96.8,Cis man,ANSUR (2012)
,112.8,,,110.0,,109.8,Cis man,ANSUR (2012)
,128.7,,,112.8,,118.3,Cis man,ANSUR (2012)
,112.0,,,104.2,,110.6,Cis man,ANSUR (2012)
,110.4,,,102.8,,107.3,Cis man,ANSUR (2012)
,106.7,,,98.7,,104.1,Cis man,ANSUR (2012)
,112.6,,,105.2,,107.8,Cis man,ANSUR (2012)
,121.8,,,113.7,,113.5,Cis man,ANSUR (2012)
,114.2,,,108.0,,109.3,Cis man,ANSUR (2012)
,108.6,,,100.5,,101.7,Cis man,ANSUR (2012)
,92.8,,,75.7,,94.5,Cis man,ANSUR (2012)
,108.9,,,93.2,,102.8,Cis man,ANSUR (2012)
,125.3,,,114.7,,114.4,Cis man,ANSUR (2012)
,117.6,,,105.4,,105.4,Cis man,ANSUR (2012)
,115.1,,,95.0,,108.7,Cis man,ANSUR (2012)
,112.3,,,95.3,,96.1,Cis man,ANSUR (2012)
,123.3,,,112.0,,111.5,Cis man,ANSUR (2012)
,111.7,,,106.8,,110.3,Cis man,ANSUR (2012)
,107.9,,,95.8,,100.8,Cis man,ANSUR (2012)
,98.8,,,78.8,,96.9,Cis man,ANSUR (2012)
,93.2,,,80.8,,95.4,Cis man,ANSUR (2012)
,117.9,,,116.5,,108.3,Cis man,ANSUR (2012)
,104.5,,,95.0,,109.7,Cis man,ANSUR (2012)
,127.6,,,130.0,,126.8,Cis man,ANSUR (2012)
,106.7,,,97.6,,100.4,Cis man,ANSUR (2012)
,105.3,,,85.5,,101.8,Cis man,ANSUR (2012)
,90.1,,,77.7,,90.4,Cis man,ANSUR (2012)
,113.6,,,107.7,,108.6,Cis man,ANSUR (2012)
,114.6,,,103.3,,107.7,Cis man,ANSUR (2012)
,102.4,,,96.1,,97.7,Cis man,ANSUR (2012)
,112.2,,,111.8,,108.2,Cis man,ANSUR (2012)
,94.2,,,78.6,,96.2,Cis man,ANSUR (2012)
,105.4,,,96.6,,104.6,Cis man,ANSUR (2012)
,106.3,,,90.7,,95.1,Cis man,ANSUR (2012)
,111.4,,,102.5,,106.1,Cis man,ANSUR (2012)
,94.5,,,79.5,,95.2,Cis man,ANSUR (2012)
,103.9,,,89.3,,102.5,Cis man,ANSUR (2012)
,117.7,,,110.8,,110.6,Cis man,ANSUR (2012)
,91.6,,,73.6,,83.6,Cis man,ANSUR (2012)
,94.6,,,89.0,,103.9,Cis man,ANSUR (2012)
,109.4,,,91.4,,102.8,Cis man,ANSUR (2012)
,102.4,,,85.1,,97.3,Cis man,ANSUR (2012)
,96.1,,,84.1,,98.3,Cis man,ANSUR (2012)
,120.9,,,117.6,,109.7,Cis man,ANSUR (2012)
,105.3,,,90.8,,90.8,Cis man,ANSUR (2012)
,106.4,,,82.8,,97.2,Cis man,ANSUR (2012)
,96.3,,,81.5,,97.7,Cis man,ANSUR (2012)
,98.5,,,88.7,,98.4,Cis man,ANSUR (2012)
,126.8,,,115.8,,115.9,Cis man,ANSUR (2012)
,95.6,,,83.6,,95.3,Cis man,ANSUR (2012)
,108.6,,,90.3,,103.4,Cis man,ANSUR (2012)
,124.2,,,112.8,,110.4,Cis man,ANSUR (2012)
,103.7,,,83.1,,100.0,Cis man,ANSUR (2012)
,103.5,,,83.2,,98.1,Cis man,ANSUR (2012)
,92.2,,,76.3,,91.4,Cis man,ANSUR (2012)
,118.9,,,106.8,,109.8,Cis man,ANSUR (2012)
,97.6,,,92.8,,99.8,Cis man,ANSUR (2012)
,105.7,,,101.3,,106.8,Cis man,ANSUR (2012)
,95.8,,,76.4,,99.3,Cis man,ANSUR (2012)
,106.7,,,96.8,,104.3,Cis man,ANSUR (2012)
,107.6,,,106.3,,106.8,Cis man,ANSUR (2012)
,119.1,,,114.0,,109.6,Cis man,ANSUR (2012)
,91.8,,,77.5,,90.9,Cis man,ANSUR (2012)
,102.9,,,85.3,,99.3,Cis man,ANSUR (2012)
,107.8,,,103.0,,106.5,Cis man,ANSUR (2012)
,94.9,,,84.0,,99.7,Cis man,ANSUR (2012)
,105.4,,,94.3,,100.0,Cis man,ANSUR (2012)
,111.2,,,102.6,,110.6,Cis man,ANSUR (2012)
,96.4,,,88.5,,96.3,Cis man,ANSUR (2012)
,120.8,,,105.4,,108.7,Cis man,ANSUR (2012)
,102.4,,,88.2,,96.2,Cis man,ANSUR (2012)
,105.8,,,91.7,,104.3,Cis man,ANSUR (2012)
,108.6,,,99.5,,101.1,Cis man,ANSUR (2012)
,104.3,,,92.7,,99.3,Cis man,ANSUR (2012)
,87.1,,,75.8,,87.1,Cis man,ANSUR (2012)
,104.2,,,92.4,,97.7,Cis man,ANSUR (2012)
,98.6,,,76.0,,92.0,Cis man,ANSUR (2012)
,104.1,,,101.6,,101.9,Cis man,ANSUR (2012)
,88.2,,,76.9,,88.7,Cis man,ANSUR (2012)
,111.7,,,106.1,,106.3,Cis man,ANSUR (2012)
,117.0,,,103.8,,101.7,Cis man,ANSUR (2012)
,98.1,,,81.7,,93.5,Cis man,ANSUR (2012)
,112.8,,,96.8,,104.5,Cis man,ANSUR (2012)
,103.8,,,90.4,,104.5,Cis man,ANSUR (2012)
,105.3,,,95.4,,102.4,Cis man,ANSUR (2012)
,91.4,,,81.5,,88.6,Cis man,ANSUR (2012)
,104.4,,,96.0,,100.0,Cis man,ANSUR (2012)
,106.5,,,97.6,,104.2,Cis man,ANSUR (2012)
,107.5,,,89.6,,102.2,Cis man,ANSUR (2012)
,96.8,,,85.7,,94.8,Cis man,ANSUR (2012)
,89.8,,,72.8,,87.0,Cis man,ANSUR (2012)
,117.5,,,105.1,,107.3,Cis man,ANSUR (2012)
,114.7,,,102.1,,106.7,Cis man,ANSUR (2012)
,102.6,,,98.0,,99.2,Cis man,ANSUR (2012)
,106.6,,,87.6,,97.1,Cis man,ANSUR (2012)
,100.8,,,83.8,,95.0,Cis man,ANSUR (2012)
,99.2,,,94.6,,99.1,Cis man,ANSUR (2012)
,104.8,,,91.1,,102.4,Cis man,ANSUR (2012)
,117.3,,,108.0,,115.6,Cis man,ANSUR (2012)
,104.6,,,88.2,,102.8,Cis man,ANSUR (2012)
,117.0,,,107.6,,110.3,Cis man,ANSUR (2012)
,108.6,,,91.6,,106.6,Cis man,ANSUR (2012)
,112.2,,,110.1,,108.8,Cis man,ANSUR (2012)
,107.8,,,95.8,,103.8,Cis man,ANSUR (2012)
,108.7,,,94.4,,101.8,Cis man,ANSUR (2012)
,104.2,,,88.8,,102.2,Cis man,ANSUR (2012)
,120.3,,,105.8,,104.8,Cis man,ANSUR (2012)
,93.5,,,77.7,,97.1,Cis man,ANSUR (2012)
,110.6,,,88.2,,102.5,Cis man,ANSUR (2012)
,104.2,,,87.0,,96.5,Cis man,ANSUR (2012)
,97.8,,,76.1,,91.4,Cis man,ANSUR (2012)
,97.7,,,82.2,,101.3,Cis man,ANSUR (2012)
,109.8,,,101.4,,111.8,Cis man,ANSUR (2012)
,108.8,,,90.7,,105.5,Cis man,ANSUR (2012)
,106.4,,,91.3,,102.5,Cis man,ANSUR (2012)
,93.5,,,82.0,,96.5,Cis man,ANSUR (2012)
,93.0,,,74.5,,88.6,Cis man,ANSUR (2012)
,106.3,,,85.5,,102.5,Cis man,ANSUR (2012)
,96.6,,,79.5,,95.2,Cis man,ANSUR (2012)
,102.9,,,84.5,,106.0,Cis man,ANSUR (2012)
,100.4,,,87.2,,99.2,Cis man,ANSUR (2012)
,101.9,,,91.2,,102.2,Cis man,ANSUR (2012)
,106.5,,,91.7,,107.8,Cis man,ANSUR (2012)
,116.2,,,99.5,,108.1,Cis man,ANSUR (2012)
,105.5,,,95.7,,97.0,Cis man,ANSUR (2012)
,97.6,,,82.2,,98.4,Cis man,ANSUR (2012)
,106.1,,,90.2,,109.9,Cis man,ANSUR (2012)
,95.6,,,75.3,,91.6,Cis man,ANSUR (2012)
,106.8,,,96.0,,102.3,Cis man,ANSUR (2012)
,108.2,,,91.8,,101.1,Cis man,ANSUR (2012)
,95.2,,,82.3,,99.8,Cis man,ANSUR (2012)
,114.2,,,97.2,,106.7,Cis man,ANSUR (2012)
,94.8,,,84.3,,98.6,Cis man,ANSUR (2012)
,111.9,,,106.3,,104.7,Cis man,ANSUR (2012)
,101.7,,,82.4,,92.6,Cis man,ANSUR (2012)
,107.4,,,97.0,,100.8,Cis man,ANSUR (2012)
,109.9,,,102.3,,104.3,Cis man,ANSUR (2012)
,103.5,,,90.0,,99.3,Cis man,ANSUR (2012)
,104.2,,,93.3,,103.7,Cis man,ANSUR (2012)
,101.7,,,82.8,,98.1,Cis man,ANSUR (2012)
,117.1,,,103.0,,108.3,Cis man,ANSUR (2012)
,108.8,,,98.6,,101.4,Cis man,ANSUR (2012)
,98.6,,,82.1,,95.4,Cis man,ANSUR (2012)
,115.7,,,83.7,,99.8,Cis man,ANSUR (2012)
,99.4,,,79.7,,91.9,Cis man,ANSUR (2012)
,99.3,,,84.4,,93.9,Cis man,ANSUR (2012)
,120.8,,,116.5,,113.4,Cis man,ANSUR (2012)
,109.5,,,91.3,,98.9,Cis man,ANSUR (2012)
,118.7,,,106.8,,108.7,Cis man,ANSUR (2012)
,123.8,,,114.7,,113.9,Cis man,ANSUR (2012)
,93.9,,,74.6,,89.9,Cis man,ANSUR (2012)
,119.6,,,113.1,,111.7,Cis man,ANSUR (2012)
,113.5,,,110.0,,114.9,Cis man,ANSUR (2012)
,111.7,,,108.3,,106.7,Cis man,ANSUR (2012)
,103.9,,,96.4,,102.4,Cis man,ANSUR (2012)
,117.4,,,110.0,,110.3,Cis man,ANSUR (2012)
,97.3,,,79.1,,96.7,Cis man,ANSUR (2012)
,114.7,,,111.1,,109.6,Cis man,ANSUR (2012)
,87.3,,,77.1,,88.8,Cis man,ANSUR (2012)
,115.9,,,105.4,,110.2,Cis man,ANSUR (2012)
,104.4,,,89.4,,107.6,Cis man,ANSUR (2012)
,113.0,,,100.2,,106.2,Cis man,ANSUR (2012)
,105.6,,,91.1,,100.4,Cis man,ANSUR (2012)
,100.4,,,90.7,,97.2,Cis man,ANSUR (2012)
,110.8,,,101.0,,113.9,Cis man,ANSUR (2012)
,110.6,,,98.7,,113.7,Cis man,ANSUR (2012)
,101.9,,,85.1,,98.6,Cis man,ANSUR (2012)
,105.6,,,90.1,,99.5,Cis man,ANSUR (2012)
,112.0,,,101.4,,105.9,Cis man,ANSUR (2012)
,109.3,,,93.3,,99.8,Cis man,ANSUR (2012)
,94.3,,,75.5,,87.4,Cis man,ANSUR (2012)
,102.3,,,83.7,,97.6,Cis man,ANSUR (2012)
,115.3,,,106.6,,109.8,Cis man,ANSUR (2012)
,104.2,,,94.6,,101.7,Cis man,ANSUR (2012)
,96.2,,,83.0,,97.1,Cis man,ANSUR (2012)
,97.4,,,77.1,,90.9,Cis man,ANSUR (2012)
,118.3,,,109.2,,115.7,Cis man,ANSUR (2012)
,96.4,,,78.6,,88.4,Cis man,ANSUR (2012)
,97.7,,,87.3,,103.5,Cis man,ANSUR (2012)
,101.7,,,93.3,,105.2,Cis man,ANSUR (2012)
,85.3,,,72.0,,87.5,Cis man,ANSUR (2012)
,115.9,,,103.6,,107.7,Cis man,ANSUR (2012)
,112.1,,,91.6,,104.5,Cis man,ANSUR (2012)
,125.3,,,119.1,,113.5,Cis man,ANSUR (2012)
,108.4,,,100.2,,100.9,Cis man,ANSUR (2012)
,103.8,,,93.4,,104.7,Cis man,ANSUR (2012)
,101.7,,,90.1,,97.5,Cis man,ANSUR (2012)
,100.9,,,89.6,,101.4,Cis man,ANSUR (2012)
,104.4,,,85.0,,97.8,Cis man,ANSUR (2012)
,99.0,,,83.0,,95.2,Cis man,ANSUR (2012)
,111.4,,,97.7,,109.6,Cis man,ANSUR (2012)
,106.6,,,92.0,,97.9,Cis man,ANSUR (2012)
,104.9,,,87.5,,101.8,Cis man,ANSUR (2012)
,117.1,,,117.6,,109.8,Cis man,ANSUR (2012)
,95.2,,,90.0,,98.8,Cis man,ANSUR (2012)
,120.0,,,117.5,,114.2,Cis man,ANSUR (2012)
,110.6,,,104.7,,104.3,Cis man,ANSUR (2012)
,108.3,,,95.0,,102.3,Cis man,ANSUR (2012)
,109.7,,,110.0,,115.0,Cis man,ANSUR (2012)
,99.0,,,84.1,,92.7,Cis man,ANSUR (2012)
,108.7,,,93.5,,107.4,Cis man,ANSUR (2012)
,102.4,,,87.5,,95.8,Cis man,ANSUR (2012)
,103.2,,,87.7,,100.0,Cis man,ANSUR (2012)
,111.2,,,101.6,,104.1,Cis man,ANSUR (2012)
,103.8,,,85.8,,95.8,Cis man,ANSUR (2012)
,101.1,,,85.0,,103.8,Cis man,ANSUR (2012)
,109.5,,,93.2,,101.1,Cis man,ANSUR (2012)
,114.4,,,111.7,,112.2,Cis man,ANSUR (2012)
,97.6,,,80.0,,94.9,Cis man,ANSUR (2012)
,114.7,,,100.0,,103.7,Cis man,ANSUR (2012)
,93.1,,,83.1,,97.7,Cis man,ANSUR (2012)
,111.8,,,111.0,,113.4,Cis man,ANSUR (2012)
,108.3,,,110.4,,114.9,Cis man,ANSUR (2012)
,115.8,,,105.6,,98.2,Cis man,ANSUR (2012)
,114.2,,,106.6,,112.1,Cis man,ANSUR (2012)
,115.5,,,112.7,,116.3,Cis man,ANSUR (2012)
,106.6,,,98.4,,105.6,Cis man,ANSUR (2012)
,99.6,,,84.6,,99.1,Cis man,ANSUR (2012)
,105.6,,,95.0,,103.2,Cis man,ANSUR (2012)
,98.9,,,84.0,,95.9,Cis man,ANSUR (2012)
,126.3,,,117.6,,112.7,Cis man,ANSUR (2012)
,98.9,,,90.5,,97.7,Cis man,ANSUR (2012)
,100.4,,,88.5,,105.0,Cis man,ANSUR (2012)
,87.7,,,91.2,,94.7,Cis man,ANSUR (2012)
,106.2,,,97.1,,103.2,Cis man,ANSUR (2012)
,98.1,,,84.6,,99.4,Cis man,ANSUR (2012)
,97.4,,,83.5,,98.0,Cis man,ANSUR (2012)
,111.9,,,98.8,,102.2,Cis man,ANSUR (2012)
,102.0,,,89.7,,99.3,Cis man,ANSUR (2012)
,106.3,,,86.8,,101.3,Cis man,ANSUR (2012)
,112.8,,,104.6,,109.9,Cis man,ANSUR (2012)
,102.1,,,90.1,,105.8,Cis man,ANSUR (2012)
,99.4,,,80.5,,99.7,Cis man,ANSUR (2012)
,97.2,,,79.2,,97.2,Cis man,ANSUR (2012)
,93.0,,,83.0,,94.2,Cis man,ANSUR (2012)
,91.5,,,80.8,,94.0,Cis man,ANSUR (2012)
,104.2,,,91.7,,102.2,Cis man,ANSUR (2012)
,93.6,,,76.3,,94.0,Cis man,ANSUR (2012)
,94.0,,,78.4,,91.6,Cis man,ANSUR (2012)
,108.8,,,94.5,,95.2,Cis man,ANSUR (2012)
,103.6,,,91.0,,104.0,Cis man,ANSUR (2012)
,100.1,,,90.7,,101.7,Cis man,ANSUR (2012)
,101.1,,,102.0,,106.8,Cis man,ANSUR (2012)
,95.3,,,90.6,,99.5,Cis man,ANSUR (2012)
,108.3,,,103.3,,104.8,Cis man,ANSUR (2012)
,91.4,,,81.5,,94.8,Cis man,ANSUR (2012)
,101.2,,,89.1,,99.9,Cis man,ANSUR (2012)
,106.7,,,86.5,,100.3,Cis man,ANSUR (2012)
,98.3,,,85.6,,96.1,Cis man,ANSUR (2012)
,103.5,,,90.0,,97.5,Cis man,ANSUR (2012)
,113.6,,,102.4,,109.0,Cis man,ANSUR (2012)
,123.8,,,112.0,,109.3,Cis man,ANSUR (2012)
,102.7,,,98.5,,108.0,Cis man,ANSUR (2012)
,95.1,,,81.6,,95.3,Cis man,ANSUR (2012)
,117.2,,,104.8,,106.9,Cis man,ANSUR (2012)
,118.3,,,110.8,,111.2,Cis man,ANSUR (2012)
,117.1,,,109.6,,107.2,Cis man,ANSUR (2012)
,97.5,,,85.4,,96.6,Cis man,ANSUR (2012)
,107.4,,,93.0,,102.8,Cis man,ANSUR (2012)
,95.6,,,82.7,,92.2,Cis man,ANSUR (2012)
,114.4,,,108.2,,110.6,Cis man,ANSUR (2012)
,112.9,,,98.8,,107.3,Cis man,ANSUR (2012)
,102.0,,,97.2,,99.2,Cis man,ANSUR (2012)
,106.8,,,104.0,,104.8,Cis man,ANSUR (2012)
,103.8,,,96.7,,102.1,Cis man,ANSUR (2012)
,100.7,,,89.0,,96.2,Cis man,ANSUR (2012)
,107.6,,,107.4,,109.5,Cis man,ANSUR (2012)
,108.1,,,93.8,,101.9,Cis man,ANSUR (2012)
,110.9,,,92.7,,98.9,Cis man,ANSUR (2012)
,102.3,,,89.5,,99.4,Cis man,ANSUR (2012)
,116.7,,,109.8,,108.4,Cis man,ANSUR (2012)
,108.6,,,100.1,,100.2,Cis man,ANSUR (2012)
,109.6,,,96.5,,105.3,Cis man,ANSUR (2012)
,103.7,,,99.5,,100.3,Cis man,ANSUR (2012)
,100.7,,,94.0,,102.8,Cis man,ANSUR (2012)
,93.4,,,77.5,,91.6,Cis man,ANSUR (2012)
,106.0,,,98.8,,98.1,Cis man,ANSUR (2012)
,108.1,,,105.8,,109.9,Cis man,ANSUR (2012)
,99.3,,,86.2,,96.2,Cis man,ANSUR (2012)
,110.6,,,104.2,,107.9,Cis man,ANSUR (2012)
,105.3,,,93.8,,106.6,Cis man,ANSUR (2012)
,112.5,,,99.8,,100.8,Cis man,ANSUR (2012)
,109.9,,,90.2,,99.4,Cis man,ANSUR (2012)
,115.8,,,108.2,,107.5,Cis man,ANSUR (2012)
,90.8,,,78.0,,91.9,Cis man,ANSUR (2012)
,105.5,,,92.0,,100.5,Cis man,ANSUR (2012)
,104.7,,,96.1,,101.0,Cis man,ANSUR (2012)
,106.2,,,94.5,,102.2,Cis man,ANSUR (2012)
,99.4,,,86.0,,98.0,Cis man,ANSUR (2012)
,113.0,,,94.9,,105.6,Cis man,ANSUR (2012)
,95.5,,,81.0,,100.7,Cis man,ANSUR (2012)
,109.7,,,93.9,,104.7,Cis man,ANSUR (2012)
,89.9,,,73.2,,88.4,Cis man,ANSUR (2012)
,97.3,,,82.5,,92.1,Cis man,ANSUR (2012)
,103.8,,,86.8,,97.6,Cis man,ANSUR (2012)
,101.6,,,95.2,,97.4,Cis man,ANSUR (2012)
,108.3,,,94.8,,104.3,Cis man,ANSUR (2012)
,115.8,,,109.0,,114.9,Cis man,ANSUR (2012)
,106.6,,,88.0,,100.3,Cis man,ANSUR (2012)
,101.4,,,91.5,,97.6,Cis man,ANSUR (2012)
,103.4,,,85.3,,95.5,Cis man,ANSUR (2012)
,108.9,,,95.5,,107.7,Cis man,ANSUR (2012)
,105.3,,,97.8,,100.6,Cis man,ANSUR (2012)
,111.6,,,96.0,,105.2,Cis man,ANSUR (2012)
,101.4,,,81.6,,96.0,Cis man,ANSUR (2012)
,107.7,,,95.1,,94.9,Cis man,ANSUR (2012)
,101.0,,,81.0,,95.3,Cis man,ANSUR (2012)
,101.8,,,88.5,,102.3,Cis man,ANSUR (2012)
,109.9,,,100.3,,107.6,Cis man,ANSUR (2012)
,103.2,,,93.5,,97.9,Cis man,ANSUR (2012)
,105.4,,,88.7,,96.3,Cis man,ANSUR (2012)
,112.6,,,102.6,,101.8,Cis man,ANSUR (2012)
,103.2,,,90.8,,103.1,Cis man,ANSUR (2012)
,113.3,,,107.7,,110.8,Cis man,ANSUR (2012)
,104.1,,,94.0,,95.5,Cis man,ANSUR (2012)
,104.8,,,96.0,,108.2,Cis man,ANSUR (2012)
,108.7,,,93.6,,102.7,Cis man,ANSUR (2012)
,115.4,,,104.8,,106.2,Cis man,ANSUR (2012)
,92.7,,,75.5,,89.6,Cis man,ANSUR (2012)
,99.0,,,83.0,,92.8,Cis man,ANSUR (2012)
,124.2,,,111.2,,116.7,Cis man,ANSUR (2012)
,104.1,,,87.5,,96.8,Cis man,ANSUR (2012)
,95.8,,,95.0,,102.9,Cis man,ANSUR (2012)
,99.4,,,82.6,,100.4,Cis man,ANSUR (2012)
,96.2,,,82.2,,96.7,Cis man,ANSUR (2012)
,102.4,,,89.0,,104.1,Cis man,ANSUR (2012)
,104.7,,,88.0,,92.4,Cis man,ANSUR (2012)
,99.4,,,97.5,,96.3,Cis man,ANSUR (2012)
,104.3,,,82.5,,98.9,Cis man,ANSUR (2012)
,101.2,,,84.6,,99.4,Cis man,ANSUR (2012)
,102.0,,,86.0,,98.7,Cis man,ANSUR (2012)
,106.0,,,91.5,,104.6,Cis man,ANSUR (2012)
,132.1,,,130.2,,124.5,Cis man,ANSUR (2012)
,108.6,,,82.5,,103.4,Cis man,ANSUR (2012)
,94.5,,,86.4,,91.2,Cis man,ANSUR (2012)
,100.5,,,90.0,,100.6,Cis man,ANSUR (2012)
,117.2,,,107.0,,109.6,Cis man,ANSUR (2012)
,98.7,,,90.8,,98.6,Cis man,ANSUR (2012)
,93.7,,,80.8,,92.7,Cis man,ANSUR (2012)
,107.6,,,95.5,,107.2,Cis man,ANSUR (2012)
,102.7,,,83.0,,98.0,Cis man,ANSUR (2012)
,99.6,,,77.1,,96.8,Cis man,ANSUR (2012)
,114.3,,,95.5,,101.2,Cis man,ANSUR (2012)
,114.7,,,106.5,,111.8,Cis man,ANSUR (2012)
,102.4,,,86.6,,97.5,Cis man,ANSUR (2012)
,109.8,,,99.0,,102.2,Cis man,ANSUR (2012)
,112.8,,,104.8,,105.7,Cis man,ANSUR (2012)
,95.9,,,83.3,,94.3,Cis man,ANSUR (2012)
,110.1,,,98.7,,103.1,Cis man,ANSUR (2012)
,109.4,,,99.2,,103.4,Cis man,ANSUR (2012)
,106.2,,,95.8,,99.0,Cis man,ANSUR (2012)
,96.3,,,83.6,,97.7,Cis man,ANSUR (2012)
,100.7,,,89.2,,96.2,Cis man,ANSUR (2012)
,107.7,,,97.6,,102.1,Cis man,ANSUR (2012)
,109.3,,,97.6,,99.2,Cis man,ANSUR (2012)
,97.3,,,91.1,,97.7,Cis man,ANSUR (2012)
,107.8,,,99.9,,104.4,Cis man,ANSUR (2012)
,103.2,,,82.1,,92.7,Cis man,ANSUR (2012)
,101.6,,,83.5,,92.7,Cis man,ANSUR (2012)
,114.7,,,99.5,,106.4,Cis man,ANSUR (2012)
,102.8,,,87.7,,96.1,Cis man,ANSUR (2012)
,110.1,,,101.9,,110.6,Cis man,ANSUR (2012)
,96.4,,,89.0,,95.9,Cis man,ANSUR (2012)
,96.8,,,73.0,,89.7,Cis man,ANSUR (2012)
,104.4,,,82.3,,93.2,Cis man,ANSUR (2012)
,101.0,,,94.8,,99.9,Cis man,ANSUR (2012)
,108.8,,,108.0,,112.2,Cis man,ANSUR (2012)
,106.4,,,94.1,,104.0,Cis man,ANSUR (2012)
,103.1,,,89.5,,97.7,Cis man,ANSUR (2012)
,101.0,,,90.6,,95.5,Cis man,ANSUR (2012)
,95.3,,,83.4,,91.7,Cis man,ANSUR (2012)
,96.9,,,80.4,,90.3,Cis man,ANSUR (2012)
,101.2,,,94.9,,99.8,Cis man,ANSUR (2012)
,88.4,,,72.2,,87.6,Cis man,ANSUR (2012)
,96.9,,,85.2,,96.2,Cis man,ANSUR (2012)
,93.4,,,77.4,,92.4,Cis man,ANSUR (2012)
,90.7,,,82.6,,92.2,Cis man,ANSUR (2012)
,95.7,,,80.7,,96.3,Cis man,ANSUR (2012)
,108.6,,,87.0,,100.0,Cis man,ANSUR (2012)
,92.5,,,83.5,,98.9,Cis man,ANSUR (2012)
,105.4,,,105.1,,105.6,Cis man,ANSUR (2012)
,100.3,,,94.7,,103.3,Cis man,ANSUR (2012)
,95.4,,,81.6,,91.7,Cis man,ANSUR (2012)
,107.2,,,97.8,,104.9,Cis man,ANSUR (2012)
,104.5,,,99.1,,103.8,Cis man,ANSUR (2012)
,98.4,,,78.3,,92.9,Cis man,ANSUR (2012)
,114.4,,,108.0,,100.9,Cis man,ANSUR (2012)
