ankle circumference,back width (shoulder blades),biceps circumference,shoulder width (back),hip circumference,calf circumference,nape to floor (1),chest circumference,inseam,crotch length (low waist),hand circumference (without thumb),head circumference,foot entry,back width (high),back width (low),knee to floor,ankle to floor,neck circumference,base of neck circumference,shoulder to elbow,shoulder,arm length,height,thigh circumference,distance from nape of the neck to waist (back),waist circumference,weight,wrist circumference,age
22.2,40.1,36.9,49.3,97.9,37.3,153.5,107.4,87.7,60.7,21.4,58.3,32.6,42.2,44.1,50.2,7.7,40.0,43.6,36.8,14.5,60.0,177.6,61.0,50.1,93.3,81.5,17.5,41
22.0,39.4,33.8,47.9,94.4,35.7,147.1,102.1,85.1,61.5,20.3,56.8,33.4,44.1,44.7,49.0,7.3,38.0,42.0,35.3,14.1,56.4,170.2,57.2,43.2,87.0,72.6,16.7,35
23.0,42.7,40.8,54.4,105.4,41.2,150.1,112.0,85.4,63.6,22.0,57.3,35.6,46.2,47.5,49.6,7.2,40.3,43.4,36.7,16.7,60.4,173.5,68.5,47.2,96.4,92.9,18.0,42
23.0,40.1,35.9,51.8,99.1,39.5,142.3,111.4,76.9,59.0,21.7,57.6,34.1,45.8,46.1,46.0,7.6,40.7,44.6,33.0,14.8,55.0,165.5,60.4,46.1,85.7,79.4,17.6,31
24.7,43.5,35.6,52.4,102.9,42.5,168.4,104.8,101.4,68.2,22.2,56.6,37.4,48.1,50.5,61.2,8.5,39.8,43.0,40.0,18.0,64.1,191.4,67.2,46.7,86.8,94.6,18.8,21
21.6,40.4,34.0,50.2,97.3,38.6,148.9,106.6,82.8,65.5,20.3,57.6,32.5,45.7,46.6,49.1,6.8,39.5,42.0,36.3,14.5,60.5,172.0,60.7,45.9,95.0,80.2,17.1,39
25.7,45.3,45.2,56.0,113.9,46.7,157.1,120.8,87.4,69.2,22.7,61.2,36.0,48.8,50.2,51.1,7.3,46.1,49.7,37.2,16.4,61.3,181.0,75.4,51.5,107.3,116.2,19.5,32
25.4,42.5,33.2,51.3,106.8,40.4,161.2,108.7,93.4,65.0,21.0,55.1,35.4,44.5,47.6,51.1,7.7,41.2,45.5,38.4,14.4,64.3,185.0,64.4,50.0,101.0,95.4,18.5,23
23.0,41.5,37.9,54.9,106.1,41.2,153.6,118.1,87.5,63.0,22.6,57.8,35.1,50.0,49.8,49.6,8.2,43.5,46.3,36.3,14.3,58.5,177.7,63.5,51.0,106.5,99.5,19.1,36
23.3,40.6,32.5,47.7,91.6,36.8,156.4,96.4,90.9,56.6,20.8,54.9,34.2,43.7,45.9,53.5,7.2,37.2,42.8,37.9,14.7,63.3,181.1,52.5,46.1,82.4,70.2,17.9,23
21.8,41.2,35.1,52.3,102.7,37.7,152.7,111.7,83.9,65.9,21.2,57.8,33.0,51.0,48.3,50.2,7.9,44.5,47.3,36.2,14.4,58.0,178.0,62.4,51.2,99.4,88.2,17.4,32
20.5,40.8,32.7,46.4,92.8,34.3,150.9,96.1,87.2,60.2,20.3,54.8,33.7,46.4,50.5,50.9,7.6,37.4,42.1,36.3,16.0,60.0,173.3,56.7,49.5,86.6,70.1,17.1,28
24.4,45.3,39.7,56.4,108.2,46.0,159.7,115.1,92.3,66.3,22.5,58.0,37.2,44.7,47.3,52.9,7.7,43.6,46.8,39.8,16.1,65.0,181.4,68.9,49.1,98.6,103.7,18.3,36
24.1,46.6,42.0,58.8,111.2,43.4,162.3,123.1,91.3,68.7,21.9,60.6,35.0,46.0,48.5,53.2,7.8,46.8,49.6,39.3,17.3,64.4,186.1,70.4,50.5,104.5,111.6,18.4,26
24.3,41.4,36.3,50.4,113.6,42.1,147.6,106.0,80.4,68.3,21.2,56.5,34.3,39.9,44.2,46.9,7.5,39.9,43.9,35.0,15.6,57.2,170.9,69.5,48.0,100.7,89.6,18.3,22
23.7,41.3,38.7,53.7,100.9,43.3,151.1,109.2,88.5,63.3,22.0,56.7,35.4,47.0,47.5,51.5,7.4,43.5,46.5,38.2,14.0,61.9,174.0,64.0,47.7,103.3,92.4,18.7,38
23.1,39.8,34.1,50.1,98.5,40.0,146.1,108.5,81.0,61.8,20.5,57.5,34.2,43.8,44.0,47.6,7.3,40.2,43.6,35.8,13.7,57.1,169.4,60.4,45.2,90.8,77.9,17.6,26
23.3,38.5,37.7,50.4,105.1,44.7,152.2,111.8,86.0,62.8,21.7,55.4,35.0,38.8,40.4,48.6,7.7,41.1,42.8,37.2,14.1,59.5,176.6,67.4,48.8,102.8,96.9,18.0,34
20.5,39.4,33.5,49.0,97.4,35.8,151.8,99.9,87.6,70.8,19.9,56.7,32.5,43.4,45.6,50.7,7.8,38.5,42.6,35.9,13.4,57.6,174.8,61.3,45.1,87.4,76.0,17.0,31
23.8,39.9,33.5,51.1,103.5,39.5,153.3,112.7,86.1,66.3,22.1,58.2,34.5,43.4,43.0,48.5,7.0,39.2,41.3,37.5,14.6,61.1,179.4,63.2,47.9,99.9,90.8,17.5,32
22.8,42.0,30.4,48.9,92.9,35.5,152.0,100.0,86.3,63.8,21.0,58.8,34.7,41.7,44.2,49.5,7.0,37.7,41.4,37.9,15.9,60.0,178.0,55.3,45.9,83.7,71.4,18.7,28
22.2,39.5,34.8,49.3,101.3,38.0,144.3,97.7,78.5,65.9,20.6,56.8,32.8,44.7,45.7,46.8,6.8,36.7,40.6,33.2,13.3,56.3,168.0,63.8,43.7,88.0,74.6,17.2,24
22.7,39.8,35.8,51.1,102.9,36.3,142.3,107.9,80.7,63.5,20.5,57.3,34.0,38.4,38.2,48.7,7.2,38.8,41.8,33.7,13.1,55.2,165.3,63.9,44.9,97.8,79.2,17.4,23
25.0,44.0,35.5,51.1,100.8,40.3,170.7,101.1,101.9,64.5,23.2,57.5,38.4,42.0,46.0,56.3,7.0,37.8,43.2,41.7,16.2,69.6,195.9,64.6,49.6,82.7,91.5,18.5,26
25.1,41.0,38.9,51.9,105.6,46.2,150.9,109.8,81.9,68.8,21.8,60.0,35.2,40.6,41.5,49.4,7.4,40.7,44.0,37.1,14.4,59.7,175.5,66.5,47.7,103.0,96.5,18.6,33
22.0,37.5,32.0,44.3,92.3,39.5,141.0,95.7,78.8,59.2,19.2,55.2,33.3,37.7,40.4,46.3,6.7,36.3,40.1,33.3,13.8,52.9,163.0,58.8,47.1,88.5,67.5,15.7,32
23.5,44.2,37.4,56.6,114.6,41.6,156.4,115.8,86.6,69.4,22.1,59.0,35.3,45.0,46.1,50.9,8.2,41.4,44.7,37.3,15.9,60.0,182.5,70.6,50.2,113.0,107.3,18.4,30
21.9,39.5,33.0,48.0,99.6,37.0,155.0,96.4,85.7,63.5,19.7,57.5,33.7,35.8,39.4,50.5,7.4,36.5,40.4,36.2,15.1,58.2,179.5,62.1,48.3,91.2,79.3,18.0,36
22.9,40.3,33.7,48.3,101.6,38.0,150.0,97.1,85.7,61.8,21.4,57.1,35.5,37.0,38.7,49.1,7.0,37.5,40.9,37.8,14.2,60.5,174.5,63.5,45.4,86.4,78.2,18.3,25
22.4,40.0,34.0,49.1,104.8,40.7,156.8,105.7,86.4,64.3,21.2,56.8,34.3,39.0,40.6,51.5,8.2,38.4,43.8,36.2,14.5,57.7,181.8,64.6,50.0,96.5,88.2,17.6,33
22.3,41.4,31.2,47.3,91.5,36.2,162.0,95.7,92.4,61.4,22.0,58.3,34.0,42.7,44.9,52.2,8.1,37.4,43.6,38.8,15.3,62.5,188.1,53.1,49.9,77.7,71.5,17.9,21
23.8,40.0,35.7,51.5,109.2,43.6,152.1,110.8,85.4,63.2,21.5,59.5,35.7,44.0,45.0,51.9,8.2,39.5,42.8,38.2,14.8,63.5,176.0,68.4,50.7,106.3,94.7,18.6,47
21.0,39.8,31.1,46.1,91.7,35.8,144.7,94.7,82.2,62.6,19.7,55.4,32.6,38.2,41.3,48.1,6.9,35.8,40.0,34.7,14.3,57.8,167.5,55.7,45.3,87.0,66.5,15.8,37
22.5,42.8,34.3,51.4,104.7,40.0,161.5,104.3,92.0,66.1,21.1,57.0,35.0,41.9,45.1,53.8,7.6,39.2,42.5,40.8,16.0,65.0,185.2,61.7,50.7,96.6,87.9,18.3,27
22.3,42.7,31.5,47.8,93.1,36.8,152.5,96.5,86.5,59.1,20.5,56.0,33.5,36.5,39.7,49.0,7.3,38.3,43.8,35.2,15.9,59.4,178.5,52.8,46.8,80.6,67.5,17.1,20
22.0,41.0,34.1,52.7,101.5,38.1,154.2,117.4,86.7,61.3,19.8,57.8,33.5,42.2,44.4,52.6,7.5,39.7,44.2,37.6,13.6,63.4,179.1,62.0,49.2,109.6,88.4,16.8,30
19.3,36.1,32.5,44.0,94.1,34.0,145.2,95.1,81.5,60.0,18.8,56.2,31.0,35.1,37.5,47.9,7.8,35.7,38.9,35.6,13.8,58.6,168.5,63.7,45.8,89.5,69.5,15.5,20
25.5,44.8,42.2,56.5,122.1,43.7,161.6,118.2,89.2,70.1,21.9,57.7,36.0,48.0,49.4,52.9,7.2,41.4,43.8,39.2,17.1,63.5,185.0,78.1,52.8,121.4,121.8,19.7,30
21.8,39.5,36.2,48.4,93.1,36.7,148.8,98.1,85.7,57.9,19.9,58.3,34.1,36.0,38.0,50.8,7.4,38.5,42.5,36.0,15.0,61.1,173.7,59.4,45.6,79.0,71.9,17.2,30
23.0,42.2,33.4,52.3,103.2,39.3,148.4,108.6,81.8,63.7,21.8,60.5,36.3,44.3,46.5,49.0,8.2,41.4,45.6,34.2,15.4,57.0,174.3,61.3,48.1,100.2,88.1,18.0,26
19.3,38.6,28.8,44.5,87.2,34.8,150.1,86.5,83.6,57.5,19.5,57.7,29.4,35.5,38.7,48.1,7.0,35.3,39.6,36.4,14.0,59.3,174.4,49.7,47.7,74.8,57.5,16.1,25
22.7,42.0,36.5,52.3,102.6,38.9,144.0,120.5,82.3,58.5,20.6,56.3,33.8,46.6,46.7,50.6,7.5,44.0,46.4,34.9,14.9,55.9,167.9,62.8,48.3,104.3,87.6,17.4,44
24.6,41.3,35.1,48.9,99.8,39.8,158.3,101.3,87.0,66.8,22.3,59.4,35.3,41.1,44.0,50.8,7.8,38.4,43.0,35.6,15.5,57.8,183.6,62.7,49.2,86.4,85.0,18.2,19
23.1,42.8,37.4,55.3,98.8,38.2,150.1,115.2,82.9,63.3,21.0,59.0,35.1,45.5,47.7,48.2,7.5,39.4,43.7,34.4,15.2,56.3,173.0,63.0,47.1,96.9,86.5,17.7,24
24.0,41.0,35.9,53.4,111.5,42.0,152.2,109.6,84.1,65.7,21.2,56.8,35.3,46.0,47.5,51.6,8.6,40.2,44.4,34.8,14.1,57.5,176.2,69.8,47.5,109.5,95.8,17.7,33
22.7,40.4,31.4,47.1,90.1,37.3,141.1,95.7,76.5,59.1,20.6,57.3,32.6,40.5,43.1,45.1,7.3,36.2,39.6,32.7,14.7,55.2,166.9,55.1,43.6,77.0,66.7,16.4,21
21.5,38.8,32.3,47.0,97.3,33.6,149.0,98.5,83.8,65.0,21.1,55.0,33.3,43.6,44.1,48.6,7.0,38.1,41.5,36.9,14.0,59.0,174.0,57.0,46.6,84.0,70.6,17.8,29
21.3,40.7,36.3,53.2,100.2,38.5,148.5,106.3,81.5,66.7,20.5,58.3,31.6,45.0,46.5,48.8,7.4,41.5,45.3,35.4,14.3,58.9,170.9,65.2,49.4,102.8,84.7,17.0,31
24.5,39.1,39.3,50.7,106.3,40.4,160.1,113.7,90.4,67.0,22.8,59.0,37.4,42.9,43.2,53.1,8.7,42.1,46.8,38.2,14.1,58.7,187.9,64.2,49.2,102.1,101.3,19.1,39
23.3,39.3,32.4,51.0,105.1,41.7,144.0,110.6,78.9,57.2,20.1,55.8,33.5,41.8,43.0,47.6,7.4,39.2,42.9,34.3,13.8,56.2,167.4,65.8,50.6,106.1,85.6,17.0,40
26.2,41.6,41.3,55.1,124.3,45.5,153.0,116.6,82.9,69.5,22.6,56.3,37.5,43.3,44.5,51.1,8.7,40.0,44.3,35.2,13.9,58.1,177.9,77.3,47.9,113.9,109.5,19.0,39
21.3,41.9,34.5,53.1,100.7,36.4,159.6,108.1,89.4,67.0,22.1,58.2,34.0,38.4,39.5,53.3,7.1,39.7,46.1,39.5,14.0,64.2,184.4,62.8,48.1,92.2,83.4,18.2,35
20.6,37.9,33.1,47.4,98.1,35.8,142.6,100.6,80.1,58.5,19.6,53.0,30.7,40.7,40.8,45.0,6.4,39.8,42.3,33.9,12.6,54.8,163.7,58.2,46.5,99.5,72.7,16.0,35
25.1,39.9,38.5,52.4,103.0,43.3,151.9,115.3,83.3,63.5,21.7,57.4,34.7,44.5,44.0,49.1,8.1,44.4,47.5,36.5,13.3,59.6,175.4,66.2,49.5,104.7,98.6,18.1,24
24.2,40.6,37.5,49.5,95.4,37.7,145.6,103.7,79.6,59.5,22.2,57.8,34.6,41.5,42.8,47.5,7.9,39.4,44.9,32.4,13.8,53.0,170.4,58.9,48.5,88.5,77.3,18.2,31
26.0,44.8,46.1,56.7,126.5,45.6,160.0,146.9,89.7,68.9,23.4,59.5,38.3,48.1,48.0,54.5,8.3,50.1,52.8,39.6,14.7,65.0,184.0,78.1,58.0,137.9,140.0,19.7,33
20.8,39.4,32.0,47.5,89.7,37.3,154.3,90.1,91.1,57.8,20.8,56.8,33.0,35.9,38.7,52.1,6.9,36.8,39.8,37.6,14.2,64.7,178.3,53.2,42.5,75.0,67.4,17.7,26
23.2,40.3,34.1,52.2,106.7,41.8,150.1,107.1,81.3,67.0,19.9,58.2,32.6,44.1,44.8,47.7,6.9,38.3,42.2,35.2,14.7,56.5,174.8,67.1,46.2,97.0,88.4,17.1,28
21.5,44.0,35.0,54.7,109.9,37.3,149.2,126.3,83.9,59.0,20.8,57.4,33.6,44.4,46.2,49.3,7.2,46.1,49.5,37.2,14.6,59.1,170.3,64.6,52.1,106.8,98.8,17.9,40
24.2,44.9,34.2,53.5,102.3,41.1,159.7,114.6,89.0,67.5,20.5,58.0,35.2,48.1,49.2,52.0,7.7,39.8,44.0,38.5,16.9,61.7,185.2,61.3,50.3,101.2,95.2,17.5,35
20.3,38.0,28.8,45.6,87.7,36.7,138.8,85.8,78.9,54.4,19.0,55.7,29.3,33.7,37.0,45.0,7.4,33.4,38.1,34.2,14.2,55.4,160.9,51.8,44.2,75.4,56.6,16.1,26
19.0,41.0,32.1,50.0,96.8,36.0,147.6,104.4,85.2,60.0,20.7,56.4,31.2,40.3,42.0,49.1,7.5,38.2,42.5,36.2,14.0,58.1,170.9,59.2,44.4,92.6,71.7,16.7,33
23.4,39.7,29.4,46.1,95.2,39.3,157.7,90.4,90.0,61.1,20.2,56.6,34.0,38.6,42.5,51.8,7.8,36.4,41.0,38.2,15.5,63.0,183.5,54.7,47.5,82.7,71.7,17.6,27
22.3,40.0,34.3,49.2,103.2,41.0,145.7,103.3,82.4,58.2,20.8,54.7,34.0,41.3,44.4,48.7,7.4,40.8,45.2,36.8,13.6,59.4,167.9,62.1,46.6,94.0,80.2,17.7,43
22.2,40.8,38.0,53.5,107.4,40.3,150.4,116.0,82.1,62.8,21.6,56.6,33.6,42.5,44.5,49.5,7.1,43.5,47.2,35.4,14.2,58.3,174.2,68.5,51.9,113.3,98.8,17.9,28
20.6,37.3,30.8,45.9,92.2,34.5,146.5,97.1,82.5,59.3,19.7,56.7,33.3,38.2,40.3,48.4,7.0,37.3,41.1,34.8,12.0,56.1,169.8,56.7,45.4,84.3,66.2,16.9,32
23.0,38.1,34.0,48.2,102.5,37.0,144.3,105.0,79.2,63.5,20.6,56.9,33.5,37.5,40.6,46.7,6.8,41.3,45.7,36.6,13.5,57.9,167.1,62.1,46.1,102.1,80.7,17.3,28
25.0,44.7,38.1,54.2,108.7,40.4,160.5,121.3,92.6,69.0,22.0,60.0,37.8,48.1,48.2,52.8,8.3,43.6,47.5,37.6,15.5,60.0,185.0,65.8,48.6,106.1,105.3,18.9,26
22.2,41.9,31.3,49.5,93.9,36.4,150.9,94.4,86.2,61.0,21.7,55.2,33.0,38.2,41.5,49.4,7.5,35.1,40.5,37.3,15.3,60.0,175.4,54.8,44.0,78.6,68.3,17.1,27
22.3,39.5,37.0,48.1,95.2,40.5,140.7,98.9,78.6,60.1,20.5,57.5,31.5,41.0,42.0,45.2,6.7,41.0,43.0,33.2,13.8,55.0,161.9,61.4,43.3,85.5,74.9,17.1,39
23.1,41.5,32.7,48.5,95.6,37.0,152.1,97.5,86.0,59.5,21.1,57.0,34.5,37.1,41.0,49.1,7.5,37.3,41.3,35.1,14.9,57.5,177.2,59.3,46.1,83.0,73.8,17.0,26
20.1,37.2,34.9,45.4,82.3,33.0,146.0,93.9,87.4,55.4,20.0,57.4,32.4,38.5,39.9,52.3,6.4,34.6,38.8,35.9,13.2,60.0,170.5,49.8,39.6,74.3,60.4,16.2,28
21.5,39.6,34.3,49.7,99.9,37.8,138.1,109.1,77.5,60.2,20.0,58.0,33.3,43.3,44.5,45.1,6.8,39.9,42.8,34.4,15.0,54.3,161.9,58.5,44.3,96.7,77.4,16.4,39
21.3,42.1,32.8,50.7,97.6,37.3,147.0,98.3,80.9,63.1,21.0,59.2,32.6,39.5,42.2,45.8,7.5,37.8,43.3,34.4,15.7,54.5,172.6,61.4,45.8,92.2,76.8,17.5,22
24.0,41.1,37.0,52.1,111.6,40.5,158.7,112.9,90.5,64.5,21.7,58.3,35.5,46.0,47.0,53.7,7.7,38.5,42.9,36.7,16.0,62.0,184.0,69.4,49.1,112.0,102.2,17.5,26
24.0,43.4,38.8,54.5,107.1,42.7,150.9,120.5,82.5,66.5,21.7,56.9,34.4,48.3,49.0,48.3,7.5,43.0,47.4,35.7,16.7,59.0,174.3,60.9,48.0,106.0,96.3,18.4,45
23.3,40.0,41.0,52.5,108.1,41.0,144.8,112.3,76.5,65.5,21.6,55.7,34.7,44.5,46.0,46.8,6.7,41.9,45.2,36.1,13.5,57.8,167.4,68.5,49.0,103.0,92.3,17.5,39
24.3,43.9,40.1,55.5,107.3,44.2,154.0,112.9,87.2,71.2,23.3,58.5,37.8,42.6,44.0,51.0,7.9,40.7,45.7,36.0,16.1,58.5,175.0,68.7,49.7,97.4,98.8,19.0,40
23.7,44.7,37.9,53.8,104.2,38.3,156.2,104.8,87.6,68.5,22.2,56.3,34.4,47.2,49.2,50.1,7.6,39.1,45.0,37.7,16.5,61.5,181.9,63.6,45.4,84.4,88.7,17.8,23
26.3,43.1,39.0,52.0,102.2,43.6,155.1,106.3,91.5,63.0,23.0,62.8,38.3,41.1,43.4,52.4,6.9,41.1,44.6,36.3,14.4,60.5,179.9,66.9,45.9,96.9,98.7,18.5,19
21.8,40.5,35.5,50.1,101.7,36.5,152.5,109.8,87.3,61.2,20.6,58.7,33.2,43.4,47.8,50.5,7.2,38.5,41.2,36.3,14.8,60.6,175.0,63.1,46.4,101.0,85.2,16.6,21
22.6,42.3,32.0,49.4,97.2,39.9,149.3,97.2,87.5,62.1,21.2,58.3,33.1,41.1,44.3,50.2,7.7,37.8,42.2,36.7,15.4,60.3,172.3,58.8,43.6,89.2,74.8,17.8,27
23.7,39.5,35.7,51.0,100.6,38.5,157.3,112.7,88.8,69.5,20.4,56.7,34.6,42.3,42.7,52.3,7.3,39.0,42.7,36.2,13.8,59.2,180.9,64.1,48.8,103.2,92.0,17.5,41
21.4,40.5,32.5,49.0,94.9,37.3,153.2,96.3,85.1,62.6,20.7,60.0,33.7,46.6,47.2,50.0,7.6,37.5,42.6,35.4,14.0,58.3,179.1,58.1,48.1,85.1,74.4,17.4,33
21.0,42.5,33.3,51.1,98.6,36.9,147.9,109.8,81.6,62.0,19.5,58.4,33.6,44.7,45.6,49.6,7.5,40.0,44.1,35.8,15.1,57.2,172.3,59.2,46.8,97.9,82.3,16.5,35
20.2,35.3,32.3,45.4,92.6,34.8,133.3,95.3,72.4,60.2,18.8,54.1,30.3,39.0,39.6,42.2,6.4,37.2,40.0,31.5,12.6,50.8,157.8,57.0,43.2,85.7,62.7,15.7,21
24.5,40.4,31.7,49.5,99.0,39.5,148.1,102.4,84.2,59.2,21.4,57.0,35.3,43.2,45.1,49.8,7.7,39.1,43.2,37.2,14.6,58.5,171.8,59.7,48.5,97.9,77.8,17.5,24
24.5,40.7,34.9,52.2,107.0,39.6,153.8,104.3,84.4,70.0,21.8,56.6,35.5,44.3,46.9,49.6,7.5,39.0,43.2,36.1,15.4,58.0,179.9,63.9,47.8,98.4,88.2,18.6,34
21.1,41.9,30.4,46.5,84.7,34.4,149.5,90.2,88.1,53.8,19.4,55.5,31.7,39.5,44.3,51.4,6.9,34.8,39.8,35.3,15.5,59.0,174.0,50.7,42.8,72.1,59.0,16.5,19
21.2,40.0,32.5,48.6,93.9,34.7,145.9,100.8,80.4,61.2,19.5,57.0,33.7,45.9,46.4,46.4,7.7,38.0,42.4,34.3,15.0,56.5,170.2,55.5,46.9,88.5,73.0,16.7,24
23.5,42.9,36.3,51.8,105.4,39.4,151.0,102.7,84.1,65.4,21.5,57.4,34.5,43.0,45.5,48.1,6.7,41.8,45.0,35.7,15.9,57.8,173.7,64.9,46.0,96.1,86.4,18.0,29
23.1,40.2,36.6,51.5,104.6,41.0,150.2,104.4,83.0,71.1,21.1,56.8,33.8,41.5,43.8,48.1,7.6,40.6,42.4,35.4,14.5,57.9,173.0,64.1,45.7,99.6,86.6,17.5,24
22.4,39.5,32.0,47.5,99.7,36.4,152.5,91.7,86.4,62.3,21.2,58.0,33.0,37.4,41.6,49.1,6.5,36.6,42.6,35.9,14.7,59.5,178.5,60.9,49.9,83.8,73.7,18.0,23
21.0,41.5,30.3,46.7,88.4,35.3,156.7,91.7,90.9,58.5,22.3,55.2,34.0,39.3,42.1,52.0,6.7,35.8,41.6,39.4,15.7,65.6,181.7,50.7,47.0,75.2,65.4,18.0,19
22.1,43.5,29.1,49.2,93.1,35.3,158.0,92.4,89.6,62.1,21.3,57.3,34.3,39.0,43.5,50.6,7.9,36.1,40.8,37.7,17.1,61.0,184.3,53.2,46.8,77.5,69.6,18.1,21
23.3,42.8,36.2,49.3,97.3,38.0,154.6,99.4,89.1,58.6,21.3,56.4,33.8,44.5,46.5,51.8,7.3,37.9,42.5,37.2,16.1,60.0,179.1,57.6,45.7,80.9,77.5,17.8,21
22.3,40.3,33.1,49.3,99.9,39.4,141.9,100.1,80.2,65.5,18.9,56.0,32.5,42.2,43.5,46.7,7.4,36.3,39.5,33.4,14.5,53.3,165.7,62.9,40.2,86.2,72.7,15.5,22
23.1,36.7,34.8,47.2,98.8,36.7,146.4,106.9,82.2,61.2,21.0,53.0,33.4,45.5,45.5,49.3,7.6,37.6,42.7,34.7,13.3,57.2,170.1,61.3,47.3,102.7,79.7,17.4,26
22.0,43.9,32.0,48.7,100.7,37.7,153.3,99.5,85.3,64.5,20.7,59.2,33.8,40.5,45.0,48.7,7.6,37.4,42.0,36.1,17.5,58.5,178.6,58.6,46.9,79.7,74.4,17.0,20
22.8,42.1,38.6,54.3,111.8,39.8,151.5,110.4,82.1,69.4,22.3,58.5,34.0,44.6,45.7,48.2,7.2,39.8,45.1,35.9,14.2,58.3,175.5,71.3,50.1,108.2,96.8,18.5,27
22.5,40.9,39.2,50.7,96.5,38.8,156.0,104.5,89.2,64.2,22.7,55.3,36.7,41.9,44.7,51.3,8.8,38.7,42.1,38.3,15.1,62.5,179.1,59.7,46.9,94.2,86.6,18.5,44
22.8,40.5,31.3,48.4,99.7,38.8,151.9,101.5,84.6,65.9,20.7,56.3,34.5,43.3,44.7,51.7,7.6,36.5,40.1,37.0,16.1,60.0,175.9,59.8,49.0,87.1,74.2,16.7,19
23.3,41.7,37.1,51.3,108.9,39.3,153.6,110.9,87.1,69.7,21.1,59.3,34.9,48.3,49.2,51.4,7.3,37.8,41.6,37.5,15.0,61.9,179.0,68.0,44.3,91.2,92.0,17.8,29
23.7,40.2,32.5,49.0,98.3,39.2,153.0,99.1,82.3,70.3,20.8,57.5,35.0,45.0,46.0,49.6,7.8,39.0,43.3,32.7,15.0,55.3,178.2,62.7,48.8,87.3,81.4,17.5,22
23.6,34.3,29.4,40.7,89.0,37.6,158.4,84.4,90.1,60.0,21.8,56.5,34.2,32.8,34.5,52.1,7.8,35.0,38.2,37.4,11.5,61.0,183.9,51.7,49.2,78.5,64.6,17.5,28
22.7,40.7,34.7,53.0,105.9,39.3,165.1,117.6,95.2,64.0,20.6,58.2,34.8,43.4,43.3,56.8,7.4,39.1,42.3,39.0,16.0,64.8,188.0,63.2,51.1,102.3,95.4,17.4,31
24.3,41.2,38.0,52.7,101.8,40.2,149.8,108.5,81.8,65.4,21.8,57.7,35.0,44.7,45.0,48.5,7.0,40.7,44.1,37.6,15.0,60.0,173.8,62.3,49.4,92.4,85.3,18.1,28
24.7,42.8,35.6,55.0,104.7,42.0,149.8,108.5,79.9,65.4,21.1,58.5,36.2,43.9,45.8,48.9,8.0,41.0,44.5,35.7,16.3,58.8,173.4,64.8,50.7,100.1,90.0,18.1,31
21.3,43.1,35.3,50.7,98.8,34.7,158.8,102.1,93.4,61.5,20.3,58.0,34.0,45.1,46.7,51.1,7.5,41.1,46.1,39.8,15.3,65.4,181.9,59.0,47.6,90.1,83.5,16.8,34
25.2,40.2,37.2,53.1,100.3,39.7,144.6,109.6,80.5,68.9,21.0,60.1,35.3,44.8,45.0,48.1,7.5,39.8,44.7,33.4,13.9,54.5,168.3,65.1,44.3,95.8,85.1,17.0,30
23.4,39.9,34.4,50.5,105.2,39.8,158.7,106.3,89.1,64.6,21.2,57.1,34.3,43.6,45.0,52.5,7.7,40.8,44.2,38.0,13.9,61.5,181.5,65.5,50.1,97.2,89.7,17.8,31
22.4,41.3,37.0,52.3,106.8,37.2,157.3,103.0,83.7,66.0,20.8,56.5,34.4,41.3,43.0,49.5,6.5,39.5,44.3,36.8,14.5,58.9,181.5,63.2,51.5,93.9,87.2,17.9,42
20.7,41.2,37.3,52.7,102.2,36.6,143.8,110.6,79.2,63.1,19.3,56.2,31.7,45.5,46.2,44.6,6.8,40.8,45.2,34.7,13.9,56.3,167.3,64.2,47.0,100.3,82.2,16.7,40
25.3,43.4,39.3,55.1,107.2,43.3,157.9,116.3,86.0,68.8,22.7,59.4,37.5,44.9,46.8,52.9,8.1,44.5,47.9,36.7,15.0,60.0,183.1,67.2,51.7,113.9,111.2,20.1,28
23.2,41.2,35.6,50.4,115.3,41.9,155.2,108.9,87.5,61.6,22.3,57.4,34.0,42.5,45.0,51.3,7.2,39.8,43.2,34.6,16.5,57.5,179.5,69.2,52.7,116.2,98.7,18.5,48
25.2,42.5,36.7,54.0,112.4,47.8,159.5,114.9,86.1,78.2,21.4,60.0,35.5,50.7,49.6,53.6,7.6,44.8,49.1,37.7,14.0,62.5,184.5,70.6,48.2,111.1,110.5,18.5,29
21.4,37.9,36.2,50.1,96.5,39.0,143.2,104.1,77.6,69.9,21.0,56.7,31.6,46.1,45.8,44.9,7.1,37.8,41.4,35.2,13.4,56.5,168.7,60.6,42.8,90.0,78.2,17.4,32
23.6,38.5,35.1,49.7,99.7,39.0,151.8,105.6,84.7,61.3,21.5,56.6,34.7,41.4,42.2,49.5,7.7,40.1,43.6,36.9,11.8,59.5,175.6,61.7,52.4,99.8,86.9,18.3,30
27.4,44.7,44.5,60.7,123.4,44.3,162.7,135.8,92.0,73.7,23.3,59.4,38.5,53.6,53.6,55.0,7.5,46.4,46.6,38.1,16.0,61.5,184.6,79.7,54.3,133.0,141.3,20.0,28
22.8,41.6,38.5,52.7,100.8,38.8,143.1,102.5,78.1,63.2,20.8,56.3,33.3,44.9,45.9,45.5,7.2,39.5,43.9,33.5,15.8,53.2,165.7,63.4,45.5,89.7,78.9,18.3,21
22.7,39.5,31.5,49.5,93.3,37.2,140.0,100.0,77.7,60.4,19.7,57.1,33.3,41.6,42.5,46.2,6.5,35.5,38.6,33.1,14.0,54.8,163.2,56.3,43.9,91.1,69.0,16.1,20
22.9,42.0,32.2,49.9,100.3,39.9,149.4,102.6,85.0,63.2,21.3,57.7,33.7,40.7,43.3,49.2,7.8,39.0,42.9,36.4,15.6,60.1,173.5,56.8,43.5,86.1,79.2,18.1,29
20.0,38.9,33.4,49.0,91.2,33.9,149.9,98.9,82.6,56.8,19.7,57.5,31.3,37.5,39.7,47.0,6.2,38.4,43.3,35.8,14.2,59.1,172.6,54.9,49.5,92.0,69.9,16.4,34
25.4,43.8,35.7,55.9,117.6,45.6,164.2,125.1,88.0,79.9,21.2,60.0,38.1,46.0,47.9,53.3,8.7,43.6,47.3,39.7,15.0,63.0,187.7,69.4,52.0,119.2,121.2,19.0,46
23.7,42.7,35.7,51.9,101.3,38.2,160.8,103.0,90.1,63.4,21.5,58.5,35.8,44.8,47.1,51.5,8.7,38.0,41.3,35.8,17.0,60.3,188.7,58.5,52.6,101.2,87.8,19.1,38
21.9,38.5,33.0,46.9,91.1,39.1,153.0,97.0,90.7,54.8,21.0,54.8,34.3,38.1,40.8,54.2,7.3,36.2,40.4,37.7,14.2,61.7,176.5,54.7,46.7,84.5,70.6,17.1,39
21.3,42.6,36.7,50.6,98.4,38.7,156.1,103.5,90.5,60.1,21.0,55.7,35.5,43.4,45.6,52.0,7.4,39.3,44.6,39.1,14.9,62.8,179.3,62.0,47.7,84.3,82.2,17.2,26
24.3,43.5,39.1,52.6,105.4,40.8,157.7,107.6,88.9,70.5,22.5,62.5,37.7,42.3,45.4,52.8,8.0,43.7,47.9,36.8,16.0,60.4,184.9,67.8,49.1,91.0,99.2,18.3,24
22.3,41.5,32.4,49.7,95.7,38.0,157.6,103.8,88.3,67.3,22.1,55.6,34.4,40.1,42.8,51.6,8.0,38.2,43.0,38.2,14.6,62.8,181.1,55.4,48.0,87.9,76.0,17.9,41
24.8,41.7,39.1,52.5,107.4,46.1,152.4,111.3,83.5,66.4,21.5,57.8,35.2,42.0,43.5,47.6,7.2,42.3,46.4,36.1,14.0,59.6,173.9,67.5,50.6,103.1,98.8,18.4,38
22.3,37.8,34.1,46.0,102.8,37.6,144.3,101.1,83.9,58.7,20.2,56.5,33.7,43.0,43.3,49.8,6.9,37.7,40.1,35.5,14.0,58.8,166.8,64.4,46.5,92.9,75.9,16.1,24
24.5,41.3,34.9,50.8,107.3,42.4,154.8,102.4,88.2,62.0,21.5,58.1,35.5,42.2,45.0,52.4,8.0,37.4,43.0,38.7,14.7,62.5,178.8,66.9,48.7,99.4,89.8,18.4,19
22.1,42.8,37.6,51.2,96.8,37.8,152.2,99.7,90.1,60.7,20.8,59.1,35.1,37.7,41.0,52.0,7.3,39.5,44.2,35.9,15.3,59.0,174.6,60.8,43.0,81.5,78.2,17.2,31
21.4,40.4,33.9,49.3,100.1,36.7,150.2,105.7,84.8,63.2,21.5,56.3,34.2,45.5,47.8,48.7,7.7,41.0,43.5,36.1,15.0,58.1,175.0,58.8,47.8,98.3,83.1,17.6,36
26.7,44.0,36.8,53.9,110.9,42.6,155.8,108.2,89.3,73.3,22.7,59.6,37.5,44.6,47.0,52.9,8.0,44.2,47.1,37.5,14.9,61.3,181.0,72.3,44.0,100.4,99.6,18.6,24
21.5,36.9,37.3,48.3,96.3,38.7,147.7,100.2,79.8,63.5,19.7,55.3,31.8,40.1,42.2,45.9,7.3,39.8,43.2,34.4,13.3,56.0,171.0,61.1,47.1,82.5,74.2,16.4,33
23.3,43.8,37.1,53.8,106.2,37.7,160.1,113.2,93.1,62.5,21.5,56.0,35.4,40.3,44.9,53.0,7.3,39.9,45.5,38.7,16.9,63.8,184.7,66.7,49.1,107.7,96.8,17.7,31
24.1,40.5,35.7,51.8,107.6,42.1,156.4,112.3,87.4,68.3,20.5,56.1,35.7,44.2,45.0,51.5,8.1,38.1,41.1,35.0,15.6,57.0,181.1,67.8,47.1,95.2,91.6,17.3,27
24.4,45.0,45.0,55.4,111.9,42.2,155.8,117.5,89.1,63.8,21.7,57.0,35.5,50.0,52.0,51.4,7.0,42.7,45.7,37.6,17.0,63.1,178.0,71.2,49.5,104.7,108.0,17.9,40
22.4,42.8,35.7,50.8,97.9,38.5,149.9,102.1,82.2,64.1,20.7,59.5,33.1,36.1,40.1,47.3,6.4,38.7,44.0,34.7,15.0,54.8,174.0,61.2,47.2,85.1,78.8,17.2,33
23.4,42.0,39.1,52.2,105.5,42.3,153.5,111.5,87.2,62.9,20.9,58.2,35.0,44.1,45.5,49.5,7.0,40.6,45.3,35.5,15.9,59.3,179.7,67.3,47.5,92.0,94.9,18.2,31
23.4,43.5,41.3,52.2,104.2,41.4,152.6,111.2,88.6,62.8,20.4,56.0,35.1,42.2,44.4,52.2,7.3,39.0,45.0,36.2,14.6,59.5,175.5,66.2,47.1,93.4,90.6,17.3,23
24.3,42.7,36.1,55.1,116.3,42.1,160.9,116.5,91.0,67.5,22.0,59.5,37.3,45.6,47.8,54.1,8.5,41.1,44.6,39.6,17.1,65.6,184.2,72.2,51.4,111.4,106.9,19.1,29
23.5,40.1,37.7,50.2,106.3,41.3,144.5,105.6,82.1,65.0,20.7,58.0,33.8,41.8,44.1,47.1,6.9,40.1,43.5,34.1,13.6,55.3,165.6,68.3,45.1,96.7,87.4,16.5,24
22.8,41.7,34.0,50.4,104.8,39.7,153.6,104.8,84.9,59.3,20.2,58.2,33.4,39.0,43.5,50.2,7.3,40.4,44.3,37.6,15.3,62.0,177.6,63.4,52.5,100.7,87.9,17.8,26
25.5,42.2,39.1,53.6,118.0,45.0,160.4,113.7,91.6,66.8,22.3,60.3,36.7,41.5,42.3,53.9,8.3,41.2,45.5,37.0,15.5,60.8,185.9,74.2,52.7,110.9,115.4,18.6,32
23.7,41.8,36.1,50.9,98.7,39.6,147.1,104.1,80.3,61.2,22.6,55.5,34.5,40.3,41.8,46.6,7.8,41.2,46.2,35.3,13.9,56.1,168.5,61.3,50.0,82.7,79.0,18.2,22
25.5,43.9,34.4,51.2,107.8,42.3,153.5,102.7,86.8,65.9,21.7,56.5,36.8,40.0,42.0,50.6,7.5,39.0,44.8,35.9,15.6,58.8,177.5,68.5,48.1,94.7,88.7,18.2,21
23.3,41.4,39.0,50.0,101.6,41.2,159.8,102.1,96.5,58.1,22.0,58.0,35.5,40.0,42.2,54.5,6.2,39.8,43.1,39.2,15.8,65.4,182.5,62.9,47.1,88.1,86.6,17.5,26
22.3,45.0,31.7,51.2,97.8,38.4,168.2,100.1,98.2,63.4,20.5,58.4,35.8,39.2,44.0,55.6,7.4,38.6,43.3,40.6,17.5,65.5,193.1,56.2,49.7,83.3,80.6,17.7,21
24.8,46.1,34.8,54.7,105.8,45.1,153.9,112.6,86.0,66.8,22.0,57.6,34.5,46.0,48.0,51.3,7.5,41.5,45.5,36.1,16.5,60.0,178.9,65.8,46.6,96.3,96.6,18.8,26
22.7,44.5,39.5,56.2,107.8,42.7,157.5,122.5,88.3,68.5,22.2,58.4,35.5,47.5,48.6,49.5,7.5,44.7,47.3,36.7,15.7,59.5,181.9,68.7,51.0,110.0,109.9,18.1,36
21.8,44.5,33.4,51.0,95.1,37.5,154.4,107.0,86.6,59.7,21.3,57.7,33.9,47.7,50.8,49.7,8.0,38.7,43.8,34.7,16.4,56.8,178.2,57.0,47.8,85.2,77.1,17.7,34
23.8,41.6,40.0,53.8,112.3,42.7,148.4,110.2,80.2,70.8,21.9,56.0,35.2,45.9,46.2,46.8,8.3,40.0,42.9,35.7,16.0,55.5,172.1,71.2,44.9,94.1,95.1,17.9,23
24.5,45.3,45.0,57.2,111.8,43.6,166.3,119.4,96.6,69.1,23.3,60.6,38.8,49.2,50.2,55.6,7.5,44.2,49.1,37.4,16.0,64.5,191.0,71.2,50.2,102.6,111.8,18.3,33
22.5,41.5,37.7,51.4,105.2,38.8,157.6,109.7,87.5,63.7,21.4,55.7,35.0,41.1,42.6,50.9,8.3,40.2,42.5,37.8,15.4,61.4,180.4,62.9,49.1,97.8,89.5,18.1,30
23.6,42.4,37.7,56.9,114.1,43.7,153.3,120.8,87.6,67.2,21.2,60.2,34.5,47.5,48.4,51.1,6.5,44.1,47.6,36.1,14.4,58.5,178.2,69.8,48.5,115.0,106.0,17.8,33
25.0,44.0,38.9,54.4,105.6,44.2,153.9,111.6,89.5,64.8,21.0,57.0,36.3,42.9,46.1,51.6,7.0,40.3,44.4,35.3,16.8,58.6,177.7,68.0,47.5,93.5,95.1,17.3,22
20.5,38.7,33.1,48.3,96.0,38.5,141.5,99.5,76.8,58.4,20.1,57.0,32.8,40.8,41.8,45.3,7.3,37.5,40.0,33.1,14.0,56.6,166.5,56.7,45.4,92.3,72.1,16.4,42
21.5,41.3,34.4,51.4,103.4,37.7,155.5,109.2,88.0,68.5,21.8,57.8,33.0,45.3,46.8,49.6,7.7,37.4,39.8,37.8,15.9,60.5,180.3,64.2,47.9,97.3,87.2,18.7,38
24.3,45.5,38.7,54.9,104.6,43.8,162.8,107.9,93.5,67.5,23.3,58.9,38.0,45.8,48.0,55.5,8.5,41.6,48.2,38.1,17.1,63.2,187.9,66.9,46.6,90.8,97.8,18.6,32
22.4,40.8,37.6,54.2,113.2,40.6,151.2,117.9,83.9,64.9,19.3,56.5,32.2,43.3,42.5,48.3,7.3,41.6,45.2,36.4,13.6,58.5,173.3,68.4,48.5,111.1,97.4,17.2,30
23.2,42.5,35.9,52.0,107.2,42.2,160.8,108.4,92.4,66.7,22.3,58.8,34.7,46.0,48.2,54.1,7.8,41.4,45.5,38.1,15.8,62.9,183.5,64.4,52.4,103.1,95.8,18.3,38
26.0,44.5,40.1,56.6,122.3,44.4,154.7,115.0,88.7,73.7,21.2,58.5,36.1,45.3,47.5,51.8,8.2,42.5,46.5,35.6,15.9,59.8,179.2,77.4,48.8,116.4,112.3,18.3,25
23.8,41.2,36.2,51.8,104.8,41.3,148.2,109.8,81.6,64.1,21.5,58.1,34.9,48.4,47.8,48.1,7.4,41.4,45.1,34.3,14.4,56.4,172.1,63.7,49.5,100.6,90.0,17.8,39
22.4,42.0,39.8,53.2,109.7,39.3,148.9,114.2,82.9,66.2,20.1,58.0,33.5,40.2,41.0,49.5,7.6,42.4,44.9,36.1,14.2,58.1,171.1,70.5,45.9,101.8,94.8,17.7,27
23.1,42.4,36.6,53.1,105.2,42.3,156.1,107.1,86.0,68.8,20.4,57.0,34.6,42.3,43.8,49.6,7.3,41.9,46.6,37.9,13.9,61.0,180.9,65.2,48.7,99.2,95.0,17.9,32
24.3,39.6,33.8,48.9,97.7,38.5,143.5,102.1,80.3,62.5,19.3,55.8,32.4,43.0,44.7,45.9,6.7,35.5,41.2,33.9,14.8,55.5,166.4,60.9,44.0,90.8,73.9,16.1,19
25.0,42.7,39.7,54.9,108.6,42.7,156.1,124.1,86.1,65.2,22.3,57.5,35.0,44.7,47.4,51.5,7.3,42.4,46.3,36.8,16.4,62.4,180.7,65.9,53.4,105.3,103.6,18.9,40
22.3,41.5,33.6,48.7,98.0,38.3,147.3,102.7,81.2,61.5,20.2,58.2,34.3,38.6,40.1,49.2,7.6,40.6,45.3,35.8,14.1,58.2,170.5,59.2,46.6,91.2,77.7,17.5,26
24.0,45.2,39.9,56.0,112.1,42.9,169.8,116.7,97.1,65.8,22.3,60.8,37.7,45.7,47.1,56.6,8.7,41.5,45.5,40.6,17.8,67.5,195.5,67.0,53.7,104.9,108.0,18.7,33
22.7,43.1,36.8,53.3,100.3,39.1,148.4,108.2,83.7,64.0,20.0,57.5,34.3,43.5,45.7,46.8,7.0,40.6,44.8,35.3,15.9,58.1,173.0,63.1,46.7,91.7,84.0,17.6,30
24.5,41.8,35.1,51.8,108.3,41.6,153.1,113.9,86.7,69.3,22.4,58.5,36.2,45.1,45.2,50.1,7.2,42.0,44.8,36.3,15.2,59.3,177.4,63.1,46.7,106.6,96.4,18.7,41
23.5,40.0,32.2,47.1,94.3,39.6,149.7,94.7,84.1,59.3,19.5,56.5,33.9,39.0,41.5,49.6,7.0,37.1,40.7,34.4,15.0,57.0,172.4,56.7,47.8,84.8,70.7,16.9,32
22.2,40.1,33.5,48.1,91.6,37.3,145.8,94.8,82.8,54.0,20.5,59.3,34.5,38.5,39.5,47.8,7.3,37.0,41.0,34.2,14.3,56.5,170.5,56.3,48.4,75.9,70.5,17.6,31
22.5,41.1,34.5,51.4,102.5,36.7,160.1,105.8,91.3,66.2,21.1,57.3,34.0,41.1,42.1,52.2,7.6,40.0,42.9,38.3,15.4,62.0,183.8,60.0,50.1,95.9,85.1,17.5,36
24.2,40.0,37.8,52.4,99.0,42.7,146.3,110.2,80.1,65.4,20.7,58.8,34.2,48.7,48.7,46.6,7.7,40.5,44.3,33.6,14.2,56.1,170.6,62.3,45.2,97.0,86.5,17.1,25
22.5,43.5,34.1,54.1,106.8,41.0,157.7,117.9,91.1,65.0,22.2,58.0,34.6,47.0,47.8,52.3,7.9,39.5,46.5,37.8,15.6,59.5,180.9,64.8,48.1,106.8,97.2,17.7,43
24.3,41.2,34.1,48.6,103.6,40.1,154.9,102.8,84.9,64.9,21.6,57.0,35.4,40.4,41.9,50.3,7.5,39.7,44.0,35.6,16.3,58.6,177.3,60.1,49.0,97.2,82.2,17.8,37
22.3,40.8,33.0,48.4,104.1,38.2,150.6,104.8,84.0,66.1,21.1,56.0,33.5,38.5,40.5,46.9,7.2,39.5,44.1,34.1,14.3,55.6,173.4,64.0,48.4,99.3,84.2,17.5,31
21.6,41.6,31.5,48.7,96.6,36.3,150.9,96.9,86.0,57.2,21.0,57.2,32.5,38.8,42.0,50.2,7.8,36.0,40.3,36.0,15.3,59.4,174.8,57.1,49.2,89.8,72.3,17.0,38
24.6,41.2,38.2,51.2,105.3,42.3,141.2,112.5,76.2,63.4,20.3,57.7,33.5,44.0,45.0,45.2,6.3,39.5,42.6,32.4,15.6,52.5,165.1,67.8,48.5,96.4,89.6,18.0,32
22.6,38.8,31.9,47.6,97.3,36.5,149.8,104.9,86.4,61.7,19.8,55.6,34.0,40.0,40.9,49.6,7.2,36.8,40.7,37.8,14.9,61.5,172.4,60.2,46.6,88.1,75.5,16.2,20
22.1,43.0,30.8,48.8,94.5,36.7,161.5,95.7,94.2,63.2,21.7,57.7,34.4,40.7,45.5,54.8,7.3,37.3,41.7,37.4,16.0,61.3,186.0,55.0,46.7,82.1,73.2,17.9,23
22.3,40.4,31.6,47.5,95.0,39.6,146.4,91.3,82.5,60.2,21.3,58.0,34.3,38.5,41.2,48.6,7.7,37.0,40.8,33.8,15.1,55.5,171.5,57.6,43.3,80.1,70.1,17.8,19
24.0,40.8,33.4,47.0,95.4,37.9,152.1,99.5,85.9,63.6,22.2,57.5,35.0,41.5,43.0,48.4,7.5,40.2,44.1,35.5,15.3,58.7,175.7,59.2,46.0,84.5,78.3,17.9,28
24.5,43.4,41.0,57.5,118.4,43.0,166.5,123.7,93.7,69.4,21.6,57.7,37.0,44.2,44.6,54.9,7.5,41.4,45.1,40.2,16.9,64.2,191.6,73.2,52.7,113.4,116.4,18.5,26
22.7,43.3,33.7,51.6,93.5,37.7,159.4,101.8,95.9,60.3,20.1,56.5,33.8,37.5,41.4,56.4,7.5,38.4,41.8,38.6,16.3,61.3,184.7,60.2,46.3,87.7,79.9,17.4,27
24.3,45.2,36.6,53.2,102.4,38.0,161.0,105.9,93.2,66.5,22.0,58.8,36.2,42.0,45.4,53.5,7.6,39.6,44.6,38.3,16.8,63.5,185.5,66.1,48.4,95.1,90.8,18.6,30
21.4,40.1,31.7,44.3,91.5,36.1,146.7,90.7,83.2,58.0,20.6,56.7,33.0,38.3,40.7,49.3,7.2,37.2,42.4,35.2,14.0,57.7,171.8,54.8,46.8,86.7,67.7,16.6,25
23.5,42.2,36.1,51.9,107.4,43.3,140.4,106.3,75.7,62.8,21.0,57.1,32.8,42.8,45.0,44.1,7.7,40.4,44.0,33.0,15.4,53.0,164.1,67.1,47.6,102.9,85.8,17.7,38
23.4,42.3,34.8,50.5,102.2,41.5,156.8,101.7,91.1,66.0,21.5,55.0,35.5,41.1,43.2,52.6,7.6,38.3,43.9,37.6,14.3,61.2,183.3,63.1,46.3,87.9,85.2,18.4,25
28.1,41.8,37.9,53.9,108.3,45.5,157.0,113.0,85.5,72.1,23.3,57.7,37.7,42.7,43.0,50.5,7.1,43.1,47.4,35.1,15.4,58.3,178.4,67.6,48.4,101.5,103.3,20.0,30
23.3,43.8,42.9,55.0,114.3,40.6,152.2,115.6,86.7,72.5,22.0,59.5,36.3,45.0,47.0,49.4,7.5,40.7,45.2,35.3,15.3,59.2,177.0,74.4,47.2,103.4,103.4,17.7,24
22.4,40.2,32.5,48.0,98.8,38.1,145.6,97.8,80.4,69.3,19.0,55.5,33.3,42.0,44.5,47.2,7.4,36.1,40.8,34.8,14.9,56.3,170.2,61.3,40.6,84.4,72.5,16.3,26
20.5,42.6,34.2,50.1,94.3,34.4,155.7,96.3,87.5,59.8,21.0,59.5,33.1,44.1,47.2,49.3,6.5,36.9,42.4,37.3,15.7,60.5,180.0,56.3,48.7,79.7,71.1,17.0,29
20.8,38.1,29.5,44.4,94.8,33.3,148.0,96.5,85.4,55.7,19.4,57.0,33.8,39.7,42.5,50.9,7.6,37.0,41.8,36.8,14.9,59.6,171.5,55.1,48.3,89.2,67.8,16.7,31
21.3,43.7,32.6,50.1,99.7,35.4,159.3,95.6,88.0,67.6,21.1,56.5,34.2,39.5,43.0,50.6,7.4,38.8,45.0,36.5,15.8,60.2,184.2,58.7,49.8,86.5,78.2,17.2,24
24.1,42.1,38.0,51.0,100.9,44.4,147.5,108.0,80.4,64.0,20.5,59.2,35.2,46.5,47.2,49.0,6.9,40.8,44.5,34.5,16.5,56.6,171.0,63.2,50.1,103.1,90.9,18.5,43
22.5,43.4,36.2,51.8,99.8,37.3,154.2,107.8,87.2,59.7,21.0,57.5,35.7,44.1,46.7,51.6,7.8,41.9,45.4,37.0,15.2,60.8,175.3,61.5,49.6,91.2,84.0,18.0,33
24.5,44.3,37.1,52.9,111.9,41.2,167.7,115.8,92.3,66.3,21.3,58.5,35.7,43.0,44.2,55.0,8.6,41.2,46.1,39.1,16.3,64.4,193.5,69.1,55.0,108.6,108.6,18.3,24
21.6,40.3,35.0,50.8,96.2,35.7,150.5,101.3,84.2,65.0,20.7,55.3,34.0,41.7,43.0,48.1,8.3,38.1,43.5,34.8,15.0,59.1,173.8,57.8,48.8,91.4,75.8,18.0,39
23.0,42.4,35.5,50.4,99.4,39.4,153.0,103.7,88.7,58.7,21.5,56.5,34.1,44.6,48.0,52.2,8.0,38.4,41.5,38.0,16.5,62.4,177.0,62.2,48.8,92.3,83.3,18.1,21
24.7,43.7,35.1,51.2,103.2,41.7,150.3,103.9,86.1,65.1,22.5,57.7,33.8,44.6,47.1,50.8,6.7,39.0,42.4,35.8,16.6,60.8,172.0,65.8,45.7,91.8,87.0,18.7,23
22.1,39.3,33.2,48.7,100.5,42.0,144.5,98.5,79.5,61.8,20.2,56.2,32.1,41.4,43.9,45.1,6.5,39.1,44.0,33.5,13.7,55.0,167.3,59.2,45.7,83.1,72.8,16.8,24
23.3,45.9,42.4,59.2,115.3,42.7,149.0,128.5,79.5,69.3,22.7,58.3,34.7,51.5,51.0,47.5,7.8,46.3,49.1,32.5,16.2,52.5,171.5,70.1,52.0,118.2,110.9,18.8,50
23.0,40.5,37.5,48.8,105.8,38.7,158.3,108.2,89.3,63.4,20.6,57.8,34.7,42.5,42.0,53.4,7.4,38.7,43.8,36.4,14.2,60.5,182.2,65.5,52.0,105.4,94.5,18.0,33
25.3,43.9,38.1,56.2,113.8,43.0,166.1,115.7,93.4,71.5,21.7,56.0,37.2,43.1,42.9,52.7,7.8,43.3,50.1,38.9,14.7,63.5,191.3,70.6,54.3,111.8,114.1,19.7,22
24.6,41.4,36.2,51.1,106.6,41.5,151.6,104.9,83.3,65.5,22.8,58.2,35.5,45.0,46.7,48.5,8.3,41.8,44.6,35.0,15.3,57.3,175.6,67.4,47.6,96.3,90.7,18.3,21
22.4,43.0,34.7,51.4,103.9,41.5,149.1,106.3,82.4,66.1,22.0,59.0,33.0,45.1,46.9,48.2,7.3,39.8,43.7,36.3,15.9,57.2,173.5,64.1,47.0,87.7,84.6,18.2,27
22.0,44.4,37.5,52.9,101.6,35.9,148.9,106.1,86.9,61.2,21.0,56.6,33.7,40.8,45.5,49.5,6.7,40.2,45.1,37.3,16.5,62.5,172.6,64.7,45.5,91.2,81.8,17.7,21
22.3,42.9,38.5,54.7,100.2,39.0,147.9,112.0,80.0,63.4,21.2,55.7,32.0,42.2,44.5,47.1,6.7,39.2,43.1,34.7,16.4,57.5,171.6,61.8,48.7,97.3,86.9,17.9,23
22.2,40.3,30.9,47.1,94.8,35.9,148.8,91.3,83.1,64.6,20.3,55.3,32.6,36.1,39.8,47.2,6.7,37.2,41.8,33.8,13.9,56.0,171.7,56.9,45.6,81.8,68.2,16.0,37
22.3,39.9,33.6,46.9,91.4,36.0,148.3,94.1,85.4,57.8,20.6,56.2,33.3,38.4,41.0,49.5,6.2,39.0,43.4,35.5,14.4,56.7,171.8,57.0,44.8,78.3,68.0,16.8,32
23.3,44.9,40.1,54.9,105.3,41.3,151.2,115.1,86.7,63.7,21.0,61.3,35.4,47.8,49.5,50.4,6.8,43.0,48.2,36.8,15.8,60.5,174.7,63.5,46.2,101.5,94.7,17.8,28
19.7,38.3,27.7,43.0,77.0,30.6,135.1,81.0,77.9,49.1,18.8,51.8,30.2,36.6,38.4,43.9,6.7,32.7,36.4,32.4,15.1,53.3,156.7,47.0,42.0,69.4,47.4,15.2,23
25.6,41.0,38.9,55.3,113.8,45.2,161.8,116.3,87.8,78.4,21.8,62.1,36.3,45.8,44.9,51.9,7.6,44.4,49.9,37.1,14.0,60.0,189.4,70.8,52.5,112.1,115.8,18.2,42
22.0,42.8,32.3,49.5,94.9,36.7,149.5,97.2,84.9,67.1,21.0,54.6,32.7,40.4,44.5,49.5,7.5,38.5,43.8,35.8,15.3,58.4,173.8,58.5,45.0,87.0,72.9,17.2,22
24.5,42.7,39.2,53.3,112.1,43.0,161.8,109.1,94.6,68.5,22.1,60.3,38.2,46.0,46.8,54.7,8.4,44.6,47.3,40.1,16.3,65.1,186.2,70.7,50.5,101.5,107.8,19.5,35
19.7,38.5,28.5,43.3,84.2,34.8,142.1,84.6,79.9,50.7,18.7,53.5,31.3,36.8,39.7,45.9,6.8,36.0,40.5,34.0,14.4,55.0,165.4,49.7,45.3,73.8,54.0,15.7,31
21.8,38.1,38.8,51.3,108.3,38.8,140.2,109.2,78.5,67.4,20.3,55.6,32.2,41.9,42.1,46.8,6.9,38.5,41.9,32.2,14.3,53.3,163.7,66.4,46.1,103.2,85.4,17.6,34
23.0,42.7,35.2,55.2,104.5,40.6,150.7,107.1,85.4,61.5,20.1,58.3,34.4,46.0,47.5,49.6,6.9,39.9,44.0,36.6,16.4,60.0,173.8,63.0,48.5,97.9,87.1,18.0,25
24.0,43.0,46.2,54.8,106.7,41.7,158.5,117.2,95.3,65.0,23.3,56.6,37.7,47.5,48.2,55.1,7.0,42.6,45.3,39.3,16.4,62.9,181.3,70.9,45.9,101.7,107.1,18.6,37
22.4,41.1,38.9,50.2,95.1,36.8,149.9,103.5,90.2,58.2,20.7,56.4,35.1,45.2,45.4,51.6,5.9,38.4,41.9,36.5,15.2,60.7,173.8,60.3,44.1,88.3,79.1,17.3,32
25.5,45.7,38.6,56.3,114.1,42.5,159.5,120.3,91.5,62.5,22.7,59.1,38.5,51.7,52.5,54.1,7.2,45.5,50.5,38.4,16.7,63.5,181.5,71.0,52.8,106.8,109.6,19.4,27
26.0,41.0,45.7,54.6,118.9,48.8,149.8,121.2,79.5,70.8,21.2,58.3,35.1,43.8,45.1,47.9,7.3,41.9,44.1,34.9,15.0,57.1,173.6,76.4,52.5,117.9,115.0,18.6,31
24.0,41.3,36.8,50.5,107.8,40.2,145.4,104.7,80.3,71.2,20.0,58.3,34.1,37.0,40.9,46.7,7.0,40.8,44.7,33.3,15.2,53.0,168.9,69.7,47.3,99.3,86.6,16.7,23
22.5,40.8,30.2,46.6,99.7,38.7,152.7,97.7,83.6,62.8,20.2,54.3,32.7,37.7,41.3,50.2,7.8,37.7,41.5,36.5,15.3,58.3,174.0,63.6,49.6,88.0,75.6,16.5,26
21.9,40.2,34.2,48.4,103.9,39.4,154.8,101.4,87.5,64.0,20.6,57.7,35.1,39.0,41.0,51.4,9.0,38.5,42.4,37.2,14.7,61.0,178.2,61.6,48.1,97.7,83.4,17.9,34
21.6,40.6,37.0,50.2,98.5,37.1,153.3,104.1,88.3,65.2,20.6,56.5,33.7,42.9,44.4,48.9,6.7,37.9,42.9,36.1,14.7,59.7,178.4,59.8,45.2,92.5,81.2,17.6,39
23.7,41.2,38.8,52.2,104.1,40.3,142.2,108.2,78.0,63.0,20.2,56.6,33.0,44.0,45.7,44.9,7.6,42.0,44.4,33.8,14.8,54.0,164.7,64.4,46.7,101.0,84.5,17.2,23
24.4,42.9,36.2,53.3,105.8,40.0,149.8,116.6,80.9,69.4,22.0,57.6,36.0,45.0,47.5,48.8,7.9,42.5,46.6,34.9,15.5,58.0,174.0,66.1,47.8,100.4,94.1,18.8,25
21.9,40.2,33.1,48.0,90.4,36.1,143.2,96.7,80.3,59.4,21.3,56.4,33.3,41.0,42.0,46.9,7.2,39.4,44.6,35.5,13.3,57.9,166.4,51.9,43.3,74.4,64.4,17.3,25
26.7,39.1,45.0,50.5,112.3,45.3,156.9,117.1,90.3,65.8,22.0,59.0,38.4,46.5,47.4,51.7,8.0,45.4,48.3,39.1,15.0,64.7,180.5,73.8,50.5,104.5,112.4,19.0,35
22.3,43.1,39.1,52.8,104.4,38.5,151.9,107.8,87.1,64.0,20.2,58.8,33.7,42.3,44.4,51.8,6.8,42.2,46.1,36.6,15.5,59.8,174.5,67.7,46.1,93.6,90.7,17.7,23
22.3,39.3,38.3,47.3,92.7,39.8,138.2,96.3,78.7,57.7,20.8,53.0,33.7,40.0,40.7,45.1,6.3,39.2,42.8,33.0,14.1,54.0,160.5,62.6,42.3,75.5,71.8,17.1,23
24.7,44.7,37.5,54.5,102.4,41.2,158.2,110.1,90.6,63.8,22.5,58.4,35.9,40.7,44.0,54.5,7.7,42.0,46.8,39.7,15.3,65.6,183.0,62.6,47.1,99.7,97.1,18.3,26
22.2,42.3,35.3,50.1,96.8,38.0,156.9,105.3,92.0,60.9,22.1,56.6,33.7,39.1,41.2,52.3,7.7,39.4,44.3,37.9,14.9,62.6,181.0,58.5,47.0,91.3,81.3,17.8,31
20.7,40.5,30.2,48.9,97.8,36.3,148.7,102.7,83.9,64.6,20.0,57.8,31.5,38.5,39.9,46.3,7.5,37.0,41.3,34.9,14.7,56.6,173.1,59.0,45.0,92.1,75.5,16.5,35
23.0,41.9,35.0,49.6,100.5,37.7,159.2,97.2,92.5,63.1,21.3,55.5,35.5,38.7,42.5,52.8,7.8,37.2,42.9,37.8,15.3,60.7,184.5,61.2,48.5,89.9,79.7,17.7,27
21.3,40.5,32.1,47.3,90.5,34.7,152.3,91.5,90.1,55.9,21.3,55.0,34.7,39.2,42.0,52.3,6.8,36.4,41.9,39.1,14.3,63.6,177.5,52.4,43.4,73.4,64.8,17.6,33
25.1,43.7,42.1,55.2,114.2,44.2,155.5,114.2,87.1,61.2,22.0,60.7,35.0,44.4,47.0,51.0,7.5,43.0,47.7,38.0,15.5,60.1,179.5,72.5,53.6,112.4,107.9,18.4,28
22.7,39.9,38.4,50.8,102.4,40.6,142.6,108.1,82.6,65.8,22.2,57.1,34.4,43.1,44.1,48.0,7.8,40.0,41.5,34.1,15.2,57.1,166.4,69.8,45.2,97.6,87.4,17.8,22
22.6,41.2,38.8,54.3,111.5,42.9,152.7,110.8,85.2,63.1,21.0,59.0,33.3,41.1,43.5,48.4,6.8,40.1,44.5,37.3,13.3,59.0,175.2,71.7,48.6,108.4,98.2,18.0,23
22.6,41.7,33.4,52.1,103.7,36.8,157.7,106.9,87.3,66.8,21.6,55.2,34.2,44.5,45.8,51.2,7.8,40.6,44.1,38.2,15.8,63.0,181.4,61.9,51.1,102.6,89.3,18.5,45
25.3,45.9,37.8,55.7,113.8,45.4,160.9,114.0,89.9,72.7,21.8,60.3,37.0,47.3,50.0,53.5,8.7,41.5,46.1,37.8,17.3,61.0,183.6,72.3,49.8,107.8,108.7,19.0,39
23.3,38.4,34.0,48.7,103.3,39.1,141.1,101.8,77.1,60.1,19.3,57.4,32.6,38.5,40.5,46.2,7.2,37.9,42.0,32.6,14.0,52.7,162.8,64.7,48.1,97.2,77.5,16.5,29
21.9,41.7,40.1,51.1,100.3,38.3,142.6,109.6,77.2,63.2,21.3,56.0,32.6,43.5,45.5,46.6,6.9,42.2,46.5,34.5,15.1,53.2,164.0,60.8,44.9,90.3,80.1,17.6,39
23.8,43.5,38.9,51.3,102.2,42.2,148.7,112.7,81.5,63.0,21.4,60.0,34.7,43.0,45.5,46.6,6.8,40.6,43.3,34.5,16.5,58.0,172.8,62.1,48.1,92.8,87.4,17.1,23
21.2,37.7,29.4,44.7,87.7,36.0,136.0,90.7,76.4,55.1,19.0,54.3,31.5,36.7,39.0,44.5,6.1,32.9,37.6,34.0,13.8,54.7,160.6,53.7,41.7,77.9,56.8,16.4,30
25.5,44.8,38.2,56.7,113.9,46.5,160.3,124.1,84.4,74.0,21.0,60.2,36.4,46.0,47.7,50.4,8.7,42.8,45.8,37.7,16.5,60.3,186.1,69.9,56.2,114.9,117.4,18.6,25
22.4,42.0,33.5,52.2,102.1,38.0,152.5,109.2,86.8,63.9,20.4,56.2,34.3,43.2,44.4,50.6,8.0,41.1,44.3,38.0,14.7,60.5,176.1,57.2,47.1,99.2,86.3,17.6,50
22.7,44.6,41.6,56.3,104.1,40.0,152.8,117.8,89.5,65.9,21.2,58.3,35.3,48.4,49.5,49.5,6.9,42.0,47.1,35.6,16.1,58.5,175.4,63.7,46.1,98.9,97.0,17.9,40
21.7,40.2,31.9,48.9,97.3,39.0,149.3,103.1,83.7,65.1,20.1,56.8,32.3,44.0,45.0,49.3,8.3,38.3,40.8,36.0,15.1,59.0,174.1,59.7,45.1,93.3,77.9,16.7,25
20.6,37.5,29.7,43.9,85.4,34.4,142.4,87.2,80.3,53.8,20.3,51.6,31.7,36.4,39.2,46.6,6.7,36.5,41.9,33.9,12.5,54.8,165.7,50.1,45.1,74.4,55.6,16.9,27
20.7,41.2,31.0,47.9,82.0,34.2,143.7,88.4,81.1,53.5,19.3,53.0,30.9,37.0,42.2,46.8,6.4,35.1,38.4,35.5,16.2,58.2,166.0,49.3,45.7,71.4,53.3,16.3,27
21.7,39.8,36.2,51.9,108.8,38.0,143.8,112.1,78.5,63.3,21.0,57.7,32.8,43.1,45.5,45.8,7.0,42.2,44.9,32.6,13.7,51.0,167.8,71.7,51.1,114.7,93.3,17.2,28
21.3,39.0,36.5,48.9,97.6,39.0,151.7,106.3,84.1,66.5,23.0,56.7,34.0,40.1,41.0,50.6,6.8,42.5,45.8,35.9,13.7,58.5,173.5,64.1,48.9,97.6,86.6,18.0,42
24.8,45.5,40.3,58.3,106.1,43.3,152.3,124.2,83.6,63.2,23.0,59.7,36.2,50.3,51.1,50.1,8.3,49.1,52.9,36.6,14.6,61.0,175.0,63.7,52.5,107.7,109.6,19.2,43
21.5,41.2,29.9,49.6,94.2,37.5,146.3,94.9,82.4,59.0,20.1,58.2,32.2,37.7,41.6,48.4,7.5,36.6,40.4,34.7,15.5,57.0,170.1,58.5,47.9,83.5,67.6,16.2,25
21.2,41.4,33.2,48.7,91.8,35.8,151.6,95.3,83.8,60.5,20.0,58.8,33.0,37.5,41.6,48.0,6.7,36.9,41.5,35.6,15.5,58.4,174.2,59.2,47.4,79.7,71.8,16.5,23
24.8,44.0,35.5,53.7,105.1,40.4,158.5,110.6,89.4,67.0,21.5,61.8,36.5,43.5,46.3,51.0,8.0,38.5,43.2,37.6,15.4,61.1,181.8,61.9,49.0,96.9,91.6,18.6,22
22.9,42.8,37.6,53.3,103.3,38.5,153.8,109.4,87.7,66.4,23.3,57.5,35.2,44.1,45.5,52.4,7.4,38.5,44.9,38.2,14.9,62.0,178.5,64.0,45.4,91.8,87.1,17.9,30
22.4,40.6,36.4,47.9,89.7,37.9,144.1,95.4,83.9,55.1,21.5,56.4,33.8,37.6,39.6,49.2,7.0,39.5,42.4,34.6,14.8,57.5,166.6,59.7,44.3,77.6,70.1,16.6,34
25.0,44.4,39.9,57.6,106.8,44.0,154.7,124.2,87.7,68.0,21.7,59.2,36.0,50.0,50.6,51.2,7.7,44.3,46.0,36.8,16.2,60.8,178.1,70.3,51.2,112.4,111.5,18.2,28
23.0,41.5,37.3,56.2,115.2,41.0,159.0,116.6,88.2,72.3,19.7,59.4,34.3,47.1,48.4,52.3,7.2,41.7,44.7,38.7,14.9,62.6,180.2,75.7,51.5,114.6,108.4,16.8,25
21.0,39.3,32.7,46.3,89.8,35.3,141.0,90.4,79.2,58.8,20.1,57.0,32.6,40.7,43.5,46.6,7.5,36.9,41.7,35.6,15.5,58.0,166.9,52.6,42.6,79.7,63.7,16.8,23
25.3,41.8,36.7,49.9,111.5,41.8,159.0,107.1,87.5,66.9,21.0,55.5,35.8,40.9,42.8,51.0,7.4,37.9,43.1,39.2,15.3,63.6,183.7,68.4,49.0,103.2,96.4,18.6,25
24.2,44.5,39.4,56.0,106.7,43.3,163.9,118.2,89.9,72.3,22.7,58.4,35.3,48.6,49.5,53.1,8.2,42.8,46.7,40.2,17.0,66.0,188.1,64.6,48.4,100.5,105.4,18.3,24
23.3,43.4,37.6,52.7,107.9,40.0,155.5,105.2,85.7,68.4,20.7,59.3,34.0,42.4,46.1,50.9,7.9,41.6,45.0,37.1,16.5,60.5,178.2,66.7,49.9,92.1,88.7,17.7,26
25.2,43.6,43.0,55.5,112.4,42.3,166.0,116.2,91.1,69.3,23.7,57.7,37.9,46.5,47.5,57.2,7.5,42.1,45.2,40.1,16.1,67.1,190.0,68.4,52.8,113.2,114.5,20.0,51
23.5,41.6,35.8,52.7,107.4,40.8,150.2,106.9,84.0,65.7,20.0,58.3,34.3,41.5,42.8,48.4,6.9,39.6,43.1,35.5,15.4,57.5,175.5,67.8,48.6,98.8,89.0,17.0,26
21.6,38.4,31.8,47.3,95.1,35.4,148.0,95.7,82.6,62.5,20.6,56.3,33.1,38.0,39.7,47.5,6.6,36.0,39.6,35.1,13.5,56.5,173.0,56.6,46.6,79.7,68.8,17.1,23
19.8,39.5,35.1,50.1,94.3,36.7,141.0,102.0,78.0,60.2,20.7,54.4,31.6,38.0,40.2,45.6,6.7,39.1,43.8,34.5,13.0,57.5,162.4,57.9,45.0,89.7,71.0,16.9,44
22.7,45.0,37.1,55.8,111.9,41.1,153.2,119.8,86.2,64.2,20.3,57.8,33.3,45.1,49.3,48.1,6.8,41.4,45.5,37.6,16.2,60.1,175.5,68.2,50.7,114.5,102.1,18.1,30
22.7,39.5,34.7,49.8,97.4,39.9,146.3,107.9,83.3,58.1,20.7,56.0,34.7,42.4,44.1,48.9,7.6,39.5,42.0,35.8,14.0,58.6,170.3,58.1,47.2,100.3,78.4,17.5,53
24.9,42.3,40.0,56.3,118.2,43.3,153.1,117.2,85.1,66.0,22.6,57.7,35.3,41.2,43.5,52.0,8.3,41.6,44.4,37.0,15.9,60.5,176.2,73.9,51.5,117.5,110.5,18.8,29
22.8,40.0,35.7,48.7,100.9,40.1,148.8,100.8,84.2,61.2,21.3,54.3,31.8,41.5,43.5,48.0,7.2,39.8,43.5,36.0,15.2,60.2,172.0,61.3,47.9,98.7,81.9,17.8,34
21.8,40.5,35.0,51.7,101.9,37.1,147.8,116.8,82.6,58.8,19.4,56.3,32.0,40.6,43.1,47.2,6.5,41.6,45.7,35.0,14.6,58.7,171.1,62.2,49.6,104.3,87.1,16.1,34
23.3,39.5,35.3,48.5,97.6,39.5,165.2,102.7,95.6,62.0,21.8,57.6,36.4,39.3,43.0,55.5,7.7,40.5,46.0,40.1,16.0,66.5,192.7,59.6,48.4,84.2,86.9,19.0,19
23.4,40.9,33.6,50.0,93.9,39.6,152.8,106.8,85.9,60.7,21.0,55.5,34.5,41.0,43.2,50.7,7.4,38.2,42.2,36.0,15.3,59.2,178.4,58.3,47.7,91.5,77.5,17.7,31
24.5,44.5,38.9,55.3,117.9,42.6,159.1,113.9,88.0,76.1,22.0,59.4,35.8,47.8,49.2,52.0,7.7,42.0,46.6,37.4,15.6,60.1,183.5,76.7,52.4,107.6,109.8,18.2,26
24.0,42.6,35.1,52.4,111.6,41.7,157.5,107.6,85.9,66.7,21.3,58.4,35.7,39.4,42.6,52.1,7.7,39.9,45.0,37.5,16.2,61.9,182.3,69.9,50.6,96.8,96.5,18.0,31
21.0,40.3,31.9,49.4,91.2,35.1,139.8,104.5,78.3,57.9,20.3,57.3,32.8,42.5,44.4,45.4,7.1,38.2,42.1,34.5,14.7,56.2,164.0,56.8,41.5,82.2,67.4,16.4,28
24.1,42.5,38.8,54.2,106.3,42.3,147.5,123.1,81.8,69.3,21.2,60.4,35.8,49.4,48.6,49.1,7.5,45.5,49.1,36.6,13.9,59.4,170.4,66.3,47.7,110.8,102.6,17.4,31
19.5,41.4,29.7,48.0,84.1,34.4,150.2,91.3,89.1,56.5,20.2,57.0,31.6,40.0,43.2,50.2,6.1,36.6,40.7,36.4,15.3,61.2,173.0,48.3,43.9,71.9,60.1,17.2,22
21.2,40.7,30.8,47.6,94.5,36.1,143.0,96.0,77.9,58.8,20.4,56.6,32.1,41.7,44.1,44.3,7.0,38.7,42.0,35.7,15.1,55.2,165.6,56.9,47.7,86.9,67.6,16.7,26
24.5,42.6,38.9,52.8,103.2,42.2,144.2,104.3,80.4,64.6,22.2,57.3,34.7,44.5,45.5,46.3,6.3,40.8,44.2,33.3,15.5,55.2,166.8,69.5,44.4,93.1,86.7,18.9,28
22.2,40.5,38.3,51.9,102.2,39.5,141.2,108.9,76.8,65.4,20.6,56.6,32.0,45.2,46.6,45.2,7.2,42.5,46.4,34.2,13.9,56.0,163.5,63.2,46.2,93.9,82.6,17.1,32
25.1,43.7,35.1,53.1,102.5,39.5,161.6,101.9,93.7,67.9,22.7,57.5,36.3,38.6,42.5,53.7,6.8,36.9,42.4,39.1,15.4,62.5,186.1,62.3,46.3,88.4,86.2,18.4,28
23.5,40.6,37.5,51.9,94.4,40.2,143.0,109.7,79.3,57.4,21.3,59.6,33.4,43.6,45.2,46.3,7.1,40.7,44.3,33.9,14.3,57.5,166.7,61.2,48.8,91.2,82.1,17.7,25
21.1,41.5,30.0,49.4,88.0,33.8,153.5,96.3,86.3,61.1,19.7,58.4,32.4,43.6,45.7,50.0,6.9,37.7,43.8,36.7,15.0,59.6,176.0,52.6,49.5,81.2,67.5,17.3,21
23.4,44.4,35.5,53.3,101.9,40.8,150.4,107.4,82.1,67.7,20.6,57.5,34.8,47.8,49.7,49.0,8.1,39.5,44.6,36.0,16.5,59.0,175.2,63.0,46.0,95.7,86.0,17.8,24
24.6,45.9,35.3,54.1,108.4,41.0,163.5,106.9,87.5,69.0,21.0,56.4,36.0,44.5,49.4,52.0,7.0,40.8,44.6,39.2,18.5,63.0,188.6,66.1,52.3,100.8,95.4,18.5,25
24.0,41.0,38.0,51.0,106.5,42.6,149.9,116.8,85.5,62.1,23.2,58.3,35.3,48.5,49.3,50.1,7.5,42.5,46.0,35.5,14.1,59.9,172.9,65.4,48.5,112.1,97.0,19.0,35
22.3,42.3,34.9,52.2,104.5,39.8,155.7,108.7,84.4,69.2,20.8,60.0,34.5,44.8,46.8,47.9,7.4,38.5,41.6,36.0,16.0,58.5,179.0,61.9,48.9,94.6,89.5,18.4,25
25.0,43.3,35.9,52.6,108.2,43.6,151.0,117.3,79.6,64.5,21.1,59.5,35.3,48.0,49.3,46.0,7.7,44.2,48.2,35.2,14.8,57.5,174.5,64.2,55.8,102.9,101.6,18.4,22
21.3,40.6,34.0,49.8,102.3,35.5,145.3,100.2,80.8,60.9,19.8,55.0,32.3,41.0,42.3,46.5,6.2,39.8,43.8,36.2,13.8,57.5,167.7,63.6,45.4,91.3,75.8,16.5,25
21.0,40.8,32.8,49.4,93.4,34.6,150.7,102.2,86.7,56.8,18.9,55.8,32.1,44.0,44.5,49.5,6.3,38.5,41.9,36.5,15.0,60.0,172.5,56.4,46.6,82.8,71.5,17.5,24
23.5,42.4,36.8,50.7,103.1,40.3,153.0,107.6,86.1,66.1,21.7,57.5,34.3,43.5,46.0,48.9,7.7,41.1,44.3,35.9,15.7,58.2,174.8,63.8,48.4,97.2,88.4,17.9,29
19.3,36.6,26.4,41.4,80.2,29.3,137.8,82.0,78.0,50.6,18.7,56.2,29.7,35.5,37.1,44.2,6.5,34.0,37.3,34.1,13.9,54.2,161.0,45.2,42.5,69.4,45.9,15.0,29
21.6,40.0,36.4,50.0,99.1,37.2,145.0,103.0,78.6,61.9,20.6,59.0,31.3,41.5,44.1,45.0,7.1,38.9,44.8,35.2,13.8,56.3,170.5,59.4,46.1,87.2,75.6,17.3,40
25.0,42.8,36.6,52.4,110.4,42.2,160.5,113.1,88.6,75.2,22.0,58.1,37.8,43.5,47.0,53.5,8.9,44.0,47.2,37.7,15.0,63.0,183.3,68.4,47.1,101.0,99.5,18.9,27
25.7,43.7,38.1,56.3,123.4,45.8,157.0,118.3,85.8,71.1,21.2,57.2,36.4,46.0,46.2,51.4,8.6,44.4,48.0,37.4,14.9,60.9,182.0,76.9,51.3,114.1,113.8,18.3,36
23.4,42.7,34.9,51.1,102.2,38.0,154.4,99.9,86.8,71.0,21.0,57.3,35.3,43.3,44.0,50.1,7.2,40.6,44.8,35.8,15.4,58.5,177.6,64.1,44.7,90.8,84.0,17.6,24
26.0,45.9,41.9,57.2,113.5,45.1,155.3,111.5,87.8,66.2,20.2,60.2,37.0,44.7,46.8,49.4,7.4,42.5,45.0,37.5,17.2,62.4,179.1,75.5,51.3,109.1,111.4,18.8,24
24.6,44.2,35.1,50.9,101.5,40.0,171.8,107.2,100.7,64.5,22.2,58.0,36.0,41.6,44.7,59.0,7.7,39.9,45.0,41.6,16.0,68.7,197.0,57.5,49.7,94.8,90.2,18.2,33
23.4,43.3,38.1,52.4,103.9,40.1,157.5,106.3,90.2,67.4,22.0,60.8,35.7,42.0,46.1,51.8,7.2,41.9,45.8,37.8,15.5,62.2,181.4,65.2,47.0,94.4,92.4,18.1,30
22.4,42.6,34.6,52.1,106.4,39.6,154.9,109.9,85.9,64.7,19.7,54.5,35.0,43.5,46.0,52.5,7.5,36.7,40.8,36.6,16.0,61.5,178.2,64.8,50.6,101.2,86.0,16.8,30
21.8,41.2,36.7,50.5,103.9,39.5,149.9,104.3,84.8,62.2,20.8,57.2,33.5,42.6,44.8,49.1,7.1,41.7,45.0,35.7,14.2,57.2,171.7,64.2,47.0,89.3,84.2,17.1,36
24.0,44.6,35.4,54.0,107.0,38.6,162.7,111.3,89.1,66.0,21.4,56.8,35.1,44.6,47.3,52.2,8.3,40.4,45.0,38.3,15.4,61.8,186.0,61.7,52.8,99.2,93.9,18.4,29
26.0,42.6,36.6,52.9,105.4,43.6,151.0,112.1,83.6,71.2,20.8,59.0,36.1,46.9,47.9,49.4,7.6,39.5,43.4,36.1,15.3,57.1,176.3,64.7,47.1,93.9,92.1,18.3,22
21.4,39.1,34.4,49.6,100.3,37.0,139.7,101.5,78.1,55.8,19.4,56.3,32.5,43.0,43.6,46.7,6.9,36.6,41.2,33.7,13.9,57.0,162.4,65.2,47.2,91.2,72.4,15.8,22
23.7,41.7,36.3,49.9,103.6,43.4,150.0,101.1,81.2,65.3,21.1,55.3,33.5,41.1,43.5,48.1,7.0,38.6,43.2,36.7,15.2,60.0,172.3,67.7,48.2,94.2,88.6,18.0,24
22.3,41.6,37.1,51.8,94.7,41.1,143.6,105.8,76.8,62.2,21.1,55.2,31.4,42.8,44.9,45.7,6.7,38.7,43.3,33.4,15.4,54.9,167.4,58.4,45.9,84.8,75.3,17.2,30
23.4,41.3,38.7,50.2,102.2,42.5,152.3,103.4,90.8,60.3,21.5,59.0,38.7,40.5,43.3,51.5,7.1,38.6,42.8,37.0,15.0,60.6,174.4,66.8,46.3,87.7,85.7,17.9,30
22.0,44.5,39.1,54.5,109.5,36.3,153.8,113.8,89.1,64.0,21.6,57.5,36.3,43.5,46.5,51.0,6.8,43.6,46.9,37.9,16.6,62.5,174.8,70.4,49.3,108.6,98.0,18.4,36
21.8,38.5,31.0,45.0,93.4,35.2,156.2,93.7,90.6,59.2,20.6,56.0,33.8,37.5,39.3,52.8,7.3,39.2,43.7,37.5,13.3,62.2,180.5,56.4,47.9,90.2,74.4,17.1,42
22.2,40.5,32.0,47.1,92.9,35.7,153.7,95.3,88.0,59.2,20.8,56.7,32.1,40.3,43.3,52.4,6.7,37.7,41.2,38.0,14.9,60.1,177.5,54.7,47.3,82.6,68.0,17.6,21
22.0,41.2,35.3,48.2,86.7,38.4,147.0,97.6,83.4,55.7,19.8,58.3,33.6,36.1,39.8,48.2,6.7,35.5,37.7,36.1,16.7,58.5,173.0,52.2,45.5,81.5,67.7,17.4,42
21.9,40.0,31.9,47.8,94.2,34.7,151.9,100.8,86.2,60.3,19.5,55.0,33.3,41.6,44.3,49.6,6.5,36.1,41.0,37.5,15.0,58.5,174.0,57.4,47.5,91.9,73.5,16.5,20
20.1,40.3,32.1,46.2,94.3,33.0,151.6,89.3,89.9,59.7,19.3,58.0,33.0,40.1,43.1,53.3,6.5,38.0,42.2,36.8,15.0,61.7,175.2,54.8,42.9,76.6,64.9,17.4,32
23.3,38.5,31.3,47.6,99.4,40.2,145.2,102.4,81.8,57.6,19.5,55.5,33.0,39.8,41.1,48.0,6.5,41.1,44.8,34.6,13.1,55.3,167.3,60.3,47.0,97.8,76.6,17.0,32
23.3,42.1,35.8,51.2,99.3,38.8,159.1,102.9,92.4,62.4,21.8,57.3,35.8,38.5,41.0,54.7,7.9,38.0,41.5,37.9,16.5,63.5,185.0,59.7,47.1,89.2,86.0,17.4,38
21.0,41.8,35.3,50.8,99.4,36.5,157.3,106.6,95.5,62.0,20.2,57.2,34.4,44.4,47.1,54.2,7.5,38.7,42.9,38.9,14.9,65.5,180.2,62.8,43.3,90.4,80.9,17.1,20
22.7,41.1,34.5,50.3,102.7,37.8,148.5,101.1,81.6,60.0,21.3,56.2,33.3,41.7,43.6,47.6,7.0,37.5,43.0,33.7,15.2,55.0,172.7,64.5,51.4,95.2,80.1,17.6,21
24.1,39.4,33.8,46.9,99.1,38.4,147.7,98.8,83.0,61.9,19.7,58.0,35.4,41.7,44.0,49.9,6.8,37.1,41.3,35.1,14.2,58.7,171.7,63.2,47.5,91.1,77.3,16.1,22
22.2,43.9,39.3,55.6,105.5,39.5,144.2,106.8,85.1,65.6,20.3,61.5,35.0,42.6,46.6,48.7,6.8,41.4,44.4,35.8,16.2,60.0,167.2,68.9,43.0,90.3,88.0,17.7,19
24.6,42.4,34.6,51.2,104.4,39.0,160.5,106.5,91.3,66.7,21.4,57.0,37.2,44.2,47.2,54.2,7.7,38.1,42.8,38.1,15.8,63.0,185.0,63.0,49.7,90.4,90.5,18.3,20
23.7,38.7,30.9,44.5,102.0,39.3,168.1,96.2,97.7,67.0,20.0,60.2,35.5,41.2,44.1,55.1,8.0,37.3,43.5,39.4,16.0,65.1,195.8,62.6,48.9,90.8,86.6,17.3,20
23.0,42.3,35.8,52.2,103.5,39.3,146.6,109.4,84.4,67.1,20.5,58.6,34.5,47.2,47.7,49.5,7.5,37.0,40.0,34.7,16.0,58.1,170.8,64.3,44.2,95.8,84.5,18.0,22
25.7,47.5,42.2,59.3,121.3,44.4,167.0,122.8,92.9,79.7,22.5,60.5,37.7,50.0,51.4,55.7,8.2,44.1,46.7,38.1,18.2,62.7,192.3,73.9,52.0,110.4,120.3,20.2,38
22.5,40.0,36.2,49.5,97.5,36.3,144.3,97.9,78.6,63.3,20.4,55.5,31.6,37.7,39.7,47.2,7.0,38.0,42.0,34.5,14.2,56.7,168.4,62.3,47.2,89.1,76.9,17.9,24
24.0,42.5,37.1,53.3,112.2,41.3,153.5,109.4,86.8,68.4,20.4,56.3,35.0,44.9,46.0,51.4,6.8,40.5,43.8,38.2,16.0,61.5,176.2,70.7,46.2,110.6,99.5,17.4,25
24.5,42.1,38.2,54.6,107.9,41.7,162.5,120.1,91.2,66.9,21.6,58.3,37.3,42.8,44.0,53.9,7.1,41.9,46.5,37.5,14.8,62.7,186.9,67.0,53.2,112.0,105.4,17.2,31
21.8,42.2,36.8,51.2,105.3,39.0,153.1,105.4,86.7,61.2,21.0,55.8,33.3,44.1,45.7,48.8,6.7,38.5,43.0,38.0,16.0,61.0,176.8,64.2,50.9,99.5,87.2,17.7,42
22.3,39.2,38.8,50.5,90.7,36.8,143.1,108.0,78.9,54.4,19.0,55.6,33.8,40.6,41.7,48.0,7.0,37.3,41.2,33.8,13.7,54.4,166.8,60.3,47.0,92.2,75.0,16.0,35
21.7,42.4,33.4,52.1,108.5,37.9,143.0,112.3,77.0,67.7,19.7,57.7,32.2,46.7,47.6,46.8,7.0,40.5,43.7,33.8,15.7,56.1,165.8,67.7,47.7,106.0,86.5,17.1,27
23.6,40.9,36.4,50.0,111.5,40.0,158.9,110.6,91.2,63.3,20.5,57.1,36.5,40.3,43.9,54.7,8.2,40.1,41.9,39.9,15.0,63.8,182.3,69.9,48.8,104.5,96.2,17.5,22
23.1,39.2,31.7,45.0,96.7,35.5,161.3,93.7,91.7,65.1,19.1,53.6,35.0,33.7,35.4,52.7,8.2,35.1,38.8,38.9,14.1,63.6,185.6,57.9,48.5,82.3,72.7,16.9,25
23.3,39.6,32.7,46.0,96.7,38.4,157.0,96.2,91.4,59.1,20.7,56.6,35.3,38.5,42.7,53.0,7.2,39.6,43.9,38.3,14.2,60.5,179.2,59.7,48.2,88.4,78.5,17.7,25
23.2,42.5,34.1,50.7,100.1,38.5,148.2,99.2,85.8,59.2,20.0,58.0,33.8,39.5,43.0,49.3,7.5,36.7,40.9,36.1,16.3,58.1,170.9,62.2,45.9,86.5,75.2,16.8,21
21.3,42.0,33.2,50.2,95.6,35.0,155.0,99.8,88.7,62.9,21.8,55.5,34.6,40.8,44.5,51.0,6.7,38.3,42.0,38.5,16.4,60.6,177.5,56.0,45.3,81.7,74.4,17.5,46
23.3,40.7,34.8,50.8,102.6,38.6,150.1,105.6,84.4,67.2,20.0,55.0,34.1,45.3,45.9,49.2,7.5,39.5,44.0,34.6,13.9,55.5,171.2,64.2,46.8,95.2,81.8,17.0,29
22.0,42.5,36.5,53.5,106.6,39.3,152.8,113.1,86.2,66.3,21.2,58.8,34.7,44.2,45.4,49.7,7.8,39.6,43.6,37.1,15.8,60.3,176.9,62.5,46.2,95.8,87.3,17.1,39
21.3,40.3,36.5,48.5,99.2,38.0,142.3,96.9,81.0,61.3,20.7,54.7,32.0,40.6,42.3,48.5,7.2,36.8,40.1,36.9,14.8,59.9,165.1,60.9,41.5,74.7,69.7,17.7,33
24.1,40.6,33.2,48.3,101.4,39.8,152.8,100.0,84.5,66.2,21.3,59.8,36.0,41.2,43.4,50.0,7.5,37.6,41.0,36.5,15.4,60.3,177.0,62.6,47.3,88.4,82.4,18.3,25
23.4,42.4,36.0,51.0,104.5,39.7,169.0,114.5,93.4,65.9,21.6,58.7,36.0,44.0,45.0,54.7,7.7,40.7,45.2,41.0,15.0,65.2,192.8,62.8,56.1,95.3,99.9,18.3,35
23.1,44.5,38.5,54.1,97.7,41.3,153.5,111.8,87.4,61.9,20.8,54.8,33.8,45.7,47.7,52.3,7.1,40.0,44.0,38.0,15.1,61.9,175.1,61.1,48.0,92.9,86.7,18.3,32
22.5,40.2,33.7,48.0,96.8,38.8,138.8,102.0,77.6,60.2,21.7,55.0,32.4,39.2,40.6,43.9,6.8,40.5,43.0,35.4,13.6,55.9,159.7,59.3,45.9,91.3,72.5,17.5,48
23.5,43.3,32.7,50.5,93.2,36.3,158.8,95.3,89.3,58.2,20.3,55.3,33.5,42.1,45.5,53.0,8.5,36.9,41.3,36.1,16.6,60.8,182.0,56.2,49.7,85.2,72.8,18.3,22
21.7,41.1,34.0,46.6,94.2,34.1,157.6,94.6,89.9,53.0,21.4,56.8,33.2,37.7,41.4,51.2,6.8,36.3,40.1,37.7,17.3,61.6,182.1,55.8,52.3,80.3,71.5,18.0,23
26.1,43.5,40.1,57.3,121.7,41.8,159.2,132.4,86.0,71.8,21.6,59.9,37.9,55.1,53.0,52.3,7.1,45.3,48.0,40.5,16.2,64.0,181.3,76.8,54.4,125.1,127.4,19.8,23
24.7,43.8,36.4,53.5,108.3,41.5,159.6,108.8,88.3,73.6,22.2,58.7,36.6,44.8,45.5,53.1,8.0,39.2,43.9,39.0,14.7,65.0,182.6,68.9,48.5,97.7,96.1,18.0,20
24.4,42.5,40.3,53.7,111.7,43.6,145.6,120.0,78.2,63.0,22.2,59.5,35.0,47.7,46.7,46.6,7.6,44.1,46.4,34.9,13.9,56.9,167.5,65.8,49.0,114.9,101.8,18.5,34
24.5,44.2,34.3,52.4,104.2,40.0,149.8,112.4,84.5,63.3,21.2,56.6,34.9,45.5,48.4,48.8,7.3,38.8,43.9,37.1,16.9,58.7,172.2,62.3,49.1,97.6,86.9,18.1,24
22.8,41.7,37.7,52.2,98.9,38.8,149.8,106.7,82.3,67.2,21.4,57.8,33.3,41.4,44.2,49.6,8.0,40.2,44.1,34.6,14.6,55.5,171.8,63.2,46.2,91.3,84.0,17.8,31
21.3,42.0,37.4,51.9,106.0,36.3,149.4,105.3,84.5,65.5,20.0,57.8,33.8,38.7,40.8,48.6,6.4,37.3,40.9,35.6,16.2,58.5,172.6,65.8,45.6,95.8,83.4,17.3,31
21.5,40.4,32.3,47.6,98.8,36.3,151.9,99.9,83.1,62.6,19.7,56.0,32.5,43.2,44.8,47.2,6.6,41.7,47.4,35.2,15.3,58.5,176.7,57.9,48.5,91.7,73.3,17.0,38
21.2,42.9,33.0,49.9,99.2,37.0,145.1,98.7,82.1,59.1,20.1,56.3,32.1,44.2,46.3,48.7,7.0,37.6,41.9,35.3,16.0,57.0,170.1,58.7,46.0,93.0,73.5,17.1,28
23.2,41.6,32.4,49.7,95.3,37.5,151.2,99.8,84.6,59.5,20.6,56.3,33.4,42.5,43.7,47.2,7.3,37.2,41.8,36.3,14.2,58.8,174.4,60.2,48.5,89.6,76.6,17.5,19
24.0,41.2,43.4,49.3,101.1,40.6,144.8,102.7,84.4,60.4,22.2,56.7,37.2,39.0,41.5,50.4,7.0,41.7,44.8,34.2,15.8,57.5,168.0,66.1,42.9,84.7,85.8,18.5,23
19.8,37.4,29.7,45.5,86.4,33.5,134.7,91.5,77.3,51.8,19.8,54.7,31.5,38.1,40.2,44.9,7.1,36.6,40.4,32.3,13.5,54.2,158.1,51.2,43.3,77.6,56.0,16.4,19
20.7,40.6,33.7,49.8,97.3,36.0,148.9,104.3,80.1,63.1,19.7,56.3,32.4,37.2,39.9,45.9,6.7,37.7,40.4,34.5,15.3,56.5,173.1,57.9,48.2,91.7,75.4,15.8,47
23.6,42.3,37.5,53.2,105.6,41.0,157.7,110.5,88.3,63.8,21.8,57.8,34.3,39.9,43.0,50.4,8.1,41.8,46.2,36.9,15.5,59.0,182.5,65.5,49.8,99.6,94.1,18.1,31
24.0,41.4,39.1,54.0,108.4,46.5,139.9,120.9,76.7,68.4,21.8,57.3,34.7,46.8,46.5,45.1,7.2,39.9,43.8,32.2,14.3,52.5,163.5,68.4,42.6,104.6,92.0,17.8,39
23.6,41.0,37.6,51.8,107.5,38.2,149.7,109.8,82.4,65.1,21.6,58.4,34.4,42.9,43.2,47.1,7.3,40.2,44.9,35.0,13.7,55.6,173.6,66.4,50.5,98.9,90.5,18.5,35
25.8,41.7,38.7,52.7,110.7,44.2,146.2,115.6,82.4,64.5,21.7,58.8,36.0,41.0,44.1,47.1,7.6,40.9,43.5,34.0,15.1,55.3,169.2,69.7,52.1,110.5,102.1,18.0,34
22.3,40.6,33.0,46.8,90.8,37.0,143.2,93.3,76.6,59.5,20.3,56.0,33.2,38.0,40.1,44.8,6.8,39.4,43.8,33.0,13.0,53.7,166.5,53.4,45.1,78.5,65.0,16.8,24
25.6,43.0,38.9,52.6,109.4,41.3,162.5,110.9,92.8,65.1,23.5,58.9,37.1,42.6,44.4,55.1,7.7,43.1,46.6,38.6,15.3,61.7,185.6,64.8,49.4,95.5,97.7,18.6,31
24.6,43.3,38.5,53.9,118.0,40.6,165.1,120.2,93.8,75.1,21.6,60.2,36.7,42.7,44.2,55.3,7.9,41.4,44.5,41.4,14.4,65.0,187.4,76.8,48.9,104.3,113.0,18.1,23
25.3,41.8,35.5,50.9,103.6,43.0,144.5,112.1,80.2,61.5,22.4,59.0,36.0,47.2,47.5,46.6,7.5,43.6,46.0,33.2,14.5,53.4,167.2,61.6,46.6,97.8,89.4,19.1,28
22.5,42.1,33.0,48.9,98.5,37.7,154.9,99.0,86.8,65.3,19.1,57.0,33.6,37.2,41.1,48.8,7.2,37.2,43.4,36.3,14.2,58.0,180.7,60.9,45.6,80.3,76.3,16.8,20
26.7,43.0,42.5,58.5,115.7,45.2,163.6,125.6,90.6,73.5,22.0,60.3,38.7,54.9,55.0,55.1,8.5,47.1,49.3,39.0,14.5,65.2,189.2,75.8,46.7,115.7,124.1,20.0,24
23.5,41.5,35.5,51.6,105.0,40.0,155.6,104.2,86.4,66.0,21.5,56.8,35.0,43.7,47.1,51.3,7.4,41.4,45.1,38.1,14.5,61.4,179.5,64.7,48.1,90.0,87.6,17.8,21
22.3,42.9,30.2,49.1,92.6,36.0,156.8,92.5,95.6,55.9,21.6,55.0,33.1,41.1,45.2,55.9,7.3,34.1,38.7,39.6,16.2,65.9,179.8,54.2,43.5,75.7,68.9,17.3,19
23.4,39.7,33.9,47.3,96.3,39.8,148.9,92.9,84.2,61.4,20.1,59.5,33.6,41.0,42.6,48.4,7.3,38.2,41.6,35.8,14.2,58.7,172.1,58.7,45.0,81.0,73.6,17.2,21
23.8,42.1,35.4,49.0,94.4,39.3,146.5,102.6,81.1,61.7,20.7,58.6,35.0,44.2,46.0,47.1,7.1,40.7,43.5,35.0,16.5,56.5,168.7,57.6,46.4,80.9,75.9,18.0,21
21.2,40.2,29.5,47.6,92.4,35.2,150.5,99.6,83.1,63.7,19.9,57.5,31.2,35.7,39.1,49.4,6.7,36.3,40.2,36.8,15.0,59.3,174.5,56.3,46.4,78.8,70.2,16.6,20
23.2,42.4,37.4,49.9,114.9,38.8,160.0,114.6,91.7,64.5,22.0,58.0,36.6,46.5,47.6,51.7,6.8,41.3,45.2,39.1,15.5,62.5,183.6,66.4,52.2,106.7,101.8,18.3,51
23.3,41.5,34.6,51.3,105.2,41.8,151.6,107.1,82.4,62.0,21.8,57.8,36.0,39.0,41.4,48.2,7.0,40.6,45.9,37.0,14.8,60.0,175.1,64.0,49.2,99.9,88.7,18.2,34
22.8,44.3,47.0,55.9,126.1,43.6,162.7,121.9,90.5,72.9,23.1,60.0,36.7,47.6,47.7,52.3,6.9,42.0,46.6,40.4,16.1,66.8,185.6,84.0,53.6,119.6,126.6,18.3,39
22.1,40.4,33.9,50.9,99.8,39.4,149.2,109.9,78.2,70.6,21.0,59.9,33.7,44.1,44.0,46.1,7.3,40.6,43.3,34.7,14.2,55.5,170.2,60.8,46.9,95.2,84.2,16.6,31
22.6,40.8,34.3,48.9,93.7,37.5,147.7,99.8,79.5,58.4,19.8,58.8,31.5,41.5,42.5,45.0,7.4,39.9,45.5,33.4,14.2,53.2,171.7,56.6,47.2,79.9,69.9,16.4,23
23.1,42.0,32.6,48.3,93.5,38.4,151.8,95.7,84.7,54.1,21.5,59.0,34.6,38.9,43.0,48.4,7.2,38.1,41.1,37.5,16.0,57.9,175.9,54.9,49.7,78.9,71.3,17.9,20
24.5,43.0,42.3,54.8,114.7,42.2,154.3,120.2,81.5,73.9,22.0,57.2,35.5,50.8,50.2,49.5,7.1,45.5,48.8,37.9,14.7,59.4,178.9,72.5,47.7,109.5,109.9,18.4,29
23.6,44.2,41.9,55.5,107.0,42.3,159.7,116.4,83.1,70.0,21.7,57.9,36.0,42.7,44.1,50.5,7.3,42.5,46.6,38.0,14.8,60.3,183.8,69.1,51.2,102.9,104.2,18.5,29
21.2,39.0,31.5,46.0,92.7,36.7,141.6,92.2,78.8,56.3,20.5,57.0,32.2,39.5,43.2,45.4,7.5,36.9,40.8,32.6,14.8,54.4,163.9,57.9,43.5,77.2,63.3,16.3,20
25.6,39.9,36.5,50.5,105.7,45.5,144.0,109.6,80.2,62.7,21.2,60.8,36.3,43.7,43.9,45.8,6.8,39.5,42.6,34.0,13.5,57.1,167.4,66.8,42.5,101.7,92.1,17.2,44
23.0,42.9,38.0,52.9,106.7,38.3,151.2,113.7,77.0,72.8,21.8,57.7,33.4,49.5,50.3,45.5,7.5,44.0,48.3,34.8,15.1,54.9,174.5,65.4,49.4,102.3,95.5,17.9,38
21.8,42.9,34.2,51.8,95.2,37.3,142.6,99.4,80.1,64.5,22.2,55.4,32.2,42.3,44.7,44.3,6.7,38.7,42.8,36.5,15.5,56.7,166.2,57.5,43.6,81.7,70.9,17.5,21
23.3,38.8,36.7,47.5,98.9,38.7,142.8,101.6,79.1,56.2,20.4,57.8,33.0,43.2,44.0,45.5,7.1,39.8,43.5,34.1,14.0,56.4,167.4,63.5,46.1,87.7,77.3,17.3,19
24.4,40.4,33.6,48.2,103.3,39.6,144.5,100.5,81.3,63.1,20.9,57.3,33.5,38.5,41.0,44.9,6.6,41.2,44.1,35.2,14.2,56.8,168.8,62.4,45.2,92.6,78.1,17.0,25
25.7,41.4,37.5,52.2,113.3,44.1,150.5,115.0,80.8,63.7,21.7,58.2,36.3,42.7,44.5,47.4,7.8,39.2,42.9,35.3,15.1,57.0,174.4,70.4,52.1,114.9,101.7,18.5,31
24.3,42.4,42.0,54.6,109.1,41.8,153.0,112.4,82.3,73.7,22.5,58.5,35.6,41.2,43.1,46.5,7.1,44.8,48.2,35.2,15.0,55.0,177.3,70.2,49.7,103.0,102.8,18.8,28
23.6,42.6,40.4,51.5,100.4,39.5,160.9,109.3,92.0,69.1,21.4,57.0,36.0,46.3,46.7,54.8,7.9,38.5,42.5,38.3,15.7,64.3,183.5,67.0,46.2,87.0,91.0,17.8,25
23.6,41.8,33.5,51.0,98.6,38.3,150.7,101.8,84.8,63.4,21.7,57.5,34.9,42.3,44.4,49.0,6.8,36.5,39.0,36.4,15.9,59.0,173.6,62.1,46.3,88.4,78.7,17.4,36
21.5,39.4,36.2,49.5,98.8,39.0,143.7,102.0,78.0,63.0,21.2,59.0,32.7,44.3,45.2,45.1,7.3,39.4,42.8,34.4,13.8,56.5,166.8,62.6,46.3,95.5,78.1,17.2,32
22.5,43.2,35.5,54.8,104.9,38.7,155.8,113.8,88.7,71.3,21.0,56.8,35.4,48.9,49.7,50.7,8.5,42.2,45.9,37.8,14.9,60.5,179.1,63.6,46.7,104.2,93.1,17.8,28
22.6,41.5,34.0,49.8,97.2,38.2,155.2,101.2,86.5,62.3,21.7,57.0,34.0,40.5,43.2,50.7,7.3,37.3,42.4,38.0,14.8,61.8,181.6,60.4,48.0,92.4,79.3,17.7,33
22.2,39.2,35.0,48.2,102.6,39.2,152.3,102.3,84.7,65.6,21.1,57.0,33.5,39.5,41.2,48.7,7.5,38.2,41.8,34.6,15.2,57.2,178.1,64.3,47.0,94.4,81.2,17.6,29
20.5,41.1,29.5,46.2,86.5,34.6,151.7,91.1,84.9,57.3,20.0,55.3,33.3,38.0,41.0,47.4,7.0,37.2,41.8,36.0,15.2,59.2,175.9,49.7,47.5,75.9,62.1,16.4,22
22.2,38.3,34.3,48.0,93.7,37.9,145.1,103.7,81.2,59.3,20.4,55.3,33.9,41.0,40.5,45.6,7.1,38.4,41.4,34.0,14.0,55.3,167.3,58.8,45.3,89.7,75.8,17.5,26
22.0,40.8,31.4,51.5,94.4,36.4,150.0,100.6,83.7,63.5,20.5,56.5,32.1,45.0,46.7,47.5,7.0,39.2,42.9,37.5,14.6,62.1,173.4,56.4,44.4,85.2,74.5,17.6,21
20.3,39.5,35.7,52.1,98.9,35.5,141.5,109.2,74.0,67.5,19.6,59.2,31.6,42.5,43.4,42.1,6.7,41.2,43.5,33.6,13.5,54.1,164.0,62.9,46.5,100.1,81.9,16.2,28
22.0,41.0,32.4,48.5,96.8,37.6,143.2,97.2,76.2,62.3,19.8,56.1,31.3,39.5,42.7,43.4,6.7,37.1,41.4,34.5,15.4,56.7,166.3,58.2,46.1,89.7,71.4,16.5,28
23.5,42.4,38.9,53.4,109.9,40.5,142.2,109.5,77.6,64.4,21.5,57.0,34.5,45.6,46.5,46.6,7.2,43.3,47.0,35.4,14.8,56.9,164.6,67.6,42.9,95.1,86.5,16.7,40
24.9,43.7,40.4,52.9,112.0,44.0,158.4,123.3,87.5,71.3,21.4,58.0,36.5,50.6,51.0,52.2,7.4,44.0,48.2,37.7,16.0,62.2,181.0,68.7,52.9,109.3,109.1,19.2,19
22.7,39.9,34.6,47.1,98.1,37.4,148.6,103.3,82.4,61.5,20.7,57.9,32.9,39.5,42.4,46.1,6.8,37.8,41.2,34.7,14.1,57.1,170.1,61.4,48.4,93.1,78.0,16.7,19
24.2,43.6,37.4,51.9,104.2,39.5,160.9,107.8,90.9,67.9,22.3,58.0,36.0,45.6,47.3,51.9,7.4,38.2,43.1,38.3,15.9,63.3,185.0,63.7,48.8,93.8,94.2,18.5,20
23.0,41.6,39.5,51.5,98.9,38.8,152.1,107.1,83.7,62.7,21.7,59.2,34.6,42.5,43.5,47.6,6.6,41.1,44.7,36.0,15.3,58.4,176.4,60.1,47.8,88.4,83.2,18.2,30
21.6,44.5,31.0,51.8,104.4,36.0,162.9,102.9,91.6,67.6,20.5,58.8,33.5,43.5,47.0,52.4,7.8,41.0,44.6,39.5,17.0,62.8,186.3,60.3,48.5,94.8,83.8,17.3,26
25.3,43.0,37.2,54.0,109.7,42.8,152.3,114.5,82.6,65.3,22.2,57.4,35.6,49.9,49.4,48.4,7.2,40.4,44.5,38.2,16.0,61.2,176.4,67.9,48.8,107.8,98.7,19.0,19
23.5,42.5,36.4,51.6,106.9,37.6,158.4,113.2,88.0,66.8,21.7,59.6,36.1,48.5,48.3,50.7,8.2,41.9,44.7,38.2,15.6,62.0,181.1,64.6,52.0,103.4,95.8,18.1,42
25.4,40.5,36.8,50.3,110.0,42.0,154.9,103.5,84.5,69.7,22.0,59.4,37.3,43.5,44.7,49.7,7.7,39.5,43.9,37.8,14.4,61.0,179.5,68.7,46.8,96.9,96.2,18.5,20
21.3,38.2,28.5,44.4,87.8,35.5,137.2,87.2,75.5,54.2,19.5,55.8,31.2,41.2,43.5,43.8,6.0,36.7,40.9,32.7,13.5,54.5,158.3,53.1,43.2,74.7,54.5,15.6,21
24.0,40.9,32.6,47.2,100.5,39.4,153.3,100.3,85.6,62.4,19.7,57.8,33.7,47.6,48.9,48.5,6.7,37.7,41.7,37.6,15.8,60.5,176.8,58.3,46.3,87.8,77.7,17.5,19
24.3,43.6,32.9,51.8,96.4,39.5,164.3,107.7,95.1,60.6,21.3,57.6,36.0,41.6,43.9,53.7,8.0,39.6,44.2,39.6,15.0,63.3,188.6,58.1,49.6,87.2,81.9,18.3,20
24.2,39.9,37.7,52.2,109.0,42.5,144.0,111.0,79.6,62.3,21.4,58.8,34.8,41.4,42.7,44.7,7.5,39.3,42.8,32.7,15.0,53.5,168.1,66.2,47.5,105.4,88.5,17.9,42
23.0,41.1,35.5,50.4,98.8,39.2,147.4,103.1,80.5,60.7,20.3,55.6,34.3,43.4,44.6,45.5,7.0,38.6,43.1,35.2,16.0,55.1,169.8,61.9,46.0,91.4,79.1,17.0,42
21.3,40.3,37.5,51.3,103.5,37.3,148.2,111.7,78.6,66.1,21.2,55.5,33.3,45.5,46.3,46.8,7.0,41.7,45.1,35.3,14.2,57.0,170.8,63.8,49.6,101.2,86.8,16.8,35
22.8,40.9,38.3,52.9,102.7,39.7,142.2,115.3,80.5,56.5,21.1,57.3,35.3,42.8,43.0,46.4,7.2,41.2,44.2,34.6,14.4,55.9,164.2,61.2,46.5,105.9,85.4,17.9,45
25.0,44.2,37.9,54.8,112.2,42.3,153.6,109.7,81.5,71.0,22.3,57.7,35.7,45.0,47.5,47.1,7.2,41.9,47.2,36.0,15.7,58.0,178.9,71.4,50.2,104.6,100.8,18.6,28
21.1,41.0,35.1,49.6,101.7,37.3,144.6,107.8,77.6,66.8,20.0,56.1,32.4,46.0,46.4,44.7,7.0,39.9,42.6,33.4,15.5,53.7,166.4,60.3,47.9,104.2,80.7,16.7,46
24.1,45.3,37.8,54.2,105.4,40.7,162.8,114.2,90.9,66.1,21.6,59.3,36.6,49.0,50.9,53.6,8.6,44.0,46.0,37.8,17.2,62.5,188.0,65.5,52.5,104.7,102.1,17.6,27
22.6,41.9,36.4,50.8,100.5,38.7,151.3,114.3,82.0,64.0,21.6,57.0,34.3,45.5,46.0,48.8,6.7,41.2,44.3,36.2,14.2,58.6,174.0,61.1,49.1,103.0,92.2,17.4,33
20.8,42.4,30.0,48.2,91.8,35.1,147.6,94.6,86.1,51.4,21.3,55.8,32.8,40.6,43.5,49.9,6.6,35.4,40.1,36.1,16.3,60.8,171.0,55.8,45.4,83.5,65.6,17.5,42
23.5,41.5,34.5,51.7,103.3,41.6,149.6,104.6,82.4,66.7,21.6,57.6,33.0,39.2,41.3,47.7,7.7,39.0,42.8,36.1,15.0,58.2,173.8,64.5,47.4,97.5,86.4,17.5,22
22.5,40.3,38.8,50.7,101.8,37.6,152.2,102.7,83.2,67.9,20.5,56.3,31.8,44.3,45.7,46.9,6.7,37.6,41.6,34.1,15.7,56.7,177.7,67.9,44.0,91.1,81.2,16.8,28
22.3,40.9,33.1,48.6,96.1,38.7,139.3,100.6,75.8,60.1,20.0,54.5,33.6,35.2,38.7,44.2,6.9,37.9,43.1,33.8,14.0,54.4,161.3,57.3,44.9,94.5,70.9,16.6,43
22.8,41.4,36.5,52.3,103.3,40.3,141.7,113.9,75.4,67.7,20.0,59.0,33.8,47.8,46.5,43.8,6.7,41.5,44.8,33.0,15.2,54.6,164.9,64.6,46.3,103.6,87.0,17.5,29
23.4,42.9,35.4,50.0,97.9,37.8,155.1,97.6,87.9,63.3,21.4,56.6,35.7,43.7,46.3,48.7,6.8,38.7,42.4,36.4,16.4,59.7,178.6,61.5,46.3,78.0,78.0,18.0,24
21.0,40.2,34.2,48.1,96.1,36.8,149.7,100.4,85.0,56.4,19.6,55.8,31.7,40.0,43.6,50.2,6.5,36.8,41.2,36.9,15.2,60.3,173.0,57.5,45.5,90.9,73.4,15.8,33
23.1,43.6,34.1,51.4,102.6,38.2,152.3,103.3,85.1,62.2,19.3,56.5,33.0,43.7,47.3,50.3,6.5,39.8,43.1,36.6,16.7,57.7,176.3,63.1,47.7,92.9,81.9,16.7,19
21.1,41.3,28.1,45.8,88.5,34.0,152.0,90.2,84.9,61.4,20.1,55.8,33.0,40.3,44.3,47.3,7.0,35.4,39.5,35.6,16.9,59.5,176.8,49.3,44.2,72.3,61.8,16.5,20
22.5,42.0,32.2,48.7,94.3,37.5,158.5,96.7,90.3,57.3,20.2,57.4,33.4,42.6,45.5,49.6,7.0,37.5,42.3,37.5,15.9,61.0,183.4,55.0,47.8,80.9,73.2,17.6,19
21.8,41.2,31.2,47.3,91.4,37.8,153.3,96.8,86.5,58.3,21.8,54.5,34.3,43.5,46.4,50.3,7.2,37.5,41.0,36.8,15.9,61.4,176.7,54.0,46.6,76.9,68.2,17.6,20
26.2,43.5,34.6,49.5,101.4,45.8,160.6,102.1,92.5,64.0,21.9,59.0,37.1,41.9,46.7,53.3,7.8,39.1,43.2,37.7,17.3,60.3,184.4,66.0,48.9,95.5,91.0,19.0,21
25.0,43.8,31.6,50.4,98.6,40.5,158.9,99.0,88.2,65.3,20.4,55.6,36.6,43.7,45.5,49.6,8.0,36.7,42.1,37.9,16.2,62.5,185.9,56.6,47.5,79.9,79.5,17.9,20
24.3,41.9,37.2,51.0,103.3,38.9,151.3,106.1,81.6,64.2,22.9,57.6,36.0,45.6,46.8,45.3,7.2,44.2,47.1,36.2,14.4,57.2,174.0,62.8,48.1,93.3,85.9,18.9,20
23.0,38.0,32.0,45.9,94.2,39.3,145.7,94.1,80.6,62.8,21.6,56.4,33.1,39.5,41.0,45.5,6.5,37.4,40.6,35.4,13.5,56.4,170.4,55.9,45.5,80.8,69.4,16.9,19
25.6,42.8,38.9,55.3,109.3,44.1,156.6,124.0,87.9,67.4,21.6,62.2,37.1,49.0,49.0,51.5,7.8,41.9,45.0,37.9,15.1,60.0,180.7,68.0,49.9,107.0,107.5,18.9,21
21.6,39.9,32.5,46.5,95.2,35.8,147.9,94.2,83.4,60.6,20.2,56.7,32.3,38.5,41.4,47.1,6.3,36.7,39.8,34.8,15.1,57.2,171.8,55.3,43.2,75.3,65.7,17.0,18
22.3,41.5,32.5,48.4,94.1,35.8,151.3,95.8,82.4,64.9,19.7,55.3,33.3,42.6,44.8,47.5,7.9,36.8,41.5,37.0,15.3,59.4,175.0,56.7,46.2,80.3,69.0,16.9,19
21.7,40.8,34.4,47.9,93.0,37.0,148.9,99.8,82.6,58.5,20.8,56.7,33.1,41.0,43.7,48.0,7.1,37.8,44.0,34.6,15.2,56.6,171.6,55.6,47.7,86.3,70.0,16.6,36
25.0,42.1,35.9,49.5,99.3,41.0,153.3,109.3,85.9,65.8,21.0,58.4,35.5,43.1,45.5,50.3,7.7,39.9,44.9,37.7,15.4,60.4,177.0,61.2,45.0,87.8,84.2,18.2,31
24.5,43.4,39.4,51.6,100.3,42.3,163.7,107.3,95.2,63.0,22.4,57.4,37.6,41.2,43.0,54.3,7.8,38.2,41.3,40.3,16.5,66.2,186.5,67.4,48.3,85.0,94.9,17.8,21
22.7,39.7,31.6,45.2,96.8,36.5,151.5,91.5,84.3,61.6,22.4,56.4,33.8,37.9,40.9,49.5,7.4,36.2,40.8,36.9,15.7,59.7,175.9,57.2,47.1,81.5,71.5,17.9,20
24.8,45.3,39.6,54.1,108.9,41.2,168.9,111.5,96.1,72.0,24.1,58.5,37.7,45.0,48.3,55.3,8.2,40.2,44.5,41.1,16.8,67.0,192.6,68.6,51.4,88.4,101.0,19.6,29
22.0,40.2,33.6,48.2,95.8,38.2,148.5,93.4,84.8,63.0,20.4,56.0,33.6,39.0,43.5,48.3,7.5,36.7,41.2,37.2,15.9,60.0,170.5,57.1,43.4,82.6,70.0,16.5,27
25.3,43.7,33.3,51.6,98.7,39.8,155.1,101.6,90.1,60.5,21.7,57.5,35.4,36.6,42.0,49.9,7.1,38.8,42.7,38.7,15.4,61.8,178.1,57.8,46.7,97.5,82.5,17.6,24
23.3,41.6,34.7,50.6,100.3,38.3,151.2,101.8,81.3,64.8,21.3,57.7,35.1,41.9,44.7,45.7,7.1,37.2,41.6,35.5,15.8,57.7,176.6,61.3,46.4,86.5,81.0,18.3,22
24.2,41.6,33.5,51.8,98.6,39.8,155.2,102.9,87.6,63.0,20.7,57.7,34.3,39.1,42.5,48.6,6.6,37.2,42.3,38.3,15.7,61.5,181.4,61.2,46.6,89.5,80.7,17.9,22
23.0,41.9,34.7,49.8,100.2,39.6,158.2,98.6,87.5,63.8,20.9,59.4,34.6,46.1,47.2,51.2,8.1,40.2,45.6,36.9,14.2,61.7,183.0,62.7,48.5,84.8,81.9,17.6,21
23.3,42.0,31.0,47.9,95.8,38.4,149.3,93.3,83.1,57.2,21.7,54.6,34.4,42.6,44.7,46.7,7.1,35.5,40.9,36.0,16.0,57.5,173.8,55.3,47.2,80.4,68.4,18.0,19
25.0,43.4,35.5,51.1,104.7,43.5,160.2,101.0,88.3,69.8,21.2,59.8,34.8,42.6,47.1,51.7,8.2,40.5,45.4,37.8,16.3,62.1,186.8,65.4,49.0,91.8,90.4,17.6,23
25.5,40.5,35.8,51.8,109.7,44.5,143.1,108.6,74.0,66.3,21.0,54.0,34.5,41.7,43.8,45.1,6.8,38.7,42.7,34.2,15.2,54.5,166.8,69.7,47.8,106.0,90.6,18.3,37
23.8,45.3,39.7,54.1,117.5,41.9,163.1,114.4,89.2,68.9,20.7,58.4,36.2,41.5,44.3,54.7,7.3,41.4,45.9,38.9,16.5,64.6,185.3,70.7,52.5,107.5,109.4,17.8,39
22.2,39.7,36.3,51.6,106.8,39.0,136.5,106.7,71.5,64.7,19.3,56.8,31.7,44.7,45.2,43.0,7.1,37.2,40.2,33.0,14.3,52.6,157.1,66.4,45.3,100.9,77.4,16.4,29
23.7,42.8,37.4,52.0,108.1,40.2,149.3,109.8,82.0,62.6,21.2,59.2,34.8,44.3,46.0,46.9,6.5,41.3,45.9,35.9,14.1,57.0,172.3,68.3,49.5,102.2,90.4,17.5,21
25.2,45.2,40.0,56.0,106.3,42.4,157.4,116.3,86.5,70.2,23.6,58.9,36.6,48.1,49.4,49.1,7.7,42.5,47.9,37.8,15.9,60.0,182.9,63.7,47.5,99.9,99.2,19.1,29
21.6,40.3,34.6,49.3,100.4,37.7,147.7,105.7,81.1,59.9,19.3,54.5,32.5,43.0,45.1,47.0,7.0,38.7,43.3,35.3,14.6,57.8,169.6,61.0,47.0,93.2,77.7,17.0,31
21.6,41.2,29.5,46.3,88.7,35.5,145.9,91.7,79.1,60.0,20.3,54.8,32.5,43.3,45.8,47.3,6.7,35.9,40.7,35.4,15.9,58.1,172.7,52.9,44.1,74.1,62.8,17.3,19
23.3,44.6,31.9,50.2,100.8,38.1,153.4,99.6,86.7,62.2,21.0,58.1,34.7,42.4,44.5,49.0,7.2,38.8,43.8,37.6,15.5,61.8,178.5,61.6,45.7,87.9,79.1,17.9,19
21.4,39.0,32.3,46.0,93.6,37.0,148.3,94.2,83.1,59.5,19.7,59.1,32.8,37.9,40.0,48.1,6.8,38.4,42.3,35.7,13.3,58.1,169.8,57.0,46.4,80.1,66.2,16.7,21
23.9,45.7,34.9,52.2,102.2,38.6,158.5,103.4,86.5,65.1,21.3,57.0,36.0,41.3,46.3,51.9,7.7,37.3,43.2,37.6,17.8,63.0,184.5,61.1,49.9,97.3,86.8,18.4,32
22.2,42.4,32.6,49.4,97.2,37.1,151.6,102.1,84.2,60.5,21.1,57.4,33.3,42.8,44.9,47.5,7.5,39.1,44.0,38.3,14.9,61.0,177.2,57.2,47.5,88.0,76.8,17.5,28
23.7,43.0,33.1,52.1,105.7,41.5,148.6,109.3,81.8,61.5,21.7,58.3,34.6,45.5,46.4,48.5,7.6,41.9,45.4,37.0,15.9,59.0,171.4,61.5,47.4,102.9,85.6,17.8,38
23.0,41.8,39.0,55.2,101.8,41.7,153.5,119.1,89.3,67.7,20.7,56.5,35.3,47.7,47.6,51.2,7.5,40.2,43.0,37.3,15.4,61.7,177.2,65.7,45.2,100.4,94.2,16.9,24
22.7,42.0,35.6,50.7,97.9,38.4,149.9,100.7,79.9,60.1,22.4,57.8,34.5,41.3,42.4,46.5,6.7,40.2,45.1,36.3,14.5,58.7,174.7,59.4,49.5,86.5,79.9,19.0,36
23.1,40.8,35.7,49.5,103.7,38.6,150.5,103.4,83.0,62.6,21.1,59.6,36.4,45.1,46.5,51.2,8.1,40.4,44.7,35.9,14.8,58.6,174.3,65.3,47.6,99.0,85.6,18.3,32
24.0,41.1,37.2,50.4,106.2,42.7,153.4,106.8,85.0,68.5,22.2,57.3,35.6,41.5,42.3,47.9,7.1,40.0,44.5,35.8,14.4,60.4,176.6,65.0,48.2,98.8,89.9,17.9,29
23.4,45.8,46.6,61.1,115.6,41.0,156.3,132.7,84.0,76.4,20.6,58.5,35.5,55.0,54.4,49.1,7.4,45.6,50.9,37.4,15.8,60.5,180.0,74.2,50.0,118.3,120.4,18.4,27
20.7,41.6,33.2,50.1,93.6,35.0,153.3,100.0,84.7,58.9,21.6,60.1,34.3,42.5,42.6,48.9,7.2,40.2,43.9,37.6,14.6,61.6,178.4,57.4,47.8,82.0,74.4,18.1,28
23.7,40.5,36.3,50.8,96.1,36.8,153.8,111.9,86.6,63.4,22.2,57.5,36.0,42.9,44.4,48.5,6.8,37.5,42.3,36.4,15.8,59.0,177.3,59.2,44.6,80.6,80.9,17.8,21
23.1,41.1,33.0,49.4,94.4,36.8,148.5,100.2,82.8,56.2,20.0,57.5,32.1,40.8,43.5,47.5,7.2,38.1,43.4,35.7,15.0,57.6,172.7,57.8,46.5,84.4,73.2,17.3,21
21.7,40.5,33.7,48.7,102.1,39.2,148.7,99.2,81.1,62.8,20.2,55.6,33.3,42.7,45.0,46.8,6.5,38.1,42.1,34.7,15.4,57.7,171.9,62.8,45.5,91.7,77.8,17.0,31
22.6,39.3,29.3,43.7,86.7,33.5,153.4,87.5,84.5,59.1,20.9,55.6,32.9,38.3,40.9,47.7,6.3,34.7,40.6,35.7,14.0,57.9,180.1,50.7,47.0,72.5,60.3,17.5,23
21.7,40.7,33.1,48.9,94.4,37.7,151.5,99.3,85.6,59.4,19.8,58.3,33.7,41.0,42.7,50.7,7.4,39.2,43.2,36.1,13.8,59.2,178.1,56.8,44.3,83.9,72.4,16.7,28
23.6,41.2,34.6,50.7,102.7,40.2,148.7,105.1,82.0,63.7,20.7,57.7,35.0,43.2,44.3,46.0,6.7,39.9,43.4,36.1,14.5,57.5,171.3,63.3,47.8,98.6,83.0,17.8,37
22.3,40.8,39.5,49.6,96.6,37.4,150.8,98.7,81.5,60.5,20.7,59.5,34.6,39.3,41.5,47.0,7.7,41.1,43.8,36.3,14.8,58.0,174.9,58.9,48.0,85.5,78.4,17.7,24
21.4,39.9,31.8,48.1,91.1,35.0,140.1,101.8,78.0,56.6,19.7,55.3,32.8,36.7,37.8,44.2,6.9,37.0,41.8,33.1,14.0,54.5,161.9,53.3,42.4,87.7,66.3,16.4,21
21.8,40.2,33.7,50.7,95.3,35.9,143.6,107.0,76.7,54.9,20.0,56.8,33.0,44.0,44.8,43.0,6.7,40.3,43.5,33.4,15.2,56.0,165.8,58.0,50.8,96.9,76.0,16.5,38
22.7,41.6,38.8,52.6,105.7,40.2,157.4,104.4,91.3,65.3,21.8,60.3,36.2,41.2,43.9,53.5,7.8,37.3,42.0,39.0,15.0,64.3,182.2,68.4,45.1,93.0,93.7,18.0,32
25.5,38.6,38.1,47.0,105.1,43.5,149.9,105.2,79.6,67.2,20.8,58.2,34.0,39.7,41.5,44.9,8.0,41.4,42.9,32.2,15.4,55.0,173.0,69.1,49.2,99.6,93.1,17.7,28
21.8,39.5,34.0,49.4,96.3,37.7,144.1,106.7,76.2,64.2,20.3,54.4,31.8,43.5,43.9,44.5,7.1,39.6,42.9,33.6,13.9,53.7,166.1,61.0,45.0,92.3,75.6,16.2,30
23.1,42.5,35.4,50.1,100.8,37.9,159.7,104.8,92.7,59.5,22.2,58.9,35.5,43.1,45.5,52.6,8.9,39.5,44.3,37.0,15.4,57.8,185.8,59.1,47.8,87.2,83.3,17.9,27
22.5,42.1,33.0,48.1,96.4,35.8,153.3,100.7,86.2,64.1,21.2,56.8,33.2,43.5,45.5,48.9,6.8,40.2,44.6,36.6,14.8,58.3,176.5,56.4,42.9,85.8,75.7,17.8,23
24.5,44.0,39.3,53.0,105.8,40.0,168.9,112.2,94.4,67.2,22.2,59.7,37.0,42.2,45.4,54.0,8.4,38.3,43.3,38.9,15.7,63.5,195.2,66.8,50.1,94.7,100.8,17.9,26
24.8,44.7,39.4,56.7,110.4,40.2,156.6,121.3,88.2,67.7,21.3,57.8,35.3,47.0,48.5,49.4,7.7,42.6,46.2,35.6,16.6,57.0,180.0,67.3,48.1,108.1,104.2,18.4,20
21.7,39.7,31.2,46.8,94.3,36.0,147.0,94.6,77.2,61.7,20.7,58.1,32.2,41.7,43.6,46.1,7.6,36.2,39.4,34.5,14.5,55.6,170.8,57.0,46.5,79.3,69.2,16.6,18
23.4,42.5,38.8,53.8,102.8,38.2,151.6,114.4,80.4,67.0,21.7,57.5,34.6,48.3,48.7,48.2,7.5,40.9,44.2,35.2,15.9,57.8,174.9,62.3,47.5,100.2,91.0,17.9,31
24.0,40.5,36.3,51.4,104.9,39.5,143.2,111.3,77.4,59.9,20.6,57.7,33.8,44.1,45.0,46.5,6.6,42.5,46.2,34.0,12.9,55.5,164.9,64.6,47.7,101.2,86.1,17.3,33
22.4,41.4,35.2,52.9,102.1,39.5,148.5,109.7,80.2,62.4,22.3,56.8,34.0,47.3,47.2,46.7,6.5,39.7,43.9,36.1,14.7,58.1,170.5,63.0,47.0,97.0,83.5,17.9,35
26.2,43.3,39.0,52.2,109.6,44.8,160.2,111.4,88.8,70.4,21.3,56.2,35.7,46.0,49.3,51.3,7.8,39.0,45.5,38.4,15.0,61.7,183.6,68.2,48.6,99.9,99.4,18.5,21
21.2,40.8,29.5,45.9,89.9,36.1,157.7,94.2,89.5,57.2,18.8,55.8,34.2,37.0,40.9,51.7,6.8,33.0,38.2,38.7,17.1,64.3,182.5,52.0,49.6,77.9,64.5,17.1,20
21.0,39.3,33.6,47.2,87.7,34.0,142.8,96.4,80.2,57.8,20.2,54.3,31.5,39.0,40.6,45.6,6.6,36.0,41.1,33.7,13.1,54.8,165.3,52.8,42.7,71.5,61.3,16.8,26
21.0,41.7,32.0,48.4,94.6,36.4,149.0,98.3,84.2,59.7,20.7,57.9,33.1,39.6,42.3,48.1,7.1,38.9,41.4,36.9,14.6,58.9,172.0,57.3,44.4,86.5,70.8,17.2,30
22.7,41.5,37.2,51.4,110.2,38.3,147.6,112.4,77.1,67.2,21.0,55.5,33.7,43.0,44.6,46.7,6.7,38.9,42.1,35.7,14.9,57.7,170.8,68.9,46.2,102.6,88.9,17.5,28
22.2,42.4,34.2,51.1,102.6,39.8,149.7,105.7,80.0,62.6,20.3,57.3,32.9,45.7,47.1,46.4,7.2,40.5,44.8,35.1,14.9,55.0,172.5,63.1,47.5,99.0,83.6,16.9,25
26.8,47.2,37.2,57.2,112.0,46.7,160.2,125.4,83.6,77.4,22.5,62.8,37.5,53.3,55.1,50.1,7.6,47.2,50.1,38.2,17.4,61.0,183.5,70.3,52.9,113.0,118.0,19.0,28
22.9,40.8,33.5,50.0,108.2,39.6,150.9,103.4,81.9,67.1,19.9,56.2,33.4,40.6,43.0,48.2,7.5,41.2,43.6,36.9,14.4,61.2,172.8,67.6,48.6,97.5,85.9,17.2,22
24.7,40.8,35.5,52.6,106.0,40.2,152.1,110.0,84.4,66.5,22.7,55.7,35.2,45.9,47.5,46.5,6.3,39.2,43.3,38.2,15.1,62.4,174.8,65.6,47.8,95.3,89.2,18.7,27
21.9,41.4,32.3,48.9,95.4,35.7,156.2,97.8,90.6,56.8,22.0,60.0,34.8,39.0,42.5,50.5,7.1,38.4,42.2,38.4,15.4,60.9,180.5,55.3,45.8,83.0,75.1,17.2,28
21.4,41.4,35.0,49.0,96.3,36.9,150.6,107.1,84.1,56.0,21.5,54.7,32.3,37.0,40.3,48.1,7.2,40.4,43.9,34.6,15.3,56.8,173.5,57.1,51.4,91.7,77.8,16.8,40
22.6,40.6,32.7,50.2,102.2,40.6,144.1,106.4,77.0,66.5,20.7,58.7,35.2,43.7,45.3,46.7,6.9,41.3,44.0,35.5,14.4,56.6,168.7,60.7,45.1,95.0,83.1,17.3,30
22.3,41.3,34.4,49.1,98.6,38.6,146.8,100.5,80.9,62.9,20.3,58.7,33.3,41.5,43.0,47.7,6.3,36.7,41.4,35.0,15.8,57.7,171.0,60.3,43.4,88.0,74.9,17.0,30
20.7,40.9,30.4,46.2,88.1,32.6,153.7,89.4,88.7,57.8,20.5,55.6,33.2,39.1,42.4,51.1,6.8,35.2,41.1,37.5,15.0,61.5,178.6,53.4,44.2,71.5,63.0,16.6,22
24.2,42.2,37.0,50.8,101.7,43.1,151.3,105.8,80.1,65.1,21.5,58.7,35.0,41.0,44.1,45.7,6.7,39.3,43.6,35.9,15.3,58.8,175.1,61.7,48.7,89.1,88.0,18.0,33
21.7,39.7,33.9,47.8,95.5,34.0,150.5,99.8,84.1,61.0,20.5,56.3,32.7,44.5,45.6,49.9,7.2,40.0,44.2,35.5,14.3,57.5,175.0,57.2,45.6,84.8,72.2,17.0,28
21.7,40.7,30.1,46.0,90.1,37.0,150.8,89.3,84.2,54.9,20.7,54.7,32.1,36.7,39.7,48.0,7.9,33.0,37.9,36.3,15.6,58.6,175.8,52.5,47.8,76.7,62.1,17.3,18
21.5,40.4,33.1,49.2,95.2,38.2,153.8,101.2,86.7,58.3,21.4,57.8,33.1,42.4,44.5,50.2,7.7,38.0,42.3,38.3,14.2,62.1,178.5,57.1,47.2,86.0,75.0,18.0,20
25.2,42.6,37.6,53.2,114.0,44.5,153.3,109.9,84.2,62.6,22.7,56.6,36.4,41.7,44.9,48.2,7.6,40.4,42.5,35.9,15.4,60.0,176.3,68.3,51.0,106.9,96.9,18.4,41
22.0,41.7,36.2,52.2,103.1,37.7,148.4,112.5,80.2,67.6,20.7,58.2,33.9,42.6,44.9,46.3,7.0,39.6,43.4,35.0,14.7,54.2,170.8,62.7,44.6,97.1,85.4,17.4,33
22.7,43.1,39.3,51.4,105.5,40.1,152.2,108.0,81.5,67.3,21.2,55.9,33.2,44.3,44.8,48.0,6.8,40.6,45.2,36.7,15.9,58.0,176.3,64.4,47.4,98.1,90.7,17.7,38
22.3,41.8,37.3,53.5,98.4,37.6,151.2,112.2,82.7,61.4,21.7,56.6,33.0,47.0,47.4,46.6,6.3,40.2,44.5,38.1,15.1,60.3,175.0,60.7,47.1,94.9,85.8,17.5,29
22.0,40.9,34.1,50.0,102.2,38.8,147.3,107.9,76.5,62.3,20.6,55.1,32.2,46.1,47.5,45.8,6.6,39.8,42.5,35.1,16.0,56.6,171.0,61.6,51.3,105.5,86.6,17.3,39
23.1,44.5,36.9,52.9,101.7,40.0,156.4,111.5,89.8,57.6,22.0,59.7,35.3,46.1,48.2,51.9,7.0,41.8,47.6,38.0,15.0,62.4,180.3,63.2,48.5,98.0,92.7,17.5,20
23.3,43.0,37.4,55.3,107.3,40.0,150.8,113.7,83.8,68.0,20.6,58.0,32.8,45.3,48.1,48.7,6.8,40.5,43.1,37.5,16.7,60.0,172.5,64.2,46.5,100.9,91.0,18.0,34
22.9,46.0,35.8,54.9,106.7,41.9,158.0,114.4,88.1,60.3,20.9,58.5,34.2,48.3,50.7,51.0,7.8,40.0,44.5,38.9,16.7,61.8,181.7,62.6,50.8,101.8,94.2,17.7,33
20.5,39.0,32.1,47.6,95.8,35.0,149.0,100.8,81.9,57.4,20.7,55.7,32.7,35.0,37.2,49.2,7.3,37.0,40.9,36.5,14.1,59.5,172.3,57.4,49.6,94.7,73.6,17.2,29
21.1,40.7,31.9,48.6,92.8,34.3,138.2,100.2,75.4,55.7,20.1,58.8,31.1,44.2,43.9,43.3,7.0,40.4,43.5,33.3,13.6,54.5,159.8,57.0,46.7,89.9,66.6,16.0,24
22.3,41.8,37.5,48.7,99.1,38.7,150.2,98.6,84.1,58.8,22.1,57.8,34.6,41.2,45.0,49.9,6.8,40.0,42.8,36.4,16.8,59.2,171.7,62.6,45.9,80.5,78.4,17.6,26
25.8,45.5,42.7,59.7,117.8,46.0,150.8,127.2,79.0,70.1,22.6,57.3,35.7,52.4,52.9,47.3,7.6,47.6,51.4,34.3,15.6,55.8,173.7,76.3,50.3,118.9,120.8,18.7,22
24.5,41.1,35.9,50.9,106.8,40.8,158.2,112.8,83.1,71.2,20.7,58.7,35.2,48.1,47.9,49.4,7.5,39.9,43.9,36.3,15.1,57.6,181.4,67.1,52.4,112.7,99.9,17.7,24
22.6,42.2,35.0,50.6,101.8,38.5,149.5,109.7,79.7,63.4,19.8,58.8,33.5,42.2,44.1,47.5,6.3,40.5,43.7,35.1,15.7,56.0,172.1,63.7,47.9,95.1,80.4,17.6,29
23.7,43.3,37.8,53.4,104.7,41.7,157.6,108.7,87.5,62.0,23.3,59.5,35.4,41.5,43.9,50.2,7.1,42.4,45.8,39.9,15.3,64.2,181.8,64.2,51.8,100.3,95.1,18.8,37
23.3,43.0,40.7,53.1,103.2,38.7,149.8,108.1,82.6,62.5,21.3,57.4,33.4,46.0,47.0,48.7,7.5,40.9,45.9,36.2,15.1,58.7,173.5,65.8,47.4,94.6,88.0,17.7,31
22.0,43.7,33.5,51.1,98.0,36.9,153.4,103.6,82.0,63.5,21.0,57.2,32.2,41.7,46.0,47.4,7.2,37.6,40.4,36.3,17.5,58.1,176.0,57.7,48.7,86.4,75.7,17.9,25
22.1,43.2,31.7,50.9,100.1,38.5,156.5,107.4,85.0,68.6,20.2,58.5,32.7,42.3,44.5,49.6,6.6,41.5,45.5,35.9,15.6,58.3,179.3,59.7,45.1,93.9,81.9,17.0,22
25.2,43.0,37.1,52.9,111.8,40.7,151.2,117.4,81.6,70.5,21.1,55.5,34.4,47.1,47.5,46.7,7.3,40.1,44.2,36.4,15.9,60.2,172.2,69.3,48.2,105.1,97.2,18.0,25
22.6,43.8,34.0,52.1,103.6,39.7,160.3,115.3,88.7,65.1,20.5,58.0,34.3,46.7,48.7,50.2,6.6,42.3,45.9,37.2,16.3,59.3,185.0,64.3,52.8,101.0,94.5,16.9,21
22.4,43.8,37.6,53.7,103.9,40.3,148.9,113.3,77.1,65.7,21.2,57.5,34.0,47.5,48.6,45.2,7.0,39.9,43.6,34.6,16.6,57.2,171.9,64.7,52.0,94.7,91.2,18.3,20
22.1,42.0,40.1,50.3,92.9,36.7,151.4,100.3,83.0,57.6,22.1,55.9,33.1,40.4,43.4,48.1,7.0,37.4,42.6,36.6,15.7,57.9,174.0,58.9,48.1,78.4,76.1,18.3,34
22.1,41.8,38.4,52.9,107.6,39.6,148.2,111.4,80.7,65.8,20.5,58.0,32.0,45.6,46.0,46.0,7.1,40.2,44.5,35.6,14.8,57.1,173.1,66.0,47.5,100.7,90.2,17.1,27
21.5,42.9,36.8,51.7,98.9,36.3,159.5,104.4,90.6,65.3,21.2,57.6,35.0,44.1,46.8,50.8,8.1,37.6,41.9,38.1,16.3,61.0,184.2,61.0,48.6,87.3,81.3,18.0,29
25.9,43.5,39.7,54.5,116.8,46.4,155.1,110.6,86.6,68.8,21.3,60.3,34.7,45.2,47.9,48.1,7.3,42.0,45.2,38.1,16.5,60.9,180.0,72.8,47.7,105.6,106.6,19.0,21
22.8,40.4,35.5,49.1,98.8,39.0,147.7,101.1,81.1,63.7,20.7,57.4,34.2,40.2,43.4,48.5,6.5,39.2,43.1,33.9,14.2,56.1,171.0,63.4,45.0,91.8,78.2,16.1,28
23.6,42.1,39.6,52.5,110.8,45.6,154.8,111.6,80.9,70.2,21.6,59.4,34.8,45.3,45.9,48.0,7.8,43.5,47.7,35.9,15.8,58.5,180.3,67.7,49.8,103.1,101.8,18.1,40
24.4,43.1,37.6,50.5,100.3,41.0,155.5,100.3,86.5,60.8,21.4,58.9,36.2,44.5,48.2,49.3,7.3,38.9,43.2,36.6,16.0,60.2,180.0,60.1,48.5,86.7,81.8,17.9,24
20.6,44.0,40.0,52.6,104.1,37.5,152.6,111.6,88.9,68.2,20.1,56.7,33.0,45.4,47.5,50.9,6.8,38.3,43.1,38.6,16.1,62.8,174.4,63.7,38.6,91.9,84.7,17.8,40
25.6,42.4,39.5,54.7,107.7,45.6,149.4,120.0,79.9,65.3,22.3,61.1,35.6,47.2,47.3,47.2,7.5,41.5,44.7,34.7,14.9,56.5,173.5,64.9,47.3,99.7,100.5,19.3,27
24.2,40.4,36.2,51.3,111.0,40.2,147.8,109.0,79.4,67.6,21.7,58.5,33.6,46.0,45.8,46.0,7.5,41.9,46.0,33.6,13.5,55.1,170.6,68.9,48.9,107.0,92.5,18.1,38
21.6,42.1,32.6,47.8,88.1,36.7,146.9,93.4,82.1,56.9,21.5,57.3,32.1,40.9,44.1,48.2,6.6,38.6,42.9,35.0,15.3,57.0,168.7,53.1,44.5,79.7,65.1,17.3,23
24.0,42.7,34.8,51.7,102.4,39.0,156.5,108.3,85.9,63.7,23.6,58.2,37.3,46.5,47.5,50.8,7.2,40.9,45.5,36.2,15.7,59.2,180.3,60.5,48.4,93.8,86.7,19.0,23
24.4,42.9,34.3,50.7,97.3,41.2,164.3,105.4,94.4,65.7,21.2,58.6,36.0,43.7,47.2,55.9,8.5,38.5,42.2,38.5,16.0,63.9,189.7,60.4,47.4,84.5,86.7,18.1,24
24.3,43.3,39.9,51.2,109.3,42.2,152.7,106.8,81.8,65.7,21.5,58.8,34.7,45.5,47.2,46.8,7.2,39.1,43.7,35.4,16.0,56.8,176.8,67.1,50.1,94.5,91.4,18.6,32
21.4,40.5,33.7,48.2,107.3,36.0,142.1,100.3,75.7,64.6,20.3,56.9,32.0,43.0,46.0,42.2,6.8,40.0,43.3,33.7,14.8,53.5,165.2,65.7,46.9,97.7,77.1,16.8,25
21.6,42.2,30.8,48.1,88.0,35.6,151.5,93.2,86.8,57.7,21.7,57.4,33.0,45.0,48.1,49.7,7.2,36.2,40.7,36.3,16.4,58.9,174.9,51.5,45.0,75.3,63.5,17.5,23
23.9,41.1,35.0,50.1,105.7,43.3,152.6,107.1,81.8,58.0,20.1,56.6,34.7,43.3,44.7,47.3,7.4,39.5,42.4,36.0,14.9,56.2,177.2,65.2,52.4,100.2,87.2,16.4,27
22.2,41.5,36.3,52.6,103.8,39.2,156.8,110.7,85.6,61.2,21.8,57.3,35.3,42.3,44.0,50.6,8.2,39.5,42.0,38.2,14.6,62.4,178.8,61.0,51.8,100.0,89.4,17.8,36
24.1,43.0,36.2,50.1,103.4,37.4,156.8,102.8,89.7,63.4,22.0,58.4,37.3,39.5,43.3,50.9,8.2,39.7,42.9,36.5,17.5,59.5,183.3,61.9,46.0,88.1,86.6,18.3,21
23.4,42.8,35.6,50.9,107.0,40.0,150.8,102.4,82.2,66.0,22.1,57.0,33.8,43.0,46.1,46.8,6.9,39.0,42.0,35.3,16.3,57.4,176.0,63.3,48.0,90.7,82.9,18.1,29
19.6,38.3,33.8,43.8,90.5,33.4,142.5,96.8,79.3,57.6,20.0,54.6,31.7,38.8,41.2,46.0,7.3,34.9,37.3,33.8,15.2,55.0,166.2,51.2,45.0,80.0,60.7,16.0,33
23.3,43.0,36.1,52.1,108.0,43.5,165.4,116.1,94.5,64.6,21.4,57.6,36.7,43.1,44.9,53.9,6.7,41.4,42.8,40.5,16.6,66.1,189.9,64.3,50.0,103.9,102.9,18.5,26
21.7,41.9,33.6,48.5,92.6,35.7,145.9,99.9,81.2,58.4,20.6,56.5,33.0,37.5,41.0,46.2,7.2,38.6,43.0,36.2,14.7,59.0,170.0,54.8,45.1,81.6,68.1,17.7,25
24.4,45.1,34.4,52.2,101.0,40.5,166.1,102.8,94.5,63.3,21.7,60.4,37.0,41.5,43.7,54.8,7.4,37.5,41.5,41.0,16.0,65.6,192.3,63.3,48.9,89.7,88.9,18.7,28
22.3,43.0,31.9,49.3,94.1,35.2,154.2,98.6,83.5,57.4,21.2,57.5,34.2,40.8,44.5,47.9,7.2,38.3,41.9,36.1,15.0,57.6,178.2,56.0,50.8,81.5,71.6,18.6,31
22.1,41.4,35.7,50.3,101.2,38.4,152.1,105.9,83.0,60.4,21.4,55.4,33.2,44.1,45.6,47.6,7.4,38.1,41.5,35.9,16.1,58.2,177.3,58.5,49.8,96.1,81.6,18.4,43
22.5,39.7,34.4,49.6,105.3,37.5,153.6,112.1,85.5,65.8,20.7,57.2,35.2,40.8,42.8,48.5,7.2,39.7,42.6,35.9,14.6,57.1,177.9,62.6,47.8,102.2,88.5,17.2,33
21.1,42.0,36.6,50.8,104.8,39.3,149.2,110.5,77.8,64.9,19.8,57.9,32.2,42.0,42.7,47.3,6.3,41.2,44.2,35.5,14.8,58.7,171.8,63.7,49.0,100.0,86.3,17.5,25
24.2,42.8,36.1,52.4,108.9,43.6,152.0,107.3,80.4,67.2,21.5,58.3,33.7,44.0,46.8,47.9,7.2,42.2,45.7,36.1,15.0,57.4,174.4,66.8,50.0,102.5,94.2,18.6,24
23.7,42.6,39.1,54.7,109.3,41.7,152.7,115.4,83.6,64.2,21.2,54.4,35.0,47.0,49.5,47.6,7.4,41.2,46.5,37.0,15.1,56.9,176.1,68.0,50.9,100.7,95.8,18.7,27
21.2,42.9,30.7,49.1,88.4,34.8,148.7,94.1,82.4,53.4,20.3,55.4,33.8,41.0,45.4,48.4,6.7,37.4,41.2,33.8,16.5,56.3,172.2,50.8,46.2,77.7,62.5,16.6,31
22.1,40.7,32.6,46.8,98.6,38.3,156.4,91.4,85.0,63.7,21.3,56.4,34.0,41.5,45.0,48.0,7.2,37.6,43.5,35.6,16.1,58.0,181.4,62.1,50.0,84.5,77.2,18.0,24
23.2,40.9,32.4,47.3,94.7,37.4,155.5,94.7,85.2,61.4,20.6,57.8,35.4,39.0,42.4,49.9,6.8,38.3,41.0,36.5,15.7,59.8,178.6,55.8,48.5,79.9,72.2,17.5,22
24.9,42.5,41.1,54.8,107.9,42.8,144.1,118.0,78.0,59.2,21.2,57.0,33.7,51.5,50.3,44.8,7.9,45.3,47.5,32.7,15.1,55.3,165.9,68.1,52.7,109.8,97.5,18.1,22
24.2,43.1,36.3,52.7,106.2,42.6,148.1,104.3,80.2,63.7,20.2,58.2,36.1,48.0,49.0,49.3,7.2,40.0,43.8,33.1,15.1,54.3,171.1,67.5,45.2,95.6,87.9,18.1,24
25.1,41.5,42.7,55.4,119.1,43.3,143.4,119.9,76.8,67.6,21.5,58.4,35.4,48.5,49.1,43.9,6.4,41.4,44.7,33.6,15.8,54.6,164.7,76.1,49.3,113.4,107.1,18.2,21
23.4,39.6,38.1,49.7,108.3,40.8,148.2,99.6,81.2,63.3,19.8,58.3,34.5,35.5,37.3,47.7,7.1,40.9,43.8,35.0,13.2,56.4,171.0,69.3,47.9,92.6,87.2,17.7,22
22.0,42.9,36.4,52.2,94.8,37.0,156.8,101.0,87.3,57.4,21.6,56.9,35.9,46.0,47.6,49.0,7.6,42.5,45.5,37.1,16.4,61.2,180.5,55.3,50.1,81.5,74.2,18.5,30
22.4,38.9,30.8,46.6,92.1,35.5,144.9,91.4,80.2,57.7,20.0,57.5,32.6,40.3,42.6,45.5,6.8,37.3,40.7,35.8,13.4,56.7,167.1,54.1,45.1,78.9,64.9,16.7,26
21.5,41.5,31.6,48.0,88.4,35.8,147.8,98.1,78.5,60.7,19.7,57.4,32.5,38.8,41.7,44.3,6.5,37.8,42.0,35.7,15.8,58.2,173.5,51.8,46.6,81.1,65.4,16.9,23
24.6,42.5,36.5,52.4,107.1,41.2,152.9,105.7,84.1,60.9,21.7,57.5,35.5,42.5,46.9,49.0,7.6,38.9,43.3,36.1,17.1,57.5,175.8,64.8,48.3,95.8,87.1,18.1,25
24.7,43.2,38.8,51.6,106.6,39.0,155.3,110.6,85.1,62.5,22.2,61.1,36.1,45.3,46.9,50.1,7.5,40.6,43.4,36.4,16.4,57.8,180.4,64.5,48.5,99.6,94.2,18.8,24
23.3,41.9,37.5,50.1,101.8,40.1,150.4,105.5,84.6,61.0,21.5,55.9,33.6,44.5,47.2,48.8,6.9,39.9,44.5,35.7,14.9,59.5,173.1,62.8,48.0,98.3,83.7,17.4,26
22.2,42.4,35.0,49.1,99.9,37.3,153.7,99.3,86.3,58.2,20.3,56.2,35.2,40.5,42.9,52.5,6.5,39.0,43.9,35.6,15.4,60.5,177.9,57.9,47.7,80.3,74.5,17.0,31
26.5,41.3,39.6,52.3,115.6,42.5,162.1,114.0,87.0,75.2,22.2,59.9,38.1,47.0,48.3,50.8,7.7,42.6,47.2,38.1,13.9,62.0,185.2,67.7,52.0,103.8,108.7,18.5,25
22.2,42.7,38.9,55.8,115.5,39.3,150.4,117.2,78.0,75.8,21.2,59.8,34.0,48.5,49.9,46.3,8.2,44.1,48.1,35.0,14.9,56.5,172.5,75.3,47.9,107.8,101.9,17.9,25
22.4,39.3,33.3,50.7,103.5,39.6,153.3,115.8,80.5,63.9,20.4,56.2,33.2,43.1,43.1,48.2,7.8,40.6,43.8,36.2,14.4,59.7,176.8,62.6,52.1,103.5,90.6,18.6,38
20.8,41.3,34.6,50.1,103.5,37.9,147.5,108.4,79.5,57.1,20.2,54.6,34.2,42.0,43.6,48.0,7.2,39.5,42.2,37.0,15.1,58.8,170.9,62.1,51.5,99.9,83.1,17.6,34
23.8,41.2,35.7,49.5,105.2,39.3,151.2,109.4,82.2,58.8,21.2,56.3,34.9,42.5,44.2,47.4,7.0,39.6,43.0,36.6,14.5,59.7,174.0,65.1,51.2,102.0,86.2,17.7,26
24.4,45.3,36.1,55.7,115.3,41.2,157.8,115.0,89.0,66.8,22.4,57.5,37.1,49.8,50.9,50.8,8.5,41.6,46.6,39.0,16.4,63.0,183.6,67.7,48.8,108.8,101.4,18.9,42
22.7,44.5,40.6,53.4,107.1,41.8,152.3,112.2,86.7,61.8,21.0,57.7,34.7,45.5,48.1,50.9,7.5,42.8,45.6,37.4,15.8,63.6,174.7,64.8,45.8,101.4,92.6,17.9,36
22.3,41.7,38.2,49.8,100.1,41.2,150.5,103.8,86.9,61.6,20.5,58.4,34.8,43.0,44.4,47.7,6.6,39.2,43.3,37.2,15.0,61.5,172.5,63.3,45.9,83.6,80.8,17.5,29
23.6,42.8,39.4,56.0,109.1,40.4,150.4,115.3,80.5,67.7,20.1,56.3,34.2,48.0,48.1,46.8,7.2,38.9,42.4,35.5,15.5,58.8,174.5,67.4,46.5,108.0,97.2,17.4,34
21.2,42.8,33.1,51.0,102.1,37.6,150.0,106.7,83.1,60.7,20.1,56.3,31.4,44.2,46.3,48.3,6.7,38.5,41.9,35.1,14.8,57.4,173.6,60.7,49.3,100.6,82.3,16.5,30
21.4,39.3,32.8,45.5,89.2,35.7,156.2,94.7,87.5,60.0,21.6,56.0,33.8,37.1,39.8,50.0,7.8,36.5,40.7,36.8,13.9,59.6,182.5,49.7,45.7,77.9,65.9,17.7,39
24.0,41.6,35.2,52.3,107.3,40.7,151.0,104.9,82.5,66.8,21.3,57.9,33.8,45.7,45.9,48.4,8.2,41.2,45.3,35.2,14.6,57.7,174.2,65.5,46.2,95.0,87.8,19.2,27
23.8,43.5,40.1,52.6,106.1,41.0,157.1,104.3,88.2,62.4,21.7,58.7,35.4,42.3,45.5,51.6,7.7,40.4,44.8,37.0,14.9,59.8,179.3,65.8,48.7,92.5,91.8,19.2,31
22.4,45.0,38.7,56.8,112.8,43.5,151.8,123.2,81.3,71.8,21.2,59.0,37.3,45.7,47.7,49.1,7.7,44.0,47.4,37.9,15.3,61.1,174.7,69.2,47.5,121.4,111.4,18.3,42
22.7,41.2,32.9,48.8,99.1,36.6,149.8,95.6,84.5,62.3,20.3,58.4,33.4,39.4,42.7,47.8,7.3,39.2,42.9,37.6,14.5,60.4,174.3,56.8,44.0,80.1,74.0,17.3,20
23.2,44.8,38.6,55.2,107.3,41.9,160.3,107.6,86.1,68.0,22.0,58.0,34.8,45.2,48.4,52.5,7.0,40.6,44.6,37.9,17.0,61.5,183.2,66.1,48.5,97.2,94.9,18.4,27
24.2,40.8,32.3,46.9,94.0,37.0,146.4,94.7,82.2,60.6,20.7,58.2,34.0,37.7,41.0,46.4,6.4,37.7,41.2,34.3,16.2,57.0,170.8,57.1,44.1,77.2,69.8,16.9,25
22.7,45.2,38.4,54.9,113.2,39.7,156.8,109.6,89.7,64.8,20.6,56.7,35.4,47.5,49.1,52.2,7.0,41.9,45.6,38.0,16.4,61.9,180.2,70.5,48.8,98.8,96.8,17.3,28
24.0,42.7,36.9,51.2,103.8,40.3,151.0,108.9,82.9,64.8,21.5,57.7,33.7,46.5,47.1,47.9,7.6,38.7,43.4,36.3,15.8,58.0,175.7,64.6,45.9,97.6,88.3,18.0,29
25.6,44.7,37.7,52.6,107.2,42.0,161.2,108.3,90.8,68.5,23.4,59.9,37.1,40.3,45.1,52.9,7.8,41.7,46.5,38.5,15.9,64.2,186.1,66.5,48.6,98.3,98.2,20.2,34
21.7,41.0,34.3,49.0,102.8,36.7,154.3,101.0,85.5,66.4,21.8,56.0,34.8,40.0,42.5,47.4,7.5,37.9,43.8,35.5,14.8,57.0,180.0,63.0,45.3,85.9,79.3,18.2,26
23.1,40.9,36.8,52.6,108.8,36.0,148.2,113.9,81.3,61.1,21.5,56.5,35.8,43.5,44.8,48.0,8.0,40.4,43.7,35.3,15.7,57.3,170.8,65.5,50.2,106.3,91.8,17.4,47
24.2,39.3,36.4,49.0,101.4,41.5,153.1,107.9,85.9,60.7,22.6,58.4,36.3,40.1,41.2,48.3,6.7,40.0,43.3,37.6,14.3,61.2,177.4,62.7,47.9,103.1,90.0,17.4,26
23.2,44.4,40.8,55.9,107.1,42.8,151.3,117.4,80.2,74.7,22.4,58.2,34.3,49.5,50.6,47.2,7.3,44.3,46.4,37.3,15.5,59.3,172.3,66.5,49.3,105.1,100.9,18.0,29
21.8,41.3,27.5,44.8,87.7,33.0,157.2,89.9,89.8,58.4,21.2,58.3,34.2,38.5,42.9,49.6,7.5,36.5,39.1,38.3,16.5,61.9,182.8,47.7,48.8,74.8,62.5,17.4,19
24.4,44.8,42.6,56.1,114.8,43.7,157.5,120.3,85.1,79.7,22.7,60.4,36.4,50.4,51.2,50.8,8.4,46.6,50.5,35.2,16.1,57.5,180.8,74.8,46.7,113.6,116.1,19.0,31
22.8,43.2,34.0,52.3,95.2,36.5,145.7,100.9,82.2,55.6,20.8,55.3,33.5,44.0,47.0,47.7,6.7,37.4,40.6,35.8,16.0,58.3,168.3,53.9,44.1,77.5,68.3,17.5,28
22.1,41.6,32.8,47.4,87.4,34.4,150.5,96.1,88.4,53.3,22.3,55.1,35.9,40.3,43.0,52.0,6.7,38.2,42.0,37.2,15.0,60.7,173.6,52.5,44.6,74.0,65.2,17.9,34
22.1,40.5,35.5,50.4,99.9,36.2,148.3,107.7,83.0,61.5,20.1,56.5,32.4,39.6,41.9,46.7,7.3,37.8,43.1,35.8,15.1,57.0,172.2,63.0,47.4,91.5,80.8,17.6,39
24.0,43.1,42.8,55.4,109.9,41.0,152.0,116.3,81.9,69.6,22.9,58.0,35.2,44.7,45.3,45.9,7.8,39.8,43.9,34.5,16.2,54.7,176.1,71.2,48.1,105.1,103.4,18.8,27
22.3,42.1,34.0,53.6,114.6,39.3,158.2,117.9,87.0,65.1,21.7,59.6,34.7,44.8,45.7,50.9,6.6,44.8,48.5,37.7,14.7,61.4,181.4,72.1,56.0,120.7,107.7,18.2,49
22.2,42.2,29.7,48.4,96.8,36.4,157.0,101.6,87.0,64.6,21.5,53.4,35.1,42.5,45.4,50.7,8.2,36.0,40.8,37.8,16.1,62.8,181.5,58.2,45.0,80.2,73.7,17.8,22
25.7,43.3,34.4,51.8,103.2,43.5,155.4,116.3,87.2,60.1,21.5,55.7,35.8,46.0,48.7,49.8,7.8,39.1,42.4,37.0,17.4,60.1,180.0,62.7,52.1,111.6,95.9,18.2,50
23.8,42.1,32.9,49.5,101.5,38.6,159.4,105.3,90.1,60.2,20.8,58.7,34.8,41.5,45.9,52.2,7.7,41.2,44.3,38.3,14.9,63.5,182.2,60.2,50.4,104.2,86.7,18.0,40
22.6,38.8,35.2,47.7,96.8,41.0,142.2,105.0,75.7,60.7,21.0,57.3,31.8,42.0,43.1,43.7,6.4,40.0,41.9,34.7,14.5,55.2,165.4,60.5,48.1,91.8,77.6,17.1,43
23.0,42.1,38.6,53.0,110.1,42.0,139.3,110.5,71.8,75.4,21.0,56.4,33.0,47.1,46.9,42.7,5.9,42.5,46.0,32.7,14.9,51.5,162.1,69.7,44.9,112.4,92.7,17.6,32
22.9,41.1,34.4,48.9,103.8,38.8,146.4,99.7,79.8,63.8,20.5,58.6,34.6,39.8,42.3,45.7,6.4,36.4,39.5,35.7,15.5,56.7,171.6,62.9,43.8,91.2,78.3,17.4,31
23.5,41.4,35.6,51.7,107.6,39.5,142.6,110.3,78.2,66.2,20.3,56.9,33.4,43.5,45.0,46.8,7.4,40.5,43.0,34.4,15.5,55.5,164.4,67.1,45.7,107.2,86.2,17.8,29
22.4,42.3,40.7,53.3,109.3,42.7,146.3,109.8,79.8,70.3,21.0,56.4,34.4,43.2,45.6,46.7,6.7,42.4,43.9,33.4,16.1,55.1,168.2,72.6,43.1,104.2,96.0,18.5,44
21.2,39.4,32.4,45.8,89.6,35.2,142.4,91.2,81.2,53.1,21.4,55.9,32.6,38.2,41.6,46.8,7.0,37.5,40.6,34.2,14.0,55.7,165.1,55.0,43.5,75.6,60.9,16.4,28
22.6,40.6,38.9,53.7,105.4,39.0,148.2,118.1,82.0,64.9,22.5,55.4,33.8,45.1,45.4,46.8,7.4,43.5,46.8,36.5,13.8,55.5,170.4,64.8,45.5,100.3,90.4,18.2,39
23.3,41.8,37.0,50.2,97.2,36.3,153.9,103.1,81.5,67.7,22.0,57.4,35.3,45.1,46.8,46.4,7.0,40.5,44.5,36.8,16.1,58.4,178.4,55.8,48.2,88.6,80.3,17.9,33
22.2,41.4,35.2,51.2,96.2,38.6,139.6,106.7,76.5,59.9,19.6,57.1,33.3,39.6,42.3,44.5,7.2,38.4,40.3,33.4,14.4,55.1,164.0,60.2,43.7,91.1,75.0,16.7,20
21.9,42.5,32.7,48.6,92.2,36.7,147.0,96.8,83.2,56.3,20.9,58.7,33.7,43.0,45.1,46.0,6.2,38.7,41.8,35.9,16.1,58.7,168.8,58.0,46.7,81.5,70.8,16.7,26
21.9,41.2,36.4,49.8,99.4,39.6,156.4,103.3,86.9,57.9,20.9,56.6,32.7,41.5,41.7,49.6,6.9,39.5,43.1,38.4,14.0,60.7,179.5,60.0,50.5,89.1,80.3,17.1,36
22.0,44.1,31.0,48.6,90.1,36.5,159.6,90.9,89.7,58.4,22.0,55.4,34.0,43.1,47.5,51.3,7.4,36.0,40.9,37.0,17.4,61.3,183.9,51.2,50.8,76.5,68.1,18.1,28
22.3,41.7,36.1,52.0,101.8,38.4,146.7,111.1,82.2,60.7,19.7,57.8,33.5,47.7,47.5,47.1,6.9,40.0,43.1,34.5,14.7,55.6,171.0,59.5,48.2,104.1,84.0,17.6,51
23.4,40.7,34.7,52.0,104.4,43.1,151.1,110.6,83.7,62.9,21.3,58.4,34.3,44.5,45.2,48.0,7.0,41.2,44.7,35.5,14.4,58.5,173.0,61.5,50.2,105.4,92.9,18.3,35
24.2,41.9,37.2,53.7,112.8,42.5,143.5,118.3,75.8,65.0,21.4,56.8,34.5,44.7,45.9,45.0,7.9,43.0,46.4,33.1,14.3,53.5,166.9,66.9,49.7,115.2,97.5,18.2,37
24.7,45.5,40.2,58.8,115.3,44.6,155.0,120.8,82.6,73.3,21.6,58.8,35.1,46.4,48.7,47.5,6.5,40.4,44.2,36.3,17.3,60.2,178.2,73.0,47.2,110.7,110.8,18.3,28
22.6,40.2,33.0,50.2,99.6,39.1,152.1,101.0,84.5,64.3,21.6,56.1,35.4,41.2,43.4,48.4,7.2,38.6,42.1,38.5,14.6,62.0,174.5,61.6,45.8,90.8,80.1,18.3,45
22.5,41.1,35.8,53.8,101.6,37.8,142.6,114.7,75.0,64.2,21.3,57.5,32.6,45.0,44.9,44.3,7.0,38.7,41.2,33.9,14.3,54.9,165.5,64.3,44.8,101.8,86.6,17.3,29
25.4,42.4,39.4,54.3,107.0,42.5,154.4,113.5,86.3,63.4,23.4,59.2,37.1,45.4,47.0,49.8,7.0,42.2,44.6,36.7,16.3,59.6,180.3,64.8,47.0,99.5,97.9,19.4,32
24.7,43.3,38.9,56.8,111.3,42.0,151.0,130.9,78.9,67.0,21.8,60.2,36.2,47.4,47.7,49.6,7.8,42.7,46.3,36.3,15.3,60.0,173.5,69.8,52.8,135.8,116.4,18.6,45
23.7,42.3,36.1,53.8,108.6,41.2,149.0,117.7,82.0,61.6,21.4,57.4,35.7,52.1,51.9,47.2,7.7,44.9,48.1,36.6,15.9,58.2,172.9,63.0,49.2,106.7,97.7,17.8,37
21.7,44.2,38.9,51.2,96.3,35.8,150.2,98.1,85.5,60.7,21.2,60.3,33.8,40.5,44.5,48.2,6.5,40.1,45.8,37.7,16.0,61.4,173.8,61.7,45.6,84.5,79.3,17.9,21
22.7,40.6,35.4,51.6,104.6,38.2,154.3,109.7,84.1,66.8,20.8,55.5,34.8,44.6,44.5,51.4,7.4,38.3,42.5,38.3,16.2,62.0,178.0,66.2,45.4,93.4,85.5,17.8,48
21.4,41.5,36.0,50.8,100.9,38.3,159.9,101.6,92.7,60.9,22.0,58.4,34.3,40.5,44.7,52.8,6.7,40.6,44.3,39.9,15.4,63.8,183.6,61.8,46.8,90.1,81.8,17.2,28
23.2,38.2,36.1,50.7,110.4,40.0,149.0,110.0,82.6,64.9,21.3,55.7,34.2,38.5,40.0,46.8,7.5,39.4,42.0,35.7,14.5,57.3,172.2,67.5,48.7,109.1,92.1,17.0,33
25.3,42.5,37.2,54.6,113.7,41.6,165.4,122.7,90.5,72.5,22.5,59.3,36.5,46.0,46.5,54.4,8.7,42.6,46.7,40.8,15.6,64.0,190.7,69.6,51.3,110.0,114.0,19.4,26
24.2,40.1,37.5,52.9,105.7,39.7,141.7,115.6,76.5,71.1,22.5,59.3,34.0,43.1,44.5,45.3,7.5,43.1,45.8,33.2,13.9,54.1,163.9,66.0,44.6,101.3,88.2,18.1,43
23.7,40.7,38.3,49.0,103.2,39.9,154.4,101.9,87.3,61.4,22.9,59.0,35.4,40.2,43.1,49.8,7.6,39.5,43.6,36.1,15.2,59.9,178.4,64.8,46.7,89.5,87.8,18.5,41
22.7,41.7,40.8,54.6,103.1,40.7,143.3,113.1,77.8,61.0,19.5,56.4,31.8,46.0,47.2,44.1,6.6,40.7,45.1,33.6,14.8,55.1,165.7,64.7,47.2,97.2,87.4,17.2,26
22.2,39.4,32.2,46.3,97.6,40.5,149.8,95.7,81.3,58.1,20.1,56.2,33.3,35.5,40.0,47.1,7.7,36.2,38.9,35.5,14.9,58.8,174.3,59.3,49.1,93.2,73.4,16.8,48
23.4,42.1,41.8,55.0,108.7,40.7,153.9,117.4,82.5,65.2,21.8,56.2,34.8,43.3,44.6,47.0,6.2,40.9,44.8,36.4,15.1,58.4,176.3,65.9,51.9,105.0,99.9,17.9,41
23.0,42.7,36.4,53.7,106.3,40.0,145.7,112.1,73.4,63.9,22.0,57.7,32.4,42.6,45.0,44.9,6.9,44.1,47.4,34.4,16.0,55.6,168.8,64.6,49.4,104.7,90.2,18.7,31
24.3,41.6,35.8,51.1,110.4,39.7,151.6,106.0,83.7,66.4,22.1,59.7,35.5,42.3,44.6,49.7,7.8,40.8,44.2,34.7,15.1,56.5,175.1,67.6,47.1,97.5,88.2,18.1,28
23.2,42.1,37.1,51.4,104.2,38.3,155.0,110.2,86.8,63.8,20.8,58.3,34.4,43.5,44.5,49.3,7.6,39.3,44.4,39.0,15.0,63.0,180.8,64.1,45.3,96.9,85.7,18.3,36
23.0,39.8,34.5,50.2,103.9,38.4,157.5,103.3,88.0,64.7,20.5,58.5,34.0,40.5,43.1,50.8,7.4,37.3,41.0,35.4,15.7,57.1,181.8,63.4,48.9,99.9,86.2,17.1,24
22.4,39.6,36.2,49.5,107.6,39.2,143.3,107.5,75.9,61.3,20.4,56.6,33.8,41.5,41.3,43.4,7.4,38.0,41.1,33.8,14.2,54.0,167.0,65.5,48.5,100.2,84.1,17.3,41
24.7,45.3,37.6,53.2,114.0,41.8,165.1,113.1,91.6,67.3,22.2,60.4,36.4,42.5,45.5,52.8,7.3,45.3,49.0,41.7,15.5,67.4,189.3,69.1,49.9,107.1,108.4,18.8,27
23.3,43.5,34.1,52.5,98.1,39.9,154.7,106.8,85.0,61.9,21.7,60.3,36.1,46.5,47.6,49.8,7.5,39.5,44.2,36.9,15.6,60.3,180.2,60.2,46.3,89.0,81.6,17.9,29
22.8,40.7,38.9,53.0,109.0,41.0,147.7,114.8,80.4,64.4,20.5,58.4,32.8,47.0,46.5,45.7,7.0,41.5,43.8,32.6,14.5,56.1,169.7,64.6,48.5,107.1,91.4,17.4,27
22.3,42.0,37.8,52.5,106.4,40.9,150.4,109.9,80.7,63.9,22.3,58.2,33.2,42.3,44.2,47.0,7.1,43.6,47.2,35.7,14.4,57.8,172.2,65.4,49.2,105.6,93.0,18.3,31
23.0,40.5,38.5,51.5,101.6,38.5,151.9,110.7,85.9,63.1,20.5,57.3,34.0,44.6,46.0,47.1,7.5,40.7,45.4,36.4,13.8,58.2,174.5,61.1,50.5,102.1,89.7,17.1,45
22.4,43.1,37.8,55.0,105.8,39.7,149.2,117.6,80.0,67.6,20.7,60.2,34.5,43.2,44.8,45.5,7.4,43.9,47.2,34.9,15.2,58.0,172.9,65.1,49.2,110.4,98.2,18.2,37
22.7,42.5,35.9,51.2,102.1,38.5,151.7,106.2,81.9,62.8,20.8,57.3,32.3,40.0,43.5,47.1,7.2,40.9,44.9,35.1,15.4,58.2,174.0,63.6,51.0,96.2,82.9,17.1,42
23.6,40.2,36.5,50.7,97.5,39.0,143.1,103.6,78.8,60.3,20.8,57.8,33.7,40.6,42.7,44.9,7.4,40.6,44.2,33.7,15.4,55.4,167.4,61.2,43.3,88.6,77.1,17.4,36
22.2,41.2,37.9,52.8,104.5,39.9,150.1,110.0,82.3,66.7,21.2,56.6,32.6,46.5,46.0,47.7,7.3,38.5,41.6,36.6,16.3,58.3,174.2,66.0,50.1,100.0,90.3,18.0,32
21.4,42.0,35.9,51.8,104.7,37.9,154.9,109.2,87.0,66.2,21.8,58.2,33.8,43.5,46.0,50.0,7.2,41.5,45.5,38.6,14.8,60.0,177.7,64.4,46.6,101.3,88.0,18.4,29
23.5,44.1,37.3,54.4,114.3,41.2,154.4,115.8,84.5,70.0,21.2,61.0,36.4,44.5,45.6,48.8,7.3,44.0,45.4,37.5,15.8,61.0,178.0,67.1,51.0,111.2,104.3,18.9,41
20.2,40.6,32.8,47.5,92.9,34.4,138.3,93.9,78.0,58.7,19.3,55.7,31.4,38.0,41.3,43.6,6.1,39.5,42.5,35.1,14.9,58.1,160.0,57.8,41.9,82.6,63.3,16.6,27
24.2,41.0,38.0,52.5,112.9,41.3,147.8,114.2,81.3,69.8,21.7,59.0,34.0,40.9,42.5,47.1,7.0,44.7,47.6,36.4,13.6,58.1,170.7,70.3,44.3,104.9,97.3,17.9,30
21.8,41.7,35.0,48.0,101.2,37.3,154.2,105.0,82.7,63.7,20.7,57.7,33.6,37.7,41.5,47.6,7.4,37.9,43.0,35.6,15.5,56.0,178.1,59.3,49.5,97.0,79.7,17.1,49
22.7,43.7,32.8,49.8,95.1,36.2,152.1,97.3,86.5,55.4,20.1,55.2,34.5,43.2,46.6,48.5,7.3,39.1,44.7,36.9,15.5,59.5,176.5,56.3,47.8,82.0,72.0,16.9,19
21.7,42.8,30.2,47.6,90.0,35.0,155.4,92.7,85.3,59.4,21.4,56.7,33.7,39.2,42.7,50.4,7.7,36.7,41.6,37.7,15.8,60.1,178.4,50.9,49.6,77.8,65.9,17.7,19
27.3,45.6,44.7,58.7,119.9,48.3,157.0,125.7,90.7,72.2,23.2,59.5,36.4,44.0,47.5,50.8,8.4,46.7,50.6,38.3,16.5,61.5,180.8,78.0,46.2,116.5,124.7,20.0,28
22.0,39.5,35.7,50.6,98.9,38.0,147.2,107.5,80.4,61.6,21.1,58.6,32.8,40.8,42.1,46.5,7.0,39.6,41.6,35.1,14.7,56.5,170.2,60.1,46.8,96.0,82.1,17.2,30
21.4,41.9,33.1,51.9,99.8,35.5,153.0,101.0,85.7,59.3,21.6,55.7,34.7,41.6,44.6,50.0,6.5,37.9,41.5,38.2,14.9,62.0,177.7,58.7,47.9,88.3,75.9,17.5,24
22.3,39.2,36.0,48.7,98.0,39.3,149.0,102.9,83.4,56.2,21.5,54.8,32.8,44.1,44.5,48.2,7.7,39.4,43.8,34.8,15.0,56.6,172.8,58.7,46.8,88.8,77.4,18.3,25
22.0,40.7,32.6,50.9,95.5,37.5,150.2,106.3,78.9,62.9,20.6,57.5,31.8,38.8,41.0,45.5,7.3,40.8,43.8,36.0,13.7,57.0,174.6,56.6,46.0,88.2,77.5,17.5,30
23.5,42.8,32.1,51.9,103.0,39.2,147.1,95.3,78.5,65.3,20.8,58.2,33.8,41.1,44.6,45.2,6.8,39.4,44.7,34.6,15.2,54.4,171.7,61.9,47.1,87.5,78.5,18.1,21
20.9,42.1,36.1,48.7,93.9,34.4,158.3,100.8,90.6,59.3,21.8,57.2,35.7,38.8,42.2,52.9,7.0,39.3,42.1,38.9,15.6,64.0,180.9,59.2,48.2,82.1,75.3,17.7,30
22.0,43.6,37.7,50.5,102.6,39.5,151.3,103.6,85.0,63.2,21.0,56.4,33.4,42.0,44.7,51.5,5.9,41.0,43.7,35.9,16.2,59.5,174.2,67.1,43.3,90.2,87.2,17.1,19
24.1,44.6,34.0,51.1,102.4,39.0,169.1,101.8,97.4,66.2,21.2,56.3,36.7,47.0,49.4,55.4,7.5,38.7,44.1,40.0,17.2,68.5,194.6,64.0,50.5,95.4,91.8,18.8,22
25.0,41.6,36.6,50.5,107.8,39.2,154.1,104.7,80.9,69.6,21.7,56.0,36.1,42.5,45.0,46.9,7.0,41.7,47.4,36.2,14.0,59.0,178.7,66.6,48.1,96.3,90.0,18.6,24
22.3,41.2,34.4,50.1,98.1,38.0,157.1,104.8,87.9,55.7,21.4,56.2,33.8,44.1,46.6,50.3,7.3,38.1,43.7,37.8,14.5,61.4,182.5,59.7,50.2,94.3,82.5,17.7,25
23.5,44.8,37.6,52.8,99.8,38.7,166.1,103.4,94.2,67.3,21.2,57.5,36.1,43.8,46.8,55.9,8.2,38.2,42.6,40.6,15.9,65.2,191.5,60.7,48.7,85.1,87.7,18.9,22
24.7,44.1,33.9,49.8,101.3,40.8,159.2,101.1,93.1,60.4,22.0,57.5,37.8,44.2,47.1,55.2,7.3,40.1,44.7,37.3,16.3,62.4,183.1,63.2,47.9,90.7,86.0,19.3,18
24.5,43.0,36.0,52.0,111.7,40.7,155.6,110.6,86.3,64.1,21.0,57.2,35.2,47.9,50.2,50.4,7.0,38.9,42.8,36.1,16.7,60.8,179.8,69.1,47.2,99.2,93.2,18.2,20
22.3,40.0,33.3,46.6,89.3,36.9,153.6,95.1,89.3,60.8,21.8,55.4,34.5,37.3,40.9,52.9,7.5,37.0,41.2,36.9,15.2,62.4,177.0,54.7,39.0,76.7,69.9,17.3,19
22.7,38.2,32.7,47.8,94.8,39.2,150.5,96.4,85.2,58.6,20.9,55.1,34.7,41.1,42.5,47.9,8.1,37.2,39.7,35.9,14.4,55.9,173.3,59.0,47.1,83.5,72.3,17.9,18
21.5,42.3,32.8,51.0,93.8,38.2,148.8,101.1,82.2,58.7,19.7,54.0,32.7,41.1,43.6,47.8,7.0,36.5,42.1,37.4,15.1,60.0,170.6,56.2,44.6,85.1,70.4,16.3,20
23.3,44.5,36.8,52.2,96.1,40.1,155.6,96.7,86.4,64.1,23.1,58.1,36.2,45.5,47.1,50.3,6.9,40.9,44.9,37.5,16.1,62.2,180.2,61.6,45.9,86.4,83.7,19.0,30
24.1,44.1,34.7,50.5,100.9,38.2,144.2,98.8,77.1,64.6,21.8,58.1,34.0,38.8,43.3,44.2,7.0,40.0,44.4,33.7,16.8,53.9,170.7,63.5,47.0,88.7,79.5,18.6,25
25.7,43.6,45.0,60.0,123.7,44.3,148.9,127.7,79.0,68.0,21.7,59.0,37.2,49.5,50.0,47.9,6.9,44.2,47.0,35.2,15.0,57.0,173.6,76.5,51.2,128.7,122.2,18.6,27
23.4,42.1,36.4,52.9,107.8,40.4,156.7,112.0,84.2,61.7,19.6,57.3,33.8,44.3,46.5,51.4,7.0,41.5,44.4,35.7,16.0,57.5,178.7,64.4,56.5,112.4,97.4,17.7,31
21.8,41.3,33.9,49.1,94.1,37.7,138.8,99.7,76.0,61.2,20.0,56.2,31.0,38.8,42.4,42.9,7.2,38.7,42.6,33.7,15.7,55.1,161.3,58.2,42.2,84.6,68.4,16.3,31
20.8,40.5,28.7,46.3,90.5,33.6,143.2,87.2,79.5,54.9,19.2,53.1,32.4,37.3,42.2,46.8,7.2,37.3,41.4,32.6,16.2,55.0,163.8,54.3,42.7,81.3,58.4,16.3,23
22.5,42.3,37.7,52.7,105.0,39.9,156.2,110.8,87.7,61.1,21.5,54.3,34.3,45.5,48.5,49.3,7.3,42.7,46.1,36.9,16.2,59.5,177.9,65.9,53.0,107.0,96.1,17.8,32
22.0,42.9,31.9,49.0,88.7,34.9,153.4,95.3,86.9,56.5,22.2,57.7,35.5,41.5,44.0,50.8,7.9,37.9,41.9,37.4,15.6,60.6,177.0,51.4,47.1,73.5,66.6,18.0,29
23.3,42.4,37.7,54.3,111.8,43.5,148.6,108.6,79.5,70.1,21.2,59.2,33.3,39.2,42.3,45.5,7.3,41.4,45.6,37.1,14.7,59.2,173.4,69.0,48.8,101.5,93.8,17.3,29
21.4,40.7,35.6,50.6,97.3,35.7,147.8,109.0,82.6,58.6,20.9,58.4,33.2,39.5,40.0,46.0,6.6,40.3,43.5,36.9,14.4,57.9,171.2,59.2,45.8,89.5,77.6,17.7,34
24.3,42.6,39.4,51.8,103.0,40.7,156.7,103.8,85.1,71.4,22.3,57.5,35.8,45.5,47.1,48.8,7.4,41.8,44.1,38.2,15.9,60.5,181.7,61.1,46.5,93.2,90.3,19.2,27
20.3,39.4,31.9,45.0,86.8,34.5,139.9,94.2,76.6,54.9,20.6,56.7,31.1,39.0,41.4,44.4,5.7,37.8,40.1,33.8,15.6,55.4,161.8,52.0,42.2,76.2,60.1,15.9,27
21.3,43.8,33.0,51.4,95.3,34.7,143.5,102.2,77.0,57.5,20.0,57.0,32.3,43.6,45.8,45.3,7.0,39.2,43.7,33.4,15.6,53.6,167.3,59.7,48.7,88.4,73.2,17.4,26
24.2,43.9,38.0,56.6,111.3,41.8,151.8,121.3,78.6,72.3,20.4,57.6,34.6,45.3,47.0,46.8,6.8,42.2,45.6,36.9,16.3,58.6,174.5,69.3,48.5,107.0,102.6,18.1,33
22.7,41.6,29.5,46.8,95.7,35.6,159.2,92.2,92.1,54.0,20.4,58.1,35.4,39.6,42.0,52.9,6.8,36.0,38.7,38.3,16.8,63.4,183.6,54.2,46.5,73.9,67.5,16.4,23
22.0,41.3,35.6,49.7,96.5,37.7,149.1,97.7,84.8,56.1,20.8,57.8,34.1,40.0,42.5,49.2,6.8,37.6,39.9,37.1,15.5,60.3,172.2,59.6,44.7,83.6,73.8,16.9,38
22.4,42.7,37.3,54.5,108.1,38.3,150.1,116.8,78.3,69.5,21.2,55.0,32.6,47.6,48.6,46.5,7.0,44.6,46.6,35.2,15.5,54.8,171.8,67.1,46.8,108.0,94.1,17.6,37
24.0,41.3,32.4,47.9,96.0,37.7,155.7,94.8,84.7,64.5,21.7,57.4,33.8,44.9,48.9,49.3,6.8,39.0,44.0,35.3,16.4,58.9,182.4,56.5,46.5,81.6,75.9,18.0,23
22.2,44.2,34.0,51.6,100.9,38.8,167.8,100.7,95.4,60.8,21.9,57.8,35.7,40.5,44.5,55.0,8.3,39.7,42.6,38.4,16.7,64.1,194.1,62.1,52.3,90.4,88.7,17.9,30
21.4,44.2,29.7,49.3,84.5,33.9,161.2,97.7,92.5,60.0,21.4,55.9,32.8,41.9,45.9,51.9,7.2,36.0,39.4,40.2,17.8,66.0,188.3,48.9,44.5,75.6,65.0,16.9,33
23.0,43.3,31.8,50.5,94.9,37.2,157.2,99.0,88.7,59.4,22.2,57.0,35.3,44.4,46.8,50.0,8.3,37.1,41.3,37.6,16.4,60.7,183.8,55.6,46.8,80.8,74.2,17.7,20
23.4,40.0,31.8,46.7,93.5,36.3,153.7,97.5,84.6,58.4,21.3,56.6,34.7,39.0,42.0,47.3,6.3,40.9,45.0,38.4,13.5,61.6,177.2,58.3,50.7,84.5,75.6,17.9,26
24.0,44.5,39.6,56.9,116.3,41.6,156.5,116.1,86.2,67.7,22.5,58.7,36.4,43.0,45.8,51.3,7.5,42.0,43.3,39.5,17.5,64.0,179.7,73.5,51.2,107.5,109.5,19.5,25
21.1,38.9,31.6,44.5,94.6,35.2,146.3,93.0,80.8,56.4,19.2,57.0,32.1,41.5,43.8,46.6,7.2,37.1,41.0,33.8,15.1,55.6,169.9,58.8,47.6,85.3,66.9,15.9,24
24.6,45.9,41.5,56.8,109.6,42.8,147.2,121.3,76.2,69.0,22.2,58.0,34.8,44.8,45.5,44.5,6.8,46.0,49.9,35.3,15.3,58.2,170.0,70.8,50.0,107.3,104.5,18.9,30
21.0,40.8,35.0,50.2,101.2,37.7,146.0,106.1,79.7,62.8,20.0,56.8,32.5,40.7,43.1,44.0,6.9,41.7,45.2,35.3,14.6,56.0,170.7,62.0,47.1,101.8,81.7,17.0,39
22.8,43.0,37.8,50.5,101.1,40.6,158.8,100.8,90.2,60.0,22.6,58.8,37.0,39.1,42.2,54.0,7.8,41.0,44.1,39.2,16.6,64.0,181.8,64.1,46.3,84.6,87.4,18.2,24
20.6,40.6,34.0,47.5,93.1,33.9,147.8,101.5,83.5,60.1,20.2,55.3,32.7,41.3,45.5,46.8,6.2,38.5,42.1,35.9,15.7,58.6,170.8,55.4,43.1,85.6,69.1,16.4,37
23.3,40.4,36.8,49.3,98.6,39.4,155.1,100.4,86.1,62.8,21.3,57.8,35.5,44.5,45.0,50.3,7.0,39.8,44.7,36.4,15.0,59.0,178.7,62.4,48.8,88.3,83.6,17.4,24
22.0,38.4,31.2,47.2,94.6,36.2,151.2,94.4,83.6,56.8,19.9,57.1,33.7,40.4,42.2,48.6,7.9,36.4,38.8,35.1,14.7,56.5,175.0,56.7,47.7,88.9,67.8,16.9,48
25.7,43.3,37.3,53.8,108.6,46.0,150.8,108.3,83.2,65.2,20.8,59.5,37.0,45.1,47.5,49.7,8.6,42.7,45.6,36.6,15.4,59.5,174.2,66.8,44.7,98.5,95.0,17.8,30
21.1,42.6,38.3,56.8,108.5,40.3,140.1,120.1,73.3,69.2,21.1,56.1,32.3,46.8,46.9,43.7,6.7,46.7,48.8,33.6,14.0,54.6,162.3,63.1,45.4,108.6,91.5,17.3,43
23.4,41.6,34.6,50.8,102.6,39.1,151.5,106.4,82.2,65.7,21.5,56.5,34.7,43.7,45.1,50.2,7.0,39.5,44.8,35.0,15.0,58.3,177.1,61.2,46.0,89.3,82.4,17.7,23
21.7,39.5,36.8,50.2,100.4,38.0,149.6,101.1,81.0,64.0,22.3,56.1,33.0,43.5,44.4,45.9,7.2,38.3,41.4,36.1,14.7,57.3,172.4,61.1,45.8,91.1,81.6,17.7,38
25.9,45.7,36.4,53.6,107.9,40.2,168.9,109.5,96.3,69.2,23.1,60.8,38.8,43.0,46.5,53.1,7.2,40.4,42.6,41.8,17.0,68.0,195.1,63.6,48.5,92.9,99.6,18.6,27
22.4,41.8,34.2,49.1,88.4,37.7,149.6,96.4,84.3,51.7,21.0,55.9,33.8,40.4,43.3,49.4,7.5,40.5,45.5,35.6,14.2,60.7,172.9,54.8,44.5,77.0,70.5,17.3,20
21.5,41.1,30.9,46.2,84.8,33.4,146.9,95.3,78.3,55.6,20.8,57.8,33.6,41.7,43.7,44.8,6.3,37.6,41.8,35.1,16.3,55.8,171.9,47.1,45.8,75.1,59.6,17.1,20
23.2,42.5,37.5,51.7,106.4,41.5,150.4,105.2,84.8,61.1,20.9,58.5,34.7,46.0,47.1,46.8,7.2,41.8,43.7,36.1,15.9,59.7,172.3,67.0,48.7,97.0,89.9,17.8,22
22.8,42.9,35.8,51.8,96.9,37.3,144.7,107.0,77.4,61.7,21.1,57.5,33.2,46.4,47.3,45.5,7.3,41.2,44.4,35.4,16.2,57.0,169.4,60.1,48.4,98.5,82.2,17.5,32
22.9,37.6,35.3,48.1,103.1,38.3,145.4,104.1,78.3,61.4,20.5,57.7,32.4,41.7,42.2,44.2,7.0,40.1,44.3,33.9,13.6,55.0,169.1,62.9,46.6,95.8,79.9,17.1,29
21.7,41.4,35.5,49.9,99.3,35.9,151.0,101.3,86.4,58.7,21.3,56.4,34.2,41.3,43.8,50.3,6.8,39.2,42.5,36.1,14.5,59.1,173.3,61.6,44.0,84.6,78.6,16.8,37
23.2,42.8,34.7,52.1,97.7,37.2,145.4,108.8,77.0,64.2,20.0,57.2,34.0,44.2,46.2,46.6,7.4,40.0,42.6,34.8,15.0,57.5,167.7,58.2,45.4,95.2,76.6,17.5,30
20.7,40.3,32.0,48.7,88.5,33.8,151.2,96.8,86.6,53.1,19.6,58.3,32.9,42.8,44.1,49.7,6.9,37.8,41.6,36.1,15.6,57.9,175.8,53.8,46.9,77.5,66.7,16.1,42
25.2,43.8,42.6,57.0,115.4,41.5,165.4,130.1,91.9,73.6,21.8,59.4,37.4,49.5,48.9,54.2,8.4,46.7,49.7,39.0,17.0,63.2,189.9,70.9,52.7,116.8,120.9,18.9,40
23.4,41.7,33.0,49.3,95.8,38.9,152.4,100.9,81.9,64.2,20.9,54.9,34.4,43.3,45.1,46.3,7.6,39.3,42.7,37.2,15.9,57.6,176.1,58.2,48.7,91.5,77.8,18.2,47
19.4,39.1,32.3,46.8,97.4,36.6,151.2,102.3,87.2,56.4,19.7,56.9,33.7,37.3,39.8,50.8,7.0,37.7,41.8,37.6,13.5,61.0,171.6,60.7,47.1,91.3,74.4,16.0,44
23.3,40.8,37.6,53.2,105.4,42.8,150.2,113.6,82.7,60.5,22.2,57.1,34.3,48.3,47.3,47.8,7.8,41.7,44.2,35.5,15.5,54.5,174.1,63.2,46.7,102.1,93.1,18.4,44
22.2,43.4,39.4,53.5,97.5,38.2,153.0,114.7,82.5,63.5,20.6,57.5,33.7,49.1,50.0,46.3,7.2,39.8,46.0,35.1,15.8,57.8,177.4,60.8,49.8,99.5,88.2,17.1,37
23.4,40.0,33.8,50.0,105.4,39.3,149.9,103.7,83.0,63.0,21.2,55.0,34.4,41.7,45.5,46.9,7.7,40.6,43.3,36.4,14.6,58.3,171.4,66.2,47.3,101.6,84.6,17.1,42
23.5,41.0,38.2,54.6,107.4,41.4,152.2,113.1,81.8,70.4,22.4,57.8,35.1,47.3,45.7,48.6,8.2,43.5,46.1,35.5,14.2,55.2,174.5,65.1,44.8,102.7,96.1,18.7,38
25.4,44.3,37.5,55.3,109.9,44.8,152.9,119.2,83.6,60.5,22.3,58.0,36.7,49.0,49.2,48.4,7.4,39.5,43.1,36.8,17.1,59.5,175.4,69.1,49.8,108.0,101.4,18.0,50
25.0,41.6,39.5,51.8,102.0,41.8,148.6,111.1,83.8,57.5,21.4,58.8,35.4,43.7,44.1,48.1,6.8,41.0,44.6,35.6,15.1,57.9,172.7,62.5,45.6,95.8,85.4,17.5,47
22.4,39.9,36.1,51.0,107.2,38.0,153.4,111.7,82.6,67.9,22.5,59.2,34.3,46.0,46.3,49.4,7.2,46.5,48.7,36.7,13.3,59.9,177.4,62.7,49.5,102.8,90.5,17.6,49
23.7,42.9,38.1,53.3,107.1,42.0,150.7,115.3,79.3,64.5,21.4,57.7,34.0,49.3,48.5,46.7,6.5,43.4,46.7,35.7,15.4,58.0,175.6,64.6,52.1,109.7,99.0,18.4,44
21.7,41.0,36.9,51.4,99.5,37.2,155.0,109.3,85.7,65.1,20.6,56.6,34.5,44.5,47.0,48.7,7.2,38.2,43.4,38.0,15.6,59.6,175.6,60.4,46.5,91.4,82.2,17.8,45
20.8,42.1,35.4,53.0,106.4,37.0,154.3,106.3,85.6,59.0,20.7,55.6,33.3,43.7,45.8,50.3,7.6,40.9,44.4,37.0,15.3,59.7,177.4,64.0,50.5,103.2,87.6,17.7,45
22.5,40.1,36.0,51.8,105.1,37.4,144.3,111.2,77.5,62.7,21.4,57.5,33.5,43.0,44.5,45.1,6.8,39.8,43.1,33.8,15.3,54.3,168.1,60.6,46.6,104.0,86.0,17.2,43
22.9,40.4,37.1,51.6,103.1,39.5,147.9,115.0,81.5,67.8,22.2,57.7,33.5,43.5,44.0,47.5,6.9,38.8,41.6,35.6,14.9,58.2,170.2,62.2,46.3,98.4,85.8,18.1,41
23.0,41.5,42.0,54.3,100.7,40.2,149.8,115.8,81.1,65.4,21.2,57.9,33.2,49.3,50.1,45.9,7.0,40.0,44.1,33.1,15.2,54.8,173.5,63.6,45.2,96.7,90.9,18.4,36
25.4,41.1,41.9,54.1,106.8,41.5,150.6,115.8,82.5,56.3,22.5,57.9,34.7,46.9,48.1,45.6,7.0,44.6,48.5,37.1,14.0,58.9,174.4,64.6,53.4,102.4,99.8,19.0,51
25.2,39.3,37.7,50.5,103.2,42.7,149.0,107.3,83.6,62.3,22.5,61.4,35.3,43.6,44.5,46.6,7.1,40.3,42.4,36.0,15.0,57.5,173.2,62.9,47.7,100.4,91.7,18.3,43
22.7,42.8,37.6,51.8,98.1,36.9,149.5,108.4,82.8,59.2,21.0,56.6,33.1,44.5,45.7,47.7,7.1,39.4,40.9,36.4,16.4,58.5,171.1,58.9,48.7,90.8,78.8,17.3,40
22.1,41.8,32.1,47.9,95.3,38.1,140.5,101.0,76.7,56.2,21.5,60.6,32.9,43.0,44.5,44.9,7.3,39.9,41.7,34.0,16.4,54.5,163.5,55.5,45.6,87.4,69.7,17.8,56
23.3,41.6,40.5,52.1,96.7,40.8,146.8,106.9,81.2,59.1,22.0,57.9,32.8,42.9,44.4,45.6,6.7,42.1,45.3,35.3,14.4,57.2,170.6,58.8,45.7,90.1,80.6,18.1,38
22.0,40.6,35.7,48.7,99.3,40.0,155.8,105.6,88.5,60.7,21.7,56.6,33.5,40.8,43.4,50.3,7.1,39.9,43.1,38.6,14.1,62.1,177.1,62.9,49.4,92.4,86.1,18.0,44
24.9,42.5,40.9,54.8,115.8,44.2,154.0,121.7,81.2,69.3,22.7,56.9,36.3,45.0,44.7,48.1,7.4,41.7,45.8,34.7,14.5,57.5,179.2,73.2,47.9,110.0,108.2,18.5,41
22.4,43.1,41.5,56.1,103.1,38.5,158.0,113.3,86.4,60.6,21.6,59.0,34.3,49.4,50.5,49.1,7.9,41.9,46.2,36.0,16.1,59.9,183.1,63.7,50.5,98.3,94.9,18.2,37
23.4,41.1,41.6,53.7,106.2,39.0,160.0,113.5,90.6,67.7,22.9,55.8,36.6,45.1,46.7,52.6,7.7,41.7,45.5,38.8,14.2,62.1,185.2,66.8,46.9,99.5,99.3,19.4,42
24.8,41.4,37.8,52.5,104.6,40.0,158.4,118.4,88.5,66.2,21.9,57.0,36.2,44.7,45.3,52.5,8.4,40.1,43.5,39.0,15.8,64.5,182.1,62.1,48.6,107.4,99.5,18.0,38
24.0,42.5,38.6,53.5,108.5,42.6,150.6,118.6,81.9,66.2,22.4,59.8,35.5,50.3,49.5,47.8,7.2,43.0,47.5,33.9,15.8,54.5,175.4,65.6,46.6,109.1,101.8,18.5,46
20.3,40.6,32.9,50.1,100.2,36.0,144.3,106.7,80.6,60.9,19.4,53.7,30.5,43.0,44.6,46.4,7.6,35.5,39.5,36.2,15.6,57.7,168.4,59.7,43.8,97.0,73.9,16.3,49
22.7,40.9,36.4,52.4,109.1,38.7,148.8,112.1,79.5,71.0,21.1,59.0,34.3,45.0,46.1,45.7,8.0,45.6,48.9,35.3,14.8,57.0,170.9,62.3,48.1,101.5,90.1,18.6,49
21.6,44.3,39.7,54.4,101.3,38.5,159.9,111.4,94.9,65.1,22.2,57.0,36.0,44.6,47.2,56.3,7.3,40.5,44.5,40.6,16.8,66.0,182.6,66.3,45.0,93.4,97.1,18.2,41
22.5,41.2,38.8,50.1,102.3,41.6,157.4,110.5,89.5,56.7,21.5,55.7,34.6,45.0,46.4,50.1,7.7,39.8,43.9,37.6,15.5,59.8,179.5,64.3,49.4,96.0,89.7,17.0,35
22.1,40.2,33.8,48.4,95.7,36.9,154.0,102.8,87.3,60.7,21.5,55.0,33.0,43.8,45.3,49.2,7.1,36.4,39.9,36.9,15.4,60.5,178.2,58.6,45.6,91.0,78.0,17.6,37
23.1,40.2,38.3,51.9,105.2,40.8,155.3,115.8,86.6,68.1,21.3,57.0,34.0,52.2,50.3,50.2,7.8,44.9,47.3,37.6,14.9,61.8,176.9,63.1,53.2,112.1,99.1,18.3,50
21.6,41.0,36.2,51.2,103.7,38.4,150.4,109.7,82.2,61.3,21.2,57.5,32.0,45.3,46.0,47.5,7.6,40.4,43.6,35.7,15.6,58.8,174.5,64.7,49.0,98.6,87.2,17.6,40
22.6,40.4,38.9,50.2,106.3,37.2,157.0,111.5,85.7,65.0,22.8,58.9,34.4,42.6,43.7,49.7,7.0,42.7,46.3,36.2,15.0,59.9,180.3,65.5,50.2,97.4,94.6,17.7,44
23.5,39.2,36.8,49.8,105.8,41.3,149.4,112.0,82.4,68.8,21.1,58.8,33.7,41.7,42.7,46.5,7.7,41.7,44.9,35.6,13.1,57.4,173.5,67.2,44.9,103.6,90.9,17.2,39
20.8,37.9,30.4,46.4,95.4,34.2,156.5,99.0,88.6,60.5,19.7,55.9,32.7,39.5,41.0,50.9,7.8,37.5,40.5,36.0,14.2,58.7,178.5,58.7,48.5,88.7,71.7,17.4,37
22.3,40.3,32.5,48.6,99.3,37.5,144.5,102.5,78.1,58.5,19.2,56.0,32.5,41.8,44.2,45.9,6.4,38.4,42.2,35.5,14.3,58.5,166.1,59.4,43.6,96.0,73.2,16.7,45
25.4,45.4,43.9,56.7,115.8,41.3,155.6,119.1,86.9,68.4,22.3,59.3,37.5,47.5,48.0,49.7,7.2,44.1,46.8,38.1,17.0,62.8,178.4,70.1,46.4,102.1,107.5,19.5,40
21.6,41.4,38.7,51.3,100.3,37.4,153.8,105.4,80.4,67.7,21.2,56.7,33.3,44.1,46.0,49.3,7.7,38.6,41.4,35.8,16.3,58.3,177.3,56.5,49.1,92.5,81.3,18.7,48
23.4,42.2,39.2,53.1,104.8,39.8,155.8,116.5,84.6,71.9,21.5,55.0,32.7,46.2,47.1,48.9,7.6,39.7,43.2,36.5,15.7,60.5,179.0,61.8,46.3,104.8,94.9,17.3,38
23.3,41.0,37.7,51.6,101.1,38.7,149.9,108.0,82.0,64.8,19.4,56.3,33.0,41.3,43.0,46.0,6.8,38.9,42.5,35.1,14.9,56.5,172.5,61.9,46.6,97.2,84.6,16.4,38
21.8,43.1,35.5,50.1,100.3,35.9,159.3,101.0,90.1,60.9,21.1,57.0,34.1,41.6,44.9,49.8,7.5,41.3,45.1,37.5,15.7,63.5,183.0,57.2,48.5,90.9,79.5,17.8,41
21.4,42.6,38.1,51.4,103.0,38.7,148.0,108.9,80.3,64.3,21.5,56.1,34.0,46.2,47.5,45.9,6.9,41.6,44.1,35.6,16.2,56.7,169.9,63.7,49.3,91.7,84.4,17.2,50
21.5,40.3,33.4,48.8,101.1,35.6,153.0,98.3,82.7,65.3,19.5,59.2,33.3,38.7,40.6,47.7,7.6,35.9,39.4,36.1,15.0,57.2,177.3,61.2,47.4,87.4,74.7,16.6,37
21.8,39.7,30.0,46.0,96.5,38.7,147.4,106.8,82.9,51.9,21.3,53.6,33.2,43.5,45.2,47.1,7.1,38.5,41.8,36.1,15.3,58.5,169.0,54.4,52.6,97.2,73.6,17.6,53
20.4,39.0,38.7,49.7,100.3,36.5,155.3,106.7,87.6,61.1,22.0,55.3,31.4,39.2,40.4,48.4,7.2,41.1,45.5,38.1,13.4,62.1,177.4,61.0,50.9,95.5,86.2,17.8,46
20.8,42.3,34.7,51.1,97.7,37.5,149.8,109.2,84.0,56.5,20.2,58.4,31.5,42.7,44.5,48.8,7.8,37.6,41.5,36.1,16.0,58.8,173.4,60.2,48.2,91.4,78.4,16.9,38
23.6,42.3,41.0,53.2,114.1,41.3,157.4,109.9,87.4,61.8,22.0,59.0,37.0,41.0,44.0,51.4,8.0,42.2,44.6,36.2,16.1,59.6,180.4,74.7,53.7,99.6,101.4,18.3,41
20.4,38.1,35.8,48.4,94.6,35.3,144.0,100.3,79.3,55.3,19.7,56.9,32.1,40.2,41.0,47.9,6.6,41.1,43.5,35.7,13.2,56.8,165.5,59.0,49.2,86.8,71.6,17.1,45
22.0,41.5,35.4,50.0,101.0,41.1,152.4,99.1,87.5,60.5,22.0,55.6,34.0,42.3,44.9,49.5,7.5,36.6,40.5,36.7,16.2,60.0,176.5,63.0,41.7,85.5,79.6,17.7,36
24.6,41.2,37.8,52.7,105.8,42.5,153.5,113.7,80.1,68.3,22.5,58.2,37.0,43.3,44.6,49.2,8.0,40.4,44.3,35.3,15.3,58.4,178.1,64.1,48.8,102.3,94.5,19.0,50
21.7,41.8,33.7,48.8,103.1,38.0,164.9,105.8,93.1,68.3,21.3,57.3,34.0,44.0,46.8,54.0,8.4,40.8,44.0,38.4,15.0,63.0,187.1,59.6,48.7,94.7,85.8,17.5,40
22.8,41.2,40.4,54.4,105.9,41.0,133.9,115.2,70.5,63.7,20.9,57.9,32.5,46.2,45.1,42.0,7.1,44.8,48.1,32.0,14.0,49.0,156.6,66.8,41.9,101.7,86.7,17.8,46
23.3,40.2,34.3,49.8,99.4,38.2,154.5,106.7,87.6,68.5,20.5,55.3,34.0,42.7,44.5,48.7,7.5,37.9,40.3,37.8,16.1,60.7,178.2,60.4,46.0,99.1,87.1,17.9,38
23.7,42.3,40.8,55.2,106.4,41.3,151.6,118.1,84.9,68.5,23.3,56.8,36.4,46.5,47.5,47.5,6.5,39.4,42.3,37.2,16.7,62.3,173.7,65.5,47.8,97.5,95.2,18.8,46
23.3,39.5,33.6,47.9,95.2,40.1,151.1,98.8,82.7,58.8,21.1,56.7,34.0,43.2,44.3,46.7,7.7,38.5,42.1,36.1,13.1,57.9,175.0,58.4,50.2,93.9,80.0,17.7,42
25.4,44.2,41.7,54.6,107.3,42.8,165.5,111.3,94.4,70.1,22.7,57.4,38.5,43.0,45.0,52.6,7.6,40.2,43.7,39.3,17.3,65.0,190.4,69.9,47.8,99.3,105.4,19.5,48
21.2,44.2,37.4,52.6,98.0,35.7,155.8,110.3,86.3,64.8,21.7,57.7,33.3,48.0,50.2,50.3,7.3,39.6,43.7,37.5,17.5,59.5,178.5,59.5,47.3,96.3,84.8,17.4,44
21.7,41.9,34.6,52.7,102.3,38.6,153.8,116.0,81.0,59.9,22.0,60.1,35.2,44.0,46.8,48.2,8.3,41.2,44.4,37.2,16.0,60.8,176.3,60.2,55.0,97.5,89.5,17.9,40
21.6,39.9,35.1,50.8,97.6,37.2,150.8,106.9,82.5,67.8,21.1,54.3,33.2,46.0,46.5,47.6,7.5,39.7,44.5,36.5,13.4,59.0,173.5,57.9,44.0,95.5,81.7,17.2,41
23.5,42.4,36.9,51.3,103.2,39.2,149.3,112.2,83.7,61.7,22.0,58.7,35.4,44.5,46.5,46.5,6.8,39.6,42.7,37.3,15.3,60.0,172.7,63.0,47.9,100.6,90.3,19.0,46
26.5,45.9,42.2,57.1,116.3,44.9,165.2,122.4,89.6,75.9,22.3,58.8,37.7,46.3,48.1,52.5,8.8,44.0,48.6,39.9,16.8,64.0,190.3,70.7,52.6,113.3,122.3,20.7,47
24.7,42.6,39.7,53.2,106.8,41.3,155.9,108.6,89.5,63.9,22.2,57.2,36.6,42.5,44.6,51.5,8.2,43.5,47.5,39.5,14.7,63.7,178.8,66.2,48.5,99.3,92.5,18.7,40
26.2,41.8,39.6,54.4,107.7,41.8,157.7,121.7,87.0,71.2,22.6,59.3,37.0,51.4,50.5,50.5,7.0,43.7,47.7,37.5,14.8,59.7,182.1,62.2,48.0,108.3,105.6,18.4,44
23.1,42.8,38.0,55.3,107.3,39.2,141.3,123.3,77.6,62.2,21.1,56.8,33.0,51.5,50.0,44.2,6.6,47.3,50.7,34.3,15.3,55.7,164.7,64.5,48.7,112.6,91.4,17.1,44
22.7,40.5,38.1,51.2,100.8,39.0,163.8,112.1,91.8,65.0,21.6,60.3,35.4,40.5,42.6,52.1,8.3,43.7,47.3,39.3,13.9,62.9,187.3,62.1,50.8,102.7,96.3,17.9,39
24.2,38.1,35.1,47.2,97.4,40.1,151.3,105.0,83.8,65.2,20.9,57.9,35.3,36.5,38.2,47.8,6.7,39.5,42.8,35.9,14.1,57.8,175.6,60.8,45.9,82.8,79.1,18.0,39
24.2,44.6,45.8,56.9,112.7,42.8,155.2,115.7,86.5,70.5,23.0,60.5,35.3,51.7,51.5,49.3,7.7,46.2,48.6,36.4,15.3,60.3,179.4,71.6,47.5,97.4,108.3,19.0,39
23.6,40.4,37.7,54.0,106.7,43.1,150.5,115.1,84.3,63.4,21.8,57.6,36.7,43.2,44.3,47.6,6.9,42.3,46.1,36.4,14.5,58.4,173.2,64.3,48.8,106.9,97.4,18.4,49
21.7,40.9,35.1,51.7,100.7,37.0,145.5,109.7,79.6,63.0,19.6,58.2,33.2,45.2,46.5,45.3,7.4,42.3,46.7,34.6,13.3,54.8,167.8,62.4,46.2,98.1,84.6,16.4,49
26.4,42.7,40.7,54.5,105.9,45.6,157.2,113.7,85.3,63.5,22.0,59.0,36.3,47.3,48.0,48.0,8.0,41.6,44.6,37.5,15.7,61.1,180.6,68.0,52.8,103.8,107.4,19.0,39
21.3,36.9,34.2,49.5,94.1,36.9,139.6,109.0,77.1,59.4,19.1,56.5,31.7,41.2,40.5,44.6,6.8,38.7,41.7,33.8,12.2,54.4,161.1,56.8,44.7,101.6,75.9,16.7,43
24.7,43.5,41.0,55.3,110.0,43.1,166.0,118.4,93.1,74.1,22.8,58.8,38.3,47.5,49.6,55.9,8.3,44.2,49.3,39.7,14.4,66.0,189.0,70.6,49.4,109.8,112.9,20.2,39
22.7,41.9,38.5,52.7,107.7,43.0,154.9,104.8,86.1,67.1,21.4,55.8,35.5,40.8,42.8,50.7,8.2,40.2,44.5,36.9,15.5,59.0,178.3,69.7,45.6,93.4,93.3,17.7,45
23.4,42.0,39.6,52.4,104.9,41.8,163.2,114.3,90.5,67.8,20.7,58.6,35.6,46.0,46.1,50.9,7.7,44.7,48.5,39.2,14.2,62.0,185.7,63.6,52.7,107.0,104.0,18.0,42
22.1,39.3,36.4,50.8,108.2,41.0,155.6,106.1,85.0,64.5,20.8,58.2,35.2,41.3,43.2,50.2,6.9,41.0,43.6,37.3,13.7,61.7,177.4,69.1,45.4,100.1,91.4,17.9,39
22.9,42.9,43.1,55.8,111.2,42.0,162.0,116.1,94.5,64.1,21.1,58.2,34.7,44.5,47.5,52.8,7.6,45.3,48.1,36.0,14.6,61.2,184.3,72.8,49.9,107.2,110.7,17.5,43
22.7,43.7,43.7,54.1,106.2,41.5,149.3,115.3,85.2,63.8,21.7,60.1,35.0,46.1,47.5,48.3,7.0,41.1,44.4,35.0,16.7,56.5,172.9,69.4,44.1,96.2,95.9,17.7,40
25.7,43.9,39.7,51.7,106.7,41.6,168.8,108.7,98.8,67.8,23.1,60.6,39.9,43.6,47.1,55.3,7.5,42.8,45.6,40.8,15.7,67.9,194.0,67.4,51.0,99.1,106.4,19.2,44
21.2,39.3,36.5,49.2,97.5,37.8,149.2,102.0,81.5,61.4,21.1,56.1,33.4,43.5,45.0,46.7,6.8,38.7,43.5,34.0,14.1,55.0,172.1,61.3,46.2,93.3,78.8,17.2,41
23.2,41.1,35.7,49.8,107.7,40.4,157.3,103.7,86.3,64.3,23.0,55.0,36.0,34.7,37.0,51.1,8.5,39.4,43.2,38.2,14.7,61.4,182.8,65.8,50.2,99.9,90.0,18.9,44
21.8,40.4,36.6,51.0,105.7,39.3,152.6,111.3,82.8,62.1,20.6,53.8,32.8,41.6,43.0,48.1,7.7,39.3,43.5,37.4,14.8,61.0,176.2,64.7,48.0,102.8,90.3,17.2,38
22.7,41.8,32.8,49.6,103.6,38.8,147.2,106.4,80.4,65.6,20.7,57.6,33.9,40.5,43.0,45.2,7.0,39.6,42.4,35.1,16.2,57.0,171.5,61.5,45.5,92.7,80.9,17.3,44
22.3,41.7,34.5,51.1,103.9,37.9,153.5,109.3,83.4,67.9,21.6,57.0,33.8,42.2,44.3,48.2,7.1,40.5,44.0,37.4,15.5,60.9,178.3,62.6,49.9,101.2,87.2,18.1,47
22.8,40.5,37.4,54.1,101.4,42.2,149.6,110.2,80.6,65.5,20.6,56.2,32.2,43.2,43.9,45.3,7.8,41.6,44.7,34.9,13.8,55.9,170.7,67.3,50.3,101.0,89.3,17.5,40
22.6,39.2,37.8,51.3,105.3,40.2,156.7,110.9,86.3,61.8,21.2,58.0,33.3,46.4,46.6,50.4,7.1,43.9,46.5,38.7,13.5,61.0,181.2,65.6,52.6,102.2,93.4,17.8,41
22.3,43.5,38.4,51.4,98.8,38.9,162.0,110.6,89.9,62.2,22.0,58.4,33.8,43.6,45.5,50.2,8.1,41.0,45.1,39.7,16.0,61.5,186.0,61.5,52.0,89.1,88.8,17.9,39
22.7,38.9,38.4,51.0,105.0,39.5,155.4,108.6,86.7,61.8,22.5,56.5,34.6,41.6,42.0,49.5,8.1,39.4,42.4,36.8,13.9,60.3,176.8,64.0,47.8,90.4,89.1,17.7,40
23.2,41.6,42.3,51.8,106.8,40.3,153.0,106.3,83.0,62.3,21.8,57.4,35.0,39.9,42.0,48.0,7.3,40.3,44.8,36.2,14.8,58.3,176.1,68.8,49.8,92.2,95.4,17.9,39
23.5,42.7,43.1,55.7,109.1,40.6,150.8,112.9,82.5,69.4,22.7,56.3,36.1,45.4,47.5,47.6,7.2,43.3,47.5,36.4,15.1,59.5,172.2,66.5,46.5,103.9,95.8,18.8,43
21.5,44.3,33.5,50.2,101.3,38.6,154.4,103.7,85.3,62.8,21.3,57.7,35.3,43.6,47.9,48.2,7.0,37.5,40.5,37.8,17.9,60.0,178.9,59.5,48.7,92.7,81.2,18.3,53
20.6,45.0,40.4,55.4,108.7,38.2,155.7,120.7,86.8,67.9,21.1,57.3,34.1,48.8,50.5,49.2,7.5,46.1,49.5,39.4,16.4,64.8,178.0,66.0,48.2,113.0,102.4,18.5,44
21.4,42.1,34.2,50.2,104.2,37.7,153.8,107.3,83.6,61.2,19.4,56.0,33.7,41.6,44.4,49.2,7.6,40.7,43.5,37.0,15.3,61.5,176.8,63.0,48.1,99.9,84.6,16.5,48
21.9,39.8,44.0,50.9,101.0,38.7,144.2,113.6,80.1,56.8,21.1,57.7,33.9,46.3,46.1,46.0,6.5,41.4,45.1,35.8,15.1,59.0,165.9,66.1,48.5,92.0,89.3,17.8,43
20.8,39.4,33.8,49.4,96.1,38.3,150.0,104.2,81.9,60.9,21.3,57.3,32.8,40.3,42.1,48.2,8.0,38.9,42.4,34.8,15.0,56.6,173.3,60.8,47.2,94.4,78.4,17.3,39
24.9,45.3,38.0,53.9,115.6,43.8,165.9,112.5,94.3,62.5,21.9,59.5,36.8,45.6,49.3,52.5,7.8,38.0,42.6,38.7,17.3,62.5,192.4,70.3,53.2,103.8,101.4,18.3,47
22.3,38.2,34.0,47.9,100.8,36.6,146.3,104.7,81.1,59.7,21.0,57.8,34.2,37.1,39.0,46.8,7.0,37.3,41.4,34.6,14.1,55.5,169.8,62.8,47.3,94.8,80.1,17.1,39
23.0,42.7,40.3,54.6,110.3,42.8,155.0,115.0,88.1,65.4,21.2,58.6,35.3,42.6,43.3,48.5,8.2,41.2,44.3,36.9,15.5,59.8,179.1,71.7,48.0,106.0,100.3,17.8,41
23.0,40.0,37.5,51.7,104.4,38.3,155.1,104.8,87.4,61.0,21.9,57.0,35.2,44.7,45.2,50.3,8.5,40.6,44.8,38.0,14.0,62.2,180.0,61.7,47.0,93.3,87.1,18.7,37
22.7,44.8,37.4,55.0,103.1,36.7,160.7,114.6,90.2,67.1,22.8,56.8,36.0,50.5,52.5,51.2,8.5,43.7,47.5,39.4,16.7,61.7,184.8,62.8,47.9,98.5,92.8,18.5,51
21.6,42.3,38.4,51.6,96.5,38.0,149.8,109.0,85.0,58.0,21.4,58.4,33.3,43.9,46.0,46.7,7.0,37.1,39.8,37.2,16.7,59.2,174.7,60.3,45.0,89.5,80.9,17.9,44
23.0,44.3,42.6,57.4,115.7,44.4,165.5,119.6,94.5,66.1,22.5,61.5,38.0,44.4,46.6,54.1,7.7,44.0,47.7,38.3,15.8,64.0,190.5,73.9,50.6,113.0,117.1,18.9,39
24.3,42.6,40.8,52.9,106.4,42.5,144.3,107.8,81.7,62.7,21.7,56.8,35.4,44.6,46.3,48.5,7.0,39.7,43.7,36.7,15.4,59.7,167.1,66.2,42.5,93.1,88.2,17.7,41
22.2,39.9,33.5,47.1,97.3,37.2,144.0,101.2,78.6,56.8,21.1,56.8,34.0,41.1,43.0,45.6,6.8,36.8,39.5,34.5,16.0,55.9,166.9,59.9,46.0,91.9,74.9,17.2,49
22.4,41.2,36.1,52.0,106.9,39.3,158.2,112.7,85.2,65.3,21.7,58.7,35.1,42.2,42.9,50.9,7.5,42.0,46.8,40.0,14.0,65.2,181.0,64.8,51.5,102.5,95.7,18.1,47
23.3,43.4,36.2,48.9,100.2,40.5,159.8,99.0,87.9,66.1,22.6,58.4,36.7,41.6,45.7,52.1,8.4,39.5,43.9,35.6,17.2,56.7,186.5,62.3,49.9,90.3,88.1,18.5,42
22.3,40.1,31.6,45.8,94.9,36.0,156.2,95.6,87.4,60.2,21.0,56.3,34.3,39.5,43.0,50.1,7.8,36.5,39.5,37.8,14.9,59.5,180.1,56.6,49.3,90.9,71.0,17.1,48
20.6,39.6,35.5,50.0,101.1,35.3,149.4,105.3,81.1,61.5,20.1,55.7,32.4,40.5,42.8,45.5,7.5,40.7,44.5,35.0,13.8,55.7,170.7,59.8,49.1,96.1,78.8,16.7,44
22.4,41.1,36.3,49.2,103.5,38.5,147.7,105.9,80.4,64.3,20.2,56.4,33.3,43.8,45.9,45.3,6.5,40.8,44.8,35.8,14.6,57.6,170.7,62.8,48.6,98.3,84.4,17.7,38
21.1,39.2,39.0,51.4,106.7,37.4,149.5,110.3,85.8,61.2,20.6,56.4,33.8,46.0,47.2,49.1,7.9,42.2,45.7,36.1,12.8,61.1,171.5,67.6,46.4,102.7,89.5,16.9,40
21.2,40.8,36.1,51.1,107.4,37.7,156.7,107.7,86.9,64.7,21.3,58.9,34.5,43.8,43.9,52.2,7.9,42.4,48.3,39.5,12.9,64.1,180.3,68.0,49.2,102.2,93.1,17.6,45
24.6,42.5,38.0,52.2,106.2,42.3,148.2,111.7,79.1,65.4,21.0,57.5,35.2,41.6,44.7,46.3,7.9,41.9,46.2,34.1,15.2,54.9,171.7,64.1,46.0,96.2,90.4,17.5,41
24.9,43.0,41.4,51.6,106.4,46.7,158.1,118.3,88.1,57.5,21.7,57.4,36.0,39.9,44.0,49.7,7.1,41.7,45.1,35.7,16.8,58.5,182.3,68.5,55.4,108.2,106.1,18.7,40
22.5,39.4,35.5,50.0,104.4,41.5,153.3,104.9,85.7,67.8,20.4,56.3,34.3,41.6,43.0,50.0,8.2,37.2,41.0,36.4,14.4,58.8,176.8,66.1,46.6,97.0,85.8,17.1,44
23.5,41.4,36.3,53.3,106.4,40.7,138.7,114.7,72.0,63.1,20.0,58.0,32.5,43.6,43.8,43.4,6.8,38.5,43.7,32.0,14.8,52.5,162.2,63.3,50.1,106.5,85.8,17.1,41
23.3,42.6,38.1,52.9,105.2,41.3,153.2,105.9,86.9,62.8,21.2,57.6,36.6,44.2,45.8,49.3,7.7,41.6,45.8,35.7,15.5,57.9,178.0,65.3,45.5,89.6,90.9,17.8,44
24.3,43.3,39.4,53.9,99.8,43.1,149.1,113.0,84.2,61.0,21.2,60.8,35.6,42.1,44.5,48.8,8.3,41.1,44.8,37.7,15.9,61.4,171.6,65.7,46.4,98.4,93.9,17.6,46
24.0,45.2,43.2,57.0,111.7,43.6,156.0,119.3,88.9,66.1,21.7,58.3,36.0,43.9,46.1,49.6,7.7,47.2,50.3,38.6,15.8,63.6,177.8,71.5,47.4,108.2,109.7,18.5,39
21.2,40.3,36.4,47.6,89.8,36.3,148.0,97.7,82.4,58.8,19.3,56.0,32.4,39.5,41.7,46.6,7.0,36.5,42.0,36.8,14.6,60.7,170.4,53.3,46.3,82.7,66.9,17.2,42
22.8,42.7,35.1,52.2,101.2,36.3,153.6,107.2,85.3,68.1,21.3,58.0,33.7,41.3,43.5,48.4,7.5,41.0,45.7,36.7,14.7,59.2,178.3,61.3,45.1,91.3,85.6,18.3,49
23.2,40.6,39.4,52.7,109.2,41.1,153.4,109.8,80.7,63.2,22.0,57.7,36.1,40.0,42.0,49.1,7.2,40.2,45.1,36.7,15.0,59.7,177.5,67.0,50.1,101.0,96.4,18.9,45
23.8,41.2,34.9,49.4,95.3,40.7,149.7,95.1,82.9,63.6,22.5,54.5,33.8,44.0,45.9,46.4,6.7,38.2,42.1,35.4,16.0,58.4,174.9,59.3,44.9,81.6,75.9,18.5,38
23.3,40.6,34.2,49.0,95.8,39.6,155.4,102.7,84.9,56.6,21.4,58.4,34.3,41.6,44.2,48.5,7.2,37.2,41.6,36.4,14.6,59.0,179.4,59.3,49.2,94.4,81.8,18.1,36
22.5,40.4,36.1,52.3,104.7,37.8,150.2,109.0,87.4,61.7,20.5,58.2,34.3,45.2,45.6,49.1,7.7,40.4,44.9,35.4,15.2,55.9,172.4,63.5,45.5,101.1,88.5,17.5,44
22.6,42.8,42.7,55.8,110.3,40.6,159.1,116.3,89.8,64.5,22.7,59.3,37.2,46.2,48.7,51.6,8.0,43.5,46.5,38.0,16.9,63.2,183.1,68.8,52.0,105.8,104.6,18.0,42
22.0,41.5,34.6,50.5,105.1,37.0,164.3,104.5,94.8,64.3,22.3,54.7,36.3,44.0,46.5,52.2,7.9,39.0,42.2,39.6,16.3,64.5,186.7,64.4,50.5,95.4,90.5,18.5,48
22.2,41.1,33.8,50.5,99.6,36.8,154.6,105.6,85.1,65.3,20.7,57.7,34.6,43.6,44.6,49.6,6.6,39.4,42.7,36.9,15.0,58.7,179.4,62.6,47.8,98.5,85.6,17.8,40
21.3,39.8,38.8,49.8,103.8,38.8,154.0,107.8,89.0,60.8,21.2,60.3,33.6,41.1,43.1,48.7,6.5,39.1,43.0,35.6,14.7,58.5,177.7,66.9,49.6,95.4,89.3,17.8,40
22.5,38.7,35.4,47.2,99.5,37.3,152.8,102.2,85.6,59.9,20.2,60.3,35.3,41.2,43.6,49.7,7.7,40.5,44.9,36.4,14.5,57.2,177.1,61.1,50.5,93.5,82.7,17.8,41
22.6,41.2,39.2,54.7,109.3,38.7,156.8,116.5,83.6,69.9,20.7,58.6,34.1,45.8,45.8,48.7,6.8,43.0,45.7,36.1,14.5,58.3,180.5,67.3,51.9,114.3,101.2,18.0,46
22.4,39.2,33.0,48.1,99.7,39.7,150.9,104.0,81.2,67.3,20.0,57.2,33.1,43.2,45.2,46.8,7.9,38.5,42.4,35.6,14.1,58.6,173.9,61.6,48.3,97.0,83.2,17.3,40
22.4,41.9,38.1,52.5,110.2,38.8,150.0,114.2,83.4,62.4,21.4,57.6,33.9,44.2,46.4,46.1,7.4,41.1,45.5,36.4,15.5,58.3,173.3,64.8,48.8,106.8,94.2,17.3,48
22.6,43.1,41.3,55.4,110.6,38.4,148.3,122.6,82.7,64.9,21.6,56.5,33.3,46.4,47.6,47.0,6.5,43.4,47.5,38.7,16.0,60.7,169.4,67.3,47.0,104.4,96.6,19.4,45
23.5,43.0,40.9,52.9,110.5,38.4,160.7,112.6,86.3,65.7,22.2,55.2,34.9,44.0,48.0,50.5,7.0,42.6,46.0,38.1,16.0,61.9,182.1,67.5,55.5,104.4,103.6,18.8,47
22.7,43.5,36.4,51.6,97.2,35.6,152.2,104.4,83.2,56.2,21.7,58.5,33.3,38.5,43.2,46.8,7.8,39.6,45.3,36.4,15.9,58.7,176.5,55.9,49.4,88.8,78.8,18.7,42
22.5,41.1,38.5,50.3,101.2,40.3,154.4,109.4,86.3,65.6,22.0,57.0,34.0,46.5,47.8,49.8,7.4,41.2,46.2,37.4,15.4,60.5,177.9,63.1,47.5,89.3,87.3,18.2,41
21.9,44.3,38.7,54.3,100.1,38.5,156.3,111.8,86.9,60.6,21.4,56.6,35.2,46.5,48.3,49.8,7.5,40.3,45.6,36.8,16.4,60.9,180.2,61.8,48.8,94.8,92.6,17.5,38
22.5,41.8,36.4,52.0,105.2,37.0,154.5,102.6,83.6,64.5,20.2,56.5,31.3,46.0,47.6,47.6,6.9,40.4,44.8,35.2,15.8,58.0,178.3,62.8,48.2,95.2,84.6,17.7,44
23.7,40.8,37.1,49.5,101.8,39.4,159.1,106.0,88.2,62.2,21.6,57.8,36.8,40.8,44.2,50.5,8.3,37.1,41.1,38.2,16.5,62.4,185.3,60.2,47.0,92.4,87.8,18.8,40
22.0,40.5,33.4,51.0,99.4,38.3,150.0,108.4,83.6,64.5,19.7,57.9,33.4,44.2,46.2,48.6,8.8,38.1,42.5,35.9,14.2,56.0,174.4,61.4,44.8,99.2,80.8,16.9,43
21.5,41.1,34.4,50.3,101.2,38.5,148.6,109.9,80.1,62.8,20.4,56.0,33.1,44.5,44.8,45.9,7.3,39.7,43.2,35.9,14.5,58.7,170.9,59.9,47.6,99.4,81.6,17.6,45
23.1,41.1,34.0,50.7,100.5,39.3,160.5,105.4,86.7,63.2,22.3,56.8,34.0,45.0,46.2,49.8,8.0,40.5,45.7,38.1,15.8,61.0,185.5,59.7,52.3,99.1,89.5,18.4,39
23.0,41.8,40.4,54.9,104.7,39.0,153.0,107.0,85.8,67.3,21.0,59.5,33.6,42.0,43.9,49.2,6.9,42.6,46.2,36.0,14.3,58.0,176.5,64.8,47.2,92.8,88.2,17.0,41
22.0,41.0,39.3,51.4,107.1,37.3,151.8,110.1,83.4,66.2,22.9,58.7,35.8,43.7,44.4,48.2,8.0,40.5,45.3,36.4,14.3,58.0,176.4,65.4,48.8,97.7,89.0,18.0,45
23.7,45.3,41.2,55.1,108.8,42.6,157.2,110.3,85.4,69.5,22.2,57.0,35.8,42.9,47.0,49.8,6.3,44.5,48.2,37.3,16.6,59.6,180.7,65.8,49.0,105.2,101.5,18.8,42
24.0,42.5,37.5,52.8,105.2,41.8,153.6,100.9,85.7,65.2,21.3,58.6,36.6,41.8,43.6,48.8,7.9,42.9,47.2,35.2,14.7,57.9,177.5,64.7,45.9,92.1,89.5,18.4,46
21.5,41.3,34.5,50.4,101.6,38.8,153.6,101.5,88.3,59.5,21.1,56.0,34.3,43.0,45.4,48.6,7.5,38.2,40.6,36.2,16.0,60.0,176.0,60.0,47.6,88.9,79.5,17.7,48
21.7,40.8,35.9,52.5,103.0,36.7,161.8,111.7,93.9,64.6,20.7,56.6,33.7,45.5,46.7,52.4,8.0,39.0,42.0,38.9,15.5,63.0,185.1,62.4,50.5,102.0,91.5,17.8,36
21.1,40.7,27.8,47.7,96.8,36.3,149.2,103.3,83.2,58.8,20.0,57.4,33.5,38.3,42.5,46.8,7.4,37.1,41.5,34.8,15.0,58.6,173.4,57.4,48.0,93.1,73.4,17.7,53
24.1,43.3,40.8,54.8,107.3,42.8,157.2,120.6,88.9,65.9,22.3,61.5,37.6,53.0,54.5,52.0,7.5,44.2,47.5,36.0,15.8,59.7,178.1,68.8,52.0,113.8,108.7,18.3,45
24.5,42.9,38.3,53.9,108.1,39.1,152.5,111.3,80.8,62.8,20.6,56.7,35.5,48.7,48.7,48.4,7.5,41.3,44.6,36.3,15.7,58.9,175.8,67.4,52.6,106.3,95.9,17.8,40
21.5,38.6,31.1,47.3,96.8,35.4,140.6,106.9,76.3,55.1,20.3,54.8,32.4,41.9,44.5,44.1,7.0,39.7,42.7,33.5,13.9,53.2,163.5,58.9,47.3,93.2,74.3,17.3,53
21.8,42.4,34.7,50.2,103.6,38.3,149.8,104.8,80.2,62.8,21.6,59.4,34.0,43.6,45.2,45.2,7.8,38.5,43.1,35.5,16.4,56.9,174.5,64.7,46.9,97.2,83.7,17.5,41
22.8,40.4,35.1,50.3,100.6,36.7,151.6,103.8,84.2,57.9,20.2,55.4,34.6,37.0,39.7,47.3,8.1,35.6,38.6,35.1,14.4,58.1,174.0,61.6,49.2,94.1,79.1,17.2,40
21.7,43.2,38.1,53.4,102.0,36.3,150.0,112.5,81.9,63.0,20.6,55.2,33.7,46.5,47.8,47.7,8.3,41.2,45.4,34.9,16.2,56.1,173.9,59.8,44.4,100.1,85.1,17.7,47
23.0,39.8,33.6,47.0,100.3,38.0,155.2,102.8,88.7,63.0,20.7,57.0,34.5,43.8,45.2,51.1,8.0,37.8,40.4,37.1,15.7,60.1,177.4,60.7,44.4,90.5,80.2,17.5,39
24.3,41.7,34.5,51.9,105.1,41.2,158.0,114.0,86.8,65.3,22.6,58.0,36.1,43.2,45.1,51.1,7.9,41.1,46.6,38.1,15.2,61.5,180.2,64.3,51.0,107.9,95.8,17.8,38
23.3,39.8,36.3,49.8,102.2,38.0,149.6,104.3,87.5,60.9,23.1,57.2,36.0,39.0,41.5,48.7,7.1,38.9,42.1,38.3,14.8,62.1,172.8,60.8,44.5,90.0,82.8,18.1,43
21.1,41.5,34.3,50.0,100.2,36.6,147.6,102.2,82.7,62.8,20.5,58.3,32.8,42.5,46.0,46.4,7.0,38.6,42.7,35.5,16.4,58.5,171.0,61.1,43.5,96.1,77.9,17.6,46
22.8,40.9,39.8,52.2,98.9,37.4,150.2,107.7,87.4,63.7,21.3,57.5,34.5,46.1,46.5,48.7,7.3,40.5,44.2,34.2,15.2,57.2,173.5,61.6,43.2,91.5,83.3,18.2,45
19.3,40.4,30.2,46.0,88.0,32.3,143.8,87.9,77.1,53.0,19.9,54.0,32.1,42.0,44.8,43.4,6.7,35.5,39.4,33.9,14.9,56.9,167.1,52.2,44.9,72.0,57.8,16.9,40
23.8,44.1,42.7,55.1,110.3,45.1,156.3,117.8,85.7,68.9,22.9,57.7,35.9,42.6,44.5,48.2,8.0,41.4,45.2,37.8,16.0,60.5,179.1,72.2,49.5,106.0,105.5,19.4,45
23.0,42.1,37.2,51.8,106.9,40.8,154.3,107.6,86.1,64.4,21.1,58.5,35.8,45.3,47.1,47.5,7.7,39.3,45.8,36.2,16.5,58.0,179.4,64.7,46.7,98.0,89.8,18.0,39
24.1,42.5,38.0,53.8,102.5,41.4,160.9,111.4,90.7,63.5,22.3,56.6,36.0,46.2,47.5,51.2,7.0,39.7,43.9,36.7,16.0,59.7,185.3,63.9,51.0,95.8,93.7,18.6,38
23.4,44.1,35.7,53.7,102.6,40.1,147.2,114.3,79.6,68.1,21.6,56.8,35.3,46.5,47.8,45.4,7.0,42.6,48.0,34.9,15.4,56.3,171.2,59.9,43.5,105.4,88.7,18.1,40
21.5,42.6,37.0,50.1,97.3,36.6,153.8,105.7,86.2,58.4,22.3,56.8,34.6,44.5,47.5,49.6,7.8,38.7,44.3,36.3,15.8,57.7,177.7,57.9,47.1,91.4,79.7,18.7,44
24.3,45.1,37.7,54.9,108.7,42.9,158.4,114.9,87.4,68.4,22.0,60.0,36.6,43.7,46.0,51.1,8.3,43.1,45.8,38.7,16.7,63.4,181.5,68.1,48.5,102.1,100.1,18.9,39
21.2,42.1,33.1,48.8,99.1,34.3,162.1,97.8,90.0,62.9,21.6,58.8,34.7,43.0,46.6,49.5,6.8,41.2,44.8,39.5,14.6,65.1,185.9,59.6,49.8,86.1,82.7,17.7,52
21.2,40.8,35.1,51.1,98.4,36.7,139.8,107.6,75.9,64.7,20.1,54.7,31.2,44.8,45.7,41.9,6.1,42.4,44.9,33.6,15.0,53.7,160.9,57.1,44.2,104.6,77.1,17.2,54
23.7,39.8,37.1,51.2,102.8,41.7,143.7,108.9,82.7,58.8,21.2,57.0,33.3,39.9,41.6,47.5,7.2,38.5,41.9,35.2,13.5,57.2,166.0,62.6,44.1,98.1,84.4,17.3,42
22.8,41.6,36.8,53.9,106.2,40.0,161.7,116.0,89.3,60.1,21.0,59.0,33.9,47.0,48.1,49.9,7.3,40.6,45.5,37.8,14.2,61.9,186.3,63.8,50.4,105.0,95.3,17.8,43
20.7,42.2,31.5,48.3,97.5,36.7,157.3,101.2,86.2,60.3,22.2,58.0,34.4,41.0,44.3,50.9,7.8,37.0,40.7,37.8,16.5,61.0,181.9,57.4,49.7,94.7,77.9,18.0,56
21.7,41.6,32.0,48.3,95.3,35.5,149.8,96.1,83.8,56.9,20.6,56.3,33.5,41.0,44.5,48.1,7.3,36.2,39.4,36.2,15.9,58.3,172.6,56.3,46.6,93.0,71.3,17.2,46
24.3,44.2,43.3,55.4,112.4,45.1,147.0,118.6,79.7,65.2,22.2,61.0,35.8,49.1,48.9,45.9,7.3,47.2,50.2,34.4,15.1,56.2,171.7,70.6,47.3,109.4,106.4,18.3,42
23.3,39.9,37.7,50.9,109.2,40.6,155.2,113.7,85.6,62.8,22.3,57.6,33.7,43.2,45.2,50.0,7.5,41.0,45.8,38.9,14.4,64.0,176.2,65.7,50.1,109.9,94.4,18.5,47
22.7,39.4,35.3,47.9,98.4,40.5,154.3,99.9,84.9,63.6,21.7,58.5,35.5,40.3,42.7,49.3,7.7,39.2,42.5,35.3,14.9,57.4,178.2,58.6,48.1,90.8,81.0,17.3,46
21.3,40.4,36.2,49.9,99.3,36.8,154.1,102.7,87.7,57.3,21.0,56.7,35.7,41.5,43.5,50.4,7.3,39.3,42.8,38.9,14.2,64.3,178.2,61.1,48.5,95.2,80.8,18.0,46
22.0,39.4,36.3,51.4,99.8,36.2,150.2,107.6,80.8,59.9,21.5,57.8,35.2,42.8,43.2,46.3,7.6,41.2,44.9,35.1,13.6,58.4,173.4,61.0,49.4,92.2,82.6,17.8,51
20.6,35.8,32.4,46.2,94.8,36.2,132.4,99.7,74.3,54.4,19.3,55.3,31.5,38.7,40.2,42.7,5.7,38.2,41.3,32.1,12.3,53.6,152.8,61.0,41.3,96.6,66.3,16.6,50
20.2,40.1,33.5,48.9,94.3,35.8,149.2,100.7,81.3,61.3,21.7,57.4,31.7,40.9,44.6,45.5,6.7,39.3,43.6,36.7,14.9,58.8,175.0,54.5,45.7,82.3,72.5,17.0,22
23.0,42.0,33.5,50.3,100.0,37.3,155.7,100.3,87.1,63.7,20.3,55.6,34.0,42.9,46.0,51.6,7.8,38.3,43.1,37.7,14.9,61.8,179.3,59.8,46.4,92.0,76.6,16.7,41
22.0,40.0,34.5,49.4,97.4,39.6,146.9,102.7,81.3,65.3,19.2,57.7,34.2,39.0,41.2,48.5,7.6,38.2,41.8,35.9,15.4,59.3,170.6,58.1,43.3,95.6,76.6,16.8,44
23.8,44.2,40.5,53.5,111.3,45.1,155.9,114.3,89.2,65.1,23.5,57.7,35.7,47.4,49.4,50.1,7.1,42.8,46.3,40.9,16.5,62.9,179.4,70.1,47.0,105.1,104.7,19.2,47
22.4,42.8,31.3,50.5,95.0,37.7,152.3,100.9,86.0,54.2,20.4,57.8,33.9,44.3,46.7,50.1,8.0,37.9,43.4,37.2,15.8,60.4,177.8,57.6,49.5,87.8,72.7,17.0,28
23.7,41.3,32.5,51.1,102.4,38.9,146.8,105.2,87.2,58.1,21.1,58.2,33.9,45.2,47.1,50.0,7.5,40.8,44.8,37.7,15.5,60.5,170.0,62.8,42.0,97.6,79.7,17.2,35
24.6,42.9,43.8,56.4,101.2,40.6,146.2,127.2,80.1,60.4,21.1,58.0,35.5,50.7,49.3,46.9,7.7,46.5,50.7,35.8,16.0,56.5,168.9,58.3,45.8,101.3,95.0,18.9,57
23.6,41.7,40.0,51.3,106.5,42.8,144.5,109.4,76.4,68.9,20.6,55.7,33.7,41.2,44.5,44.7,7.3,41.3,43.6,33.6,14.9,55.1,165.9,65.8,47.3,96.9,87.4,17.3,33
23.7,40.6,37.8,55.5,103.7,45.1,142.2,113.4,75.3,66.4,21.6,57.8,34.0,46.1,46.7,44.7,7.3,42.1,45.5,34.6,13.6,55.9,165.3,65.9,45.7,99.6,91.4,18.4,41
21.8,41.0,38.4,55.9,103.2,39.5,143.2,113.5,79.4,58.8,20.3,55.2,33.0,45.0,46.0,46.0,7.2,42.8,45.3,34.4,14.8,57.4,164.7,60.7,48.1,104.1,85.2,17.4,42
22.3,42.7,35.5,50.8,97.2,36.0,154.3,98.3,86.7,60.0,22.3,56.0,34.6,40.5,44.2,48.5,7.8,39.3,42.5,37.3,16.0,61.5,179.4,57.9,46.2,83.8,78.2,18.0,22
20.1,40.3,36.0,50.4,98.2,37.5,145.4,107.3,81.0,54.1,19.3,55.4,32.0,44.3,46.0,47.0,7.4,40.1,45.3,35.7,14.2,58.8,168.1,59.7,47.5,94.7,76.2,16.9,40
24.3,41.4,37.8,53.6,103.3,41.4,146.4,112.5,79.2,60.1,20.2,57.0,35.3,48.2,48.7,47.6,7.5,40.3,44.8,34.2,14.5,56.7,170.0,64.6,47.5,104.3,90.8,17.8,38
22.2,41.6,35.7,51.3,96.8,36.7,152.3,102.1,85.6,61.2,23.3,58.7,34.7,45.1,46.6,48.5,7.7,39.6,43.6,36.3,14.5,59.7,175.5,57.8,46.8,85.1,76.7,18.0,34
22.6,39.3,38.3,49.5,105.3,41.3,146.4,104.2,81.9,53.0,20.4,58.6,32.6,42.8,45.0,43.4,7.3,39.1,44.5,34.5,14.1,55.0,171.0,63.5,50.4,100.4,85.9,17.1,30
25.5,41.9,41.3,54.6,112.2,41.8,159.4,114.8,89.2,71.6,21.7,60.8,35.3,45.0,46.2,49.5,7.7,43.4,46.8,36.3,14.8,58.5,184.5,68.9,47.9,104.3,106.7,18.1,26
23.6,39.3,34.1,50.1,104.0,39.4,146.3,109.2,79.3,64.1,21.2,55.4,33.7,45.3,46.8,47.0,7.8,39.9,43.8,34.7,14.4,57.1,169.6,63.3,46.9,98.2,84.9,17.4,31
22.8,41.9,31.3,48.2,89.8,35.9,155.6,92.2,87.6,57.9,19.8,57.3,34.2,41.5,45.7,50.1,7.6,39.5,44.1,38.7,16.0,61.3,179.2,53.7,46.7,84.0,70.0,17.0,20
22.5,40.2,30.5,47.6,93.1,34.7,150.5,89.9,82.7,55.2,21.4,56.7,34.4,40.4,44.0,48.4,6.9,36.9,41.5,36.4,14.6,59.0,173.5,53.3,47.7,82.7,65.7,16.9,24
25.3,41.4,37.7,52.0,101.3,43.2,145.2,108.7,78.9,65.4,21.4,57.4,35.3,45.9,48.2,46.6,7.8,38.7,41.8,36.8,15.1,60.2,167.7,61.6,45.0,95.1,84.5,18.1,26
23.1,43.6,41.5,55.0,105.8,39.5,155.8,116.6,85.3,65.9,22.4,58.9,35.0,47.3,49.2,50.0,7.0,44.3,47.4,37.5,16.1,60.4,176.7,65.8,48.4,104.7,98.7,18.5,53
21.8,40.2,35.3,50.3,104.5,38.4,151.9,104.7,81.4,59.9,20.8,56.7,32.9,41.6,44.0,47.9,6.5,41.1,45.6,36.1,14.3,58.8,175.1,64.7,54.6,100.1,85.7,16.9,58
24.2,42.6,38.2,55.2,113.1,40.7,152.0,114.8,82.5,75.5,21.8,58.1,36.3,46.6,48.5,46.6,7.9,41.7,46.3,36.1,16.1,58.9,176.9,73.5,48.5,108.6,104.5,18.7,35
23.0,40.5,34.9,50.6,104.9,39.7,149.0,105.1,80.3,64.9,22.5,60.0,35.6,40.0,42.1,45.9,7.5,40.1,43.5,36.3,14.8,58.1,173.6,62.9,50.2,105.9,89.3,18.2,49
23.4,42.5,39.4,53.7,107.0,40.5,163.6,113.2,87.2,70.8,22.6,58.5,34.6,46.8,47.7,49.3,7.3,42.0,47.2,36.8,15.2,58.2,187.3,68.0,54.1,97.8,103.2,19.1,35
23.7,44.1,36.0,54.8,108.0,39.7,151.9,106.9,82.1,65.6,21.7,58.5,34.5,41.7,45.0,46.2,8.0,41.4,44.7,36.1,15.3,58.6,174.3,67.7,48.5,95.7,89.4,17.5,21
20.8,40.5,32.6,47.7,94.2,35.0,153.7,90.7,83.4,60.3,19.3,56.5,32.8,36.7,39.8,48.4,7.6,36.0,41.7,35.7,14.1,58.6,177.5,55.4,47.2,77.3,66.6,17.2,24
22.3,44.5,42.4,54.7,101.2,36.4,149.3,116.3,82.8,65.3,21.3,57.5,34.4,47.4,48.7,47.9,7.7,41.1,44.9,36.0,16.7,58.1,171.7,65.7,44.9,93.6,89.0,17.7,22
23.8,45.2,39.0,58.8,112.4,41.5,149.6,124.3,82.7,59.8,21.4,61.7,34.9,50.0,51.5,47.5,6.7,44.2,48.0,34.9,16.6,58.6,170.6,70.9,51.3,111.2,105.6,17.8,37
22.9,41.8,38.6,51.7,99.2,40.3,151.8,107.4,85.0,59.6,21.3,57.8,34.6,43.6,45.1,48.5,7.2,39.5,43.8,37.3,15.1,60.3,176.1,62.8,46.8,94.1,84.3,17.2,36
22.7,40.4,35.1,49.9,101.0,39.2,142.1,99.3,78.1,55.4,19.3,57.4,32.4,38.2,40.2,44.0,6.7,38.1,41.4,34.6,15.0,54.5,166.0,61.1,45.2,86.7,74.6,16.1,31
20.9,39.1,30.0,46.7,89.4,34.9,143.2,94.0,77.2,53.8,19.4,56.6,31.7,40.1,43.3,44.1,6.5,34.6,39.2,34.5,15.5,55.8,166.5,50.5,46.4,76.6,59.7,16.2,41
22.4,42.0,35.4,53.0,99.8,37.4,152.7,102.4,85.7,60.5,21.3,59.0,33.7,44.2,45.1,48.7,6.2,43.0,47.3,37.7,14.3,62.3,177.3,59.8,47.1,94.6,82.6,17.6,31
24.6,42.8,40.7,53.4,100.3,41.3,152.5,115.1,83.9,60.1,21.2,57.7,35.3,47.3,48.8,48.2,7.4,41.1,44.9,36.0,16.2,58.7,173.5,61.9,51.0,95.1,90.7,18.2,33
22.5,42.1,43.9,54.3,97.2,40.3,150.2,113.3,84.2,54.8,21.6,57.7,33.0,48.2,48.5,48.7,7.0,43.6,46.8,37.1,14.3,59.0,172.3,61.4,48.9,93.0,87.7,17.6,41
20.4,41.3,36.2,49.6,92.5,35.4,145.3,101.7,81.3,56.3,20.0,54.7,33.4,43.4,45.5,47.8,7.2,38.6,43.4,34.9,14.2,57.4,169.3,54.3,44.8,82.2,68.5,16.5,25
21.7,42.4,33.6,50.6,98.9,38.4,148.6,102.7,78.4,63.1,22.1,58.1,32.2,45.7,47.0,46.3,7.4,37.5,41.2,35.0,16.0,55.4,172.8,59.8,45.6,90.8,76.7,17.2,31
25.6,43.4,40.0,57.0,112.6,45.4,155.7,121.9,86.7,69.3,22.3,58.0,36.3,48.0,49.5,49.0,7.5,44.1,48.8,37.2,16.1,59.9,180.9,67.7,47.2,108.2,108.1,19.2,45
23.0,36.9,36.2,47.8,100.0,39.5,143.8,104.3,77.5,66.4,20.0,58.2,33.6,37.9,38.5,44.2,7.1,37.7,42.3,34.6,12.2,56.5,167.1,61.8,42.5,89.8,77.2,16.0,33
23.5,41.8,34.5,50.2,104.4,37.3,154.8,104.2,86.2,66.2,21.2,57.3,32.7,45.0,46.5,48.1,7.9,36.8,40.6,36.3,15.5,59.0,177.5,63.1,47.9,90.9,82.9,16.8,27
21.8,38.9,35.1,50.1,103.3,37.1,148.6,105.1,81.9,64.8,21.4,59.7,32.4,44.5,45.2,44.7,7.9,41.3,45.0,36.6,14.5,58.3,172.7,63.4,47.0,101.0,85.7,17.7,22
20.6,39.4,32.2,48.4,95.3,33.9,143.2,100.9,78.6,57.4,20.4,56.8,30.8,42.0,44.4,44.8,6.9,40.1,44.2,34.5,14.0,55.0,167.5,56.9,47.8,86.0,69.1,16.5,31
21.7,38.8,39.3,48.2,96.3,38.3,147.1,107.2,81.1,59.6,21.0,58.0,33.2,44.3,46.0,46.8,7.7,40.4,44.0,34.9,15.3,56.7,169.7,60.1,48.7,93.8,80.6,17.5,40
21.7,39.7,33.2,48.2,96.1,34.7,153.5,101.1,86.3,64.6,19.7,57.2,33.0,42.2,42.9,47.8,7.3,38.3,43.3,35.5,14.8,58.5,176.0,59.0,46.0,87.5,73.7,16.7,41
25.0,40.3,35.0,50.2,98.5,40.6,151.9,102.3,84.1,60.7,23.4,58.2,34.0,42.0,44.1,48.6,8.4,38.3,42.4,35.3,14.5,57.9,176.6,58.8,48.5,83.6,77.5,18.6,22
23.1,42.0,38.0,54.4,112.8,41.5,146.5,115.2,77.4,63.5,19.9,57.5,34.3,47.2,47.3,46.8,7.3,45.6,49.0,32.5,15.6,52.7,170.7,70.0,53.9,115.5,100.6,17.0,43
22.7,44.7,31.5,52.4,102.1,39.6,156.1,103.6,86.5,59.5,20.0,56.6,34.0,43.2,43.1,48.1,7.6,39.3,42.5,38.4,16.6,61.7,179.8,59.5,50.3,100.7,86.0,17.1,44
21.1,36.5,30.6,45.2,90.6,33.1,144.3,87.2,78.1,57.4,19.0,55.3,31.1,37.1,38.7,44.0,7.8,36.7,41.2,33.0,12.6,53.0,168.2,53.1,47.8,77.8,59.7,16.3,29
24.1,41.7,38.9,55.2,109.6,40.9,149.2,116.7,77.6,65.3,21.5,57.3,34.3,46.5,46.7,45.9,7.1,44.4,49.0,34.8,14.9,53.8,174.7,66.2,52.8,112.9,97.9,17.8,42
22.7,44.6,38.2,51.5,100.9,36.8,171.5,99.5,95.4,64.9,21.7,58.7,37.3,45.2,48.2,56.7,8.0,39.7,45.2,41.6,16.0,69.7,196.6,55.9,52.9,88.0,89.7,19.3,28
24.7,42.6,40.8,56.1,109.9,42.2,148.7,116.8,78.8,73.1,21.6,59.3,35.0,48.0,48.1,44.5,7.5,41.3,44.8,35.7,15.3,56.8,173.7,68.5,48.6,103.4,101.6,17.8,30
23.2,44.1,40.1,55.6,110.4,40.5,163.2,121.3,89.6,74.2,21.4,59.9,35.6,42.4,46.1,51.6,8.3,43.2,48.1,38.1,15.0,62.5,186.3,67.2,51.0,103.6,111.9,18.1,27
22.6,41.6,31.0,48.8,94.8,35.6,159.7,94.9,89.3,58.4,21.5,55.9,34.5,38.6,41.1,51.6,8.3,37.7,43.6,38.2,13.7,61.4,185.7,53.8,48.9,81.5,71.1,17.7,26
25.1,42.1,43.7,55.9,111.4,42.8,160.4,115.7,89.0,66.5,20.9,56.9,35.5,48.1,47.5,50.4,8.6,41.2,46.3,36.9,13.9,59.1,184.9,72.0,49.5,100.8,105.7,18.3,30
22.0,40.6,34.2,50.6,99.7,36.3,159.0,103.5,86.5,59.7,21.6,59.5,33.6,40.4,41.5,51.1,6.9,37.5,42.3,37.1,14.2,62.5,183.6,61.6,52.4,92.4,82.8,16.8,35
23.3,41.2,36.3,50.9,101.1,41.3,148.7,103.7,82.3,61.5,21.2,57.9,34.1,44.6,46.0,48.0,7.2,41.1,45.5,35.2,16.6,58.0,173.0,64.2,47.3,93.9,85.1,18.1,30
27.0,43.0,38.8,52.6,101.6,44.5,170.1,109.9,97.3,64.8,21.8,56.7,39.1,39.7,43.4,55.9,8.4,41.3,45.9,39.7,15.6,63.8,195.0,65.2,51.1,103.0,104.7,18.2,24
22.0,40.1,38.8,50.8,99.1,37.6,142.0,103.8,80.6,59.7,22.4,55.7,34.0,41.1,42.6,45.8,6.1,39.5,42.2,33.5,14.5,55.5,163.7,63.8,43.8,90.9,78.1,17.9,39
24.2,41.4,38.5,53.7,110.7,41.8,153.7,106.6,86.1,72.7,22.5,59.4,35.7,43.3,45.1,49.5,7.5,42.9,46.4,35.6,14.5,58.1,179.6,68.6,42.9,99.5,98.4,17.8,41
22.8,40.3,37.7,48.9,96.0,38.3,146.1,104.8,81.3,57.9,21.4,56.8,33.8,40.4,42.0,46.8,7.2,38.0,41.6,34.6,15.1,56.9,169.2,58.1,46.0,87.6,76.1,17.9,44
23.7,40.7,35.5,50.9,101.0,39.8,139.1,100.3,76.7,56.4,21.5,55.4,33.3,38.2,42.5,42.9,7.3,38.5,41.2,33.6,14.7,54.7,162.4,66.0,44.6,93.3,76.4,17.1,33
24.6,41.3,38.8,53.3,115.7,43.7,140.4,113.7,72.0,68.6,21.7,59.0,35.4,49.8,49.5,43.3,7.3,44.0,47.2,31.9,14.7,51.3,162.0,74.3,48.7,110.5,97.0,18.1,23
21.3,44.2,39.5,54.3,100.3,37.2,147.5,114.2,80.0,62.8,21.7,54.4,34.1,45.1,48.0,46.8,7.0,44.2,48.2,35.5,16.0,57.6,168.6,63.2,48.0,99.7,86.8,17.2,35
22.3,41.7,33.8,50.9,102.8,37.9,149.3,104.6,79.7,63.3,20.5,57.5,34.4,41.2,44.0,45.4,6.7,36.2,42.0,35.2,15.0,57.2,174.4,60.1,49.8,95.5,80.1,17.4,40
21.0,41.1,35.3,50.7,104.2,37.4,149.4,106.7,79.2,71.3,19.7,55.5,32.3,40.6,43.0,44.8,7.2,40.3,43.5,34.5,14.8,54.5,171.3,63.4,49.2,102.6,86.1,16.7,20
20.8,40.7,34.0,50.5,95.8,35.1,153.5,109.6,83.7,64.3,20.1,56.4,32.7,43.9,44.6,47.4,7.3,41.8,45.4,35.8,14.6,58.0,175.0,55.7,47.2,95.8,79.4,17.7,35
24.0,41.2,39.2,52.8,114.0,40.2,154.6,116.7,81.3,66.4,20.6,59.0,34.3,42.6,44.2,45.2,6.6,41.9,45.7,35.7,14.2,56.5,178.8,68.1,55.8,111.5,105.1,17.3,29
23.0,42.2,37.2,52.6,99.9,38.1,156.5,102.6,85.4,62.7,22.4,60.3,36.4,45.6,46.4,48.2,7.9,40.1,42.0,36.6,16.3,62.1,183.0,62.8,48.4,83.8,84.8,18.4,29
21.7,39.2,30.5,46.0,89.7,35.6,148.7,96.4,81.2,60.4,21.4,54.7,34.2,42.9,43.5,46.4,7.0,37.5,39.2,34.6,14.9,56.9,171.1,50.5,47.4,80.1,63.0,17.6,48
25.9,44.4,42.5,60.8,125.6,47.6,161.0,131.7,89.7,75.8,22.4,59.6,38.0,50.7,52.5,52.1,8.5,46.0,48.0,36.9,16.9,60.7,184.1,76.2,52.3,126.3,134.4,19.1,26
23.9,46.5,37.3,56.9,106.2,41.2,154.5,113.6,82.9,65.1,22.0,58.6,36.0,49.3,51.3,47.7,7.1,43.9,47.4,36.8,16.9,59.6,178.4,68.2,49.7,100.8,97.4,18.8,27
22.7,42.8,33.2,49.3,98.9,37.3,166.5,96.7,94.2,65.1,20.6,59.2,34.6,41.5,44.1,52.9,8.6,36.2,40.2,37.9,17.7,62.3,191.5,55.7,49.8,85.5,80.4,17.3,22
23.3,42.3,34.8,49.8,100.1,37.5,159.8,101.5,85.8,67.3,21.8,58.6,35.7,46.1,48.3,51.6,7.6,38.8,42.5,36.2,16.1,60.4,183.5,61.1,52.5,94.3,83.8,18.5,30
24.5,41.4,47.8,59.1,120.1,44.3,164.7,124.2,91.4,69.5,22.8,58.3,35.2,50.5,48.5,51.0,7.8,45.0,47.3,39.8,14.8,63.7,190.5,75.6,52.5,121.1,126.2,18.8,25
23.7,43.8,43.6,57.1,119.1,42.8,159.4,121.4,90.1,63.8,21.1,57.0,34.7,44.5,45.6,51.3,7.0,40.9,43.8,39.6,16.9,64.0,181.7,76.1,51.2,113.9,115.6,17.7,21
23.2,43.1,37.2,55.2,111.4,40.4,161.0,116.8,87.2,71.8,21.7,58.4,34.9,48.5,49.3,51.5,7.9,43.5,45.8,38.0,15.3,61.7,184.7,68.0,49.7,111.9,105.3,18.5,36
22.7,39.7,31.6,46.5,94.8,39.6,146.3,92.8,81.5,60.4,19.7,55.3,33.7,43.0,46.1,45.6,7.4,35.4,40.8,34.5,14.8,57.2,172.4,58.1,43.9,81.8,67.8,16.3,21
23.2,42.2,38.2,53.5,102.6,39.6,155.0,114.4,82.9,63.5,22.7,54.0,35.3,49.7,50.5,48.0,7.4,43.2,47.1,37.0,16.5,59.6,178.2,62.3,51.7,102.2,95.7,18.9,50
20.6,38.8,36.2,47.9,93.6,34.5,147.2,97.6,85.5,54.3,21.0,57.4,33.9,43.3,43.5,47.9,6.9,39.3,43.4,35.3,14.4,57.2,171.7,54.9,46.7,79.3,70.3,17.3,23
21.7,41.3,30.3,45.8,93.4,36.1,153.2,89.0,86.5,58.6,20.9,56.1,34.5,37.4,42.1,49.1,7.4,36.0,41.8,38.3,15.5,60.9,178.1,53.3,46.1,77.7,65.7,17.0,20
23.0,41.7,34.0,51.0,103.5,39.5,156.6,107.2,84.3,62.7,21.7,59.6,33.6,42.8,45.3,48.0,7.5,40.9,44.3,38.3,15.6,61.1,183.3,61.7,51.4,96.7,89.5,18.5,24
22.5,41.0,33.1,49.0,94.3,38.1,149.2,100.8,81.7,61.3,21.3,58.0,33.7,46.7,49.7,45.8,7.2,40.0,43.4,36.3,15.5,56.3,174.1,58.0,45.2,83.0,75.8,17.8,26
23.2,42.6,34.3,51.7,106.8,39.9,159.1,107.2,87.4,60.6,21.5,58.2,35.7,44.2,46.7,50.6,7.9,39.9,44.4,37.5,16.0,60.0,182.4,61.7,53.4,102.7,90.6,17.7,44
22.8,40.1,33.5,46.4,94.3,37.4,153.1,93.7,86.1,59.9,20.4,57.1,34.5,40.5,43.4,49.3,8.6,36.9,40.5,37.4,15.5,58.5,176.6,57.4,46.5,82.1,72.0,17.0,25
23.7,42.3,39.8,53.2,111.3,42.4,158.5,110.6,86.9,65.6,22.1,60.3,35.7,44.5,47.4,49.7,7.2,42.4,45.0,38.4,16.1,62.0,182.1,70.5,55.4,115.0,104.8,18.2,25
27.0,40.8,41.9,54.7,113.3,46.4,155.3,120.1,87.1,64.7,21.9,57.2,37.1,46.6,47.1,48.9,8.4,43.1,46.6,37.8,12.7,59.9,179.8,74.0,54.3,120.6,116.1,18.8,31
24.1,41.3,36.0,51.0,100.6,40.3,159.1,105.2,87.8,67.7,20.5,57.8,34.3,41.6,44.5,50.9,7.2,38.0,41.5,37.7,15.3,61.1,183.2,63.5,48.2,89.8,86.6,17.7,21
21.1,40.9,31.0,47.9,87.9,35.6,144.0,92.2,80.3,55.2,19.4,56.6,30.7,41.6,44.8,44.8,6.2,36.5,40.2,35.5,15.4,56.7,168.5,50.6,44.8,76.1,60.1,16.4,21
24.0,41.8,40.3,54.6,116.2,41.6,155.9,116.4,85.9,66.1,22.0,59.2,35.8,47.0,46.8,49.3,7.4,43.8,47.6,37.7,14.5,60.2,178.8,73.2,54.7,115.9,112.0,18.3,24
22.1,42.5,34.7,49.7,95.8,37.5,152.7,97.9,83.6,62.6,19.9,58.1,31.9,42.3,45.7,47.1,7.1,39.9,44.4,37.5,15.4,58.9,176.5,56.4,47.9,89.8,76.2,16.5,24
24.8,43.7,44.0,58.7,125.5,46.3,158.6,129.9,86.8,73.9,22.6,58.5,37.3,47.6,47.9,49.3,7.9,45.1,48.1,38.5,15.0,60.5,181.8,78.8,51.1,115.9,127.8,19.3,20
20.7,39.2,26.7,44.7,84.1,32.6,144.8,85.5,80.4,52.6,19.5,55.0,30.6,40.0,42.4,44.5,6.4,34.0,38.2,36.3,15.6,58.1,168.7,45.8,45.1,70.9,52.9,15.8,20
22.5,40.8,35.7,51.8,103.8,39.8,152.1,112.1,83.1,65.5,21.3,57.7,33.8,46.7,47.1,47.1,7.9,44.7,47.0,36.4,14.6,58.5,175.1,63.3,46.5,100.5,91.8,17.5,35
23.6,44.8,34.3,53.0,101.8,39.6,152.7,100.2,81.2,67.9,21.3,57.8,34.3,43.6,47.6,46.3,7.3,38.6,42.5,36.2,18.1,57.2,177.8,63.2,47.1,87.6,83.0,17.3,30
25.4,47.2,42.3,58.0,110.9,41.6,158.3,121.3,86.5,67.5,22.7,59.0,36.5,43.8,48.2,49.8,7.2,43.4,47.7,40.2,18.0,64.0,180.9,67.4,47.3,104.2,105.3,19.4,44
23.5,43.9,36.0,53.3,105.7,40.2,156.2,110.0,85.2,64.8,22.1,59.7,35.5,48.9,50.8,49.4,7.3,42.3,47.5,36.9,16.0,59.9,178.7,62.3,49.2,102.2,89.9,19.4,51
21.7,39.9,34.1,50.2,98.1,36.9,160.3,104.7,92.8,60.5,21.3,59.2,34.2,43.0,44.0,54.0,7.7,41.0,44.0,38.0,14.3,61.8,184.4,58.5,48.5,93.4,84.9,17.4,43
20.3,41.9,35.8,50.6,100.2,35.6,155.6,110.6,88.7,64.8,19.7,56.3,32.4,42.2,43.5,49.5,7.4,37.5,39.3,37.7,17.0,62.0,179.0,63.3,45.0,91.7,82.3,16.8,45
22.2,37.4,34.0,45.7,90.3,35.8,144.9,95.2,77.9,61.1,20.8,57.8,33.1,33.4,35.1,43.9,7.4,37.4,39.9,33.6,12.6,53.4,169.3,52.8,44.4,80.0,65.9,16.8,41
21.2,41.1,32.6,49.5,101.2,35.4,150.8,104.5,84.1,65.8,20.6,56.4,32.5,39.6,42.5,49.3,8.0,38.5,42.9,36.9,15.7,58.5,173.4,61.0,45.0,97.2,78.8,16.9,28
20.7,42.7,32.9,49.2,98.2,35.7,159.4,99.6,91.7,57.2,21.1,57.4,35.6,40.8,44.5,51.3,7.1,39.1,43.1,40.7,16.4,66.5,183.4,59.0,47.7,85.9,78.7,17.9,31
22.1,43.6,39.7,53.8,105.4,40.6,157.4,107.7,84.3,63.6,22.3,57.3,34.0,47.7,49.1,48.0,7.3,41.2,46.4,35.8,16.0,57.1,183.0,66.2,52.7,97.7,95.4,18.2,36
23.3,41.8,38.2,51.9,104.3,40.8,158.0,112.9,87.1,64.8,22.4,57.5,35.8,44.3,46.5,48.6,8.2,40.3,44.2,38.4,15.8,62.7,184.2,62.8,49.9,99.3,97.0,18.8,38
23.7,44.7,38.8,57.3,112.8,43.7,161.4,115.4,89.4,73.3,21.4,58.9,34.3,51.5,52.0,51.2,8.3,41.3,46.1,37.6,16.8,63.0,187.6,71.7,50.0,104.8,105.2,18.5,31
20.6,40.6,33.7,47.5,90.7,32.3,143.5,99.3,79.5,53.5,20.4,56.6,32.1,40.2,41.6,44.3,7.4,38.3,42.1,34.3,14.7,56.0,166.5,53.9,47.0,84.1,64.9,16.8,20
22.7,44.9,37.1,55.6,105.8,38.4,164.3,121.9,89.9,70.6,22.5,57.0,35.8,50.1,51.1,52.6,8.2,42.9,46.5,39.5,16.3,65.3,189.0,65.8,50.7,103.4,102.4,20.2,48
22.0,40.9,33.2,49.7,98.7,35.3,150.3,100.6,80.7,60.3,20.4,55.9,33.5,42.5,45.1,46.9,8.2,36.0,38.9,36.2,15.2,57.8,173.7,58.8,50.3,94.2,77.4,16.8,39
23.2,42.7,41.6,52.6,98.3,38.7,158.8,111.6,88.5,58.8,21.6,56.0,34.3,45.2,46.1,51.2,7.6,41.6,44.8,37.3,16.8,60.7,185.6,61.5,48.8,87.2,89.1,17.7,41
21.1,41.9,32.9,48.7,92.9,33.6,158.5,96.2,94.5,58.6,21.1,56.1,36.1,42.0,45.5,53.6,7.6,37.5,41.4,38.3,15.3,63.7,182.7,53.1,46.6,80.8,70.1,16.9,33
23.3,43.2,36.8,52.8,108.3,39.0,152.9,114.5,82.3,62.2,22.6,57.4,35.2,46.1,47.8,48.6,7.3,43.8,48.1,35.5,16.7,57.4,177.2,67.0,51.5,104.7,95.3,18.5,39
23.7,42.7,38.2,52.9,110.8,44.4,148.6,118.9,80.1,67.5,22.0,60.6,35.3,43.0,45.2,47.7,6.9,42.2,43.8,34.9,15.7,56.8,172.5,69.5,50.4,112.4,102.9,17.9,47
21.6,42.6,32.1,47.7,97.4,36.8,150.7,93.1,82.0,63.0,20.7,57.8,33.2,41.3,47.2,46.0,6.7,38.1,41.4,34.7,17.2,54.1,174.1,58.7,47.9,85.6,71.7,16.9,20
23.9,43.6,40.0,55.1,113.3,42.0,165.6,114.3,93.3,64.0,22.5,59.4,36.1,40.0,43.7,52.4,7.8,42.7,47.0,40.1,15.8,63.7,192.4,67.6,55.0,110.6,113.4,19.2,43
24.0,42.0,35.1,51.3,106.2,41.5,159.0,110.8,88.0,72.0,21.7,62.2,35.5,39.7,42.3,51.9,8.1,39.7,43.3,37.2,14.4,61.7,185.2,63.4,50.7,94.5,92.4,17.7,27
23.5,43.4,38.2,53.2,107.3,41.2,159.3,113.3,88.4,68.4,22.2,57.9,33.9,50.1,51.3,51.2,7.5,40.1,44.6,38.3,16.9,60.5,183.3,67.3,47.8,103.7,97.5,18.2,35
23.0,37.9,34.5,48.3,97.3,38.3,143.4,101.5,79.6,57.2,21.2,55.5,34.2,42.0,42.5,45.8,7.3,38.9,42.0,34.5,12.4,55.0,164.8,59.9,45.4,88.9,75.4,17.3,22
24.0,39.8,37.7,49.1,103.8,39.4,150.5,99.1,82.3,62.1,21.1,56.8,34.0,41.7,43.2,45.7,6.6,38.2,41.7,36.3,14.8,59.0,173.3,62.4,48.6,93.1,82.6,17.5,29
25.2,40.0,38.4,52.8,109.1,40.4,144.4,112.1,79.0,66.7,22.6,58.7,35.4,45.9,47.0,44.7,7.4,44.7,49.2,35.9,12.3,57.8,168.1,66.4,45.2,102.3,93.1,18.9,26
24.7,43.2,41.7,56.3,119.2,44.7,151.9,115.3,79.3,70.5,22.3,57.8,34.5,46.5,48.6,46.5,7.9,44.2,47.8,36.8,15.4,56.9,174.5,78.0,51.3,118.4,111.2,18.9,23
23.7,42.4,35.7,51.6,101.6,41.0,146.7,106.2,82.3,56.2,21.1,55.0,34.5,45.4,47.1,46.9,7.9,39.2,43.7,36.8,15.4,58.9,170.0,64.2,45.8,87.6,80.8,17.8,21
23.4,42.2,38.0,52.0,104.7,40.2,143.4,105.3,78.4,60.2,21.3,55.2,33.0,40.1,42.7,42.8,6.1,41.0,46.4,34.6,15.2,54.8,168.9,64.9,46.2,83.5,81.1,17.4,22
23.8,41.2,37.8,53.5,112.8,40.5,153.8,106.9,84.0,69.9,20.7,63.0,35.4,44.1,45.8,47.9,7.1,42.5,45.1,36.2,14.8,57.3,180.3,69.2,50.2,99.0,96.2,18.3,26
24.0,40.3,36.6,51.8,111.7,42.2,162.0,109.8,89.2,69.4,21.5,57.6,37.1,45.5,46.3,52.0,8.6,37.2,41.2,38.1,15.1,63.5,186.1,69.1,52.0,100.9,100.3,18.7,24
24.7,41.4,37.1,55.1,113.7,40.6,150.3,112.5,83.3,68.9,21.3,60.2,34.6,44.1,45.0,47.3,7.9,40.5,44.8,37.0,13.7,57.8,175.4,70.9,49.5,108.9,99.9,17.9,21
25.6,42.7,38.8,53.3,108.9,42.0,157.4,114.7,89.7,59.8,22.0,58.5,37.2,46.5,48.5,51.2,8.4,40.2,44.7,39.8,15.7,63.1,181.7,69.2,50.0,106.6,100.3,19.1,45
24.7,39.9,35.6,49.0,102.4,42.2,147.8,104.6,81.6,65.4,20.5,60.5,34.7,38.1,41.1,46.5,8.1,41.4,43.6,35.9,13.4,57.0,170.9,67.0,47.7,95.8,77.3,17.1,25
22.2,41.4,32.1,49.4,97.3,37.8,155.7,100.6,88.0,63.4,22.2,59.4,34.6,43.4,46.3,49.5,7.0,37.2,41.5,37.2,15.1,62.3,180.2,58.8,46.5,81.3,78.2,17.5,19
25.3,42.3,43.5,52.5,106.2,42.5,159.6,106.4,90.6,58.3,21.5,59.0,35.7,43.2,45.2,50.8,8.5,40.5,45.0,38.7,15.0,63.2,183.7,64.8,51.0,86.8,95.6,18.6,21
23.0,38.7,29.2,45.5,92.1,37.0,151.5,89.7,86.0,57.4,21.0,57.6,33.4,41.1,44.5,49.5,7.9,36.3,40.0,38.2,14.4,61.0,177.1,52.3,45.7,75.7,66.0,17.0,19
23.5,42.9,37.7,55.0,111.7,43.2,163.8,121.8,92.7,65.8,21.8,59.0,35.3,44.1,46.2,51.6,7.9,43.2,47.5,39.2,14.5,64.7,187.9,68.1,50.1,110.8,108.7,18.0,32
25.8,43.5,41.1,55.0,113.4,43.4,161.4,115.9,91.0,71.0,22.7,58.8,37.0,48.1,50.0,51.6,7.5,43.6,46.1,37.7,16.5,62.0,184.9,70.9,49.1,108.0,110.7,19.2,20
24.0,42.2,35.0,51.9,113.2,42.5,148.7,106.8,83.8,66.8,21.1,58.0,33.7,42.5,44.0,48.4,7.6,40.1,42.7,36.8,16.0,60.1,173.5,69.6,44.5,105.4,93.5,17.6,26
22.4,42.0,36.8,51.3,102.4,36.9,155.8,103.1,84.5,62.1,21.3,57.4,34.7,42.9,43.5,49.7,7.0,40.2,43.8,35.6,15.5,57.6,180.7,64.6,50.1,88.4,84.8,17.8,34
24.5,41.7,38.4,52.6,107.6,41.1,154.3,111.6,85.8,58.8,21.6,58.4,35.4,44.1,46.1,48.4,7.1,42.5,45.7,36.2,15.0,60.1,179.1,66.8,48.7,100.7,96.3,19.0,22
22.0,41.5,31.0,47.8,90.5,36.7,143.7,92.2,79.2,60.0,21.4,56.7,31.8,36.5,41.3,44.7,7.0,37.2,42.1,34.4,15.9,55.5,170.0,54.3,43.3,74.6,64.6,17.3,19
22.2,42.1,36.3,52.9,117.6,41.3,160.5,106.3,89.8,65.9,20.2,57.5,35.2,41.1,45.0,50.0,7.7,36.5,40.5,38.1,17.2,61.2,186.2,72.7,49.6,107.1,102.6,16.9,21
23.5,43.1,36.4,52.7,105.0,43.6,149.3,104.8,82.5,68.5,21.4,59.6,34.4,45.2,47.1,47.7,7.9,39.7,45.5,36.0,14.9,59.1,172.7,67.8,42.9,98.2,88.4,17.6,23
20.6,41.5,32.6,49.7,90.8,37.2,145.4,93.9,81.7,54.3,20.4,57.0,31.1,38.7,42.6,46.5,6.7,38.0,42.0,35.9,15.9,57.0,168.4,56.4,46.3,79.5,67.4,17.3,22
23.4,39.6,36.5,49.5,102.6,39.5,147.8,101.8,79.9,60.7,20.5,57.6,33.8,44.7,45.8,47.0,6.7,40.6,43.2,36.0,14.5,57.2,170.9,64.4,48.3,96.1,82.3,17.6,23
21.3,41.3,32.7,48.8,98.8,35.6,154.4,97.8,88.3,60.8,20.7,54.8,33.5,40.4,43.7,49.6,7.4,37.3,41.2,37.1,15.9,60.0,176.1,56.8,46.6,83.0,73.0,17.2,26
23.3,42.9,37.2,52.5,103.1,41.1,149.4,109.3,80.6,62.5,21.5,58.3,35.6,45.3,47.6,46.6,6.7,41.0,44.8,34.5,15.3,57.1,172.5,62.8,49.0,98.8,88.9,18.2,32
23.0,41.7,34.4,51.3,98.9,37.2,143.0,102.6,78.3,60.2,20.5,55.0,33.4,38.8,43.5,45.0,7.4,39.6,43.3,34.7,15.1,57.2,165.7,61.0,44.2,89.7,77.1,17.9,20
23.8,41.1,30.6,47.8,89.9,38.6,148.4,92.0,83.5,60.8,20.4,58.6,34.0,41.0,43.3,47.0,6.8,37.7,42.3,34.5,15.2,57.2,173.8,53.5,44.1,79.0,69.9,17.6,21
24.2,42.1,32.6,48.7,100.9,39.4,166.9,99.3,96.4,61.6,21.6,56.7,37.7,42.5,45.0,54.1,8.0,37.3,41.2,38.6,16.3,62.5,193.6,59.5,49.8,85.5,83.1,18.6,20
25.2,43.6,40.5,55.8,115.4,41.2,162.5,121.3,87.2,74.5,24.4,59.3,37.3,47.1,48.5,51.3,7.5,44.2,47.5,38.4,15.9,61.1,186.9,72.2,51.4,111.6,116.3,19.5,26
23.2,41.8,36.8,51.7,108.1,40.1,157.9,112.4,85.7,59.0,21.5,58.8,36.1,42.0,44.8,50.0,7.3,38.8,44.2,37.8,15.5,60.1,183.4,67.7,54.4,107.7,98.6,18.0,23
24.3,47.8,44.3,59.7,123.6,43.8,168.1,125.5,94.6,77.4,21.2,61.4,37.5,46.2,50.7,53.6,7.6,43.7,47.5,39.0,18.0,65.4,192.8,82.9,50.5,118.5,132.5,18.3,26
24.4,44.1,37.4,55.4,111.7,41.3,159.1,119.3,88.0,61.3,23.3,57.7,37.7,47.8,49.8,50.1,7.3,41.8,46.1,38.9,16.8,63.6,183.1,66.8,53.3,105.5,104.8,18.6,20
23.2,40.8,35.3,48.6,103.8,40.3,150.6,102.6,83.1,61.8,20.8,56.8,33.0,41.0,44.4,47.1,6.8,39.3,42.8,36.2,15.8,59.4,175.8,61.6,48.2,96.1,82.4,17.7,21
21.4,39.4,33.1,47.6,89.2,34.2,148.8,94.3,86.0,54.7,20.7,53.8,32.7,43.2,44.7,46.5,7.2,36.4,39.4,36.6,15.3,59.9,172.1,53.1,43.3,78.2,65.0,16.9,21
24.6,43.0,35.6,52.9,105.3,39.4,161.7,104.2,86.5,62.3,23.6,59.0,37.6,40.1,44.2,50.3,8.9,39.5,43.1,39.3,15.4,64.7,188.3,63.3,52.5,100.8,96.1,19.4,20
25.1,39.7,39.5,51.8,110.9,43.3,155.6,111.5,89.0,63.5,22.3,58.4,36.0,43.3,44.1,51.1,7.7,42.1,46.1,38.4,15.5,62.0,181.1,70.2,47.2,96.1,97.9,19.2,28
20.7,35.5,28.8,42.6,83.8,34.2,145.6,84.8,83.5,51.9,20.6,54.4,32.4,35.5,37.6,47.1,7.0,32.5,35.6,34.9,13.8,57.6,170.0,49.2,43.0,68.7,54.0,16.9,19
21.0,39.5,33.0,47.9,88.3,34.8,142.3,89.2,80.4,56.0,19.1,57.1,32.1,45.0,46.8,45.9,7.0,34.6,39.7,35.8,13.7,60.0,166.4,54.4,42.3,76.3,60.8,15.8,21
21.7,37.5,36.2,50.9,93.6,35.0,150.7,99.6,82.6,60.3,20.5,56.0,34.5,39.7,41.8,47.0,7.7,36.6,39.9,35.1,13.5,57.9,173.3,57.4,49.5,88.7,73.9,16.3,24
25.0,43.2,38.9,55.5,110.4,44.4,158.3,111.4,85.3,66.5,22.0,59.0,35.7,45.6,47.5,50.6,7.4,42.9,45.6,36.5,16.3,60.7,183.9,68.7,49.2,101.8,104.4,18.8,21
15.6,33.7,25.0,37.4,73.7,26.6,136.9,77.4,75.8,49.9,18.8,54.1,25.8,33.9,35.5,43.4,6.4,31.1,35.0,31.6,11.9,51.7,160.0,41.2,41.9,64.8,39.3,15.0,25
22.4,41.3,37.3,54.4,106.1,38.4,152.2,111.3,85.7,65.9,21.1,58.7,34.0,47.5,49.1,49.6,6.9,41.2,44.5,39.7,14.5,64.0,177.1,63.6,45.7,98.7,89.7,18.2,21
27.1,45.0,42.1,57.6,125.1,51.2,159.8,118.2,88.6,70.8,24.1,60.6,39.3,43.8,46.9,50.3,7.9,43.5,47.7,38.1,16.0,62.4,185.9,81.2,51.1,111.3,125.8,20.0,25
23.7,43.3,35.4,50.9,98.4,37.3,159.1,98.8,93.7,60.8,21.9,57.9,35.4,39.5,44.2,53.4,7.6,41.1,45.3,38.9,17.2,64.0,183.9,62.5,45.9,80.9,81.6,18.0,19
22.2,42.1,33.1,50.8,94.8,35.6,151.8,99.3,84.0,63.3,20.5,57.5,33.0,43.9,46.0,47.8,7.5,40.0,43.9,34.9,15.7,57.7,175.9,59.1,46.5,84.6,73.4,17.4,20
23.3,40.1,35.0,50.8,100.9,38.6,145.4,114.5,80.1,59.4,21.2,57.4,35.1,47.1,47.0,45.6,7.1,41.0,43.9,35.2,14.0,56.5,168.8,59.4,49.6,100.8,87.5,17.9,36
22.0,43.0,31.9,50.1,97.7,37.3,154.4,101.2,85.9,56.6,20.6,57.1,34.3,41.2,45.1,48.7,7.9,36.8,41.8,37.1,16.0,61.8,179.2,58.3,48.4,84.6,75.3,17.1,19
23.4,42.7,37.3,51.3,101.6,39.8,154.0,105.2,84.9,64.3,21.2,57.6,35.0,43.5,48.1,48.0,7.3,38.5,43.3,36.2,17.1,60.1,179.0,60.9,48.5,88.0,81.9,18.4,18
21.7,42.0,36.1,50.4,103.6,36.8,151.7,108.9,85.0,58.8,19.7,57.2,33.8,40.0,42.6,48.6,7.4,40.2,45.5,36.7,14.3,57.7,177.3,64.6,47.2,95.0,85.2,16.9,22
22.2,39.4,30.0,45.0,91.0,37.3,153.2,94.4,88.0,55.3,20.6,55.2,33.0,38.4,41.4,49.6,7.8,35.7,40.6,37.4,14.0,61.5,176.5,54.1,46.5,76.2,65.5,17.3,20
25.6,41.7,41.5,53.2,108.1,44.1,148.8,114.4,80.3,69.4,22.4,60.7,35.0,46.0,47.5,45.1,7.3,47.1,49.7,35.5,14.1,55.6,173.2,69.5,44.9,95.6,99.7,18.6,23
24.5,41.8,34.4,52.0,101.6,41.1,156.7,103.3,87.3,65.4,21.2,57.8,34.5,44.3,45.5,49.0,7.9,38.5,41.3,38.1,15.7,60.7,181.0,62.9,48.9,86.9,86.1,17.6,18
20.3,39.9,29.2,46.3,89.3,33.0,148.5,91.2,83.6,51.1,20.7,55.2,32.7,38.7,41.1,47.6,7.0,36.3,40.6,35.7,14.1,58.1,172.8,50.8,46.5,75.5,59.3,17.1,20
23.9,43.5,38.3,55.7,110.4,41.4,158.7,117.4,84.6,70.1,21.2,61.2,35.7,44.3,46.6,48.7,7.8,44.0,47.9,36.6,15.1,58.1,181.4,67.4,52.1,105.4,101.9,18.3,21
24.2,40.3,35.4,49.9,100.2,40.4,152.6,105.6,83.8,62.0,20.4,59.3,34.2,40.3,42.3,46.6,7.3,38.0,41.6,35.4,14.0,58.0,177.2,62.1,48.1,84.7,79.5,18.0,20
21.9,42.0,33.7,49.0,96.3,36.7,148.9,93.5,84.1,57.1,21.6,57.7,33.7,41.2,45.3,47.2,7.2,38.8,42.1,36.5,15.9,58.6,175.0,56.5,44.8,77.5,70.9,17.5,21
21.8,42.7,35.1,51.2,98.5,38.6,154.3,101.1,85.3,58.3,19.4,57.7,32.9,43.5,46.2,47.5,7.8,38.4,42.6,37.4,15.2,60.1,180.3,60.2,49.0,79.6,78.3,17.4,19
21.5,41.2,33.6,49.1,95.7,36.3,149.9,95.1,82.9,61.5,19.7,57.0,32.7,41.4,44.5,47.3,6.8,36.7,40.1,36.5,15.1,58.8,173.7,59.7,45.4,80.3,72.7,16.5,19
23.3,42.0,34.1,51.4,103.5,41.2,159.1,108.9,88.1,71.5,21.4,54.9,35.4,40.2,43.5,51.5,6.7,39.2,43.8,38.7,15.5,63.9,183.9,61.8,45.9,89.8,86.7,17.7,23
23.7,41.2,38.5,51.2,109.3,41.4,161.9,108.3,90.4,64.0,21.3,56.8,35.4,37.5,41.0,51.9,8.0,37.6,42.5,38.6,15.1,63.7,188.0,67.5,52.9,105.6,99.1,18.1,21
24.0,41.6,36.5,50.6,100.0,36.8,154.7,105.5,85.4,62.2,21.8,58.3,35.4,38.0,39.9,48.2,7.9,40.1,44.3,37.0,13.9,60.7,178.5,59.4,47.6,87.8,82.8,17.7,20
23.8,41.0,36.2,50.9,98.5,39.9,152.8,108.6,87.5,57.9,22.5,58.2,34.4,46.7,48.4,50.2,8.5,40.1,43.2,36.0,14.8,58.6,179.4,61.5,47.4,90.2,84.0,17.4,18
22.7,43.1,33.1,52.3,104.4,38.9,148.4,100.9,82.5,62.8,20.1,58.4,33.0,43.2,46.2,46.8,6.6,39.6,43.2,34.8,15.7,58.6,172.8,66.5,44.1,88.3,82.3,16.8,20
22.3,39.4,33.0,47.4,93.7,36.4,146.6,97.1,83.8,51.7,21.2,59.6,36.1,40.2,43.8,46.9,7.5,35.7,39.1,34.6,15.3,57.2,169.9,56.4,46.2,86.6,70.8,16.8,22
21.4,36.9,33.2,45.4,92.1,33.7,152.1,95.4,84.6,57.3,19.0,56.5,30.7,41.4,43.1,47.0,7.0,35.4,40.3,35.9,13.5,56.8,177.1,54.0,47.0,75.7,67.0,16.4,18
20.3,40.4,32.0,49.2,94.1,34.8,152.4,98.0,82.4,59.7,20.5,56.3,32.8,41.8,44.8,47.9,7.6,37.7,42.5,35.0,15.0,55.8,176.8,57.0,49.4,85.3,70.3,16.6,34
23.9,42.2,37.7,52.5,105.8,41.0,146.8,111.9,76.0,62.2,21.5,55.8,35.5,38.9,41.0,45.2,6.8,40.9,44.0,34.3,14.3,56.1,171.2,67.6,49.0,102.5,90.2,17.7,22
20.3,40.8,29.9,45.8,88.3,32.6,145.3,91.2,79.4,54.6,20.5,56.7,32.1,36.6,40.8,45.9,6.8,35.6,39.0,35.9,16.2,58.1,167.4,54.6,46.9,81.3,60.0,17.2,24
23.0,41.4,37.3,52.1,108.0,41.6,148.2,115.0,80.5,69.1,21.6,58.2,34.7,42.8,43.2,46.7,7.7,40.2,44.6,35.0,14.0,57.7,172.9,67.1,45.1,101.5,91.0,17.9,32
23.1,42.2,37.1,53.2,104.7,43.3,152.4,110.4,81.3,64.5,21.7,56.1,34.5,42.2,44.0,49.5,7.2,39.9,42.3,36.3,15.7,60.1,174.6,64.5,45.5,99.8,91.2,18.2,24
21.4,40.2,37.2,53.1,104.1,39.9,138.1,109.7,75.2,63.3,19.7,57.5,31.5,43.0,44.0,45.0,6.8,38.8,41.6,30.9,14.6,50.7,160.9,65.9,42.0,106.4,83.7,16.3,28
22.8,41.1,32.7,47.8,104.2,38.2,156.0,98.0,86.7,66.0,19.3,56.8,33.8,40.1,43.9,49.4,7.3,38.4,42.1,36.6,16.3,58.6,179.7,63.6,50.0,97.1,82.0,16.6,31
23.4,43.4,40.0,55.9,114.9,45.4,156.3,121.5,84.5,67.8,22.8,61.1,34.5,47.2,48.1,48.2,6.7,44.6,48.3,37.2,15.5,61.0,180.9,71.9,52.4,113.6,115.5,19.0,32
21.2,41.1,27.9,45.4,85.7,34.7,148.7,89.0,85.6,51.8,20.8,56.1,33.0,39.4,43.5,49.0,7.2,35.5,40.8,35.6,15.4,57.8,173.5,49.1,45.6,73.1,57.9,16.6,29
24.4,43.7,38.7,52.4,114.4,41.5,148.5,107.5,84.1,67.1,21.7,58.6,35.5,42.8,46.8,45.2,7.6,43.5,47.1,36.7,15.7,58.7,171.8,70.2,46.3,96.9,93.5,18.2,18
21.8,41.1,39.3,51.1,99.4,38.2,151.5,108.4,86.0,65.4,21.6,61.5,34.7,40.5,41.1,49.2,6.4,42.4,45.5,37.4,12.7,61.0,177.6,63.4,44.6,87.9,86.4,17.0,30
20.4,39.9,27.8,45.7,85.7,33.7,141.7,92.6,80.2,53.7,19.7,55.7,32.8,40.3,42.4,46.9,6.6,36.7,43.3,34.4,14.5,55.8,165.8,49.7,41.7,75.3,55.8,16.1,24
23.1,43.7,38.6,54.9,109.7,40.8,159.0,110.9,88.8,68.9,22.9,59.7,35.7,39.1,41.0,50.1,7.9,39.6,43.8,39.0,15.1,62.4,185.6,66.1,48.1,96.4,98.5,18.2,30
24.7,41.6,38.9,54.7,105.7,42.4,146.0,116.1,81.8,67.6,22.9,56.4,34.0,48.0,48.2,46.1,7.5,41.3,44.2,34.2,15.3,56.4,170.4,68.3,44.3,102.0,97.2,18.0,20
24.5,43.3,36.7,53.0,104.2,42.3,155.6,105.8,91.3,58.3,21.7,58.2,35.7,42.6,45.5,50.1,7.1,40.6,46.3,38.0,15.7,61.7,178.7,66.1,46.3,88.2,93.4,18.9,22
24.5,40.3,35.7,49.7,111.4,41.6,141.1,104.2,75.5,62.2,21.1,56.4,34.1,43.8,45.0,43.6,7.1,38.7,42.0,33.1,15.7,54.1,165.3,70.1,45.8,100.5,85.7,16.8,19
21.6,42.7,31.7,50.0,106.7,38.3,160.6,102.2,88.6,68.6,20.8,56.1,34.3,47.0,48.8,51.0,7.5,37.5,41.7,38.9,16.1,61.8,185.3,69.1,48.8,93.8,85.6,16.7,28
20.7,39.1,26.5,46.3,89.1,34.2,153.7,85.1,91.3,55.1,19.5,56.4,34.2,35.9,39.2,51.3,7.2,35.0,39.5,38.0,13.3,63.0,177.9,55.0,42.3,75.7,63.4,16.5,20
22.2,41.6,37.0,51.9,103.3,39.4,152.3,111.8,82.0,60.7,21.4,55.7,33.3,41.5,44.0,48.0,6.3,40.2,44.2,36.5,16.0,58.2,175.9,60.0,49.9,101.6,88.3,17.2,24
20.5,40.6,27.4,45.0,90.9,32.4,150.1,89.5,84.7,59.5,20.6,56.4,33.3,40.8,44.0,48.7,7.2,35.2,40.6,35.7,15.8,58.2,173.8,49.9,45.5,74.3,59.1,16.8,22
22.3,44.8,43.0,56.8,100.8,38.7,148.4,119.7,82.3,59.1,21.1,59.8,32.8,49.8,51.4,46.2,6.6,47.0,52.0,35.5,16.5,56.5,171.2,65.5,49.1,97.1,95.8,18.4,35
23.0,42.7,32.4,50.4,94.0,36.6,145.0,95.7,84.0,54.6,20.7,56.2,32.9,41.9,46.6,46.8,8.0,36.6,42.8,36.9,15.6,59.0,170.3,56.9,44.3,84.2,69.8,17.5,21
21.4,40.7,33.2,49.7,97.2,37.7,149.4,97.7,83.3,58.6,21.7,54.9,32.7,43.2,45.1,47.7,7.8,39.2,43.9,36.4,14.3,58.6,173.6,58.8,47.1,90.2,74.2,17.8,36
22.0,41.1,36.1,49.9,100.4,39.2,149.7,102.6,82.6,62.9,21.0,57.2,33.4,46.9,48.3,46.0,7.0,37.8,41.1,36.7,14.9,58.2,172.0,61.3,47.2,90.2,79.9,17.6,28
23.7,43.6,39.1,56.7,113.9,41.0,154.6,119.5,83.5,66.2,21.0,58.6,34.7,48.3,48.4,48.4,7.9,40.9,45.1,36.4,15.3,59.0,178.6,70.4,52.4,122.9,109.9,17.9,27
24.1,41.7,35.5,51.7,101.5,40.2,147.3,109.3,80.5,64.0,20.4,57.3,34.0,45.0,45.0,44.9,7.3,40.7,44.4,35.4,14.8,56.3,171.1,60.3,46.9,99.7,87.3,18.7,31
21.2,41.1,31.6,47.2,93.7,34.3,149.2,92.6,82.1,58.4,20.4,54.6,33.3,39.4,42.3,45.3,6.9,35.7,40.3,36.1,14.5,57.6,172.4,53.0,47.0,84.6,65.8,17.0,31
23.0,41.6,44.1,51.9,107.1,40.2,150.5,110.6,83.7,60.9,23.3,61.5,35.3,43.3,43.7,47.8,7.1,43.6,45.3,37.0,14.0,60.2,173.6,71.6,48.9,90.8,98.3,18.3,28
21.6,38.9,31.4,45.8,93.1,35.3,149.8,92.2,82.3,60.1,21.4,53.4,32.7,42.6,44.5,48.7,7.8,35.9,40.4,34.2,14.4,57.0,173.6,55.7,44.5,77.8,63.8,17.8,26
26.3,42.7,42.7,56.9,118.4,46.7,157.7,124.4,88.1,59.6,23.3,60.2,37.6,43.0,43.6,50.0,7.5,43.8,46.3,39.2,15.0,65.7,181.0,75.3,57.1,135.6,129.8,19.5,36
23.0,39.6,34.7,47.5,96.4,40.0,144.2,100.3,80.3,60.0,20.7,55.4,33.4,39.7,41.2,46.6,6.7,37.4,41.6,35.1,15.0,57.5,167.8,59.8,44.9,90.9,74.6,17.3,22
21.6,38.6,37.3,49.9,103.9,36.1,150.3,104.1,82.4,63.7,21.1,58.7,33.4,39.7,40.8,49.3,7.4,40.5,44.9,37.0,12.6,58.1,174.6,62.4,44.7,87.7,80.4,17.5,23
24.2,39.0,34.9,46.4,95.5,41.2,148.6,99.1,82.3,55.1,20.8,56.6,35.0,40.0,42.5,47.3,8.0,36.6,40.3,34.5,15.3,56.0,173.6,61.0,47.0,83.6,77.3,17.6,39
24.2,44.1,38.0,54.8,106.6,39.3,151.4,115.4,83.0,64.8,22.3,58.3,35.4,47.9,50.1,48.5,7.5,41.3,45.3,35.4,16.7,58.2,177.4,65.3,50.1,101.3,98.0,18.7,21
23.7,41.5,32.0,49.2,97.4,38.0,151.1,100.1,83.3,57.3,22.0,57.2,35.2,39.6,42.5,47.4,7.4,38.9,44.2,36.9,14.8,61.3,175.0,57.5,47.2,86.4,79.6,17.8,29
25.0,46.6,42.1,55.9,111.1,43.0,163.3,107.8,92.3,65.4,22.3,60.5,39.0,45.7,48.6,54.0,7.6,43.8,48.1,39.0,16.4,65.8,188.0,70.3,49.0,100.4,106.2,19.0,24
23.4,41.4,34.6,50.7,99.0,38.0,147.1,105.6,81.1,61.4,21.2,57.8,34.7,45.2,46.0,46.6,6.7,38.3,42.5,35.1,15.1,57.2,170.3,64.7,47.0,93.3,79.0,17.6,36
24.2,43.5,36.5,54.7,111.9,44.5,164.7,109.6,91.6,71.6,22.0,59.4,36.6,45.1,47.5,53.3,8.6,40.0,44.4,38.4,16.0,62.5,192.1,69.4,47.9,99.5,100.1,18.5,32
22.2,42.3,32.5,49.5,103.2,38.8,158.9,102.2,84.8,68.3,21.3,58.0,34.8,44.6,46.5,49.3,7.7,40.1,44.6,38.1,16.0,60.5,182.6,61.9,50.3,91.1,84.6,17.0,32
23.1,42.2,31.5,48.2,98.7,37.7,157.7,91.8,88.1,58.3,20.4,55.6,34.7,39.0,43.5,50.8,7.3,36.9,41.1,37.9,15.8,62.5,182.2,57.9,48.7,83.4,74.1,16.8,20
21.4,36.7,30.8,43.9,89.7,36.0,144.7,86.5,81.9,56.8,19.6,55.2,32.1,33.7,37.0,45.6,7.0,35.7,39.3,35.3,14.1,56.3,167.9,52.4,44.7,76.6,59.1,16.0,23
22.6,39.2,35.8,49.6,99.4,36.8,151.2,105.9,82.6,63.0,20.8,59.3,33.9,42.8,43.4,47.6,7.9,38.6,43.5,37.1,14.1,59.0,176.6,60.2,46.5,92.4,82.2,17.5,29
21.7,40.3,31.6,47.2,91.4,34.2,150.8,91.2,82.2,60.4,20.9,55.0,32.4,44.1,46.1,48.2,7.2,37.9,41.5,34.6,15.4,55.5,173.5,55.9,46.8,75.8,64.3,17.1,21
23.6,41.1,35.6,50.4,100.6,40.8,154.3,105.1,84.6,65.7,21.5,59.3,34.4,43.0,45.9,48.3,7.3,40.9,44.8,37.3,14.2,59.4,181.2,63.0,47.2,92.1,87.8,18.3,20
23.4,42.2,36.0,51.9,101.8,38.3,150.8,101.2,80.1,62.1,20.8,55.8,33.7,36.6,40.5,47.2,7.2,39.2,43.7,35.8,14.5,58.6,175.2,63.7,47.0,89.4,79.9,17.6,21
22.6,39.9,39.6,49.4,99.9,37.8,144.1,107.7,80.0,62.1,20.7,54.7,32.7,38.7,40.0,44.5,6.4,41.1,45.2,35.7,13.9,57.2,165.3,64.0,47.8,88.0,81.1,17.1,25
23.4,43.3,40.4,57.5,118.1,42.8,152.9,119.1,86.2,69.4,21.7,57.4,36.1,46.0,46.3,49.5,7.7,41.4,45.9,38.0,15.0,61.3,177.4,74.5,48.1,111.2,109.6,18.1,29
23.0,39.3,35.5,47.0,94.3,36.4,147.7,95.8,83.2,54.0,19.7,55.7,32.4,40.6,43.1,46.2,6.7,35.0,40.2,35.1,14.2,57.8,171.4,58.5,45.1,79.8,68.9,16.9,19
24.6,43.2,35.3,50.4,102.6,40.8,152.1,100.8,81.0,66.4,21.3,57.2,35.5,39.2,44.2,47.7,8.0,39.2,43.1,36.5,16.5,61.2,176.4,63.1,47.4,90.0,82.7,17.7,26
25.0,45.2,35.0,52.7,104.1,38.7,157.7,103.1,84.6,61.8,23.2,58.8,36.7,43.3,47.0,51.6,7.3,37.9,43.8,38.8,16.5,62.0,183.2,64.9,49.9,91.4,88.3,18.5,20
23.4,42.0,36.8,53.3,104.1,39.9,154.2,111.7,83.0,59.3,21.3,57.7,34.9,40.2,42.4,48.6,7.7,42.7,47.2,35.7,14.2,57.4,180.0,61.4,51.2,100.1,89.8,17.5,29
25.7,42.0,41.5,56.1,123.2,44.6,146.1,122.4,80.6,64.1,21.2,59.5,36.4,44.8,46.7,47.0,6.8,44.4,47.2,34.5,15.7,57.0,170.4,76.4,50.5,115.5,112.8,17.7,19
23.5,44.3,34.8,54.4,106.4,40.6,156.7,118.2,88.2,62.3,22.1,58.8,34.2,49.1,50.5,49.6,7.1,42.4,47.1,38.1,16.3,62.4,179.9,62.4,48.5,104.9,94.9,18.2,23
22.7,42.3,34.7,50.4,96.8,38.5,150.5,102.3,82.2,63.3,22.2,58.4,34.1,41.7,43.5,47.0,7.1,40.0,44.0,37.8,15.4,61.4,173.3,56.3,44.6,81.3,76.5,18.2,20
24.7,42.4,37.6,54.8,118.9,41.6,152.6,117.0,84.3,71.7,20.1,57.7,35.4,46.1,47.2,47.1,7.7,41.6,46.9,35.6,14.3,57.8,177.5,73.8,49.0,111.3,105.9,17.6,26
19.9,38.4,30.2,45.4,84.7,34.5,141.1,91.7,78.2,54.8,19.3,54.4,29.2,38.1,40.8,44.4,6.9,35.7,41.0,32.2,14.0,53.0,165.0,50.5,43.3,75.8,55.7,15.5,37
24.0,39.3,37.3,51.7,108.2,42.8,144.5,108.2,78.3,65.0,20.2,59.5,33.2,45.0,45.9,45.7,8.0,39.5,43.7,34.9,14.5,56.0,168.8,69.0,44.5,101.4,91.0,17.4,22
22.2,38.9,37.2,50.8,103.2,39.3,145.6,111.3,77.8,59.8,20.4,56.2,32.0,46.5,46.2,44.9,7.0,41.1,44.8,33.2,13.4,53.9,168.2,60.6,50.2,106.1,85.2,17.2,49
24.3,39.1,37.4,51.0,108.9,36.5,148.5,109.9,82.3,66.4,21.6,57.1,34.8,42.3,43.5,45.4,8.0,39.6,44.5,33.9,13.9,54.6,171.5,67.8,46.2,104.5,90.3,17.9,23
25.0,42.5,38.6,55.0,105.0,43.3,145.7,111.6,79.2,64.0,20.7,58.6,33.5,48.3,48.3,44.4,7.5,42.2,44.8,33.6,15.3,54.5,169.1,65.1,49.8,105.5,95.6,18.5,36
23.3,43.4,38.7,53.2,103.5,40.6,151.7,115.7,86.5,61.9,22.7,57.1,35.2,45.7,47.0,49.7,8.0,39.5,44.0,36.4,15.5,58.6,175.8,63.1,42.8,95.6,87.5,18.7,34
24.7,43.0,41.0,53.0,108.3,42.2,158.7,117.3,89.5,67.3,21.2,57.0,35.6,47.5,49.8,50.4,7.6,42.4,47.0,36.6,15.6,60.0,184.4,69.3,48.8,99.3,104.6,18.6,22
22.2,43.6,34.7,52.4,102.9,40.8,156.0,106.3,88.2,62.4,21.3,59.0,35.7,43.6,45.3,50.9,7.3,38.6,42.9,39.4,15.9,63.7,182.0,60.6,45.7,92.8,85.9,18.1,26
20.5,41.2,34.6,49.1,96.6,35.7,150.3,105.7,84.0,62.2,20.0,58.2,33.1,42.5,44.4,47.4,7.0,38.3,42.1,35.8,14.7,58.3,174.5,59.4,45.2,91.0,78.4,16.7,30
22.5,42.7,33.6,51.1,94.4,36.2,159.2,97.0,87.7,61.1,22.1,57.1,34.7,40.8,45.1,53.1,8.0,37.7,42.5,38.8,15.9,64.7,184.8,55.9,46.7,83.3,74.8,18.2,29
22.7,44.2,37.9,56.6,107.2,39.6,152.6,122.3,81.6,68.2,21.2,58.7,33.6,52.8,52.5,47.6,7.3,45.1,48.1,34.6,14.1,57.5,176.8,65.5,47.7,106.7,103.6,17.2,34
22.7,40.2,38.7,50.5,98.7,39.6,154.1,106.5,85.4,56.3,21.2,55.3,34.3,46.3,47.4,47.8,7.0,39.4,42.0,35.7,15.3,57.3,176.9,60.4,50.9,90.2,82.8,17.8,34
21.7,42.4,34.5,50.2,101.4,37.1,158.0,109.2,86.3,62.3,21.7,57.6,34.0,42.4,45.6,50.8,7.3,39.0,44.5,38.0,16.3,62.0,181.8,60.3,51.4,97.5,85.7,17.7,45
22.1,37.6,36.8,49.6,98.7,38.7,144.2,96.6,79.2,59.7,20.4,55.9,32.3,36.8,39.1,45.1,6.7,38.8,42.7,34.0,12.1,54.5,167.3,61.8,45.7,88.7,74.5,17.0,33
22.4,41.9,38.7,52.6,99.2,40.1,148.3,109.0,78.0,64.1,22.1,55.1,33.3,44.5,46.6,43.6,7.2,42.2,47.1,36.5,14.4,56.7,172.4,59.9,50.5,96.5,87.1,17.7,38
22.6,41.2,33.5,49.0,94.4,37.4,149.2,102.2,81.8,60.3,22.3,57.4,35.6,46.5,47.5,46.3,7.7,39.2,44.3,36.5,14.5,58.7,172.2,60.3,45.5,80.4,73.5,18.9,21
21.7,40.3,37.0,49.3,96.4,38.2,152.6,103.5,84.7,58.2,20.7,55.2,33.7,42.1,44.1,49.4,7.2,39.6,44.4,37.1,14.1,61.4,176.1,59.3,46.1,94.0,78.3,16.9,30
24.0,41.2,37.6,52.4,100.4,41.7,151.3,112.6,84.6,62.5,22.1,57.4,33.8,47.7,47.7,48.8,7.7,41.6,44.4,34.6,15.2,55.1,176.1,62.4,51.0,99.9,90.3,18.3,44
20.4,38.4,32.1,45.5,87.3,34.8,146.6,97.3,83.2,59.1,20.4,58.4,32.9,39.5,42.2,47.4,7.2,35.8,39.8,36.9,13.3,58.7,169.3,51.8,44.2,81.9,64.2,17.4,43
24.4,40.0,36.0,50.0,101.8,39.5,145.7,102.0,82.1,61.1,21.3,56.3,32.7,45.1,45.9,47.4,6.8,37.7,42.2,33.8,15.3,53.6,168.6,63.9,50.2,94.7,82.4,17.6,21
21.0,38.0,33.9,47.0,91.6,36.0,144.2,99.2,75.8,61.2,20.2,57.0,31.6,42.6,44.6,44.2,7.0,38.5,42.9,33.3,13.2,54.4,168.3,56.1,45.7,86.7,69.0,16.5,30
21.7,42.0,37.5,50.9,93.7,38.4,145.2,104.0,76.4,62.4,19.7,55.7,31.4,42.1,44.4,43.2,7.0,37.7,42.7,33.7,14.5,54.9,168.8,58.4,47.6,87.2,76.9,16.3,38
24.0,41.2,40.1,50.9,103.1,40.0,151.4,107.9,84.1,60.6,22.1,57.4,35.1,42.3,44.3,47.3,7.9,38.8,42.3,35.4,15.0,58.0,176.4,63.2,45.9,95.6,88.1,17.7,29
24.0,42.1,34.5,50.3,102.2,40.3,155.8,106.4,86.0,63.6,21.3,57.3,35.3,43.5,46.5,49.4,8.3,40.2,44.4,36.8,14.1,60.7,180.2,61.2,47.5,93.3,86.2,18.3,36
22.6,42.4,30.5,49.1,101.4,37.7,163.5,98.8,90.3,65.3,21.3,56.4,33.8,45.1,47.9,52.1,8.4,38.7,43.6,40.4,15.9,64.5,188.1,56.2,49.2,91.3,80.7,17.2,36
24.5,43.0,39.5,54.9,107.6,40.8,144.6,121.3,78.5,70.2,21.8,55.3,34.1,50.2,49.7,46.4,7.1,40.7,44.5,34.2,15.5,55.3,168.2,66.3,45.2,107.0,92.4,18.6,42
24.7,43.7,39.6,54.5,112.7,42.8,155.9,110.4,87.6,67.4,22.4,57.9,35.8,43.7,47.7,50.5,8.3,43.6,46.8,37.5,16.0,59.2,179.9,68.1,47.1,106.0,101.5,18.4,31
25.5,43.0,40.4,54.7,115.2,42.8,160.9,112.3,91.2,68.3,21.8,59.1,38.8,46.0,46.3,53.8,7.2,43.4,47.7,37.3,14.8,61.2,184.1,74.3,49.0,111.1,110.2,18.5,24
22.6,40.8,34.8,50.2,99.1,35.2,153.3,101.1,87.5,62.8,20.6,56.3,33.5,40.6,42.7,49.5,7.1,37.8,42.7,37.2,13.7,58.5,177.6,60.0,46.9,89.7,77.1,17.5,24
23.6,42.4,40.8,53.1,110.6,43.4,150.6,109.5,84.0,71.4,21.6,58.6,35.3,46.2,49.0,47.5,6.4,39.7,45.4,35.5,15.8,59.1,173.4,70.7,46.3,103.8,99.5,18.0,31
21.2,40.9,31.1,46.7,85.5,33.7,150.1,94.6,85.1,52.1,20.3,58.4,31.5,42.2,44.5,47.9,7.4,35.7,40.3,36.0,14.8,57.7,175.9,50.5,47.0,76.6,63.5,16.6,21
23.7,44.5,39.0,55.1,115.4,42.5,158.6,114.0,90.5,74.5,22.8,60.3,35.7,44.6,47.1,52.8,7.4,42.0,45.7,37.2,16.0,62.5,182.7,73.6,45.8,98.7,105.6,18.9,21
25.3,46.6,42.6,59.3,107.1,45.2,159.7,129.7,90.6,69.0,23.1,58.4,36.6,46.5,49.5,54.0,8.0,41.1,47.4,36.2,17.1,58.3,183.5,67.2,47.3,106.8,109.2,18.7,35
22.5,43.5,34.3,51.0,93.4,37.4,149.8,104.2,83.7,61.3,21.2,54.8,33.3,43.7,46.8,49.3,7.5,40.5,45.4,36.4,15.9,58.6,174.4,54.3,45.0,85.5,73.1,17.6,42
22.3,42.7,34.1,49.6,105.9,39.1,151.5,104.1,82.9,61.6,21.2,57.2,34.1,38.0,42.0,49.5,6.7,37.7,42.1,35.3,15.1,56.1,177.2,64.9,49.3,96.1,83.4,17.7,29
22.3,39.2,37.5,48.4,95.7,37.3,141.7,100.8,80.8,55.5,21.4,55.8,32.6,43.2,43.8,47.3,7.3,41.0,44.6,34.6,13.4,55.2,165.0,60.9,43.3,83.5,73.7,17.2,27
23.3,41.8,35.1,50.4,98.3,38.3,149.8,101.7,83.3,58.6,20.7,57.7,34.1,45.1,46.8,49.2,7.2,41.5,45.7,35.6,14.3,55.6,174.5,58.2,49.1,83.4,80.3,17.8,21
23.8,43.8,39.0,52.0,100.2,38.6,156.8,102.8,89.5,60.9,22.4,56.8,35.8,45.2,48.5,52.7,7.8,41.3,45.3,37.7,16.7,61.3,180.5,59.9,46.8,85.7,83.2,17.9,22
22.3,38.9,35.0,45.4,89.3,39.2,143.9,93.6,82.2,56.1,19.6,57.0,32.6,39.0,42.5,47.5,7.3,36.8,41.7,34.1,14.2,55.3,166.0,55.4,46.5,79.8,66.1,16.1,21
24.3,43.9,41.2,54.6,106.8,43.7,157.7,116.1,90.8,69.7,22.7,57.4,36.2,40.0,42.4,53.7,8.2,40.5,44.0,38.0,16.1,60.5,182.4,69.2,45.9,101.2,102.9,19.2,36
22.3,44.1,38.2,54.9,111.0,41.3,161.4,117.8,87.7,72.4,21.0,58.7,35.0,45.1,47.6,51.8,8.7,43.3,47.7,38.3,16.0,61.1,185.7,67.1,51.1,109.5,108.1,18.2,42
26.7,41.5,39.8,52.6,115.6,48.7,152.8,107.2,83.8,66.2,21.8,57.3,35.6,47.3,48.6,49.2,8.0,41.0,44.9,36.4,14.5,58.0,179.0,73.8,48.1,102.3,103.4,18.7,30
22.1,43.3,34.4,51.4,97.5,36.8,157.1,106.8,90.9,58.1,21.2,56.4,34.5,43.1,46.3,52.6,8.3,39.9,42.0,38.4,16.2,62.0,180.7,58.2,49.0,93.7,81.3,17.8,41
21.3,41.7,32.7,48.6,92.8,36.2,151.1,97.9,86.9,55.8,20.6,55.6,33.3,35.5,39.1,49.7,7.5,36.9,42.1,35.9,15.3,59.2,174.6,58.2,46.8,84.0,69.6,17.4,26
23.3,40.1,36.4,50.3,105.9,39.0,143.1,105.1,81.2,59.5,20.6,57.3,33.0,46.7,46.2,46.7,7.7,40.6,43.9,35.6,14.1,56.5,167.6,65.6,44.7,97.1,81.7,17.2,29
22.2,44.7,37.7,53.8,103.2,37.8,154.7,104.9,88.0,65.2,23.1,59.0,35.4,47.4,50.7,51.1,8.3,42.2,46.6,39.3,15.5,61.6,178.9,64.7,48.2,96.3,91.9,18.8,22
23.0,40.5,37.3,53.6,115.2,41.4,155.3,117.9,87.5,62.8,21.7,57.8,34.6,44.3,46.2,50.7,7.4,42.9,46.5,39.2,14.4,63.7,178.5,70.7,51.0,122.2,107.0,19.1,42
24.3,39.8,37.1,51.1,113.7,42.7,159.7,113.7,89.2,63.5,22.5,60.7,36.8,43.1,44.8,52.2,8.4,43.2,47.7,38.2,13.1,59.8,182.9,67.9,54.3,117.1,106.1,19.1,46
23.3,41.2,32.6,48.1,101.4,42.3,145.0,95.8,77.3,60.4,20.7,54.5,34.3,42.4,45.6,47.2,7.8,38.3,42.8,34.3,14.7,55.6,168.0,63.7,47.1,89.4,75.5,17.4,26
21.6,41.0,35.9,50.7,101.6,38.6,153.1,107.7,86.3,59.0,20.7,60.0,34.3,41.4,44.8,49.5,7.6,40.8,46.0,36.4,13.3,59.7,176.4,64.6,47.0,99.4,86.2,17.1,24
20.7,37.8,35.2,48.2,98.4,35.0,146.5,106.1,81.5,57.8,22.1,54.5,32.3,42.6,43.2,45.2,6.2,40.2,44.1,36.8,12.5,57.6,168.2,57.7,49.2,103.4,80.4,17.2,50
22.6,42.3,39.1,53.0,107.1,41.3,152.2,111.5,78.9,64.2,23.4,59.1,35.2,46.5,48.2,47.8,6.9,42.6,46.0,36.1,14.5,58.4,176.4,65.5,51.1,106.6,96.5,18.7,39
23.4,41.0,36.4,49.8,102.6,41.0,148.2,105.2,79.3,61.2,21.1,56.8,34.4,43.1,45.5,46.3,7.6,39.4,42.6,35.1,14.4,56.2,173.0,63.0,51.5,103.1,88.0,17.5,51
23.4,43.0,36.0,55.1,112.5,40.0,160.2,119.4,89.4,69.0,21.6,58.3,36.9,43.5,45.0,50.7,7.7,40.8,46.1,39.2,15.1,63.2,186.7,65.7,47.6,105.2,105.3,18.2,27
21.8,39.2,33.7,48.7,91.9,34.8,144.7,100.5,78.5,61.6,21.4,56.8,33.1,42.5,44.5,45.6,7.3,40.2,44.1,34.6,14.2,57.8,167.3,56.4,46.2,86.1,70.8,17.8,34
24.7,46.8,41.9,60.3,114.5,46.6,167.0,131.2,92.1,70.0,23.7,59.3,38.1,49.2,51.0,55.4,8.9,44.4,49.2,40.2,16.8,67.6,191.2,75.5,51.3,114.0,125.4,19.0,30
21.2,40.8,33.2,48.1,99.1,35.4,149.7,105.0,80.3,62.4,20.1,60.3,31.7,44.6,46.0,44.6,7.6,38.0,43.3,35.3,14.2,55.8,173.4,59.2,49.9,89.6,75.8,16.8,28
23.1,39.9,34.4,51.4,100.1,40.0,144.7,111.7,76.6,62.5,21.6,59.3,33.6,45.7,46.1,45.0,7.2,41.1,44.6,36.1,12.7,57.4,167.0,61.3,45.8,100.8,86.3,17.6,45
22.8,41.4,32.9,49.7,97.1,37.8,149.0,101.7,84.1,59.9,21.3,57.5,35.0,41.8,44.3,48.2,6.5,38.0,42.9,36.2,14.4,60.0,173.2,58.5,42.3,83.2,76.1,18.0,38
23.7,41.7,39.1,53.5,106.3,40.4,156.7,110.4,87.8,63.0,21.7,56.4,33.7,44.7,46.7,52.4,8.9,42.0,45.7,37.0,14.0,60.5,180.5,65.5,50.8,108.9,94.7,18.0,47
22.2,39.5,32.2,46.9,92.2,38.4,146.8,96.7,79.9,57.1,19.7,57.7,33.3,40.7,42.6,46.5,7.0,35.9,40.4,34.5,14.2,55.8,170.5,56.3,48.2,79.6,68.3,16.7,36
20.7,40.3,36.1,50.9,98.5,36.4,144.6,107.5,75.3,60.1,20.2,56.9,33.1,45.7,46.2,45.2,8.0,39.7,44.7,33.2,13.8,53.0,168.9,61.6,48.0,95.6,81.2,17.0,39
23.3,39.3,35.6,49.9,101.6,40.2,152.3,105.4,84.3,66.5,21.4,57.6,34.3,40.0,41.0,48.4,7.9,38.7,43.0,36.5,11.8,58.9,177.5,62.2,46.5,96.6,85.4,18.0,38
23.3,43.9,37.0,54.4,104.2,41.1,157.9,113.7,88.5,62.8,21.8,60.1,34.1,47.5,49.5,50.1,7.1,42.5,47.0,40.1,15.3,64.3,180.9,65.1,46.6,105.0,97.4,17.7,29
23.7,43.9,38.5,53.9,107.9,40.6,157.5,108.3,87.0,67.7,22.8,60.6,35.5,47.2,50.1,50.4,8.3,46.2,50.1,36.7,14.5,57.9,180.8,65.9,49.6,105.5,96.8,18.2,41
21.4,42.9,33.1,49.6,95.7,37.1,147.9,96.2,79.5,63.4,21.7,56.6,33.7,40.0,44.0,47.3,7.3,38.2,42.7,35.7,15.4,57.2,171.3,57.3,44.1,85.9,71.7,17.4,28
20.5,39.8,35.6,49.4,99.3,39.6,152.0,101.1,81.6,61.0,20.7,54.6,33.0,45.2,47.0,47.1,6.9,38.8,43.2,35.2,15.7,57.0,174.8,61.1,48.8,96.6,82.1,17.5,33
23.8,42.6,40.0,55.4,108.4,43.8,149.0,118.8,80.0,66.9,21.7,58.7,35.8,46.5,47.1,45.7,7.2,44.9,48.9,35.0,14.9,54.7,171.1,66.1,50.0,103.6,100.8,18.7,42
22.8,42.5,38.5,53.2,108.2,42.0,158.2,114.0,87.1,63.7,20.5,56.6,34.3,42.0,44.5,49.9,7.5,40.5,46.5,39.6,15.2,64.0,182.2,70.2,48.7,105.4,100.4,17.7,30
24.2,42.9,35.2,52.6,102.4,42.4,148.8,103.8,81.9,58.9,22.2,59.1,36.0,42.1,44.3,46.9,7.5,39.7,44.8,35.7,15.7,59.8,174.4,61.1,48.5,96.8,85.5,18.9,28
21.1,42.7,31.5,50.2,99.9,38.1,162.2,101.4,93.6,65.2,20.9,58.0,34.1,39.5,42.5,54.7,7.6,38.3,45.0,41.5,14.5,67.7,186.7,57.3,47.5,94.5,83.2,17.0,24
24.1,47.0,42.2,59.4,110.6,41.3,168.1,119.0,95.1,69.0,22.3,58.8,36.5,50.3,51.5,55.4,8.8,41.7,47.5,39.6,17.0,63.8,192.3,69.4,51.5,106.8,111.4,19.0,29
21.8,40.9,33.6,50.4,101.6,38.4,143.2,106.1,77.5,61.7,21.0,58.9,33.1,44.0,45.6,44.5,7.8,38.5,44.0,34.1,14.8,54.9,167.6,63.3,48.4,101.4,81.4,17.3,32
23.0,42.7,34.7,51.4,106.6,41.0,150.6,113.4,83.1,62.0,22.0,57.1,36.1,46.4,47.4,49.3,7.6,39.7,42.6,37.1,15.3,59.8,176.2,64.4,48.5,100.1,88.1,17.4,34
22.0,41.9,36.7,53.5,103.1,40.3,147.3,114.2,80.1,57.0,22.4,57.1,34.7,44.0,46.7,46.9,7.0,42.6,45.6,37.1,14.7,59.0,171.7,61.9,49.5,106.5,91.9,17.9,33
24.4,44.5,43.6,56.7,117.9,47.0,151.5,120.2,81.7,70.0,23.7,60.0,37.3,50.6,52.5,48.3,8.4,45.1,48.9,36.1,15.1,58.3,175.1,74.5,48.7,119.4,117.9,19.6,30
23.4,41.6,38.4,53.9,110.4,41.8,150.1,117.6,80.9,66.9,22.3,57.8,34.7,48.6,49.0,46.7,7.7,42.2,44.4,36.1,14.8,57.5,173.0,69.4,50.8,117.0,103.5,19.0,46
26.8,44.1,44.2,58.5,121.6,48.9,152.2,126.1,85.6,72.6,22.3,61.8,36.2,49.8,50.5,49.2,7.8,46.6,49.8,36.2,14.6,58.5,175.9,80.9,47.4,118.2,121.3,19.0,35
21.0,37.8,31.2,47.5,94.2,35.7,145.0,96.8,79.5,60.5,19.0,54.4,31.8,40.8,41.5,44.8,7.0,36.5,40.8,34.6,13.3,56.4,168.1,55.9,43.7,89.5,68.1,16.4,36
26.7,42.5,41.1,55.3,107.9,46.7,154.8,117.0,81.6,72.4,23.1,56.6,36.7,44.5,46.5,48.4,7.8,41.0,44.2,37.2,15.4,60.0,178.1,68.2,48.3,107.6,105.1,19.1,27
21.7,38.4,32.0,46.3,88.5,36.0,147.3,96.1,81.4,59.2,21.5,57.3,33.6,39.6,40.1,46.4,7.0,35.8,40.6,34.2,14.0,55.3,172.4,52.6,44.8,80.4,65.8,17.5,27
23.8,44.4,36.6,52.7,107.8,44.2,157.3,111.3,85.8,69.3,21.9,58.3,35.6,43.5,46.3,50.3,9.3,41.5,44.7,39.6,16.7,63.1,184.7,63.8,47.4,101.2,95.6,18.6,36
20.5,42.0,34.9,50.0,103.2,38.7,153.0,106.1,86.9,57.5,20.6,55.8,32.0,43.6,46.2,49.4,7.5,39.6,42.7,36.0,16.2,60.5,176.0,63.0,49.2,102.2,86.7,16.8,53
23.7,42.2,39.1,53.6,112.4,42.3,154.1,118.3,84.2,67.0,22.7,57.4,37.0,45.7,47.0,47.9,8.9,44.1,49.6,36.5,14.9,58.2,178.5,65.4,51.2,111.4,103.8,19.4,39
22.4,41.3,33.5,47.5,103.5,35.6,156.0,96.2,85.5,63.3,23.7,58.3,37.2,39.0,43.3,47.6,8.8,41.2,45.3,37.0,14.5,57.6,180.5,56.8,48.5,88.5,81.3,19.2,40
23.4,43.3,35.4,52.2,109.4,42.7,154.9,115.7,85.9,62.6,21.8,58.0,33.8,47.5,48.9,51.4,8.6,42.5,46.0,37.3,15.2,59.0,178.1,64.8,48.9,108.4,97.8,18.6,50
21.8,38.0,32.2,46.8,98.6,37.3,142.8,106.2,77.2,55.1,20.7,55.7,31.4,38.6,40.5,43.7,6.5,38.2,40.6,36.3,14.6,58.5,166.1,57.5,48.8,100.0,76.4,17.0,57
22.8,43.3,40.4,56.4,109.8,40.6,151.2,114.3,81.5,63.4,21.4,58.9,34.2,46.8,48.5,48.1,7.9,41.9,46.2,35.4,15.0,56.3,176.0,67.2,47.5,107.3,97.2,18.0,39
22.4,43.2,39.7,55.4,103.4,40.0,143.3,112.2,74.9,67.4,23.5,59.6,34.5,45.5,46.7,44.5,7.4,40.8,44.1,34.2,15.5,53.6,167.9,66.1,43.8,99.1,93.4,18.2,42
23.5,41.8,37.0,53.3,106.5,42.3,156.5,110.8,82.7,68.9,21.4,60.3,34.9,43.0,44.5,49.0,7.9,43.8,48.0,37.2,13.9,58.3,181.9,63.9,49.4,103.5,96.2,17.2,40
22.8,40.6,35.6,51.0,101.2,38.0,149.0,107.1,82.9,59.2,21.7,58.7,35.5,41.5,43.5,46.2,6.5,41.4,44.9,34.1,12.9,55.9,171.9,64.4,47.4,94.7,84.0,18.1,44
23.0,41.1,40.8,53.5,105.3,38.0,149.8,110.8,80.4,65.8,20.7,60.5,33.8,42.0,43.8,45.3,6.2,39.7,43.5,34.7,14.3,58.1,173.0,67.1,46.6,98.1,89.5,17.4,21
23.3,41.4,36.2,54.4,102.7,38.6,146.8,114.9,82.3,57.7,20.5,57.8,34.0,46.4,46.8,46.7,7.0,41.3,43.9,35.3,14.6,58.5,170.2,63.2,47.0,105.1,91.9,17.4,44
24.0,42.3,37.8,51.9,105.2,42.6,153.4,107.3,86.0,61.5,21.9,60.2,35.1,43.7,46.5,48.5,7.2,41.5,46.6,37.3,15.1,61.0,179.6,65.7,48.8,102.3,92.9,18.2,25
25.5,44.5,43.8,57.5,110.3,47.5,156.6,127.4,83.2,67.7,22.9,61.5,36.7,48.6,50.1,48.9,7.8,46.5,49.5,36.3,15.9,55.7,181.8,68.2,52.4,113.7,119.8,18.8,39
21.7,40.8,32.7,50.7,93.7,37.8,145.9,104.6,79.7,64.7,21.1,55.6,33.1,38.5,41.5,46.5,7.0,40.4,43.5,35.8,13.9,57.7,169.5,56.6,43.6,88.9,75.2,17.9,35
23.3,40.9,36.5,52.1,106.5,42.3,153.9,116.8,87.9,62.2,21.6,59.9,34.9,47.9,47.5,50.9,7.8,42.5,45.4,36.9,14.1,59.8,178.0,67.1,47.3,100.2,95.4,18.2,52
24.8,44.3,40.1,54.8,112.9,43.0,160.5,115.8,90.0,68.3,22.5,57.7,36.8,45.0,48.2,51.0,7.9,41.9,46.8,39.5,14.7,62.6,184.8,68.7,51.4,107.4,109.3,19.0,38
23.6,43.7,40.5,55.8,110.5,41.5,158.8,115.1,87.6,70.4,21.5,59.6,36.4,41.6,45.5,50.8,7.9,40.4,46.7,37.5,15.5,60.5,185.1,70.9,49.2,108.0,105.7,18.8,36
24.3,42.2,43.3,58.2,114.0,43.5,142.5,117.1,77.1,67.8,21.3,59.3,33.1,48.5,49.2,45.0,7.3,44.7,47.9,34.6,14.6,56.2,166.6,72.4,48.1,113.2,102.5,19.2,35
22.2,41.7,34.2,52.8,105.8,40.5,151.1,105.9,82.8,63.0,20.7,54.5,34.4,45.7,48.0,47.8,7.4,37.9,43.1,36.5,14.7,57.7,176.8,65.3,46.7,102.6,86.5,17.4,42
22.5,43.8,39.7,55.8,106.3,39.7,157.2,112.9,85.0,68.0,20.6,57.8,34.0,51.0,52.1,49.0,6.8,44.0,48.0,36.9,14.2,60.3,179.0,68.1,49.7,106.2,99.7,16.6,50
23.6,41.7,38.3,55.8,110.3,42.2,148.1,120.9,78.7,70.8,21.7,56.8,34.9,49.7,49.5,47.3,7.7,43.0,46.5,34.6,13.8,55.6,170.2,69.5,46.8,108.7,97.2,17.2,42
24.3,44.7,44.9,58.1,115.2,42.0,162.0,119.4,89.1,69.2,23.7,57.2,37.0,47.6,50.8,51.4,8.5,39.9,45.2,39.2,15.5,62.6,187.7,72.9,50.4,100.4,113.7,19.8,45
23.4,41.8,37.0,48.9,96.8,38.3,154.2,108.8,85.7,61.6,23.1,58.5,35.4,44.2,46.2,50.3,6.9,40.8,46.1,37.3,14.8,61.2,178.0,59.1,49.8,96.1,84.5,18.0,46
21.7,41.7,37.7,50.8,94.5,37.0,151.9,98.2,88.3,60.0,21.5,57.8,33.5,41.2,45.1,48.8,6.5,40.5,44.0,36.7,14.9,59.5,175.2,62.0,47.0,88.2,77.1,17.7,33
22.3,40.5,33.5,49.7,101.4,39.1,155.8,104.4,82.0,61.9,20.7,55.1,35.3,42.0,43.5,50.6,8.3,37.6,43.8,38.7,14.0,61.1,177.6,61.1,52.7,102.3,84.3,17.4,49
22.0,41.0,37.0,52.0,107.2,39.4,145.2,105.2,77.8,61.0,21.1,56.7,32.0,44.2,45.5,44.5,6.8,42.1,46.0,35.0,13.3,56.0,167.4,68.8,49.2,106.9,87.8,17.4,26
24.5,41.6,38.4,55.5,110.7,41.6,147.2,117.1,78.3,65.1,21.6,60.2,34.4,46.4,47.5,45.4,6.3,43.3,46.2,35.0,14.0,55.9,172.1,69.8,48.8,118.0,101.9,17.6,32
23.3,42.9,40.9,52.8,99.5,38.5,148.8,109.8,81.8,53.2,23.3,58.0,35.7,41.1,44.5,48.7,7.5,41.2,44.3,35.5,15.2,57.0,171.7,62.9,51.0,99.0,87.0,18.7,42
21.7,39.6,35.3,49.7,98.1,38.0,147.8,99.4,83.1,58.9,21.1,55.6,33.6,41.1,44.2,47.1,8.2,38.4,43.5,35.5,14.2,59.7,170.5,60.2,46.6,90.4,76.0,17.0,48
22.7,40.9,37.5,50.8,105.4,37.3,147.4,108.1,81.0,60.4,22.0,55.2,34.9,45.3,47.0,47.3,7.5,39.4,42.9,36.4,15.1,58.9,169.3,62.1,45.7,103.3,86.4,18.1,50
23.7,43.0,37.5,54.2,104.5,40.8,151.7,110.2,82.0,63.5,21.7,59.2,34.5,45.2,48.3,48.1,7.8,41.8,46.6,37.9,14.5,60.1,176.8,65.6,47.6,100.7,94.6,18.1,27
24.9,46.1,43.7,55.5,108.7,43.8,152.2,118.7,87.7,57.5,23.3,57.4,37.2,49.7,52.5,50.7,7.2,43.8,46.9,37.7,17.0,60.8,174.0,70.1,47.8,101.1,101.1,18.5,50
22.6,42.3,35.4,51.5,99.7,38.4,152.7,111.1,84.2,58.5,21.7,58.5,34.1,43.3,46.7,47.8,7.6,37.9,42.1,36.5,16.3,58.8,178.0,58.4,50.6,97.9,87.3,17.9,43
22.3,41.8,32.7,47.9,92.1,38.4,156.4,98.1,87.3,59.4,21.3,56.6,34.6,44.6,48.0,52.0,7.2,37.9,43.4,36.5,15.8,59.0,180.3,54.3,48.1,84.0,73.0,17.5,45
21.1,41.3,33.3,47.9,92.4,36.1,154.5,99.9,90.2,59.4,22.4,58.0,34.3,42.5,46.2,51.2,8.2,37.2,42.4,38.3,15.2,60.7,178.5,53.8,43.9,87.0,71.1,17.2,51
22.2,43.6,38.1,54.7,105.3,40.8,154.4,117.6,85.5,61.9,21.4,56.5,36.0,47.8,49.5,50.6,7.3,40.8,43.7,35.7,15.8,60.1,177.6,66.2,49.4,105.8,99.0,17.6,40
24.5,41.4,38.3,52.7,110.3,40.3,152.7,116.0,82.2,65.7,20.6,57.8,36.4,46.5,47.3,46.3,8.1,43.2,47.8,36.0,13.8,58.0,175.5,68.0,49.8,106.3,100.1,18.7,40
23.0,35.2,33.8,45.0,96.8,38.5,137.1,95.9,73.8,56.3,19.9,55.1,31.5,39.7,40.8,42.9,8.4,38.9,42.4,31.4,12.8,51.7,159.1,57.4,45.3,96.2,70.1,16.2,40
25.0,40.5,40.1,52.7,110.9,42.9,158.0,116.8,83.7,69.0,23.7,57.2,37.3,46.3,46.5,48.9,7.5,45.0,48.6,35.7,14.3,57.2,186.0,68.7,52.1,115.3,112.5,19.8,38
20.7,40.2,36.6,48.7,93.4,35.3,149.4,100.8,82.6,56.1,20.7,55.7,33.3,45.0,46.7,47.6,7.8,38.5,43.1,34.7,14.2,55.8,174.3,55.9,47.7,82.9,69.9,17.2,26
21.8,38.1,33.8,49.2,99.6,38.2,148.8,102.7,83.1,61.3,20.8,56.3,33.3,42.5,43.5,47.5,7.0,36.7,41.6,35.5,14.6,57.1,174.4,59.7,44.6,89.5,76.5,17.1,27
22.4,43.3,36.7,54.9,105.1,39.5,154.3,115.5,84.6,66.0,21.4,58.8,34.0,47.0,48.1,49.6,7.3,47.4,50.0,36.6,14.0,58.5,179.0,63.2,50.2,110.6,100.7,17.5,39
23.3,44.3,37.5,56.7,110.9,40.4,156.4,120.4,86.3,65.2,21.7,57.7,34.7,51.0,51.6,49.0,7.5,40.8,45.7,36.4,16.5,57.0,179.9,67.9,51.9,110.1,103.4,18.3,37
23.8,44.5,45.0,58.0,107.9,41.4,148.5,116.6,80.1,62.6,23.4,60.3,34.7,48.8,49.5,46.4,6.5,43.3,47.6,36.5,15.8,58.9,173.0,67.7,48.7,106.5,103.2,18.6,31
21.1,40.1,32.2,47.9,92.1,35.3,143.0,94.1,79.2,58.1,20.7,58.8,31.6,41.1,44.5,45.3,6.8,37.6,42.2,34.6,14.1,54.5,168.2,55.9,43.6,83.8,65.6,17.2,38
25.4,43.0,38.4,54.3,104.4,42.6,150.5,112.7,82.5,59.1,22.3,57.4,35.5,42.9,45.5,47.4,7.2,40.4,46.0,37.3,14.4,58.9,173.5,67.1,47.6,98.3,92.1,17.8,26
24.4,43.4,38.6,58.2,110.0,42.3,150.4,125.1,81.0,67.0,23.1,58.7,34.7,49.2,50.0,47.8,8.1,48.3,50.2,37.6,14.6,59.9,172.8,63.1,49.2,116.3,105.2,18.9,52
19.3,39.4,31.4,46.5,87.5,32.5,146.1,96.8,81.9,56.7,21.4,56.3,30.8,40.8,42.1,46.6,6.2,36.5,39.8,34.5,13.8,55.7,169.2,49.8,42.8,82.6,63.2,17.7,32
22.0,40.1,32.5,46.2,91.1,34.8,157.5,94.1,90.0,59.8,21.3,55.5,34.5,43.1,45.1,51.7,8.2,37.0,41.9,37.8,14.5,60.4,183.4,52.3,46.3,78.2,67.1,17.7,30
24.3,44.9,37.7,54.7,113.7,41.8,159.0,114.1,87.5,68.3,21.7,58.7,36.4,49.8,51.2,52.2,7.6,38.2,43.5,39.1,16.9,62.5,185.3,70.3,50.1,103.9,102.6,17.8,24
24.7,42.8,36.9,54.3,105.3,42.2,149.2,115.0,80.3,65.6,22.8,58.1,33.4,44.5,45.8,46.6,7.5,44.9,48.2,37.2,13.8,58.3,172.2,65.1,49.6,109.0,97.4,18.7,44
22.2,41.5,34.2,49.2,92.5,38.3,148.6,98.7,83.7,51.8,21.8,57.8,34.8,40.7,44.8,48.9,6.7,37.3,42.6,36.3,15.1,58.2,174.0,53.7,48.3,90.9,75.2,17.9,58
21.8,41.1,35.9,51.5,102.6,37.3,147.5,109.0,77.4,68.5,21.0,58.2,33.4,45.0,46.2,45.0,7.3,41.9,46.1,34.3,13.8,55.0,170.7,62.6,47.8,103.5,85.6,17.2,53
21.3,41.3,33.0,47.2,95.4,36.6,152.0,92.2,82.5,57.3,22.3,55.2,34.3,37.6,40.7,46.6,6.6,36.8,42.1,38.0,15.5,61.5,177.1,55.8,48.3,84.7,72.4,18.3,47
22.2,42.1,35.8,52.6,100.8,39.2,154.3,105.3,83.4,63.0,21.2,57.9,34.6,43.5,45.5,48.2,7.5,39.1,43.2,36.4,14.4,59.6,180.3,64.9,49.7,98.1,87.4,17.4,35
23.3,41.4,38.5,52.6,113.9,43.4,156.4,113.6,85.2,66.5,21.0,58.4,35.0,44.0,45.1,50.1,8.0,42.8,46.8,36.9,13.8,60.2,180.5,70.6,47.8,104.6,99.5,18.3,39
23.3,42.9,37.1,55.1,103.8,39.5,155.0,116.4,83.8,65.9,22.1,58.7,34.7,48.4,48.5,48.4,7.5,42.0,46.5,38.7,14.8,60.3,181.5,62.4,49.5,102.5,94.6,18.7,37
26.7,42.9,38.6,54.8,112.6,41.2,164.0,104.3,92.7,70.2,22.7,59.9,37.7,38.0,42.1,52.2,8.5,40.8,45.3,38.5,14.6,62.5,188.2,69.8,50.5,106.7,103.9,19.7,22
23.9,41.5,38.8,54.0,108.2,42.4,151.7,108.8,84.4,65.4,20.6,57.8,35.7,39.1,40.9,47.6,7.4,38.2,42.5,36.9,14.3,59.3,175.4,67.9,46.4,98.9,93.2,17.5,31
21.3,39.9,36.2,49.5,99.4,38.0,143.1,105.3,80.2,62.4,20.3,57.3,31.7,44.6,46.0,46.3,7.7,39.8,43.2,34.6,14.8,52.5,166.8,57.2,45.5,93.6,75.9,17.2,54
21.6,46.9,38.0,53.1,99.6,37.0,158.5,106.4,90.5,58.3,20.8,59.4,33.3,38.5,43.5,50.4,6.8,40.3,45.3,38.8,18.2,63.0,183.5,61.1,47.1,88.6,85.3,17.4,34
25.3,43.3,39.0,56.7,111.7,44.2,156.4,116.4,84.3,70.4,21.2,60.0,36.0,48.3,49.3,49.6,7.7,42.2,45.5,37.4,15.6,59.1,182.9,69.0,45.6,99.4,103.2,18.2,29
24.7,42.4,36.8,52.0,116.8,46.1,158.6,111.9,87.2,60.2,21.7,57.2,34.7,41.3,44.8,50.0,7.6,40.0,45.1,38.7,15.6,62.9,182.7,74.8,52.0,110.4,107.8,17.8,33
25.8,40.8,37.0,50.9,113.2,43.8,153.9,105.5,86.2,63.0,23.6,59.4,36.4,42.1,44.5,49.6,7.4,39.5,44.1,37.8,14.5,61.7,178.5,69.4,48.5,102.7,96.2,18.6,27
24.9,41.2,36.8,51.8,110.2,44.7,148.9,114.2,81.5,61.7,22.3,56.8,34.3,45.2,47.7,47.8,7.4,40.4,44.2,34.5,15.7,55.8,171.5,68.8,48.2,108.7,96.1,18.1,34
21.8,42.6,33.0,49.6,97.3,37.7,156.8,98.2,86.8,66.0,20.8,56.9,33.9,44.4,47.2,50.7,7.4,37.1,41.8,35.5,15.9,57.0,182.7,56.4,46.6,86.4,76.2,17.6,36
22.7,42.8,32.5,49.4,91.3,35.4,154.9,99.7,88.8,53.6,21.5,56.4,35.5,43.3,45.0,49.4,7.2,37.2,43.1,39.9,15.1,62.7,179.6,54.1,46.4,81.5,71.2,16.6,40
22.1,39.5,34.6,51.1,97.5,40.1,145.4,108.2,80.4,61.0,20.8,56.9,32.7,44.8,45.8,46.3,7.7,40.0,43.8,33.3,13.4,52.9,169.3,60.0,46.1,92.4,78.6,17.3,36
21.5,42.4,40.6,52.8,94.2,39.0,148.8,111.2,81.5,59.4,20.7,58.4,33.7,43.6,45.1,46.6,8.2,38.8,41.5,36.1,15.3,59.7,171.3,61.3,47.8,90.5,81.8,17.5,41
22.0,38.4,32.9,46.2,96.8,37.0,156.6,93.2,85.2,63.6,19.5,57.4,33.4,42.4,44.4,49.3,7.4,36.0,41.0,36.6,14.2,57.3,182.3,57.9,49.4,91.8,76.0,16.5,29
23.7,43.2,36.0,54.3,101.3,37.1,158.4,110.9,87.0,70.0,21.3,58.0,34.0,42.3,45.5,48.6,8.0,41.0,45.0,39.4,14.8,64.5,184.2,60.5,47.3,101.3,95.2,18.6,32
22.2,37.3,34.8,47.1,93.5,36.1,144.0,105.3,78.7,59.6,20.8,59.0,33.5,41.5,42.6,45.9,7.3,41.7,44.1,35.5,11.5,57.8,167.3,57.3,46.1,97.4,76.4,17.0,48
22.4,44.3,35.5,54.8,103.6,40.3,154.4,116.6,85.7,65.0,22.4,58.3,34.8,49.7,51.6,49.9,6.8,45.1,49.0,36.8,15.5,58.0,177.1,63.7,51.4,110.8,100.1,18.8,33
21.9,42.3,35.8,50.1,98.1,37.7,148.0,97.3,80.8,60.4,21.4,56.6,34.2,40.5,43.9,47.5,7.4,39.8,44.2,35.0,14.0,57.8,172.9,62.4,45.2,81.5,75.8,18.3,27
22.4,42.0,36.5,52.0,103.2,37.5,158.1,111.7,89.2,64.4,22.2,57.0,34.5,50.0,50.3,49.8,8.3,42.0,46.3,39.5,14.8,61.7,183.3,58.7,48.7,103.2,92.1,18.7,46
22.7,43.6,38.5,53.6,100.8,39.8,148.1,107.6,82.2,59.9,21.3,56.1,33.8,42.9,45.5,47.8,7.8,39.8,44.3,36.8,15.4,59.9,172.4,63.9,46.5,92.5,84.5,17.4,26
22.3,42.4,37.5,53.0,105.0,39.9,151.8,114.2,84.7,66.1,21.3,58.4,33.3,48.1,49.6,48.2,8.2,40.2,45.2,36.2,14.8,58.3,176.5,65.1,45.8,100.0,92.8,17.1,30
21.8,41.0,38.8,51.4,102.8,38.3,150.2,114.0,86.3,60.5,21.1,59.3,33.3,40.5,43.7,48.5,7.0,41.8,46.0,38.7,13.5,63.2,173.0,63.3,46.0,101.4,91.3,17.1,46
22.8,43.1,39.9,55.0,109.7,41.6,147.2,111.4,80.5,60.0,21.5,56.9,35.6,45.9,48.5,47.1,7.5,43.5,46.1,36.4,14.5,59.4,169.4,68.2,46.3,100.9,96.6,17.7,41
24.5,40.5,34.3,49.6,96.8,39.7,145.2,104.1,78.3,61.6,22.5,55.3,33.5,45.3,48.4,45.8,6.7,39.8,42.7,34.9,15.7,55.1,166.8,60.0,45.9,94.8,79.8,18.7,43
22.9,44.1,43.7,54.3,100.5,37.2,157.2,115.2,88.6,67.8,22.7,56.9,35.5,50.8,52.5,49.3,7.0,41.8,46.4,38.4,16.3,61.6,180.3,62.2,43.8,88.5,91.5,18.9,27
22.8,42.5,42.0,52.2,106.7,39.9,157.9,110.6,86.7,64.3,22.8,56.9,34.7,44.6,46.4,49.1,7.6,40.1,45.5,38.0,14.9,60.0,181.4,65.1,48.4,97.7,95.5,18.5,42
24.9,42.7,36.1,54.8,114.5,42.5,156.1,121.3,83.1,72.0,22.1,58.7,36.1,49.0,50.9,48.1,7.7,46.9,48.8,36.2,14.9,59.1,179.6,69.6,53.3,118.5,114.6,18.3,40
25.4,43.9,42.7,56.9,113.7,45.0,157.0,127.7,85.8,69.8,22.4,57.7,35.9,46.0,46.5,48.8,8.1,45.1,46.8,37.1,16.7,59.2,181.1,68.8,49.2,114.6,114.2,19.1,34
21.3,40.3,31.1,47.6,92.7,34.6,154.3,97.7,86.5,60.2,21.8,57.8,34.3,41.2,42.9,48.4,7.8,39.2,41.8,36.6,14.4,60.0,177.1,54.7,44.8,85.7,69.8,17.4,44
23.4,42.3,35.9,50.9,107.4,40.9,158.7,106.2,89.1,59.5,21.5,57.7,35.3,46.7,49.9,50.5,7.9,41.2,45.7,39.4,15.8,63.5,182.6,67.5,49.8,99.3,95.1,17.7,28
23.8,40.8,35.9,51.4,115.1,40.3,156.3,114.7,81.1,70.1,21.3,57.8,34.3,41.2,42.0,48.1,7.6,42.6,47.4,37.5,13.2,60.7,178.5,69.5,53.9,116.8,102.1,17.5,42
21.5,40.9,36.4,52.9,101.5,36.3,148.9,109.0,79.7,65.1,21.2,58.0,33.5,43.0,44.2,47.7,7.6,41.0,44.5,35.1,14.0,55.4,171.7,60.9,47.3,95.3,83.6,17.7,24
23.8,44.8,37.2,54.8,113.4,42.2,155.4,114.5,86.6,60.8,21.8,60.0,37.5,45.5,48.5,49.6,7.5,41.8,45.7,37.1,15.8,61.9,178.1,71.2,55.5,114.2,108.1,18.2,47
21.6,42.0,35.5,51.7,99.8,38.3,147.5,107.1,79.0,65.8,21.2,56.6,31.7,45.2,47.1,45.4,6.9,41.4,45.6,33.5,14.6,53.8,171.8,60.4,47.7,99.0,84.5,16.8,30
23.8,44.2,37.1,53.9,103.7,43.0,154.2,107.9,83.1,65.2,21.4,57.2,35.0,45.0,48.0,48.3,7.9,39.8,44.0,35.8,15.4,57.7,179.7,63.2,44.4,93.5,91.1,18.2,27
21.3,43.8,36.6,53.5,101.4,37.0,157.9,113.0,82.7,70.5,21.7,59.0,34.3,47.3,49.7,51.0,7.0,43.0,46.6,37.3,15.0,60.6,181.7,65.8,48.4,106.8,97.4,17.6,32
23.3,43.5,39.8,53.3,101.8,40.3,152.3,113.7,83.2,61.6,20.4,57.7,34.1,41.7,45.8,48.3,7.6,40.5,45.9,36.6,15.8,59.9,176.7,61.1,46.7,96.5,90.9,17.3,29
23.0,43.9,36.0,53.2,101.8,36.6,157.7,107.1,92.4,63.3,22.3,57.3,36.3,47.5,49.3,54.1,7.5,39.3,43.8,39.5,14.8,62.8,182.2,63.1,45.6,91.5,86.7,18.0,29
19.7,39.8,29.4,46.1,90.0,34.3,142.3,91.2,78.0,54.4,19.1,56.8,31.4,40.0,43.2,43.5,6.4,35.0,39.5,34.1,14.4,55.3,166.5,51.4,46.1,79.3,59.4,15.9,33
22.5,42.5,36.2,52.6,101.3,39.7,157.0,104.2,87.1,62.4,22.3,56.0,35.4,40.8,44.0,52.3,8.6,37.8,42.8,38.1,14.8,61.1,182.7,64.4,50.4,98.4,89.2,17.8,29
24.6,40.5,37.8,50.7,107.3,39.5,155.2,104.9,87.0,66.8,21.3,58.8,34.6,41.9,43.4,48.6,7.4,37.5,41.9,36.5,13.4,58.8,179.1,67.4,47.6,91.5,87.9,17.5,23
24.6,42.2,36.8,52.7,111.6,39.4,159.1,110.8,90.2,68.7,22.3,56.8,37.6,48.4,49.5,52.7,7.4,42.1,46.9,39.4,14.2,63.4,182.2,69.0,46.1,103.5,100.7,19.0,22
23.7,43.2,37.5,54.9,111.5,40.3,156.7,114.2,83.7,70.5,22.1,60.7,35.6,49.3,50.5,48.2,6.9,41.0,47.1,39.4,14.5,61.6,182.0,67.9,50.8,104.1,101.6,18.1,28
24.3,43.3,34.3,54.1,106.8,44.0,152.3,115.3,88.1,58.2,21.7,59.3,35.6,45.4,48.5,50.2,7.6,41.1,45.2,37.3,15.6,61.8,176.6,64.8,48.0,103.8,96.9,18.6,44
22.8,43.6,45.5,55.7,110.4,44.0,153.6,120.6,86.0,66.1,23.4,58.4,34.9,44.2,45.5,51.5,7.3,43.3,48.5,36.8,14.6,59.8,177.4,67.3,45.5,101.7,104.7,18.6,50
24.2,43.5,42.9,55.8,110.5,43.3,159.2,118.2,89.3,66.8,22.7,57.8,36.6,43.0,45.1,51.6,7.7,45.5,50.2,38.4,14.0,62.9,181.4,69.7,52.7,103.2,110.0,18.7,40
24.7,44.5,41.7,57.2,112.5,45.2,159.5,126.1,87.9,67.0,22.9,58.9,37.6,53.6,54.5,51.6,7.9,48.5,52.5,37.3,14.7,62.0,183.8,68.4,55.7,118.7,119.2,19.7,32
22.7,43.9,31.2,50.5,96.3,35.4,162.6,98.4,92.4,59.0,22.8,57.6,37.3,43.6,47.5,52.9,7.4,37.1,41.2,38.6,16.7,62.6,184.2,56.2,52.4,93.9,80.9,19.0,56
21.7,42.4,36.6,51.8,95.9,34.8,154.6,102.2,89.4,63.5,21.2,57.1,34.0,47.0,49.1,51.4,7.5,39.6,42.8,36.3,16.3,60.5,178.1,59.7,45.2,84.6,78.7,18.0,28
23.7,42.6,33.0,48.6,95.7,34.7,162.4,94.5,91.0,60.9,22.4,56.7,35.4,41.0,44.9,50.9,7.5,36.2,43.2,37.2,15.0,60.2,189.3,53.1,47.9,77.1,74.4,19.3,26
24.7,43.5,42.2,59.1,122.9,45.3,154.4,130.2,86.1,64.5,22.4,59.5,36.7,53.0,52.1,50.1,8.4,43.7,47.1,37.1,15.8,61.8,180.1,77.8,51.6,126.0,125.6,18.6,44
23.0,44.0,38.4,53.9,107.3,41.2,165.1,109.9,94.0,65.0,22.7,56.3,36.9,48.1,50.0,55.4,8.6,39.1,42.9,40.5,16.1,66.3,189.4,67.2,48.0,99.5,99.7,18.0,45
19.7,38.1,34.8,46.6,90.3,33.3,135.5,90.7,77.0,56.0,20.2,54.7,30.6,42.1,42.8,43.7,6.5,37.8,41.3,33.1,13.9,53.0,160.7,58.2,41.3,82.7,63.2,16.2,29
23.2,41.2,31.5,49.3,95.0,37.2,159.0,107.7,90.2,62.7,20.7,58.2,34.9,43.0,45.9,52.1,7.4,38.2,41.9,39.8,14.5,63.8,183.2,56.1,45.5,93.5,82.9,17.1,42
20.5,41.2,35.1,51.4,100.5,35.8,147.6,106.5,81.7,61.2,21.6,56.7,33.8,42.0,44.6,48.0,7.5,39.5,42.8,37.1,14.4,59.6,172.5,61.4,46.9,99.2,82.2,17.7,35
21.4,40.6,30.4,46.9,94.6,35.0,159.7,95.1,90.8,60.7,20.6,57.3,35.3,43.1,46.2,51.2,7.4,38.2,43.0,39.0,14.4,64.0,184.2,52.6,46.4,79.8,71.4,17.5,23
22.5,42.0,36.8,55.0,107.1,38.3,149.7,113.0,80.5,67.6,22.3,59.0,33.3,44.1,46.0,46.2,7.3,42.8,47.5,37.2,14.3,60.0,173.8,62.4,48.1,102.0,92.7,18.9,51
21.3,42.1,31.5,48.3,95.0,35.5,153.6,93.9,84.1,60.0,21.8,57.3,32.7,41.2,46.3,48.4,7.9,38.5,44.9,37.5,14.3,61.5,179.2,55.4,48.2,90.0,74.6,17.5,27
23.5,41.4,38.0,55.1,117.8,41.7,150.9,122.8,80.5,72.3,23.2,58.2,36.4,46.3,46.6,47.2,8.3,41.9,45.4,36.5,13.4,59.0,174.6,71.4,49.5,113.6,108.3,18.4,42
23.5,41.3,33.4,51.1,90.6,38.0,154.4,103.2,90.9,54.3,22.7,58.0,35.8,42.6,44.5,52.1,7.8,40.0,44.5,38.0,14.1,61.5,178.0,54.4,48.8,92.4,80.0,17.7,27
22.4,43.5,39.6,55.3,105.7,38.8,154.2,111.8,82.5,64.3,21.2,57.7,34.4,43.9,47.9,48.6,7.2,39.4,43.5,37.6,15.9,59.8,178.0,62.7,50.4,103.3,94.0,17.5,29
22.5,40.8,32.5,47.2,93.8,37.3,151.4,95.1,82.9,59.4,21.6,55.9,32.8,40.1,43.4,47.4,7.7,36.5,41.4,36.6,14.9,59.1,176.7,57.7,46.2,87.3,69.5,17.3,24
25.4,40.8,39.4,54.0,112.7,43.7,159.3,120.7,86.1,72.6,23.5,59.3,37.2,45.5,47.5,51.6,7.1,44.6,48.7,37.9,14.4,62.0,184.5,69.5,47.5,107.1,110.5,20.5,39
22.3,42.6,35.3,53.2,94.0,37.3,149.9,110.0,83.3,62.1,21.6,56.4,33.1,44.9,46.7,48.6,7.3,42.9,47.1,37.6,14.1,58.5,171.9,57.6,46.6,98.0,85.0,17.1,46
23.8,41.7,37.0,53.6,102.4,41.3,148.1,120.7,81.5,64.0,21.1,56.9,34.3,51.2,51.3,46.8,7.4,41.2,45.2,36.9,14.1,60.0,173.0,61.7,44.5,103.2,93.6,18.0,41
22.7,44.0,38.0,51.1,98.9,39.8,160.4,102.6,90.8,61.3,23.6,56.9,34.4,38.5,42.3,51.0,7.7,39.0,43.4,39.4,16.2,62.0,187.2,56.9,47.3,82.8,84.1,17.8,41
22.9,43.0,36.2,53.2,99.5,39.5,153.3,108.9,84.6,55.7,21.6,59.0,34.2,45.3,47.6,48.0,7.5,40.2,44.7,37.2,16.1,60.0,179.7,61.7,50.7,96.4,85.5,17.8,39
25.3,43.7,41.2,59.7,112.0,48.0,156.1,127.7,84.9,75.6,23.2,58.4,35.7,49.0,49.5,48.7,7.4,46.0,48.9,37.1,15.5,59.4,180.5,72.9,48.1,119.2,118.3,19.1,39
22.8,40.6,31.1,50.3,98.2,39.0,149.0,109.3,80.3,53.3,21.3,59.4,33.9,42.2,43.8,47.5,7.0,42.2,45.5,36.8,13.8,58.3,172.5,58.1,54.4,105.0,84.7,17.4,55
22.4,39.3,35.6,50.7,98.8,40.5,141.8,108.6,76.9,59.8,21.2,57.9,32.5,44.0,45.2,43.5,7.1,41.6,45.0,34.1,13.9,52.8,166.4,62.6,45.2,95.1,81.7,17.4,40
23.2,42.5,36.1,50.4,96.4,40.6,155.7,107.5,85.3,61.3,22.2,58.8,35.9,41.8,45.6,50.3,7.7,40.5,43.7,38.2,16.4,61.8,178.8,59.4,46.8,91.0,85.0,17.9,34
22.4,40.7,35.0,50.2,103.5,38.4,149.3,98.7,79.9,64.1,20.9,55.3,33.5,40.6,44.1,44.4,7.7,36.6,40.7,35.9,14.6,56.5,172.3,62.1,46.6,90.7,78.9,17.4,41
24.5,43.9,38.2,54.4,116.5,42.2,157.0,114.7,87.2,60.0,22.7,59.0,37.6,42.0,46.1,51.0,8.4,41.9,46.5,40.1,15.6,64.1,182.1,72.5,50.0,110.5,104.5,18.8,38
22.8,41.4,37.0,49.8,94.0,39.8,150.6,104.8,83.1,58.1,21.2,56.6,32.8,43.2,46.4,46.9,7.3,39.2,42.7,37.0,15.6,58.9,174.5,56.8,48.0,90.5,80.4,17.9,44
24.5,39.8,41.7,51.7,106.3,40.8,146.2,108.8,79.8,64.7,21.3,55.2,34.4,48.3,48.0,45.3,8.6,40.6,44.8,35.3,13.3,55.2,168.5,68.1,46.7,100.4,89.9,18.1,30
23.7,38.8,34.6,48.7,94.3,36.4,146.5,97.9,80.0,66.2,21.0,55.2,32.2,45.0,45.2,45.6,8.1,37.5,42.6,35.6,13.4,56.8,171.5,58.3,42.4,84.2,72.7,17.6,21
24.9,44.2,37.7,56.0,109.5,42.3,152.7,119.9,82.1,66.9,22.2,58.8,34.8,48.0,50.2,48.8,7.8,44.7,49.1,36.7,15.1,58.3,177.5,64.2,49.4,110.7,104.1,18.6,41
23.3,40.8,36.1,52.2,105.8,39.8,151.6,111.7,83.3,62.3,21.3,58.9,34.6,38.9,42.1,47.4,7.2,41.1,45.3,35.2,13.6,58.6,176.3,62.7,48.2,97.9,90.8,17.8,32
22.5,37.0,39.0,47.6,95.9,40.0,151.0,100.7,81.1,62.2,21.8,58.0,34.2,38.0,39.6,47.9,7.9,39.1,43.2,35.4,12.3,56.8,174.5,60.8,47.6,88.9,81.1,17.8,41
22.2,40.4,33.2,50.3,94.2,37.8,145.1,102.7,79.3,55.6,19.8,56.8,32.7,38.5,40.0,44.1,7.5,38.1,42.2,35.0,14.8,56.8,168.6,55.5,47.4,90.0,71.0,16.7,41
23.7,43.4,37.9,52.3,106.4,42.7,149.8,111.4,82.0,63.6,21.8,59.6,35.0,44.6,47.5,47.0,7.8,43.9,46.9,36.1,15.7,57.3,174.0,68.0,48.9,95.9,95.3,17.8,28
23.5,43.1,37.5,53.7,97.0,39.8,153.3,110.2,81.1,61.6,21.6,57.7,33.5,45.0,45.0,48.0,7.4,41.5,47.5,36.8,13.8,60.3,177.1,60.1,50.3,90.0,84.0,18.3,37
20.7,38.9,30.8,45.1,92.4,34.7,146.8,90.7,82.7,54.6,19.6,54.9,31.6,34.7,37.8,46.7,7.0,34.5,38.4,34.4,14.3,54.1,170.1,54.5,45.1,80.0,64.6,16.2,56
23.1,42.8,37.2,52.2,101.3,38.4,158.7,102.3,91.1,59.8,21.2,57.7,34.3,39.7,43.2,52.6,7.5,41.0,45.5,39.1,15.2,63.5,184.7,63.4,46.4,92.3,86.3,16.7,42
22.7,39.3,34.8,49.5,105.3,37.6,144.6,107.6,76.3,58.3,21.3,55.7,33.0,42.5,43.5,44.4,6.8,38.5,41.5,34.8,14.4,54.9,166.8,64.7,49.6,105.0,81.2,16.8,50
23.4,41.4,37.3,53.4,104.5,40.8,146.7,111.2,79.3,63.7,20.6,56.8,34.0,43.5,45.9,45.6,7.5,40.5,46.5,36.4,14.0,58.0,172.1,64.4,47.4,105.2,91.5,17.8,45
23.7,43.5,40.2,58.5,112.0,42.9,157.6,125.1,85.0,72.3,21.7,58.7,35.0,49.1,50.7,48.7,8.2,47.2,49.5,35.1,15.8,56.4,181.1,69.7,51.0,115.6,110.8,18.5,46
22.2,37.4,33.9,46.2,94.6,35.4,143.8,97.7,74.9,67.5,20.4,57.2,32.6,37.7,39.9,43.0,7.9,39.4,43.2,34.1,12.6,54.4,167.2,57.6,45.8,83.6,71.0,18.0,25
23.7,44.3,45.4,56.9,107.3,43.0,153.9,122.3,84.3,64.8,21.1,57.5,35.8,50.2,51.5,49.6,8.3,44.9,50.3,36.6,15.4,59.3,177.0,68.8,47.1,109.5,106.7,18.2,38
21.9,41.2,38.1,53.3,108.2,38.1,150.4,113.3,85.1,60.8,21.8,57.1,33.7,47.5,49.1,49.7,6.9,43.8,46.4,37.0,14.5,59.7,172.2,67.5,49.5,113.2,96.6,18.0,47
24.4,44.6,39.6,58.6,113.2,43.7,157.5,128.3,88.3,69.2,22.2,59.6,35.8,49.0,50.8,51.1,7.8,46.7,49.9,39.1,15.4,61.7,181.1,67.7,48.9,117.9,115.8,18.7,44
23.7,42.0,32.2,52.3,106.6,39.7,156.2,113.3,83.4,68.4,21.5,60.3,35.4,45.7,47.3,49.2,7.7,41.7,46.5,37.5,14.9,60.3,179.5,66.3,49.3,105.7,96.8,18.1,44
24.3,40.6,35.5,51.4,98.6,40.1,143.8,104.8,78.8,63.2,20.7,56.2,33.2,47.3,47.0,45.1,7.5,36.9,42.7,33.4,13.9,54.3,169.0,60.8,41.8,86.9,77.2,17.0,29
24.0,41.2,28.2,45.1,93.6,38.0,167.8,84.7,93.6,60.4,23.6,57.9,38.8,33.5,37.9,54.1,7.5,35.2,39.7,39.9,15.4,65.0,192.7,51.3,52.5,75.7,69.4,18.9,51
21.4,40.8,34.3,50.3,97.8,39.1,152.3,103.4,83.8,62.6,22.7,57.3,34.3,41.1,43.3,46.3,7.2,40.3,44.8,36.2,13.7,59.1,176.3,57.8,48.2,91.2,81.7,17.6,35
24.0,42.4,36.3,49.3,99.1,39.1,148.5,99.3,82.5,59.5,20.6,57.1,33.8,39.5,44.6,47.3,6.8,40.0,45.1,34.5,15.4,56.9,173.7,61.2,45.1,91.7,79.3,17.0,28
22.6,41.9,40.7,51.3,105.4,40.9,157.6,112.8,90.5,62.3,22.5,57.5,37.1,41.6,45.0,52.1,7.6,39.2,43.7,39.2,15.2,62.6,180.5,64.9,49.6,95.2,97.0,17.7,41
23.1,41.5,33.0,49.8,98.3,38.2,156.2,100.9,85.3,65.8,22.5,58.5,36.7,41.1,44.6,49.1,7.5,39.6,43.5,38.1,15.3,60.7,180.4,60.5,47.7,90.0,81.3,18.2,26
21.7,41.6,35.4,50.8,104.1,38.4,156.8,103.4,88.6,58.0,21.6,58.4,36.5,44.3,47.2,52.3,7.4,39.7,44.7,38.2,15.6,60.8,179.8,66.6,48.2,92.3,85.2,17.4,26
25.5,44.4,49.0,60.4,113.7,46.1,152.9,123.2,84.1,65.4,23.5,62.4,38.0,50.7,53.0,48.2,8.5,45.3,49.5,36.0,15.5,58.0,174.5,73.2,48.1,104.4,113.9,20.4,40
21.3,40.2,35.0,48.4,100.2,37.1,146.5,100.2,79.0,61.9,20.2,56.8,33.4,43.2,45.3,45.9,6.9,38.4,42.5,34.2,14.7,54.3,169.4,61.6,47.2,86.6,74.7,16.7,24
26.4,40.1,38.1,51.0,112.5,42.9,157.2,105.4,86.1,69.3,21.4,56.9,36.8,39.5,41.7,49.8,8.0,40.0,43.0,35.1,14.7,57.1,182.4,66.2,47.2,98.1,97.2,19.1,30
22.6,42.6,35.7,52.1,102.3,38.1,151.3,104.0,81.6,59.2,23.2,57.4,34.2,42.7,45.4,47.6,7.5,39.3,43.3,37.1,15.5,57.1,173.9,57.7,49.5,92.5,82.2,18.5,50
25.5,40.7,36.6,53.1,110.3,44.0,153.9,114.3,86.3,61.6,21.7,59.6,36.3,44.5,46.9,49.9,8.4,38.7,42.2,36.6,13.8,59.4,177.2,65.9,48.7,99.7,96.3,18.0,26
22.0,41.5,31.5,49.3,93.4,34.8,162.7,107.4,92.8,56.1,21.3,57.3,35.2,42.0,46.1,53.8,7.6,37.7,43.5,39.4,15.2,63.5,186.4,50.8,49.7,95.1,77.9,17.1,50
21.0,38.8,32.8,45.3,85.6,36.3,143.6,88.1,86.0,52.2,20.9,55.8,31.6,36.2,39.6,47.7,6.5,34.9,40.3,34.9,13.3,57.5,167.0,53.3,38.7,69.8,59.4,16.0,19
22.8,43.6,35.2,51.8,108.1,37.6,152.6,107.6,86.1,66.7,21.2,57.3,35.2,41.8,44.8,48.4,6.7,39.1,43.6,37.2,15.1,60.4,176.0,67.1,42.9,89.7,84.7,17.3,28
21.8,38.6,32.9,47.4,99.5,37.3,142.6,92.5,80.2,62.0,19.6,55.4,30.2,42.6,43.3,45.0,6.3,37.2,40.9,33.6,13.0,56.0,165.5,59.0,41.9,88.5,69.1,16.7,27
20.7,39.5,32.6,49.2,98.5,37.0,145.2,104.7,81.7,54.1,19.3,54.1,31.6,41.9,45.1,47.0,7.2,37.2,41.8,36.4,13.6,59.1,169.6,59.4,46.6,94.6,74.1,16.0,39
22.9,43.0,32.8,48.9,95.6,35.5,150.5,96.8,81.1,59.8,21.0,55.7,34.0,40.3,43.3,47.2,7.3,37.3,43.4,36.8,15.1,59.0,176.1,58.5,46.0,81.3,70.4,17.2,21
21.7,42.3,36.5,52.0,103.0,35.8,154.6,111.3,85.5,64.6,20.6,58.7,34.1,46.1,47.4,51.1,7.7,42.7,45.5,37.6,15.8,60.7,179.0,64.0,46.6,98.4,87.7,17.7,43
22.7,43.3,38.2,53.9,106.6,41.2,154.9,115.2,86.6,63.9,22.3,55.8,34.5,49.0,49.3,50.5,7.6,41.1,45.6,37.7,15.4,61.7,177.7,66.2,47.5,106.6,96.4,18.2,44
25.5,41.7,36.5,51.4,109.4,42.4,153.5,103.4,82.9,67.6,20.7,56.8,34.6,43.0,45.4,46.8,7.0,38.4,44.5,36.3,14.4,59.5,178.0,69.3,48.5,97.9,92.7,17.6,19
24.4,41.9,37.6,52.1,106.8,41.3,152.6,105.3,85.1,64.2,21.7,61.7,36.1,41.6,43.2,49.1,7.7,40.8,45.1,37.4,13.4,60.7,177.4,67.8,47.0,96.0,94.6,17.8,23
23.4,44.2,39.4,53.7,105.2,42.1,153.7,108.3,83.2,68.4,21.6,59.6,35.8,46.7,49.2,49.6,7.1,42.3,46.8,37.1,14.8,60.2,178.5,68.6,45.3,93.9,97.2,17.9,31
21.3,41.6,30.6,49.1,93.3,37.8,153.3,94.7,88.0,57.0,19.0,60.0,34.0,40.6,44.0,48.1,7.2,37.9,42.3,36.3,14.8,59.0,178.3,57.0,46.6,81.9,73.0,16.7,22
23.6,41.9,37.9,52.4,102.3,39.7,146.1,105.9,77.7,61.6,21.7,55.1,33.8,47.7,49.4,46.7,8.1,39.8,43.7,32.9,14.2,53.1,169.8,58.5,47.6,101.9,83.3,18.9,43
23.4,43.7,42.2,54.5,103.1,39.1,147.3,109.5,82.5,59.7,21.1,56.2,34.5,47.2,49.5,47.3,7.1,40.1,45.7,34.0,15.4,56.2,170.6,67.0,48.0,100.5,89.5,17.7,35
27.3,43.8,39.6,52.9,116.7,44.6,156.6,108.9,89.3,69.1,22.1,61.5,37.3,42.1,45.2,49.3,7.4,40.4,46.1,37.4,14.6,61.4,183.1,72.3,44.8,102.6,105.2,17.7,28
25.1,40.9,38.1,51.9,101.8,41.9,148.5,109.5,85.7,60.6,20.8,57.5,35.3,44.8,46.1,50.0,7.1,36.4,40.8,38.7,13.9,61.1,170.5,62.4,44.1,99.1,86.3,17.5,29
24.0,45.2,42.3,53.6,101.9,42.8,156.0,111.9,89.8,56.4,21.2,57.8,37.8,42.8,46.1,51.0,7.9,40.1,45.7,38.4,16.6,63.2,180.7,64.6,47.5,90.2,92.6,17.3,33
20.9,40.3,34.8,49.0,97.4,36.6,138.7,97.7,74.6,59.1,19.7,54.7,30.5,38.7,40.0,40.7,7.1,39.0,40.7,35.4,14.8,55.4,164.1,62.2,44.2,81.4,71.6,16.2,21
23.5,45.3,35.9,55.7,112.0,38.7,165.3,115.4,89.7,70.0,21.3,59.7,36.0,46.7,49.2,52.6,8.6,40.3,45.0,38.6,15.9,63.0,190.6,66.7,52.4,104.0,103.2,18.2,25
23.0,43.3,37.3,53.1,102.5,37.4,150.4,106.4,86.1,62.2,21.2,56.5,33.4,42.0,45.6,48.9,6.9,40.7,45.6,36.9,14.5,62.1,174.0,65.9,46.6,97.3,87.0,17.6,22
25.0,42.8,39.2,54.9,123.3,46.4,156.2,119.6,85.5,68.0,21.8,58.0,35.1,42.9,46.6,49.5,8.1,44.5,48.2,37.9,14.0,62.1,181.4,81.5,54.2,126.2,119.9,18.6,22
23.3,41.0,36.4,51.6,104.3,37.5,160.7,114.2,91.1,62.9,21.2,59.3,35.2,43.9,45.4,53.2,7.7,39.4,44.8,37.8,13.8,63.4,188.5,63.6,48.2,103.7,93.0,17.3,29
20.3,41.0,39.1,50.5,95.1,35.6,144.5,103.7,80.3,57.4,19.3,55.9,32.3,44.4,45.1,45.5,7.0,40.5,44.2,34.3,15.2,56.0,166.0,59.3,45.0,85.5,73.3,16.1,24
24.9,43.6,35.1,50.9,100.0,38.7,156.5,101.9,87.6,59.8,20.5,56.6,34.6,45.7,48.1,50.6,7.3,40.2,45.5,37.2,15.0,59.7,181.3,59.8,47.4,90.1,82.9,17.2,25
24.3,41.1,37.8,55.5,117.7,40.4,150.5,118.2,83.0,64.4,20.9,56.7,34.9,44.0,45.2,45.9,7.5,41.1,44.6,34.7,14.2,56.3,173.1,72.4,49.2,115.6,102.8,17.1,28
23.2,42.2,42.8,51.4,100.5,38.7,154.1,106.5,86.5,56.0,21.6,58.4,35.2,40.5,43.4,49.5,8.0,39.9,45.5,37.2,14.8,60.1,179.0,62.7,51.0,95.0,86.9,17.6,31
21.5,42.1,40.6,54.6,112.6,39.5,152.8,113.4,82.5,68.6,21.7,56.5,35.4,46.0,46.7,49.2,7.7,44.5,48.3,35.2,14.8,57.9,176.6,70.8,51.1,112.9,101.5,17.8,38
22.5,41.1,33.3,50.3,100.6,39.3,150.5,100.1,82.7,67.1,20.4,56.0,33.2,42.9,45.3,46.8,6.4,39.4,41.9,35.0,14.0,56.4,174.2,62.7,45.7,96.6,82.7,16.9,49
24.2,41.9,37.9,53.2,110.0,40.6,153.7,108.2,86.2,66.5,22.3,57.1,35.7,42.5,44.8,47.8,7.9,42.1,45.6,37.3,15.3,58.4,178.1,66.2,45.8,101.1,95.4,18.5,30
24.1,42.7,39.6,54.2,106.0,43.0,155.0,110.4,86.2,60.8,21.0,58.4,35.9,43.0,45.1,50.9,7.3,44.7,49.0,37.3,15.0,61.3,177.8,66.3,50.9,98.9,94.0,17.9,42
19.7,39.6,30.5,46.8,88.2,35.5,143.0,90.4,78.6,54.6,19.7,56.0,30.2,42.6,45.2,44.0,6.2,37.0,41.0,34.4,15.0,55.3,166.4,50.3,44.7,80.0,59.8,16.0,33
24.2,39.4,38.1,52.9,104.7,39.9,143.7,113.9,76.8,59.6,20.4,57.1,34.1,42.3,43.1,42.6,6.9,37.9,42.2,32.3,13.4,51.6,166.6,65.2,49.7,101.3,88.9,17.0,24
21.0,39.4,32.3,48.2,97.8,34.2,149.9,97.3,82.3,60.8,20.2,58.2,32.5,37.7,40.5,45.9,6.9,38.3,44.5,36.2,14.8,57.3,175.9,57.0,45.7,87.9,73.4,16.5,27
24.0,39.5,34.1,49.6,101.8,42.7,136.3,103.2,70.2,58.8,20.0,55.8,32.5,49.2,50.7,39.7,6.3,42.7,48.0,31.5,13.7,50.3,158.6,59.8,48.3,100.8,79.9,16.9,33
21.2,41.6,32.8,48.1,91.8,35.4,144.8,92.3,77.1,55.2,20.5,58.1,32.7,37.5,39.9,44.2,6.7,36.3,40.9,34.4,14.8,56.1,171.4,54.2,47.4,77.5,65.7,17.0,18
23.5,40.1,31.5,47.7,96.8,39.6,153.3,96.1,83.6,59.4,22.2,58.1,34.8,42.1,43.9,47.9,8.4,39.0,43.1,35.3,13.6,58.3,178.0,60.7,48.8,88.4,77.9,17.5,22
24.7,42.3,40.1,53.2,106.9,41.6,153.9,115.9,86.2,58.5,20.3,59.8,36.0,44.0,46.7,50.8,7.7,42.1,47.2,37.1,14.5,59.6,176.6,67.2,48.1,103.5,99.5,17.5,29
21.0,39.3,33.7,48.8,94.1,36.4,138.5,99.8,74.8,58.0,20.7,55.3,31.8,39.8,41.5,43.7,7.2,37.1,40.4,32.9,14.5,54.8,162.8,56.1,42.3,82.2,66.4,16.8,40
25.4,39.6,37.3,51.8,110.8,41.6,144.2,110.7,76.3,63.9,21.1,59.5,34.5,43.5,45.0,43.3,7.5,40.0,43.4,33.9,13.5,54.8,167.8,71.4,46.3,102.3,91.0,16.9,26
25.6,43.6,42.0,53.5,110.7,43.8,151.8,118.2,85.8,62.3,22.6,59.0,36.4,47.8,49.0,47.0,7.5,41.4,47.0,37.9,15.5,60.0,176.7,67.0,46.5,98.8,101.3,18.2,25
23.8,40.3,32.4,47.2,95.7,41.2,151.2,101.3,86.0,60.2,21.2,57.4,35.7,38.1,40.4,49.0,7.3,39.6,43.1,39.2,14.7,61.8,172.3,59.7,47.7,90.4,80.4,16.6,48
22.0,40.6,33.8,48.3,106.3,35.4,153.7,101.1,86.6,64.0,21.1,56.3,34.7,37.7,40.9,47.9,7.0,37.5,43.7,36.5,14.6,59.1,177.6,64.0,47.0,94.5,81.5,16.5,21
23.4,42.4,41.0,53.0,112.6,40.3,150.7,117.2,84.3,58.6,22.0,59.4,35.0,40.9,43.6,48.2,6.5,43.1,48.7,35.5,16.1,58.5,175.6,69.1,49.5,108.3,103.4,17.9,23
20.5,37.9,28.4,43.8,85.7,33.1,146.0,83.8,80.7,54.8,19.4,56.3,31.4,39.5,41.2,46.9,7.4,36.5,40.9,37.1,13.0,59.5,168.5,52.1,44.9,78.3,58.7,16.4,22
22.5,39.0,33.0,48.8,101.1,38.1,150.9,101.8,84.8,57.2,20.8,58.0,33.2,43.6,45.5,48.2,6.5,39.9,43.9,36.7,13.0,59.4,173.3,63.4,48.6,95.4,80.9,16.9,19
23.3,41.9,34.6,50.6,99.5,37.8,150.2,104.3,79.6,64.7,19.3,57.7,32.8,44.2,47.7,46.3,7.0,39.3,43.2,37.0,16.1,58.4,174.0,64.7,45.4,91.6,78.7,17.2,22
21.8,41.1,34.4,51.5,100.9,39.8,146.1,109.8,74.5,65.3,21.7,59.0,32.2,45.4,47.8,44.0,6.8,42.6,44.8,35.0,15.3,55.9,167.9,59.2,50.0,106.7,86.7,17.0,46
21.8,39.8,31.2,46.8,90.2,37.9,143.4,95.6,75.8,56.8,19.8,56.3,33.2,40.0,42.8,44.8,6.9,38.2,42.8,33.0,14.5,51.5,166.7,57.3,47.7,84.0,67.4,16.4,30
21.3,38.6,28.7,46.2,91.2,34.6,144.7,93.6,77.5,55.9,20.1,55.9,31.9,43.7,45.0,43.6,7.4,35.4,39.3,33.7,14.7,54.0,168.0,54.0,46.2,84.1,63.1,17.0,30
22.4,42.6,35.7,51.8,105.2,39.0,151.7,104.7,82.9,63.8,22.5,58.7,34.3,45.2,46.9,47.9,7.2,42.7,44.7,35.8,16.2,56.7,175.8,63.1,48.1,105.5,91.0,18.2,40
21.7,38.1,30.7,45.2,89.9,36.4,141.7,96.8,80.2,52.2,22.3,55.4,34.0,40.0,42.8,46.4,7.4,37.3,39.7,35.8,14.0,56.4,164.3,50.6,45.7,80.1,61.6,18.3,52
23.8,45.0,39.1,56.4,116.4,42.4,156.2,121.6,86.5,65.2,22.4,59.1,36.6,47.8,50.5,49.8,6.9,42.5,46.9,38.4,16.4,62.8,179.0,71.2,51.2,121.7,112.1,18.5,29
23.7,39.2,35.1,51.4,108.6,39.7,156.0,115.1,85.5,64.6,21.2,59.8,34.3,41.3,43.8,49.0,8.2,39.3,42.8,37.5,14.4,60.1,179.8,67.3,50.7,119.4,102.0,17.7,33
24.6,41.5,39.9,54.4,112.7,40.3,147.4,114.1,81.4,66.3,21.6,54.8,33.4,44.0,46.6,46.4,7.7,39.4,42.9,36.6,15.2,59.2,170.3,71.6,46.2,114.6,97.6,17.8,21
22.0,40.0,34.4,49.7,103.2,40.3,147.1,102.0,82.5,61.7,21.0,57.2,32.9,39.5,42.7,48.5,7.3,41.7,45.5,36.1,14.0,59.1,171.5,65.3,45.8,99.0,83.8,17.2,21
24.5,41.0,38.6,51.9,108.9,41.4,160.6,116.5,85.1,63.4,22.1,54.9,35.6,45.5,47.7,51.0,8.0,42.8,46.6,36.3,14.0,59.1,186.1,67.2,52.5,113.5,106.6,18.7,31
24.3,41.8,39.9,53.2,112.4,39.9,156.5,112.1,85.9,64.7,21.1,60.4,35.6,41.2,44.3,48.2,7.0,42.8,45.1,37.0,14.3,59.3,180.4,69.6,52.3,111.3,102.9,17.6,26
21.8,39.2,32.2,48.7,93.1,36.4,147.1,101.2,79.8,61.5,21.4,56.6,32.8,41.2,44.3,45.8,6.7,38.9,42.0,35.8,15.5,57.5,172.0,55.5,43.8,85.2,70.5,17.8,37
24.9,45.0,36.8,53.8,112.8,43.2,160.6,116.5,89.0,62.1,21.7,57.7,35.7,48.3,50.5,51.4,8.4,40.8,46.7,36.2,16.6,59.6,185.0,67.0,55.1,114.6,108.3,18.1,22
22.6,37.7,29.3,45.0,86.5,37.0,142.8,86.2,82.2,54.3,18.9,54.4,32.6,34.7,37.5,46.2,6.9,33.5,38.0,35.0,13.8,56.3,165.1,52.3,40.8,78.4,57.5,16.6,22
23.0,44.3,33.1,50.3,97.5,38.8,158.6,96.7,86.7,61.9,20.6,57.9,35.2,41.2,47.0,50.1,7.2,39.5,44.3,39.3,16.8,63.2,183.5,58.6,49.8,84.0,80.8,17.1,21
25.0,42.6,39.5,52.1,107.1,40.7,153.0,106.6,86.1,58.4,20.7,61.5,35.7,38.2,41.8,48.7,7.2,39.2,42.3,36.7,16.1,58.7,178.4,65.4,47.8,97.0,91.6,18.0,25
20.2,40.2,32.0,48.1,97.8,33.8,161.2,99.2,90.8,62.0,19.8,57.2,33.8,44.0,45.5,52.7,8.0,38.4,44.9,38.5,14.1,62.0,186.4,58.4,46.9,91.2,76.6,17.0,27
26.4,48.3,47.1,63.7,124.2,48.5,162.2,137.2,89.3,69.7,22.7,61.4,39.4,56.2,57.7,50.7,7.4,45.8,51.1,38.1,16.7,62.4,186.7,74.4,55.4,130.0,142.9,20.5,45
24.0,43.6,37.0,55.0,103.1,41.7,150.1,117.8,83.1,59.9,21.7,60.5,34.4,46.4,47.8,48.7,7.7,39.1,44.5,35.5,14.9,57.7,174.5,65.2,48.2,106.7,94.3,17.5,36
25.4,41.5,35.7,51.8,100.0,42.0,147.0,104.3,81.5,60.4,20.8,58.4,33.7,40.8,42.8,47.3,7.1,39.4,43.8,35.2,13.8,57.1,171.7,62.2,43.7,88.5,81.7,17.9,31
21.3,42.3,32.7,51.7,92.3,35.4,149.8,98.9,80.9,61.6,20.6,57.7,31.8,42.5,45.2,47.9,7.7,36.0,39.4,37.5,15.9,59.8,173.5,55.1,44.7,83.0,70.1,16.7,27
20.3,38.4,29.5,44.6,84.2,34.1,137.3,88.0,77.2,47.3,19.0,53.5,30.8,36.1,39.1,43.6,7.0,33.5,39.0,33.3,13.9,54.0,160.3,48.1,41.9,72.8,52.3,14.9,19
21.5,41.4,34.8,49.6,94.8,36.2,149.9,103.1,83.0,57.8,21.5,58.1,33.7,41.8,43.2,46.2,7.0,38.3,41.8,37.2,14.5,59.6,172.9,58.4,48.9,91.1,77.5,17.5,37
21.7,39.5,30.7,45.9,91.6,35.8,154.0,93.9,86.2,57.1,19.6,55.7,32.1,35.0,40.5,50.4,7.5,38.0,42.7,38.0,14.3,61.5,180.1,53.4,45.4,82.2,68.7,16.3,22
22.7,39.5,33.0,48.9,98.4,38.0,141.3,94.2,76.3,56.5,20.4,56.8,32.5,39.1,41.1,43.9,7.6,37.7,42.3,34.4,13.6,55.5,164.8,59.6,46.8,84.6,70.3,16.4,20
23.9,46.0,42.6,57.2,115.4,44.4,159.0,119.4,88.3,67.3,22.9,60.1,36.2,48.5,50.5,52.0,7.1,44.4,48.9,38.9,16.4,62.6,182.3,72.9,52.3,118.1,116.7,18.3,31
21.1,38.7,26.5,47.3,86.8,35.8,138.3,102.6,75.5,52.5,19.6,54.8,32.1,42.8,44.4,44.2,5.9,37.3,40.8,33.7,13.4,55.5,159.8,52.5,45.3,85.7,62.0,16.3,46
22.6,44.7,45.0,56.1,99.7,40.0,151.6,115.6,81.5,64.2,22.1,60.4,33.9,50.9,51.4,47.8,7.4,41.0,44.8,36.9,16.4,59.6,177.4,66.4,46.0,94.0,99.0,17.9,29
24.3,43.4,43.5,53.4,114.4,45.3,163.6,113.4,95.1,67.4,23.1,58.7,37.4,45.2,47.1,53.5,7.9,44.5,47.3,39.4,14.7,65.9,187.0,76.5,47.7,95.2,109.9,17.4,27
22.4,43.1,40.9,55.4,110.2,40.1,159.5,115.7,88.7,67.9,22.2,59.4,37.2,46.5,48.9,51.9,8.2,44.2,47.3,39.6,15.3,63.5,182.5,67.2,47.6,102.5,101.2,18.1,42
21.5,44.5,41.5,54.8,97.9,37.1,153.7,115.9,87.3,63.0,21.4,57.5,35.7,49.6,51.7,50.6,7.2,43.2,47.5,38.5,15.7,63.5,179.2,58.8,43.2,92.8,87.5,17.3,35
23.0,40.5,35.4,50.2,99.6,38.3,147.8,104.8,83.0,60.2,21.5,55.7,33.4,45.1,47.5,47.3,7.1,39.7,42.6,37.0,13.6,60.9,170.2,61.8,44.6,89.4,77.8,17.4,40
21.2,41.5,37.4,52.5,102.2,37.0,153.6,116.4,85.8,65.5,22.8,56.8,34.5,42.2,41.0,49.8,8.3,42.6,47.0,37.0,13.8,61.5,177.3,62.7,47.9,97.5,89.4,17.8,43
21.1,39.9,31.0,47.3,91.1,35.8,150.9,90.4,83.2,59.6,20.8,58.3,32.2,36.8,39.8,47.5,7.4,37.2,41.8,37.3,14.3,58.7,176.5,53.7,47.6,80.2,67.8,17.1,25
21.6,41.9,39.1,51.6,96.6,37.7,153.4,104.3,84.9,61.7,22.4,58.0,33.5,40.2,44.8,49.0,6.9,40.6,45.4,36.6,15.3,60.0,179.0,59.4,47.9,88.5,81.8,18.4,25
23.7,43.5,35.5,52.3,103.3,41.1,157.2,113.5,89.8,65.0,22.3,57.2,36.2,46.1,47.8,51.1,8.5,39.5,44.5,38.3,13.7,62.7,182.1,62.7,44.2,92.2,88.1,18.4,38
24.4,44.4,39.0,55.6,111.7,42.8,155.0,117.2,84.6,68.2,21.5,59.7,33.0,48.5,49.3,50.4,7.4,42.5,46.8,36.0,14.4,57.9,179.2,73.1,47.0,103.5,104.7,18.1,32
24.2,45.4,36.0,55.4,105.8,40.0,162.3,112.7,87.8,71.6,21.5,56.0,34.4,47.9,51.8,51.0,7.7,43.3,48.2,40.5,16.6,65.2,186.5,67.3,52.5,108.0,100.9,18.1,35
24.4,41.3,37.7,52.6,104.9,40.3,152.4,116.5,85.0,65.8,22.6,59.2,35.3,46.3,48.1,47.9,7.7,40.4,45.3,36.2,14.3,59.5,176.7,67.6,47.5,98.4,95.6,18.7,21
22.8,39.8,34.0,47.6,90.7,37.5,144.5,92.8,76.9,57.8,20.2,56.9,34.0,37.0,39.7,43.6,6.8,36.6,40.9,33.4,14.9,53.0,167.8,57.9,43.8,79.5,68.9,17.4,21
22.7,41.3,39.5,51.8,105.8,39.2,149.7,111.2,84.3,58.5,22.4,56.0,34.7,42.5,44.6,47.9,7.1,40.3,42.5,36.5,15.6,58.1,172.8,67.0,48.2,95.2,90.9,18.3,22
25.2,42.4,43.8,53.7,122.4,45.4,152.1,120.7,84.0,75.0,22.0,57.5,36.3,40.1,42.6,49.5,7.9,42.8,44.5,36.9,14.1,62.0,174.4,77.5,47.2,112.2,115.9,18.6,24
22.4,41.4,36.8,51.5,101.8,39.0,149.4,104.3,82.5,61.5,20.4,59.0,33.6,42.0,44.5,46.1,7.9,39.9,43.3,35.8,15.2,58.2,173.0,61.5,46.0,91.3,82.2,17.5,25
22.0,39.9,32.9,46.7,91.2,38.2,154.5,97.1,88.0,58.4,20.8,58.1,33.7,42.2,45.9,51.7,7.5,37.1,40.6,36.3,15.5,61.0,180.0,57.1,44.5,78.0,69.8,17.0,29
23.7,39.5,37.1,49.0,99.9,40.0,156.6,101.8,89.1,67.8,22.6,57.8,34.4,37.5,40.8,49.2,7.2,39.0,45.2,39.6,13.1,63.0,182.2,62.4,45.2,83.4,84.6,17.9,20
21.6,42.5,28.8,48.1,90.5,36.0,151.6,88.9,87.9,56.5,20.8,57.3,33.7,41.0,44.0,49.7,7.4,36.0,41.4,38.8,15.5,61.2,175.3,51.0,43.5,80.3,65.6,17.2,22
23.1,40.1,35.0,52.1,110.5,39.4,149.2,111.3,79.2,64.4,21.0,57.9,34.7,41.9,44.2,47.7,7.0,38.3,42.0,36.6,14.3,58.6,171.9,68.9,47.7,103.7,89.2,16.6,28
23.7,39.1,31.6,45.7,89.9,39.2,143.4,91.4,79.8,55.9,20.6,56.6,32.8,41.1,44.0,45.0,7.6,36.5,41.0,33.8,14.9,54.0,169.6,53.8,42.8,77.5,65.9,16.7,23
20.6,41.2,31.7,48.9,91.1,36.1,140.6,95.0,77.4,59.8,19.6,54.8,31.6,43.0,46.0,43.2,6.4,34.9,39.6,34.2,15.0,54.2,166.0,57.0,42.3,86.2,66.2,15.6,21
22.2,42.2,33.5,50.4,103.4,38.8,157.1,102.5,87.2,59.7,20.7,56.7,35.3,40.0,44.3,51.8,7.6,37.4,42.5,38.5,16.0,62.1,181.9,63.4,48.7,93.6,85.8,16.8,19
25.0,43.8,39.5,53.1,103.2,41.8,148.2,106.9,81.7,67.6,21.7,62.3,36.5,45.3,47.9,45.9,7.5,42.1,44.9,35.7,15.4,56.6,171.3,64.1,45.0,87.3,86.7,18.7,20
22.5,42.2,34.9,52.0,98.0,39.3,146.2,103.8,79.4,61.7,19.8,60.7,33.2,41.2,43.7,46.2,8.2,38.3,41.1,34.4,15.2,55.7,171.8,62.3,46.7,96.1,83.4,17.1,20
27.7,44.0,37.8,55.2,111.9,44.5,147.1,113.9,76.0,68.0,22.5,58.3,36.0,52.2,52.8,43.9,7.4,43.7,47.9,34.7,15.6,53.3,169.5,70.8,49.7,103.0,100.9,18.7,25
22.6,39.9,35.3,49.1,103.4,40.2,143.9,99.3,79.2,57.9,20.7,57.5,33.2,39.2,42.2,44.9,6.9,38.1,42.1,36.0,13.5,57.5,167.1,63.7,44.9,94.4,79.6,17.0,21
22.7,41.0,32.2,48.7,97.4,39.4,149.5,99.3,85.1,57.4,22.1,58.2,34.3,39.7,43.4,48.4,6.9,39.5,43.2,39.1,15.6,60.6,174.1,58.3,45.6,86.7,80.4,17.6,24
22.4,42.7,39.4,53.9,106.5,40.0,152.2,113.2,81.4,63.0,23.1,57.5,34.3,42.0,43.0,46.5,7.3,43.0,48.2,37.0,14.5,59.0,175.9,66.2,49.5,93.2,94.7,18.4,26
23.2,41.1,34.1,50.4,102.9,38.7,151.8,103.2,83.2,64.1,22.1,57.0,34.6,42.7,45.5,45.1,6.7,39.9,44.1,35.6,14.6,58.2,177.0,61.5,46.1,89.0,82.6,18.3,24
25.0,41.2,36.9,52.4,112.0,40.9,157.2,110.1,84.6,65.1,21.5,57.2,35.0,44.0,47.8,47.8,7.2,41.6,45.5,37.2,16.0,60.5,181.3,68.7,51.4,101.1,99.5,18.0,20
25.2,40.1,38.0,50.3,105.6,42.4,151.0,106.5,82.5,62.2,22.1,57.4,36.5,43.5,45.2,47.8,8.0,40.3,44.3,35.6,13.9,55.2,173.7,68.0,47.8,95.2,92.2,18.3,21
22.8,37.2,31.6,47.2,93.2,38.5,129.8,96.0,70.5,51.5,19.6,55.3,32.0,38.0,38.7,40.4,6.6,36.3,39.6,30.7,13.2,49.6,154.2,56.2,43.2,85.9,63.9,15.6,25
22.6,43.1,31.4,49.0,96.1,37.6,155.0,94.9,85.3,61.4,21.5,56.3,34.7,40.9,44.5,48.0,7.4,36.4,40.1,36.7,15.7,58.1,179.7,54.7,47.0,81.3,72.0,17.4,19
23.2,39.3,34.8,47.2,94.2,39.6,145.5,101.7,77.9,55.6,20.3,55.7,34.9,40.0,41.0,43.7,7.7,37.7,42.5,33.3,13.5,55.1,168.5,60.8,50.7,88.7,77.1,17.4,31
22.4,41.3,36.0,50.2,98.8,37.3,147.6,102.8,79.7,60.0,22.7,57.3,34.0,43.1,44.9,46.2,8.2,41.5,44.6,34.7,14.2,54.4,170.0,56.9,48.6,94.6,80.0,17.9,48
23.3,40.0,36.8,49.9,100.2,41.3,136.9,109.8,78.8,59.2,21.4,55.8,34.5,44.2,44.9,44.2,7.1,39.8,43.3,33.0,13.9,52.6,161.2,61.6,39.1,94.4,78.2,17.5,40
22.0,41.9,32.6,49.1,94.7,38.3,152.0,94.0,85.5,55.2,21.6,56.7,32.6,34.8,38.3,48.7,7.3,38.0,42.6,36.8,14.2,59.6,175.8,55.3,45.7,86.2,73.4,17.5,26
25.5,42.2,39.9,56.3,115.8,44.0,143.7,120.7,75.3,62.7,21.5,58.1,35.8,47.2,48.0,45.2,7.6,44.7,48.5,34.9,14.5,55.0,166.6,71.2,51.6,118.5,110.3,18.8,43
25.6,43.2,40.4,56.8,112.8,43.5,153.3,116.8,81.8,70.8,21.6,57.4,35.3,49.7,52.5,46.7,7.1,40.5,44.5,37.0,15.2,59.6,175.2,73.5,49.8,107.2,105.4,18.5,21
23.3,42.1,34.4,53.0,105.7,39.5,151.8,107.4,82.6,62.9,20.3,57.7,32.5,48.0,49.0,47.7,7.6,39.9,42.5,36.0,15.6,59.0,174.9,63.4,48.6,101.5,85.1,16.5,26
24.7,43.6,38.2,52.9,105.2,40.5,159.9,112.3,89.1,63.7,21.9,57.0,37.1,47.3,49.6,52.0,8.3,42.6,46.9,39.2,16.2,62.6,182.4,64.1,48.9,95.2,95.9,18.0,22
22.1,39.3,32.3,46.6,100.6,37.8,153.8,99.2,83.6,55.8,20.7,59.5,34.8,42.3,43.7,49.9,7.9,39.2,43.7,37.6,13.1,60.5,176.7,62.7,50.1,90.8,79.8,17.4,21
23.0,43.6,35.1,51.1,101.4,41.2,154.7,104.2,84.2,64.7,20.7,59.0,35.1,39.1,42.8,49.9,6.9,38.2,42.5,38.3,15.7,59.4,180.2,64.2,45.2,86.4,84.3,17.9,22
23.7,42.7,35.3,53.0,103.8,38.7,156.7,108.1,87.5,63.8,22.0,56.4,32.7,39.6,42.0,49.5,7.7,40.5,44.8,38.3,15.2,59.7,181.7,62.9,48.7,93.8,91.4,18.1,21
22.2,43.9,33.1,49.6,90.1,37.6,151.7,97.1,85.1,56.2,21.9,56.7,33.6,41.1,45.5,48.6,7.2,36.9,43.2,35.7,16.2,57.4,177.2,54.8,46.2,79.1,68.6,17.0,21
23.7,43.5,39.2,53.3,103.6,39.2,153.5,108.3,82.7,61.7,22.4,57.7,34.8,39.3,42.8,47.5,7.1,40.6,44.5,37.7,15.4,60.5,177.7,62.3,48.4,88.0,88.9,18.5,21
23.3,39.6,32.9,49.8,100.8,37.8,146.0,103.7,78.4,60.4,20.6,57.7,33.8,41.2,42.7,47.1,6.5,38.4,42.1,35.6,13.8,57.5,171.5,59.6,42.7,91.4,75.8,16.7,23
22.7,42.7,34.1,49.9,96.0,39.0,152.5,100.0,86.2,58.3,21.5,60.6,34.0,40.4,43.0,47.4,7.3,41.2,45.3,37.9,15.8,60.5,179.2,55.7,45.7,80.5,77.7,18.4,20
25.5,43.6,36.3,53.4,111.9,40.1,159.1,107.3,89.9,65.5,22.3,59.0,37.4,47.3,49.0,51.1,8.7,40.9,46.8,38.2,16.0,60.0,184.9,65.4,51.4,102.9,98.6,18.8,28
22.6,41.4,31.4,49.5,96.2,37.3,150.4,101.3,82.1,60.7,20.3,61.7,33.9,38.0,41.1,46.5,6.7,38.8,41.3,36.4,14.7,58.5,175.0,56.8,46.5,82.0,75.1,17.1,20
23.2,42.2,31.9,51.0,101.3,40.5,152.6,102.1,84.0,64.6,21.7,56.6,33.7,43.1,44.7,48.3,7.5,37.9,43.5,36.9,14.4,59.6,176.0,61.6,45.3,92.3,80.9,17.2,28
24.5,43.8,36.5,54.0,105.3,40.1,169.0,106.2,96.2,62.8,22.3,61.3,37.6,40.0,43.9,56.1,8.0,41.3,45.1,42.3,15.3,68.3,193.8,66.7,50.2,92.0,96.0,17.7,24
23.5,41.7,37.6,52.6,105.3,38.6,159.9,110.4,89.0,65.5,21.6,57.6,35.7,46.7,47.9,49.1,8.1,41.5,46.2,36.3,14.2,59.7,184.9,65.8,51.2,101.1,97.0,18.0,27
23.4,41.1,37.4,52.1,98.5,40.6,148.9,110.1,83.4,62.0,22.4,58.8,34.2,43.2,45.2,47.8,7.5,40.5,44.1,35.7,14.8,57.8,172.7,59.7,45.7,95.2,84.6,18.1,27
21.8,41.5,34.6,49.5,101.8,36.3,155.9,99.1,88.0,59.6,21.9,58.0,35.7,38.3,42.5,50.4,7.0,38.5,42.9,39.7,15.0,62.3,180.9,61.4,49.6,94.5,81.9,18.2,23
24.5,41.0,38.3,51.2,108.6,41.7,158.4,107.4,88.4,66.9,22.5,60.0,37.2,44.5,47.3,50.1,8.4,40.6,45.4,36.7,14.8,59.4,184.0,66.4,49.8,96.7,96.3,18.6,30
23.4,42.2,39.7,53.0,101.8,39.1,153.7,110.7,87.3,59.9,22.6,57.2,35.3,45.7,47.5,49.7,7.3,41.0,44.4,38.0,14.8,61.3,178.5,62.5,49.5,101.5,92.0,18.4,47
23.2,41.6,35.5,50.3,99.3,37.1,149.9,103.2,87.7,56.7,21.4,58.8,34.6,42.0,45.7,49.5,7.7,40.2,44.8,37.4,14.8,61.4,174.5,61.1,46.5,89.2,82.7,18.2,20
23.4,40.3,36.4,49.0,97.5,39.3,147.8,99.4,84.5,57.2,21.3,60.7,35.0,36.8,40.0,47.9,6.8,39.3,43.4,35.2,14.1,57.4,173.2,64.1,44.2,86.6,81.1,17.4,24
22.8,42.3,36.1,52.3,104.7,40.0,148.8,107.3,81.6,58.9,20.9,55.0,34.1,43.4,46.0,46.7,7.0,38.7,42.7,36.0,14.9,58.6,171.3,63.9,49.2,103.4,87.8,17.7,24
20.1,39.8,31.0,46.6,88.9,35.6,140.9,89.6,77.1,54.2,20.1,57.3,31.3,40.0,42.8,44.6,6.6,34.9,39.7,34.7,14.2,55.3,164.4,53.6,43.4,76.1,57.9,15.9,22
25.8,43.7,37.5,53.0,108.4,42.7,155.2,112.2,84.9,64.4,22.9,58.1,36.7,46.8,49.3,48.1,7.2,40.1,45.0,37.9,16.2,59.5,178.6,69.7,47.0,92.4,96.7,18.0,20
25.2,41.0,37.2,52.6,111.3,42.2,158.3,107.6,87.0,68.4,22.6,57.2,35.8,45.2,48.0,49.5,7.4,40.0,43.3,36.8,14.3,59.1,183.5,69.9,49.5,98.7,98.2,17.7,22
24.4,45.2,38.6,57.5,106.8,41.2,152.4,118.0,83.5,67.9,23.5,58.2,36.9,45.3,47.6,48.1,7.8,43.0,48.2,36.4,15.5,59.2,176.3,64.3,45.4,103.4,100.1,19.4,27
21.8,39.9,36.7,50.5,97.8,36.6,144.8,101.4,78.9,57.5,21.5,57.1,33.7,45.7,47.2,45.2,8.1,39.2,43.6,35.2,14.6,54.6,168.7,59.8,48.0,93.3,78.4,17.9,26
23.6,40.9,36.3,49.2,99.6,38.6,161.0,103.2,93.3,59.9,21.8,56.7,36.2,36.6,41.5,53.4,8.4,38.5,43.0,38.8,15.0,61.1,185.5,59.0,47.7,91.7,85.8,17.4,25
24.3,40.8,38.0,51.5,106.6,41.9,148.2,109.7,81.8,64.8,21.8,58.9,35.6,46.2,46.8,45.6,7.2,40.5,44.5,35.3,13.8,56.2,172.0,65.3,47.5,102.1,93.3,18.5,20
22.4,39.5,34.2,48.4,94.6,39.2,135.2,106.1,75.5,57.2,19.7,57.4,33.1,41.8,42.1,43.4,6.8,36.0,40.1,33.0,14.4,53.7,157.2,58.9,39.9,81.2,67.5,16.0,26
20.8,38.6,33.5,44.8,92.3,36.2,148.2,97.7,81.5,57.8,19.9,58.3,32.6,38.1,40.8,47.0,6.0,37.8,41.1,34.6,13.6,58.0,171.5,56.3,46.3,80.0,66.8,16.3,26
22.9,39.0,36.5,48.9,99.2,42.7,141.4,97.5,76.2,66.2,21.2,58.4,34.4,40.3,41.7,44.9,7.3,39.1,42.5,34.7,14.4,54.5,165.8,63.2,43.3,88.3,80.2,17.0,29
22.4,40.3,37.7,50.0,100.5,36.3,148.0,101.3,79.7,64.4,21.5,59.3,33.6,44.5,46.3,47.2,7.5,40.3,44.5,33.7,13.0,51.5,172.0,61.7,46.8,94.0,80.4,17.3,34
24.2,42.1,37.3,53.0,101.8,38.8,151.2,107.2,84.2,57.1,22.1,61.5,34.5,48.7,49.7,47.8,6.8,40.9,46.3,35.4,14.7,59.3,177.7,66.8,50.0,99.2,92.5,18.2,20
22.7,42.1,37.0,52.0,100.1,37.4,140.9,104.9,80.7,61.4,22.6,56.0,36.1,45.3,45.9,44.4,6.2,39.5,42.6,35.7,14.9,57.6,163.8,61.8,39.3,81.6,77.8,18.2,24
24.7,44.6,37.1,54.9,111.5,43.7,163.2,114.7,88.7,69.8,21.2,59.0,37.6,47.3,49.2,50.8,7.8,42.0,48.3,38.2,15.3,61.4,190.2,65.0,51.0,108.8,105.7,17.5,41
22.6,40.7,36.1,50.3,102.4,38.3,155.1,107.3,86.3,67.9,22.2,60.3,33.8,45.0,46.7,48.3,7.3,44.5,49.3,36.8,13.0,59.4,179.3,62.7,48.0,97.8,90.1,17.4,37
23.4,41.7,37.0,50.6,95.9,36.2,154.6,98.5,86.5,57.0,20.8,56.5,35.4,44.2,46.0,49.7,7.6,38.3,42.7,37.3,15.5,60.3,179.9,57.3,47.0,83.7,77.2,17.2,20
24.0,42.3,39.0,52.1,103.6,41.6,157.8,111.3,88.0,62.5,21.4,59.0,35.0,43.2,45.7,51.9,7.2,39.7,44.0,38.3,14.8,61.7,182.6,62.7,48.0,90.4,90.4,18.0,24
23.6,42.4,39.8,51.1,100.2,38.8,158.3,109.1,89.3,62.0,22.1,58.4,36.2,45.3,46.8,50.8,8.5,41.7,46.6,38.9,14.7,61.8,183.0,60.4,50.2,98.0,90.1,18.8,43
23.4,42.8,38.5,54.3,108.5,41.6,150.5,115.7,82.3,61.2,22.1,61.0,33.9,43.5,46.3,45.8,7.0,41.8,46.1,35.7,16.0,57.2,175.5,66.6,49.4,104.9,96.1,17.8,34
24.7,41.2,43.4,53.4,108.2,42.2,159.2,114.3,89.5,64.1,23.0,56.3,37.0,43.1,44.8,50.0,7.9,42.3,46.1,38.5,14.4,61.8,186.5,68.5,47.7,96.2,101.7,18.9,33
22.6,42.6,36.2,51.0,103.7,38.7,155.4,103.8,85.0,66.5,22.3,58.5,33.6,45.7,47.5,49.0,7.3,41.7,46.8,37.2,14.8,60.0,180.6,62.8,47.6,96.6,89.7,17.7,40
22.7,40.4,34.4,50.2,104.4,37.4,154.9,111.6,87.0,65.1,21.1,57.6,34.1,47.5,48.7,48.2,7.7,37.4,41.7,37.1,15.0,59.1,179.2,67.4,48.5,107.3,91.6,17.6,29
21.6,41.9,31.9,49.4,94.3,34.8,151.8,102.6,83.2,57.3,20.7,58.8,34.5,38.7,41.7,48.6,7.4,38.0,42.0,36.7,15.5,59.8,177.7,56.7,47.6,87.4,74.4,17.5,39
22.7,45.8,37.0,53.6,92.0,40.0,159.2,103.9,93.4,56.8,21.7,57.4,36.2,47.2,49.6,54.8,7.2,40.6,45.0,38.6,18.4,64.1,185.4,55.3,45.1,81.5,82.8,18.5,26
22.2,43.8,33.6,50.9,100.5,39.8,155.8,101.1,83.7,61.4,20.5,56.0,32.3,44.4,48.0,49.6,6.9,39.4,45.0,36.7,16.1,61.3,181.9,60.4,49.0,90.0,80.6,17.1,37
23.4,42.8,37.8,50.7,96.4,39.5,154.5,96.9,89.1,61.4,21.5,58.2,35.1,42.0,44.9,49.2,6.6,38.8,43.9,37.1,14.6,60.0,181.0,60.7,45.2,84.1,84.1,17.8,21
23.9,42.0,36.2,48.9,101.9,39.9,144.6,100.2,79.7,61.1,22.3,58.6,34.0,43.1,46.0,45.4,7.5,37.7,41.2,35.4,15.5,57.0,168.2,62.8,45.6,94.6,79.4,18.2,41
24.1,40.7,36.3,53.8,110.8,42.3,159.9,109.7,87.1,65.5,22.1,57.4,34.6,42.7,44.5,50.6,8.2,39.8,43.6,38.1,14.6,62.5,184.5,67.8,50.5,108.7,99.2,17.5,30
25.2,40.9,37.1,53.4,112.0,44.6,161.8,118.1,89.9,66.0,20.7,57.4,37.8,42.2,43.6,52.4,7.9,43.5,48.5,39.4,14.7,64.7,185.2,69.6,49.2,107.9,106.3,17.6,38
20.7,40.1,36.7,48.1,98.4,35.8,146.7,99.9,84.8,59.0,20.7,55.9,33.4,44.5,46.2,49.1,7.2,37.2,41.2,36.2,13.8,59.7,169.1,59.7,44.2,90.6,74.9,16.6,35
23.0,42.8,34.3,52.4,101.6,37.4,148.8,101.1,81.1,66.5,22.0,58.4,33.3,44.2,46.6,48.1,7.4,39.6,44.6,36.4,15.3,59.2,173.8,60.6,44.9,90.7,80.4,18.2,26
21.9,38.9,33.3,48.6,93.0,36.2,146.0,104.1,80.4,57.8,21.1,55.8,32.7,40.5,41.7,45.0,7.8,38.7,42.7,34.5,13.2,56.1,171.1,55.3,46.6,90.2,72.6,16.8,37
21.4,42.5,33.2,51.4,98.3,35.3,150.2,101.0,84.2,60.0,21.2,57.1,33.6,42.7,46.4,47.7,6.8,37.9,43.0,36.4,15.7,58.7,175.2,58.9,46.4,89.9,75.6,17.0,22
22.5,41.6,38.3,51.2,99.1,36.4,149.2,103.7,81.6,63.4,21.5,55.4,34.6,44.0,46.1,46.6,7.3,37.2,41.8,35.3,14.2,55.8,172.9,59.9,45.6,89.2,78.3,17.8,33
21.7,37.1,32.7,44.6,92.2,36.0,140.5,93.3,78.2,56.8,19.7,55.4,32.3,38.3,40.6,44.3,6.9,35.6,39.7,32.9,14.2,52.2,164.0,56.0,43.8,85.0,63.9,16.4,30
21.5,38.0,30.8,44.9,91.9,35.0,144.1,90.8,78.3,57.8,20.7,56.4,33.0,40.8,43.7,43.9,7.4,38.5,41.2,35.7,13.7,57.0,167.0,54.5,44.8,79.2,64.3,16.8,37
22.4,41.5,34.8,50.6,101.0,39.8,150.3,103.4,84.3,64.8,22.4,57.4,34.8,41.8,44.8,49.1,8.4,39.5,41.9,36.4,16.0,57.2,175.9,62.4,45.3,93.4,84.6,18.0,29
22.0,42.1,34.5,52.1,107.4,40.7,157.4,102.6,87.5,68.5,21.2,58.8,34.2,48.5,49.7,51.0,8.7,38.6,43.5,38.0,15.2,61.9,182.8,64.7,47.0,107.4,92.0,17.3,42
22.8,42.3,34.4,50.9,96.5,38.0,141.0,101.7,77.8,58.7,20.0,55.4,33.5,43.0,45.3,44.9,7.5,37.0,40.7,33.2,15.8,55.1,165.1,62.8,42.7,88.0,74.0,16.7,31
22.3,44.5,35.7,53.7,105.9,38.8,154.2,111.2,83.9,69.4,22.4,58.5,34.8,45.5,48.2,50.6,7.5,39.5,43.7,36.8,16.5,61.4,178.5,65.7,46.0,100.6,91.6,18.1,32
23.4,44.8,38.6,55.3,106.4,40.2,161.6,116.1,91.1,73.9,22.1,56.5,34.4,50.8,53.4,51.7,8.7,44.1,48.4,40.9,15.3,65.1,187.1,65.8,47.9,110.3,105.1,19.1,29
20.1,41.5,33.7,50.3,101.3,33.3,148.0,107.2,87.8,56.8,19.4,57.0,32.3,44.3,45.1,49.2,6.9,39.7,42.5,36.7,14.6,60.6,169.4,60.5,45.1,93.1,75.4,16.6,36
22.4,41.7,36.5,52.1,107.3,39.1,153.5,114.6,85.6,66.0,21.1,58.8,34.4,41.5,43.8,47.7,7.7,40.9,44.4,37.0,14.5,59.6,178.5,66.1,46.5,106.5,95.6,17.0,31
20.6,39.7,34.0,46.4,91.8,35.8,147.1,94.3,81.1,58.5,20.7,58.0,33.4,38.0,40.8,46.2,6.9,36.1,39.7,35.2,13.9,57.1,170.6,56.4,44.8,80.1,68.4,16.5,26
21.4,39.6,30.2,48.9,95.3,36.3,147.5,100.6,80.7,63.1,19.1,55.6,31.0,41.5,42.2,45.7,7.5,37.5,41.6,36.0,13.9,57.7,170.0,55.2,46.4,96.2,72.6,15.7,47
21.5,38.2,34.8,45.5,95.5,38.9,135.8,102.1,72.6,58.3,19.6,57.6,30.3,38.3,41.8,40.8,6.7,38.5,42.2,32.3,14.0,52.3,159.7,61.2,42.8,92.8,72.1,16.3,32
26.2,42.6,39.3,53.3,109.7,41.8,157.4,109.6,88.0,67.2,22.8,59.6,37.2,44.0,45.5,50.7,7.9,38.0,44.6,37.9,15.5,60.5,182.7,67.5,47.4,96.4,96.2,18.4,30
21.2,43.1,32.7,48.9,91.0,36.6,147.7,92.9,78.6,56.4,19.9,57.7,31.5,39.5,44.0,44.1,6.8,37.9,42.7,34.4,16.9,54.9,173.6,53.6,49.0,76.6,65.0,16.2,22
24.3,43.5,40.5,53.7,104.2,40.7,155.8,114.4,86.2,64.3,22.1,58.4,35.7,45.0,47.2,50.4,6.9,44.1,46.9,37.3,14.7,60.0,179.8,66.8,47.3,102.2,96.7,18.6,35
24.7,42.1,41.3,53.5,106.2,42.4,146.6,114.3,75.8,62.7,23.3,57.8,36.2,42.9,43.7,44.9,7.2,44.8,48.6,33.3,14.2,53.2,170.7,66.8,50.5,106.1,97.5,19.0,53
23.7,41.8,40.6,53.0,106.5,41.6,153.7,118.2,82.7,62.8,23.1,61.3,35.2,43.6,45.3,49.5,7.6,42.6,45.7,36.9,14.5,59.7,178.1,66.2,52.5,105.1,99.2,19.0,37
22.0,40.5,34.4,49.0,96.3,38.0,144.9,104.3,79.3,60.0,19.8,58.8,32.5,43.0,44.0,44.9,6.8,39.4,43.3,34.3,14.7,56.4,170.0,59.8,45.5,94.2,79.8,16.9,42
24.0,44.5,40.6,55.9,108.6,40.3,158.1,111.1,88.7,66.8,22.1,59.1,36.6,49.3,50.1,51.3,7.3,42.3,46.0,37.0,17.6,62.8,182.8,67.1,49.6,108.7,101.7,18.1,44
24.7,42.2,41.6,55.8,113.4,45.6,147.2,123.7,77.4,67.3,22.3,58.4,37.0,46.1,47.5,45.3,7.2,41.1,43.5,34.3,15.7,55.9,171.4,74.4,47.0,113.6,108.2,18.4,26
24.4,43.1,38.5,53.6,121.1,44.4,158.3,111.9,89.8,77.8,21.4,57.8,36.6,45.2,49.5,51.4,7.4,38.5,40.5,38.0,17.0,64.2,184.2,77.2,45.2,102.5,107.7,17.4,23
25.5,46.1,42.7,58.4,124.8,43.4,165.6,125.8,91.1,77.0,24.2,61.4,37.2,50.2,53.4,53.2,8.4,45.6,49.7,40.3,15.9,65.1,190.9,78.8,50.1,113.6,129.2,20.0,24
20.7,40.0,29.1,46.0,91.6,34.3,147.9,93.8,79.6,58.7,20.2,59.1,32.4,41.4,43.5,46.0,7.6,36.7,40.7,37.1,13.8,58.6,172.6,55.1,44.3,86.4,66.1,15.8,24
21.7,43.7,35.8,50.0,92.8,37.6,149.3,98.5,81.9,57.5,19.7,57.3,33.6,45.9,49.6,47.0,6.9,37.2,41.7,35.5,17.0,57.9,172.6,56.4,46.1,83.1,72.8,16.5,22
19.9,42.2,31.9,49.3,92.2,33.2,144.1,98.5,77.8,56.0,20.2,55.6,31.4,39.3,42.3,44.2,6.3,37.0,41.6,34.5,16.5,54.9,167.0,55.9,43.7,84.2,65.7,15.2,29
23.3,41.4,30.0,47.1,101.6,37.5,163.8,96.1,89.6,64.3,20.9,56.4,37.5,41.6,45.5,50.9,8.3,36.3,41.5,37.3,15.6,61.3,190.0,61.2,49.7,90.0,79.2,17.6,22
22.0,39.0,33.6,49.1,101.3,39.3,139.3,104.6,73.0,65.0,20.4,59.6,32.7,42.2,43.2,43.5,7.1,38.4,41.1,34.3,13.7,56.3,163.0,64.0,43.8,94.7,78.1,16.4,25
23.4,43.3,40.7,57.3,114.0,43.3,154.0,121.3,83.2,71.2,23.2,59.4,34.6,49.5,50.3,47.4,7.6,46.1,49.5,36.6,14.1,57.2,177.9,72.1,48.9,113.7,114.5,19.2,39
24.2,45.6,39.2,57.8,117.0,45.3,160.8,120.3,90.6,70.2,22.0,60.7,37.3,47.0,48.8,53.7,8.4,47.3,52.0,37.8,15.3,60.8,184.9,72.6,50.4,109.7,115.1,19.7,39
21.8,44.2,36.0,53.8,104.6,38.1,153.1,111.4,84.8,62.5,21.8,60.5,35.4,46.2,48.3,49.8,7.9,42.0,45.2,37.5,15.7,60.0,179.6,64.9,44.5,94.7,91.6,18.5,31
25.6,42.5,37.5,53.3,110.4,44.0,157.4,115.8,85.5,73.0,22.0,58.7,37.3,46.6,48.7,50.2,7.3,41.5,45.4,38.5,14.0,62.7,182.2,67.5,48.8,104.0,104.4,17.3,36
21.7,40.8,35.2,48.4,92.4,38.9,140.7,95.2,77.2,53.8,21.3,55.5,31.0,38.5,42.2,43.3,6.9,36.6,40.3,33.6,15.6,54.8,163.5,57.4,43.8,74.8,66.4,17.4,25
22.4,40.2,36.6,51.7,99.5,39.9,147.2,109.5,81.6,62.2,23.4,59.2,34.2,45.9,46.8,47.3,6.8,42.5,45.1,34.6,14.6,56.7,171.0,60.8,46.4,102.6,88.4,18.6,37
24.8,42.0,36.5,50.9,102.3,41.8,144.5,108.8,78.1,62.0,20.9,59.2,35.6,45.3,47.6,46.2,7.8,40.2,43.8,33.7,14.6,55.3,170.3,63.0,46.0,97.1,86.6,17.7,38
24.5,45.4,36.8,53.9,104.8,40.2,149.8,108.6,83.7,63.0,23.4,61.4,35.7,44.2,48.4,47.1,7.7,40.8,43.8,37.2,17.8,60.4,174.9,65.0,45.5,97.6,91.2,18.5,29
22.5,41.6,34.6,50.2,97.1,40.0,150.3,100.8,83.0,59.4,22.1,56.9,33.8,43.2,45.6,45.9,6.9,41.6,45.7,37.6,14.6,59.2,174.2,57.7,47.7,91.9,80.2,17.7,35
22.7,42.0,34.4,52.5,103.2,39.4,144.0,104.6,76.6,61.5,20.2,56.2,32.9,44.5,47.3,45.0,6.4,38.7,43.4,34.7,15.7,56.2,168.7,62.8,47.1,91.0,79.6,16.8,37
20.8,40.6,32.7,47.7,98.7,35.5,149.8,96.8,83.2,59.5,20.4,55.0,34.1,37.2,41.5,48.3,7.5,36.5,40.1,36.5,15.7,60.6,173.1,59.7,46.6,90.6,71.7,17.0,38
21.8,42.9,31.3,48.5,102.5,38.3,166.8,102.1,96.0,62.8,21.7,58.6,37.8,38.8,42.0,55.0,7.4,36.6,42.9,40.3,16.6,64.0,193.1,58.6,48.1,83.6,82.1,17.6,31
22.3,38.7,39.2,52.9,102.5,38.4,153.5,111.6,84.6,61.7,20.3,57.7,34.3,47.6,47.5,48.8,8.8,39.7,42.8,36.0,14.0,57.6,177.5,63.3,47.6,102.2,91.6,18.4,39
21.0,41.8,36.3,50.9,98.5,36.0,158.3,102.5,92.4,58.8,21.7,57.0,35.5,44.8,46.8,53.2,7.5,38.3,42.5,36.9,15.5,62.1,183.0,58.8,45.4,89.5,80.9,16.7,36
25.0,40.7,35.5,51.9,103.9,43.1,152.1,121.3,81.1,70.8,22.3,57.4,34.8,47.7,46.5,48.3,8.1,40.0,42.0,36.9,14.6,59.8,174.0,64.4,48.7,108.0,99.7,18.8,42
24.5,40.5,38.3,50.3,100.1,40.6,158.8,108.2,91.4,62.4,20.4,58.6,36.1,46.3,47.8,50.1,7.0,38.2,42.5,39.0,16.0,63.5,184.7,62.3,47.8,91.6,89.5,17.0,22
21.4,42.5,38.9,55.8,103.1,38.7,143.7,114.3,81.0,59.2,21.6,58.8,32.0,48.0,48.0,46.6,6.9,42.9,45.2,34.9,15.0,57.5,164.7,66.9,45.9,108.4,91.9,16.6,31
21.7,44.1,36.5,53.1,107.7,37.3,166.8,112.1,89.7,65.1,22.6,58.4,36.0,42.1,45.1,52.8,8.7,38.8,43.1,39.7,15.9,64.8,192.8,64.0,50.2,97.5,96.3,18.6,28
24.8,41.3,32.5,47.6,103.2,40.7,153.8,97.5,84.8,63.7,20.5,58.8,36.2,37.2,42.0,47.8,7.2,36.6,40.9,36.2,16.0,59.5,178.2,64.0,45.8,84.7,82.0,17.1,21
21.8,41.3,33.3,47.1,94.4,37.0,153.6,91.9,85.7,58.6,21.1,56.8,34.4,43.2,46.6,48.6,7.1,38.7,43.1,37.9,14.7,61.1,178.1,54.3,48.4,80.8,71.9,17.4,25
23.3,42.6,40.7,51.0,101.7,38.3,151.6,103.8,82.5,62.9,21.7,58.6,34.4,42.7,43.8,47.1,6.9,40.5,45.0,35.4,15.9,57.3,176.1,61.4,46.6,86.8,82.8,18.0,28
22.5,39.7,31.2,46.0,90.2,37.3,146.7,92.6,82.2,56.8,23.2,58.9,35.0,39.2,43.6,45.8,7.0,36.7,40.7,35.1,14.3,56.6,172.8,52.6,44.6,83.7,68.3,17.8,34
23.7,40.3,36.8,49.2,98.4,40.4,146.6,103.6,81.2,66.1,21.9,58.1,34.8,43.0,45.8,47.6,7.4,41.5,46.1,33.8,13.5,53.8,170.5,62.0,44.0,96.0,82.8,17.9,33
22.0,38.1,30.6,42.9,88.1,37.2,147.1,87.7,83.4,58.1,20.6,57.2,32.9,38.0,41.6,49.4,7.1,36.9,39.7,36.1,14.9,57.3,172.9,51.9,42.5,77.4,62.8,16.8,28
22.0,41.6,37.2,51.2,103.2,39.3,151.1,110.5,83.8,60.5,21.1,58.1,33.8,43.5,45.5,48.1,7.4,41.3,44.9,34.7,15.0,58.8,175.2,65.1,47.3,100.4,89.4,16.6,31
24.2,40.8,35.7,51.2,102.2,40.6,152.4,106.1,81.4,65.1,22.5,58.2,35.2,45.3,46.2,49.6,7.5,41.5,45.0,36.1,14.8,58.9,177.6,64.3,48.9,107.7,92.8,18.0,38
20.1,40.2,32.2,46.0,84.2,33.2,140.7,94.8,78.5,52.4,19.6,55.4,31.2,39.2,42.7,44.3,6.1,36.1,40.2,34.2,15.9,56.9,164.3,49.0,43.9,70.1,55.5,15.7,29
20.6,38.9,33.6,48.5,92.0,33.1,132.8,99.0,71.1,61.2,19.7,54.3,31.5,41.1,42.7,40.5,6.9,38.5,41.5,31.2,13.5,51.2,157.0,54.4,40.8,89.2,61.8,16.8,28
21.7,40.2,34.9,50.2,102.4,36.5,151.2,107.4,81.6,61.6,20.9,56.8,33.5,42.8,44.4,47.1,7.3,41.1,44.5,36.6,13.1,58.5,172.5,62.2,47.5,94.2,83.4,16.9,31
23.2,41.2,35.5,50.0,103.7,36.9,155.6,101.8,83.3,67.4,22.0,56.8,33.7,44.7,48.0,46.5,7.6,38.2,44.3,36.9,14.7,58.7,181.0,59.6,48.1,80.0,80.6,17.7,24
24.0,41.4,39.2,53.8,104.2,40.4,157.4,106.9,86.2,68.8,21.3,55.5,35.0,48.1,49.5,49.9,6.7,40.4,43.9,37.8,15.9,60.7,181.4,63.7,45.6,106.4,95.5,17.8,25
25.2,43.8,41.4,55.5,113.3,44.0,151.1,117.4,84.2,63.5,20.2,57.2,36.0,42.1,44.5,49.6,7.9,41.8,45.5,36.7,15.6,59.3,174.4,69.1,49.1,110.9,104.1,17.4,35
23.6,44.1,39.4,53.2,108.0,40.7,154.8,114.1,86.3,64.7,21.5,57.1,35.1,43.3,47.8,50.3,7.2,45.8,49.4,38.7,15.8,62.0,177.6,68.3,49.0,103.4,101.2,18.0,25
28.2,42.5,45.1,59.9,126.7,49.8,157.4,129.1,85.0,71.8,22.4,59.6,38.6,48.7,50.2,51.9,8.6,45.1,47.8,36.4,14.8,59.5,181.9,79.2,49.8,130.8,134.5,20.2,28
21.7,41.1,38.3,53.0,111.5,37.8,147.8,113.1,76.8,70.0,20.6,58.4,33.3,43.5,45.6,46.0,6.5,43.1,47.5,32.1,14.0,54.5,171.5,69.4,48.5,105.7,93.7,17.5,30
22.2,41.8,32.9,49.1,93.3,36.7,155.2,100.0,86.0,60.5,20.2,59.4,34.9,44.3,45.7,49.5,7.4,38.4,42.5,35.9,16.4,58.3,182.6,56.9,46.3,84.4,75.1,17.2,20
22.8,39.0,36.5,48.9,102.1,38.6,150.9,101.1,82.9,63.8,20.0,58.0,34.7,40.2,42.1,47.3,7.1,41.5,45.5,35.7,13.2,57.2,176.3,64.4,47.1,90.9,80.8,16.6,33
22.6,41.9,34.5,49.3,96.5,37.2,157.8,97.4,88.3,57.7,22.1,58.2,35.2,43.5,46.2,48.4,7.4,40.7,45.6,38.0,14.2,61.2,184.2,54.3,48.4,80.8,76.4,17.8,26
22.8,40.4,41.8,54.2,113.5,41.9,151.1,119.2,88.0,60.4,21.6,60.0,35.2,45.2,46.0,47.6,6.2,42.2,44.9,36.3,14.0,60.5,172.8,73.4,46.8,111.5,102.7,17.3,31
24.1,42.6,38.0,49.7,104.6,40.0,157.1,103.4,92.1,62.4,22.8,57.3,35.7,40.8,43.7,51.4,6.8,38.6,43.4,38.2,15.2,63.0,182.7,63.7,44.7,85.9,87.9,18.5,22
23.0,43.1,37.8,52.7,105.1,41.1,146.3,104.6,80.9,62.8,21.4,56.6,34.3,43.5,47.0,45.5,6.9,40.4,43.5,35.7,15.7,58.2,168.0,67.5,48.8,99.0,87.4,18.1,23
24.5,43.6,37.4,53.2,113.2,42.3,156.3,110.5,81.0,70.5,21.8,57.0,35.7,41.7,45.7,47.0,7.4,38.0,42.4,37.5,16.2,60.7,182.2,71.6,48.7,96.5,100.8,18.1,19
22.5,39.3,37.9,48.7,95.5,36.3,137.3,102.4,76.0,58.4,21.0,57.7,32.1,41.4,42.4,43.9,6.7,38.6,42.5,33.2,13.8,53.5,161.4,61.5,40.2,82.8,71.4,16.7,23
21.3,41.0,33.0,49.7,95.7,34.4,150.9,100.5,79.3,66.5,19.2,56.6,31.3,44.7,47.5,47.1,7.8,37.0,41.8,35.8,15.0,58.0,175.7,56.5,44.9,83.2,70.2,16.1,25
23.5,41.3,37.1,51.2,106.7,38.7,151.6,113.4,82.0,67.3,20.9,58.7,34.9,39.6,41.0,49.1,7.7,40.4,44.8,36.5,14.5,58.3,174.3,66.5,46.5,100.2,92.7,17.5,21
24.4,43.1,34.5,50.7,98.6,38.3,152.4,105.2,83.7,65.2,22.0,59.4,36.4,42.0,45.3,50.2,8.8,39.2,43.1,36.0,15.6,57.6,177.7,60.9,45.2,90.0,80.6,18.1,28
24.0,42.8,35.4,53.4,106.4,42.4,151.5,117.1,81.9,62.3,22.2,56.7,36.1,47.2,48.4,48.0,7.3,38.2,42.5,37.3,15.6,60.9,177.5,62.8,48.0,103.0,94.4,18.5,28
24.2,42.3,33.5,50.4,101.8,38.8,162.9,101.9,90.4,63.5,22.3,55.5,35.9,40.1,44.2,51.3,8.1,38.2,44.0,39.2,15.2,62.9,188.9,59.1,49.6,89.5,85.7,18.8,34
21.0,42.9,28.8,48.3,89.4,34.4,153.0,94.3,86.8,60.0,20.1,57.2,33.0,42.5,45.8,50.7,7.1,38.1,43.0,37.0,15.5,60.0,178.8,54.1,43.8,78.8,63.8,16.0,25
20.8,38.6,35.7,49.4,97.3,36.3,141.8,103.5,76.3,62.2,20.3,56.2,31.6,41.8,43.6,44.1,6.9,38.7,41.7,32.8,13.1,54.8,165.7,60.0,43.9,89.2,73.6,15.6,30
22.8,39.5,32.9,49.0,99.6,38.5,146.7,98.8,79.4,62.0,19.7,54.5,34.7,41.8,43.2,46.0,7.2,36.6,40.5,35.9,13.8,57.4,171.3,60.7,45.5,90.7,76.9,16.6,33
22.6,40.6,37.0,54.1,103.7,39.8,144.9,119.7,79.6,61.5,19.5,56.0,33.0,53.2,51.5,46.0,7.0,41.0,44.8,34.2,13.5,56.9,168.5,61.7,46.0,107.7,92.7,16.4,39
23.8,41.9,37.0,51.8,109.8,39.5,155.6,112.8,87.1,71.2,21.7,56.2,35.2,46.3,47.6,49.0,7.2,37.5,42.4,38.0,15.7,61.2,177.4,70.1,44.3,99.4,93.7,17.8,24
23.9,40.6,38.4,52.9,102.5,41.3,150.0,113.2,81.7,67.1,22.0,56.1,35.3,45.8,46.2,46.7,6.9,41.8,46.1,36.8,13.9,57.7,173.7,64.5,48.2,103.2,94.0,18.2,34
27.6,41.8,40.2,53.1,116.2,47.0,153.6,109.5,82.2,76.4,22.4,61.0,37.1,47.8,48.5,48.4,8.7,43.3,46.6,36.5,15.0,58.2,179.0,73.8,46.6,103.7,106.0,19.9,21
21.6,41.5,36.8,50.2,100.8,37.1,151.4,105.4,85.2,62.2,21.0,58.5,33.1,43.0,44.8,48.0,6.7,40.3,43.1,36.1,15.7,60.6,174.7,65.1,46.2,84.2,79.9,17.5,20
23.5,44.3,33.0,52.3,109.2,43.5,162.0,108.2,91.2,64.6,22.1,56.2,36.8,43.7,46.8,52.0,6.8,38.2,43.3,40.0,16.3,64.5,187.7,64.9,48.4,99.5,95.4,18.2,30
24.5,44.9,41.9,57.3,109.4,40.8,159.5,126.7,89.0,69.8,23.0,59.9,36.1,53.3,54.1,51.3,7.8,43.8,47.9,38.0,15.9,60.7,185.4,67.8,50.0,111.5,110.3,19.3,27
22.8,41.7,36.2,53.3,110.3,39.0,160.3,113.1,87.6,68.7,21.7,58.4,35.5,44.3,45.9,50.9,7.0,40.1,44.1,39.4,15.3,63.3,185.4,67.1,50.9,101.4,97.4,17.6,24
24.7,45.9,42.8,57.2,115.4,45.4,156.3,124.8,84.9,69.2,24.1,62.5,39.3,45.7,49.1,51.7,8.1,46.6,49.2,37.5,16.3,61.6,179.9,75.5,48.7,114.2,118.0,19.8,22
22.5,39.5,34.4,48.8,97.4,37.2,140.2,103.2,76.0,60.2,20.5,58.7,33.8,37.9,40.9,43.3,7.3,38.5,42.2,34.0,13.6,55.0,164.2,60.5,45.1,90.5,76.0,16.7,27
22.8,41.8,36.5,53.4,106.7,39.0,155.6,116.7,86.8,62.0,21.9,57.6,34.8,47.7,49.0,50.1,7.4,46.4,49.3,38.1,14.5,61.5,178.4,62.2,50.5,108.2,99.7,18.2,38
23.1,43.6,35.8,54.5,104.6,38.7,149.8,111.4,79.3,68.0,21.4,57.2,35.0,44.3,46.0,47.0,7.0,41.7,43.7,36.5,16.2,57.7,173.9,63.5,46.0,101.6,91.8,17.4,34
21.5,42.9,36.1,52.5,107.5,38.0,150.7,105.4,82.7,68.1,21.4,58.6,33.7,43.8,47.0,47.1,7.6,41.2,44.8,35.1,16.0,58.1,173.0,68.3,47.8,96.7,87.0,16.7,32
22.8,43.0,38.6,52.4,103.7,39.2,152.7,109.6,84.2,57.3,21.0,54.3,35.7,40.3,42.5,49.5,7.1,38.7,41.5,36.6,16.3,59.7,175.6,66.7,49.3,91.5,87.3,17.5,33
20.8,41.5,30.7,48.7,98.0,35.5,150.7,100.5,83.2,60.8,19.6,57.4,33.3,39.8,42.2,47.4,7.3,37.6,42.6,35.7,15.2,59.4,175.7,58.9,46.2,87.9,71.7,16.1,25
23.7,42.7,39.4,55.6,104.4,41.1,153.3,117.0,87.0,65.5,21.5,59.0,35.3,48.6,49.5,48.3,7.3,42.6,47.0,36.9,15.2,59.7,176.8,67.2,47.9,104.3,99.2,17.8,31
21.8,38.8,36.4,48.5,96.3,36.2,146.3,98.7,82.6,57.4,20.3,54.1,32.3,42.8,43.2,48.3,6.2,37.8,41.1,37.5,14.0,60.6,168.8,63.9,43.6,88.7,77.9,16.4,31
25.3,44.4,40.0,57.3,118.4,44.0,155.8,125.7,85.5,68.8,22.1,60.0,37.4,45.8,48.2,49.5,7.5,45.8,47.9,39.5,15.4,61.6,180.5,72.2,49.0,115.2,119.3,19.6,37
22.4,41.6,33.4,49.0,100.9,39.3,149.4,103.1,81.3,64.5,20.7,56.7,33.7,37.7,41.9,47.7,8.8,39.4,42.4,34.9,15.3,56.5,172.5,63.1,46.2,93.8,80.3,16.9,33
23.1,43.9,36.8,52.1,105.9,40.2,156.5,105.8,83.1,61.6,21.4,59.0,33.3,40.5,43.8,49.6,8.5,41.8,45.8,37.3,15.3,60.2,181.7,65.3,51.1,96.3,91.6,17.5,31
23.1,42.0,34.6,50.5,108.2,39.2,163.0,107.7,86.3,70.3,21.7,56.7,35.1,42.2,45.3,53.1,8.1,39.8,45.2,37.8,15.8,61.5,187.9,64.7,50.4,99.2,90.8,17.5,34
21.9,41.4,36.0,53.6,102.5,37.7,149.2,109.5,81.8,57.2,21.6,59.0,32.9,43.5,44.8,47.6,6.6,41.0,44.7,35.8,14.9,56.9,173.4,62.3,49.4,99.9,86.1,17.4,41
23.3,43.3,38.0,55.2,108.4,39.5,154.4,120.5,84.2,64.7,21.6,58.5,35.2,45.0,45.7,50.0,6.6,40.6,43.7,38.9,15.8,62.1,178.8,66.2,48.4,109.7,101.1,18.7,38
21.2,43.9,33.3,50.8,98.9,36.9,153.6,103.5,84.1,60.4,20.8,58.7,34.6,44.0,46.5,49.6,6.9,38.2,43.8,37.1,16.6,59.2,180.7,57.1,47.4,86.5,76.9,17.2,31
20.8,38.3,29.6,47.0,87.8,34.2,147.8,91.2,81.0,55.2,21.2,56.1,32.9,40.1,40.8,47.0,8.0,36.2,39.8,34.1,12.8,55.9,172.7,50.7,46.3,79.1,63.0,16.8,23
25.3,42.8,37.6,54.4,106.2,43.0,153.9,111.4,83.8,70.6,20.7,57.2,35.4,48.0,50.0,49.7,7.8,39.7,44.4,36.0,15.7,59.0,175.5,67.0,46.5,107.3,98.4,17.5,23
23.3,43.8,34.1,49.8,101.9,39.3,161.3,103.4,92.9,61.3,20.2,56.4,33.0,43.5,47.0,51.9,7.4,37.7,44.2,38.8,15.6,61.5,187.2,59.9,48.7,90.7,83.5,16.7,25
21.3,40.2,31.1,48.0,91.9,37.1,147.7,93.6,80.6,55.6,19.8,55.0,31.5,37.1,40.1,45.5,6.5,35.8,39.9,36.3,15.1,58.4,171.7,55.3,46.1,79.8,65.1,16.5,29
23.8,40.4,42.5,54.1,120.5,42.3,157.4,122.3,86.4,67.3,24.1,58.4,36.1,39.4,41.4,50.0,7.3,39.5,43.7,37.3,14.3,63.0,181.0,74.9,48.0,110.8,111.5,18.4,25
22.1,40.2,34.6,49.0,99.8,37.4,147.1,101.9,79.2,65.1,22.3,53.1,33.7,41.0,43.1,47.1,7.5,36.8,39.7,36.4,14.5,55.7,170.3,60.3,43.8,97.5,78.0,17.7,46
23.8,40.7,35.5,51.1,104.2,38.1,154.8,105.9,86.9,61.2,21.8,57.7,35.9,44.0,45.0,51.5,7.7,39.2,44.2,36.7,14.7,59.0,179.0,63.7,47.6,99.2,89.1,17.4,34
22.8,42.8,35.2,53.9,107.9,41.8,147.7,108.8,79.7,63.7,21.0,56.4,33.3,41.7,44.4,47.6,7.9,41.1,44.0,36.1,15.8,59.1,170.5,66.8,46.8,104.0,92.0,16.8,40
21.4,40.5,31.3,47.0,92.8,36.6,157.2,99.8,90.5,58.6,21.5,55.5,34.7,38.1,41.7,50.1,7.5,35.5,40.0,37.7,15.5,60.8,183.3,56.1,48.8,85.7,74.1,17.0,40
25.8,44.5,41.4,57.3,113.7,42.6,161.0,119.8,88.2,75.7,22.6,57.6,35.4,51.6,51.3,49.9,7.3,47.1,50.4,37.4,15.1,61.1,182.9,70.9,50.4,119.7,116.1,18.8,27
23.5,41.9,36.4,51.7,108.7,38.6,157.8,102.3,85.6,65.5,21.7,56.0,34.0,41.6,43.6,50.4,7.5,39.4,44.3,37.8,13.7,61.1,184.2,66.0,47.3,96.1,90.2,18.3,27
22.4,38.6,34.8,47.8,94.8,36.3,138.5,98.9,75.3,58.7,21.2,58.8,33.3,39.6,42.2,44.1,6.9,39.7,44.2,34.1,13.1,53.6,162.0,58.9,43.0,87.9,71.0,17.2,21
22.5,41.2,31.3,47.3,93.1,37.9,148.0,94.4,81.7,52.5,21.7,57.9,34.2,38.4,41.6,48.6,7.1,37.3,41.4,35.6,15.0,59.4,172.1,57.6,47.0,77.0,70.4,17.8,21
21.3,40.9,31.7,47.1,91.5,32.6,148.1,93.2,81.9,57.1,21.7,56.3,32.5,43.8,45.0,45.2,7.0,38.0,42.5,34.6,14.8,56.8,172.8,54.1,46.8,76.3,65.3,17.3,22
20.5,39.8,31.4,46.8,91.6,35.4,152.5,92.2,84.3,54.6,20.1,55.0,31.4,37.2,39.5,49.3,7.3,34.9,40.5,37.0,13.0,61.3,176.7,54.0,48.5,78.9,64.6,16.5,26
22.9,40.8,35.1,51.1,99.1,39.4,146.3,108.3,82.2,60.5,20.3,58.4,33.8,44.5,46.0,47.2,7.7,39.7,43.3,36.0,13.9,58.8,169.7,61.0,44.9,97.5,82.3,17.1,26
20.5,38.0,31.3,48.2,90.4,35.1,141.0,100.8,78.5,54.1,20.5,56.3,31.4,39.4,41.6,45.6,6.5,35.2,38.8,35.4,14.2,57.9,163.4,56.8,43.9,86.2,65.5,15.4,35
24.0,43.3,37.2,52.5,106.3,38.9,153.3,112.8,84.9,66.0,22.4,59.1,35.3,44.6,47.5,48.7,7.4,41.5,43.6,35.0,16.4,58.6,177.2,63.4,47.6,97.4,92.1,18.0,27
21.1,41.1,34.5,49.3,94.4,35.9,160.0,101.3,87.8,61.5,20.9,56.7,32.8,37.3,39.5,49.2,7.8,38.1,43.0,38.3,15.0,61.5,187.7,53.8,49.5,80.4,74.1,17.2,25
22.5,41.9,30.5,48.9,94.4,39.3,153.3,100.9,85.8,60.2,21.0,58.7,33.7,35.0,39.5,48.3,7.4,38.1,42.5,38.0,15.5,60.0,178.2,55.6,45.7,83.8,73.7,17.1,26
24.3,45.9,39.6,56.8,107.1,42.6,155.3,119.7,84.0,65.9,22.2,57.8,36.0,53.3,54.1,48.7,7.1,42.2,46.8,36.4,17.0,60.1,180.0,65.3,47.0,98.6,103.5,18.7,25
22.7,41.7,35.1,51.0,99.1,37.9,150.3,105.4,82.6,61.6,20.6,60.2,33.5,47.7,49.1,47.7,7.1,39.8,44.0,35.9,15.5,58.4,175.4,61.1,46.9,89.0,81.1,16.5,25
26.4,46.8,44.0,58.0,118.3,50.0,165.3,118.2,89.9,70.9,22.9,58.4,37.7,48.1,51.6,52.1,8.2,44.3,48.7,37.7,17.7,62.0,191.0,77.8,50.3,112.5,125.3,20.0,27
22.2,39.4,34.2,50.4,99.3,38.7,147.7,110.9,81.9,65.2,21.3,57.3,32.5,43.0,44.4,46.8,6.7,40.2,42.5,36.2,14.0,57.7,172.3,60.7,46.4,96.3,82.1,17.0,41
22.7,41.2,32.9,48.5,90.4,39.3,141.1,100.0,80.0,60.2,20.7,56.4,33.3,39.0,42.1,43.5,7.0,37.5,41.5,35.5,15.3,56.4,165.1,59.3,41.3,82.6,69.5,16.8,21
24.7,43.2,38.7,55.7,110.8,45.3,163.9,125.7,92.5,70.5,23.1,59.8,37.8,47.9,47.9,56.5,7.9,46.7,49.0,41.3,15.0,67.0,188.6,68.6,50.0,111.8,117.6,19.0,38
22.6,40.5,36.0,49.5,100.5,39.3,141.9,104.7,77.2,63.7,20.0,58.3,32.7,41.8,44.1,43.5,6.9,39.7,42.7,32.6,15.5,53.9,166.8,63.8,44.2,91.7,79.6,17.0,23
22.2,39.5,34.3,49.5,98.0,38.7,144.2,102.3,78.4,58.6,20.7,56.5,32.4,42.2,42.6,44.7,7.9,38.3,42.6,34.4,14.3,54.7,168.8,60.5,45.6,93.9,76.1,16.7,37
22.0,40.9,30.5,47.7,92.2,37.5,154.2,99.5,86.1,57.4,20.9,54.7,34.0,40.0,42.6,49.6,7.8,36.8,40.9,37.6,15.4,61.1,179.5,54.3,45.9,79.9,70.1,17.2,32
22.6,42.1,35.7,51.1,101.6,39.0,149.7,102.9,82.4,62.2,22.3,59.2,34.7,44.5,46.8,45.8,6.7,39.3,43.8,35.4,15.4,59.6,174.4,64.1,44.9,93.5,82.4,18.2,22
23.5,41.7,36.3,53.1,106.2,43.9,146.1,112.3,79.0,56.1,20.5,57.7,34.2,48.2,48.6,44.9,7.4,43.6,46.8,35.0,14.2,56.2,169.3,65.8,51.1,108.1,95.3,17.9,40
20.6,40.1,30.0,46.1,88.2,34.0,144.4,93.1,77.9,58.3,20.2,54.9,30.4,41.1,43.6,44.9,7.3,37.0,41.5,35.1,15.0,55.8,167.8,54.3,43.7,82.1,61.0,16.7,23
22.7,39.1,39.0,50.0,114.0,39.6,150.3,108.8,78.5,64.6,22.0,57.6,35.9,40.1,42.6,43.8,7.0,43.7,46.0,36.1,13.8,59.0,174.0,68.8,49.2,105.0,97.2,18.6,23
21.3,40.6,33.8,50.8,102.7,37.7,148.8,111.3,81.4,65.4,20.2,58.2,33.5,46.3,46.8,47.7,7.1,41.4,45.0,35.8,15.0,57.7,172.3,63.4,47.2,105.7,88.1,17.0,27
22.1,38.5,31.9,47.6,95.9,37.8,149.2,102.6,80.2,61.1,20.1,59.8,33.7,39.5,41.8,46.6,7.1,39.0,42.7,34.8,13.9,56.6,173.4,56.2,47.0,87.4,74.9,16.8,24
22.8,44.2,36.1,54.1,108.7,40.9,160.6,110.7,89.0,63.7,20.5,59.4,36.2,45.6,47.5,51.8,8.0,40.4,44.8,40.6,16.4,66.7,186.8,66.3,50.5,105.6,99.8,17.9,26
22.4,41.5,37.9,52.3,110.7,40.5,146.2,113.8,76.4,69.2,20.1,56.7,32.0,44.5,45.6,43.8,7.0,41.0,43.5,35.6,15.2,56.3,167.7,67.5,43.6,104.7,93.9,16.4,29
23.5,43.3,45.0,55.6,111.4,41.4,143.2,125.3,78.3,68.0,21.4,58.9,34.5,52.9,52.1,44.8,7.0,43.1,46.2,32.9,14.8,52.4,167.8,68.7,44.2,106.2,103.0,18.8,27
25.7,40.8,43.2,56.4,118.3,46.6,154.4,126.0,83.2,64.3,21.7,60.0,37.0,46.0,46.3,48.8,8.7,44.9,49.3,38.6,13.2,61.7,177.9,75.9,52.7,119.5,119.4,18.2,23
23.4,41.4,34.0,52.2,101.8,38.2,152.6,113.4,84.5,64.9,21.7,56.3,34.7,46.4,47.7,49.1,7.4,42.9,47.0,36.6,14.0,57.4,175.3,62.4,47.2,104.8,88.6,17.8,38
24.5,43.4,34.5,51.0,107.0,38.3,157.5,103.1,91.1,66.0,21.5,58.2,36.1,43.7,47.3,51.6,8.1,39.2,42.9,39.8,15.2,62.9,182.9,64.9,44.6,96.9,90.8,18.3,22
24.3,45.8,38.7,54.5,111.2,40.5,166.0,111.6,94.2,65.4,23.1,58.3,36.7,41.3,45.5,52.7,7.4,39.9,44.2,41.8,17.3,68.8,190.0,69.3,52.1,104.0,104.0,18.7,29
23.7,42.0,37.3,50.5,102.2,39.0,156.9,102.4,89.7,64.3,21.7,57.0,35.0,41.4,44.9,51.9,7.3,38.1,41.4,38.5,16.1,63.0,181.6,61.0,46.3,86.3,83.1,17.5,25
25.7,43.9,41.0,58.5,119.3,44.6,160.4,124.3,85.9,65.0,22.7,61.3,37.1,50.0,50.3,50.1,7.7,44.2,47.3,39.1,14.9,63.6,187.1,73.5,51.7,118.1,124.0,19.0,29
21.8,39.4,33.4,48.0,91.0,36.5,147.1,107.5,82.8,54.0,20.8,56.3,33.5,39.6,41.3,47.6,7.4,36.8,39.7,36.4,14.3,57.5,170.2,55.7,46.5,88.2,69.7,16.9,38
20.8,40.5,33.1,48.5,98.0,35.2,150.9,98.0,86.8,58.5,21.8,60.4,34.4,41.0,44.3,47.7,6.7,39.9,44.2,36.3,14.1,58.6,175.4,58.3,44.1,80.9,75.7,16.3,25
24.1,42.4,42.7,55.3,109.4,40.0,141.9,119.0,78.3,65.1,21.1,58.7,35.0,46.5,46.8,43.8,7.3,42.0,45.8,33.2,16.0,54.4,165.9,66.5,44.0,102.3,93.2,17.8,25
22.0,40.6,35.0,49.6,95.5,38.4,147.9,101.7,80.8,60.3,21.7,56.8,32.5,43.8,45.2,46.6,6.7,37.5,41.2,36.1,15.0,57.1,172.5,56.7,45.5,84.8,73.5,17.3,29
24.4,41.7,41.7,56.5,112.4,45.7,148.6,123.9,78.9,67.9,21.4,59.7,32.8,47.2,47.5,46.8,7.5,44.1,47.2,35.6,13.8,57.2,171.7,74.2,48.9,113.6,111.6,18.7,40
24.3,41.5,37.3,53.5,107.5,39.7,153.0,111.9,82.5,62.2,22.1,56.3,34.9,43.2,45.5,47.5,7.5,41.3,44.8,36.0,15.0,58.0,177.0,65.8,50.4,98.4,92.0,18.2,29
20.6,41.0,29.4,47.6,92.7,34.3,159.8,93.9,89.7,59.2,20.2,57.4,33.2,40.2,42.9,50.9,8.2,36.1,40.9,37.8,14.5,60.6,185.0,55.1,48.8,82.0,70.0,16.6,45
23.3,41.0,35.3,51.8,108.6,42.3,152.0,109.4,83.3,68.2,20.8,57.8,34.7,41.0,43.8,46.8,6.9,42.0,44.8,36.7,13.6,59.1,177.9,66.7,46.7,100.2,90.6,17.0,42
22.7,46.8,37.1,58.2,110.4,41.1,162.6,119.6,87.6,70.6,22.3,57.5,36.3,50.1,52.6,51.5,7.5,44.4,46.0,39.7,17.7,64.3,184.9,63.2,50.8,102.3,102.5,18.7,37
24.6,45.0,40.7,58.3,111.7,44.1,155.4,121.9,85.5,63.1,21.2,62.0,35.5,50.3,52.1,50.5,7.6,43.2,45.0,39.3,16.5,63.2,180.9,67.4,51.2,111.4,109.9,19.4,37
21.2,41.3,32.9,51.0,98.3,38.3,147.1,100.8,82.3,58.1,20.7,58.9,33.8,41.3,44.0,47.1,7.6,38.8,42.2,35.2,14.3,57.2,171.0,62.5,46.3,89.4,76.5,16.8,22
23.6,41.6,40.9,52.9,114.7,38.1,147.8,114.6,82.2,67.0,22.0,58.8,35.7,43.9,45.2,46.0,7.1,41.5,44.9,34.5,14.2,57.2,171.5,72.7,45.0,107.7,99.0,17.0,20
23.5,41.8,36.0,50.3,101.4,40.5,138.4,101.6,76.1,57.0,20.7,57.7,33.3,41.4,43.3,42.8,6.7,39.8,42.8,33.9,15.5,54.2,162.9,61.3,42.8,88.0,78.0,16.7,26
23.7,40.2,36.8,53.2,99.3,38.4,143.5,107.4,76.8,61.1,21.6,57.4,32.8,42.1,43.5,43.2,7.0,40.1,44.7,34.2,14.9,55.6,167.4,60.2,44.5,99.2,82.5,17.4,30
22.7,40.7,38.9,53.3,111.6,42.2,158.9,114.7,84.8,61.9,21.8,59.8,35.1,45.9,47.0,51.1,7.7,42.9,47.3,36.2,13.0,59.5,183.4,67.7,52.3,106.3,102.8,17.3,36
24.3,39.8,36.6,51.1,106.8,43.5,156.5,109.2,85.8,63.5,21.5,59.4,36.3,46.8,48.3,48.7,8.1,41.7,44.8,37.9,14.4,60.0,181.3,67.2,50.0,101.4,95.8,17.6,27
22.8,41.5,37.0,51.5,103.4,39.4,151.2,109.6,81.5,61.8,21.7,60.3,34.7,46.5,48.8,48.3,7.2,42.7,46.5,37.0,14.4,60.1,176.9,64.1,48.0,99.4,91.8,18.4,26
23.2,45.3,37.3,56.9,111.9,43.2,159.3,126.0,83.8,69.6,21.6,59.9,36.0,52.3,53.0,50.5,8.5,45.0,49.2,37.2,16.5,60.2,185.3,67.8,55.7,114.8,112.7,17.8,45
24.4,40.7,34.2,49.0,96.0,40.8,150.2,97.6,81.1,63.2,22.0,58.5,35.3,38.0,40.5,47.5,7.3,38.2,42.1,35.8,14.1,57.7,175.0,59.6,46.4,85.9,78.1,17.9,50
21.2,42.1,30.6,47.4,91.3,36.1,147.7,90.6,81.8,56.9,19.9,56.2,32.9,36.2,39.5,45.4,7.0,35.6,39.8,35.3,15.5,56.1,172.1,54.1,44.9,79.0,63.4,16.4,26
24.4,43.4,40.7,57.0,105.8,40.8,149.2,117.2,80.9,67.7,23.0,59.0,35.8,45.2,47.1,47.9,7.7,43.7,45.3,35.1,16.1,56.3,170.6,67.3,48.1,108.1,99.8,18.4,29
22.4,38.0,31.4,44.9,92.2,37.4,142.7,94.7,77.8,54.1,20.2,56.4,33.6,40.0,41.7,44.0,7.0,37.3,40.9,33.6,13.5,54.7,167.3,55.2,44.7,78.1,64.7,16.4,30
21.5,40.5,34.8,47.7,92.8,35.4,146.3,94.9,81.4,61.4,20.4,57.5,33.7,37.8,40.8,47.8,7.3,36.8,41.1,35.3,14.7,57.5,171.5,59.1,42.5,81.0,69.0,16.9,30
22.7,42.5,36.0,51.3,101.5,38.9,152.5,106.3,83.7,62.3,21.7,56.3,34.9,46.5,48.5,49.2,7.8,40.4,43.2,36.9,16.0,59.5,177.0,62.6,46.2,86.5,83.5,17.4,31
21.7,39.1,37.0,46.1,88.2,33.8,145.5,96.2,80.1,60.2,21.3,57.5,32.6,41.4,43.7,47.4,7.9,38.0,41.7,34.2,14.4,55.7,168.2,53.3,45.6,84.3,66.1,17.0,33
23.3,42.9,36.0,51.8,102.6,40.2,152.9,99.4,82.4,65.8,21.4,57.3,34.9,43.8,47.5,46.6,7.1,38.3,42.0,38.3,15.9,59.4,178.2,62.3,45.6,89.5,84.4,17.6,31
23.3,41.8,36.4,51.5,105.4,39.4,150.2,102.6,82.8,62.1,21.5,57.8,33.7,41.0,44.0,46.6,7.7,37.8,41.3,35.9,15.3,57.5,174.8,65.3,47.1,91.4,83.9,17.5,23
28.3,45.3,41.3,58.6,130.5,48.7,163.6,128.5,89.8,72.6,23.5,60.4,39.1,45.7,47.0,52.9,7.9,45.1,48.5,38.7,16.2,64.2,189.5,81.4,51.7,126.5,137.1,20.8,23
24.0,42.9,35.2,52.2,108.7,39.2,152.6,102.3,84.1,62.1,20.4,57.6,35.2,40.3,43.0,47.6,7.6,38.4,43.1,36.2,16.2,58.2,178.2,69.5,48.0,99.0,88.8,17.6,22
20.7,38.5,30.9,44.4,90.5,35.4,146.0,95.2,79.9,60.2,19.4,52.7,31.1,37.9,39.6,45.2,6.7,37.2,41.4,35.0,14.8,57.1,169.9,52.9,46.1,86.8,64.7,16.2,43
21.8,41.5,32.0,47.9,95.2,35.9,160.2,93.1,89.1,61.0,22.6,57.3,34.9,36.8,40.7,52.2,7.4,37.8,41.9,37.5,15.7,60.3,185.9,53.5,47.5,85.2,71.9,17.6,47
22.9,41.1,36.1,50.2,96.9,40.6,152.5,106.2,87.0,56.8,21.0,56.8,35.7,40.1,42.2,51.5,8.2,38.6,42.5,37.0,15.0,61.4,176.3,57.7,43.3,87.5,82.7,16.9,32
24.8,41.3,34.1,51.4,106.1,43.3,154.1,105.8,82.6,67.7,22.1,55.8,34.8,42.0,43.8,48.3,8.5,38.0,43.5,36.3,14.4,58.8,179.0,64.6,47.2,96.1,90.3,18.0,27
25.3,44.0,40.6,56.7,110.9,44.7,154.8,116.5,84.1,70.2,21.8,61.3,35.4,49.6,52.1,48.7,7.7,44.8,47.9,36.2,15.7,57.4,179.9,71.1,48.0,105.5,105.7,19.9,22
25.0,43.4,43.2,56.3,123.0,41.9,157.5,120.4,84.0,69.4,22.2,57.7,37.1,46.9,49.3,48.9,7.7,45.0,48.5,35.8,14.6,58.1,181.9,75.6,51.6,114.4,116.2,19.2,29
23.4,41.7,35.8,51.6,104.9,39.4,147.4,104.8,76.9,57.6,21.4,58.1,35.0,43.5,46.5,47.2,7.3,39.3,42.7,35.4,16.2,58.5,171.6,63.7,49.1,100.6,86.0,17.1,36
25.0,42.5,38.6,53.7,106.7,41.6,150.7,119.9,84.5,60.3,22.3,56.6,36.4,43.5,46.8,48.9,7.7,43.3,46.6,37.5,15.3,59.0,173.2,64.0,47.8,104.9,96.3,18.9,40
24.7,45.2,38.2,56.1,110.3,40.4,159.6,113.5,87.1,60.7,21.7,57.0,36.7,44.6,46.3,50.8,7.4,41.7,47.4,36.3,14.7,60.0,182.3,70.3,53.4,110.8,104.5,18.4,22
23.5,41.0,36.3,52.2,111.1,40.7,142.4,110.8,77.3,69.1,20.7,57.6,33.0,42.3,44.5,44.7,7.0,40.2,42.5,36.0,14.7,56.4,164.1,68.8,43.6,102.1,88.2,17.4,22
24.9,42.6,37.1,50.2,101.7,43.2,146.8,103.7,84.0,57.8,22.0,62.5,35.3,39.6,43.2,46.9,7.1,40.7,44.1,36.8,15.1,58.8,170.4,65.3,44.3,87.7,87.4,18.0,22
26.4,46.5,40.4,59.2,116.0,44.4,163.4,128.9,92.4,72.3,24.4,59.7,39.0,53.0,53.2,52.6,8.4,42.7,46.1,39.5,16.9,63.7,189.0,72.2,47.1,114.7,122.5,19.3,29
22.9,40.2,34.4,48.8,96.0,37.8,141.6,99.1,75.7,59.1,20.0,56.7,32.9,41.1,43.0,43.3,6.8,38.3,44.0,33.7,14.3,53.3,165.3,59.2,44.7,83.1,72.3,16.9,19
22.6,42.6,32.7,49.8,97.5,36.4,155.5,94.9,87.2,59.4,21.7,56.3,36.0,41.2,44.2,50.6,7.0,36.9,43.3,36.9,16.1,60.2,180.3,62.1,46.8,84.3,77.3,17.4,22
21.6,42.1,33.7,50.0,101.8,37.4,144.6,107.2,81.3,59.3,20.7,56.0,32.6,42.2,46.6,45.8,6.4,37.6,43.4,36.4,17.3,59.5,168.3,60.5,45.5,101.7,78.6,15.8,41
23.2,44.8,36.5,54.2,106.4,43.7,156.5,108.5,81.6,62.1,21.2,60.0,35.3,47.5,50.5,47.7,8.3,43.0,47.6,37.6,15.4,60.2,182.2,61.8,53.7,96.5,97.2,18.4,29
25.3,41.7,40.5,53.9,107.8,41.6,157.7,114.1,87.8,64.6,21.7,59.1,37.8,41.7,43.6,50.0,6.5,42.6,47.2,37.6,14.8,58.8,181.2,67.8,48.8,101.6,105.2,17.9,26
23.1,44.6,39.4,54.0,99.2,40.8,153.4,106.3,85.9,60.6,22.7,59.4,35.4,42.7,46.9,50.3,6.7,39.9,44.6,37.7,16.4,60.8,179.0,61.9,45.4,87.5,85.5,18.3,43
24.2,42.5,36.6,52.3,105.7,39.3,155.6,111.7,82.2,64.7,22.1,58.6,33.9,48.3,49.5,47.6,7.4,41.4,45.5,35.4,14.6,56.1,179.7,65.2,54.4,105.1,98.2,18.3,37
22.6,41.8,32.9,48.5,92.4,36.2,153.2,92.2,88.3,56.6,21.6,58.2,35.7,37.0,41.6,50.3,6.8,36.7,42.5,35.8,16.3,57.4,179.6,54.6,44.5,79.0,69.4,17.4,21
21.9,40.9,42.4,54.3,114.8,40.2,142.8,114.3,77.6,67.9,20.8,57.8,32.8,44.6,46.0,43.5,6.1,44.6,47.8,33.2,13.8,53.6,165.4,74.1,44.3,105.0,96.8,17.0,35
23.3,39.5,34.7,49.4,98.6,41.2,147.7,103.2,79.6,59.7,20.8,58.7,34.2,41.0,44.7,46.0,7.4,40.1,43.2,35.9,13.6,58.3,171.4,63.6,49.7,94.7,82.1,16.7,21
23.4,39.5,37.3,50.2,106.6,43.0,153.5,102.9,83.6,64.4,21.3,58.3,33.8,46.5,47.8,48.6,7.3,41.1,45.5,37.4,14.6,59.3,177.4,67.1,47.6,99.4,91.0,17.3,30
23.5,41.5,39.5,54.5,102.3,41.4,151.3,111.9,83.9,61.1,21.5,56.4,37.0,48.7,48.5,51.3,8.0,41.3,44.7,36.1,15.0,58.8,174.4,66.5,48.0,105.8,94.0,17.8,32
26.2,42.2,37.1,50.6,111.7,43.9,160.0,108.4,92.6,71.6,23.7,60.1,38.9,35.9,39.3,53.2,7.1,43.6,46.1,38.0,14.4,62.1,186.3,71.2,45.3,96.0,104.1,19.3,19
24.4,41.3,37.2,53.5,109.6,41.1,154.9,114.3,84.7,69.7,21.7,58.2,35.7,44.1,46.2,50.6,8.9,44.3,48.3,36.7,13.6,60.1,177.2,66.7,49.2,106.0,99.6,18.4,34
24.4,41.2,41.2,53.9,108.6,40.8,156.1,115.6,88.3,63.3,21.0,57.4,36.2,44.6,45.5,50.6,7.4,42.1,45.5,37.0,13.7,61.5,178.8,68.2,46.5,95.0,99.6,17.5,26
22.9,40.0,35.6,49.7,90.0,36.7,145.2,99.0,81.0,57.4,20.8,54.7,34.3,39.7,42.8,46.0,6.5,39.9,44.0,35.9,13.6,57.3,170.9,54.2,44.4,76.8,70.5,17.8,20
21.0,39.7,31.2,46.3,93.3,34.3,145.0,97.8,80.6,58.7,19.7,57.0,31.2,40.7,42.7,44.7,7.4,38.3,42.2,33.4,14.2,55.2,169.2,55.2,45.7,85.3,67.0,16.3,26
23.6,43.7,43.5,57.0,115.3,43.3,157.3,112.8,90.1,66.4,21.8,58.2,35.0,43.4,45.6,50.6,8.3,43.9,47.0,38.5,16.5,62.4,180.9,72.0,44.5,104.1,107.3,17.8,25
24.7,41.4,38.1,54.6,109.7,42.8,148.4,115.1,82.9,65.1,22.3,58.6,36.2,48.9,49.1,48.4,7.6,43.3,47.9,34.5,14.4,55.2,170.8,67.2,45.2,103.0,96.1,18.2,31
20.3,38.0,29.4,45.1,85.5,33.3,144.3,88.7,80.8,54.3,21.1,57.5,32.3,37.1,40.3,47.0,7.5,37.6,40.0,34.6,12.9,55.5,171.0,52.8,42.5,73.1,59.9,16.4,39
22.5,43.0,37.4,52.6,102.2,38.5,149.7,107.4,84.1,62.8,21.2,56.6,33.4,45.2,47.9,48.6,6.9,40.1,43.8,35.4,14.6,58.1,174.6,62.3,46.8,95.8,85.9,17.1,38
22.9,43.1,36.5,54.1,113.1,39.5,154.5,111.4,86.7,64.3,22.4,59.8,34.8,43.1,45.7,49.6,7.1,43.0,46.5,37.4,15.7,59.7,179.8,68.7,47.0,106.2,97.1,17.7,23
23.7,40.2,34.0,52.0,104.6,40.7,152.3,108.5,84.6,61.7,21.8,57.4,35.3,42.7,44.5,47.7,7.7,41.8,44.0,36.8,13.6,61.0,176.5,66.2,47.7,100.0,90.6,17.3,27
22.0,40.2,31.7,46.2,91.4,38.3,151.9,92.5,81.2,60.7,20.1,59.5,33.4,46.0,48.1,46.8,7.1,38.8,42.1,36.2,15.6,58.8,177.2,55.2,48.1,84.0,72.1,16.6,20
24.2,41.1,36.4,52.0,105.7,38.6,159.1,114.2,88.1,65.3,20.5,60.3,35.6,40.5,43.8,50.5,8.1,42.1,45.0,38.2,14.7,61.4,184.2,66.2,48.4,103.1,98.1,18.1,35
24.6,44.7,34.0,53.1,101.1,39.6,154.4,111.6,82.1,65.0,20.5,56.5,35.0,45.8,49.0,46.0,7.3,40.7,45.9,37.3,17.3,59.0,179.2,61.8,48.1,95.6,88.6,17.2,28
20.7,38.3,34.4,45.9,90.7,36.7,149.9,99.3,82.4,54.2,22.4,55.0,33.5,42.4,43.5,48.7,7.5,38.9,41.7,36.3,14.4,59.3,172.8,51.6,53.7,76.8,68.9,18.4,36
22.6,42.3,32.2,49.4,96.6,37.7,155.2,103.4,82.6,60.3,22.2,58.4,35.5,41.7,45.0,47.6,7.4,36.7,41.2,35.5,14.7,58.9,182.5,56.3,50.0,89.5,81.8,17.4,39
20.4,39.3,37.0,51.9,108.5,37.7,149.8,115.3,83.9,62.7,21.0,56.2,33.8,42.2,44.0,49.9,6.9,39.8,42.6,37.0,13.2,61.6,173.2,68.8,47.9,114.6,95.2,16.0,40
23.4,42.5,38.7,51.8,102.3,38.4,161.6,106.9,92.9,60.9,22.0,59.3,36.8,44.3,44.5,53.0,7.6,41.2,45.9,38.9,14.2,62.7,187.0,62.7,48.5,90.7,88.2,17.5,29
22.7,43.7,43.3,55.4,103.2,39.8,142.1,114.0,79.7,57.3,21.7,59.9,34.3,45.0,46.5,45.9,7.3,45.2,48.6,34.4,15.7,54.4,164.9,64.4,44.3,91.7,90.5,18.4,31
23.7,39.6,36.8,51.8,112.0,42.5,147.3,110.6,78.6,67.2,20.8,58.4,33.3,46.2,47.8,44.6,6.7,41.4,44.5,34.7,14.5,55.2,170.1,72.3,47.5,102.3,94.1,17.4,30
21.2,39.7,31.8,46.0,90.8,35.3,155.7,90.4,84.4,59.6,20.7,57.8,33.0,39.7,42.1,48.1,7.0,36.2,39.8,36.1,13.9,57.7,180.0,54.5,47.7,77.1,67.0,17.0,26
22.8,40.6,34.7,50.2,103.4,39.1,150.0,105.4,83.3,57.3,20.9,57.8,34.0,39.7,43.1,48.0,7.0,39.8,44.9,36.0,13.9,59.6,174.5,66.4,49.5,97.3,84.8,16.8,28
23.0,39.6,36.9,49.2,109.6,40.4,141.5,102.0,75.7,64.7,20.8,57.9,33.3,37.8,39.0,42.7,7.2,38.2,40.5,34.0,13.9,56.5,165.4,65.5,45.2,92.4,83.3,16.8,26
22.9,43.6,33.8,51.7,100.6,39.3,159.7,100.5,89.7,59.6,23.2,59.0,35.6,46.3,49.1,49.3,7.5,38.5,42.5,39.1,17.2,62.5,184.7,62.8,51.4,91.8,86.1,18.2,29
24.4,40.5,34.6,50.0,103.9,35.7,150.6,107.6,81.2,62.1,20.8,59.7,34.4,40.2,43.1,48.4,7.1,40.5,45.7,36.6,15.7,61.1,173.5,62.3,47.6,97.1,83.2,17.8,23
22.4,42.0,35.4,51.8,101.3,38.8,149.3,103.8,86.4,58.5,21.4,56.2,36.3,43.0,45.8,49.6,8.1,41.6,45.4,36.8,15.3,60.5,173.4,61.5,45.5,93.2,84.8,16.9,39
23.2,43.7,38.5,54.4,108.1,40.1,169.6,104.7,97.9,64.3,22.0,57.5,37.2,42.3,44.1,56.8,7.9,42.4,48.2,41.2,14.0,67.5,194.2,66.9,48.5,93.8,97.2,17.4,31
23.3,40.0,35.6,48.6,98.0,39.3,166.1,93.8,100.1,60.3,22.7,57.4,38.1,40.6,43.8,57.0,7.3,37.1,40.7,39.6,15.0,64.5,191.9,61.8,46.5,83.0,84.7,17.6,22
23.0,42.7,38.2,53.8,114.4,41.8,150.8,107.8,86.1,63.3,21.6,59.2,33.5,47.3,49.5,49.7,7.6,42.8,46.1,36.8,14.8,60.1,174.2,72.0,48.3,101.0,97.7,17.5,25
25.4,44.2,43.5,59.9,119.6,43.8,154.7,127.5,86.0,68.2,21.3,58.8,37.4,49.0,50.3,50.3,7.0,48.4,51.6,36.0,14.3,58.5,176.6,76.8,49.0,117.7,119.5,18.6,36
20.3,40.5,26.9,47.3,89.0,35.0,145.8,93.6,80.9,55.0,19.0,55.7,32.3,42.6,44.7,46.7,7.3,36.4,39.1,36.1,15.6,57.6,168.6,50.1,45.8,73.3,58.5,15.8,26
27.6,44.5,47.7,56.1,115.2,47.5,163.9,119.4,94.1,67.9,24.7,59.3,38.6,46.7,50.2,55.6,7.7,42.5,46.1,38.6,17.0,64.0,189.0,70.0,48.0,101.3,114.4,19.6,27
24.9,42.8,38.2,54.1,109.8,42.1,150.5,112.7,81.1,71.9,21.4,57.4,33.7,51.0,50.4,47.2,7.7,41.7,45.4,35.8,15.1,57.2,175.1,69.1,46.8,109.7,97.5,17.8,32
22.6,42.2,34.7,50.3,96.1,39.2,153.5,102.2,86.8,55.8,20.9,57.8,34.0,44.0,46.7,49.1,7.1,39.7,43.0,37.2,16.5,60.7,175.2,59.6,47.4,86.7,77.5,17.6,34
23.0,39.2,36.2,46.8,107.5,40.7,158.9,101.8,85.9,66.7,20.0,57.8,35.1,38.2,41.3,50.2,8.4,38.1,41.2,37.0,15.2,59.8,184.7,66.5,45.8,94.8,89.7,16.7,26
23.4,39.9,36.6,51.4,104.4,39.8,153.5,111.7,82.9,71.4,20.7,56.8,34.8,47.3,47.3,49.1,8.1,39.5,42.0,36.7,14.5,58.8,177.4,61.8,47.8,104.5,93.8,18.0,25
24.5,45.5,44.8,59.6,109.2,40.8,163.4,123.7,92.0,66.8,23.6,59.8,38.1,46.0,49.3,53.3,9.0,43.7,47.9,40.4,16.2,64.1,188.2,64.7,52.7,106.0,110.6,19.5,39
23.6,42.9,37.5,52.3,105.3,41.3,154.2,102.7,82.7,63.8,22.6,58.0,34.6,42.2,46.1,47.3,7.5,40.5,46.0,36.6,15.2,59.3,179.4,64.9,49.2,93.2,89.4,18.6,24
24.0,42.0,32.7,50.0,107.2,42.6,168.4,108.2,92.7,60.1,21.3,58.2,37.3,42.2,45.4,54.5,8.4,39.5,44.0,40.7,15.3,66.0,194.0,63.8,53.6,105.9,101.1,17.8,38
26.5,41.5,38.5,52.0,120.8,44.5,165.8,116.7,94.2,69.8,22.0,59.7,39.1,44.7,46.5,55.0,8.1,42.2,46.5,41.0,14.2,64.2,191.1,76.8,52.0,116.2,118.0,18.8,23
23.3,40.4,34.4,49.6,101.0,38.8,153.1,97.8,82.6,62.5,21.1,58.4,34.8,43.0,44.8,46.7,7.3,38.6,44.1,36.0,14.8,57.2,178.8,59.6,49.1,91.2,79.1,17.8,20
26.0,45.7,42.0,60.0,130.1,46.9,152.3,124.1,80.3,76.6,21.9,57.7,35.6,50.8,51.6,46.9,7.6,43.1,46.5,36.4,16.1,58.7,177.4,82.5,50.7,123.8,127.3,19.9,26
24.0,38.6,36.4,48.7,99.1,40.7,143.8,109.5,74.7,60.3,22.0,55.8,33.3,41.6,43.5,45.0,6.8,44.5,47.2,33.3,13.6,54.8,166.0,60.8,48.2,99.5,85.4,17.6,44
21.3,41.7,34.7,51.5,97.9,36.4,147.7,107.9,83.6,56.9,21.2,56.9,33.1,43.0,45.5,47.8,6.6,39.2,43.3,37.1,14.9,58.3,171.3,58.2,43.9,93.2,76.8,17.0,25
23.0,40.9,35.1,51.9,102.4,40.2,152.1,104.2,83.6,57.3,22.3,57.7,36.0,41.1,43.1,49.7,8.2,38.0,42.4,37.5,13.8,60.6,176.7,61.4,49.6,95.0,83.7,18.2,33
23.5,42.9,34.2,50.5,110.0,40.0,153.9,102.8,87.7,63.5,21.2,59.7,36.8,42.0,45.8,49.7,7.9,39.1,42.6,37.7,15.3,60.6,178.1,66.3,45.8,97.5,85.9,17.1,31
23.3,38.2,38.8,50.4,105.4,38.6,152.3,110.1,84.8,61.9,21.8,58.3,35.2,38.3,39.5,48.4,6.8,40.7,42.7,36.4,13.7,59.2,177.3,67.7,47.4,111.3,94.0,17.4,30
26.9,45.7,37.8,53.4,105.1,45.8,155.4,112.4,89.1,69.3,23.6,59.3,37.0,47.6,50.0,52.6,7.9,40.5,44.8,37.5,15.8,60.7,180.4,63.1,44.6,94.6,96.6,18.1,27
20.4,38.3,32.9,46.6,92.8,34.0,147.0,95.9,82.4,53.2,20.3,56.5,33.7,38.6,42.7,48.7,7.4,39.0,41.0,35.3,15.5,58.7,170.2,55.8,45.6,82.3,65.3,17.1,37
21.7,42.9,31.2,50.5,97.8,36.1,154.2,100.6,83.4,65.9,20.9,58.2,33.6,43.2,47.2,48.2,7.4,37.5,42.1,37.3,15.1,61.1,180.9,59.8,43.1,86.2,77.3,17.7,27
25.6,46.3,43.0,60.8,119.8,44.0,155.4,132.7,83.9,69.9,22.7,57.3,37.0,47.5,48.7,49.5,7.8,45.1,47.9,35.6,16.0,56.9,179.7,74.8,51.9,121.1,123.5,19.1,28
24.0,44.3,32.7,52.3,98.6,38.6,162.7,101.1,88.7,67.6,21.7,59.1,35.5,44.8,47.2,51.5,7.4,40.0,44.6,39.3,16.7,62.9,187.9,60.5,47.4,85.5,84.2,19.0,23
24.7,42.7,44.2,54.4,109.9,42.8,159.6,111.4,87.2,63.3,22.2,59.0,36.4,41.7,43.6,50.0,7.9,39.9,45.8,38.6,15.4,59.9,186.2,66.1,50.2,97.0,101.2,19.4,26
22.8,40.3,34.1,49.4,97.9,38.0,153.3,100.0,84.0,58.7,21.3,55.5,33.9,42.1,44.4,48.5,6.5,40.8,44.4,37.3,13.2,59.8,176.7,60.7,46.9,85.5,77.5,17.3,23
23.9,40.8,37.1,51.7,106.5,40.9,151.6,116.7,85.4,60.7,22.6,57.3,36.7,42.0,43.9,48.9,8.2,41.7,45.9,36.7,14.4,59.2,177.1,64.5,47.0,101.2,94.0,18.0,23
23.0,41.6,39.0,53.7,112.8,40.7,149.4,108.8,81.2,68.3,20.5,58.4,33.2,45.2,47.1,47.0,6.9,41.0,45.2,35.9,14.0,58.2,174.8,72.1,45.4,105.7,95.8,17.4,22
21.7,39.8,32.5,47.8,97.3,35.6,147.7,106.2,81.2,58.2,21.3,57.9,33.8,41.1,43.6,46.4,6.8,41.0,45.5,35.3,14.9,56.9,170.3,56.4,48.2,97.4,76.0,17.3,36
22.5,41.2,39.4,54.2,105.3,39.2,150.5,112.3,85.6,67.3,21.4,58.3,36.3,45.1,46.3,48.6,7.5,43.7,45.5,36.3,15.2,59.5,174.3,65.3,44.1,97.4,90.6,17.8,26
26.9,42.7,36.4,53.2,112.5,46.3,156.4,109.0,85.9,66.4,23.4,58.6,36.7,46.4,47.5,52.0,7.1,43.3,47.0,38.3,14.3,62.3,179.8,68.5,45.6,100.4,97.3,18.9,27
25.4,43.5,40.5,54.2,115.3,40.4,163.7,122.6,92.3,69.4,23.2,58.6,36.4,45.8,46.9,52.7,7.1,40.6,44.1,38.4,15.7,62.8,188.9,71.4,49.4,112.0,112.9,18.3,25
25.7,42.3,35.0,52.0,102.2,40.9,154.5,110.8,85.9,61.1,23.3,57.9,36.3,42.9,45.2,49.9,7.1,39.5,44.0,38.3,15.8,59.2,179.2,62.5,48.4,94.0,89.5,18.6,19
22.0,38.1,32.4,45.3,91.3,35.0,148.8,92.2,81.2,59.4,19.0,54.8,32.3,37.8,39.8,44.5,5.9,37.5,41.5,34.3,14.2,55.2,174.1,55.2,45.2,82.5,64.0,16.7,27
21.4,40.8,35.1,50.2,99.5,37.6,143.7,103.1,80.4,63.9,21.3,57.7,33.2,43.0,46.2,45.3,7.0,38.2,42.2,35.7,15.5,57.2,167.9,62.1,42.3,88.1,74.5,16.7,22
23.5,42.6,39.5,52.5,98.0,38.8,155.1,109.5,86.9,58.7,23.1,56.8,34.4,44.6,46.8,49.5,7.8,38.0,42.5,37.3,15.7,59.0,180.3,59.8,47.2,79.4,82.3,18.0,27
22.0,40.5,35.3,50.9,106.2,37.6,146.0,106.7,79.5,65.3,20.8,59.3,33.3,43.3,44.4,45.0,7.0,42.8,45.8,36.8,13.8,58.7,170.2,65.6,45.4,101.6,88.2,16.8,28
20.5,40.7,27.6,45.9,86.2,32.0,147.7,93.5,81.8,58.3,21.0,58.1,32.8,39.0,42.5,47.4,7.2,36.9,38.3,35.5,17.2,55.3,170.7,48.2,45.5,76.1,58.2,16.6,46
24.2,42.7,36.7,53.3,114.8,41.0,157.6,116.9,89.1,66.7,21.3,56.3,34.9,47.5,49.0,50.4,7.8,40.0,44.7,38.8,15.1,61.0,180.7,69.4,49.8,113.7,102.6,17.4,22
22.6,39.5,33.5,48.1,102.9,40.7,151.7,101.6,82.5,65.6,21.7,55.7,35.0,37.5,40.1,46.8,7.6,37.7,40.2,35.7,15.3,58.7,177.4,61.4,46.6,87.5,82.5,17.3,28
21.2,41.1,31.3,48.1,96.5,35.2,154.2,98.1,87.5,62.2,21.3,56.2,35.3,41.6,45.2,51.1,8.3,38.0,41.4,37.5,15.5,60.0,177.4,55.7,45.6,87.4,72.2,17.3,29
23.9,38.5,36.0,49.6,104.8,40.7,154.8,110.4,87.5,62.3,21.2,58.9,35.1,42.4,44.4,51.7,7.3,39.8,43.1,38.5,14.3,63.0,179.5,67.4,46.5,98.8,89.6,17.5,20
19.7,39.0,27.6,43.4,87.1,34.1,152.4,90.8,80.5,57.8,19.8,56.2,32.0,37.5,40.8,47.2,6.8,34.2,37.9,34.7,16.0,55.5,178.7,47.2,48.8,68.7,57.2,16.2,28
24.4,43.6,41.1,55.7,111.3,43.6,150.5,114.6,82.7,68.0,20.8,58.6,33.3,48.9,49.8,47.2,7.4,40.3,43.6,34.4,16.0,57.4,174.3,70.9,45.0,97.3,95.8,17.2,28
22.8,42.6,33.9,49.1,100.4,38.7,158.3,99.7,88.4,62.9,20.4,59.0,34.3,40.5,44.0,49.8,6.5,37.7,41.6,39.0,16.0,60.8,183.5,60.2,46.2,88.2,80.8,17.2,28
23.0,41.6,32.5,49.0,99.2,39.7,160.4,103.2,90.9,63.2,22.1,54.5,36.0,42.4,45.2,53.6,8.0,37.6,41.7,37.4,16.2,63.6,183.8,60.4,48.3,90.8,82.4,18.7,28
22.7,41.9,36.1,50.2,96.2,38.5,150.9,97.7,82.6,60.9,20.7,59.2,35.6,40.8,44.3,49.2,7.2,40.3,43.1,37.4,14.3,61.9,174.5,60.2,43.9,83.2,76.1,17.0,26
24.4,42.8,36.5,50.2,103.5,42.0,153.9,101.6,87.4,59.6,23.1,58.2,36.6,44.7,46.9,49.3,7.0,40.5,44.8,36.9,15.6,58.1,179.8,64.9,47.5,90.0,88.7,18.2,18
22.3,39.4,32.8,47.7,93.8,36.6,146.1,94.2,79.6,61.1,21.3,54.8,32.5,42.1,43.7,46.1,7.0,37.2,40.6,34.7,14.4,55.5,172.0,55.2,43.0,79.6,68.2,17.1,23
23.7,42.6,41.2,55.3,117.1,39.3,145.2,123.2,78.3,65.9,21.3,56.9,34.6,48.3,50.2,45.1,6.5,41.2,43.9,34.7,15.4,57.0,168.7,73.5,46.0,109.1,102.5,17.9,25
23.7,40.9,34.0,50.2,103.8,39.9,159.3,103.7,90.8,63.5,23.0,58.0,37.4,43.5,47.3,52.7,8.6,40.5,43.5,38.9,15.5,62.8,184.4,58.0,44.9,96.0,86.0,18.8,38
20.4,39.8,33.4,46.5,88.6,35.6,144.3,93.3,80.7,56.1,19.7,54.8,31.4,35.3,38.0,47.0,6.3,36.7,40.7,34.9,13.4,56.3,169.3,52.7,42.5,81.3,64.5,15.4,19
20.6,39.1,37.3,49.8,96.1,37.2,146.3,98.7,86.5,53.4,20.9,56.8,33.1,39.1,40.5,49.5,7.3,40.0,44.1,36.4,12.8,60.3,167.4,59.6,44.8,84.2,74.3,17.1,46
21.7,41.0,31.9,48.9,100.2,40.2,152.9,97.2,80.4,67.0,20.6,54.6,33.6,36.2,40.3,46.4,7.0,38.2,42.4,37.5,14.9,58.8,178.6,64.6,45.5,90.7,82.5,16.5,31
23.7,40.9,32.2,46.5,96.2,37.4,149.7,95.7,84.1,55.6,20.6,55.0,33.3,43.2,45.4,48.9,7.1,35.8,39.6,37.5,15.1,60.5,174.0,56.4,46.5,83.8,68.8,17.5,21
22.8,43.0,35.7,52.3,103.7,39.5,157.7,105.7,85.5,60.9,20.6,58.2,34.4,39.5,42.3,51.0,7.0,39.0,44.2,37.7,13.8,61.0,182.7,63.3,49.0,97.8,88.9,17.3,26
23.8,41.6,37.0,52.9,112.0,38.6,153.2,114.5,83.1,65.5,22.6,59.6,35.2,46.5,47.8,49.0,7.3,39.3,42.9,35.8,15.6,57.2,178.3,69.3,50.7,111.0,100.7,18.0,40
23.8,43.1,32.9,49.4,101.8,38.2,160.5,102.3,90.2,59.8,21.4,57.8,35.3,41.7,44.3,50.8,8.2,37.3,44.1,38.3,14.8,61.4,186.8,59.7,49.2,95.6,84.6,17.9,25
22.5,43.4,34.9,51.2,105.0,37.3,161.2,107.6,90.6,63.3,21.2,58.8,35.2,44.0,47.0,52.2,8.0,38.8,44.7,38.4,15.4,63.0,185.8,63.8,50.0,103.6,89.2,18.1,37
22.5,39.5,35.7,48.8,99.3,38.7,145.3,98.6,76.3,60.8,21.5,59.6,33.3,40.7,42.3,44.6,7.7,38.6,41.5,34.9,14.8,57.0,169.6,59.1,47.2,91.7,77.3,18.3,35
25.4,43.7,37.0,53.5,113.3,43.7,157.8,113.6,87.3,68.8,21.0,58.7,36.7,46.8,47.9,50.0,7.7,39.9,43.7,36.1,15.5,59.5,183.6,72.6,47.4,98.3,100.5,17.8,23
23.7,40.9,37.4,50.5,102.7,38.7,147.8,106.9,84.1,61.2,21.4,60.6,35.7,42.4,43.3,48.5,8.2,40.7,43.5,36.9,14.6,60.1,172.1,63.7,44.0,99.3,87.5,17.7,27
21.7,39.5,30.7,45.6,89.3,34.8,151.8,92.6,82.8,59.0,20.8,55.3,34.7,37.5,40.2,48.2,7.2,37.2,39.9,36.4,14.3,58.2,176.7,51.4,47.4,76.9,65.0,17.2,26
21.3,41.4,29.7,46.5,85.5,36.3,151.8,92.2,87.5,57.3,20.4,55.8,32.3,41.1,44.9,49.5,7.5,37.7,41.0,37.4,15.7,59.7,176.9,49.8,43.0,74.6,61.1,16.6,24
22.3,41.1,35.3,49.0,99.3,36.9,141.5,98.8,79.1,57.7,20.0,55.5,32.4,39.0,43.5,43.9,6.7,36.2,42.0,34.4,15.3,56.0,163.8,61.4,43.3,88.0,72.1,16.7,22
20.3,38.7,34.4,48.5,86.8,34.8,135.0,98.1,75.2,47.8,19.1,53.7,31.1,44.4,45.0,43.3,7.1,37.0,39.9,34.1,14.7,55.3,157.2,52.8,43.3,82.7,59.2,15.8,42
26.8,44.4,40.4,56.8,117.5,46.8,160.4,122.4,88.7,70.3,21.7,59.7,37.8,49.1,49.5,52.7,8.1,41.4,45.2,38.9,15.7,63.3,187.8,71.6,47.3,111.0,118.6,18.8,22
21.6,38.8,30.6,45.6,88.0,35.6,149.2,88.6,84.3,55.9,19.3,56.8,33.4,37.5,40.1,47.5,7.6,36.2,40.4,36.4,14.1,57.2,173.0,49.4,45.2,77.1,61.3,16.6,19
24.0,40.0,37.5,53.6,102.5,40.2,149.8,112.3,83.1,57.9,21.0,56.5,31.8,41.8,42.3,45.0,6.7,41.3,45.3,34.4,12.3,56.8,171.4,66.2,47.8,101.6,90.1,17.0,24
22.1,41.2,34.7,52.2,103.2,38.0,147.6,106.5,81.8,61.5,21.0,57.3,33.3,41.7,43.8,47.2,7.3,37.9,41.2,36.2,14.8,58.9,172.2,64.5,44.8,95.7,83.2,17.3,29
24.0,43.8,38.2,54.5,105.6,40.3,147.8,112.6,82.2,63.0,22.0,57.7,34.6,46.5,49.1,45.8,6.5,41.5,45.3,36.8,16.7,59.7,171.0,65.8,44.6,91.2,89.5,17.5,22
22.4,41.8,29.0,45.8,91.5,36.2,157.9,90.6,88.5,57.7,20.0,57.1,35.2,37.9,42.5,50.3,7.3,36.7,41.4,38.5,15.8,61.6,183.8,52.8,47.7,78.5,67.0,16.5,26
23.3,39.7,36.3,52.7,107.5,40.7,158.8,113.7,90.1,63.8,21.2,61.3,35.7,45.5,46.7,52.8,7.7,41.9,45.5,38.6,13.6,63.3,183.0,68.8,51.0,107.5,101.6,18.3,22
21.2,42.5,34.1,49.6,103.3,38.3,155.0,101.8,86.0,65.5,22.1,57.7,34.6,42.3,45.2,49.1,7.3,38.8,43.8,37.5,16.7,60.3,182.2,63.6,45.6,91.0,83.3,17.6,23
24.6,42.6,39.8,54.7,113.8,43.6,159.6,120.7,90.2,67.3,22.1,56.8,36.0,47.0,47.0,52.9,8.3,43.7,47.3,37.5,15.0,58.7,183.6,70.1,47.0,105.6,105.1,18.8,35
20.9,40.8,33.6,47.4,96.0,36.6,147.3,98.8,80.6,56.4,21.3,57.4,33.0,37.9,40.8,45.6,7.8,37.4,40.2,36.0,14.3,57.1,172.0,56.8,45.8,82.7,70.4,16.3,22
22.7,41.7,35.5,51.2,98.3,40.2,152.3,106.4,83.1,62.0,21.4,58.2,33.8,49.5,50.3,47.3,7.4,38.4,41.4,36.4,16.0,58.5,176.5,62.3,46.8,96.3,83.6,17.6,33
21.8,42.1,33.2,49.3,92.1,34.5,150.9,93.6,83.1,57.7,20.6,56.8,32.6,42.9,44.8,47.3,6.5,38.9,44.4,36.3,14.5,57.3,176.0,55.2,47.7,79.7,68.2,17.0,20
22.8,40.8,37.3,48.7,92.5,37.1,153.8,98.5,87.8,56.1,22.9,58.8,34.0,40.3,42.1,52.2,7.7,39.0,42.1,35.8,14.7,57.9,179.3,55.2,46.7,84.3,77.5,17.7,31
22.7,42.5,34.7,53.1,100.6,38.5,149.8,112.8,83.0,61.2,21.4,56.7,34.0,45.4,46.2,48.0,7.3,39.1,42.8,36.5,16.5,57.9,172.5,60.1,47.0,96.6,85.1,17.7,39
23.6,41.4,38.7,51.3,96.5,41.3,151.4,100.8,84.3,60.7,22.3,56.6,34.4,42.9,44.1,49.3,6.5,38.5,42.1,36.1,15.6,57.5,178.3,60.1,46.4,87.5,81.7,17.6,40
24.0,42.3,38.0,52.9,105.9,38.7,160.1,114.1,90.6,61.0,20.9,59.8,35.7,44.0,45.3,51.0,7.5,39.4,42.9,39.1,16.0,63.0,183.2,62.2,50.7,99.1,92.2,17.6,44
22.4,41.9,35.9,51.3,101.6,41.0,152.7,109.4,81.8,59.0,20.5,57.3,34.7,43.6,46.1,46.3,6.8,40.4,42.9,37.4,15.0,59.8,177.4,60.9,51.3,103.3,88.3,17.6,46
21.0,42.1,31.6,49.7,94.8,34.0,150.9,104.3,83.3,52.4,21.3,57.0,32.6,40.1,43.9,47.7,7.0,39.5,42.5,37.4,16.3,59.7,173.5,57.0,51.9,99.5,76.1,16.8,43
21.8,43.0,37.6,51.0,95.2,37.7,153.1,103.5,90.3,52.2,22.0,59.4,35.4,41.0,43.4,52.5,5.9,39.8,42.6,36.4,16.6,61.1,177.3,60.8,46.2,87.2,80.6,17.0,26
22.9,43.3,35.9,54.1,103.7,39.4,154.2,110.0,85.4,65.4,21.3,58.0,34.3,45.3,46.7,50.0,6.6,42.8,47.5,38.1,14.6,59.8,181.0,65.7,47.0,96.0,91.8,17.0,27
24.2,40.4,38.9,52.9,109.2,38.3,142.4,111.8,76.9,60.7,20.8,58.7,34.0,42.0,44.0,45.5,5.9,42.2,44.4,34.6,13.3,55.4,164.1,67.3,48.0,106.5,88.8,17.5,22
20.3,41.1,34.0,49.3,91.7,34.4,150.8,96.2,83.4,56.8,21.4,57.5,33.3,40.1,42.4,47.8,6.7,37.3,41.0,37.5,15.1,59.7,176.2,54.2,48.2,81.2,68.6,17.2,26
22.8,41.6,33.3,49.5,93.4,40.7,148.5,94.1,81.2,54.8,22.7,55.8,34.6,39.0,42.9,45.4,7.0,35.6,40.1,36.8,15.2,58.9,173.0,56.6,47.3,78.1,72.0,18.1,30
23.1,40.6,38.7,51.2,103.3,40.0,150.6,109.8,84.6,55.4,22.1,57.4,34.6,42.4,46.1,48.6,6.3,37.8,42.3,35.7,15.6,58.7,174.2,65.5,51.8,106.4,92.0,17.7,21
22.8,40.2,33.0,47.5,90.5,36.4,152.1,96.8,85.1,59.6,21.1,57.0,34.7,44.0,46.0,49.8,7.3,35.3,38.5,37.3,15.5,59.9,175.6,56.3,44.8,76.7,69.8,17.8,19
24.3,39.5,33.9,48.4,108.3,41.3,147.4,99.3,80.7,60.3,20.0,56.1,33.6,38.0,40.7,46.9,8.0,38.1,41.2,35.1,14.7,56.5,171.3,66.0,48.1,101.9,82.8,17.5,22
23.3,41.8,43.3,54.1,107.5,42.2,154.0,109.2,84.9,62.8,22.1,57.5,34.6,44.0,44.6,46.9,6.9,43.1,47.0,36.0,13.8,55.2,176.9,70.2,50.3,101.5,99.7,18.4,30
22.4,43.0,37.1,52.1,101.4,36.7,158.6,103.9,85.0,64.4,22.8,58.7,34.4,41.7,43.0,46.8,6.4,41.2,46.7,39.3,14.9,62.5,185.0,62.8,51.1,84.1,88.0,18.1,22
24.3,41.8,36.0,51.4,103.6,39.5,156.6,105.6,89.9,58.5,22.4,56.6,36.1,40.8,42.5,51.1,7.4,39.5,43.2,38.5,15.1,61.0,180.2,64.2,46.4,91.4,85.6,17.6,29
20.2,39.9,32.5,45.7,90.7,33.3,149.4,92.2,82.0,54.9,21.2,58.3,33.4,37.5,41.2,47.2,6.7,36.3,39.3,34.9,15.8,56.7,175.3,51.6,48.0,78.6,63.4,17.7,20
20.0,42.8,32.3,49.9,94.7,34.7,144.8,98.8,80.6,56.4,21.7,55.0,31.3,45.3,47.2,44.9,6.1,39.3,43.7,35.9,15.8,57.8,169.4,56.3,45.1,80.7,67.7,17.1,22
24.6,42.8,37.0,52.0,100.5,38.8,149.4,102.7,80.2,65.4,21.5,60.0,34.4,45.5,48.1,45.6,7.0,40.3,44.3,36.0,15.5,58.1,174.0,60.5,48.1,89.9,84.2,18.2,27
21.8,37.0,35.3,45.0,90.5,38.5,135.2,98.1,75.1,52.6,20.8,57.3,31.8,38.6,41.5,40.9,6.3,38.4,40.4,31.5,13.4,52.6,157.2,56.8,43.1,81.2,65.8,16.6,37
21.2,37.8,36.5,47.1,95.1,37.0,147.0,102.3,81.3,59.3,19.2,55.6,31.8,40.0,41.5,47.3,6.8,36.9,39.8,34.8,14.7,55.8,169.6,58.9,46.5,91.0,72.4,16.1,30
23.4,42.2,35.1,50.4,99.6,41.0,158.1,106.4,87.8,63.8,22.2,59.5,35.8,44.2,47.1,50.5,7.4,42.5,46.0,37.0,15.1,60.5,182.8,60.5,50.2,96.7,90.3,19.2,41
22.3,37.4,35.6,50.1,101.5,36.6,152.1,109.3,82.5,63.9,21.2,56.8,33.1,44.8,45.0,46.6,6.0,38.8,41.3,36.0,13.5,58.1,175.4,63.1,48.2,101.0,86.3,17.2,47
22.0,39.7,35.4,47.4,99.1,36.8,144.3,103.4,80.5,59.9,21.6,58.1,33.8,42.8,44.2,46.4,6.9,42.3,44.5,35.4,13.8,56.8,168.2,59.3,46.8,95.5,77.8,18.6,48
21.2,43.1,34.0,53.0,98.1,35.8,154.3,102.0,85.1,61.5,21.1,58.1,32.5,44.0,45.8,47.5,6.7,37.4,42.4,37.8,15.5,60.1,178.9,57.9,47.3,94.8,80.1,17.1,37
24.4,46.3,43.0,58.8,113.0,44.2,165.6,122.4,94.2,66.5,22.6,59.0,39.4,48.1,50.6,53.9,6.7,46.5,49.3,40.5,16.8,67.3,189.0,72.0,51.6,112.2,119.7,19.3,42
23.0,44.6,35.4,52.7,101.5,39.6,158.5,107.7,86.7,64.2,22.7,57.4,35.3,45.1,47.6,48.7,6.9,39.0,43.1,37.9,16.0,60.6,182.8,62.6,50.5,97.3,89.7,18.2,35
23.4,38.6,33.8,47.2,97.6,37.4,151.8,95.8,83.6,60.5,20.7,57.1,34.0,39.2,41.3,48.2,7.1,41.9,43.9,36.1,13.3,58.8,176.3,58.4,45.9,85.7,76.3,18.3,20
22.5,39.4,32.6,46.8,97.5,36.3,151.7,93.9,84.3,58.0,21.3,57.7,34.7,44.6,45.8,49.2,8.1,38.8,42.9,36.8,14.8,57.9,177.6,60.8,47.0,84.0,75.3,17.3,20
24.4,41.1,37.5,54.6,109.9,40.6,149.8,114.1,81.6,67.0,21.8,55.5,35.8,47.2,46.9,47.3,6.9,41.5,45.3,33.6,14.1,53.9,173.8,68.9,49.0,99.3,95.6,18.1,23
21.0,39.2,29.9,44.9,85.5,33.4,143.2,91.8,78.9,54.3,21.2,54.8,32.4,36.6,39.0,45.5,6.7,35.3,37.7,35.9,15.3,55.2,165.7,50.5,45.6,83.0,58.3,17.0,45
22.3,42.2,33.7,55.5,108.0,38.8,153.0,111.2,81.5,61.3,22.6,58.4,34.3,42.2,45.2,48.0,6.6,41.3,44.0,36.9,15.8,60.2,175.8,67.4,52.3,104.1,91.9,16.8,21
24.1,41.4,34.2,49.7,98.9,37.8,155.7,100.5,86.1,65.4,21.7,58.6,34.9,41.3,43.5,48.9,7.7,38.9,43.2,36.2,15.0,57.6,181.2,60.2,45.8,82.9,81.3,17.9,21
21.8,38.5,39.6,49.4,93.3,38.5,145.4,104.2,77.0,60.4,20.2,56.0,32.7,39.3,41.0,44.8,6.2,38.1,41.0,33.8,13.8,53.7,169.1,60.5,46.3,79.6,74.5,17.2,21
21.1,39.7,29.8,46.1,88.0,33.7,149.1,93.0,81.5,56.7,19.8,56.3,31.4,42.1,43.0,45.8,6.4,36.0,39.6,35.6,14.4,56.1,173.7,54.2,46.5,80.2,63.4,15.8,25
23.3,39.1,35.0,49.7,100.6,41.2,152.5,100.0,87.7,57.9,21.0,57.1,33.5,43.3,44.3,49.8,7.0,39.7,42.0,36.2,13.6,58.8,175.5,63.1,44.7,93.8,82.1,17.5,20
20.4,36.4,28.2,43.2,86.8,33.7,142.3,86.6,76.9,52.8,19.7,54.5,31.3,40.0,43.4,43.7,6.7,36.0,39.0,34.1,14.1,54.7,166.2,51.8,45.3,74.2,56.5,16.5,25
25.8,42.3,40.6,52.4,106.4,42.0,149.2,112.4,85.0,53.1,21.3,57.2,35.0,45.8,46.8,46.9,6.0,41.8,44.8,36.8,16.1,59.6,172.5,66.2,49.8,103.7,94.5,18.2,23
23.8,39.4,34.4,50.4,100.9,41.0,157.7,107.2,86.7,62.6,22.2,56.7,35.1,45.7,46.5,49.4,8.0,37.6,42.0,37.2,14.0,60.8,181.7,62.7,48.5,95.8,87.3,17.9,40
24.9,43.6,36.6,54.8,107.8,42.9,156.1,110.7,88.4,60.0,23.6,55.0,36.8,47.8,48.6,50.6,6.8,42.4,46.9,38.3,15.1,61.4,180.7,67.3,50.2,106.3,99.5,18.0,38
23.2,40.8,38.1,51.8,100.3,39.7,158.2,113.1,89.5,68.5,23.8,61.3,34.7,50.8,51.7,51.6,7.5,41.3,46.3,36.8,14.9,59.0,183.0,62.8,46.2,94.2,92.6,17.9,38
21.5,42.0,26.8,46.1,92.8,36.3,158.2,92.3,85.8,58.9,20.9,57.6,35.3,43.6,47.1,52.1,6.7,36.1,40.8,37.3,14.9,61.4,183.1,55.1,51.5,77.3,69.4,18.1,30
20.6,40.3,29.0,47.0,87.5,33.3,144.3,89.2,81.6,56.2,20.8,56.6,30.9,40.8,44.4,44.3,7.0,34.4,38.7,36.2,16.3,56.5,169.3,52.3,41.0,72.9,57.8,16.5,19
23.6,40.9,33.6,48.8,99.7,38.9,154.4,101.2,89.3,55.4,21.7,55.5,34.0,41.2,44.5,50.9,6.7,38.4,43.0,36.7,14.9,60.0,179.2,63.4,47.9,95.5,81.6,18.0,22
24.0,41.0,36.0,49.7,103.3,39.5,157.2,102.1,84.5,63.7,22.4,58.2,36.0,40.0,42.5,49.0,6.6,38.8,43.5,38.1,14.3,61.1,182.8,63.3,47.8,86.1,87.5,18.4,20
25.6,40.4,41.0,54.5,103.3,41.6,151.3,110.7,82.5,61.3,20.9,60.2,35.5,48.1,48.2,46.8,7.1,40.0,42.9,36.6,14.1,59.0,174.7,67.7,48.3,98.9,95.2,18.0,21
23.8,41.6,36.5,50.7,102.2,39.7,158.5,106.1,87.6,60.5,21.2,61.5,35.8,42.3,45.6,50.3,7.4,40.4,44.5,37.5,15.5,60.0,184.0,62.3,49.3,96.0,90.0,18.3,21
23.4,43.3,38.8,53.1,102.3,40.2,158.3,107.0,88.6,59.7,22.2,59.0,35.6,43.2,46.4,50.7,7.2,41.5,45.5,38.3,15.0,61.5,182.8,62.7,49.9,92.9,91.0,18.2,27
25.7,48.2,41.6,60.5,115.9,47.7,162.9,128.0,89.9,66.1,24.4,58.3,38.3,51.6,53.3,51.9,7.7,44.1,48.9,40.9,18.3,63.9,187.1,74.8,52.4,113.5,125.8,20.1,25
26.4,42.2,38.1,55.6,110.4,44.0,152.2,114.6,81.0,66.5,23.1,58.8,35.8,45.0,45.5,47.1,7.2,43.7,46.0,35.5,15.0,56.2,175.0,70.8,50.8,108.8,103.1,19.7,21
22.7,40.9,31.6,48.8,95.1,36.8,152.2,99.4,83.2,58.1,21.4,56.4,34.5,41.2,44.5,48.2,7.2,39.1,42.0,38.6,15.1,61.5,176.3,57.8,50.1,85.9,72.9,16.9,24
23.5,41.5,36.1,53.2,102.3,39.3,145.0,110.8,77.6,58.3,21.5,58.5,33.9,44.6,46.5,43.8,7.8,41.5,45.4,35.4,14.2,55.4,168.7,64.7,49.1,100.8,86.4,17.5,20
22.6,45.7,34.9,55.5,106.1,39.7,156.3,114.6,83.9,68.6,21.3,58.0,36.0,46.2,48.5,50.1,6.3,43.1,48.3,36.5,15.8,57.7,180.5,62.6,49.5,102.2,97.6,18.8,34
23.0,39.8,32.7,48.3,96.9,38.3,150.0,102.9,83.8,57.4,19.5,58.3,33.5,41.7,44.4,50.8,6.9,38.9,43.0,35.1,15.1,57.2,172.8,60.8,45.4,87.1,76.5,16.9,26
25.0,40.0,35.1,49.7,100.0,41.3,142.7,104.6,76.6,63.5,20.8,59.7,33.7,46.3,47.0,47.5,6.7,40.1,41.9,33.7,15.0,54.5,165.9,62.2,43.8,93.0,79.5,17.1,24
22.2,38.2,35.2,47.4,95.5,39.3,145.0,98.8,76.9,68.6,22.2,57.1,34.3,41.2,43.1,45.8,7.9,38.5,42.4,34.4,14.0,54.7,169.0,60.2,41.2,81.4,73.7,18.1,20
21.7,41.8,32.9,50.5,94.0,36.2,151.6,97.1,82.0,56.7,21.4,55.8,33.2,39.4,42.1,49.6,7.3,37.3,42.3,36.2,15.3,59.1,176.9,56.9,46.9,87.4,72.2,17.3,26
24.1,42.1,33.4,51.5,97.1,42.9,158.9,101.8,90.0,59.2,22.7,56.6,35.5,44.5,46.5,50.5,7.7,38.1,42.8,37.4,16.1,60.7,183.5,60.8,49.0,89.4,84.1,18.1,23
24.7,41.6,39.6,56.8,116.9,42.3,153.7,119.7,84.9,69.4,22.2,58.7,35.7,48.0,49.5,47.4,6.7,43.9,46.5,35.8,15.0,58.3,177.7,77.2,51.2,119.4,113.0,19.0,27
26.2,43.3,43.5,56.5,110.9,45.0,155.7,114.8,86.1,63.1,22.9,59.5,35.8,47.4,49.1,50.7,8.0,48.1,51.3,36.1,15.0,57.3,179.6,71.2,54.5,114.3,111.0,19.6,29
23.8,42.3,39.3,54.7,108.2,42.0,159.5,118.7,88.6,68.4,21.0,59.3,35.4,46.4,47.3,52.1,7.5,44.6,48.1,35.5,13.8,56.0,182.4,71.7,49.8,111.9,108.3,17.7,27
22.4,41.5,32.5,48.8,97.5,37.8,158.6,96.3,91.1,57.2,21.6,55.3,36.3,42.5,43.8,51.2,7.9,39.5,45.2,38.0,14.7,61.1,181.9,59.3,49.1,87.7,78.9,18.1,21
24.2,40.7,34.5,51.0,100.6,38.9,149.8,101.1,84.0,66.5,21.3,58.2,33.3,44.1,45.7,47.8,7.4,38.9,42.6,35.4,14.2,55.6,172.9,62.9,46.3,92.6,81.2,17.9,29
24.5,40.9,40.8,54.9,115.6,41.8,155.4,114.3,84.6,71.3,20.7,58.8,35.0,48.1,46.8,47.2,7.2,41.6,45.9,38.2,13.9,60.0,180.3,71.7,49.6,111.6,106.3,18.2,20
21.7,40.5,30.4,48.0,94.0,34.8,149.8,97.3,85.6,59.2,21.4,56.2,34.4,36.1,39.2,48.2,6.5,37.6,42.2,36.6,13.3,58.1,173.5,54.6,44.5,89.1,69.5,16.8,37
21.4,40.2,35.8,52.5,108.8,36.6,155.1,112.7,87.6,56.5,19.9,57.6,33.5,42.6,44.4,51.5,6.8,38.4,43.7,38.3,15.6,63.1,179.4,64.8,49.6,108.5,90.2,16.3,20
23.4,45.1,39.2,58.9,114.1,42.7,161.1,124.9,92.3,59.7,22.2,58.0,37.0,51.2,52.7,53.1,7.5,44.0,48.6,40.5,16.0,65.2,184.4,71.9,56.5,127.0,118.9,18.9,37
29.3,43.7,41.4,56.5,117.2,46.9,164.5,116.2,90.0,64.7,23.5,56.4,40.0,45.0,45.5,53.0,8.4,44.9,48.4,40.3,14.0,63.1,189.0,75.2,53.8,117.1,125.1,19.7,26
22.8,37.6,30.6,44.7,89.4,34.9,143.4,85.6,78.3,58.9,20.6,59.7,32.1,36.7,37.8,44.5,6.7,37.2,40.5,32.5,14.0,51.2,168.9,51.2,45.4,74.2,60.0,17.1,26
26.3,41.6,42.7,56.7,113.9,43.8,169.2,128.5,95.1,73.3,23.7,59.7,39.5,43.8,43.6,58.7,8.7,45.0,47.2,41.3,13.5,67.3,193.7,75.6,54.2,130.6,133.7,20.4,25
25.4,43.1,40.4,54.5,108.5,40.7,158.6,110.2,84.0,69.4,23.6,58.3,36.0,44.3,46.5,47.5,7.0,41.6,45.0,38.1,15.6,60.5,182.2,68.2,52.1,103.0,101.2,18.9,23
23.5,43.2,36.8,53.5,106.8,41.7,150.5,104.1,83.3,64.1,21.9,58.5,35.8,42.6,45.7,47.9,7.7,40.3,43.7,35.3,16.4,56.6,174.2,66.8,49.5,103.2,92.0,17.8,24
25.4,41.5,39.8,52.4,113.1,42.9,152.2,110.8,82.3,60.2,22.7,61.4,36.9,40.0,42.2,46.7,7.0,42.3,46.6,37.5,14.0,59.9,177.3,70.6,52.1,111.6,104.4,19.2,20
22.7,40.3,37.1,51.1,102.5,39.0,144.3,110.7,77.2,57.0,21.5,58.3,34.5,44.1,44.5,43.8,6.5,42.4,45.4,34.3,14.7,54.7,168.3,63.3,49.9,104.1,88.4,18.1,36
22.6,43.3,34.5,50.7,96.1,38.8,155.9,100.5,84.6,58.9,22.0,58.3,32.4,40.0,43.8,48.4,7.0,40.2,43.9,37.3,16.1,60.8,182.2,58.2,49.7,80.7,76.7,17.7,20
22.9,41.0,35.3,54.0,103.8,40.5,153.4,117.0,83.7,61.9,22.6,55.4,35.0,49.8,50.2,49.1,7.0,41.0,45.2,37.3,14.6,60.3,176.3,59.6,49.3,107.0,95.1,18.5,39
24.0,40.5,36.0,49.7,94.6,38.8,146.9,97.8,80.7,61.2,21.8,56.3,34.3,40.4,42.1,44.6,7.1,38.9,41.4,35.4,14.1,57.2,170.8,62.8,44.8,83.9,77.1,17.8,22
23.7,37.8,39.8,50.9,99.3,40.7,141.1,108.8,78.0,57.4,21.1,56.5,32.9,40.8,42.0,42.5,6.1,40.2,42.2,32.1,14.1,51.6,163.9,60.6,45.9,98.9,81.9,17.8,54
25.1,41.2,36.0,52.4,105.6,42.8,148.5,114.6,80.0,60.8,23.6,58.4,36.4,45.3,46.1,46.6,6.8,43.7,46.1,37.5,14.1,59.3,172.8,62.9,50.4,104.6,97.0,19.7,50
21.2,43.0,36.6,51.2,96.4,35.8,150.0,99.7,81.9,55.0,21.5,55.3,31.7,43.0,45.2,45.5,6.3,38.2,42.2,35.8,16.4,57.6,171.4,59.7,46.0,85.1,73.4,16.5,29
24.1,42.2,41.1,54.1,108.5,41.6,160.0,119.5,89.4,64.1,23.0,57.8,36.2,45.3,46.9,49.5,7.3,39.5,43.9,38.8,14.6,62.6,185.3,69.1,50.4,105.9,107.4,18.9,30
21.7,41.8,36.5,54.2,101.8,39.4,149.4,115.4,83.6,62.5,22.0,57.6,33.2,43.4,45.3,47.8,7.0,39.2,43.4,36.0,14.9,59.8,170.0,61.5,48.6,101.2,89.3,17.5,54
21.5,40.5,35.0,51.0,99.2,37.6,150.2,106.3,83.6,57.8,21.7,57.3,34.4,43.8,46.2,46.1,7.0,37.9,41.2,38.1,14.9,59.1,174.9,59.8,47.5,96.0,80.1,16.8,47
24.7,46.1,37.7,57.5,110.8,43.3,160.8,118.3,89.1,72.1,21.7,58.7,36.7,50.0,53.6,52.2,7.3,40.4,44.0,37.8,18.3,60.5,185.5,71.7,49.4,98.8,102.0,18.6,30
23.3,42.1,40.1,54.9,105.4,41.3,149.3,116.4,81.9,57.4,22.2,57.5,33.4,50.0,49.1,48.2,6.3,41.4,44.7,37.5,16.7,58.7,174.8,63.7,47.7,108.2,95.1,18.2,45
20.7,40.2,27.1,46.4,87.5,33.7,149.2,86.1,81.3,52.9,20.0,55.6,32.4,37.2,40.2,46.1,6.3,36.3,40.2,35.7,15.9,57.7,173.4,50.5,48.9,74.5,58.7,16.6,26
22.2,41.7,40.6,53.0,99.5,39.4,151.6,114.1,85.2,55.1,23.0,57.6,34.3,46.1,48.6,48.4,7.5,40.7,42.7,38.0,17.1,60.0,176.7,63.0,49.4,87.8,88.8,18.8,41
23.3,41.6,39.2,51.0,108.6,40.8,154.7,105.6,87.2,59.0,21.9,58.4,33.7,43.8,45.8,49.5,7.3,40.0,44.5,35.6,15.0,57.2,178.4,67.4,48.5,98.4,92.1,17.7,28
22.2,42.3,35.0,52.7,90.9,37.6,152.1,111.9,86.5,56.1,21.7,55.7,33.2,43.1,46.1,49.0,6.4,35.2,39.7,36.5,17.2,60.8,175.4,57.0,47.2,82.8,76.1,16.8,35
22.7,38.8,32.9,48.3,98.3,39.1,149.6,106.0,80.8,60.5,20.3,57.8,34.7,42.7,44.9,48.6,6.8,42.2,44.8,35.0,13.8,58.5,172.7,60.1,47.1,99.6,80.2,17.3,41
23.0,40.2,36.8,51.0,105.5,38.4,147.7,106.6,83.0,60.7,20.1,57.7,33.4,38.9,41.1,47.9,6.4,40.3,42.6,35.9,13.9,56.7,170.6,68.0,46.2,99.7,87.6,17.2,25
23.2,43.6,37.6,57.5,110.2,40.4,158.8,117.2,88.5,63.7,22.1,60.0,35.3,47.8,48.7,49.4,7.0,44.8,47.8,38.8,15.2,58.5,183.0,66.8,51.4,106.1,105.2,18.7,42
23.8,41.3,35.2,50.6,102.3,42.0,150.1,106.2,82.7,61.7,20.7,59.3,34.4,46.2,47.7,47.4,7.8,40.6,44.2,37.0,14.7,59.5,173.3,63.8,46.5,92.9,84.4,17.8,27
23.6,43.2,38.6,53.2,106.7,40.3,159.7,107.6,90.5,65.8,21.7,57.0,34.4,46.1,48.5,51.2,7.7,39.6,43.8,40.2,15.6,60.8,184.7,66.2,48.0,93.3,93.1,17.2,25
23.6,39.7,36.1,49.5,105.1,40.2,145.8,111.7,78.6,62.3,21.3,55.7,35.3,39.8,40.5,46.1,6.6,40.1,42.8,34.5,13.7,56.3,167.6,64.2,46.8,99.2,85.7,17.3,35
24.2,40.9,34.3,49.0,102.1,40.7,149.3,102.5,82.2,64.4,22.2,55.4,35.3,41.0,44.0,45.6,7.9,39.5,43.4,36.4,14.9,58.0,172.1,62.3,45.9,94.0,84.6,18.8,27
23.0,41.7,33.3,49.1,95.2,38.6,145.7,99.0,81.0,56.3,20.4,58.5,34.7,42.7,46.2,46.2,7.6,39.1,42.7,35.6,15.5,57.2,169.4,60.8,47.0,84.8,74.9,17.4,20
23.6,39.6,35.0,47.5,90.6,38.6,153.4,94.6,92.1,54.8,21.4,56.5,37.1,37.0,40.0,52.3,7.7,37.7,40.0,38.4,15.3,61.8,176.3,57.4,45.9,81.9,75.6,17.0,32
23.3,40.5,38.1,50.1,103.2,41.4,154.4,110.2,82.0,62.9,21.7,58.8,36.3,49.0,48.5,46.5,6.3,42.2,44.7,35.7,15.1,55.8,177.9,65.1,50.6,96.3,91.6,17.5,49
21.7,40.6,36.6,50.4,101.1,39.4,154.6,103.4,83.3,61.2,23.1,60.8,35.2,42.2,44.0,46.5,6.9,43.3,47.7,37.3,13.8,60.0,179.3,60.1,50.8,94.8,89.2,18.8,47
25.3,44.9,38.6,55.6,110.0,44.0,169.9,115.3,92.3,64.5,24.1,59.1,39.3,49.6,51.4,55.5,7.8,43.9,48.3,41.6,15.6,66.8,194.8,64.0,55.3,108.0,112.7,20.2,31
23.5,42.3,35.7,52.1,110.0,40.9,162.3,114.1,91.0,65.7,21.5,59.3,35.7,40.9,42.6,52.2,7.2,37.9,42.0,40.6,16.0,66.0,187.5,66.2,52.2,101.2,98.3,18.0,37
21.1,40.9,32.1,46.9,95.1,36.8,145.4,93.8,81.9,50.8,19.7,57.9,32.4,40.0,43.5,46.1,7.4,37.7,40.9,36.0,14.8,59.5,169.4,55.7,48.7,94.0,68.2,16.5,52
20.7,41.4,29.4,48.1,94.0,37.2,146.0,97.5,80.1,54.4,20.4,56.4,32.3,38.2,42.6,46.0,6.6,35.5,38.7,35.7,16.7,58.5,169.6,55.7,48.0,85.1,67.2,16.0,32
24.4,42.2,34.9,53.1,105.3,39.3,151.7,114.1,83.0,58.1,22.5,58.8,36.2,42.5,44.5,48.6,6.8,40.4,42.8,37.8,16.1,61.1,174.3,62.7,52.0,103.0,93.3,18.6,55
21.2,43.9,33.3,51.3,93.2,36.1,159.6,96.8,89.3,60.4,20.2,54.9,32.3,41.5,45.6,49.1,6.3,39.2,43.7,38.3,15.7,61.0,183.5,57.3,47.1,85.2,74.4,16.9,31
23.4,39.3,40.3,51.9,101.8,39.8,144.0,113.6,80.1,58.0,22.3,58.1,32.9,42.0,42.8,45.2,6.8,42.9,46.8,33.8,12.0,54.4,166.8,66.1,48.6,99.2,88.9,18.0,36
24.2,39.1,34.4,46.8,88.7,37.9,146.9,101.2,82.4,57.7,21.6,52.3,33.3,40.8,43.1,47.4,7.6,36.2,39.1,35.4,14.4,55.2,168.7,56.4,45.7,81.1,68.4,17.5,27
22.7,39.4,36.8,49.7,103.3,38.8,150.9,109.1,79.9,62.1,21.3,54.6,33.4,38.5,40.8,47.8,7.4,41.1,44.5,37.1,13.1,58.2,174.4,62.4,48.4,96.0,86.9,17.7,38
25.7,41.1,38.1,55.1,111.8,42.8,148.8,121.7,82.3,53.1,21.8,57.0,36.0,51.7,50.7,48.2,7.4,42.9,45.3,37.4,14.5,59.8,171.2,69.1,55.0,112.3,107.6,18.1,47
23.8,36.8,38.0,49.8,107.7,41.3,135.8,110.6,71.5,58.3,21.6,56.4,34.7,39.0,39.0,43.0,7.1,41.6,43.5,31.4,12.5,51.0,157.0,68.3,48.5,107.3,87.3,18.4,35
25.5,39.6,36.1,49.2,101.3,43.8,146.6,102.2,79.2,61.7,22.2,57.4,34.4,40.5,42.1,44.9,8.0,38.5,41.1,34.5,14.9,55.6,168.6,64.8,47.6,88.5,83.0,18.1,20
24.4,40.0,37.9,50.8,105.6,41.4,164.6,115.2,90.4,61.5,23.7,57.5,36.6,42.5,44.2,53.1,8.4,43.6,46.3,39.4,14.0,64.3,190.0,65.4,55.0,112.0,107.2,19.4,54
21.0,40.0,32.2,46.9,90.6,35.9,143.7,96.4,79.5,52.6,20.8,54.7,32.1,40.6,43.2,43.4,7.0,37.3,40.2,35.0,15.0,57.6,168.7,54.7,46.5,84.8,66.5,17.2,36
26.0,43.7,39.3,55.4,117.8,47.8,158.4,120.2,88.2,65.5,22.2,55.7,35.4,44.0,47.5,51.9,7.4,41.9,45.9,37.9,16.0,62.0,182.7,73.4,49.7,122.1,116.0,18.6,43
25.7,40.5,38.8,54.3,108.6,43.7,143.7,116.2,78.0,58.6,22.2,57.0,35.7,41.1,43.6,44.4,7.7,40.4,43.1,36.0,14.8,57.6,165.2,69.8,48.9,109.1,97.4,17.7,43
22.3,40.4,32.7,46.7,91.6,36.6,150.2,91.8,85.4,59.8,21.1,56.3,34.3,42.9,46.0,48.1,7.6,36.5,38.5,36.6,16.0,58.5,173.3,56.8,43.6,78.7,69.9,17.8,19
22.6,45.4,34.8,53.6,107.3,39.7,163.8,114.7,90.8,66.8,22.3,60.4,36.6,44.3,48.2,50.5,7.9,41.0,45.7,40.8,17.9,65.7,188.9,63.6,49.6,104.1,100.3,18.7,25
21.3,39.9,32.7,48.7,99.2,37.5,150.0,97.3,83.5,57.5,20.7,58.1,33.3,41.7,44.1,47.2,7.4,37.7,40.7,37.4,14.4,60.6,172.2,59.9,50.0,94.4,76.8,17.7,20
21.2,41.0,33.4,51.6,100.3,36.8,154.2,111.8,86.5,60.7,21.2,57.1,34.7,49.5,51.5,48.7,7.0,42.8,45.4,38.6,15.0,62.0,175.8,60.1,50.5,102.7,88.2,16.8,35
22.3,41.4,36.6,55.5,107.2,40.2,148.2,116.1,80.5,63.4,22.4,60.0,33.9,49.0,49.0,47.2,7.3,42.1,45.0,35.8,14.5,56.7,171.7,68.4,48.7,108.3,98.0,17.8,41
24.3,42.1,36.8,53.7,105.5,40.2,148.2,111.5,79.4,59.3,21.7,58.8,34.5,43.1,44.6,45.6,7.0,41.7,44.8,36.0,15.2,57.0,171.7,66.4,50.3,104.7,91.9,17.4,23
21.7,40.4,35.8,51.2,105.9,39.7,153.2,106.8,82.3,65.4,20.0,56.9,33.0,39.2,41.1,47.1,7.1,41.2,44.2,38.3,14.0,61.5,176.3,64.3,50.6,100.5,89.6,17.1,32
23.4,42.8,32.9,49.1,104.2,40.1,157.4,96.2,86.0,60.3,20.8,57.6,33.7,40.5,43.4,49.2,6.4,37.5,41.6,36.3,17.0,60.7,181.5,60.9,48.0,93.7,81.4,17.1,20
24.4,41.9,38.0,50.7,102.9,40.3,148.8,112.2,81.0,62.7,22.7,56.7,35.1,42.3,46.3,46.9,7.7,42.0,46.9,36.3,15.2,58.1,173.5,65.6,48.3,102.7,90.2,18.3,41
23.9,41.2,38.7,52.8,107.4,44.9,158.2,110.7,88.5,59.7,22.7,57.5,34.8,44.0,45.6,52.3,8.1,42.7,45.5,37.9,14.7,60.5,179.4,64.7,55.8,112.8,104.6,19.0,43
21.3,38.0,33.3,48.5,92.2,36.0,134.5,98.9,74.0,58.9,19.6,55.1,31.1,39.1,43.7,41.0,6.8,37.4,39.7,33.8,14.0,53.2,156.8,57.4,41.2,79.0,63.9,16.5,19
21.4,41.2,30.1,48.4,86.2,33.5,147.3,96.6,82.4,55.1,20.3,53.9,32.2,37.1,39.0,46.4,6.3,36.0,39.1,37.0,14.8,61.0,171.1,54.9,44.4,79.6,63.3,16.6,19
26.1,42.7,39.4,56.0,110.6,44.8,152.5,121.7,80.8,71.8,22.0,57.9,36.8,46.8,47.8,45.0,7.6,42.3,43.9,35.7,16.8,57.1,174.3,66.4,51.2,116.0,108.2,19.2,39
24.1,40.7,34.0,50.3,94.8,37.0,149.2,99.5,81.2,61.7,22.0,54.7,36.4,46.6,47.7,48.2,6.6,39.6,43.1,35.4,14.9,57.1,172.3,58.7,47.5,83.4,75.2,18.3,20
23.0,40.4,36.3,49.5,106.5,40.1,156.3,108.0,87.1,60.9,21.8,57.6,35.4,46.2,48.0,50.1,6.3,40.8,43.7,37.5,15.6,60.9,180.9,63.7,49.9,100.3,92.5,18.6,48
22.8,40.7,36.1,50.6,97.7,38.6,155.9,102.3,85.1,62.9,23.3,57.7,36.1,44.2,46.0,48.2,7.3,39.1,42.2,36.9,14.5,59.0,183.0,59.5,48.6,85.9,83.0,19.3,34
22.9,41.0,36.8,50.3,97.0,37.9,152.9,110.8,86.9,59.1,21.9,59.5,34.6,45.3,47.0,49.9,7.4,39.2,43.4,36.6,14.8,59.1,176.0,57.5,46.5,92.5,82.2,17.2,46
22.3,40.2,32.8,48.7,98.0,37.5,146.5,98.0,85.2,63.6,20.7,57.8,34.0,38.4,41.1,47.2,8.2,37.9,42.2,35.0,13.8,57.5,171.4,60.8,41.8,85.5,73.7,17.1,19
22.0,41.0,35.3,53.6,109.4,38.6,148.4,109.3,80.8,60.3,20.6,56.1,32.7,47.0,48.0,45.1,7.5,42.7,45.7,35.9,14.5,55.9,171.0,66.9,51.5,105.7,92.7,17.5,47
22.9,40.4,38.8,50.0,103.9,40.4,148.3,105.7,82.9,55.8,22.9,59.0,33.7,39.0,41.3,44.7,7.3,40.2,41.8,35.9,13.6,57.7,173.1,62.5,50.5,100.0,89.0,18.5,54
21.6,41.3,30.7,47.9,90.4,35.7,148.3,93.9,81.0,57.0,22.0,55.6,33.3,38.5,42.2,45.3,7.0,37.6,41.2,36.0,15.8,58.2,172.4,54.6,46.5,81.2,66.2,17.4,41
21.7,38.7,32.7,47.1,88.2,35.5,138.6,91.4,76.4,52.4,21.2,56.1,31.8,44.0,45.0,43.7,6.7,37.9,42.1,34.5,15.6,55.2,163.8,51.7,43.5,79.5,61.6,17.0,23
24.9,40.4,39.0,51.6,102.1,40.6,140.7,108.3,75.2,63.0,21.1,56.2,33.7,47.0,49.1,43.0,6.5,41.5,45.3,33.0,14.2,51.6,164.9,62.2,44.2,99.1,85.1,16.8,43
22.5,40.8,38.8,53.8,107.6,40.5,153.2,118.2,83.0,64.3,21.4,55.7,33.6,43.1,45.0,48.1,7.6,46.0,46.9,37.6,14.9,60.5,176.8,67.3,50.0,111.6,102.8,18.2,38
22.6,42.9,38.0,53.3,107.1,41.8,157.0,114.6,88.8,65.8,22.7,56.4,35.4,47.3,49.5,51.3,7.4,43.8,48.5,37.9,14.5,61.5,181.8,65.9,46.8,102.5,99.0,19.1,41
24.2,43.4,39.0,55.3,110.2,43.6,160.0,121.3,88.0,63.1,23.2,56.1,36.3,49.3,51.5,51.4,7.1,43.4,44.2,39.3,16.8,61.8,184.0,66.7,52.0,110.2,107.4,19.8,49
25.5,41.6,40.5,54.9,109.6,43.2,149.3,121.6,79.1,59.9,22.0,58.3,37.4,48.3,49.0,46.3,7.5,43.5,46.5,35.9,14.5,55.6,172.7,67.0,55.7,118.0,112.2,18.1,37
22.4,40.7,33.8,48.3,100.9,40.9,149.8,103.1,80.2,54.4,22.6,58.3,34.9,39.7,43.8,46.6,7.4,39.5,43.1,36.2,15.3,58.5,174.2,59.9,51.1,89.5,80.5,18.0,50
20.2,38.1,32.2,47.3,95.4,35.8,143.9,96.8,81.1,60.0,19.7,55.5,31.6,38.3,40.0,46.0,6.5,36.6,40.9,34.5,13.2,53.7,170.0,57.9,41.0,81.1,69.1,16.8,22
22.2,42.5,35.7,52.8,96.3,39.3,148.8,107.4,83.2,56.3,21.7,57.3,34.1,43.4,45.5,46.9,6.9,40.2,43.5,36.4,14.9,57.1,172.2,60.4,47.9,97.8,84.2,17.4,48
23.5,39.5,34.8,49.0,97.5,37.6,154.9,106.6,86.1,61.8,20.9,60.8,35.3,45.1,47.8,49.4,7.4,40.0,42.8,36.3,14.3,57.4,180.9,57.6,48.2,96.3,84.9,17.5,23
21.4,42.4,32.8,48.4,92.3,36.7,144.0,100.2,81.0,51.9,21.8,57.1,32.0,43.8,46.0,46.2,7.2,35.7,38.8,36.2,15.6,59.6,169.5,55.7,45.1,80.0,66.4,17.0,32
20.6,38.8,33.7,46.5,85.4,34.4,140.4,91.3,76.7,53.7,19.2,54.7,30.5,37.8,40.1,42.2,6.5,36.1,40.7,34.9,14.7,54.7,164.9,50.2,45.5,69.2,58.5,16.1,24
22.0,38.1,35.7,49.4,99.5,38.5,148.6,104.6,83.9,54.3,20.3,56.9,31.3,40.9,42.3,46.7,7.5,38.2,42.3,36.7,13.3,57.8,171.9,60.2,49.2,101.0,80.9,16.9,42
24.0,42.7,37.0,50.9,104.1,41.8,149.6,108.1,82.7,59.1,20.9,58.5,34.4,46.3,48.4,46.2,7.3,40.2,45.0,36.3,15.3,57.3,173.1,66.2,50.1,92.1,87.1,18.4,27
27.0,44.4,42.5,60.2,120.4,43.7,153.3,128.4,83.1,67.6,24.2,58.8,35.7,45.1,46.7,48.5,7.1,42.7,46.2,37.8,16.0,60.2,177.3,76.9,50.7,122.2,118.9,19.0,23
24.8,42.2,37.2,55.6,108.8,41.2,154.1,119.4,86.6,61.1,22.0,58.8,34.7,44.8,46.9,47.3,6.5,42.0,45.9,37.2,15.4,58.3,177.0,67.4,52.6,108.6,102.9,17.9,42
27.3,43.9,39.6,58.3,108.5,45.7,155.7,115.8,85.3,61.3,22.3,57.3,34.9,47.3,50.1,49.2,6.5,45.3,48.1,36.4,15.4,60.3,177.3,68.1,50.9,107.5,102.6,19.0,33
25.4,41.7,36.7,52.0,106.4,41.4,151.6,108.6,87.1,62.0,22.1,57.7,36.6,42.5,43.7,49.4,7.4,39.5,43.0,37.3,15.4,60.8,176.3,66.3,47.6,101.1,94.0,18.4,24
23.8,43.6,38.1,52.4,105.4,40.3,156.5,110.3,86.2,60.9,22.4,58.0,35.3,48.5,50.1,49.0,8.0,41.0,45.1,37.9,15.8,61.5,181.4,64.4,49.0,99.6,94.4,18.8,36
23.5,42.2,36.2,51.7,100.2,38.3,156.7,103.7,87.1,63.9,23.0,60.0,32.7,46.5,47.9,49.2,7.4,41.6,44.0,38.0,15.2,60.9,180.5,61.2,48.5,89.0,85.6,18.6,29
25.7,43.0,38.2,54.0,108.2,43.9,160.4,114.7,88.1,65.4,22.6,56.3,36.3,49.3,50.5,49.3,7.7,40.5,45.0,38.7,16.5,62.0,183.8,65.9,49.7,101.6,100.0,18.7,41
23.1,44.6,35.0,51.7,101.5,38.3,164.1,104.7,93.1,65.7,21.8,57.1,36.5,45.9,48.7,52.6,7.3,38.1,43.5,39.9,16.8,64.0,188.4,60.3,49.2,97.0,88.3,18.5,40
24.0,41.9,38.7,55.3,105.2,42.5,158.4,116.4,88.6,62.2,22.8,57.7,35.5,45.6,47.2,52.3,7.5,42.4,45.5,39.2,14.8,62.7,181.1,66.5,48.0,106.6,100.5,18.8,42
25.3,40.7,37.4,55.5,105.6,42.7,143.8,113.9,76.6,66.0,21.6,56.6,33.8,49.6,48.7,45.1,7.0,41.2,43.5,33.7,14.0,55.3,166.9,67.5,46.2,111.5,93.8,18.3,41
21.1,42.5,35.8,51.6,99.7,38.8,155.2,102.2,86.5,59.0,22.1,56.6,33.5,43.2,46.0,50.2,7.4,36.9,41.7,36.6,16.5,60.0,178.7,62.2,49.1,91.8,80.4,17.5,35
25.4,40.6,36.2,49.8,99.1,42.3,155.1,102.0,86.0,64.2,22.1,54.9,35.5,41.6,43.4,48.3,7.5,37.6,43.1,36.4,15.0,57.8,178.0,64.4,47.4,93.0,86.7,17.5,20
27.0,43.0,47.2,55.6,113.7,43.7,150.3,120.9,81.1,72.5,21.9,57.0,35.1,49.6,50.1,47.8,7.0,42.4,47.7,33.5,14.6,56.2,173.2,70.4,45.5,107.5,106.3,18.9,34
22.0,39.7,36.0,48.6,97.4,37.3,138.3,93.2,72.9,61.4,21.4,55.5,32.5,38.8,42.1,40.9,6.5,39.3,43.3,32.8,14.3,53.8,160.4,59.4,44.6,83.5,70.5,17.4,28
25.6,41.6,36.4,54.3,111.5,42.5,153.0,118.1,84.9,59.5,21.8,56.6,36.0,47.1,47.9,50.5,6.7,41.5,46.3,36.8,14.1,60.6,177.0,70.2,52.0,117.0,102.1,19.1,44
23.9,40.2,30.0,46.0,98.1,39.0,148.1,97.5,83.8,57.3,19.3,57.5,33.1,38.5,41.3,45.8,6.6,35.3,38.5,35.7,15.3,57.1,173.2,59.0,44.0,81.1,70.7,15.7,31
22.3,41.5,37.6,51.3,101.7,39.0,145.4,109.8,82.4,62.3,21.3,58.4,33.8,43.2,45.3,47.1,7.2,41.4,44.6,35.5,14.8,57.4,168.8,64.5,42.2,94.7,85.9,17.3,24
21.7,40.0,30.7,46.8,89.5,35.6,147.9,95.2,80.5,56.4,21.3,56.4,33.4,40.7,44.1,46.1,7.2,37.6,41.2,34.1,16.1,54.7,171.0,53.3,48.8,79.8,64.3,17.7,22
21.2,38.3,30.0,44.6,86.8,33.7,155.0,87.9,86.5,55.7,20.4,57.2,33.9,37.7,40.5,49.0,6.6,34.7,39.0,36.3,14.7,59.1,179.2,49.2,48.2,75.3,62.3,16.7,20
26.0,44.6,40.8,53.9,101.6,41.7,162.7,105.4,91.3,59.1,21.3,56.4,36.3,45.1,48.9,52.9,8.2,39.8,43.1,38.5,17.4,62.5,186.7,66.3,52.3,99.0,99.7,19.6,24
22.8,43.0,34.0,49.1,97.8,37.3,158.5,105.9,95.7,55.6,22.5,60.7,37.1,42.1,46.1,53.2,6.7,39.1,43.9,40.0,17.0,64.8,182.5,62.0,46.6,85.8,85.1,18.0,23
21.2,41.3,36.4,49.8,96.1,35.7,156.8,99.9,90.6,59.9,21.2,57.6,34.3,38.4,40.9,49.4,7.2,40.6,43.1,37.4,14.6,61.1,180.8,58.3,47.5,86.9,81.2,17.4,39
24.5,40.3,39.3,52.2,114.3,42.0,155.6,110.4,86.5,65.2,21.7,55.5,35.5,42.5,44.8,48.1,7.2,40.5,45.0,37.4,14.3,60.2,178.9,69.9,46.5,101.1,97.2,18.1,25
20.8,40.3,32.6,48.6,91.7,36.4,151.3,93.9,84.5,62.3,20.7,56.5,32.8,41.5,44.2,47.4,5.8,37.2,40.6,35.8,16.0,58.8,175.4,58.2,45.3,83.5,73.7,16.9,31
24.7,41.7,34.5,50.7,99.3,41.2,149.4,101.6,82.6,58.3,21.7,59.0,36.3,42.2,43.3,46.2,7.3,40.1,45.1,35.7,14.0,58.3,174.2,59.6,45.6,85.0,81.6,18.2,22
22.3,41.8,32.6,48.8,93.1,37.5,148.0,96.2,79.5,56.2,21.3,57.3,32.7,43.0,47.2,44.2,6.7,38.3,42.9,36.3,16.2,57.0,171.5,57.4,49.1,81.8,71.4,17.7,23
22.5,39.4,34.2,47.2,87.8,37.2,134.9,95.9,75.4,53.5,18.8,54.7,31.3,37.9,40.3,40.6,6.3,35.0,37.7,33.3,15.2,52.5,158.5,54.6,40.3,78.0,62.7,16.2,20
23.7,43.9,33.6,51.2,100.0,38.6,165.7,104.2,95.1,61.9,22.2,56.0,36.9,47.6,49.6,54.2,7.6,38.7,44.5,39.9,14.8,64.6,189.7,62.4,48.5,85.3,84.7,17.7,25
22.8,41.0,28.0,45.5,86.7,34.7,151.5,85.5,85.7,57.1,20.7,56.9,33.7,39.3,42.9,48.3,7.0,34.5,38.3,37.7,17.0,59.0,177.2,51.1,44.7,71.1,60.9,17.2,19
22.2,40.4,32.2,48.0,92.7,35.6,149.2,95.7,83.1,54.8,21.1,55.5,32.9,45.1,46.2,47.3,7.4,37.8,41.2,35.3,15.6,56.6,173.8,54.4,47.0,80.1,67.5,17.5,20
23.3,39.8,33.4,49.6,94.5,37.6,149.2,107.2,83.5,57.8,22.1,57.7,34.6,43.5,44.7,49.2,7.4,38.8,41.7,35.8,14.0,56.7,173.8,61.0,47.1,90.4,80.2,17.9,43
23.6,42.4,39.6,56.5,109.1,42.3,146.4,120.3,79.5,59.3,22.7,56.6,36.3,48.0,48.1,45.3,6.8,42.6,45.5,36.2,14.4,58.1,170.5,66.7,52.3,114.6,102.0,18.4,38
21.1,40.3,28.9,45.5,90.5,34.4,151.8,89.5,87.0,52.0,20.4,56.7,34.0,36.2,39.7,49.9,7.4,36.9,41.7,35.8,15.0,58.1,176.4,52.6,46.4,76.6,61.8,17.4,21
23.3,40.2,36.3,49.5,98.6,38.0,149.1,100.2,82.9,61.2,20.2,58.7,34.7,37.1,39.6,47.5,6.9,39.5,44.0,35.3,15.2,57.1,173.3,62.8,43.6,87.7,80.2,18.2,19
21.2,43.8,34.3,52.1,91.5,35.5,151.2,102.4,89.0,53.0,20.5,56.5,34.3,42.9,47.1,49.4,6.4,38.5,42.6,38.8,16.0,64.5,175.6,55.9,43.8,81.1,70.8,16.9,20
23.8,42.3,35.7,51.4,96.8,38.7,157.8,105.9,86.3,63.4,22.5,57.5,36.3,43.5,46.4,51.9,7.4,39.6,42.4,38.0,15.6,62.2,182.0,60.2,48.7,92.9,85.2,18.3,34
23.8,40.0,37.7,51.2,97.8,40.7,138.8,107.8,76.1,59.2,21.1,58.6,33.3,41.0,41.0,43.8,7.7,41.5,44.4,32.4,13.5,52.4,160.8,60.4,47.6,95.0,81.3,17.7,45
24.7,41.3,35.5,51.5,102.1,40.7,152.1,107.4,81.2,64.4,21.1,58.5,33.8,40.2,41.5,46.6,7.3,41.0,44.7,37.6,14.3,59.4,174.1,62.5,48.7,94.2,88.3,17.8,26
25.3,44.5,38.3,55.2,123.3,44.5,166.3,121.3,90.2,72.5,21.2,57.7,37.6,47.5,49.9,51.8,7.2,45.5,49.2,41.8,16.1,68.5,190.2,78.2,53.6,122.2,126.8,19.3,21
21.7,38.0,33.7,44.8,87.1,35.4,143.8,91.0,80.0,56.1,19.0,54.1,33.3,35.2,38.0,44.5,7.0,35.3,39.5,35.4,13.1,56.6,168.0,53.2,43.7,80.5,63.1,16.5,19
21.3,40.6,27.6,46.4,89.6,33.8,155.2,91.5,86.5,54.8,19.4,55.6,33.8,36.2,39.2,48.9,6.7,36.3,40.5,39.1,15.6,63.5,179.0,50.0,47.4,74.3,62.1,17.1,21
24.3,42.2,38.8,54.8,114.3,41.6,158.3,120.9,89.3,62.1,21.2,58.2,35.7,47.1,47.5,51.2,7.4,41.6,44.9,39.4,15.5,64.4,182.5,67.9,50.4,115.6,107.6,18.6,20
27.3,43.8,42.9,55.9,121.2,46.9,154.6,120.2,83.5,62.8,21.7,62.6,35.9,45.4,47.3,48.1,7.7,40.7,44.0,35.8,16.8,58.0,180.1,75.9,52.1,116.0,116.2,19.9,24
24.6,39.8,39.9,51.2,108.2,41.8,149.0,107.3,80.3,65.7,22.8,56.0,34.3,43.2,44.7,44.5,6.6,40.0,43.2,37.1,14.6,58.9,175.2,69.6,46.2,99.6,92.2,18.6,24
23.5,39.3,32.2,48.0,97.5,38.6,143.9,99.5,80.7,53.2,21.2,59.7,34.0,40.9,42.6,44.3,7.2,37.0,39.5,34.1,14.3,54.2,168.9,60.5,47.1,94.4,74.3,16.9,25
22.0,41.2,36.8,50.5,99.6,38.9,158.9,105.6,91.8,59.0,22.1,59.8,34.5,44.0,45.8,52.0,7.6,39.8,44.9,37.7,14.0,60.1,184.5,60.6,48.4,97.8,86.6,18.0,33
21.8,42.0,38.0,51.7,96.1,37.3,141.2,105.0,77.3,58.2,20.8,55.9,32.7,47.2,49.0,41.9,6.0,37.4,42.2,34.5,16.6,54.9,163.8,56.1,46.1,83.8,72.8,17.2,39
23.4,40.2,35.2,49.5,99.1,41.6,142.4,101.7,79.1,61.3,20.8,56.0,33.7,46.2,47.8,45.4,6.8,36.7,41.6,33.8,14.9,56.1,166.3,61.6,43.3,94.5,78.0,17.0,31
20.3,43.2,34.6,52.5,99.0,37.5,155.1,107.1,87.3,61.1,21.3,59.0,34.1,45.0,46.2,50.5,8.4,42.1,44.9,38.6,15.5,62.4,180.7,59.7,48.8,101.0,83.6,17.9,40
22.2,40.9,30.5,46.9,97.3,38.6,149.9,96.3,81.7,63.3,20.9,56.3,34.3,35.0,38.6,46.0,7.1,36.4,39.4,36.8,14.2,59.6,175.8,59.0,45.1,84.6,72.9,16.5,24
22.2,37.5,36.9,49.6,97.9,38.3,149.4,107.2,80.7,60.9,21.7,57.1,32.7,43.6,44.7,44.2,6.6,42.7,45.0,37.1,12.4,60.1,171.8,59.7,51.5,101.9,86.0,18.0,35
25.8,42.5,40.0,53.4,114.4,44.7,151.1,109.4,84.1,60.5,21.3,57.2,35.6,42.1,44.4,49.1,7.8,38.9,42.8,35.8,15.5,58.1,174.6,73.9,47.8,107.9,100.6,18.3,21
21.6,39.5,33.4,47.6,98.2,37.8,140.0,98.4,78.6,57.7,20.7,56.4,32.8,39.4,41.0,45.3,6.8,36.2,39.7,33.4,14.0,54.4,164.6,61.6,44.4,93.1,73.1,16.9,20
24.2,43.0,39.4,53.0,106.5,43.0,151.4,107.8,80.1,67.3,22.2,56.6,34.7,42.6,44.8,45.6,7.9,41.7,45.5,36.8,15.4,58.1,175.7,67.2,48.2,97.3,94.7,18.5,36
21.7,40.8,32.2,46.2,92.9,36.3,161.9,89.5,92.5,58.8,21.8,55.8,35.8,38.0,41.6,53.0,7.5,37.9,42.6,38.4,14.4,60.8,185.3,54.4,49.4,78.5,72.0,17.5,19
23.9,41.7,37.9,52.0,102.9,42.3,146.0,110.6,80.2,58.1,21.6,58.5,35.1,45.0,45.8,46.1,7.0,41.6,45.0,36.1,15.0,57.5,170.3,62.3,46.2,95.7,88.2,18.4,37
22.7,39.6,34.9,50.1,100.6,36.7,159.0,100.8,88.9,64.6,22.1,57.5,35.5,42.2,44.1,49.6,9.0,37.5,42.3,38.9,13.8,61.7,185.0,63.5,47.2,85.7,83.0,18.1,23
23.8,42.2,41.5,58.3,110.6,45.1,147.2,125.6,81.1,64.7,21.5,57.0,34.5,52.0,52.0,46.7,7.1,46.4,47.5,35.0,15.4,58.0,168.4,66.8,48.4,115.8,106.5,19.0,44
22.6,41.9,40.0,52.6,108.2,41.2,150.5,108.4,80.7,67.4,21.3,58.6,33.8,42.1,46.0,46.2,7.0,39.6,43.8,34.5,17.0,56.5,174.5,68.9,46.1,96.0,90.4,17.8,21
22.6,39.0,32.9,47.0,91.3,35.3,156.4,95.3,89.0,57.9,20.9,57.2,33.8,37.0,38.4,49.1,7.4,38.0,42.1,38.7,12.6,60.0,181.4,53.7,48.2,78.1,72.4,17.0,20
22.1,40.5,35.2,48.4,94.0,38.7,140.6,93.7,75.8,57.4,19.9,55.8,31.9,42.0,44.1,42.5,6.5,37.5,40.2,32.5,16.1,52.9,164.2,57.8,46.0,77.8,65.9,16.9,25
24.0,43.0,37.6,52.6,110.6,39.5,163.6,114.4,94.6,59.3,21.7,58.4,36.3,45.2,47.0,53.5,7.1,41.0,45.5,40.2,14.3,65.6,187.5,65.5,50.5,105.9,99.6,18.0,30
23.5,39.3,31.2,46.8,95.3,36.2,152.8,92.5,86.0,60.3,20.1,58.6,33.6,39.0,42.2,47.3,7.0,37.6,41.1,38.0,14.8,62.1,176.1,60.0,45.4,84.4,73.4,16.6,18
23.3,41.3,32.8,49.5,98.6,38.4,153.0,96.8,85.5,62.8,20.7,58.0,34.8,40.6,44.0,48.1,7.2,37.7,41.5,36.5,15.5,59.4,178.8,58.5,44.2,82.3,77.7,16.9,18
21.9,39.9,27.9,46.2,87.9,34.8,148.3,92.6,83.0,57.6,20.7,56.3,32.3,39.0,41.3,47.5,7.0,35.8,39.1,35.1,15.0,58.6,172.6,51.2,45.6,79.1,62.1,16.9,20
22.0,39.4,32.7,49.5,97.7,39.7,143.9,99.8,75.9,57.8,19.0,56.0,33.3,39.0,42.0,44.7,6.7,39.4,43.1,32.7,13.5,54.4,166.0,60.7,48.5,91.9,76.6,16.5,28
21.6,41.8,32.7,49.6,96.5,37.0,137.4,101.6,71.5,63.5,20.9,56.3,32.5,44.0,45.5,41.0,6.8,38.8,43.1,33.3,14.1,51.2,159.8,58.2,44.3,87.6,69.3,17.0,28
24.5,38.0,38.9,51.7,106.1,39.4,148.8,106.5,81.9,68.5,22.5,55.8,35.5,47.6,46.7,46.6,6.7,39.2,42.2,36.0,13.4,59.0,171.9,65.4,43.5,96.2,86.7,18.2,38
23.6,40.7,37.3,52.5,100.0,39.8,146.2,117.0,78.6,60.9,20.2,58.8,34.2,47.6,48.4,45.1,7.2,41.6,45.6,34.7,14.0,55.4,169.2,60.7,51.2,100.6,90.6,17.4,44
23.6,40.0,35.6,50.5,104.4,38.7,149.7,106.7,84.7,55.7,21.4,57.1,34.7,41.6,43.6,48.8,7.7,42.2,44.9,38.7,14.1,61.5,174.1,63.0,45.4,99.1,85.1,18.2,37
24.7,40.9,31.9,49.3,94.2,40.3,152.2,100.8,87.9,51.6,21.4,56.8,37.1,38.5,41.4,50.0,7.7,37.0,39.9,36.1,15.0,57.5,176.0,56.7,48.0,94.3,78.1,17.4,34
22.5,42.2,37.0,54.1,108.3,39.6,151.5,119.9,81.4,61.6,22.7,56.7,34.9,45.7,47.1,48.4,8.2,46.2,49.6,35.7,13.1,58.8,174.6,63.6,51.9,111.0,99.4,18.8,51
24.4,40.8,37.5,54.3,110.9,41.7,150.5,112.9,82.5,61.9,21.3,58.5,35.2,49.8,49.8,48.5,7.0,41.3,44.1,36.9,13.9,61.2,173.9,68.0,48.0,99.8,93.2,18.5,24
24.5,46.7,39.5,56.8,107.2,40.7,152.6,125.0,84.1,59.8,21.2,57.8,35.3,48.7,50.8,47.3,7.4,47.2,51.9,37.3,16.3,60.8,176.0,63.8,49.1,106.6,102.8,19.0,41
22.0,41.0,31.5,49.5,98.3,36.2,152.7,107.2,82.1,56.8,20.0,58.7,34.0,44.0,45.5,47.3,7.1,40.1,44.5,36.8,14.5,59.0,175.0,54.8,51.3,99.0,82.2,17.9,45
23.3,42.0,36.2,52.2,104.4,42.7,149.7,112.2,81.6,58.7,22.0,59.0,34.9,44.3,45.5,46.2,8.2,43.8,47.5,36.1,15.0,59.5,174.2,63.4,50.2,101.8,93.2,18.5,45
25.3,45.9,42.4,58.6,118.1,46.0,158.5,126.9,87.6,66.4,22.2,59.3,37.6,46.2,47.3,50.6,7.4,50.0,53.0,38.8,13.7,63.6,180.3,72.7,52.9,115.0,126.0,19.1,41
22.5,42.1,32.9,48.9,98.8,39.9,152.6,102.0,84.2,56.9,22.7,57.5,35.4,47.0,48.0,48.3,6.7,39.9,43.0,37.2,15.4,60.0,176.6,55.4,48.3,96.5,77.9,18.5,48
23.4,41.6,34.0,51.4,101.5,38.2,157.6,106.7,88.1,66.3,21.3,60.5,34.7,38.2,40.9,48.0,7.4,38.7,42.4,39.6,13.9,63.6,183.0,57.9,47.4,100.2,90.1,17.1,31
23.7,41.7,42.8,56.2,115.3,42.4,151.7,124.8,80.7,66.9,22.0,58.3,35.1,51.5,51.6,46.7,7.6,45.1,47.2,35.4,15.1,58.4,174.8,73.4,51.0,123.8,115.7,18.7,41
23.2,41.5,37.1,52.3,103.4,39.4,152.8,113.0,85.2,58.3,22.0,57.5,34.5,43.4,44.6,49.2,7.8,42.6,47.0,37.2,14.4,59.3,176.2,60.6,50.5,104.2,92.5,18.8,38
22.0,40.4,36.3,53.4,104.9,39.5,147.2,107.6,80.5,60.5,20.8,56.7,34.2,44.0,44.5,45.8,6.7,39.2,42.6,36.4,15.0,57.5,171.4,65.9,46.8,88.9,82.8,18.0,42
21.7,40.9,34.0,48.4,100.2,38.5,147.7,103.5,80.0,59.8,20.7,57.4,34.0,39.5,43.0,47.0,7.3,37.2,42.2,36.1,14.5,57.0,171.6,62.8,50.5,96.1,79.8,17.7,34
24.7,43.1,40.5,57.0,118.2,44.8,145.7,121.3,80.0,64.1,23.1,57.9,36.0,47.9,49.0,45.8,7.6,44.0,46.8,34.1,15.6,55.0,167.7,73.9,51.4,123.5,109.2,18.8,40
23.5,41.8,42.5,55.9,110.2,41.9,148.4,117.8,80.2,61.0,20.8,58.5,33.1,46.9,47.0,46.9,7.7,42.6,44.7,35.8,14.5,57.9,171.4,69.2,50.5,110.1,100.1,18.0,42
22.5,41.0,31.8,49.8,96.4,37.9,159.2,109.6,87.9,60.2,22.5,59.0,35.8,46.5,48.5,51.0,7.3,40.6,43.9,37.7,15.5,61.2,182.0,56.7,51.3,97.0,87.3,18.1,49
23.3,42.8,34.6,53.4,102.7,41.7,152.4,112.2,83.8,60.5,21.5,57.5,34.1,40.0,43.0,47.4,7.6,41.5,45.4,38.0,15.0,61.0,175.3,60.4,49.0,100.7,89.4,18.4,39
26.0,44.1,39.7,56.3,110.4,41.1,154.4,116.2,84.3,67.0,22.2,57.1,34.8,45.5,48.0,47.4,7.2,44.2,50.2,39.5,13.9,62.5,178.4,67.3,50.4,110.2,105.2,19.3,36
24.4,40.0,33.7,49.8,105.9,38.5,150.1,100.6,78.9,68.1,23.0,58.2,34.0,46.4,46.4,46.0,7.3,40.0,43.7,35.0,14.5,55.6,175.8,63.5,48.9,92.4,84.7,18.9,20
22.4,41.2,34.0,50.4,96.8,36.7,144.1,105.1,80.0,59.5,20.0,57.9,32.8,40.5,44.5,46.9,7.0,39.3,43.5,36.6,15.8,58.8,165.9,59.4,46.6,95.7,74.4,17.4,22
22.7,42.8,34.5,51.6,101.9,36.9,156.1,100.3,88.2,62.2,21.6,57.9,36.0,39.8,43.5,50.0,8.3,40.3,44.5,37.9,15.6,61.5,179.3,60.1,46.3,88.0,82.0,18.5,21
26.2,42.7,45.1,55.2,110.7,45.1,150.8,120.2,75.9,64.2,23.1,60.0,37.1,47.5,48.5,46.0,7.8,42.0,46.1,36.1,15.5,58.5,172.7,72.4,54.0,102.4,111.9,20.0,28
27.7,44.1,42.5,58.4,121.2,47.0,154.7,128.5,82.4,68.1,22.7,59.6,37.5,50.0,51.0,50.5,7.2,46.6,49.0,36.5,15.0,59.1,177.7,78.3,51.4,125.4,128.7,18.3,25
25.0,43.8,38.1,55.4,110.8,41.2,163.0,116.6,89.2,64.9,23.0,61.5,34.9,46.8,47.8,50.9,7.8,41.3,47.2,40.2,14.2,64.7,188.5,64.6,56.2,110.8,105.0,18.6,42
22.3,41.0,31.6,49.2,92.7,35.9,149.2,95.7,83.5,60.9,20.4,56.8,34.4,44.5,47.8,48.2,7.8,38.7,42.7,35.1,14.5,57.5,171.6,56.6,44.5,83.9,69.4,16.5,23
22.7,39.4,33.5,47.6,86.6,37.6,137.6,95.7,72.9,54.2,20.8,57.7,32.4,39.3,41.0,42.2,7.0,37.5,41.4,32.9,13.7,54.5,163.4,54.2,43.3,86.2,66.2,17.9,30
25.1,45.3,45.5,60.9,120.2,45.4,152.2,137.4,81.5,77.0,23.5,60.3,38.4,50.7,50.3,47.7,8.0,50.5,53.3,35.1,15.3,59.0,176.3,74.2,49.6,128.2,130.7,19.6,36
24.3,42.9,37.5,55.0,104.0,42.6,155.2,111.7,84.0,61.3,21.2,57.4,35.0,45.8,47.7,48.3,7.7,44.1,47.0,36.8,14.6,59.5,177.5,66.2,50.8,103.5,95.3,18.5,34
26.7,39.8,32.3,47.4,99.2,42.0,155.8,91.7,83.0,65.1,22.0,56.9,36.0,41.0,43.0,46.4,7.7,36.5,40.9,34.7,15.8,57.9,182.3,60.0,47.5,78.7,78.1,18.2,20
24.4,46.3,36.2,53.4,100.3,41.1,158.0,106.6,88.7,60.6,22.2,57.0,35.2,46.6,49.0,50.1,7.5,40.3,45.3,39.2,17.6,62.4,181.6,57.1,49.6,93.8,86.8,18.7,41
23.8,42.5,36.3,50.5,106.4,43.0,163.5,97.9,91.7,62.3,21.7,56.8,36.6,39.7,44.1,50.8,7.0,38.7,43.8,37.0,14.7,59.8,188.6,65.5,51.9,93.3,92.3,18.3,24
22.0,39.7,35.5,50.3,103.3,38.3,148.5,106.4,78.5,61.4,20.4,55.0,32.0,43.0,45.7,43.5,6.5,40.6,43.6,35.6,13.9,59.0,170.0,62.2,51.5,98.6,85.0,17.0,24
22.8,41.3,34.0,49.1,103.9,39.7,153.7,103.1,86.1,60.3,21.4,57.7,33.8,41.1,44.0,48.7,6.9,36.1,40.0,37.8,15.7,61.1,175.9,65.8,51.9,94.6,83.5,17.1,20
21.5,36.3,31.2,44.6,92.1,35.5,148.0,91.9,82.7,58.2,20.7,55.0,33.1,38.0,40.1,45.4,6.5,35.2,39.2,35.0,14.0,53.4,172.0,54.4,43.5,74.8,64.6,16.7,20
24.8,41.8,38.0,51.1,105.0,42.2,147.7,109.8,80.3,61.5,21.4,57.8,34.9,45.0,46.5,46.6,8.1,39.0,42.2,34.5,15.3,55.3,171.6,65.1,48.8,93.4,85.8,17.7,20
22.4,41.2,34.1,48.5,92.4,36.8,149.8,100.0,85.2,54.1,21.4,59.1,34.4,42.5,45.0,48.2,7.6,39.2,43.1,37.8,15.5,62.5,174.1,57.4,47.0,80.2,74.2,18.4,21
23.0,41.3,36.5,53.9,103.7,39.2,150.1,111.2,82.1,63.0,21.7,58.6,33.7,45.5,46.3,47.4,7.2,40.3,44.3,35.7,13.9,58.4,173.0,64.5,47.6,96.8,88.7,17.6,22
23.7,42.0,42.0,52.9,112.2,43.0,155.1,112.4,85.3,63.1,21.7,56.2,35.3,41.2,43.1,48.3,7.0,42.5,44.2,36.5,15.1,59.7,177.3,73.8,51.0,114.4,105.7,18.3,32
22.3,39.6,36.1,48.9,96.6,37.5,144.1,96.5,76.9,60.4,20.3,55.6,32.3,41.0,43.0,43.5,6.8,37.6,40.6,34.9,14.5,56.2,166.5,59.9,47.1,88.3,73.6,17.7,30
21.5,39.5,35.6,47.2,90.1,35.7,149.0,99.7,82.7,54.3,21.1,55.9,33.5,38.3,40.5,46.5,7.1,37.1,40.5,35.7,15.0,58.2,174.7,56.4,46.6,79.5,69.6,17.4,22
25.9,44.0,40.4,58.1,121.4,44.2,153.0,119.2,83.4,75.6,22.5,61.1,36.3,44.6,45.6,49.1,7.7,43.0,45.7,36.4,15.4,57.2,177.9,76.7,49.4,114.3,113.7,19.3,23
22.2,37.4,28.7,45.7,89.3,35.1,139.2,91.0,75.9,53.4,19.0,55.0,31.7,39.0,41.0,41.4,6.4,35.2,38.0,32.5,14.0,52.8,162.9,55.3,44.9,77.8,58.4,16.0,35
22.6,40.0,32.8,48.7,94.2,36.5,143.4,99.8,78.0,64.7,22.1,57.4,33.7,39.5,39.5,45.1,7.3,41.2,44.6,35.7,13.0,56.5,165.6,57.5,42.8,81.8,72.0,18.0,24
24.0,42.4,39.9,55.2,114.1,45.4,152.0,114.5,86.0,63.6,22.3,58.4,36.3,43.0,45.0,48.0,7.7,41.1,44.0,38.7,15.8,63.0,174.9,70.4,48.6,105.4,100.9,19.0,25
24.1,42.3,31.4,49.0,98.2,39.3,160.9,96.1,87.4,65.3,20.9,58.1,35.5,39.1,42.2,51.0,8.7,39.4,44.9,37.9,14.3,61.4,185.8,61.1,49.0,86.2,81.6,18.4,19
23.7,42.5,38.2,53.6,101.4,41.7,153.4,112.0,83.2,63.9,22.5,58.0,34.3,49.5,51.3,50.4,7.8,43.1,46.9,35.7,15.3,58.1,176.9,62.2,51.1,100.3,92.1,18.7,47
23.8,44.1,34.7,52.6,105.9,38.5,159.4,108.3,87.2,67.4,21.5,62.0,36.5,49.8,51.2,51.1,7.1,41.4,45.8,40.2,15.5,66.0,183.7,59.6,50.2,97.2,90.7,18.2,31
23.4,42.0,35.5,51.0,100.1,40.9,145.5,106.2,82.3,58.2,21.0,57.8,35.3,43.0,46.3,46.1,7.5,38.9,41.7,34.8,15.0,55.5,169.1,63.2,45.4,91.4,81.3,18.1,31
23.3,41.7,37.4,51.2,109.4,39.3,152.7,105.8,82.8,65.1,23.1,59.5,35.8,44.5,46.5,49.5,7.5,39.4,43.1,35.2,15.0,56.6,177.5,65.6,50.5,109.4,91.4,19.2,43
23.7,39.4,37.5,50.6,107.7,40.5,151.8,106.7,84.2,63.1,21.4,59.3,34.4,42.6,43.8,48.2,7.7,41.1,44.7,36.2,14.4,60.0,174.3,66.3,48.2,100.4,91.8,18.6,19
24.8,42.2,38.7,53.8,106.1,42.5,149.0,112.7,81.0,63.2,21.4,58.5,35.0,46.0,47.9,45.9,6.7,40.1,44.0,36.3,14.8,59.2,172.1,68.2,48.2,102.6,95.7,19.6,26
20.7,38.6,36.2,46.4,92.2,34.5,141.0,98.5,75.6,56.3,19.7,56.3,33.0,40.5,40.8,43.9,6.4,37.1,40.9,33.4,13.5,53.0,162.9,57.0,44.7,81.1,67.5,16.3,24
23.4,39.7,35.1,48.0,93.7,38.3,144.9,104.4,81.0,60.2,21.5,55.8,34.6,42.6,44.8,45.8,7.8,38.7,41.6,34.7,15.2,56.6,167.2,57.0,45.8,94.8,75.2,17.6,34
22.7,38.2,37.3,48.4,97.5,39.7,141.9,102.5,81.4,57.6,20.8,56.6,33.4,42.2,42.7,44.3,7.3,39.1,43.5,33.7,13.9,53.8,165.9,61.7,44.1,95.8,81.4,16.9,37
22.5,41.1,31.0,46.7,99.8,35.5,162.7,93.9,93.5,60.7,21.5,57.3,36.8,36.8,40.8,52.1,7.3,35.3,39.1,40.4,16.2,63.9,189.6,60.2,48.3,85.3,77.1,17.7,21
23.5,40.0,33.5,47.5,101.7,36.8,150.2,100.5,86.4,61.8,21.7,60.0,36.0,40.7,43.1,49.0,7.5,38.6,41.8,37.9,14.0,61.4,173.0,61.6,45.8,88.2,77.4,18.0,21
23.4,40.4,34.6,47.7,96.5,38.3,145.6,97.4,80.2,58.1,19.6,56.6,32.7,40.9,43.4,45.1,6.4,38.0,42.1,33.8,15.8,57.8,168.4,57.1,45.5,80.0,71.2,16.8,19
23.3,42.2,33.3,51.2,103.8,39.4,151.2,108.2,83.5,67.5,21.3,57.4,35.8,44.5,46.8,46.8,7.9,38.7,42.6,36.8,15.5,57.6,175.7,61.8,44.3,87.0,84.4,18.0,23
23.5,38.9,35.6,53.3,106.5,41.0,151.5,117.9,83.6,65.9,21.5,59.7,35.6,42.0,42.0,48.1,7.2,41.1,44.8,35.3,11.7,57.6,174.7,63.7,47.6,101.9,94.6,17.6,19
21.2,39.6,33.3,48.5,92.6,36.8,143.2,96.7,79.1,55.4,19.2,56.4,32.2,40.5,42.0,46.5,7.3,36.2,39.9,33.6,14.0,55.2,164.6,59.6,44.6,82.9,67.4,16.2,21
25.0,41.6,37.1,51.5,104.6,43.3,149.3,105.1,82.3,60.2,22.3,59.8,35.9,44.2,45.9,47.9,7.8,40.2,44.1,37.7,15.7,60.1,174.4,65.2,46.8,98.2,89.0,18.3,30
24.1,41.6,37.0,50.7,104.7,38.5,154.3,108.2,84.3,61.4,22.7,59.7,36.1,45.1,48.0,51.1,7.5,41.6,47.0,36.5,14.6,60.0,179.8,66.1,49.4,91.9,90.2,19.2,25
25.4,44.3,42.1,59.1,129.9,46.4,163.9,131.3,89.0,74.5,22.6,57.7,36.8,45.0,48.0,51.7,7.7,43.2,46.0,38.8,15.0,62.6,188.3,82.6,54.2,126.6,135.4,18.8,32
25.5,42.5,38.7,54.8,112.7,42.5,159.8,116.2,89.2,70.4,21.5,57.2,35.0,44.9,45.5,51.4,7.8,39.6,42.6,38.4,15.2,62.4,183.7,73.9,47.9,96.6,102.0,18.2,25
20.4,38.7,30.4,46.1,92.1,34.7,142.8,92.8,78.4,53.1,18.7,56.6,30.4,42.5,45.2,44.4,7.2,35.2,38.9,33.9,14.0,54.0,166.3,55.7,47.1,85.7,64.6,15.6,21
24.2,41.8,34.9,49.6,100.6,38.0,158.4,100.7,87.3,62.8,21.3,59.1,36.0,41.8,44.6,50.5,7.9,37.1,42.3,39.1,15.2,63.0,183.2,62.4,49.2,86.3,83.1,17.8,19
23.8,41.2,34.9,52.3,102.9,38.3,160.1,107.4,90.0,71.4,22.0,58.6,35.0,45.0,46.5,50.5,7.7,37.7,42.7,38.7,14.2,64.0,184.5,63.8,48.1,92.6,88.8,18.2,23
22.8,44.0,35.3,52.5,102.7,37.7,152.2,106.9,82.5,60.4,23.7,56.2,34.0,44.2,46.9,45.9,7.7,40.9,45.2,38.6,16.4,60.0,175.4,61.5,50.4,98.5,85.0,19.3,43
23.2,44.2,35.1,52.2,103.4,40.3,161.0,108.1,88.3,62.3,21.6,58.6,34.5,43.9,47.0,49.1,7.2,39.3,43.7,38.1,16.3,63.1,186.7,62.7,50.9,84.9,87.0,17.7,31
24.9,43.9,39.5,54.0,110.3,44.4,157.1,116.2,86.2,69.2,21.2,60.5,35.5,40.8,43.9,49.2,7.7,42.3,46.7,37.3,16.9,62.1,181.9,69.0,49.2,97.0,103.0,18.2,20
23.7,39.7,35.9,50.4,107.1,40.0,153.6,105.5,87.5,62.5,21.0,59.6,35.1,44.0,45.4,48.0,7.2,39.7,43.0,37.3,14.5,60.5,177.1,65.4,46.9,101.9,90.9,18.0,22
22.3,39.3,29.7,45.0,88.2,37.0,157.8,100.4,92.0,54.6,20.8,55.2,35.7,39.0,41.2,53.2,8.7,35.9,39.7,39.3,14.0,62.7,181.4,51.9,47.7,86.2,69.1,17.1,44
24.3,43.1,33.3,50.9,96.5,37.3,153.9,99.4,87.2,56.5,21.2,57.8,34.3,40.4,43.7,49.5,7.5,38.5,42.2,36.4,15.2,60.5,179.0,59.7,46.0,85.4,77.8,18.0,19
23.1,37.1,33.2,45.3,96.5,36.7,157.1,97.4,87.7,59.9,21.0,56.5,34.4,38.7,41.7,49.6,8.2,36.6,39.7,39.0,15.2,62.7,182.3,60.0,47.9,89.1,77.8,17.8,19
24.6,41.4,33.8,50.4,102.3,41.0,156.5,103.4,86.4,59.9,21.0,58.6,36.0,43.2,45.9,48.9,7.4,38.0,41.7,37.4,16.1,60.2,180.7,62.0,49.9,94.0,86.6,18.4,23
25.0,42.5,35.0,50.6,108.3,39.4,162.5,108.5,92.7,60.7,22.2,59.5,37.7,47.5,49.4,51.7,7.1,40.0,43.1,37.7,16.3,63.5,187.1,68.3,52.4,103.8,100.1,19.4,42
21.7,37.6,32.1,45.5,87.8,37.3,137.6,95.2,76.5,56.9,20.6,58.2,32.2,39.2,40.7,43.6,6.6,36.7,40.6,33.4,13.5,54.7,164.5,53.2,41.5,75.7,62.0,17.1,19
22.0,41.1,32.0,46.8,88.8,37.0,151.8,93.4,88.5,51.5,22.3,58.1,34.7,37.3,42.4,52.1,7.3,38.7,41.7,35.9,16.4,61.1,176.2,53.3,46.1,75.2,69.2,18.0,18
21.1,39.3,30.3,44.8,87.0,33.8,150.5,93.8,85.5,56.0,20.4,57.2,33.7,40.8,42.1,49.1,6.5,36.6,40.3,35.1,15.0,57.6,173.5,54.1,46.0,72.3,66.0,16.5,19
24.7,42.5,43.5,54.9,112.1,45.0,156.3,121.4,92.3,60.8,21.7,58.7,36.9,43.7,45.0,50.3,7.8,43.6,45.3,38.7,15.2,63.5,179.7,72.8,48.1,110.8,112.9,18.5,40
21.9,41.4,41.0,52.0,90.3,38.0,150.6,102.4,87.6,55.7,20.6,56.9,34.7,41.6,42.1,50.2,6.0,39.2,42.8,37.5,15.3,60.5,175.1,57.9,43.3,79.2,79.7,16.7,31
22.8,40.8,35.6,48.0,91.8,35.8,150.1,96.9,85.6,55.4,21.5,58.4,34.4,42.6,45.7,48.7,6.4,38.4,42.6,35.5,15.0,58.4,174.5,55.1,45.8,79.8,73.2,17.4,20
21.2,39.9,33.5,46.4,91.3,37.3,154.8,97.7,93.9,56.2,20.6,57.9,35.5,38.7,42.3,50.5,6.9,38.5,41.4,39.2,13.1,62.3,177.8,58.2,44.6,87.9,75.1,16.8,23
22.4,41.6,33.5,48.2,90.5,38.8,146.3,96.4,83.0,56.4,22.5,59.2,33.5,38.6,43.0,46.1,7.6,36.5,40.0,34.9,15.7,58.5,172.3,55.4,44.1,85.1,71.3,17.5,36
22.3,44.8,39.9,55.6,105.5,40.1,146.5,115.6,80.9,59.2,21.5,58.7,35.3,45.2,47.1,45.9,6.7,39.2,43.4,33.7,16.7,55.5,169.2,66.3,45.6,104.3,91.2,17.3,41
23.8,45.4,39.6,53.8,103.1,39.4,149.9,110.0,87.2,62.3,21.7,59.0,35.7,45.3,48.8,48.6,7.4,43.7,47.4,38.9,16.2,64.3,174.9,65.9,43.9,92.6,93.2,18.3,24
22.3,44.6,35.4,51.5,99.4,38.4,148.0,101.2,84.6,60.2,22.4,55.2,36.2,44.8,49.5,48.2,6.2,38.8,42.2,35.5,17.5,58.5,172.5,59.0,44.4,88.6,76.6,17.7,23
22.7,41.5,34.6,48.9,94.5,36.3,151.8,99.4,89.2,54.4,21.7,56.4,34.4,39.6,42.9,50.1,5.8,38.9,42.7,37.4,15.3,61.6,177.7,57.7,44.2,83.5,77.1,17.8,28
23.0,43.8,37.4,52.5,95.1,39.5,149.3,101.6,85.0,58.1,22.8,57.5,35.5,39.2,42.5,48.2,7.1,41.6,46.0,35.7,15.9,59.2,172.8,59.1,44.1,84.4,79.4,18.0,24
22.2,41.9,35.2,52.3,101.4,37.7,142.5,106.1,79.7,61.7,21.4,56.1,34.4,41.6,43.2,44.9,6.9,39.1,42.4,35.6,15.3,57.5,165.8,59.7,43.9,93.6,78.9,17.8,41
22.4,38.0,34.5,48.9,96.9,38.8,140.5,103.1,77.0,61.3,19.7,56.1,31.7,41.8,43.9,43.3,6.6,36.4,41.0,33.3,14.8,53.8,165.6,60.3,42.5,91.6,76.1,16.7,23
22.5,38.9,35.2,49.0,93.5,40.1,145.3,103.6,81.6,55.4,20.6,57.3,33.7,39.2,42.0,44.9,6.8,38.2,42.1,36.3,15.3,59.2,169.8,57.6,47.1,86.6,75.3,17.1,27
22.2,42.1,39.5,54.8,106.4,41.7,153.4,118.3,86.0,60.7,22.5,57.1,34.6,44.5,45.3,48.8,7.4,41.8,46.5,36.2,14.1,57.2,176.5,67.1,49.9,105.1,98.1,17.7,35
22.8,41.3,34.1,52.6,101.3,42.4,145.4,104.4,82.8,60.4,21.2,56.4,35.3,40.6,43.5,47.3,6.6,38.9,44.9,37.9,14.3,61.2,171.0,66.4,44.0,96.7,85.8,17.4,37
24.0,40.9,34.5,51.5,100.4,39.0,150.3,108.4,83.2,62.9,20.4,56.7,33.4,44.5,46.1,47.5,7.0,40.9,45.6,37.3,13.8,59.4,176.6,62.4,45.1,95.2,86.6,17.5,30
23.5,41.6,36.8,56.3,108.2,38.5,151.1,122.2,84.6,62.1,20.8,58.8,36.3,47.7,46.5,47.6,7.6,41.2,44.9,37.5,14.9,60.5,174.3,66.9,50.8,108.8,101.0,17.4,42
25.6,42.7,41.7,57.7,125.6,49.0,151.5,121.4,83.2,67.8,21.1,60.4,36.6,46.7,48.8,47.3,7.6,44.0,47.6,33.8,15.7,54.5,174.4,81.7,52.1,127.0,124.0,18.7,31
23.6,41.5,35.5,52.0,114.8,39.4,154.1,114.4,89.3,68.1,21.1,58.6,36.3,43.0,44.5,48.8,7.3,39.5,43.8,37.4,14.9,59.4,180.5,66.5,47.2,110.5,101.4,17.8,34
27.7,45.0,40.9,57.6,112.8,48.0,154.4,119.7,86.5,62.8,23.5,58.8,39.9,50.0,52.2,50.1,7.0,43.8,47.7,37.8,16.9,62.2,178.3,71.8,50.0,110.4,113.8,20.7,26
23.4,38.6,34.6,49.1,107.9,39.2,145.1,110.4,80.0,64.1,21.5,59.4,36.2,43.8,44.4,45.9,7.5,42.3,47.9,35.2,13.4,56.4,170.1,64.8,47.5,106.6,89.8,18.5,50
25.6,45.4,39.6,57.5,117.8,41.1,169.1,114.3,94.2,69.8,22.7,58.7,39.7,45.9,50.0,54.7,7.2,42.0,46.5,38.3,16.1,65.1,195.5,75.2,52.0,108.6,117.8,19.6,26
27.6,44.8,41.3,60.2,118.8,49.9,154.5,128.8,87.5,65.9,23.3,61.2,39.5,48.6,50.0,49.2,8.1,42.0,48.3,37.7,16.0,61.5,182.3,74.8,51.7,121.0,126.3,19.7,28
22.7,41.6,40.5,55.8,111.6,42.8,154.9,116.1,85.0,64.9,21.6,59.3,35.2,45.5,46.0,48.5,7.1,41.5,43.9,37.4,15.1,60.5,181.6,70.8,47.2,109.4,105.4,17.6,37
22.5,41.2,31.9,49.1,94.2,36.6,149.7,94.9,83.9,61.0,20.7,56.7,34.0,42.6,44.0,46.8,7.6,37.3,41.8,36.3,15.2,59.4,176.2,57.4,46.0,86.6,72.7,17.5,22
21.8,38.4,33.8,47.7,94.2,36.1,137.4,93.6,75.9,56.1,21.4,55.5,32.0,38.6,42.6,42.4,6.6,37.3,41.1,34.0,14.6,55.2,161.9,56.7,42.4,81.6,66.0,16.5,23
21.5,38.5,33.7,48.4,96.3,36.8,137.9,98.2,73.8,55.7,22.1,55.2,32.6,37.8,39.8,42.4,7.9,39.1,42.6,33.9,12.9,52.7,161.4,57.8,46.1,98.1,74.6,17.4,47
22.2,38.8,32.7,48.7,96.2,41.1,141.6,101.2,81.2,53.2,21.3,55.9,32.8,39.7,44.0,47.0,7.0,38.1,40.8,34.8,14.4,56.5,165.4,55.1,44.1,89.2,71.3,17.5,49
22.4,39.6,32.5,49.3,100.5,37.0,154.8,103.9,87.2,57.2,21.2,56.8,34.8,38.6,41.0,49.5,7.0,39.7,45.5,36.3,13.6,59.1,179.1,60.5,50.0,96.0,83.8,17.2,42
21.7,38.9,33.3,48.6,91.9,34.5,150.2,93.7,85.6,58.0,20.7,55.6,34.8,40.5,42.8,47.6,7.5,38.5,41.6,35.9,14.0,57.5,173.7,54.6,47.1,88.6,70.8,17.2,45
23.7,42.6,34.8,55.6,104.2,40.0,145.1,113.7,83.6,57.1,21.2,55.4,34.5,48.6,50.0,47.3,6.7,41.8,47.1,34.2,15.1,57.0,169.4,64.2,45.3,101.1,90.6,16.8,45
22.3,41.5,35.7,50.3,91.7,37.7,153.2,98.2,88.0,56.8,20.7,57.1,34.6,40.7,45.1,47.7,6.5,40.1,43.6,37.1,14.9,58.7,177.4,57.8,47.5,75.4,75.4,17.1,25
22.1,40.0,37.5,52.2,100.4,36.5,155.0,115.2,88.1,61.7,21.9,58.0,36.1,44.6,45.3,50.0,8.2,41.8,45.4,38.3,14.5,60.6,179.8,60.0,48.1,103.4,93.0,17.5,39
24.0,43.9,44.7,55.9,108.9,41.9,158.0,122.8,90.1,59.2,21.7,59.1,36.7,47.0,48.2,50.1,7.2,46.9,51.4,37.5,14.6,60.1,183.4,68.4,52.6,106.5,111.1,18.2,26
23.7,41.9,33.8,49.4,105.7,38.8,160.2,102.7,91.6,64.7,21.8,58.6,37.9,45.5,47.5,54.1,7.7,39.5,45.2,39.1,17.0,66.5,186.0,65.5,46.0,85.9,89.5,18.1,19
21.2,38.8,31.1,45.0,99.2,35.3,144.3,97.8,79.1,61.0,19.8,54.4,31.1,38.8,41.3,44.4,6.5,35.7,40.0,33.2,15.3,53.1,166.4,58.7,46.4,89.1,69.4,16.6,21
23.3,46.0,38.4,56.1,108.6,41.1,155.8,115.2,89.2,67.1,22.8,57.3,35.4,46.4,47.6,49.7,7.4,40.6,46.3,37.8,16.3,62.1,180.3,67.8,48.0,93.1,93.5,19.0,24
20.0,40.5,30.7,49.0,91.8,34.7,153.5,98.3,87.1,57.2,20.7,55.5,33.3,41.5,43.0,49.0,7.7,35.3,40.1,36.6,15.5,58.6,177.4,55.7,46.9,83.2,68.0,16.4,22
24.5,40.1,36.6,53.4,112.1,40.0,151.2,104.7,83.5,64.1,20.3,59.7,34.5,39.0,42.6,47.6,7.0,39.2,43.4,36.2,14.2,57.6,174.8,69.9,50.5,106.1,94.2,18.2,21
22.8,41.6,41.7,50.3,100.8,40.9,158.9,109.1,90.0,63.3,21.8,57.4,35.3,45.6,47.2,51.7,8.2,40.1,45.3,38.1,16.1,61.8,185.9,60.1,48.3,85.9,89.6,17.5,23
21.7,42.5,34.2,51.9,92.4,36.5,143.5,107.3,80.8,56.1,20.8,57.0,32.7,46.5,47.1,46.2,6.6,38.2,41.9,35.2,15.2,58.5,165.5,58.7,46.0,90.2,76.2,18.0,20
23.8,42.5,37.3,51.4,101.4,42.7,140.4,106.2,82.1,57.4,21.1,58.0,35.7,40.0,43.5,47.0,6.8,38.1,41.8,34.7,15.7,59.1,163.4,62.1,40.9,90.1,79.9,17.7,38
28.0,44.4,41.0,55.4,115.5,47.9,153.9,117.4,84.6,65.8,22.7,57.4,37.1,46.0,49.4,49.1,7.2,40.7,44.7,36.3,16.1,61.5,177.4,70.3,51.0,108.3,109.6,19.4,23
23.3,42.4,39.4,53.3,115.1,40.6,152.6,111.2,84.5,64.1,20.7,57.3,35.6,40.7,44.0,48.5,7.0,39.6,43.1,38.2,15.6,61.0,176.2,71.9,51.2,107.1,97.6,18.1,32
23.3,43.7,38.0,53.3,105.3,41.7,152.6,106.6,89.3,60.0,22.0,55.6,36.7,40.9,43.7,52.9,7.7,38.4,43.4,36.2,15.6,60.4,175.7,66.1,46.0,91.0,89.0,18.5,22
23.9,41.7,33.8,50.3,97.4,38.1,154.1,98.6,88.0,61.4,21.4,56.0,34.3,38.0,42.5,51.4,8.3,37.8,42.0,37.1,15.6,60.7,178.5,57.3,44.5,84.0,76.2,18.5,22
21.8,42.8,36.8,50.6,95.6,38.8,150.4,98.6,85.7,62.6,20.8,56.7,33.8,39.0,42.4,50.4,7.8,38.5,42.3,35.4,15.2,60.3,174.6,59.7,44.4,78.5,75.6,17.3,21
22.5,37.8,34.4,47.3,98.1,38.0,137.5,99.8,77.2,63.6,20.4,59.8,31.8,40.5,41.4,44.4,6.2,38.2,41.2,33.3,14.1,55.2,162.2,61.9,40.0,86.4,71.7,16.3,23
21.4,39.7,37.7,50.5,102.5,37.5,148.4,105.6,84.6,56.9,20.5,55.7,32.0,41.4,42.6,50.8,7.0,41.6,44.4,36.4,14.9,59.8,171.2,63.2,47.8,94.0,82.2,17.6,30
24.4,41.6,40.8,53.0,107.5,41.1,143.9,111.2,80.9,64.3,21.5,57.3,34.7,49.6,49.5,47.6,7.9,42.5,45.5,31.7,15.2,53.5,165.7,71.5,42.9,104.7,95.1,17.9,36
23.6,43.6,36.1,51.3,102.5,40.0,154.0,104.2,86.9,61.5,22.0,56.7,36.6,42.7,45.0,48.8,8.2,40.5,44.7,36.3,15.1,57.0,178.4,63.5,47.2,90.2,86.7,18.1,31
23.7,44.9,32.4,51.2,97.6,39.8,150.6,101.7,82.8,70.4,20.1,56.1,35.5,47.4,49.1,49.6,6.7,37.1,42.5,37.2,16.3,59.0,175.0,60.9,44.4,82.5,76.1,17.5,21
22.7,42.7,31.9,50.4,96.8,37.6,151.2,99.6,84.4,58.4,21.0,58.8,34.0,42.0,45.4,49.2,6.7,37.4,42.6,37.2,16.5,61.9,176.0,59.2,49.6,89.6,77.2,17.5,30
23.1,42.3,37.1,52.4,111.0,38.0,156.2,114.7,89.4,65.0,21.3,57.7,34.3,43.0,44.9,52.7,7.7,37.1,39.9,35.9,15.6,61.2,179.0,70.8,49.7,97.2,94.1,17.0,33
21.5,39.7,31.3,48.7,98.1,36.6,150.6,95.9,86.9,59.3,20.7,56.4,32.6,40.3,42.3,49.2,7.3,37.9,40.7,35.0,14.6,57.5,172.1,59.8,46.3,85.2,70.8,16.8,26
24.7,44.4,36.0,51.6,106.5,40.0,155.3,108.0,87.0,64.2,22.5,59.7,37.2,40.2,44.8,50.7,8.3,42.7,46.0,37.2,16.2,60.3,182.0,63.7,47.0,95.5,92.2,19.4,25
24.4,41.1,38.4,54.5,118.6,41.3,156.2,120.1,85.7,68.0,21.5,60.4,37.7,44.8,45.6,51.2,7.7,42.5,46.7,37.5,14.3,59.5,180.9,72.7,52.3,114.4,109.6,18.5,23
23.1,40.5,31.3,47.4,87.9,37.5,147.9,94.7,81.2,62.1,20.8,58.0,34.5,41.1,43.9,47.7,6.8,37.2,41.5,35.3,16.6,58.5,174.9,53.0,44.1,73.7,66.8,17.4,21
25.1,44.3,39.6,56.7,118.0,46.4,154.9,113.9,87.4,65.1,21.4,60.5,36.7,47.2,48.7,50.2,6.7,44.0,47.4,37.5,15.9,61.9,177.1,76.5,47.0,114.4,110.3,18.7,27
23.4,42.7,36.8,51.9,106.1,42.4,149.3,108.4,81.5,61.2,22.1,57.5,36.0,42.4,44.0,49.2,6.7,39.5,42.2,34.8,15.4,58.4,170.7,67.6,49.0,92.0,89.7,18.0,36
22.7,39.8,30.8,46.7,98.3,35.4,139.6,95.3,78.9,57.2,19.7,55.2,32.7,39.4,41.7,43.9,6.8,36.9,40.9,33.2,14.8,52.3,162.2,62.1,42.8,81.5,65.5,16.0,19
20.8,41.3,29.4,47.6,90.9,36.3,146.5,90.7,84.3,54.5,20.8,56.2,33.3,40.9,45.2,45.8,6.7,36.7,40.3,35.8,16.7,58.9,171.4,53.3,44.2,73.1,63.0,17.4,18
22.7,41.7,31.9,49.6,100.1,39.1,151.2,97.5,82.2,64.7,20.7,56.6,33.3,37.5,40.7,48.0,7.1,38.1,41.4,37.1,14.9,61.1,173.9,63.4,48.0,86.2,77.0,17.4,21
25.0,42.0,34.7,53.0,106.3,39.9,156.8,113.3,88.3,62.7,21.2,57.1,34.3,49.0,49.0,50.1,7.0,39.9,43.1,37.5,15.7,60.3,180.3,63.1,49.7,96.8,95.1,18.0,19
20.3,42.1,31.0,49.0,94.1,34.6,155.3,94.4,90.2,53.5,20.3,52.7,32.8,42.0,44.2,49.9,7.4,36.3,40.3,37.8,16.2,60.6,180.1,55.2,47.7,83.7,69.6,16.4,34
25.7,42.1,36.0,52.6,102.2,44.4,156.3,111.5,86.4,61.4,22.7,59.2,36.2,44.0,46.5,49.8,6.9,41.5,45.7,39.0,15.3,63.8,182.7,63.6,51.0,93.7,94.1,18.9,22
20.9,41.6,31.5,46.7,91.1,32.6,151.7,93.2,87.1,56.8,19.8,55.3,32.7,40.9,42.4,49.4,6.5,37.2,39.9,36.5,15.4,59.5,175.0,57.0,44.6,72.6,64.4,16.6,21
24.8,46.0,42.3,56.1,109.2,41.1,159.4,116.4,92.0,64.0,22.9,61.2,37.2,44.5,46.5,53.4,8.1,41.4,45.4,38.5,17.0,62.0,184.4,68.2,49.3,95.6,101.2,19.0,24
24.5,40.4,34.1,47.6,94.9,36.7,157.7,92.0,90.8,60.4,22.1,59.1,34.7,38.1,41.2,52.6,8.0,36.9,40.0,37.9,15.2,63.6,184.6,60.3,45.9,81.1,76.5,17.9,20
22.5,40.6,37.0,51.5,106.8,37.7,159.8,104.6,91.9,69.1,21.7,58.1,37.6,42.2,44.1,52.0,7.3,37.7,42.1,39.1,15.0,65.5,185.4,67.5,45.2,92.5,90.1,18.2,27
22.0,38.5,33.3,46.5,96.5,35.6,137.2,101.7,75.5,62.3,20.4,54.6,32.5,36.7,38.7,44.3,6.1,38.7,41.2,32.7,13.2,52.6,160.4,58.9,41.2,79.8,68.5,17.7,19
20.6,39.8,31.4,45.2,88.5,34.3,143.9,90.7,81.7,58.3,20.0,57.8,31.2,38.2,40.5,45.6,7.2,35.5,39.0,35.9,14.9,57.7,168.7,53.8,42.0,74.4,60.7,17.2,25
20.3,40.2,31.6,48.7,93.5,34.2,143.4,103.0,79.9,54.7,20.3,54.9,32.3,44.0,45.3,45.8,7.2,40.1,42.4,34.7,15.5,56.0,165.9,55.2,47.7,91.0,70.2,16.5,36
20.9,37.7,29.5,44.0,82.2,33.5,150.1,91.8,86.1,52.9,20.5,57.6,33.7,37.4,39.7,51.0,6.7,36.4,39.7,37.6,16.2,60.5,173.6,48.2,47.3,77.0,59.5,16.2,25
23.5,39.5,33.3,48.2,94.7,37.0,147.4,98.9,81.6,60.3,21.3,57.3,33.1,44.9,44.1,47.0,8.0,37.7,41.5,34.4,14.2,56.2,171.3,56.7,46.6,78.7,70.5,18.0,21
22.3,41.0,33.0,49.4,94.1,39.8,143.7,97.3,80.2,55.9,20.6,57.5,34.5,41.5,44.0,48.7,7.0,37.4,40.2,35.0,15.7,58.1,168.2,60.0,43.5,77.9,70.4,17.0,22
23.7,40.9,36.3,50.2,103.8,40.4,149.4,108.3,84.6,60.0,21.7,58.5,35.8,45.1,46.4,51.6,7.9,39.4,43.2,36.1,14.7,60.4,172.9,65.4,44.7,96.9,89.4,18.2,23
24.6,39.6,35.2,48.1,101.4,41.0,142.7,105.8,78.0,60.3,21.7,57.8,32.0,43.5,44.8,44.9,6.4,40.3,42.7,33.4,13.8,54.4,166.2,62.2,46.8,88.8,80.4,18.0,20
23.1,41.7,36.2,55.7,103.2,40.1,152.8,118.4,83.4,63.4,21.6,59.4,36.5,48.7,49.1,50.2,7.3,38.9,43.8,36.4,15.0,60.5,176.6,64.7,49.5,102.9,92.4,17.5,25
24.2,44.5,43.3,55.4,107.4,42.7,148.3,112.3,84.5,58.0,20.3,59.1,34.8,41.4,44.1,50.2,7.2,43.9,46.7,35.1,14.9,61.1,169.2,71.3,48.8,101.7,97.8,17.2,26
24.5,42.1,33.7,49.1,103.5,38.7,154.8,103.4,88.3,58.8,21.0,59.6,35.3,43.0,46.5,50.1,8.1,39.1,44.4,38.1,15.6,59.7,179.0,64.4,47.7,95.3,86.7,18.0,19
21.1,37.9,36.7,45.8,97.7,37.4,149.4,100.0,87.0,56.8,21.6,55.6,33.5,37.0,39.1,51.9,7.9,35.9,38.5,36.0,15.2,61.1,173.8,64.9,42.7,81.6,77.5,17.6,21
21.4,40.9,33.5,52.1,98.1,36.3,139.8,106.6,78.1,57.4,19.8,54.6,32.4,43.0,44.8,45.4,6.9,39.2,43.6,34.4,14.2,57.2,160.2,59.9,47.4,98.0,76.0,17.2,35
24.8,41.6,34.0,50.3,99.2,41.1,158.1,105.8,91.2,62.8,20.8,58.5,36.0,37.9,41.5,54.4,8.1,38.2,42.1,38.3,15.3,63.1,183.9,61.4,45.5,89.6,84.4,18.5,19
24.8,41.8,38.5,52.2,103.1,39.2,154.7,105.4,87.7,63.8,22.1,56.5,34.6,44.4,45.2,51.0,8.5,39.2,43.4,36.6,15.2,59.9,179.4,65.4,46.6,89.7,87.2,17.9,20
24.0,43.3,37.5,54.5,103.8,40.8,146.7,111.6,79.0,62.4,20.7,58.1,33.4,47.1,47.9,45.6,7.4,40.9,43.9,35.8,15.7,57.2,170.4,63.8,49.4,100.0,90.7,18.0,28
22.8,44.6,34.3,51.1,99.9,38.0,160.7,100.2,91.4,63.6,21.2,58.4,33.6,45.0,47.5,51.1,7.8,40.4,45.2,39.7,15.5,64.1,184.5,59.2,49.3,88.0,84.8,17.7,19
23.3,42.9,41.2,53.8,110.3,39.4,156.2,113.1,92.4,58.5,21.9,59.7,35.7,42.0,42.5,55.1,8.0,39.8,42.4,36.6,14.4,63.5,179.6,69.7,49.4,109.0,101.7,17.5,28
20.8,38.7,39.1,50.8,101.4,38.3,142.0,109.1,78.1,63.4,21.2,56.0,31.3,47.0,46.9,45.2,6.8,42.0,44.9,33.2,13.0,55.5,164.0,65.2,44.3,95.5,82.9,17.1,24
22.2,43.3,38.2,53.1,96.0,35.6,151.7,110.2,88.3,53.9,20.5,58.7,33.6,43.0,44.7,49.8,7.6,41.2,45.0,37.5,14.6,61.6,174.8,60.8,48.0,94.6,84.0,17.8,29
23.3,42.1,39.2,52.7,108.3,42.0,154.0,107.9,89.3,63.1,22.5,58.7,34.4,43.5,45.2,50.6,7.1,40.5,44.5,36.4,14.6,60.1,179.9,68.5,46.2,97.8,95.7,18.5,28
24.0,44.1,42.9,57.5,110.9,43.2,168.7,118.8,96.8,65.8,24.2,59.2,38.6,47.2,49.0,55.3,7.9,43.9,48.9,41.5,15.1,68.6,197.0,69.5,50.8,107.6,120.5,19.8,33
20.8,40.3,31.7,49.6,97.7,37.0,150.2,99.8,84.8,60.1,20.5,56.4,33.5,44.3,45.8,50.8,6.7,43.8,47.5,35.7,13.8,59.2,171.7,62.2,46.0,93.3,78.1,17.8,37
22.5,38.1,30.8,44.5,87.1,38.0,145.5,89.4,83.3,59.8,21.0,57.2,33.7,40.1,41.7,46.0,7.4,35.5,38.7,34.4,14.6,56.6,169.7,53.3,44.2,73.2,63.9,18.0,22
22.0,41.2,39.9,53.9,105.3,39.4,137.7,113.9,75.5,58.3,20.7,56.3,33.0,46.1,46.5,41.9,7.7,40.5,43.2,33.1,14.5,55.4,160.4,65.1,46.7,106.5,85.5,18.4,37
25.1,44.3,42.8,58.8,129.7,45.3,164.0,119.8,95.7,68.8,22.4,59.6,39.1,43.4,44.7,56.3,8.4,47.9,50.7,39.1,14.2,65.3,185.6,84.3,50.4,123.4,130.1,19.0,27
22.0,39.0,32.6,47.5,94.6,39.3,139.5,97.8,79.6,52.8,19.3,57.1,31.7,37.9,40.4,46.5,6.7,36.7,41.2,33.4,14.7,54.6,161.1,60.8,45.8,85.7,69.8,16.4,28
22.3,43.1,43.1,56.7,111.3,40.2,149.8,114.0,86.2,68.4,22.0,57.5,33.5,49.9,50.5,49.5,7.2,43.1,46.0,37.1,14.4,59.5,172.7,70.5,42.0,103.0,99.2,18.9,48
24.5,43.8,45.6,56.5,118.2,45.5,149.7,115.9,82.2,68.1,22.2,60.3,36.0,45.4,46.0,48.6,8.0,43.7,47.1,34.7,14.8,56.0,172.8,79.1,50.0,107.6,113.0,18.9,35
21.6,41.5,36.2,52.8,100.6,38.6,152.0,97.6,87.0,58.9,20.7,57.2,34.3,41.9,43.2,49.1,7.0,38.6,41.5,35.8,14.8,58.5,176.0,63.5,47.4,89.2,81.0,17.4,30
20.7,37.4,27.9,45.8,89.1,32.8,143.7,86.8,81.3,50.1,19.7,56.8,30.7,34.6,37.9,46.1,7.2,34.3,38.6,33.9,14.4,58.1,166.1,54.2,45.2,76.3,58.1,16.2,19
24.7,42.1,38.5,53.7,106.3,42.0,153.7,115.7,85.4,61.2,21.4,56.0,35.7,48.1,47.6,49.5,7.4,41.9,45.4,36.8,15.2,59.1,177.2,66.7,50.6,103.5,100.1,18.5,35
22.7,41.6,32.4,49.3,95.2,38.2,146.4,97.7,81.3,57.3,20.4,59.2,33.7,45.6,47.7,46.3,7.7,36.8,41.1,34.4,14.8,56.0,170.7,62.0,48.3,86.2,72.9,16.5,24
21.8,40.3,35.9,48.5,100.4,37.8,147.6,103.1,83.6,68.3,20.0,55.8,33.8,43.5,45.1,48.4,6.7,38.7,41.8,34.9,15.0,59.0,169.0,63.8,43.3,86.8,77.9,16.5,29
23.5,39.8,34.9,48.9,100.8,39.4,149.2,102.9,83.4,55.7,21.8,56.4,33.0,42.0,43.8,48.7,7.7,38.0,41.1,36.5,15.5,59.5,172.7,63.1,49.0,98.5,79.1,17.2,29
23.9,45.0,38.7,57.2,115.1,39.8,153.6,121.6,85.0,63.2,20.7,58.3,33.7,47.0,47.6,48.4,7.4,38.8,43.4,36.9,15.9,61.0,177.5,67.7,52.8,113.0,104.2,17.5,26
25.4,40.0,37.0,51.8,107.8,41.9,145.3,100.9,79.7,62.8,20.8,58.4,32.7,41.4,43.5,43.8,7.0,39.4,45.5,33.5,13.1,53.0,168.1,65.7,50.0,100.6,86.2,17.8,23
24.1,41.3,35.7,53.3,104.7,39.4,153.1,112.9,86.0,62.1,20.8,58.3,34.1,46.0,46.1,47.6,6.8,40.2,44.6,37.2,16.7,61.8,175.7,65.3,50.4,105.6,94.8,16.8,31
24.2,41.7,35.8,50.5,99.7,39.5,151.4,108.1,86.6,60.3,20.4,59.2,34.8,42.6,44.4,48.7,7.3,36.6,39.1,35.7,15.8,59.6,174.9,63.8,45.8,92.0,85.9,17.3,20
23.3,37.0,36.2,46.7,110.9,40.1,143.4,98.5,79.8,62.8,20.5,55.3,33.0,41.8,43.0,44.7,7.7,37.2,38.2,34.7,15.2,55.3,168.5,68.0,46.6,101.3,82.9,17.0,33
22.3,40.8,36.2,50.5,106.7,38.3,148.7,107.0,82.2,60.6,20.6,56.7,33.3,39.8,42.7,46.8,8.0,40.0,43.1,35.2,14.9,57.2,172.4,68.8,51.7,100.0,87.0,16.9,31
22.7,43.1,32.4,49.2,93.1,39.2,156.6,95.3,87.5,61.4,20.3,57.3,33.7,39.6,42.2,48.8,7.3,35.1,38.4,36.7,17.8,60.8,184.6,52.7,48.6,76.5,72.4,16.4,26
22.3,42.6,39.0,53.3,116.7,39.1,152.9,112.2,85.8,67.4,20.4,56.0,34.5,40.5,43.0,51.8,7.7,37.5,40.6,35.7,16.1,60.3,175.4,73.7,47.8,112.7,99.2,17.5,22
23.8,41.5,32.0,49.0,96.8,40.7,153.1,96.9,87.0,60.0,20.1,57.7,33.5,42.6,45.0,49.3,7.5,38.1,41.2,36.9,15.9,59.7,176.3,60.8,44.8,84.1,76.9,16.6,21
24.4,43.6,41.1,58.0,123.4,43.0,154.3,127.8,86.9,68.0,22.5,60.3,37.6,49.8,49.8,48.4,7.8,45.8,48.4,36.7,14.9,60.1,178.3,76.0,50.4,118.8,120.0,18.8,25
22.2,40.2,33.0,47.1,98.8,35.8,140.8,98.6,78.5,56.0,20.3,55.5,31.1,38.7,40.2,44.1,7.1,38.1,41.5,33.9,13.5,53.6,163.0,59.7,46.5,86.0,69.4,16.2,27
23.4,41.8,37.3,53.6,104.7,40.7,147.8,110.2,84.7,61.1,22.0,58.2,34.0,47.0,47.0,47.8,7.4,40.4,42.4,35.1,14.5,57.5,169.4,65.9,46.4,101.0,89.4,17.8,24
22.4,40.6,37.3,52.0,106.6,38.0,152.1,112.7,86.0,63.3,20.5,56.7,33.9,42.0,43.4,49.1,6.9,40.1,42.7,36.7,14.5,61.6,175.0,64.4,49.4,101.2,90.3,16.9,27
22.4,39.9,29.5,47.5,90.2,37.4,148.7,89.0,82.6,52.8,20.7,54.5,33.1,38.0,41.4,50.6,7.6,37.4,41.1,36.8,15.8,60.8,170.3,57.7,47.5,83.1,67.7,16.7,32
24.7,39.8,36.6,48.7,102.2,40.1,148.4,99.6,84.5,62.7,22.4,55.8,32.8,44.6,46.8,48.4,7.0,40.5,43.8,35.7,15.5,59.2,171.1,64.5,46.9,90.7,81.1,17.7,26
22.8,40.1,34.5,47.8,93.7,38.3,150.8,104.3,85.1,55.7,21.8,56.0,35.1,40.7,42.0,49.8,7.0,37.9,43.0,36.0,13.1,58.4,175.4,56.6,46.7,80.3,75.3,17.4,26
23.0,40.9,33.7,51.1,103.2,38.0,159.4,104.9,89.1,68.1,21.2,58.5,35.6,44.5,45.5,50.1,7.8,39.3,42.8,37.8,14.0,61.1,183.7,62.6,48.5,94.0,86.9,17.7,39
22.7,43.0,37.1,53.3,107.3,40.1,159.0,110.0,91.7,64.1,22.2,57.5,37.3,47.0,48.0,52.4,7.7,39.9,42.5,38.6,15.0,64.9,182.8,65.3,47.2,101.2,97.5,18.7,24
23.3,40.1,37.2,49.3,98.6,39.7,153.7,102.0,87.3,61.5,21.1,57.0,35.2,38.0,40.0,49.6,7.9,40.1,44.6,37.9,13.5,61.8,176.2,62.6,47.5,85.1,85.2,18.0,24
23.1,38.4,35.8,49.2,102.1,38.3,143.7,105.5,80.6,68.8,20.8,57.7,32.5,43.6,44.3,44.0,6.4,38.0,41.6,35.0,12.5,56.6,165.4,64.2,44.0,91.0,80.3,17.9,20
24.3,39.6,34.2,47.0,95.5,41.3,151.3,96.2,81.5,63.8,21.3,57.2,34.1,45.0,46.0,46.6,7.5,36.1,41.0,35.7,13.9,56.7,176.1,59.7,45.4,83.4,74.9,17.4,23
22.4,42.1,35.7,48.7,102.4,37.2,148.3,101.9,84.0,59.1,21.6,57.0,34.7,39.2,42.5,48.0,7.5,40.6,44.7,36.3,14.3,60.2,172.0,61.7,47.1,94.0,81.0,17.3,41
21.5,40.8,33.5,47.1,92.9,36.8,150.8,91.8,89.0,56.2,20.6,57.6,33.7,38.9,42.2,49.5,7.3,37.3,39.9,35.5,14.9,59.3,173.7,57.4,43.3,76.0,69.6,17.7,22
21.5,37.2,33.9,42.9,92.5,35.4,142.0,96.8,80.5,51.7,20.7,54.8,31.6,39.7,40.2,45.5,7.8,37.5,41.1,32.8,13.4,52.0,164.8,57.2,47.3,81.8,64.4,16.8,31
22.7,43.5,33.7,51.2,98.2,37.1,151.2,101.4,86.3,57.1,20.7,55.3,34.8,45.0,46.3,49.6,7.4,38.9,42.7,36.7,17.8,59.2,174.1,60.5,48.1,88.0,73.6,17.3,21
21.3,44.3,35.1,51.5,92.4,39.3,143.9,98.4,82.9,54.6,21.1,58.6,33.7,43.9,46.5,47.1,7.4,37.5,40.1,36.5,16.4,60.2,167.5,57.2,42.5,82.7,73.0,17.1,30
21.8,41.7,34.3,50.1,97.5,38.7,147.3,100.7,81.2,62.6,21.3,60.3,33.4,40.9,44.5,47.9,8.5,41.4,44.3,36.3,15.1,58.2,169.5,60.8,45.5,82.1,77.2,17.1,23
24.7,41.5,38.0,50.5,103.1,42.7,151.1,102.6,85.6,61.4,21.2,58.8,35.5,43.5,45.1,48.2,8.6,38.5,41.9,37.2,16.0,59.7,177.2,63.5,44.4,87.5,86.8,18.0,20
24.7,43.2,40.7,54.6,111.2,43.2,151.7,117.3,84.6,61.8,23.4,58.8,35.5,49.0,50.1,48.2,7.4,43.8,48.1,35.9,15.9,59.0,174.7,67.4,48.1,104.5,101.5,19.6,21
23.5,43.0,34.1,52.3,102.1,39.4,147.0,105.8,82.4,59.9,21.7,55.3,32.7,44.1,46.0,48.8,7.0,39.1,42.0,35.5,16.4,59.0,169.0,63.1,47.0,92.3,80.2,17.8,21
24.8,38.3,35.7,45.6,100.9,40.9,155.7,98.4,89.1,58.2,21.7,57.8,35.4,37.0,39.5,52.7,8.2,40.0,44.5,36.5,15.3,61.2,178.4,61.4,47.5,84.4,84.0,17.6,21
22.6,42.2,33.7,49.6,99.5,37.5,158.8,101.0,91.4,63.9,20.7,57.7,34.5,41.6,45.3,51.0,7.8,39.0,43.2,37.4,16.8,61.3,182.3,60.5,47.3,88.2,80.7,17.5,21
26.0,42.2,44.6,55.3,125.2,46.6,158.3,116.1,94.9,68.8,21.1,59.6,37.7,45.3,47.1,54.7,7.5,42.9,46.3,38.4,15.1,64.0,181.4,81.4,46.9,109.6,120.2,18.3,24
24.1,44.3,36.0,53.7,101.6,37.3,165.9,113.1,97.3,72.2,22.1,58.7,36.5,47.3,49.6,54.6,8.4,40.2,45.4,40.8,16.8,66.8,192.3,63.9,46.0,92.0,96.2,19.1,22
20.7,41.7,32.5,47.5,91.8,35.4,154.8,92.2,87.8,55.0,20.4,55.5,33.3,37.8,40.7,49.8,8.0,35.9,39.5,35.8,16.0,58.9,180.2,53.1,47.0,78.7,67.6,17.1,21
23.8,43.2,38.0,51.5,103.2,40.0,148.2,110.8,82.6,61.1,21.1,60.5,34.0,47.6,49.7,49.1,7.4,40.9,44.0,35.7,15.8,55.5,173.0,67.8,44.2,90.0,88.0,17.7,21
20.9,39.9,32.5,49.5,102.8,35.4,147.6,102.8,82.1,61.8,20.2,56.0,33.6,39.6,42.0,47.3,7.2,39.0,43.0,35.3,14.9,58.3,171.2,61.7,48.7,101.2,78.4,17.0,27
20.6,39.9,30.0,45.9,86.1,34.2,149.5,95.7,84.1,60.2,19.6,55.7,32.7,40.7,43.4,48.0,8.2,36.5,41.2,35.5,13.4,58.5,172.5,51.7,42.3,75.2,61.5,16.0,19
21.8,37.3,36.0,48.1,99.2,36.5,146.5,96.6,81.2,60.9,21.8,55.0,33.4,35.9,37.0,46.5,7.7,37.5,40.5,34.9,13.8,56.8,170.0,61.5,46.7,90.6,75.2,17.2,22
22.0,41.7,28.4,46.4,89.1,34.4,151.0,91.7,86.1,55.5,20.8,58.9,34.7,39.9,43.2,49.1,8.4,36.9,40.5,37.4,16.6,60.1,177.0,53.1,45.7,77.3,65.7,16.8,19
23.2,43.6,30.0,49.1,88.2,35.5,163.9,90.2,99.3,53.2,21.1,55.5,36.5,40.8,44.7,55.2,8.1,35.7,42.0,39.5,15.6,67.0,189.9,54.1,46.0,73.0,68.6,17.4,27
25.2,40.3,36.5,50.7,97.8,38.8,157.8,110.1,89.0,65.5,21.7,58.6,35.7,46.6,46.9,53.8,8.4,39.1,43.3,38.4,13.9,61.9,182.5,61.0,46.7,88.2,86.5,18.0,23
21.3,42.3,37.0,48.8,92.4,35.5,153.3,95.6,86.1,55.1,21.8,58.3,34.9,37.5,40.3,50.9,7.3,37.0,40.0,35.5,15.8,57.5,177.9,56.8,46.5,81.9,74.6,17.5,26
20.7,40.6,36.0,49.8,98.5,34.1,153.6,100.7,86.8,64.4,21.0,58.2,31.6,44.0,45.4,49.4,6.8,39.5,43.1,35.2,14.9,58.5,176.0,60.5,44.4,85.5,77.5,17.1,20
22.7,40.1,33.0,47.2,91.4,37.3,154.0,95.5,84.7,60.1,20.5,56.7,33.0,39.6,42.2,48.4,7.5,37.2,41.2,37.5,14.9,61.0,180.6,55.3,47.9,73.5,72.0,16.9,19
20.7,40.4,33.0,46.7,91.0,34.6,149.3,97.1,81.2,57.1,20.6,56.6,33.1,38.5,41.6,47.8,7.4,34.7,38.3,34.6,14.2,56.1,173.4,52.2,50.8,78.1,64.1,16.9,26
22.6,41.1,34.4,48.5,102.3,38.1,158.7,99.3,89.7,59.8,20.3,58.1,34.0,42.5,44.5,51.0,7.8,39.7,41.9,37.7,14.0,63.5,181.3,64.9,50.0,87.0,84.2,17.5,26
22.3,41.7,32.0,49.3,94.2,35.7,155.5,96.0,88.9,55.7,20.3,59.8,33.3,42.0,43.4,49.9,8.4,36.0,39.7,36.7,15.4,59.4,182.3,56.8,47.4,80.7,73.3,17.5,20
24.0,43.3,36.6,53.7,105.6,39.8,152.7,112.1,84.5,61.0,21.2,58.2,36.0,46.0,47.6,50.1,7.2,39.9,44.4,38.2,14.0,62.5,176.8,66.8,48.5,97.2,95.5,18.2,22
26.0,44.0,44.0,58.4,118.1,46.7,151.0,125.5,82.8,69.1,22.4,60.2,36.4,46.0,46.5,50.6,8.4,43.6,46.2,36.0,15.0,58.0,174.1,75.5,49.9,122.4,121.9,19.5,23
25.4,43.4,32.8,49.1,101.0,41.8,156.2,100.7,88.5,64.7,20.3,57.3,35.7,43.5,46.5,50.5,7.9,38.2,43.4,37.3,15.5,61.0,180.4,60.7,46.4,90.5,84.7,18.4,20
25.2,42.0,33.4,50.4,109.3,39.9,158.3,107.1,87.0,66.3,22.0,58.4,35.7,40.5,44.0,50.8,8.6,37.4,42.5,39.0,15.1,62.0,183.1,67.8,49.8,92.0,89.6,18.0,22
25.8,43.5,42.7,55.5,115.7,45.2,157.0,117.2,86.8,68.0,23.4,59.9,37.0,47.1,47.5,50.9,8.1,42.5,46.3,36.0,15.0,60.1,181.9,72.8,50.0,110.5,115.8,20.0,23
22.0,42.2,37.1,51.0,101.1,39.4,151.5,105.3,87.7,64.9,21.0,56.2,33.3,42.4,43.7,50.1,6.9,40.8,45.2,37.0,14.3,61.0,173.9,65.1,45.2,91.7,85.7,17.0,39
21.5,42.4,33.0,49.3,88.1,36.7,147.6,98.4,82.9,53.8,20.5,56.2,32.9,39.0,42.2,47.2,8.3,35.2,39.2,35.1,16.7,57.6,171.6,54.2,47.7,75.2,67.2,17.4,21
24.5,41.1,39.8,51.6,105.8,41.7,144.1,107.1,83.1,63.8,21.5,56.7,35.7,41.9,43.5,47.9,7.7,42.5,45.4,34.8,14.9,58.7,166.4,67.5,41.7,91.1,89.3,18.0,21
21.7,42.9,38.8,55.4,109.2,40.8,144.4,116.3,84.4,62.4,21.8,59.4,35.9,48.9,48.5,47.5,7.7,42.2,46.3,38.0,15.0,62.0,167.4,69.2,47.0,108.2,97.7,18.0,33
21.7,42.4,39.2,52.1,94.1,38.2,153.8,108.5,87.3,64.4,21.6,57.7,34.5,42.2,43.7,51.4,7.2,39.5,42.5,36.6,15.8,62.1,176.3,60.2,43.4,87.5,82.2,18.0,32
21.7,41.6,35.4,51.6,101.4,37.8,153.8,101.9,88.4,60.0,20.3,57.0,33.6,40.6,43.0,52.0,7.4,44.5,47.4,35.7,14.7,60.5,176.1,63.6,48.0,90.4,83.0,16.7,40
23.6,41.3,33.4,52.3,104.1,40.2,151.7,105.8,81.9,69.2,21.8,58.8,35.7,41.5,43.0,49.0,7.7,38.4,41.6,36.5,15.0,57.9,175.1,63.5,46.1,94.6,86.9,17.9,21
22.8,42.6,34.9,50.4,97.1,37.4,152.1,99.3,86.3,62.4,21.4,57.4,34.2,42.6,46.1,49.4,6.6,38.9,43.5,35.8,14.8,58.2,173.8,59.8,45.7,88.5,76.0,17.0,20
24.2,39.6,36.4,49.2,103.1,40.3,137.8,103.4,71.3,62.7,20.7,56.0,33.4,43.1,43.8,42.6,7.4,40.2,43.2,32.4,14.0,51.2,161.0,63.9,44.7,91.5,80.1,17.1,26
22.2,43.1,31.7,48.0,94.4,37.8,152.5,90.9,85.8,56.6,20.7,57.6,32.7,38.5,43.0,48.3,6.3,37.5,42.8,37.1,16.8,60.5,176.7,54.8,48.3,73.9,68.9,16.9,24
21.7,40.5,37.5,49.5,91.0,35.0,140.9,102.8,80.7,55.5,20.3,59.2,32.7,40.0,41.6,43.6,6.4,38.9,43.2,34.2,13.7,57.5,164.9,57.2,41.0,77.6,69.5,16.5,23
22.7,39.9,36.2,49.1,100.0,37.6,142.4,104.7,77.2,56.5,20.4,58.2,32.7,39.2,41.1,46.1,7.4,39.7,42.8,33.1,14.8,52.7,166.0,61.8,48.6,96.1,79.3,17.2,34
24.6,45.5,36.0,53.6,105.5,41.3,161.1,112.9,91.1,65.3,22.3,58.8,36.4,45.5,48.6,51.7,7.2,39.3,44.1,40.2,15.9,64.8,186.3,67.2,47.4,104.2,99.4,18.7,28
24.2,39.8,35.8,49.8,110.5,41.1,145.6,104.4,82.1,64.9,20.2,56.1,33.8,41.5,43.6,46.7,8.3,40.4,43.8,34.6,13.9,56.7,168.8,70.3,45.0,102.8,86.9,17.0,26
23.9,46.7,34.4,52.3,96.3,37.6,159.7,102.1,94.2,56.0,21.7,59.7,35.3,41.6,45.5,53.9,7.4,39.3,43.7,40.5,17.8,67.3,186.1,55.9,48.2,82.8,80.6,18.5,26
23.6,41.9,44.4,52.0,107.8,42.9,149.0,110.1,87.6,62.4,21.7,58.0,35.7,47.5,48.0,49.1,7.6,41.2,43.8,36.4,15.9,60.2,172.5,71.8,44.6,95.2,98.6,18.1,27
23.5,41.1,33.5,50.5,105.2,40.8,147.0,106.6,84.0,58.7,20.8,58.2,33.6,44.8,46.0,47.8,7.0,40.7,43.7,34.7,14.2,58.1,170.2,62.8,49.4,101.2,86.8,17.3,22
22.1,37.9,35.3,49.2,93.6,39.0,149.1,99.6,90.7,61.2,20.7,57.6,33.5,42.8,43.8,52.1,7.1,38.4,42.1,36.1,13.4,61.1,172.1,59.4,38.3,86.0,76.1,16.7,30
21.6,41.9,32.7,47.8,91.5,35.8,158.6,93.4,96.6,53.0,21.3,56.4,35.4,38.5,41.9,56.6,6.9,36.3,40.5,38.5,17.0,64.3,185.3,57.2,45.5,76.1,71.9,17.9,40
21.6,39.9,35.4,48.6,93.0,38.1,143.2,98.7,82.0,56.0,20.7,58.5,34.5,39.5,41.0,46.4,6.7,37.8,40.4,35.6,15.1,57.0,165.2,58.2,43.7,80.2,72.7,18.4,23
27.8,46.5,42.4,59.5,122.4,44.0,159.0,130.2,90.3,66.5,23.3,55.6,37.3,49.5,50.8,53.3,7.8,45.2,49.0,39.3,15.5,63.5,182.7,78.8,48.4,114.2,126.5,19.5,24
20.4,40.8,35.9,52.8,98.8,33.6,147.5,112.1,83.0,51.2,19.8,56.7,30.6,47.9,48.1,47.1,7.2,38.4,41.6,35.4,15.7,57.0,170.9,59.6,50.9,106.1,81.8,16.5,22
22.3,41.7,36.8,51.1,104.1,40.0,148.9,110.0,82.4,56.1,20.8,58.0,33.5,42.2,44.6,47.5,7.8,42.1,45.1,36.7,14.6,58.5,172.7,63.1,49.8,105.3,87.5,16.7,26
23.3,40.1,34.2,49.7,94.7,38.7,148.9,107.1,81.3,58.9,21.2,56.8,33.7,46.3,46.0,47.2,8.2,38.5,41.3,35.0,14.6,58.4,172.1,56.3,49.6,91.6,80.1,16.7,21
25.0,43.3,40.6,55.1,111.6,42.8,160.4,116.3,93.2,67.7,21.2,60.3,39.2,46.2,48.2,53.6,7.3,43.9,47.2,37.7,14.7,62.0,183.3,73.0,48.5,110.3,112.3,18.4,29
22.0,39.0,31.0,45.9,94.3,34.6,154.9,95.1,86.1,55.9,21.4,56.1,33.7,42.3,43.8,49.6,8.6,37.1,40.1,37.2,15.5,60.2,178.6,57.3,50.9,90.0,72.5,17.6,23
24.7,41.4,34.4,49.2,96.4,40.3,139.6,101.6,77.5,53.8,21.7,58.8,34.4,40.8,43.5,43.8,7.0,39.7,43.5,35.0,14.2,57.8,163.9,59.9,47.6,89.9,77.5,17.7,38
20.1,37.5,31.4,43.9,90.0,35.7,145.2,89.0,80.2,54.3,19.8,55.5,31.2,36.2,40.4,46.1,6.8,36.6,40.5,34.1,14.6,57.1,168.9,52.5,49.6,82.2,63.7,15.8,28
22.0,44.7,39.2,53.7,94.1,39.4,148.0,104.2,83.5,56.4,23.5,56.0,34.1,43.0,45.1,49.7,7.4,42.6,46.7,36.0,14.8,60.6,172.0,60.4,46.9,88.0,81.9,18.7,31
24.4,42.7,39.6,54.5,105.8,43.9,153.0,114.8,88.1,60.7,22.8,58.4,36.9,46.9,48.6,51.6,6.7,46.6,49.2,36.1,13.9,57.6,175.1,67.7,48.0,106.2,101.3,18.5,29
24.1,38.5,41.6,53.3,103.8,43.7,142.1,107.7,80.1,56.6,19.9,57.1,34.4,42.1,45.0,47.5,6.5,42.1,44.8,32.9,14.9,56.1,163.3,69.8,44.5,105.0,93.2,18.3,30
23.3,44.1,39.0,54.2,107.9,40.2,148.0,114.9,84.2,64.4,22.6,59.3,34.8,47.5,49.4,48.9,7.2,44.9,47.4,33.4,15.7,55.8,168.7,68.9,44.8,100.7,95.6,17.6,36
23.1,41.4,41.2,52.5,112.7,39.6,159.3,115.8,92.5,63.2,21.6,59.0,34.5,42.9,45.9,53.5,7.8,43.0,46.7,38.3,14.4,65.0,181.6,70.5,52.0,106.5,107.8,18.0,26
22.7,40.3,37.4,49.3,99.7,39.7,153.2,100.3,85.8,60.9,21.6,57.9,35.2,40.0,42.1,49.2,7.7,37.1,39.0,35.4,15.1,59.7,177.7,62.5,46.4,84.1,82.0,17.3,27
21.3,44.1,35.8,51.3,98.7,35.5,155.5,101.1,88.2,59.9,20.3,59.4,34.1,43.0,46.5,51.9,7.4,42.0,45.3,38.6,14.9,61.0,179.6,59.5,47.5,91.6,81.4,17.1,39
25.3,43.2,39.7,53.8,106.3,41.2,156.1,115.8,90.7,61.4,23.7,61.3,38.5,46.5,48.9,52.5,7.9,43.9,47.1,39.0,15.1,63.8,181.8,63.4,49.4,104.8,104.0,19.0,31
23.8,42.6,37.0,51.7,106.8,41.7,154.1,107.4,84.8,68.7,20.2,56.0,33.2,40.5,43.6,50.4,6.7,40.2,44.1,35.1,13.8,57.5,176.7,65.8,46.8,99.7,90.8,16.8,30
25.3,39.6,39.4,50.6,110.9,42.1,143.8,106.8,75.8,72.0,21.1,56.0,33.8,40.5,40.8,46.6,7.4,40.3,43.2,35.7,13.8,58.2,166.9,68.1,43.3,98.8,92.7,18.7,26
22.3,41.7,31.8,49.6,98.8,38.1,145.5,103.6,83.4,51.8,20.7,57.7,32.9,39.0,41.5,48.3,6.7,38.2,40.7,36.0,14.7,59.9,168.9,61.8,48.1,98.1,77.5,17.3,40
21.5,41.7,37.7,50.5,96.2,35.9,147.8,98.0,85.3,59.0,20.5,56.6,31.9,43.8,45.5,49.4,6.4,39.2,42.3,37.0,14.5,60.3,171.3,62.3,41.9,81.1,76.4,16.7,30
21.5,40.5,29.7,46.8,92.1,37.4,154.8,94.0,86.9,60.0,20.2,57.4,32.7,41.0,44.5,49.2,7.4,37.3,41.4,37.5,14.7,61.5,178.1,57.3,47.4,76.7,70.2,16.7,19
24.1,38.3,36.6,51.0,104.2,38.8,153.1,104.4,84.5,63.5,21.2,54.4,34.7,47.3,47.3,49.3,7.7,40.8,44.6,37.2,14.0,61.0,175.6,65.3,47.4,96.6,87.4,17.6,26
21.9,40.6,33.5,48.7,97.6,40.2,143.6,98.1,78.9,56.4,19.8,57.4,32.8,40.5,43.0,46.4,6.7,36.7,40.6,34.4,16.2,56.4,167.4,60.3,47.4,90.0,72.7,16.8,26
21.2,42.6,35.6,50.2,93.5,37.0,143.0,100.6,77.6,58.3,20.1,55.8,32.5,42.1,44.6,46.7,6.6,37.9,42.2,33.3,14.9,54.5,164.4,57.3,46.0,89.7,71.3,16.9,37
21.5,45.6,34.2,52.1,88.2,34.8,160.6,101.1,96.0,56.9,21.1,56.0,35.0,41.2,44.0,55.4,8.0,37.8,41.7,39.7,16.9,67.2,183.8,54.2,44.7,75.4,71.4,17.2,22
21.7,39.5,37.5,50.2,96.2,38.3,147.7,99.6,82.2,58.5,20.3,57.1,32.8,37.2,38.5,48.4,6.9,36.6,41.1,34.3,14.2,58.9,173.3,61.7,45.5,85.3,75.0,16.8,22
22.6,40.0,37.1,50.5,98.1,37.5,144.4,107.2,84.5,60.4,21.6,56.9,34.6,44.0,44.0,48.6,7.7,38.6,41.7,34.9,13.5,56.5,168.1,64.8,44.5,91.5,81.2,17.7,31
25.2,41.9,39.5,53.3,113.8,42.9,157.8,115.8,85.8,66.8,21.5,57.8,37.1,45.5,46.0,51.7,8.4,40.9,43.7,36.7,14.1,59.6,182.1,72.5,50.5,110.7,108.4,18.6,28
21.8,41.5,40.7,54.4,104.3,40.0,149.7,118.1,85.4,64.3,21.7,55.8,33.8,42.0,43.2,50.7,7.6,38.6,41.3,32.9,15.0,56.0,171.3,69.8,43.5,107.6,93.7,17.1,34
23.4,39.3,34.8,49.7,103.8,37.9,146.2,103.2,79.6,61.2,21.2,58.5,34.4,43.5,45.1,46.9,7.8,41.0,43.7,35.9,14.6,57.3,170.4,62.9,47.8,95.0,83.5,18.1,28
24.4,41.5,42.9,56.1,128.8,43.7,155.9,120.4,86.6,71.2,21.0,57.5,37.0,50.2,50.6,52.6,8.0,40.4,43.6,37.8,15.9,62.4,178.5,82.7,51.6,119.9,119.7,18.2,27
22.2,43.5,38.7,53.7,117.2,42.5,155.3,108.4,89.3,63.2,20.7,56.6,35.0,44.2,48.0,53.0,6.9,39.3,42.8,38.5,16.6,63.6,179.3,75.9,45.2,104.8,100.4,17.2,27
23.6,42.1,37.5,51.1,105.0,43.6,156.9,108.6,84.2,62.7,22.7,57.0,36.0,44.5,46.6,50.0,7.2,40.7,43.6,37.7,14.0,60.1,180.3,64.4,50.8,107.0,99.8,18.7,49
24.4,42.3,40.4,52.6,105.2,41.7,149.5,105.8,83.2,64.1,21.7,53.5,35.3,45.0,46.5,47.2,6.5,40.2,43.7,33.4,16.0,54.5,172.5,70.3,47.9,96.6,92.9,19.4,31
23.1,39.4,38.0,49.8,114.2,44.1,143.7,108.1,81.4,66.3,19.7,54.8,34.5,38.4,39.1,47.0,8.3,39.4,42.2,33.7,13.0,56.2,166.6,72.7,44.6,100.9,91.2,17.2,29
23.8,38.4,34.3,45.6,99.1,39.4,146.7,98.5,89.4,57.3,22.1,58.8,37.7,41.8,43.5,50.4,7.4,39.3,41.6,37.4,14.0,59.5,168.7,59.9,42.2,88.0,78.6,17.6,36
23.0,40.9,34.2,49.5,100.3,37.7,152.1,97.0,85.4,66.8,21.7,58.8,33.4,46.0,47.5,48.2,7.7,38.3,43.2,37.0,14.5,59.1,176.8,60.2,44.5,84.9,78.0,18.2,20
21.3,38.4,32.8,48.2,93.8,37.3,139.8,94.2,77.2,54.2,20.8,56.8,31.7,39.0,41.9,45.0,6.8,37.5,40.7,32.4,13.7,53.1,162.6,58.6,46.5,85.0,66.3,16.0,29
20.4,38.4,33.4,46.8,91.8,34.8,144.3,94.3,84.4,59.3,18.0,55.7,32.5,42.6,43.1,48.0,7.4,36.3,40.2,35.7,13.8,59.4,168.4,55.6,41.0,78.8,64.2,16.5,23
23.8,42.2,38.3,52.7,107.4,41.1,151.0,108.2,83.1,61.3,22.4,58.5,34.8,46.0,48.0,49.5,7.5,40.2,44.0,35.2,15.0,57.8,175.1,66.1,47.9,99.8,91.3,17.7,20
23.9,43.7,35.0,51.6,99.1,41.2,161.5,101.4,91.6,65.3,22.4,57.6,34.9,46.0,49.4,52.3,7.7,39.5,44.1,38.4,17.0,63.5,185.2,58.1,47.4,87.5,85.8,18.1,24
20.5,39.6,31.5,48.2,90.9,37.1,138.5,95.5,74.5,61.8,19.7,54.4,29.5,39.2,41.1,41.1,5.9,37.7,42.0,33.0,14.3,54.3,162.4,55.6,43.1,80.1,64.7,16.0,28
23.0,41.2,37.3,50.0,96.7,38.5,148.7,100.5,82.5,60.8,20.9,58.4,32.5,39.2,42.5,48.0,6.7,38.5,40.6,34.9,15.7,56.1,172.3,61.0,46.4,85.0,77.7,17.3,21
24.4,47.0,41.2,57.1,117.8,42.5,155.2,120.1,85.5,69.5,22.5,59.8,37.0,49.0,51.0,49.7,8.5,45.2,48.6,36.3,15.9,58.5,177.5,76.2,48.3,113.2,114.6,18.2,21
21.6,39.7,27.6,44.1,87.0,34.3,153.8,85.8,88.1,57.3,20.7,56.2,33.9,39.0,41.0,49.0,8.3,34.7,39.8,36.7,14.0,60.0,178.4,49.3,47.1,75.9,59.1,17.1,18
22.0,38.1,28.0,42.4,85.2,32.3,142.6,84.8,82.0,52.5,20.1,55.6,32.2,37.3,40.2,47.5,6.8,34.1,37.9,33.6,14.5,55.0,166.2,50.5,43.3,74.0,55.2,16.3,19
22.2,39.9,36.1,51.0,101.4,37.3,151.4,103.0,86.5,62.7,22.2,57.7,34.7,42.8,44.4,51.1,6.8,44.0,45.7,36.7,13.3,58.5,171.9,62.8,46.3,101.5,85.8,17.7,48
24.0,44.1,41.8,55.9,119.3,40.0,160.0,123.6,94.6,69.7,22.9,59.4,37.6,47.3,48.8,55.1,7.5,43.6,47.4,38.3,16.2,65.0,181.4,75.3,50.0,112.8,114.3,19.5,35
23.8,42.0,38.0,54.9,117.3,40.8,163.7,114.8,93.0,71.8,21.5,60.0,36.2,48.0,49.6,54.1,7.8,40.3,44.3,39.4,15.0,64.5,187.7,72.2,50.0,108.7,107.8,18.2,20
23.5,38.0,36.0,47.9,101.1,39.5,142.7,103.3,79.5,60.2,20.5,56.0,33.4,41.6,42.9,46.8,6.8,42.0,45.2,33.7,12.4,55.5,165.3,62.4,44.8,100.2,81.1,17.2,33
22.3,39.3,34.2,48.4,98.3,38.8,152.8,108.2,83.5,60.1,21.9,55.8,34.3,40.6,41.1,48.5,7.8,39.1,42.1,34.9,14.6,56.7,175.7,59.1,48.0,95.3,83.7,18.2,38
21.2,41.9,36.0,51.9,102.7,37.5,149.9,106.3,85.6,58.8,21.0,57.5,34.6,43.5,45.0,49.4,7.3,43.2,44.6,37.0,14.2,61.3,171.8,61.8,48.0,102.9,87.8,18.1,34
21.5,40.4,34.0,46.8,87.5,37.2,159.8,94.9,94.6,56.8,22.0,58.7,35.5,39.3,43.1,54.0,8.0,37.3,41.2,39.2,15.6,63.7,184.2,54.6,46.9,78.9,73.2,18.0,25
22.1,42.8,31.2,50.2,91.8,36.4,161.8,98.2,95.7,56.1,21.6,56.2,34.4,40.1,44.5,56.2,7.8,35.5,39.4,39.5,14.6,65.0,186.3,54.6,47.7,84.8,73.2,17.4,33
23.1,42.0,34.7,47.6,98.7,38.3,171.7,101.4,103.1,60.2,23.7,58.5,38.4,40.2,45.1,57.7,7.8,37.6,41.1,42.3,17.2,70.9,196.6,59.1,51.2,84.0,87.3,19.0,20
26.7,45.3,45.6,60.4,114.8,42.6,155.2,129.0,82.8,71.8,23.3,59.6,36.3,51.0,51.6,49.3,7.9,46.5,48.7,36.5,14.0,59.1,178.6,77.4,50.4,124.5,123.1,21.1,33
23.7,39.2,30.1,44.5,95.7,37.2,144.4,93.3,81.6,60.4,20.1,57.4,33.7,35.0,38.5,46.0,6.5,35.5,40.1,35.0,14.3,56.9,168.9,58.1,45.9,85.6,68.5,16.8,30
21.1,41.6,37.7,51.7,102.9,35.4,147.5,109.8,82.1,57.7,21.0,57.2,34.3,45.0,46.5,46.1,6.5,41.6,44.0,35.1,15.7,57.4,170.0,65.9,50.4,110.0,91.6,17.6,34
22.6,40.0,36.0,49.5,98.1,35.8,148.6,101.7,81.6,55.7,21.8,58.8,32.7,44.5,44.7,48.5,6.9,40.0,42.9,34.0,13.2,56.0,173.0,61.9,47.6,91.3,78.6,17.2,22
22.3,40.9,32.0,47.9,98.2,36.4,154.1,103.6,89.9,58.4,19.5,57.3,32.5,39.0,42.5,51.0,7.5,37.0,40.5,38.4,15.3,63.0,178.1,60.5,44.5,91.9,78.3,16.3,21
20.5,38.4,34.0,47.3,96.4,35.6,142.2,94.4,81.9,58.4,19.5,55.8,30.5,42.2,43.6,46.0,6.5,36.7,40.4,34.7,13.6,56.5,164.7,63.2,41.3,82.5,69.0,15.9,25
21.5,41.0,31.3,45.6,90.2,34.7,145.8,90.9,82.5,56.2,22.2,58.0,33.7,40.3,43.0,47.2,6.4,36.4,39.7,36.1,16.3,58.2,169.8,50.0,44.4,82.6,63.3,17.7,33
23.8,40.2,36.4,51.1,102.8,39.0,142.9,98.0,81.1,64.1,20.9,59.3,33.3,40.5,42.3,45.4,7.3,41.5,43.9,34.9,14.5,56.0,167.1,64.7,43.4,88.8,80.0,17.0,19
22.4,42.7,34.5,46.1,95.8,35.8,155.7,94.9,87.0,62.4,23.3,57.6,35.2,38.4,42.4,49.7,7.2,39.2,42.9,39.3,15.4,63.9,181.2,52.6,48.0,81.7,74.9,19.0,44
20.7,39.4,34.3,46.9,95.8,36.6,146.1,96.4,83.0,59.2,20.7,55.7,31.5,40.0,42.0,47.6,7.0,37.0,41.5,34.6,13.9,57.5,171.5,58.1,41.7,91.2,72.1,17.0,37
24.5,41.4,37.5,49.5,104.0,39.7,155.5,99.7,85.1,63.6,20.9,59.8,34.4,39.7,42.4,49.6,8.2,40.5,43.8,36.2,15.2,58.8,180.7,61.9,51.1,89.1,84.5,18.0,22
22.7,41.0,33.4,48.4,97.5,37.1,151.4,100.1,84.9,59.9,21.5,56.5,33.6,41.1,42.6,49.3,8.6,38.0,42.4,36.2,13.9,58.3,174.8,58.3,48.1,85.3,75.9,18.6,21
22.6,40.9,37.0,50.1,92.8,38.2,154.8,102.5,86.0,57.4,21.3,57.8,35.5,46.0,47.5,48.5,7.8,36.4,39.9,36.9,15.5,59.0,179.5,55.2,47.4,84.5,76.5,17.6,41
25.2,44.1,43.0,58.3,121.0,43.8,146.8,122.1,84.2,66.4,23.0,57.9,36.4,43.8,44.9,47.1,7.4,44.2,46.2,35.3,15.4,57.1,168.8,81.2,47.0,120.0,117.8,19.8,22
21.5,41.1,34.7,48.6,101.0,37.0,161.8,100.6,95.5,58.4,22.0,57.9,34.9,41.0,44.6,54.7,7.4,36.6,40.9,38.8,15.3,64.9,185.4,61.2,51.4,95.4,83.5,17.4,51
21.8,42.4,30.8,46.9,88.9,34.8,155.7,88.8,84.2,59.3,21.7,54.8,32.3,35.7,39.7,48.2,7.7,36.4,40.0,35.7,16.5,56.7,181.6,51.9,48.9,72.5,64.4,17.4,20
21.3,40.8,32.8,48.5,98.4,37.9,153.4,104.3,87.6,58.7,20.1,58.5,33.9,44.0,46.0,50.3,8.2,39.0,42.9,36.4,14.0,59.1,176.0,57.9,47.0,100.5,79.1,16.2,41
23.1,41.4,37.6,51.1,103.8,39.3,144.0,118.9,79.9,60.8,22.8,60.0,35.2,46.5,46.0,47.4,7.2,43.3,46.5,35.5,14.8,57.5,169.4,62.6,48.5,106.1,91.9,19.0,47
23.4,40.5,34.2,49.4,96.2,37.4,151.4,99.8,85.2,61.1,20.7,58.4,34.3,41.8,44.5,47.0,7.8,37.2,41.4,35.2,15.4,56.7,175.7,58.7,45.8,86.0,74.4,16.7,32
22.7,42.2,33.6,49.4,101.6,38.8,156.7,106.3,90.6,60.8,22.3,58.6,34.7,42.0,44.0,52.3,7.6,38.0,42.2,37.3,14.9,60.6,179.9,61.5,47.8,88.0,81.9,17.5,25
25.2,43.2,47.6,62.6,116.8,45.0,153.4,125.4,86.7,68.3,22.5,58.7,35.3,47.5,48.5,49.4,7.4,45.4,47.2,35.6,14.4,59.7,176.5,73.1,51.8,114.8,118.1,18.8,25
22.0,37.6,33.6,47.5,93.1,37.3,145.1,100.9,83.6,55.3,21.2,54.9,33.4,42.6,43.5,47.5,7.5,39.9,44.0,34.5,11.3,56.5,167.4,56.2,48.3,85.7,69.7,17.5,26
22.2,42.7,39.6,55.6,112.1,42.1,159.6,115.5,90.0,65.2,22.2,57.8,36.7,50.0,49.5,51.4,6.2,41.6,45.8,36.9,14.0,63.0,181.9,72.2,50.0,108.4,107.1,18.0,37
24.6,45.0,39.7,59.6,109.7,42.2,149.4,125.5,81.9,67.4,21.7,59.6,35.5,53.0,53.5,48.2,7.7,47.0,50.1,35.6,14.8,59.6,172.9,67.5,46.6,117.5,109.0,18.0,39
24.4,40.6,36.1,51.5,104.4,41.6,152.1,105.5,83.3,67.6,22.2,57.5,36.4,40.1,41.6,48.3,7.5,40.5,43.5,35.4,13.1,59.2,176.1,64.2,47.3,103.8,92.5,18.2,29
22.2,42.7,39.6,52.3,113.2,39.4,166.0,106.5,93.3,72.7,23.2,58.9,37.4,46.0,49.0,54.1,7.4,39.4,43.5,38.9,16.4,66.0,189.9,70.3,50.8,92.0,102.6,18.4,22
25.4,47.6,38.3,60.9,120.3,42.6,163.5,123.3,89.6,68.8,21.7,59.9,36.7,45.6,49.0,52.6,7.7,44.8,48.2,38.6,17.1,64.0,186.4,72.8,54.5,115.5,119.6,18.1,22
22.8,43.4,34.6,48.3,100.2,37.7,163.6,101.2,94.7,60.7,21.3,57.4,36.3,42.4,44.3,54.1,6.4,38.1,42.6,39.4,16.3,64.0,188.1,65.4,49.5,83.8,88.2,18.0,24
20.2,40.2,30.2,44.2,86.3,33.3,151.3,90.0,90.8,50.7,20.1,57.2,32.7,35.6,38.8,52.3,7.7,36.7,39.5,36.5,15.3,58.5,174.6,52.7,44.0,77.0,63.4,15.8,36
23.3,42.8,37.0,51.4,97.4,39.9,155.8,104.2,89.8,59.4,21.6,57.2,34.3,40.5,42.6,53.1,8.1,40.9,44.9,39.1,14.6,63.1,179.8,59.1,48.0,88.1,84.0,18.2,24
23.3,44.2,40.9,56.8,109.0,39.8,154.4,111.2,85.1,66.5,23.1,59.3,35.0,47.1,48.6,51.1,6.8,42.8,46.1,37.4,15.4,63.7,177.3,67.0,49.5,101.0,99.1,18.1,31
21.7,40.7,32.0,45.5,88.2,36.5,154.4,92.0,91.1,56.9,21.1,56.7,33.3,38.4,40.9,51.9,7.1,34.2,38.4,37.8,15.2,63.5,178.4,53.4,44.7,73.7,67.7,17.2,24
25.5,40.8,40.2,54.5,110.0,44.2,150.1,119.2,81.7,65.8,21.7,56.9,35.5,43.8,44.8,47.9,7.5,41.4,44.9,33.0,13.4,56.6,174.0,67.7,51.1,108.4,104.7,17.8,28
22.8,41.7,34.3,50.1,104.8,37.2,171.8,100.5,97.6,68.1,23.1,59.5,36.2,39.5,43.3,55.4,8.3,38.2,42.9,38.4,15.8,63.4,197.9,65.6,52.0,96.0,92.2,17.8,25
22.9,38.9,35.5,50.9,103.6,39.7,151.7,104.0,83.6,62.8,20.0,55.5,33.6,41.1,42.3,49.3,7.8,39.0,43.3,35.7,13.2,57.1,174.4,62.6,48.6,91.5,82.2,16.5,29
21.6,43.7,39.7,53.8,103.0,37.2,157.0,110.2,88.3,63.8,21.4,55.3,34.7,45.1,47.2,50.2,7.4,40.2,43.9,36.1,16.0,60.4,179.4,63.1,48.6,91.4,89.9,17.6,27
20.7,42.6,40.1,54.4,99.0,36.1,142.6,112.0,81.7,58.8,20.1,57.4,32.6,46.5,46.5,46.6,6.7,43.1,45.5,36.2,14.1,61.1,163.7,64.3,44.5,96.0,85.0,16.8,39
22.6,40.6,30.0,42.8,87.5,33.1,149.2,89.6,83.8,57.7,20.7,55.8,32.9,40.4,43.2,45.9,7.5,35.5,39.7,35.8,15.8,59.0,173.7,48.4,45.5,72.4,60.1,16.3,19
24.7,44.3,46.8,60.6,120.5,47.5,145.5,125.8,86.0,69.4,20.4,56.0,35.5,48.5,49.7,48.5,7.5,43.2,46.5,35.6,15.4,59.1,166.6,82.8,49.1,123.8,120.6,17.8,26
22.4,42.1,33.3,52.2,102.1,37.0,154.3,104.5,85.8,68.4,21.4,58.8,34.4,47.6,48.4,49.1,7.7,39.9,43.2,35.9,15.2,60.5,178.0,62.4,46.5,87.8,81.6,16.8,27
23.6,42.8,34.7,52.1,97.7,38.1,149.9,104.3,82.5,65.3,21.4,56.5,33.7,43.1,46.0,47.0,7.3,37.3,42.0,35.4,15.5,57.5,174.0,60.6,46.1,87.2,78.3,17.5,31
22.5,42.5,34.8,52.3,104.8,40.3,151.9,109.2,87.7,63.1,21.3,58.2,34.6,46.1,47.0,49.4,7.3,41.8,44.9,35.9,14.5,60.4,174.8,65.5,47.0,100.4,90.6,16.7,28
21.4,41.2,35.6,53.1,99.8,36.6,143.8,110.9,79.6,56.4,20.7,59.6,33.3,47.6,48.0,44.2,6.8,40.8,44.4,32.5,15.1,53.5,166.7,60.8,48.4,93.8,81.7,17.5,21
22.7,41.5,31.3,50.6,105.1,39.0,155.8,107.6,86.6,68.9,21.7,57.7,34.9,48.4,48.8,49.6,7.3,41.4,45.0,34.5,15.3,57.0,178.1,64.3,49.1,93.6,87.2,16.2,23
25.7,40.7,35.5,51.2,105.4,40.9,151.6,103.7,85.8,59.3,21.3,57.1,35.0,39.3,41.5,48.6,8.2,38.4,41.9,35.8,13.8,59.6,175.6,64.7,49.0,96.3,84.8,17.4,26
22.4,42.6,36.8,50.7,102.2,40.6,146.4,104.7,83.7,60.1,19.5,58.3,33.9,42.6,45.6,47.1,7.2,40.9,45.1,32.9,14.5,55.6,169.4,66.3,48.0,95.0,86.9,16.9,24
25.4,46.4,38.8,57.6,120.4,44.5,154.3,120.2,84.5,62.4,21.4,59.7,36.3,48.4,51.3,50.1,8.3,42.2,47.0,35.9,17.0,58.6,179.0,75.4,55.0,117.0,110.8,18.4,25
23.0,41.6,37.4,51.6,116.0,39.3,151.8,110.9,87.5,69.4,21.3,56.3,33.5,48.0,48.3,48.3,6.1,40.1,43.3,36.5,14.0,61.4,173.6,73.5,46.5,107.8,97.4,17.2,27
25.3,42.2,41.4,52.8,113.3,42.5,158.9,112.9,86.6,64.6,23.7,57.7,35.7,39.8,42.3,50.4,8.7,40.9,44.3,37.1,14.0,61.1,183.6,72.2,53.0,103.8,103.9,19.4,29
22.7,38.9,33.6,47.3,98.9,38.2,148.6,99.4,80.0,65.1,21.4,57.0,34.2,36.2,38.1,45.5,6.6,39.1,42.8,33.9,13.6,55.6,174.0,60.9,48.1,86.2,77.6,18.2,25
20.9,38.4,32.8,47.2,95.5,38.2,150.9,97.4,81.0,57.2,18.9,55.3,31.2,42.6,44.2,44.9,6.8,37.6,43.4,32.3,11.9,56.1,175.0,56.2,51.7,87.0,71.8,15.7,34
23.1,41.7,33.6,51.7,107.8,38.3,150.9,107.7,82.6,63.8,20.8,60.3,34.1,39.5,40.1,49.1,7.7,41.5,45.9,35.4,14.0,57.6,177.0,67.3,48.5,101.0,88.4,17.1,25
21.8,40.9,29.2,45.2,85.8,35.5,157.5,82.6,94.4,55.1,19.8,56.4,34.3,37.0,40.9,52.6,7.7,33.2,37.5,38.2,15.1,64.5,180.7,50.9,45.4,65.0,59.6,16.9,22
21.5,38.2,30.6,47.0,94.4,36.3,140.8,93.1,78.2,57.4,19.4,54.6,30.9,42.6,43.7,45.3,7.1,38.3,41.2,34.3,14.0,55.5,162.3,55.3,44.3,86.0,60.5,16.5,25
22.1,41.0,33.5,49.5,103.4,37.7,150.4,103.2,83.0,62.3,20.7,56.7,33.4,42.1,44.4,50.1,7.3,38.8,42.0,34.8,12.5,58.1,174.2,64.1,46.5,90.2,79.6,17.2,30
22.2,42.2,34.7,51.8,97.7,37.7,157.9,105.0,92.4,61.0,21.8,57.6,34.9,42.0,43.1,53.9,7.0,38.5,41.5,36.2,15.3,60.0,180.6,61.2,47.4,83.0,78.6,16.7,26
22.6,45.1,38.0,55.4,111.7,41.2,156.0,119.2,88.7,64.2,21.5,57.9,34.7,48.0,49.0,51.7,8.2,41.3,44.9,35.7,16.4,60.2,178.7,71.4,51.6,106.7,102.1,17.8,22
25.5,41.8,37.6,53.7,108.7,44.4,152.0,111.6,85.5,63.0,21.1,57.0,34.4,41.5,42.1,47.8,7.4,40.7,44.4,35.2,14.0,59.5,175.0,68.9,52.2,99.9,95.5,18.2,26
20.6,40.6,29.0,47.3,88.3,35.8,142.3,95.3,79.3,53.5,19.3,58.3,31.1,42.1,44.6,44.8,7.4,34.9,38.0,34.1,15.5,54.6,165.2,52.5,45.7,83.9,62.9,16.0,21
22.2,43.2,32.6,49.6,96.3,36.3,158.6,97.9,88.6,63.2,21.7,58.7,34.3,40.0,43.1,50.4,7.4,38.1,43.0,38.3,15.8,62.0,184.0,55.7,49.1,80.2,76.0,17.0,19
23.6,43.0,30.5,46.1,90.0,39.6,153.5,92.8,86.4,59.8,20.2,57.3,36.6,40.5,44.7,51.7,7.5,38.5,41.8,37.4,16.7,62.0,178.2,52.9,45.5,73.0,68.7,18.0,20
22.5,42.6,36.3,53.0,106.9,42.0,153.4,110.6,84.2,64.9,21.2,56.4,35.2,47.5,49.0,48.7,8.0,40.0,44.7,37.3,15.5,61.5,177.9,66.0,48.2,96.6,92.2,17.5,24
22.0,43.1,32.8,50.9,91.8,34.8,143.8,99.3,84.0,54.1,20.6,55.9,34.5,42.5,45.0,48.6,6.7,37.9,42.0,35.5,15.2,57.1,166.5,55.7,44.9,83.8,67.8,16.9,24
21.0,37.4,33.0,47.9,94.3,37.2,144.2,97.6,81.3,55.1,20.5,58.6,32.6,41.0,41.4,48.3,7.5,37.0,40.9,34.0,13.5,57.0,169.0,61.1,45.6,86.6,71.5,15.8,20
22.2,42.5,36.5,52.0,97.4,41.3,138.9,107.0,76.1,57.7,21.7,55.5,32.3,44.5,46.0,44.4,6.8,38.9,43.1,32.5,15.7,55.1,160.9,59.2,43.1,93.2,78.5,17.3,42
21.7,40.7,29.0,45.8,92.8,34.7,163.7,91.7,91.7,59.9,22.0,58.2,34.4,36.2,40.0,52.2,8.7,38.0,42.1,37.4,15.5,62.5,188.8,56.4,52.9,81.6,73.2,18.3,25
21.8,42.0,32.5,47.5,95.1,37.0,147.5,102.3,82.7,58.8,20.8,57.7,33.4,46.5,48.1,46.6,7.2,38.0,40.5,34.9,16.1,58.4,169.7,59.2,47.3,80.8,73.9,17.7,20
22.0,40.2,30.4,45.3,94.6,36.8,156.9,93.4,87.2,58.2,21.7,58.8,35.0,34.9,38.9,51.4,7.2,36.3,39.2,39.7,14.0,64.5,181.8,54.6,48.6,83.6,72.3,17.3,22
21.6,42.0,34.6,51.1,102.6,35.4,155.7,107.4,87.4,65.7,21.3,58.3,33.3,42.0,44.8,50.9,7.0,42.1,46.6,38.5,12.7,63.0,178.0,60.1,49.8,92.5,85.7,17.6,23
20.7,45.0,30.4,47.4,96.1,34.7,153.4,97.9,86.5,56.9,21.5,57.0,33.3,40.0,45.0,49.4,7.4,36.5,40.0,35.9,18.0,59.5,179.1,56.5,47.4,77.5,70.0,16.7,21
23.3,45.2,31.5,50.7,98.1,37.3,156.8,98.0,86.6,64.4,21.1,59.0,34.1,45.9,47.5,49.2,7.7,37.8,43.3,38.0,16.9,60.4,182.8,57.4,49.2,83.0,76.0,17.1,21
22.2,39.4,36.6,49.4,91.9,36.0,144.1,98.4,80.0,54.3,22.0,59.6,33.0,42.0,42.4,47.2,7.8,38.4,42.4,32.5,13.5,54.1,167.4,58.4,46.3,85.7,71.7,17.8,24
22.7,42.1,40.4,57.3,107.5,40.8,149.6,116.1,82.0,63.7,21.2,58.7,35.8,45.1,45.2,48.6,7.4,43.2,46.4,35.4,14.0,59.5,171.6,66.4,47.8,105.8,96.5,17.9,44
22.5,42.6,36.5,54.6,104.5,37.5,154.8,107.7,89.9,62.8,22.1,59.7,36.4,45.6,46.6,51.6,8.0,41.1,45.5,37.2,14.0,63.4,177.8,64.6,46.5,93.7,88.0,17.6,37
23.6,42.4,37.0,47.6,95.2,38.3,153.2,100.2,85.8,57.8,21.2,57.8,33.8,36.0,40.2,47.3,6.8,38.9,42.8,36.2,16.0,58.1,179.7,57.8,47.0,80.9,76.5,17.4,21
22.8,42.7,42.9,55.3,107.8,42.1,150.4,114.1,84.5,61.7,22.0,57.8,35.0,45.0,46.4,49.2,7.9,43.5,45.7,35.7,14.5,58.0,172.3,66.9,47.9,100.3,97.4,17.5,31
23.7,40.7,34.5,51.5,100.8,39.7,154.3,105.2,87.5,61.7,21.3,58.2,33.3,42.0,43.1,49.8,7.3,37.4,42.0,36.7,14.9,61.9,178.4,63.8,49.3,93.0,84.6,17.6,30
20.6,37.0,34.0,52.1,90.7,36.5,145.7,105.9,81.0,54.9,20.6,57.4,31.0,45.5,44.3,46.0,6.8,38.2,42.0,33.5,12.6,57.3,168.8,55.1,48.5,86.6,73.4,16.0,23
23.1,42.0,33.9,49.2,99.6,39.4,152.6,102.4,84.6,57.2,21.2,57.6,34.4,41.5,44.2,49.4,7.3,38.6,42.1,37.1,15.1,61.1,174.5,62.4,47.0,91.1,80.4,18.0,34
23.6,39.0,30.2,45.0,93.0,39.0,147.3,93.8,85.8,54.3,20.7,58.8,33.7,38.0,40.6,48.7,7.4,37.5,41.5,36.4,13.5,60.7,170.8,55.6,46.0,86.5,70.8,18.4,20
22.3,40.4,41.0,51.0,97.7,38.1,154.9,110.6,92.9,57.7,21.9,57.5,37.1,44.3,45.2,50.1,7.4,40.4,43.5,36.5,14.8,61.0,177.9,63.0,43.1,86.8,88.0,17.8,33
21.3,41.0,31.4,50.2,96.0,37.0,145.6,98.7,81.2,57.5,20.1,56.6,31.6,42.2,45.0,45.5,7.6,37.0,40.4,33.8,16.9,57.1,168.5,60.1,46.4,86.5,71.5,16.1,20
24.1,42.3,38.2,56.3,108.2,40.9,160.2,114.3,88.9,65.9,22.7,59.5,36.8,48.3,50.5,54.2,7.8,41.2,44.2,37.8,16.0,60.5,184.1,68.2,53.2,103.0,101.4,19.5,32
20.7,40.4,34.3,51.1,98.6,35.8,139.1,109.7,75.6,67.8,19.8,56.7,31.7,47.8,47.1,43.0,7.0,40.3,43.0,32.6,14.1,54.0,164.0,61.5,45.3,92.5,77.5,15.9,26
24.2,44.1,45.6,60.1,116.8,44.5,154.8,123.3,85.0,63.8,20.8,56.7,36.6,50.7,50.9,50.9,7.6,43.0,46.3,35.4,15.0,61.8,176.2,70.7,50.8,110.1,108.9,18.5,34
23.8,40.5,41.2,52.0,107.3,42.3,156.7,106.3,87.6,62.5,23.0,60.1,35.6,44.3,45.5,50.7,8.8,42.1,45.8,36.5,15.0,60.9,180.4,66.8,50.5,92.7,96.5,17.9,20
23.1,40.3,36.0,50.2,104.7,41.8,151.6,105.3,88.0,61.1,20.4,58.8,34.3,40.1,42.9,49.1,7.2,38.0,40.7,35.7,14.1,59.7,173.6,66.8,45.6,95.7,86.4,16.0,22
22.7,40.6,33.7,47.4,93.1,36.5,153.8,98.6,87.8,59.8,20.4,57.7,33.3,42.3,44.5,49.9,7.7,38.2,42.8,37.0,14.6,60.6,180.4,56.8,45.7,78.6,73.8,17.4,21
21.5,40.4,35.3,47.7,95.1,37.8,149.4,101.1,85.3,58.1,22.2,56.2,34.1,43.1,44.8,47.9,6.9,39.4,42.9,35.7,13.8,57.8,172.0,58.7,48.0,84.9,74.1,16.6,22
23.3,41.5,39.6,54.7,112.1,41.4,153.6,107.7,84.6,66.6,20.8,57.2,34.8,42.0,43.5,46.0,6.6,38.8,42.3,34.8,15.2,58.5,177.9,70.5,49.4,91.8,93.4,17.9,22
21.7,44.2,32.4,50.6,95.7,38.4,155.7,100.4,90.0,58.9,22.2,56.4,34.4,42.9,46.5,51.5,7.4,36.3,39.5,39.7,16.9,65.5,179.5,58.4,47.8,85.1,76.7,17.3,32
23.4,39.7,35.0,47.6,102.9,39.1,146.9,103.3,81.0,58.1,20.8,56.9,33.6,42.2,43.0,46.0,7.0,34.8,39.1,34.0,14.6,56.6,170.3,65.9,50.5,101.1,80.9,17.3,36
23.3,40.9,34.6,49.2,101.5,38.1,144.4,102.7,80.5,61.9,22.4,57.6,34.0,46.8,47.1,45.6,8.0,38.2,42.1,35.0,15.7,56.4,169.9,62.8,45.5,90.5,79.7,17.0,19
23.5,40.8,38.1,51.9,113.2,45.3,157.8,114.2,90.6,65.5,21.3,58.5,36.7,42.0,42.0,52.9,8.1,39.8,43.0,37.1,14.0,61.0,180.9,71.8,53.9,109.6,104.6,17.4,25
22.4,40.5,35.7,50.3,102.1,38.5,143.2,101.7,83.1,59.3,21.7,57.9,32.7,40.8,43.2,46.1,6.7,38.0,41.0,33.7,14.1,56.5,166.6,63.3,43.2,89.1,78.7,17.4,21
23.2,42.0,34.5,50.7,96.2,39.5,153.5,102.1,87.0,63.4,21.9,56.7,34.1,45.1,47.1,50.0,7.4,38.2,41.7,35.9,15.6,59.6,177.7,58.8,46.3,85.5,79.8,17.4,21
22.7,40.5,35.9,50.6,102.4,40.6,142.0,103.7,79.0,59.7,18.8,56.1,31.7,41.5,43.5,45.6,6.1,37.1,41.9,33.1,14.0,55.5,163.4,63.8,44.6,94.0,77.4,16.3,21
22.7,40.5,32.3,48.1,93.8,37.2,156.6,99.4,88.5,59.9,20.4,56.1,33.0,37.2,39.0,49.7,7.7,37.7,42.1,36.0,13.6,59.4,182.2,56.9,47.6,88.0,76.6,16.6,23
23.1,45.5,36.8,51.0,95.5,39.8,152.2,109.5,85.8,59.4,22.2,56.7,34.0,35.6,40.0,49.5,7.2,41.0,45.3,37.7,15.2,61.4,172.2,58.8,48.0,83.2,80.8,18.6,27
21.7,41.8,32.0,48.7,93.3,36.9,142.9,101.2,80.9,56.4,19.8,55.9,31.7,43.5,46.0,44.2,7.2,36.5,40.6,34.0,16.0,56.4,164.0,56.8,46.3,81.7,69.0,15.9,21
21.2,38.0,31.2,48.2,99.2,37.0,136.9,102.9,76.8,54.9,20.1,56.8,32.2,42.0,43.7,43.3,6.7,38.0,41.8,32.2,14.0,54.5,157.7,59.2,46.1,92.9,69.5,16.9,22
22.2,41.4,32.9,49.5,98.1,37.5,142.8,101.4,77.4,59.3,21.0,56.7,33.4,38.4,40.5,44.6,8.0,38.5,43.3,33.2,13.7,55.0,165.0,57.2,47.2,90.5,72.6,16.6,26
19.3,39.3,27.6,43.0,89.5,31.2,150.3,88.3,87.0,56.9,18.3,54.3,31.0,37.1,41.1,49.7,7.5,34.0,37.6,36.2,15.6,59.2,174.3,52.2,46.3,79.4,59.0,15.8,28
23.9,40.1,36.1,51.4,105.3,42.1,151.7,102.4,82.2,60.4,22.4,58.4,35.2,38.5,41.5,45.8,7.2,39.2,42.0,37.2,15.9,61.1,176.4,62.7,50.2,94.1,87.2,18.2,21
24.2,44.5,34.4,51.5,107.0,42.7,168.4,109.8,96.3,61.3,23.6,59.6,36.8,38.5,43.3,56.0,6.7,39.5,43.0,42.3,16.8,67.5,194.5,65.3,55.2,102.2,101.7,18.6,32
22.7,41.6,35.7,50.0,104.2,40.2,151.5,104.4,84.2,62.6,20.2,57.4,33.4,43.1,46.0,48.0,6.7,39.0,42.6,36.8,15.1,58.9,176.5,63.9,48.2,97.0,87.3,16.8,33
22.2,40.7,35.6,50.4,99.5,39.3,149.5,105.6,86.6,60.0,21.0,58.9,34.4,42.3,43.0,48.6,7.4,38.5,42.0,35.2,15.5,59.5,172.5,59.2,44.8,87.3,77.1,17.0,22
25.3,45.0,39.3,57.2,115.3,43.6,158.8,125.2,84.1,69.0,22.5,59.8,37.1,46.0,48.1,48.7,7.3,41.7,45.7,36.9,16.0,61.8,182.7,69.2,54.1,112.7,114.6,18.9,24
24.7,42.4,35.2,53.0,103.6,42.5,151.7,108.3,82.9,65.8,20.2,57.8,34.2,44.3,47.0,47.1,6.9,38.0,41.6,37.7,15.7,62.2,175.9,64.2,47.9,91.8,88.0,17.5,28
26.1,43.5,40.7,58.0,115.7,41.2,153.8,116.2,85.7,64.5,22.0,58.4,35.3,47.3,49.6,49.2,7.4,41.5,45.8,36.0,15.3,58.0,178.1,72.5,50.6,110.0,103.5,18.7,24
22.8,42.2,41.3,54.7,110.5,43.5,145.7,116.2,81.7,63.7,21.3,58.5,35.8,46.4,47.2,45.4,7.1,41.5,43.3,34.3,14.7,57.1,167.3,71.0,47.8,101.5,98.8,17.3,24
24.7,44.4,40.0,54.3,108.9,44.4,155.5,110.4,88.1,64.4,21.7,59.2,36.6,43.1,47.6,51.7,7.4,42.4,46.0,37.0,15.8,61.0,178.7,70.8,49.0,91.0,99.2,19.0,25
24.0,46.0,36.4,53.2,103.2,39.4,157.1,108.4,88.1,60.4,21.8,56.4,35.0,45.6,47.7,52.0,6.6,38.7,42.9,37.4,17.6,61.8,179.8,65.0,48.0,85.6,88.4,17.3,32
23.1,40.0,33.3,50.3,99.3,38.7,148.8,100.2,81.0,59.7,21.7,56.8,35.6,41.5,43.5,48.3,7.0,38.5,42.0,36.5,14.0,58.5,172.0,61.7,48.6,94.5,78.8,16.7,20
23.4,39.9,34.7,48.1,91.5,37.4,154.8,96.6,90.5,57.1,22.3,58.9,35.3,41.3,43.9,51.7,7.7,37.1,41.4,36.1,15.4,60.0,179.0,56.3,46.0,78.3,75.0,18.4,22
20.8,39.5,32.5,47.8,104.7,34.7,145.3,102.3,79.6,58.6,19.4,55.3,32.5,39.5,42.0,48.4,6.7,36.5,39.0,33.9,14.7,56.1,167.8,59.4,48.8,98.8,75.3,16.5,38
25.5,39.8,37.1,49.8,110.1,42.4,150.8,113.1,87.3,61.2,20.7,58.6,36.2,43.5,45.0,49.5,6.8,41.0,43.9,37.3,15.5,61.0,175.7,65.2,49.5,101.4,93.5,17.1,32
23.2,44.2,33.4,51.5,103.1,39.2,150.6,104.2,83.1,60.8,21.2,57.8,31.7,47.7,49.5,47.8,7.3,39.0,42.9,37.7,16.3,62.5,174.0,63.6,50.9,96.7,82.6,17.1,29
21.7,40.4,35.0,53.3,97.9,36.3,147.8,113.8,83.8,53.4,21.2,54.7,33.7,41.5,42.1,48.9,6.5,39.3,43.3,34.5,14.0,57.4,169.6,59.2,50.0,96.1,78.9,16.7,45
22.4,40.4,35.2,50.0,106.7,39.2,153.4,105.2,84.7,59.8,22.1,60.1,34.0,37.8,40.0,48.8,6.8,38.4,42.7,36.4,14.5,58.0,179.1,64.2,49.0,94.2,87.4,17.4,27
25.2,41.0,34.1,50.0,100.4,40.7,147.3,100.4,80.5,58.6,20.4,57.0,34.0,36.0,40.4,46.4,7.3,38.2,43.4,34.2,14.2,55.5,169.4,61.7,48.4,91.1,79.7,17.0,19
20.0,39.8,33.6,47.1,94.3,33.3,145.9,99.2,85.4,55.7,18.5,54.0,31.8,39.0,40.6,49.0,7.5,36.7,40.2,34.7,14.7,57.6,167.9,53.8,46.0,81.1,63.9,15.5,29
23.2,40.6,38.4,49.2,101.1,37.4,150.3,100.8,85.8,57.1,22.7,57.7,35.0,43.3,45.0,48.9,6.9,41.5,43.7,36.1,14.5,60.1,173.3,64.5,47.5,87.5,82.8,17.6,26
21.6,38.4,30.9,44.7,96.4,36.4,155.9,93.3,90.7,60.7,18.7,57.2,32.8,36.2,39.0,50.0,7.3,37.0,41.1,38.8,14.2,61.0,181.4,57.5,47.0,78.9,72.2,16.8,23
22.7,42.9,39.3,53.8,114.8,41.3,148.7,109.0,86.2,60.5,21.7,60.0,35.7,45.7,48.6,46.7,7.0,42.7,45.0,35.9,14.3,59.5,170.9,71.3,48.0,102.1,96.7,17.7,21
24.7,42.0,38.1,56.0,106.9,45.4,150.2,118.3,82.5,66.6,22.4,59.2,36.4,42.5,45.0,48.4,7.5,39.5,43.6,36.1,15.5,60.5,174.6,65.5,49.5,103.3,97.0,18.0,30
23.2,40.5,38.8,48.0,96.2,39.9,157.2,102.4,93.1,58.2,22.1,54.6,35.4,40.2,42.1,53.0,7.7,38.0,41.4,38.0,14.2,63.5,180.0,59.6,45.8,77.5,81.9,18.3,24
23.4,42.5,41.1,57.3,106.1,40.7,148.4,113.3,82.6,65.6,21.7,59.3,33.3,45.8,46.5,47.3,7.2,40.3,44.4,36.1,14.6,58.6,171.6,68.7,47.1,99.1,94.6,18.0,30
23.0,43.8,38.8,51.4,96.8,41.6,150.7,102.5,81.9,60.2,20.8,57.7,32.7,42.8,43.6,47.4,6.0,38.9,43.9,34.0,16.0,56.0,173.5,58.9,48.0,83.4,77.5,16.5,26
21.7,40.3,32.8,46.5,95.7,35.4,146.9,95.1,83.0,57.0,20.4,58.1,34.4,41.2,44.6,49.8,6.7,37.5,41.0,35.7,14.9,56.5,169.2,57.9,44.2,79.0,68.6,15.8,21
22.2,41.9,33.2,49.5,103.1,37.5,147.2,102.3,81.1,56.5,21.2,58.5,32.7,40.5,43.0,47.0,7.3,35.7,40.5,35.9,15.2,57.5,169.7,63.3,51.1,100.5,79.9,16.7,19
24.0,43.0,36.2,48.8,89.9,36.6,156.8,96.2,89.0,61.2,22.2,56.9,34.8,40.9,44.0,50.6,6.7,35.7,41.1,37.4,15.2,62.6,182.6,52.9,46.1,73.9,71.9,17.4,23
22.5,39.2,36.6,49.5,101.1,39.3,150.2,110.8,85.0,62.9,19.4,57.1,31.6,44.0,45.0,47.1,7.8,40.8,44.8,34.4,14.5,57.2,174.0,61.9,46.2,95.2,84.1,16.8,26
21.3,39.4,30.1,44.0,92.8,33.5,150.0,95.5,87.2,58.8,21.0,55.1,32.8,39.0,40.5,49.5,7.3,35.3,38.7,37.2,14.5,59.5,175.2,53.8,44.1,78.9,64.3,17.5,24
23.8,42.3,36.2,52.6,103.8,40.0,159.8,109.9,91.5,61.5,20.3,59.4,35.5,49.2,49.5,51.6,7.2,43.2,47.4,34.6,15.2,59.6,182.8,63.4,54.7,98.9,94.8,17.7,25
19.8,38.9,32.0,46.2,91.7,36.3,147.1,92.0,83.5,54.4,19.3,53.7,31.2,40.3,42.1,47.2,6.7,36.5,40.6,35.7,14.7,59.5,170.7,55.3,46.0,82.0,66.9,16.0,24
21.7,41.5,38.5,52.5,98.3,38.0,149.4,105.2,85.4,59.6,21.4,58.5,33.3,43.0,43.5,48.3,6.6,38.7,42.5,36.1,14.8,59.7,172.1,59.8,47.9,88.7,82.3,16.5,30
24.4,42.7,30.9,49.6,94.9,39.8,159.6,98.2,91.9,61.2,22.0,57.7,36.0,38.5,42.2,51.7,7.4,36.9,41.0,37.8,16.7,60.5,185.2,57.1,48.1,78.2,76.8,17.8,20
23.0,41.5,34.3,52.8,102.5,41.0,142.6,105.4,79.0,58.6,20.2,56.8,32.8,46.5,46.6,45.0,5.8,39.9,41.7,34.3,14.9,55.9,165.1,62.3,47.4,94.3,81.5,17.0,43
23.1,43.1,37.5,52.4,99.3,39.5,148.3,110.2,80.5,60.8,20.9,57.3,33.2,45.0,46.7,48.6,6.5,41.0,44.2,36.4,15.1,60.6,170.7,64.3,47.7,94.2,83.8,17.0,29
21.9,43.0,33.5,49.3,95.0,37.3,157.0,98.8,90.6,56.5,20.7,59.7,34.3,41.5,44.5,50.8,7.9,37.3,42.2,38.0,16.4,63.4,179.5,57.6,48.9,81.4,76.8,16.9,28
21.8,40.1,32.4,48.0,95.8,37.2,146.2,96.3,81.7,59.4,21.8,56.6,33.3,36.6,39.6,48.4,7.4,37.5,42.3,36.5,13.9,60.2,170.7,58.8,42.7,83.2,69.5,16.4,26
21.4,38.3,30.7,46.2,97.0,36.0,145.9,95.2,83.9,57.0,20.6,54.7,33.1,40.5,41.5,48.7,6.4,37.2,41.0,36.1,13.0,62.4,167.9,58.6,43.3,79.6,69.2,17.0,22
23.3,42.0,41.0,53.9,108.7,42.9,152.5,108.9,87.4,63.0,20.7,58.4,34.0,42.3,45.5,50.5,6.7,41.1,43.2,39.6,14.9,65.2,173.5,68.6,47.7,99.1,95.9,17.3,27
22.3,41.2,35.5,50.8,103.2,36.8,151.0,106.4,82.4,60.7,19.8,54.8,32.2,39.5,42.5,46.5,6.7,40.5,45.0,36.9,13.9,60.1,173.1,61.8,51.7,96.7,83.0,16.5,31
23.5,39.7,36.4,52.7,114.7,42.2,147.3,110.5,78.9,65.7,21.6,57.7,34.8,43.5,45.1,48.0,6.9,40.5,44.0,34.2,14.0,56.5,170.9,69.3,47.9,102.2,93.7,17.2,30
24.3,41.5,33.9,52.1,107.9,40.8,145.1,109.7,78.4,64.4,21.7,57.0,34.0,43.0,44.1,45.4,7.3,41.0,44.5,34.7,14.5,55.5,168.3,68.1,49.9,104.3,90.3,16.5,26
21.5,41.4,28.9,46.6,89.8,35.0,154.8,97.3,88.2,57.6,21.8,55.5,34.7,44.3,46.0,50.6,7.4,35.0,37.5,37.9,16.0,63.1,180.2,50.4,45.2,70.7,64.0,17.4,25
24.3,44.2,33.4,50.6,100.0,40.7,148.0,103.5,83.7,63.2,21.7,55.6,34.3,44.0,45.3,47.0,6.7,38.0,42.5,35.4,14.9,59.5,172.3,61.3,46.4,87.9,78.7,17.5,19
22.7,40.7,40.6,53.5,116.6,41.8,149.6,117.6,79.2,69.2,22.7,57.5,36.3,48.0,48.0,46.9,7.1,41.5,44.8,35.1,14.0,59.5,172.1,77.3,54.9,118.8,111.2,19.0,23
21.6,42.3,35.4,51.0,103.8,38.0,153.7,101.9,81.2,63.8,20.3,59.3,32.6,44.5,46.4,48.2,6.4,37.8,42.7,35.7,15.3,58.9,178.3,65.5,51.5,90.7,83.7,17.4,24
22.2,39.4,33.1,48.0,91.2,37.0,138.7,97.7,73.9,55.6,20.5,56.5,32.2,42.0,43.5,44.2,6.7,37.0,40.9,33.1,13.6,54.5,161.8,55.7,43.8,82.8,66.0,17.0,24
23.1,39.9,32.0,49.2,97.0,38.6,150.1,101.4,81.3,61.7,21.8,58.1,34.1,39.5,42.0,48.3,7.4,38.1,42.5,35.7,15.0,58.2,172.1,59.1,49.1,96.0,78.1,17.9,33
22.7,41.0,33.1,48.5,99.2,37.8,157.0,103.2,85.7,63.7,20.8,58.8,35.0,39.4,42.5,50.1,6.4,38.1,42.4,37.4,16.0,62.2,182.9,61.7,51.1,87.1,82.1,18.0,21
23.3,41.7,38.0,53.9,109.6,44.3,144.2,112.3,76.8,68.8,20.9,59.5,33.3,46.0,47.0,44.7,7.1,44.5,46.3,34.7,13.3,57.6,165.3,66.8,47.2,103.7,92.2,17.5,32
22.3,42.0,32.2,48.5,92.2,35.6,156.7,99.6,89.5,53.3,20.5,56.9,33.3,43.0,45.5,52.8,7.7,36.5,39.7,38.4,15.6,63.9,180.4,56.7,49.8,86.5,74.1,16.3,23
21.6,41.4,32.8,47.2,91.4,37.2,153.5,92.4,89.0,54.0,20.8,57.0,34.0,43.5,45.0,51.3,7.3,36.5,40.9,37.7,15.6,62.9,178.5,54.8,47.0,75.8,71.8,16.6,24
23.3,43.7,34.2,51.3,99.6,39.3,152.6,100.9,84.1,61.4,21.7,58.6,33.6,47.7,48.6,47.9,6.8,41.6,47.2,35.7,15.8,59.6,177.1,60.3,48.3,88.4,83.6,17.9,22
22.5,39.2,34.2,47.5,96.3,39.1,144.2,93.4,78.4,60.7,21.2,56.2,32.6,36.2,39.0,46.0,7.0,38.1,41.0,33.6,14.1,55.0,167.6,59.4,47.5,86.5,72.5,17.5,21
22.7,40.3,34.2,49.3,86.8,37.5,140.0,97.6,78.2,55.8,20.2,58.5,33.3,41.0,42.1,48.1,6.9,38.8,43.0,34.3,13.0,56.1,164.6,53.3,44.6,79.1,64.5,16.1,26
22.2,43.5,30.5,48.8,98.3,36.9,161.1,96.4,88.5,63.3,21.5,57.1,34.5,44.0,47.3,51.5,7.2,36.2,42.7,37.1,16.3,60.9,185.9,60.2,50.2,84.9,76.6,17.6,28
22.8,44.1,34.2,51.0,95.0,38.4,147.4,95.7,82.9,64.5,20.5,59.7,33.3,43.5,46.5,47.6,6.6,37.7,41.5,35.2,16.4,59.3,171.0,60.5,46.0,77.6,74.4,17.2,19
20.7,39.3,27.9,44.7,89.6,32.5,156.8,93.8,91.6,56.6,20.1,55.7,33.3,45.6,48.5,51.8,7.6,36.5,40.0,40.1,15.5,65.5,178.9,50.1,48.1,82.5,63.3,16.5,25
22.5,38.2,36.5,47.3,98.4,39.2,150.4,99.2,86.5,59.7,22.0,55.4,33.3,38.5,40.7,48.0,6.9,38.5,42.7,38.1,13.6,61.9,173.7,60.6,47.7,87.7,77.5,16.9,27
19.0,39.0,29.6,43.5,84.6,32.4,137.5,89.0,79.4,52.6,19.2,53.8,30.6,40.0,42.0,43.9,5.8,34.0,37.7,33.7,14.0,54.6,162.4,51.7,41.8,74.1,53.5,15.7,27
22.7,37.8,35.0,48.6,100.8,38.3,145.2,101.1,81.2,63.4,20.8,59.2,33.7,39.5,40.6,46.1,7.3,37.2,41.2,34.9,13.2,57.9,167.0,61.9,46.6,91.8,77.0,17.0,23
24.0,40.8,37.1,53.0,106.1,40.4,145.6,108.4,81.1,58.2,21.1,54.8,34.4,41.5,41.5,44.6,6.8,39.5,43.7,34.9,13.3,55.3,167.6,65.9,49.0,95.0,84.7,17.4,24
24.7,41.1,38.6,53.3,110.7,43.8,145.4,115.0,78.6,61.8,22.8,56.8,36.2,41.0,42.7,45.2,6.8,39.4,45.1,33.5,14.5,57.0,169.2,69.3,51.0,103.2,96.3,19.2,20
23.7,39.5,35.9,50.4,100.8,38.1,139.4,98.6,76.6,59.0,20.5,58.8,33.3,42.1,46.0,41.7,6.8,39.4,42.7,32.4,14.8,52.8,162.2,62.2,46.5,90.7,76.2,17.1,22
23.2,41.1,38.6,50.3,93.9,40.3,152.4,108.2,86.0,58.8,20.9,57.1,33.1,48.0,48.0,48.8,7.7,40.7,45.6,33.7,14.8,57.5,176.0,57.9,49.1,79.5,80.7,17.0,23
25.5,45.0,40.1,58.8,110.2,42.2,146.8,126.3,82.8,62.9,21.6,61.7,35.7,51.1,53.5,47.0,6.8,45.2,48.1,35.0,15.6,59.4,168.7,66.1,49.5,113.1,104.9,18.6,23
22.4,39.5,34.2,47.2,91.5,35.8,145.7,92.3,80.4,58.8,20.9,56.6,32.5,43.5,44.0,45.0,6.4,36.5,40.1,35.0,15.0,56.2,170.5,54.2,44.0,77.5,66.7,16.8,25
23.1,43.6,35.0,50.9,103.0,38.5,158.6,105.8,93.0,62.0,21.4,56.4,35.7,43.0,45.5,53.3,7.5,39.5,44.5,38.6,15.3,63.8,181.0,63.4,48.0,91.6,86.9,17.2,24
24.7,43.1,37.6,55.1,108.8,42.2,156.9,111.9,85.8,62.0,22.6,59.7,35.3,46.0,46.6,49.5,6.8,39.0,42.6,35.6,15.3,59.8,183.1,65.5,52.8,107.6,100.7,17.9,22
22.2,37.1,34.4,47.6,100.6,37.8,142.5,99.3,78.7,57.5,20.4,55.2,31.1,35.2,36.2,47.0,6.4,39.3,42.7,35.0,12.7,56.4,166.3,62.2,47.5,96.5,75.8,16.4,26
23.0,41.8,36.5,51.1,102.2,39.8,155.6,103.8,91.1,64.0,22.8,57.7,35.1,41.1,44.1,49.9,6.8,41.0,44.4,37.2,16.6,63.1,180.9,62.2,47.5,89.1,88.9,17.7,28
23.8,41.6,38.0,51.2,100.2,40.5,156.2,103.5,89.4,65.0,23.6,58.3,36.6,42.0,44.6,51.3,7.5,42.7,45.6,35.2,14.2,61.0,179.1,62.2,48.5,91.3,90.2,18.0,37
21.5,39.4,32.8,49.4,96.6,37.3,144.3,101.9,82.3,62.7,21.0,56.2,33.6,42.4,42.5,48.2,7.7,38.3,41.4,33.6,13.6,55.3,167.8,58.7,43.6,89.1,73.5,16.6,29
22.5,43.2,38.0,55.4,102.3,38.7,158.6,113.5,93.1,60.6,21.3,61.5,36.0,49.5,49.0,53.9,7.7,41.5,44.6,39.1,14.5,62.5,183.2,62.9,48.4,90.3,93.0,16.9,31
24.3,44.2,32.4,48.8,94.4,42.0,150.4,100.1,86.3,59.0,21.3,57.4,36.7,41.7,46.0,50.5,7.0,40.4,44.7,36.4,16.4,61.6,172.6,58.3,46.4,79.4,76.6,17.4,23
24.6,42.7,36.9,54.2,107.4,42.0,150.6,107.8,84.6,63.1,21.3,59.5,34.3,44.8,47.4,47.8,7.7,40.1,44.1,36.2,14.5,60.9,175.5,66.8,47.2,93.5,88.8,17.4,23
20.4,42.7,32.8,50.8,99.6,35.3,156.0,101.8,84.8,60.9,20.0,59.0,32.3,40.5,41.8,49.7,6.9,39.3,44.1,37.1,13.7,60.9,181.3,59.0,50.0,89.8,78.8,16.2,30
23.0,43.4,38.2,54.6,106.6,41.4,159.3,109.2,89.6,67.4,21.5,57.3,34.9,43.0,44.6,51.7,7.9,40.2,43.7,38.9,14.6,61.5,183.5,67.3,50.4,96.6,96.8,17.6,30
21.4,37.9,32.0,48.1,98.8,34.0,146.3,94.8,84.5,58.7,20.5,57.8,32.7,38.7,41.5,50.1,7.0,36.3,38.3,34.4,13.9,57.0,169.0,58.8,42.9,83.1,65.8,15.4,22
21.7,41.7,33.9,48.1,95.9,37.1,151.9,95.6,84.9,58.2,19.8,58.7,33.0,36.6,40.5,48.1,6.7,37.1,40.4,35.5,15.4,59.9,174.9,58.0,48.9,80.4,71.6,16.1,21
22.6,42.1,32.1,48.7,99.5,38.6,160.8,107.6,91.5,64.3,21.1,59.1,35.7,39.3,42.1,53.4,8.0,38.4,42.1,39.2,15.5,64.5,187.1,61.1,51.0,92.4,86.0,17.9,27
23.0,41.1,33.5,50.3,104.9,38.2,163.0,102.0,94.8,61.8,21.6,58.7,35.2,38.5,42.4,53.4,7.5,39.3,46.2,38.4,14.0,64.2,187.5,62.0,47.9,90.4,85.2,18.1,24
22.2,42.1,39.6,53.3,99.8,37.0,149.9,106.4,84.3,60.4,20.3,57.8,33.0,40.6,43.6,47.6,6.4,38.5,44.2,35.5,15.7,58.9,173.0,63.3,48.6,92.8,81.1,17.1,24
25.1,41.1,37.0,52.0,111.4,42.6,159.2,112.1,91.0,59.4,23.2,59.8,36.3,46.0,48.0,51.8,7.5,40.8,44.2,38.7,16.2,65.3,185.0,68.7,50.0,100.5,100.0,18.5,24
22.9,40.8,35.6,48.2,97.6,40.5,145.1,100.5,78.8,61.1,21.5,57.4,32.9,44.5,45.0,45.0,6.7,41.8,45.5,35.3,14.1,57.5,166.3,62.3,49.0,85.2,78.4,17.5,23
22.7,39.0,32.2,46.1,94.0,35.7,161.1,99.3,93.5,59.3,22.6,56.2,35.5,38.5,42.0,51.4,7.2,36.9,42.0,38.1,15.7,63.5,185.4,56.5,48.2,78.5,75.8,18.2,21
21.2,41.9,26.6,43.5,85.3,36.2,144.8,87.0,81.5,55.3,20.2,55.1,32.3,39.5,43.1,46.2,6.2,35.4,39.4,34.2,16.5,57.5,168.8,48.5,44.6,72.8,56.9,16.9,19
25.3,40.7,40.7,55.4,115.8,44.8,155.3,116.1,88.9,62.5,21.8,57.7,36.6,40.2,42.2,52.5,7.2,40.6,44.2,36.7,14.1,60.5,179.9,71.1,50.9,109.3,108.1,18.7,28
23.5,42.7,37.0,55.0,109.2,39.4,155.0,111.9,88.1,63.5,22.7,57.1,35.5,48.2,51.0,51.5,6.8,42.2,44.7,37.7,15.0,60.9,177.2,67.6,48.0,97.7,93.3,18.0,23
25.3,39.8,38.5,52.0,110.3,43.8,158.4,111.0,86.4,68.9,21.6,58.5,35.4,43.6,44.0,50.4,7.4,39.1,42.7,37.1,13.5,61.6,182.6,67.1,52.5,101.4,101.0,17.2,23
24.2,41.0,33.5,48.7,93.1,37.8,148.3,99.1,84.5,53.1,22.1,59.2,35.5,40.2,42.5,49.2,6.9,38.6,42.0,35.2,14.6,58.2,173.3,57.3,46.1,83.3,75.0,17.0,21
21.8,40.0,39.6,50.4,96.8,36.3,144.8,103.1,83.4,57.2,20.2,54.4,32.8,39.5,41.6,45.8,6.5,37.0,39.8,35.5,15.3,57.2,167.3,59.2,48.2,87.8,73.6,16.8,31
23.3,41.4,35.1,50.0,97.2,37.0,149.0,100.4,84.0,58.1,21.6,56.8,33.0,46.0,46.5,47.3,6.1,37.0,40.5,36.1,14.9,59.4,171.3,58.0,48.5,86.2,75.5,17.3,28
22.5,41.2,37.9,48.7,98.1,38.2,149.7,101.2,88.3,58.8,20.9,58.2,34.7,41.7,44.2,50.6,6.3,38.9,42.8,38.0,15.2,61.5,170.0,61.5,46.3,84.6,79.6,16.6,29
22.7,39.0,34.2,46.3,93.1,38.8,152.7,97.9,88.3,62.2,21.2,56.4,34.4,43.5,45.0,50.9,6.2,37.2,41.3,37.9,14.9,61.0,177.5,57.8,43.8,79.6,74.2,16.7,24
23.6,40.6,38.3,53.2,104.6,40.6,147.7,104.3,80.6,59.9,22.4,58.9,34.4,43.0,44.5,46.8,7.4,39.5,42.2,35.2,14.3,58.5,170.4,65.5,50.3,95.6,86.3,16.9,35
23.4,40.7,34.0,50.0,98.0,38.4,158.3,98.9,91.2,60.0,22.0,56.2,36.2,42.0,43.2,51.4,7.0,39.5,43.7,36.2,14.1,61.1,183.8,59.5,48.0,81.0,79.5,17.8,20
23.7,41.4,34.3,49.1,95.8,39.3,151.5,97.7,85.9,59.8,21.4,58.2,34.9,41.3,43.2,48.8,7.9,37.4,40.2,35.7,15.5,58.6,175.2,56.2,45.4,82.8,75.3,17.3,20
24.7,40.3,37.1,50.6,105.3,41.1,153.9,102.7,88.4,67.2,21.4,56.6,35.5,43.5,44.5,50.9,7.4,39.5,42.5,36.7,13.9,59.9,179.0,66.1,46.4,94.9,90.0,17.0,22
21.1,40.3,32.3,48.2,95.0,35.0,144.3,98.6,80.9,58.7,18.8,55.2,32.3,44.0,43.5,46.6,6.7,37.0,40.6,34.1,14.5,56.2,168.8,57.6,45.7,83.1,67.2,15.5,30
22.8,42.7,41.2,54.2,104.6,40.6,143.9,114.1,79.2,59.3,21.5,59.8,34.4,44.9,46.0,47.7,5.8,40.9,44.1,32.6,15.2,55.4,168.4,68.2,47.7,101.7,90.4,17.7,30
25.1,47.1,43.4,61.5,121.7,43.7,152.7,119.5,82.0,74.6,21.3,59.1,37.0,50.5,51.5,50.2,7.4,42.8,45.2,35.5,17.3,59.5,175.9,77.3,50.7,110.1,114.4,18.1,26
22.6,42.5,36.0,52.3,97.7,41.3,145.4,105.3,79.2,58.7,21.0,56.5,32.7,46.5,48.0,45.6,6.5,39.4,43.5,35.0,14.8,56.2,168.4,58.2,47.1,83.5,78.5,17.5,24
23.3,40.8,33.7,48.7,94.9,39.9,152.5,96.8,84.2,56.6,20.2,55.5,34.1,39.0,41.0,47.8,6.4,37.5,41.0,37.1,14.2,60.1,175.5,59.2,52.1,82.4,75.4,16.4,20
23.4,41.0,41.3,53.8,107.8,40.5,149.9,113.4,78.2,63.7,22.1,56.4,34.8,44.0,44.6,48.8,6.9,48.5,51.0,34.1,13.4,55.9,171.8,67.3,50.8,100.2,95.2,17.4,25
23.6,40.3,37.1,53.0,108.6,39.8,150.5,119.4,84.0,64.9,21.3,59.4,34.8,42.5,43.5,49.5,6.8,40.7,43.5,35.5,14.6,59.1,174.5,67.7,49.2,100.1,97.8,18.5,36
24.0,44.0,41.8,55.4,106.5,41.5,171.1,112.3,102.1,61.2,22.7,57.6,38.6,44.6,45.5,59.4,7.5,41.2,45.4,39.4,14.5,65.7,195.3,67.4,52.0,100.7,106.9,19.3,32
22.0,41.5,34.4,49.6,100.3,39.4,155.9,103.9,88.0,62.7,21.4,57.0,35.5,45.5,47.0,50.1,6.5,38.7,42.7,36.8,15.1,59.5,180.8,62.2,47.2,90.5,83.5,17.5,26
21.7,42.3,32.2,49.3,92.2,33.7,153.4,98.2,85.5,54.4,21.3,55.6,33.0,38.6,42.0,49.3,7.2,36.3,40.2,36.2,15.8,59.6,177.9,51.4,50.5,78.6,69.0,16.7,22
20.8,41.9,31.8,46.6,88.7,33.8,153.4,92.9,90.4,54.5,20.2,56.5,33.8,40.0,43.0,50.8,7.0,37.0,40.1,37.1,15.0,62.0,177.9,53.1,47.0,74.4,66.0,17.4,28
22.2,40.6,33.4,50.7,98.6,38.8,152.1,99.7,81.9,56.8,21.2,57.3,34.2,44.5,44.7,49.0,7.2,40.6,42.5,35.8,15.0,58.6,176.7,60.0,52.5,85.5,78.6,16.6,31
21.3,40.3,35.8,49.8,94.2,35.9,143.5,103.5,79.1,55.4,22.8,56.8,34.2,43.5,45.0,48.3,6.7,40.7,44.0,34.1,14.5,57.0,165.7,56.5,46.8,88.4,72.9,16.6,35
23.1,40.0,36.1,54.2,97.8,39.9,136.5,102.5,74.9,55.8,19.7,52.4,32.9,46.5,47.0,44.4,6.4,39.5,43.0,31.2,13.7,51.7,158.3,63.3,47.8,92.8,73.6,16.7,24
21.0,38.0,30.0,47.3,93.5,34.8,143.4,92.8,78.8,55.7,20.1,56.3,31.3,38.6,40.6,46.5,6.5,36.5,41.2,34.4,14.4,56.0,168.1,56.0,47.8,83.5,62.2,16.3,19
24.4,41.2,34.5,50.2,101.8,39.1,156.3,106.5,85.2,64.2,20.5,59.3,35.9,46.1,47.5,49.8,7.2,41.9,46.6,36.4,14.7,60.6,181.2,59.2,53.3,97.2,89.3,16.8,39
23.3,44.2,38.7,54.8,102.5,40.5,159.9,110.5,88.4,61.2,22.0,58.0,35.1,45.0,48.7,53.7,7.4,41.6,44.4,37.2,17.6,63.3,183.8,63.6,49.5,90.0,93.6,18.5,19
23.9,42.5,36.7,52.4,103.4,41.2,148.9,108.4,83.6,60.0,21.0,57.1,33.4,44.1,45.0,47.1,6.7,41.4,47.3,36.2,13.7,59.2,172.7,62.6,49.2,93.4,87.7,17.5,21
21.6,37.6,34.5,50.3,100.2,38.0,143.7,106.4,81.2,58.6,20.0,57.1,32.5,43.0,42.6,47.6,6.8,38.3,42.2,33.8,14.6,56.0,167.3,62.1,45.3,94.0,78.5,16.4,22
20.8,40.9,35.1,53.9,100.6,36.0,149.4,111.3,85.5,54.5,18.5,57.4,32.0,45.1,45.5,46.5,6.0,39.3,43.8,35.5,14.7,59.6,173.7,61.4,47.9,90.7,79.8,15.3,27
21.4,40.0,30.5,45.1,90.3,35.8,155.5,93.7,86.5,56.9,21.2,54.8,32.4,38.0,40.5,49.8,7.4,34.8,38.2,36.2,14.6,60.0,181.1,53.4,47.4,73.0,65.4,16.7,24
22.7,41.6,35.1,50.5,104.5,40.4,159.6,102.9,90.5,62.2,20.9,58.0,34.5,44.5,45.0,52.7,8.3,38.5,42.5,39.3,14.3,65.6,183.5,62.5,52.5,96.1,90.5,17.0,20
22.5,40.8,30.5,49.9,95.1,37.4,151.9,94.8,84.4,59.0,20.9,57.7,34.6,40.5,43.1,47.9,6.4,36.6,40.1,34.9,16.6,57.5,176.0,56.2,50.9,83.0,76.7,16.9,23
21.1,43.2,32.9,51.9,103.2,36.4,156.1,101.2,89.0,63.4,21.6,58.4,33.7,44.5,46.8,51.2,7.0,38.9,43.4,38.1,15.3,63.1,179.3,59.9,48.6,93.2,79.7,17.2,28
22.2,45.1,33.4,51.8,94.4,37.5,159.3,104.5,91.9,58.8,20.7,56.7,34.5,39.5,42.4,52.9,7.7,39.4,43.5,39.5,15.3,64.0,182.4,57.5,50.8,84.7,77.9,17.2,22
23.5,39.2,31.4,49.5,95.1,40.0,147.5,96.3,82.5,59.6,20.6,53.7,34.4,40.3,42.0,49.8,7.7,34.5,38.0,35.3,13.9,56.1,171.6,58.7,45.5,80.7,69.5,16.4,26
22.7,38.5,33.5,48.2,95.9,38.0,149.4,98.2,87.0,59.0,21.0,58.0,33.7,41.8,43.4,49.0,7.3,37.0,39.0,36.8,13.9,60.3,174.5,61.2,44.9,85.8,76.5,16.9,18
23.1,41.8,31.7,50.8,98.1,39.9,153.1,103.0,82.3,66.1,20.8,56.5,33.2,41.5,43.5,48.1,7.8,37.1,40.2,35.2,14.5,58.7,176.5,60.2,47.3,83.7,76.3,17.2,24
21.8,41.5,36.0,51.2,97.6,37.2,153.1,105.7,86.1,56.4,22.2,57.8,34.6,42.0,43.5,49.7,6.6,39.2,42.0,37.5,15.3,62.4,176.1,58.9,49.5,84.9,79.7,17.5,20
22.4,34.8,31.8,44.1,86.3,36.1,140.3,95.2,80.3,57.8,19.9,57.0,32.7,39.0,39.5,45.7,6.8,36.5,39.7,33.6,12.1,56.2,164.7,52.2,41.3,75.5,63.2,16.7,20
24.2,38.7,38.8,52.9,106.5,43.5,147.1,107.9,81.9,61.7,20.6,59.2,33.3,45.3,45.7,44.7,6.5,40.2,45.0,33.5,13.4,56.4,171.5,66.4,46.8,93.4,90.6,17.1,21
22.7,38.9,32.5,45.3,93.6,37.8,151.2,95.5,83.2,56.5,22.4,55.5,35.2,36.7,39.5,48.6,6.5,36.9,40.7,36.2,14.3,60.0,175.6,57.6,49.1,83.0,72.6,17.1,28
21.2,39.3,33.2,47.1,88.2,36.5,139.6,95.3,76.3,53.5,19.8,54.3,31.6,44.6,45.0,45.0,6.7,37.0,40.5,34.2,13.5,55.9,163.7,54.3,44.8,78.6,64.5,16.1,32
22.0,40.9,31.6,50.2,97.3,39.3,145.9,100.2,82.6,59.8,21.8,56.8,32.6,44.7,46.5,48.0,6.2,38.7,42.3,34.8,15.7,58.0,170.4,59.7,46.3,85.0,74.3,16.8,23
25.6,44.0,44.8,56.8,112.3,48.1,156.9,113.9,86.9,69.3,23.7,59.3,36.1,50.4,50.4,48.5,7.2,43.7,48.1,37.3,15.3,63.2,182.2,71.6,49.1,103.1,112.2,19.6,32
22.8,41.7,35.2,49.8,97.5,37.2,152.0,101.8,84.0,61.8,21.2,57.3,34.8,39.5,42.5,48.2,7.3,36.6,40.6,36.9,15.5,58.4,176.7,59.6,49.3,87.0,77.5,18.3,23
22.7,43.0,33.0,47.4,95.3,39.2,156.9,98.6,91.6,59.1,20.6,58.4,34.2,37.8,41.5,51.9,7.4,36.4,41.3,36.9,16.0,62.0,180.9,57.6,47.3,81.8,76.9,17.5,22
24.6,42.5,37.8,51.7,109.3,44.6,152.7,106.5,87.2,62.3,22.0,60.0,35.6,45.1,48.0,48.9,7.2,39.7,43.1,37.1,14.4,61.9,177.6,70.5,48.0,92.8,96.2,18.0,20
25.5,40.4,36.6,49.3,105.7,42.0,156.0,102.8,90.5,58.9,21.7,56.2,36.8,39.1,42.0,51.3,7.4,37.2,39.3,37.6,15.4,63.0,179.8,65.7,50.3,98.5,91.6,17.4,20
22.7,42.8,35.8,52.3,99.5,40.9,152.3,104.4,89.6,58.8,20.4,58.1,33.8,43.4,45.0,51.2,6.6,39.1,42.4,36.7,15.5,63.0,175.8,65.9,44.5,86.2,84.8,16.7,27
20.6,40.8,35.0,49.8,96.6,37.3,143.4,105.3,79.6,58.6,19.6,56.6,31.4,45.5,46.0,43.6,7.0,37.6,40.5,35.1,14.8,56.7,167.3,60.2,47.4,87.5,75.3,16.0,26
22.2,40.7,34.7,48.3,98.9,36.4,157.4,102.2,90.5,57.7,21.0,56.8,34.1,48.2,49.1,52.3,7.4,39.0,42.5,38.7,15.5,60.9,181.7,59.2,49.7,83.6,80.2,17.0,25
23.6,42.5,39.4,54.4,104.2,41.7,149.6,112.1,83.6,60.8,21.3,59.4,34.0,51.4,50.2,47.7,6.9,43.4,48.2,34.4,14.5,59.3,174.5,64.5,48.8,95.8,92.9,17.2,28
22.4,42.1,31.9,49.3,98.1,38.1,150.0,100.5,84.2,56.7,20.0,55.3,34.6,42.0,45.5,47.5,7.4,37.5,40.5,36.7,15.7,59.0,173.6,58.8,47.6,87.0,74.6,17.4,31
22.7,38.2,37.9,50.4,98.8,41.1,150.4,104.7,83.2,59.3,21.5,57.4,33.7,43.5,45.4,48.9,7.2,36.1,40.6,35.1,14.7,58.4,174.8,61.5,45.5,85.0,82.9,18.0,40
23.8,43.6,38.5,51.4,99.3,40.3,152.3,103.1,86.2,59.1,23.8,55.4,36.0,45.4,47.6,49.2,7.0,39.5,46.0,35.0,17.0,60.0,177.4,58.7,46.8,83.3,82.7,19.2,22
20.5,41.6,33.0,49.7,97.1,35.4,149.8,102.3,87.0,58.5,20.1,54.7,32.2,42.1,42.5,48.6,6.3,35.5,39.1,36.7,16.0,60.6,173.6,59.9,45.3,89.5,73.8,15.2,36
21.5,40.2,33.2,50.8,97.1,35.2,150.5,102.7,85.8,66.0,21.5,57.8,32.5,46.8,47.1,48.2,6.7,39.6,43.6,35.1,14.2,59.3,174.5,59.4,45.2,87.3,76.4,16.8,24
21.1,39.8,32.1,49.6,101.2,36.6,143.8,104.2,81.1,56.7,20.3,57.9,31.1,43.5,45.0,46.2,6.7,38.8,42.5,37.8,14.1,59.7,167.2,61.7,47.0,91.9,75.8,16.1,30
21.3,37.5,36.1,51.2,100.1,37.7,138.5,103.7,76.2,59.2,19.6,56.3,30.5,41.1,41.5,43.6,6.7,36.0,40.5,33.9,12.5,55.1,161.2,62.4,46.0,95.8,74.1,15.9,40
21.7,41.8,33.4,51.6,98.0,35.4,151.2,107.7,84.5,56.4,20.7,55.3,33.0,46.2,47.7,50.6,5.5,39.5,42.5,35.9,15.6,60.6,172.7,57.9,48.6,94.2,79.5,16.0,34
22.7,42.2,36.9,51.0,100.6,40.0,146.4,103.4,81.1,61.8,20.7,55.3,32.3,46.9,47.6,46.3,6.8,39.1,42.9,35.1,15.4,57.2,170.6,64.0,47.2,91.5,79.7,17.3,25
22.2,39.2,37.0,52.2,101.3,39.4,140.5,107.5,77.8,57.4,19.8,56.7,33.1,45.6,46.0,45.2,6.4,40.1,43.0,35.0,14.2,56.3,163.9,62.9,45.9,96.8,81.0,16.5,32
23.7,42.3,36.2,54.1,101.0,41.8,147.1,108.8,81.0,63.3,22.7,55.8,33.8,46.8,47.1,46.8,6.9,40.7,44.2,35.1,15.0,58.5,171.1,61.3,46.4,98.5,86.5,18.4,41
20.5,43.8,33.6,49.4,91.1,34.4,156.5,92.0,90.9,52.8,20.6,56.7,33.7,41.5,44.5,52.2,7.3,36.2,39.7,38.6,17.3,63.5,182.1,52.2,48.0,74.0,68.2,15.9,20
26.0,41.1,37.5,50.2,104.7,40.7,150.7,106.0,81.2,62.9,22.2,55.8,34.1,40.4,42.3,45.0,6.6,40.1,45.0,36.7,13.2,59.2,173.7,63.2,49.8,86.2,87.3,18.8,22
20.0,45.2,34.3,52.3,101.7,36.2,160.3,104.7,91.8,64.4,20.9,58.2,35.0,50.2,53.0,54.1,6.8,40.5,44.7,38.8,17.1,65.0,183.0,64.0,48.5,90.7,86.9,16.0,28
21.1,39.0,33.2,49.2,96.8,35.5,140.4,102.6,78.4,62.5,18.2,54.7,31.2,44.0,45.4,45.1,7.0,37.2,40.1,33.6,14.2,53.8,163.9,61.5,43.0,84.9,70.5,15.7,22
21.8,46.3,33.6,53.1,101.7,37.2,160.8,109.2,91.3,57.8,22.6,56.4,35.0,44.6,47.1,55.2,7.7,40.4,43.5,37.5,15.7,62.8,185.4,59.4,52.2,98.9,87.3,19.1,44
24.4,47.6,43.6,56.9,120.5,44.8,160.2,115.1,91.2,71.4,22.7,61.4,36.6,48.0,50.5,54.2,7.3,42.4,47.1,40.1,17.0,67.5,184.6,79.5,48.1,107.2,120.0,18.5,21
21.3,39.7,34.2,51.4,97.8,35.7,149.6,103.3,83.4,61.3,20.0,56.8,32.2,43.2,44.5,47.4,6.7,36.2,40.3,35.8,14.6,58.1,172.5,59.7,47.1,93.6,76.2,16.4,33
20.7,38.2,31.2,47.0,93.2,36.6,147.9,97.6,80.4,60.5,20.2,56.3,30.7,40.9,43.2,45.7,6.7,38.3,41.8,34.3,14.1,56.6,171.7,55.2,48.8,86.1,68.9,16.5,34
21.8,41.3,32.7,45.8,90.1,36.5,150.3,96.0,85.4,55.6,21.2,55.1,32.7,41.8,44.1,49.7,7.1,38.1,42.2,36.4,15.6,58.5,175.1,53.4,46.6,75.1,65.4,17.2,31
24.0,39.0,34.7,49.5,100.9,41.1,149.2,105.3,82.2,63.1,20.4,55.8,33.3,43.0,44.1,47.0,7.4,38.3,41.8,35.1,13.8,57.0,171.9,63.8,48.2,103.2,86.2,17.7,24
20.3,39.6,28.2,44.2,89.3,33.7,147.5,91.8,84.1,57.0,20.4,58.4,32.4,40.1,42.0,47.4,6.4,38.6,43.2,36.5,14.0,59.8,171.7,51.4,43.8,78.0,62.0,16.4,28
22.8,40.9,33.5,45.0,89.9,38.2,147.7,89.5,82.6,56.7,21.8,58.7,34.0,39.5,42.5,48.4,6.5,36.8,40.4,34.2,15.5,57.5,171.8,51.4,46.4,70.5,65.1,17.5,33
22.3,42.4,36.4,53.0,98.9,40.0,147.8,108.5,81.8,57.5,22.2,60.3,34.7,45.8,47.5,47.7,6.3,42.0,46.5,34.7,14.5,58.5,171.6,60.8,47.0,92.1,83.3,17.8,40
19.0,40.7,28.0,46.7,82.8,31.8,145.0,86.6,87.1,51.3,18.9,55.8,31.2,38.0,40.5,48.6,6.7,36.1,40.1,35.8,15.6,59.0,169.0,48.5,43.1,69.8,56.7,15.9,20
23.3,41.2,35.5,52.1,101.4,40.6,154.4,107.5,90.6,61.1,21.3,58.7,33.8,44.7,45.4,53.3,7.2,37.8,42.3,35.9,14.1,60.5,176.9,64.0,47.4,92.2,84.2,17.3,25
22.7,43.3,38.9,51.2,101.9,38.6,164.8,109.8,94.8,62.7,22.8,58.4,36.4,39.4,41.0,54.2,7.0,41.9,45.8,41.7,15.0,68.4,190.5,61.8,49.3,88.5,93.8,19.4,37
20.7,41.2,40.2,49.9,95.5,36.2,147.3,102.0,84.8,57.4,19.8,56.2,32.2,39.5,41.1,47.2,6.9,37.6,43.1,34.0,15.0,56.4,171.6,60.2,46.0,80.3,76.4,16.7,34
22.2,42.4,36.1,51.4,101.1,37.3,156.7,106.4,91.0,57.3,21.8,58.3,34.4,45.0,48.0,50.4,6.7,38.5,43.5,41.0,16.1,66.5,180.0,58.7,49.7,90.2,82.5,17.3,21
22.7,43.3,34.7,51.5,100.8,38.9,160.6,108.1,91.9,60.7,20.7,59.7,35.8,49.0,51.0,52.1,7.2,40.5,44.3,38.8,15.5,62.5,183.6,62.3,51.2,92.5,88.6,16.7,28
23.0,43.5,33.7,52.1,109.8,39.6,154.0,114.2,85.1,63.7,21.8,58.6,33.4,46.0,47.2,50.1,7.4,38.6,43.0,36.6,15.2,61.3,180.4,67.6,49.6,104.1,94.6,17.6,27
23.3,38.1,34.7,51.1,103.3,40.3,144.4,101.4,83.1,62.7,20.9,56.4,32.8,44.0,43.0,45.6,6.7,39.5,42.3,33.9,14.5,56.4,168.0,64.9,45.3,91.2,81.1,16.4,21
22.3,44.3,35.0,51.5,100.9,36.7,156.3,105.7,88.5,64.1,21.8,57.2,34.5,50.5,51.4,50.9,7.4,41.5,46.0,37.7,16.1,61.4,179.4,58.8,52.0,89.3,82.8,17.9,27
23.6,42.2,39.6,56.4,105.7,41.5,155.2,108.6,85.1,64.9,21.9,56.6,33.0,44.5,45.0,47.9,7.1,40.5,44.1,36.5,14.0,60.6,180.1,63.5,48.1,92.2,89.0,18.2,21
21.2,37.0,31.1,43.8,89.5,33.6,152.4,89.8,85.1,53.5,20.4,56.6,32.7,36.4,39.2,50.0,7.3,36.5,40.2,37.0,15.0,60.6,178.7,50.3,49.5,80.0,64.0,16.6,21
23.5,43.3,34.2,53.7,105.8,41.1,159.4,113.7,89.6,66.9,21.3,57.3,34.8,43.6,46.0,51.5,7.9,40.9,45.2,37.5,15.0,61.8,183.6,64.8,51.3,99.9,93.8,17.5,23
24.7,44.3,39.5,58.8,116.5,45.2,152.5,125.8,85.6,66.0,23.0,59.4,36.1,49.1,49.8,48.0,7.0,44.7,47.8,34.7,16.1,59.0,174.3,74.7,52.3,115.8,114.9,18.1,27
25.2,38.6,32.9,50.2,107.4,40.3,151.2,108.7,84.2,64.6,20.8,57.2,35.4,47.0,47.5,49.1,7.7,38.3,41.1,35.7,14.0,60.0,174.6,64.7,49.5,97.5,89.5,17.1,23
22.4,41.3,32.9,49.0,93.4,36.8,153.5,95.0,89.4,57.3,21.8,57.2,36.4,37.0,40.5,52.9,7.7,37.6,40.5,36.2,16.4,61.0,178.5,59.4,47.3,78.8,74.2,16.5,22
25.7,43.0,37.7,57.2,110.4,43.9,150.6,116.8,86.0,63.5,21.7,56.8,35.3,52.5,52.3,49.2,7.3,41.3,45.0,35.7,15.2,59.6,172.6,68.9,50.4,103.6,99.8,18.1,33
22.9,39.8,30.1,45.6,91.5,37.0,149.8,91.4,83.8,56.1,20.3,57.4,33.8,40.8,42.2,47.1,7.3,35.9,39.7,34.9,15.2,57.9,174.1,54.7,49.4,76.2,68.2,17.2,21
21.5,38.4,33.1,45.4,98.2,36.3,157.2,94.7,86.4,64.9,21.0,56.0,33.3,41.5,44.5,48.6,6.9,38.0,40.3,38.0,16.1,61.0,180.4,59.3,51.8,83.8,74.3,16.4,25
23.3,41.8,31.7,48.2,97.4,40.8,155.8,99.8,87.5,62.8,21.7,57.9,34.9,43.0,44.6,51.1,6.8,39.2,42.0,36.4,16.2,60.8,178.8,60.1,52.0,91.3,80.8,17.1,24
23.0,44.6,36.7,55.6,106.1,41.2,158.1,113.3,91.1,69.7,22.3,57.8,35.7,46.5,49.2,53.2,7.1,41.7,44.4,40.0,16.2,67.4,182.9,66.4,47.8,98.8,95.8,18.2,28
22.8,43.1,36.9,57.0,111.2,41.3,160.8,125.1,91.3,66.8,22.2,59.5,34.4,54.1,54.5,53.7,7.1,45.5,50.0,39.7,18.5,66.6,183.6,66.3,53.5,118.2,112.4,17.8,41
22.8,44.3,35.5,53.1,104.8,37.6,155.2,108.1,86.6,59.9,21.0,57.4,33.5,44.0,46.5,47.8,7.3,40.3,44.3,37.1,15.1,60.0,180.1,63.0,52.0,98.4,91.2,18.0,22
25.3,42.2,39.9,54.5,113.1,43.5,158.4,111.1,92.5,64.2,22.4,58.7,37.6,44.0,47.0,51.8,7.4,44.7,47.5,38.8,14.9,65.5,181.8,73.7,49.5,106.0,111.6,18.6,39
23.8,36.3,31.0,43.9,90.5,39.0,136.5,90.5,77.0,59.5,19.2,56.4,32.4,40.5,41.5,45.2,7.4,36.6,39.0,32.2,13.1,52.0,161.2,55.4,39.8,77.0,60.6,15.9,21
20.1,40.9,31.7,48.1,93.7,32.3,142.0,94.2,78.1,58.2,18.5,58.3,31.6,39.6,42.6,43.7,6.6,37.3,41.2,32.3,14.8,53.9,165.9,55.1,46.1,81.9,63.9,15.4,26
21.6,38.9,34.1,48.3,99.3,36.3,153.8,102.9,88.6,62.5,21.3,58.1,33.1,43.5,44.5,49.3,7.1,39.3,42.9,37.1,14.1,59.6,177.6,60.9,51.5,91.7,81.6,17.3,28
21.8,40.4,38.9,51.9,106.3,40.7,150.0,106.8,85.7,59.4,20.5,56.0,33.0,45.6,48.3,47.0,6.3,38.5,40.8,35.2,15.4,60.0,173.9,65.7,48.4,94.0,86.1,16.6,26
25.4,48.4,39.8,59.3,117.2,44.0,159.8,127.8,87.0,67.8,23.7,60.0,38.0,51.5,52.1,52.4,7.7,47.2,51.3,37.5,16.5,60.8,183.6,74.2,56.4,118.6,120.1,19.5,37
23.7,40.0,38.0,53.4,105.3,41.9,147.1,109.2,82.5,61.0,20.8,59.0,34.3,43.4,44.0,48.3,7.3,37.2,41.5,36.0,13.5,58.2,170.2,67.4,46.8,101.9,90.1,17.4,27
22.4,40.2,33.8,50.1,103.9,37.7,144.5,108.5,76.3,63.4,21.6,56.1,32.5,43.1,43.8,43.9,5.9,37.5,41.5,33.7,14.2,56.0,167.0,64.9,49.0,95.7,81.4,16.7,30
22.2,40.9,33.0,50.2,100.3,34.6,151.6,100.0,86.3,61.1,20.1,57.5,34.7,43.4,46.0,50.9,7.7,38.3,43.0,35.4,14.4,59.0,174.2,59.8,46.7,93.1,75.4,17.4,22
22.4,44.8,35.3,55.7,99.2,40.1,154.3,108.2,83.0,60.5,21.7,58.8,33.1,45.5,50.7,48.3,6.8,39.0,41.9,36.8,17.4,61.5,180.0,63.8,51.0,92.6,86.8,16.8,31
21.8,41.9,36.0,52.5,106.5,38.6,158.8,108.8,92.5,64.4,21.9,58.0,36.9,44.0,46.9,53.1,7.3,38.2,42.4,38.5,15.2,62.5,183.1,67.3,48.4,93.5,89.4,17.5,40
21.3,42.9,32.1,48.0,92.5,35.1,151.4,94.9,84.5,57.2,21.0,58.5,33.9,46.2,49.2,46.8,7.6,38.5,42.5,35.3,16.3,58.4,177.0,53.8,49.9,79.6,69.2,16.6,33
21.9,41.8,35.5,52.0,103.7,38.7,145.6,111.7,81.9,59.5,20.3,56.3,32.7,46.0,47.2,46.7,6.8,39.9,42.2,36.0,14.6,58.8,169.7,63.6,49.2,103.4,86.5,18.0,31
27.7,43.6,37.5,53.8,112.8,45.7,154.6,110.0,86.0,69.8,22.4,60.5,37.7,46.0,46.6,49.7,7.5,43.3,47.0,36.5,15.1,62.2,177.8,72.7,47.9,98.0,106.0,18.4,27
24.7,38.8,35.3,51.5,104.8,39.2,149.0,112.4,81.6,59.2,21.0,54.7,35.7,42.5,43.5,49.6,7.0,40.0,41.3,34.7,14.1,59.5,170.7,61.3,50.6,101.1,89.8,18.3,26
22.5,39.6,33.6,49.0,98.8,38.7,150.9,100.5,86.6,55.3,22.2,59.2,34.4,43.5,44.0,48.9,6.5,39.7,42.8,35.2,14.2,59.0,173.5,58.6,48.5,88.0,79.2,17.0,38
21.6,39.2,36.0,51.4,101.7,36.9,142.2,107.9,78.3,59.4,21.2,57.1,31.7,40.7,42.6,43.1,6.9,41.9,45.8,33.5,13.0,53.8,165.4,60.0,48.1,101.3,83.3,17.4,47
21.6,41.5,36.2,50.6,97.7,35.3,155.4,102.6,88.9,62.8,20.5,56.9,35.2,44.5,46.3,51.9,7.4,39.5,42.5,35.9,15.0,61.5,179.4,60.8,49.6,95.3,81.0,16.8,28
23.1,41.2,36.9,53.3,108.4,39.7,155.3,111.3,85.3,60.3,21.0,58.6,34.6,50.6,51.3,51.5,6.8,41.5,43.5,36.1,14.5,57.8,179.9,64.8,51.9,110.5,97.5,16.7,41
23.2,42.4,30.5,47.7,93.1,36.5,163.5,95.1,92.1,62.2,21.9,56.0,35.9,37.1,40.0,52.0,7.1,37.2,40.2,39.9,15.7,65.5,187.2,54.8,51.0,79.1,73.4,17.6,18
22.0,38.3,30.0,43.7,89.6,36.5,134.8,89.5,73.0,55.8,19.6,57.6,31.8,39.0,40.5,40.9,6.9,35.8,39.2,31.1,13.4,51.5,158.9,52.2,45.5,75.7,58.4,15.6,19
22.5,40.3,32.1,47.7,92.6,38.7,151.8,91.0,86.8,60.0,20.6,57.1,33.8,38.0,41.7,47.5,6.9,37.4,41.2,37.2,15.0,60.0,175.5,55.8,47.5,81.2,70.1,17.0,25
22.0,41.0,31.0,48.1,96.8,36.3,157.0,97.1,89.6,62.6,20.2,54.8,33.1,41.5,45.0,51.1,7.1,37.1,40.0,37.5,16.5,65.0,179.5,55.5,49.0,86.9,71.9,17.0,23
22.4,40.5,33.0,48.3,99.1,38.3,148.7,98.9,83.3,60.2,20.9,56.3,32.8,43.5,45.3,47.2,7.3,40.4,43.9,34.3,14.5,58.5,172.2,60.9,48.3,84.7,76.4,17.4,21
20.9,37.8,28.8,43.8,94.5,34.8,159.3,92.5,91.0,64.9,19.5,55.2,31.6,36.0,38.0,50.8,6.3,35.2,40.4,37.0,13.5,62.0,186.4,55.8,47.7,76.8,70.2,15.9,18
22.5,40.7,33.1,49.0,95.9,38.4,142.5,98.3,77.9,55.8,19.5,55.8,31.5,36.6,38.3,44.1,6.3,37.4,42.0,34.5,13.6,55.5,166.0,57.6,47.0,85.6,71.3,15.9,25
23.8,39.3,34.0,47.5,103.8,40.3,155.8,100.3,88.6,64.0,21.8,57.2,34.9,39.0,41.3,50.2,7.6,37.0,40.8,36.4,14.8,60.0,180.2,63.5,49.7,88.0,84.3,17.8,19
24.3,37.1,33.8,45.3,96.1,40.3,156.0,96.3,89.0,57.2,21.7,57.2,34.9,35.7,36.5,50.7,7.8,37.5,42.6,35.9,12.2,59.2,183.1,59.1,51.2,85.8,79.1,17.5,20
23.3,40.0,33.3,45.7,93.0,37.7,146.6,92.9,83.1,57.8,21.0,54.9,34.0,38.5,39.5,46.2,8.0,38.4,41.4,35.7,14.5,58.1,169.6,56.6,45.0,80.0,69.1,17.2,23
21.9,42.9,33.0,49.6,97.8,36.0,154.1,97.1,85.2,63.1,20.7,57.3,34.3,40.2,44.1,50.1,7.2,38.3,41.6,36.7,15.7,60.4,177.2,58.6,47.0,79.6,74.3,17.3,19
20.7,40.0,33.2,49.9,90.2,33.3,146.5,96.3,78.0,60.3,19.3,54.3,30.8,39.8,41.0,44.1,6.0,36.6,39.9,34.2,13.5,55.0,169.3,53.5,47.2,79.2,61.1,15.9,26
22.1,41.6,29.6,43.2,89.6,35.2,146.4,89.4,85.4,52.7,21.5,57.8,33.7,37.4,41.0,48.6,7.6,37.1,39.8,36.3,14.0,59.0,171.3,51.5,42.4,71.6,63.0,17.8,19
22.7,39.3,29.8,48.0,92.8,38.2,141.2,96.1,77.8,57.2,19.3,55.8,31.8,41.0,43.1,43.4,6.5,37.2,40.0,33.3,14.4,55.1,165.2,58.9,46.0,82.2,67.3,15.8,18
22.5,41.5,34.8,48.5,96.3,39.4,147.0,99.7,84.6,56.4,21.9,56.9,33.8,43.0,45.0,46.8,6.8,40.0,43.5,36.1,15.0,59.5,171.5,61.8,43.0,79.4,76.4,16.6,18
21.9,41.7,36.5,50.6,100.3,40.4,149.3,102.2,87.9,55.8,20.3,56.0,34.4,45.0,47.6,48.4,7.8,39.0,42.3,36.8,15.4,61.5,171.3,65.1,44.7,83.5,81.1,16.2,21
22.7,41.1,33.1,48.4,97.7,37.5,148.1,102.8,86.3,55.3,20.3,57.1,33.9,43.0,45.2,47.2,6.6,38.2,41.8,37.1,15.5,61.0,171.0,60.8,47.8,89.1,77.5,16.5,20
24.1,40.0,39.3,49.5,98.9,39.7,149.7,102.6,85.2,60.0,22.3,55.3,35.9,43.0,45.5,48.8,6.8,41.5,46.4,35.8,15.3,60.0,175.1,62.7,45.8,82.9,86.7,18.4,27
20.6,37.9,26.3,44.0,84.6,33.0,142.8,84.2,83.2,53.1,18.7,53.9,31.3,40.0,41.0,47.0,5.8,36.5,38.8,33.0,14.5,56.5,166.8,50.2,45.0,72.0,56.7,15.3,19
24.7,41.5,39.5,51.9,108.9,44.3,146.9,109.3,85.0,66.1,22.2,59.0,36.6,44.0,45.5,49.3,7.4,41.4,44.5,35.5,15.2,61.1,172.0,68.1,44.7,92.2,93.5,18.0,20
21.7,37.3,31.3,44.4,93.7,34.9,142.5,89.7,81.9,57.3,20.6,55.3,32.7,37.0,40.0,44.7,6.4,35.4,39.8,34.6,14.2,57.5,166.5,56.2,44.6,74.1,64.8,16.3,18
22.0,41.2,37.3,50.8,98.6,39.8,144.2,108.2,81.5,57.9,20.1,57.5,33.1,42.0,44.2,46.3,6.5,35.8,38.3,36.1,15.8,61.0,167.0,60.8,47.0,83.2,77.4,16.5,23
23.0,42.8,33.3,46.7,95.6,37.3,161.3,97.5,92.4,58.0,21.3,57.8,35.5,41.0,44.5,53.5,7.5,37.3,42.3,39.2,15.0,65.3,186.9,56.1,51.5,76.8,75.8,17.2,22
23.1,38.8,36.8,47.3,91.2,37.5,143.5,98.5,82.1,58.8,21.1,56.2,34.4,37.1,39.3,45.4,6.8,37.5,40.5,35.4,14.7,59.2,168.1,56.6,43.2,78.0,71.6,16.2,23
20.8,35.9,33.6,44.7,91.5,36.3,134.4,94.0,78.2,51.3,19.7,57.3,31.3,37.4,39.9,45.1,6.5,38.2,40.8,30.4,13.0,52.0,155.9,57.0,42.8,81.2,63.9,16.0,26
23.2,42.1,37.5,50.9,98.8,41.0,155.3,105.7,88.7,62.5,21.9,59.3,36.5,43.3,45.6,51.9,7.5,40.3,42.9,39.1,14.7,63.4,179.8,64.0,46.8,84.5,88.2,17.5,19
22.3,40.4,33.3,45.8,94.4,39.5,144.2,93.2,83.4,57.9,19.6,53.6,33.7,38.6,43.5,48.5,6.5,36.2,41.7,35.0,15.9,58.1,168.2,61.0,42.8,76.2,69.4,15.7,20
21.7,38.6,34.1,48.5,97.1,37.8,144.4,100.1,81.3,54.5,19.8,55.3,33.5,37.0,38.7,48.1,6.5,37.0,39.5,34.4,14.2,59.1,168.1,60.2,46.1,93.2,72.8,16.4,18
22.1,41.0,32.1,49.2,93.2,37.8,155.7,100.0,93.1,57.4,20.4,57.8,35.6,39.4,41.4,52.3,7.7,37.0,41.7,36.5,14.8,62.0,181.7,56.2,44.8,84.0,76.5,17.6,34
27.0,41.5,39.3,56.6,112.8,46.3,154.8,120.1,87.5,65.2,23.2,59.3,37.6,50.6,51.7,50.8,7.5,43.0,46.0,37.3,15.6,63.5,179.2,71.9,53.0,101.2,109.6,19.7,20
22.6,39.2,29.5,45.5,95.4,35.8,153.7,92.4,86.9,62.6,21.3,57.2,32.6,38.5,40.1,50.0,7.2,37.3,42.0,38.5,13.7,64.0,180.6,54.3,47.1,78.1,71.0,16.8,20
26.1,43.2,36.4,52.3,103.1,43.3,151.0,108.0,84.0,70.9,21.7,59.8,35.2,46.0,48.0,46.1,7.3,40.1,45.4,36.2,14.6,60.8,176.6,64.7,47.4,90.1,90.2,18.2,18
23.7,42.8,33.5,46.8,94.6,37.8,150.1,96.8,85.3,58.9,23.1,58.8,36.2,41.0,43.0,50.0,7.4,40.9,44.3,36.9,14.4,60.2,173.8,58.8,46.0,78.7,77.3,17.8,19
22.6,40.5,29.9,46.3,92.6,37.3,143.7,98.2,81.5,54.4,20.8,56.1,33.3,39.4,42.0,46.4,6.9,36.8,39.3,33.9,14.6,58.0,168.4,57.4,45.0,83.7,68.6,16.7,19
20.3,38.3,29.3,41.8,81.9,32.4,144.3,89.4,82.2,54.7,21.7,55.2,31.9,38.0,39.7,46.8,5.9,36.5,40.5,35.9,13.0,58.6,167.4,49.7,44.5,70.1,56.0,16.3,25
23.9,37.9,33.7,47.1,96.2,39.7,153.0,99.4,86.3,65.1,22.4,57.6,35.0,39.5,40.6,48.7,7.0,36.9,39.3,37.8,14.2,63.0,178.6,58.4,46.0,78.8,78.2,18.4,20
21.1,41.2,33.3,49.5,99.2,37.0,144.6,95.7,80.5,61.0,20.1,55.9,31.5,40.2,42.2,44.9,6.6,37.7,41.3,35.5,15.2,58.0,169.7,60.5,43.3,78.3,70.3,16.2,19
24.9,41.6,35.3,51.8,110.4,40.8,158.3,106.3,87.5,60.2,21.7,58.1,35.2,42.7,45.7,50.6,7.2,39.4,43.9,36.9,15.2,61.1,183.0,65.9,51.4,99.1,95.0,17.8,21
20.7,41.5,29.8,47.1,87.0,34.8,146.2,88.5,82.2,54.9,20.7,56.3,31.8,40.6,43.5,46.3,7.3,34.9,39.5,34.9,14.6,56.8,169.7,52.1,45.4,75.5,61.4,16.8,18
20.2,42.6,32.4,47.9,97.0,36.7,157.6,98.2,91.6,63.5,20.7,54.6,33.9,36.2,40.7,50.8,7.4,38.3,41.4,36.9,15.3,62.1,181.6,59.7,45.6,83.6,75.6,17.5,22
19.8,40.5,35.1,46.7,97.0,34.5,143.7,96.8,82.4,52.2,20.2,58.2,32.7,42.0,43.7,48.1,6.9,37.4,40.0,35.7,14.0,61.5,166.0,60.4,47.0,85.5,73.5,16.2,28
23.0,39.9,38.4,50.4,99.7,40.4,144.7,104.6,83.8,57.7,20.9,57.3,33.2,46.0,46.5,46.6,7.1,38.3,41.7,35.7,13.8,58.0,168.1,60.5,43.6,87.4,78.1,17.3,20
23.2,41.5,40.6,51.8,100.6,40.8,160.6,108.3,94.8,63.3,21.0,59.4,33.7,37.0,39.6,54.0,7.3,39.5,42.8,38.1,15.1,62.0,186.6,61.8,47.6,95.8,91.8,17.8,25
20.8,41.1,33.7,49.9,93.9,38.5,139.9,94.9,77.6,58.3,19.3,55.1,31.2,40.6,43.2,45.9,6.7,35.4,37.9,33.1,15.6,53.6,163.5,59.9,42.8,77.6,66.7,15.7,23
20.5,39.1,34.6,46.8,90.0,33.4,147.8,95.1,85.0,55.4,20.7,56.6,31.8,42.0,43.0,47.1,6.8,38.1,40.3,36.9,14.9,60.5,171.7,54.1,44.8,74.8,69.1,17.1,18
25.6,44.2,39.7,53.7,112.8,41.7,154.7,111.4,87.0,69.8,23.6,61.9,38.2,46.5,48.6,51.1,7.3,40.1,44.6,37.7,16.0,64.2,180.3,69.8,47.0,93.7,100.1,19.1,19
22.5,41.0,33.8,46.7,97.3,39.4,138.0,96.7,79.0,59.3,20.5,56.5,32.7,40.6,41.3,44.7,6.7,38.5,41.1,34.3,15.3,54.6,162.3,61.3,40.3,76.7,70.6,16.3,18
23.3,40.5,32.7,48.0,97.4,39.5,151.3,102.3,85.1,59.1,20.5,57.0,34.6,45.9,45.5,49.0,7.0,38.8,42.0,35.9,13.1,59.6,174.5,62.0,48.0,83.7,77.7,18.1,19
22.9,43.5,38.3,52.9,100.2,36.7,154.6,97.8,83.5,63.2,21.2,56.4,35.3,44.5,46.7,50.2,7.5,37.5,41.7,36.2,16.6,61.1,180.0,60.7,47.7,84.3,81.9,18.2,28
25.6,40.3,36.2,52.5,109.3,42.8,144.5,105.5,80.3,61.8,21.1,57.2,34.8,44.5,45.3,47.1,8.0,38.2,41.3,33.4,14.8,55.1,167.3,67.7,47.5,96.2,88.8,17.4,18
23.6,38.9,33.9,49.2,106.9,38.2,153.5,101.8,85.9,67.4,20.7,56.8,33.7,41.0,42.0,48.5,7.2,39.1,43.3,35.1,15.4,58.1,176.0,63.8,47.0,91.1,82.3,17.1,23
22.7,41.9,32.0,50.7,97.8,36.1,161.7,97.5,96.0,62.2,21.3,56.8,34.5,44.2,46.7,54.5,7.3,36.8,39.2,40.2,15.7,66.3,187.4,57.2,45.4,79.0,76.3,17.6,19
24.6,43.1,36.5,56.2,106.1,44.9,151.0,112.5,87.0,64.5,20.3,59.6,34.3,47.6,49.0,50.2,7.4,42.4,46.3,36.8,14.7,59.8,173.9,68.7,43.7,93.0,94.7,17.4,20
23.3,42.7,33.8,48.8,99.9,40.2,151.5,101.7,87.1,63.4,20.3,58.3,35.0,46.5,48.0,48.4,7.6,39.6,43.6,35.8,15.4,59.0,175.3,61.0,44.6,85.6,79.7,17.1,19
23.8,45.2,34.8,52.3,106.3,40.3,158.1,106.1,90.4,66.2,20.8,58.3,35.8,42.7,46.5,51.2,7.7,39.8,44.2,37.8,17.2,62.8,183.9,62.4,47.6,94.4,91.8,18.0,18
22.3,39.7,33.7,49.5,103.0,40.4,155.6,101.6,85.9,64.9,19.9,58.4,34.3,33.0,37.0,49.6,7.2,38.3,40.8,37.5,14.2,63.5,180.3,61.2,47.0,83.7,82.5,17.7,19
22.2,39.1,34.5,51.7,96.3,37.0,148.5,107.1,84.1,65.8,19.6,56.3,32.5,46.2,46.1,49.9,7.1,41.2,44.5,35.5,13.7,59.6,172.0,59.2,42.8,84.0,76.1,17.0,23
23.3,40.7,36.0,49.5,96.3,39.3,155.2,101.6,91.1,59.9,21.6,58.4,36.0,40.5,42.0,50.9,7.3,37.5,40.3,36.5,13.4,61.1,178.8,61.1,47.0,82.6,82.1,17.5,21
21.3,40.7,29.7,46.2,95.6,35.9,152.5,94.4,85.3,59.0,19.9,59.0,32.2,38.3,41.1,49.7,7.4,36.3,38.9,38.2,15.0,61.8,177.1,57.0,46.7,83.1,70.3,17.0,21
21.8,41.4,31.5,46.0,87.2,35.9,146.0,89.6,79.6,58.2,19.0,56.7,31.3,39.0,42.6,45.9,6.9,35.7,39.6,34.3,16.0,56.5,169.1,51.4,49.0,76.6,60.8,15.4,21
22.6,40.4,34.5,47.6,91.4,38.3,146.0,97.8,82.0,55.6,21.2,57.6,34.3,41.1,43.2,46.6,6.9,37.1,40.1,35.7,15.4,59.0,172.3,55.2,45.8,78.2,69.7,17.3,19
22.3,42.7,33.0,49.1,98.0,35.0,158.0,98.9,90.3,63.6,21.5,56.0,34.3,42.1,45.1,52.4,7.4,39.8,43.0,40.6,16.0,65.0,184.0,56.8,46.0,81.7,77.9,18.1,20
24.4,41.9,36.3,52.1,104.2,43.3,152.3,109.5,84.0,64.4,22.5,58.4,33.8,47.5,49.0,48.8,6.7,38.3,43.0,36.3,16.1,59.2,179.3,65.3,46.3,90.0,88.8,17.9,19
23.5,41.4,35.5,50.3,99.6,39.0,155.5,101.1,86.1,60.8,19.7,55.4,33.7,45.5,46.3,49.3,7.2,37.2,42.6,37.8,14.1,63.0,177.8,62.1,48.0,83.3,79.4,17.7,22
25.5,45.4,35.5,52.9,100.5,39.7,155.9,103.1,87.1,63.3,23.3,57.8,37.0,40.6,44.6,52.8,7.0,40.5,44.4,36.4,16.2,60.1,182.1,59.0,46.0,84.1,84.3,19.3,25
22.3,38.1,33.1,49.7,97.4,35.7,143.9,96.3,80.3,60.7,20.3,56.9,32.3,44.5,45.3,44.4,7.0,36.7,40.5,34.2,14.5,56.0,168.5,58.4,45.9,82.1,70.7,16.4,20
23.4,40.6,36.2,52.4,106.8,39.5,148.2,109.4,82.8,64.6,20.8,57.0,32.6,46.0,46.5,47.8,7.1,39.0,42.3,34.9,14.7,56.5,172.2,66.2,47.7,97.4,88.5,17.6,29
24.6,41.4,41.0,56.0,121.7,41.3,156.0,114.8,84.7,72.0,20.8,58.9,36.2,45.6,46.5,48.3,6.8,41.0,44.1,36.5,15.3,62.3,178.6,75.7,52.5,115.6,109.3,17.3,23
21.7,40.1,31.4,48.1,96.0,37.8,154.3,96.5,86.8,59.8,21.0,59.3,33.6,42.5,43.6,49.9,6.9,36.6,41.0,36.0,15.6,61.1,178.0,57.7,49.0,86.1,75.4,16.5,27
22.2,40.9,32.6,51.9,102.2,37.8,158.2,103.6,85.6,65.8,21.2,56.5,34.5,43.0,45.1,50.4,8.5,37.3,39.6,36.4,15.5,59.0,181.1,61.3,49.7,89.7,82.6,16.7,36
25.3,44.3,39.2,53.9,100.3,40.9,154.9,110.1,88.1,69.0,23.2,59.4,36.8,45.0,47.5,51.3,8.2,42.2,45.4,37.0,15.0,61.2,178.7,61.7,43.1,85.0,89.4,18.8,22
23.0,40.7,34.3,50.4,97.9,38.3,150.7,100.5,85.8,62.9,20.2,58.3,33.3,43.5,45.6,48.7,7.5,38.0,41.8,36.3,15.1,59.2,174.8,59.7,44.3,83.2,77.2,17.0,21
23.9,38.5,33.4,45.7,91.0,40.5,157.3,93.0,87.8,63.0,22.6,56.3,35.8,36.8,38.4,51.3,7.1,35.8,39.1,37.0,13.1,60.0,183.0,54.9,47.8,78.3,71.6,17.8,29
21.1,41.6,33.8,48.3,90.3,37.2,141.4,96.2,77.0,54.8,19.3,56.2,31.2,41.1,43.0,44.1,6.4,38.3,41.6,33.4,14.5,53.5,165.6,56.8,46.3,86.4,68.1,16.0,35
23.6,44.1,35.1,50.8,101.0,41.7,156.0,104.0,88.7,63.3,21.0,59.6,34.8,44.0,46.0,50.5,6.6,38.7,43.0,39.6,16.6,64.5,181.6,63.5,47.4,90.2,88.8,16.7,23
21.8,41.9,32.1,46.8,95.3,39.9,149.3,94.5,85.7,55.5,20.0,55.6,33.4,41.1,44.1,48.2,7.1,37.6,41.2,36.4,15.8,59.5,174.1,56.5,45.6,78.8,73.5,16.4,18
23.3,40.2,32.8,47.6,99.9,38.4,151.2,99.0,88.4,60.7,21.7,57.1,33.2,40.0,44.5,49.3,7.7,39.2,42.7,35.6,15.0,60.0,174.5,60.4,46.6,87.7,79.1,17.3,18
23.0,41.0,31.4,47.3,102.5,38.8,155.2,99.0,88.5,60.7,21.0,59.3,34.3,39.0,40.7,49.8,6.9,36.7,40.0,39.0,14.0,65.0,179.5,61.4,49.5,92.7,81.3,16.5,19
22.2,39.7,34.3,51.1,98.5,37.0,150.4,108.1,81.3,67.3,20.7,56.0,32.5,42.0,44.5,48.5,7.2,40.3,44.8,34.8,13.8,58.5,174.8,58.7,46.8,91.8,81.5,17.2,27
23.3,42.0,32.8,48.5,101.4,39.5,154.8,100.6,88.2,59.8,19.9,60.7,34.7,44.5,44.5,50.6,7.3,39.5,43.3,37.6,16.1,60.6,180.6,63.2,49.4,85.8,83.0,16.8,24
23.5,39.3,33.7,48.7,97.2,38.3,145.5,97.2,80.6,61.4,20.2,56.7,32.8,38.2,41.1,47.0,6.4,38.0,41.1,33.9,13.5,56.0,169.8,58.4,45.5,86.0,72.4,17.0,26
22.7,41.2,31.3,45.3,91.0,34.9,153.8,91.2,87.1,55.9,20.3,58.4,33.7,38.3,40.8,51.2,7.0,37.7,41.4,35.9,15.0,60.6,179.1,55.7,48.2,76.5,67.6,17.7,18
22.0,39.3,29.1,46.1,93.7,35.9,145.4,92.5,81.6,57.0,20.8,55.5,33.8,38.4,41.4,46.8,7.0,36.7,40.7,33.7,14.7,57.0,170.3,55.3,45.7,83.5,66.7,16.8,18
23.1,38.5,34.1,49.8,93.7,38.3,150.7,99.2,87.5,60.1,20.0,55.2,34.5,40.5,42.4,49.8,6.5,36.9,40.1,36.7,13.1,60.5,174.4,59.3,45.1,85.4,74.0,17.2,21
21.0,36.6,30.4,46.0,90.5,33.4,143.8,93.4,81.1,56.9,20.2,53.7,31.1,39.0,39.5,46.1,6.9,37.0,40.7,33.0,13.5,54.3,167.7,55.1,45.0,75.3,60.6,16.0,29
23.2,42.0,34.6,51.7,101.5,40.2,150.2,104.6,86.0,62.3,20.5,58.0,34.4,43.0,46.0,48.3,6.9,36.7,40.8,36.6,15.2,62.0,173.6,63.7,46.6,87.7,82.6,16.1,17
23.3,41.3,32.9,47.5,95.2,37.7,152.9,99.3,86.4,60.5,20.8,58.4,33.5,46.5,47.8,48.1,7.5,37.8,42.0,36.9,15.3,60.0,178.6,56.2,47.4,82.5,74.7,17.4,20
25.7,44.3,37.5,57.2,109.9,46.7,160.3,115.2,92.5,64.5,22.2,58.0,37.1,44.1,46.1,54.5,8.6,41.8,46.0,38.7,15.5,63.1,185.8,68.6,50.7,105.6,107.1,18.3,33
25.1,44.3,36.0,52.4,98.5,41.7,157.8,102.7,92.5,57.4,22.5,60.2,35.8,42.2,45.6,54.9,7.2,39.6,43.4,36.9,17.7,62.5,183.3,61.2,47.0,85.1,86.2,17.7,19
24.3,42.8,34.2,50.1,103.7,43.9,164.9,100.8,91.8,65.9,22.0,57.7,36.5,42.0,44.5,53.5,7.9,39.5,44.2,40.1,16.7,64.0,190.0,63.7,53.1,86.5,93.2,18.5,23
21.4,42.7,30.5,48.6,94.6,39.1,150.2,97.9,86.7,59.5,21.1,55.6,33.3,42.0,44.5,49.2,7.7,37.1,41.3,36.2,15.7,59.6,174.3,57.3,49.2,81.4,72.6,16.6,20
21.7,38.1,31.2,45.5,91.1,35.8,149.8,97.9,84.4,58.5,18.7,54.7,30.8,40.0,41.0,48.2,6.8,37.2,40.5,35.5,13.4,59.3,173.3,56.1,46.6,78.5,67.7,16.1,20
23.0,40.8,39.8,49.3,102.6,41.0,149.7,100.2,88.9,65.8,22.0,58.7,34.3,40.0,43.0,50.5,7.4,40.2,44.0,36.2,13.8,61.0,174.5,64.8,46.5,89.3,86.6,18.3,28
22.3,39.8,31.0,47.6,93.2,36.0,155.1,98.2,89.2,59.4,21.3,56.1,33.6,41.0,42.1,51.4,7.0,39.0,42.8,37.3,13.0,62.1,180.3,54.3,46.2,76.6,72.5,17.5,22
22.2,42.9,37.6,52.2,100.8,38.0,148.6,101.9,82.7,57.7,19.9,58.5,32.5,41.0,42.5,47.8,7.3,37.4,40.8,34.1,14.3,56.2,171.3,60.7,48.5,93.6,77.5,16.1,24
19.0,35.6,27.1,40.5,80.8,32.3,126.9,84.1,70.2,50.9,18.7,55.0,29.2,33.0,35.5,40.9,6.5,36.0,39.4,29.8,12.0,48.8,149.1,47.4,40.4,71.5,47.8,15.2,19
23.3,41.4,32.2,46.6,97.2,37.4,151.8,99.6,85.0,61.3,20.8,58.4,35.8,41.0,45.0,50.5,7.4,37.1,41.1,37.0,15.7,60.1,176.5,58.6,48.5,90.1,76.6,17.5,22
24.4,41.6,35.6,51.4,106.4,41.7,152.7,106.6,84.3,63.3,21.8,59.6,33.6,42.0,45.1,48.6,7.5,39.7,42.4,36.4,15.1,59.5,176.7,64.8,47.5,94.2,89.7,18.0,20
23.3,40.8,29.6,46.0,90.9,36.0,152.0,100.2,88.0,61.5,21.3,56.0,33.9,40.0,41.3,50.2,6.6,37.5,42.0,37.8,15.2,62.1,177.3,53.9,46.5,85.8,70.3,17.3,21
22.3,42.7,33.0,49.0,98.9,37.6,148.6,97.5,80.2,61.0,22.3,57.4,33.6,40.0,43.5,46.2,7.1,37.8,42.6,34.7,15.6,56.6,176.0,59.7,47.8,81.7,75.0,17.7,19
24.5,41.7,33.5,51.7,101.4,41.9,150.7,105.7,83.2,62.6,21.3,57.8,33.7,45.0,45.6,48.2,7.6,39.4,43.5,34.7,16.6,57.5,174.5,60.2,50.0,89.2,84.6,17.5,25
21.2,37.4,29.1,43.9,85.9,34.3,152.3,95.2,86.0,55.1,19.9,56.8,32.6,37.2,40.0,48.4,6.7,35.1,37.8,37.0,13.8,61.1,176.9,52.4,47.2,75.4,62.9,16.2,18
21.4,40.4,30.3,46.8,92.5,34.8,143.5,94.3,80.4,60.8,19.7,54.6,31.7,41.5,44.6,46.8,6.0,38.6,42.2,34.6,15.6,56.5,165.3,56.4,43.2,81.8,63.8,16.4,27
23.6,40.0,36.7,52.1,102.2,37.9,157.8,105.6,90.1,60.4,22.0,57.7,34.6,44.6,44.5,52.2,7.3,37.6,42.2,37.7,14.3,60.5,185.1,64.5,49.6,89.8,89.2,18.1,27
22.6,40.5,29.6,46.1,93.9,37.0,152.2,90.2,87.6,58.6,21.3,56.2,34.4,35.0,37.5,50.9,7.1,36.8,40.9,35.6,15.0,59.0,176.8,55.8,46.8,79.5,67.4,16.5,19
22.4,38.1,31.0,45.5,94.6,37.6,157.4,92.1,88.9,59.9,20.6,58.1,32.6,41.8,42.1,50.7,6.9,35.9,39.2,38.1,14.7,63.5,179.8,56.2,49.1,81.5,72.1,16.8,18
22.2,41.7,33.0,48.4,94.6,37.5,142.5,98.3,84.0,57.7,19.7,57.4,33.6,42.0,43.5,47.8,6.7,39.0,40.8,33.4,16.7,57.0,165.6,57.4,40.2,77.0,68.9,16.7,20
23.3,39.8,31.1,46.3,97.9,37.0,150.0,95.5,86.2,61.5,19.8,57.1,34.2,42.0,43.3,49.5,7.4,38.6,41.9,37.5,13.8,59.5,176.3,58.5,44.4,78.3,73.7,16.2,18
22.2,42.4,35.5,50.4,97.4,37.1,154.0,100.4,88.2,59.5,21.8,56.1,33.8,45.2,47.3,50.6,7.7,37.8,42.4,36.4,15.6,60.6,178.1,59.0,47.0,84.6,76.5,17.4,20
23.2,41.5,34.8,50.2,98.1,41.3,153.2,99.2,92.3,58.3,21.6,57.8,35.7,44.4,45.1,50.3,7.8,38.9,41.8,38.0,14.6,62.5,176.4,59.3,44.4,86.7,81.7,17.8,22
24.8,44.1,33.9,53.1,107.5,40.3,144.8,106.1,81.9,66.4,21.1,56.2,34.1,44.9,48.0,46.1,6.8,37.0,39.8,33.9,16.0,56.7,170.4,64.3,44.0,91.3,82.8,17.4,26
22.5,38.8,29.8,46.1,92.4,37.7,147.4,98.0,84.8,60.2,21.1,57.4,32.8,43.3,44.3,49.1,7.3,37.0,40.1,37.0,14.0,60.4,171.5,54.6,46.2,83.0,68.1,17.0,18
24.3,41.3,36.9,53.3,105.8,43.0,153.8,106.7,84.6,63.2,20.8,57.1,35.2,39.6,42.0,47.5,7.9,38.0,41.8,36.0,14.0,61.2,177.4,64.3,50.8,93.5,88.8,16.8,25
22.3,38.9,36.6,51.7,99.6,38.4,145.4,107.4,81.7,63.9,20.6,57.7,33.0,38.4,40.0,46.0,7.0,42.2,44.4,34.3,13.8,56.8,168.1,58.1,46.0,93.4,79.3,17.0,42
23.4,39.8,31.1,47.7,104.8,40.0,155.5,106.2,87.2,63.4,19.8,59.3,33.0,43.5,44.7,50.4,7.7,39.4,41.8,37.7,15.0,61.5,178.6,60.9,51.7,96.7,85.8,16.4,21
21.8,41.2,34.1,47.8,90.7,37.9,146.4,97.9,84.4,59.0,20.4,55.6,31.7,41.0,43.8,48.6,6.2,35.4,38.4,34.0,16.2,57.5,168.1,57.1,44.2,76.3,66.9,16.6,25
22.3,41.3,30.2,45.2,99.5,37.1,156.8,91.7,89.0,62.5,19.3,57.8,32.8,39.0,42.5,50.2,6.8,35.8,39.5,37.8,15.4,63.0,180.8,58.4,47.2,79.7,72.2,16.4,18
24.6,37.5,31.4,46.3,93.4,39.7,140.4,96.4,80.5,55.7,21.9,57.5,35.0,37.9,39.4,46.9,6.3,36.5,39.9,33.1,13.6,54.5,165.0,58.1,42.6,85.2,69.9,17.3,18
26.0,38.9,39.0,49.0,102.7,46.1,142.6,99.5,80.2,61.5,21.2,57.5,34.7,37.3,41.1,46.2,7.3,41.2,44.6,35.2,14.5,58.6,167.4,67.4,42.6,88.3,88.9,18.2,19
20.7,37.2,34.2,47.4,97.3,38.3,137.4,99.8,76.6,58.3,19.2,56.6,31.3,40.0,40.5,43.5,6.9,37.5,40.4,33.0,13.3,53.8,160.4,60.4,44.3,90.3,70.5,15.3,42
21.7,39.6,30.0,45.5,92.5,35.3,143.1,95.3,76.7,58.7,19.8,54.2,32.3,40.5,43.5,44.8,6.7,37.1,40.1,34.6,14.4,58.1,167.2,56.2,46.6,84.3,66.5,15.5,38
21.8,39.6,33.4,49.2,98.1,39.2,152.7,98.0,89.1,62.0,19.2,58.0,35.1,40.0,42.1,49.7,7.1,36.4,40.3,35.2,14.8,60.5,176.6,61.2,46.2,86.2,78.3,16.3,25
25.2,43.2,38.2,53.8,108.3,41.3,159.3,106.9,89.4,70.1,22.6,59.3,37.0,41.1,44.1,52.3,7.8,42.9,46.8,37.5,14.6,60.8,186.5,63.9,49.0,92.6,97.2,19.2,29
22.3,40.1,33.4,50.2,102.0,38.7,155.5,111.3,89.0,60.5,21.8,55.5,34.2,43.5,45.0,49.0,7.5,38.5,41.3,38.0,15.1,61.2,180.6,61.2,50.0,95.4,83.5,17.4,51
22.3,40.0,31.8,50.7,102.9,36.5,151.5,108.0,85.1,61.5,19.6,57.5,33.5,46.0,46.5,49.0,7.3,39.8,42.8,37.1,13.8,61.4,174.0,60.4,46.9,97.4,81.6,17.3,28
22.7,41.3,34.8,51.8,102.7,40.1,145.5,108.8,79.4,62.8,18.7,56.8,32.9,45.3,46.0,46.8,7.4,36.2,40.7,33.1,15.6,56.6,171.3,62.5,47.1,90.8,81.6,16.2,25
19.8,39.7,32.5,46.8,93.5,36.0,150.8,95.1,82.2,60.4,21.1,57.5,31.2,35.4,38.5,47.8,6.7,36.7,40.2,35.6,15.1,57.5,174.0,55.0,50.3,79.6,68.5,16.5,42
24.0,41.4,37.0,52.8,104.3,42.7,148.9,100.2,84.0,59.1,21.6,61.3,36.3,45.0,46.5,48.7,6.7,41.8,43.8,35.9,15.2,59.4,174.0,62.5,46.1,83.2,85.0,18.3,23
22.2,43.3,34.3,49.5,93.2,36.6,152.1,96.2,89.9,57.8,21.2,60.0,34.1,43.1,46.6,51.4,6.5,39.8,42.8,38.1,16.2,62.8,177.6,57.3,43.8,77.2,72.3,17.1,22
24.8,42.4,32.9,51.0,104.8,42.3,161.2,108.8,91.4,61.1,24.3,59.8,36.4,45.3,48.5,52.8,7.8,41.1,45.2,39.4,16.3,65.5,185.2,61.5,53.8,95.7,93.5,18.5,36
22.0,42.1,30.0,47.4,95.3,34.8,161.3,94.9,94.2,59.4,20.4,58.4,34.3,35.1,38.6,51.1,6.3,34.5,38.6,39.4,16.1,65.0,185.3,55.3,47.2,80.1,72.2,17.7,25
25.7,44.0,40.0,56.2,111.5,44.6,166.4,113.3,90.1,73.8,24.1,59.3,38.3,48.4,50.5,52.6,8.4,42.9,46.0,40.2,15.2,66.5,191.6,71.4,53.4,106.2,111.3,20.2,30
24.9,44.6,37.3,56.7,114.8,44.8,160.9,119.4,88.5,72.3,22.2,59.3,35.8,45.4,48.5,50.2,7.3,45.0,48.7,37.9,15.9,63.5,184.2,71.6,52.0,109.7,113.5,18.3,26
22.5,41.3,33.5,48.8,101.2,37.5,150.6,99.4,83.5,63.4,22.5,57.6,34.3,43.2,46.5,46.4,7.6,40.8,44.0,36.6,15.3,59.0,175.3,59.8,48.2,88.9,78.7,18.0,23
22.7,40.2,30.0,47.3,92.0,34.8,152.3,97.6,86.5,58.5,20.5,56.1,33.3,41.5,44.7,49.5,6.3,37.9,41.5,36.3,14.0,61.0,176.4,54.4,46.6,77.9,67.1,16.6,19
23.7,41.5,36.1,52.9,109.1,39.4,155.8,109.5,86.6,65.3,22.1,57.3,35.2,46.0,47.9,48.5,7.6,41.5,43.2,36.3,15.0,58.6,180.7,66.2,50.3,97.6,94.9,18.4,30
23.8,40.1,32.0,51.8,109.1,40.9,156.7,106.3,85.3,64.0,18.3,55.8,35.3,39.5,41.6,50.3,7.7,39.8,42.8,38.6,14.2,63.9,181.0,64.9,48.6,98.4,90.9,17.2,21
21.0,41.4,29.1,47.8,89.9,34.7,139.4,95.6,80.6,55.3,19.8,57.4,31.7,41.3,43.0,45.3,5.8,36.2,39.0,34.3,15.3,55.3,164.3,54.7,40.8,80.1,60.4,15.5,19
22.6,43.0,32.9,50.8,102.1,38.8,151.5,103.8,84.1,65.8,21.4,57.4,34.3,40.0,44.0,48.3,7.1,39.2,42.4,36.9,15.3,60.7,176.4,60.1,46.9,89.0,82.4,17.8,21
24.3,39.0,35.7,49.0,101.7,42.8,155.5,105.7,89.4,59.7,21.0,55.7,34.8,49.1,50.2,49.7,7.3,43.5,46.2,37.3,13.7,60.8,177.3,63.9,50.2,93.9,88.5,17.5,25
22.7,42.5,33.0,50.9,98.9,37.7,153.0,100.1,85.8,61.5,20.2,57.4,33.1,42.0,44.6,48.2,7.1,37.5,42.0,36.3,15.5,59.3,177.7,60.1,50.0,85.5,78.0,16.8,24
23.2,40.2,32.3,47.6,93.8,40.4,148.4,94.0,84.2,57.7,20.3,58.3,32.8,44.5,46.1,47.2,6.7,34.2,37.1,35.4,15.5,59.0,171.4,60.5,46.0,80.2,71.7,16.7,30
23.2,41.2,34.7,50.1,98.3,37.7,154.0,99.4,87.5,57.5,20.6,56.9,33.3,42.3,43.4,51.7,6.4,38.8,42.0,37.9,15.0,61.5,179.0,60.0,47.5,83.3,77.3,17.0,21
24.0,42.3,34.7,50.7,98.3,39.4,162.8,99.8,91.0,64.3,21.1,58.4,33.8,34.2,39.0,52.1,7.7,38.1,41.8,38.8,16.2,62.0,186.7,59.4,49.8,84.1,80.7,17.3,21
21.5,40.4,37.6,53.8,102.6,36.9,145.0,106.2,77.2,60.1,21.3,57.3,31.4,39.3,40.0,46.2,6.7,38.2,41.8,34.2,14.6,56.7,169.7,64.4,46.4,90.6,77.6,17.0,32
25.0,40.9,34.6,52.3,112.9,42.7,155.9,102.8,84.4,68.7,21.2,58.6,33.7,40.8,44.3,49.9,7.3,38.7,41.4,37.1,15.5,60.0,179.6,68.5,50.1,104.9,93.9,17.6,24
23.3,43.8,37.5,53.4,108.1,39.8,159.3,108.2,88.5,66.2,22.6,58.7,35.5,41.3,44.6,51.2,8.3,41.5,45.4,36.6,15.5,61.4,183.4,67.3,51.7,101.0,96.5,18.1,32
25.8,41.2,34.3,52.4,100.4,44.0,149.6,102.2,86.0,56.4,20.0,57.6,34.0,42.0,43.6,47.9,7.1,37.7,42.1,34.6,15.5,57.6,172.7,62.6,46.0,87.4,81.4,16.9,25
24.5,44.7,39.2,52.4,104.1,41.8,159.7,107.9,91.2,62.7,21.9,56.8,37.9,44.0,47.6,52.7,7.9,40.1,43.2,38.4,17.0,64.0,181.9,65.1,48.4,91.5,94.3,18.2,31
23.8,42.6,35.5,50.5,97.7,40.0,155.1,104.4,92.8,58.0,22.8,56.8,36.3,42.3,44.5,52.5,7.0,38.5,43.0,35.1,16.1,60.6,178.8,60.4,46.2,84.2,83.1,17.6,22
21.2,41.8,33.9,49.0,95.9,34.0,152.7,104.4,89.8,58.4,22.3,61.2,35.2,44.5,44.8,51.2,7.1,40.1,43.8,38.5,14.8,62.5,174.7,61.7,47.7,91.1,82.1,17.4,38
23.9,44.3,39.5,52.6,107.4,42.7,151.9,105.6,84.9,68.1,21.4,58.7,36.3,46.3,48.6,49.1,6.7,43.3,47.4,36.9,16.5,60.1,174.2,67.6,48.0,94.8,92.2,17.2,33
23.8,44.0,39.4,58.2,108.1,43.5,155.6,120.5,87.8,64.9,22.5,61.4,34.5,48.4,49.1,51.1,7.6,45.2,48.1,36.5,14.3,58.4,179.7,65.9,48.0,104.6,103.9,18.5,30
23.7,41.1,33.0,48.2,97.0,41.5,153.1,97.7,86.7,61.7,20.6,57.3,34.7,39.3,42.0,51.3,7.7,38.3,41.5,35.7,14.6,58.2,178.3,61.0,45.2,83.5,76.4,16.7,20
22.7,40.2,31.1,44.3,88.8,37.2,148.4,90.5,83.2,58.4,21.8,57.4,34.4,37.4,39.7,48.4,7.3,38.3,41.2,33.8,13.6,55.5,172.4,53.5,46.1,79.7,66.1,17.0,19
24.5,45.4,38.0,54.1,106.8,42.6,161.1,109.7,89.7,71.1,22.3,57.6,35.3,45.5,48.1,52.1,7.6,42.8,45.9,38.8,17.0,64.0,186.7,65.5,47.9,97.8,97.2,18.1,20
21.2,39.2,28.4,44.6,89.8,33.6,141.8,94.2,77.9,54.9,21.3,57.3,33.3,41.3,43.2,44.7,7.3,36.8,40.5,34.9,15.0,57.0,168.0,51.2,45.3,76.9,61.5,17.3,21
22.7,39.6,31.6,46.6,95.6,38.5,150.4,98.7,86.3,57.0,21.2,57.2,34.3,40.3,42.5,49.2,6.8,37.6,40.4,36.7,15.0,59.8,175.4,56.8,46.0,85.3,72.7,17.3,33
21.5,36.8,34.4,47.3,94.4,38.5,137.5,93.2,74.9,58.8,20.3,54.9,32.0,39.0,40.4,43.7,6.0,36.4,39.3,30.9,13.0,51.6,162.4,57.6,43.2,81.6,65.7,16.2,28
22.6,38.3,33.4,48.0,94.1,38.1,138.9,96.8,78.8,62.3,21.1,57.2,33.0,41.4,42.1,44.4,6.9,37.2,42.0,33.1,12.6,55.6,162.9,57.6,42.8,80.3,68.6,17.7,21
21.6,41.9,31.7,47.0,93.4,37.2,154.3,93.9,86.1,58.3,20.3,58.4,32.9,35.5,39.2,49.9,7.1,36.9,41.4,36.7,15.0,59.3,179.4,54.9,48.2,76.6,69.1,16.7,21
21.2,37.7,33.3,50.0,100.6,40.5,135.4,101.7,74.3,63.0,18.7,55.8,31.6,39.3,40.3,43.1,6.5,38.9,42.8,33.5,12.5,55.0,158.8,62.7,43.0,91.2,73.0,16.1,27
21.5,41.7,39.2,49.3,90.1,38.9,149.7,96.4,89.0,53.4,21.2,58.0,34.6,40.8,44.1,50.4,7.3,39.4,41.0,37.6,15.9,63.3,173.8,55.3,43.7,80.2,73.8,16.7,37
22.6,41.6,36.0,48.6,103.3,37.8,157.0,101.0,91.3,59.4,22.1,56.7,34.9,38.6,42.1,51.8,7.5,39.1,42.3,38.3,15.6,63.0,180.6,64.6,48.4,90.9,86.4,17.0,45
22.6,43.5,32.6,50.6,101.2,36.9,154.2,97.1,90.5,59.9,20.7,58.7,35.4,42.5,46.1,52.0,7.3,37.2,41.5,37.2,16.4,63.8,179.8,62.1,44.1,81.4,78.1,16.9,31
22.7,41.1,38.0,50.6,98.1,39.4,140.5,103.2,77.1,59.3,21.2,53.5,33.0,43.6,44.5,43.8,6.2,40.7,43.3,34.0,15.3,56.0,162.5,60.2,45.2,97.8,78.7,16.6,49
25.4,42.4,38.9,57.0,119.7,42.6,146.5,118.3,79.4,68.8,21.8,59.2,35.3,47.8,49.5,46.1,7.2,43.8,47.4,34.5,15.0,53.5,170.8,74.8,48.8,116.8,105.8,18.1,27
23.7,40.8,36.8,51.8,105.1,42.6,144.5,104.4,79.8,63.3,21.3,58.1,33.1,42.3,45.1,45.2,6.3,39.5,43.3,36.1,14.8,59.1,167.9,67.3,46.1,93.2,86.1,17.4,28
22.7,39.7,37.5,51.5,100.8,40.2,151.0,104.4,87.5,62.7,21.2,57.2,34.0,41.0,42.7,51.6,7.6,37.3,41.1,36.2,15.3,58.6,175.0,64.8,44.7,91.3,83.9,17.0,31
25.5,44.4,39.0,55.2,107.2,43.0,156.6,114.9,91.2,63.2,21.8,56.9,36.2,44.6,46.5,50.1,7.7,38.6,41.8,36.6,16.1,61.2,179.6,65.2,49.3,96.6,95.4,18.4,24
22.9,41.3,29.2,47.2,94.7,36.3,159.4,97.6,88.4,60.6,20.5,60.3,34.0,46.0,48.5,50.1,7.3,36.3,41.0,38.9,13.8,63.6,184.3,55.1,50.7,83.3,75.2,17.2,22
21.7,41.8,32.6,50.6,101.9,37.5,149.2,107.8,83.6,61.8,21.8,54.9,33.5,45.3,46.3,46.8,7.3,39.4,43.3,36.1,15.3,57.5,174.2,58.0,47.9,101.6,84.5,17.2,53
23.0,37.7,33.1,48.3,101.6,39.2,141.2,103.9,80.4,59.2,20.7,58.0,32.7,40.0,42.5,45.7,6.9,35.9,38.1,34.0,14.1,54.8,166.7,63.7,45.5,96.1,77.1,16.6,38
20.7,41.2,34.0,49.3,94.6,38.1,145.3,102.4,81.1,55.8,20.8,56.8,31.7,43.0,45.0,49.1,7.1,39.8,43.8,34.0,15.0,55.8,168.9,57.1,47.4,89.9,72.3,16.4,33
24.6,44.0,33.5,48.5,94.0,40.5,161.2,102.1,94.0,59.9,21.9,55.7,35.6,42.3,45.3,53.6,7.4,39.2,42.6,41.4,16.2,66.6,184.3,56.8,46.2,82.8,80.7,18.0,19
23.3,44.2,36.7,54.1,106.8,38.0,163.1,107.5,91.9,72.7,20.4,58.5,34.8,45.7,49.2,52.1,7.8,40.5,46.4,39.5,15.0,64.0,189.1,67.0,48.3,96.2,97.7,17.7,24
23.3,43.8,38.4,52.2,109.5,42.4,165.3,106.8,92.7,63.1,22.6,60.7,35.7,44.0,47.0,53.6,7.7,42.5,46.8,38.9,15.9,65.1,192.5,65.3,52.7,94.1,100.8,18.6,24
25.7,42.7,38.3,55.4,118.5,43.9,148.9,116.1,85.2,66.8,23.0,59.8,38.2,43.0,44.6,48.5,8.0,40.7,43.9,36.3,15.0,59.0,171.7,73.3,45.2,108.0,105.9,18.2,37
24.5,42.0,36.0,52.3,110.6,39.7,153.7,115.6,84.2,68.3,21.3,56.2,34.9,47.5,50.0,48.1,7.0,40.0,45.2,36.8,14.5,61.8,179.9,67.2,48.0,95.0,95.4,17.8,19
22.4,40.1,35.5,52.9,112.5,39.9,144.8,112.9,84.9,63.4,19.7,57.5,33.0,44.1,46.5,47.7,6.5,42.6,46.0,35.3,14.0,60.7,169.5,69.3,46.1,109.5,95.6,16.4,38
24.7,44.3,43.2,61.4,116.9,45.4,151.8,126.6,84.6,67.0,21.1,61.6,37.3,50.0,50.0,48.9,6.9,45.2,48.7,37.4,15.1,65.0,177.3,77.1,50.0,111.6,120.5,18.3,24
24.7,39.8,35.7,50.5,102.9,42.5,153.5,105.9,87.7,57.4,21.4,57.6,36.3,40.5,43.1,50.4,7.5,38.5,42.6,36.3,14.2,59.3,180.6,63.7,48.5,99.0,87.6,17.7,32
22.6,40.4,37.7,55.7,105.6,39.6,148.4,118.8,83.2,63.8,21.3,56.8,33.5,49.6,48.5,47.6,7.2,40.3,44.6,37.0,13.8,60.5,172.5,66.4,47.8,103.0,94.1,17.3,42
22.2,42.1,38.1,53.3,102.2,39.8,140.6,110.9,81.3,59.8,21.4,56.0,32.5,48.8,49.8,47.1,7.5,41.2,44.8,33.3,15.2,55.1,167.6,64.5,41.1,97.0,83.8,17.3,27
22.7,40.2,35.6,50.0,101.2,42.3,146.6,105.8,83.2,64.4,21.0,57.4,33.1,45.1,47.1,47.8,7.2,38.9,42.8,35.9,14.8,57.5,171.6,62.5,43.7,99.9,86.0,17.0,40
23.0,42.2,40.9,57.0,106.3,42.0,157.5,115.3,88.9,65.5,22.5,57.9,36.1,49.5,50.1,51.5,7.7,42.8,46.8,38.5,16.5,61.3,181.9,64.2,50.2,98.8,100.2,18.5,40
22.1,39.3,33.8,51.4,101.6,39.0,147.5,102.7,85.7,60.1,19.5,55.2,33.2,45.5,46.5,47.3,6.9,36.4,40.3,35.2,13.6,57.1,173.9,61.2,44.6,93.2,79.8,16.1,23
24.3,41.5,34.4,48.2,100.8,38.3,152.4,98.0,86.0,59.4,22.1,58.9,36.6,42.5,45.5,47.4,7.2,39.0,40.8,36.0,15.9,59.1,177.8,60.2,48.9,93.8,81.3,18.5,26
25.6,44.4,42.8,56.8,121.4,47.0,165.7,120.1,97.1,71.8,22.4,60.1,38.8,45.6,48.6,56.1,8.4,42.2,46.3,38.0,15.7,63.8,191.9,77.7,51.2,119.2,131.2,19.4,32
24.3,42.9,37.8,51.7,108.3,40.7,149.4,109.1,84.2,59.7,20.8,57.9,34.9,41.0,43.3,49.4,7.7,40.7,44.6,33.5,15.5,58.2,172.8,67.2,48.5,97.8,93.7,17.1,20
21.9,40.4,38.6,49.0,99.8,38.3,144.5,101.1,86.8,52.8,22.2,55.5,34.0,42.5,45.3,48.8,7.5,38.1,40.8,35.7,15.2,62.3,166.9,62.8,43.0,78.7,76.3,16.5,20
21.8,40.8,29.2,45.6,89.8,36.7,143.6,95.3,78.9,56.7,19.5,58.3,31.3,37.0,40.1,44.4,7.0,37.6,42.4,33.5,14.0,54.0,169.7,54.0,46.4,78.6,62.6,15.7,26
23.2,43.0,36.5,52.4,101.2,41.7,151.5,112.3,86.7,60.3,21.1,58.4,33.7,45.0,48.1,51.6,7.6,41.4,45.0,37.1,16.7,61.5,177.3,62.1,45.5,100.0,88.7,17.7,38
22.3,39.1,27.6,46.0,96.2,36.8,150.9,96.3,86.3,61.9,19.4,59.8,33.6,39.4,42.1,48.7,7.4,37.8,41.2,36.7,12.7,59.5,176.4,55.6,46.0,88.3,71.0,16.5,23
22.6,39.8,36.1,53.5,104.8,39.0,148.2,107.9,81.3,67.6,20.3,57.3,32.7,44.6,45.1,48.0,7.4,42.5,45.5,34.8,12.4,56.8,171.6,66.3,47.9,102.1,88.7,17.6,31
22.1,41.9,33.0,49.7,103.1,37.4,155.9,100.4,84.6,59.4,21.2,56.7,34.2,41.8,47.0,49.8,7.1,38.5,43.2,36.5,16.4,60.6,180.2,60.8,51.1,92.6,81.7,17.7,35
22.8,44.0,35.4,52.0,96.9,39.5,145.9,105.2,85.7,56.9,20.5,56.6,33.5,42.8,47.5,48.3,7.4,38.5,43.2,38.3,16.8,63.5,170.7,60.2,41.3,81.1,78.2,17.1,22
22.8,41.6,34.4,48.8,105.2,38.7,153.5,100.4,88.4,63.4,21.9,57.0,34.6,39.4,44.0,49.3,8.0,36.4,40.3,37.8,15.4,61.6,180.6,64.9,46.0,94.3,84.1,17.6,37
19.7,38.3,25.8,41.8,87.1,30.9,144.5,86.9,84.7,54.3,19.1,57.0,30.6,37.0,39.0,48.2,7.1,35.2,39.8,35.6,13.3,57.6,171.2,48.9,43.1,74.5,54.9,15.8,26
24.8,44.1,38.5,57.2,113.2,43.8,161.1,119.7,92.3,67.4,21.8,59.2,36.3,49.7,50.1,54.3,7.4,39.0,42.4,38.8,16.8,65.0,187.0,71.7,50.0,102.0,109.2,17.9,38
22.0,41.0,29.6,46.0,89.6,35.2,153.1,90.0,87.6,57.4,20.5,54.7,33.3,38.9,43.5,48.9,7.0,37.5,42.5,36.6,13.9,61.1,177.2,51.5,46.5,77.5,66.3,16.6,23
25.2,41.5,40.4,56.3,110.5,44.3,155.3,121.3,88.0,61.0,21.6,57.2,35.3,47.3,49.5,51.8,7.3,42.0,46.7,37.6,15.3,61.6,180.5,68.9,52.0,112.8,107.2,18.4,39
24.9,44.7,44.0,59.8,114.2,42.7,157.0,123.7,89.0,62.7,22.0,60.4,37.9,51.3,51.5,51.5,7.5,42.0,46.3,37.3,15.7,61.1,182.0,71.3,49.4,109.4,114.7,18.5,40
20.8,35.7,30.4,43.4,84.6,34.2,135.7,87.9,78.7,50.6,19.3,55.6,30.7,38.4,39.5,45.2,6.0,36.6,40.4,32.5,13.2,51.9,157.9,50.8,41.0,73.0,54.6,15.8,29
22.7,40.1,37.8,54.0,100.1,38.8,144.0,117.2,81.0,62.3,20.8,54.6,32.9,51.7,49.5,45.9,5.8,42.2,45.9,36.0,14.0,57.8,167.8,62.0,45.6,97.6,85.9,17.3,35
25.1,44.0,36.9,52.3,105.8,40.0,162.7,114.1,95.2,61.6,23.8,56.7,37.1,48.7,49.6,55.6,7.1,40.2,44.3,36.4,14.6,61.6,185.8,62.2,53.2,100.2,97.6,18.5,29
23.2,40.2,37.0,49.4,102.4,40.5,154.7,105.4,87.3,64.1,21.6,57.9,34.1,43.0,43.6,49.9,7.9,39.2,42.3,37.4,14.2,60.7,177.3,64.4,48.4,88.3,87.0,17.5,22
21.3,42.2,29.5,48.3,97.0,35.0,158.5,87.6,89.6,61.4,20.2,57.1,32.8,42.0,45.6,51.2,8.0,35.4,38.9,38.6,15.5,63.6,182.1,56.6,49.5,80.6,69.7,16.2,19
24.8,46.2,34.5,52.5,107.9,40.8,161.5,106.0,89.6,63.5,21.7,56.2,35.7,44.8,49.0,51.1,7.1,42.7,46.5,38.9,17.4,64.6,184.6,63.2,51.2,99.7,94.2,17.9,20
21.8,40.2,28.3,43.4,88.7,35.5,149.2,91.0,84.9,55.6,19.6,55.7,32.8,41.0,44.4,47.6,6.9,34.3,37.9,34.6,16.1,56.2,173.7,55.8,46.8,74.1,62.0,16.4,18
24.6,42.5,37.9,52.8,104.3,43.9,148.4,113.1,82.6,59.4,21.3,57.4,35.9,45.5,46.8,48.5,7.1,43.0,45.4,33.4,14.4,56.5,173.7,64.8,49.8,102.9,94.0,18.0,48
21.1,41.2,32.3,50.1,96.1,36.7,145.9,98.6,81.8,57.4,20.8,57.8,32.9,44.2,46.4,46.2,7.3,39.2,42.7,35.6,14.4,59.4,169.3,60.5,46.6,89.5,73.5,16.3,30
22.2,43.2,33.8,50.0,100.3,38.3,155.2,102.9,84.3,59.8,21.2,55.1,33.4,43.4,46.5,48.9,6.9,38.7,42.0,36.4,16.3,58.6,178.2,59.9,52.0,94.4,80.9,17.3,28
24.7,41.9,39.0,53.6,116.7,38.8,151.3,120.2,84.6,67.4,21.6,60.5,36.0,44.3,47.0,48.4,7.0,41.0,44.2,36.5,15.5,57.4,175.9,72.1,50.5,114.7,104.5,18.0,44
23.5,45.0,41.8,60.4,114.5,42.6,150.0,121.7,81.2,66.3,21.9,57.5,34.4,50.0,51.5,48.3,7.6,42.8,45.9,35.4,16.5,58.0,173.2,72.9,51.4,113.9,106.9,18.0,22
22.5,40.8,34.8,50.7,104.6,37.5,147.5,108.6,81.5,58.2,19.8,55.5,33.6,37.6,40.1,47.3,7.4,39.8,43.0,33.2,13.2,55.0,170.7,62.3,51.2,103.2,82.6,16.7,28
22.0,41.1,33.8,47.2,94.8,35.2,151.9,96.7,88.1,59.4,20.5,56.9,34.0,38.8,41.6,49.4,7.7,37.6,41.1,37.4,15.4,60.3,175.1,56.0,45.6,77.1,71.3,17.6,21
26.3,42.1,37.5,51.4,109.0,42.4,151.1,105.2,84.6,57.8,22.0,57.5,36.2,38.0,42.2,49.5,6.9,40.0,42.7,36.4,15.9,57.7,176.3,67.8,49.9,95.7,90.7,18.4,20
23.7,41.6,37.0,51.7,106.4,39.4,155.0,105.8,87.2,68.3,21.4,56.7,33.7,44.1,48.0,50.2,7.4,38.3,43.3,35.9,15.4,58.9,180.4,63.6,48.3,93.8,87.6,17.7,22
24.6,44.1,43.8,59.0,115.9,43.3,150.4,119.7,79.8,66.2,23.5,58.8,37.0,51.0,52.5,47.5,6.7,45.5,48.2,34.6,15.6,58.0,174.2,74.1,53.5,115.9,112.8,19.0,21
22.8,43.1,35.0,57.3,113.1,40.1,156.7,123.7,89.1,70.1,21.6,58.6,34.1,46.1,47.5,53.1,6.5,41.3,46.0,38.6,15.7,61.5,182.3,70.9,50.5,115.3,106.3,18.2,33
21.7,38.1,29.4,44.5,92.8,35.2,156.0,94.6,89.4,64.2,20.8,56.8,34.2,40.0,41.8,50.7,7.6,37.0,38.7,36.1,14.2,59.7,180.7,53.7,47.7,80.0,67.3,16.4,24
22.4,42.8,35.0,52.2,98.5,38.8,153.0,117.7,88.2,53.4,20.8,59.8,34.7,43.0,44.5,52.1,6.8,41.5,44.7,38.7,14.6,62.7,177.5,59.0,50.0,101.3,89.3,17.1,41
22.9,41.5,35.1,50.3,96.8,38.8,155.2,103.0,88.5,57.6,21.1,57.1,32.6,44.5,47.7,50.7,7.0,38.0,42.4,36.9,15.9,61.0,179.7,58.4,51.6,87.4,78.4,16.4,19
21.5,39.9,32.3,47.9,93.7,35.9,150.0,97.0,85.1,62.9,19.8,57.0,32.8,44.2,45.8,47.8,7.0,38.3,42.2,36.3,14.7,59.6,173.1,56.4,47.6,87.1,71.7,16.4,21
24.2,42.8,34.6,49.8,100.2,39.7,147.9,92.1,83.9,60.1,21.4,58.9,34.3,40.5,44.1,47.2,7.2,38.5,41.8,34.6,15.6,57.1,174.4,62.3,46.2,85.7,77.6,18.0,22
22.7,42.1,37.0,49.0,98.2,38.3,144.0,101.7,79.2,64.3,21.6,55.6,33.6,42.0,44.0,47.0,7.7,40.4,43.5,34.0,15.0,55.0,167.3,62.1,45.0,82.8,74.9,17.4,19
22.7,38.4,35.1,47.9,95.3,41.7,139.2,94.8,76.5,56.3,20.8,56.5,32.8,41.0,43.0,44.9,6.9,36.4,39.8,33.7,14.8,55.4,164.8,58.6,44.9,79.3,69.4,17.2,19
23.4,44.8,35.1,51.7,95.6,38.7,160.1,98.8,91.2,61.8,22.1,56.5,36.2,42.4,47.1,51.2,7.2,37.5,41.1,39.9,17.3,66.1,186.8,56.2,49.9,77.2,80.1,18.7,22
24.3,42.0,30.9,47.7,97.2,40.7,152.0,101.7,87.6,63.1,19.8,60.1,34.7,41.0,44.1,48.4,7.8,37.2,39.7,36.2,15.8,59.2,177.3,58.2,45.5,89.0,77.8,16.5,19
23.5,45.3,35.7,52.8,102.3,41.3,165.4,106.6,95.7,63.9,21.6,60.4,36.5,40.4,43.4,54.1,7.0,38.0,42.7,39.6,16.7,64.0,192.3,64.8,47.7,89.3,92.4,17.5,23
23.2,38.2,34.2,50.4,110.5,39.8,153.9,106.6,87.8,61.5,20.3,57.4,34.2,41.5,43.2,52.8,7.4,40.6,44.7,38.4,13.6,63.1,177.9,67.9,50.0,98.1,88.5,16.5,19
22.7,41.2,31.8,48.0,97.6,38.1,157.0,97.7,89.9,65.2,20.5,58.6,33.6,41.0,44.0,51.4,7.3,39.3,42.4,38.9,15.4,61.5,181.1,57.3,46.4,84.0,75.7,16.3,31
23.0,41.3,38.0,52.6,105.1,43.2,148.9,110.8,82.5,64.1,20.6,56.0,33.8,46.8,46.5,47.3,7.1,41.2,44.8,35.8,14.7,57.5,171.5,66.8,47.5,103.5,93.8,17.7,30
20.6,40.7,35.3,52.8,109.6,35.9,151.2,112.7,84.4,61.7,20.3,59.5,33.0,42.5,43.5,49.6,6.7,41.3,43.1,36.2,13.4,57.8,174.7,67.3,49.6,113.3,92.4,16.7,30
24.1,42.3,34.9,52.1,101.7,40.3,149.8,111.1,82.1,64.7,21.3,56.5,34.7,50.1,51.4,49.4,7.8,44.0,46.1,35.4,17.5,57.3,174.4,60.1,46.5,98.8,88.8,17.6,32
22.2,40.3,27.2,45.7,93.7,35.2,155.1,94.0,91.0,60.7,20.4,55.2,34.5,46.4,46.5,50.1,7.2,37.3,41.2,36.9,14.8,61.0,178.3,54.6,47.0,82.5,66.1,16.9,23
24.3,42.2,36.8,54.7,100.8,40.9,151.8,114.5,84.8,67.9,20.8,57.3,33.7,46.0,48.0,49.7,6.4,41.1,43.9,34.7,14.8,59.3,176.4,64.7,47.8,96.7,91.0,17.6,22
22.0,40.7,31.2,49.8,97.8,37.4,149.1,109.1,85.1,61.4,20.9,57.7,33.6,45.0,48.0,49.5,6.4,40.2,42.5,36.5,14.6,60.1,170.1,56.9,46.6,98.2,80.9,16.8,37
20.0,39.9,28.7,44.9,95.3,33.7,147.4,88.0,82.5,61.1,19.2,54.9,30.5,40.5,43.4,46.2,6.7,35.3,38.4,35.4,15.0,57.4,172.4,55.8,44.5,82.5,62.1,16.0,26
22.0,42.8,32.5,51.7,99.6,37.6,152.2,103.8,85.1,61.3,20.7,57.5,35.3,41.7,44.3,50.6,7.6,40.1,43.5,36.4,15.5,59.8,176.5,59.5,46.0,87.9,79.6,16.8,24
22.5,42.2,31.6,48.4,88.3,35.3,139.3,91.4,78.1,58.2,20.8,56.9,33.7,45.0,46.7,45.3,5.9,36.4,39.7,33.6,16.6,56.1,163.0,54.2,41.1,75.2,63.6,17.0,22
21.3,41.8,29.2,47.9,88.4,35.2,147.9,89.2,87.2,55.3,19.0,54.8,33.7,35.6,42.0,49.9,6.4,36.5,40.2,36.7,16.2,61.6,171.3,51.4,41.5,71.9,60.8,16.3,20
26.7,46.0,41.5,58.2,124.6,43.7,158.3,122.6,86.9,70.0,22.0,59.9,36.3,49.3,51.3,49.1,7.3,41.6,45.8,39.0,16.9,64.2,183.8,79.2,53.1,108.4,121.0,18.5,23
22.5,40.1,39.3,54.1,99.1,38.4,147.8,115.2,81.8,58.8,22.0,56.8,33.4,46.5,47.2,47.1,6.9,40.2,43.3,33.5,14.5,55.3,170.4,61.7,49.4,95.9,85.5,18.0,34
20.7,39.7,30.5,48.3,99.2,34.6,153.3,98.2,87.4,63.3,19.9,56.9,33.5,40.0,42.5,51.4,6.9,37.2,41.2,36.1,13.5,60.6,177.2,58.8,47.4,87.3,74.4,16.1,19
24.0,47.8,40.5,59.2,109.9,41.7,160.6,125.9,87.2,69.3,23.5,60.4,36.5,45.0,49.5,53.3,7.8,41.8,44.5,39.5,18.0,65.0,184.6,69.2,50.7,108.3,111.4,19.1,24
24.8,42.3,40.0,53.5,105.2,42.0,156.5,110.6,91.3,61.7,21.9,57.5,36.2,43.1,45.6,52.2,7.7,39.8,42.7,36.7,15.5,60.7,180.5,64.9,49.3,92.0,91.3,18.3,27
26.4,43.9,39.6,55.7,108.8,44.0,156.4,115.9,87.5,70.4,23.2,60.6,37.2,43.6,45.5,53.4,8.0,46.0,47.6,38.5,14.2,61.0,180.5,67.4,47.7,105.2,107.4,19.4,25
21.9,39.8,31.6,46.7,98.2,36.3,144.4,99.9,81.8,57.2,20.8,54.0,32.2,41.0,43.0,46.6,6.4,38.2,40.4,36.5,14.2,59.3,168.0,59.8,44.8,89.7,71.3,16.8,25
25.1,41.6,33.9,50.1,103.2,42.9,159.6,101.1,88.0,64.7,21.4,56.2,35.7,41.6,43.8,50.1,8.1,40.2,43.6,40.4,14.7,66.0,183.9,62.1,53.0,92.6,90.2,17.9,32
23.6,40.8,35.9,50.9,101.7,39.5,149.0,106.0,84.1,60.8,20.9,56.3,34.3,41.9,43.8,48.8,7.0,40.9,43.8,37.8,13.8,62.6,172.3,61.4,45.7,90.1,82.9,17.0,22
22.5,39.1,38.1,50.9,103.7,37.4,156.7,105.7,92.5,59.2,21.1,58.5,35.2,48.2,48.2,51.4,8.4,39.7,43.1,35.9,15.0,58.7,180.0,64.2,48.8,93.6,86.9,17.0,19
25.1,41.5,31.6,48.3,106.8,38.5,158.7,99.7,90.5,68.8,21.4,58.7,36.1,37.0,41.2,50.0,7.7,37.4,39.7,39.3,14.8,63.9,186.1,64.1,47.2,86.4,86.6,17.9,18
22.5,42.1,37.5,50.4,96.7,38.5,148.2,107.3,81.7,54.1,19.9,56.1,31.7,41.0,43.0,45.0,6.2,39.0,43.3,35.6,14.9,58.5,172.4,58.9,49.5,85.9,77.2,16.5,24
23.0,42.7,34.4,50.2,100.6,38.1,155.5,100.2,87.7,66.2,20.7,56.2,33.7,43.9,46.3,50.4,7.2,39.3,44.2,36.0,16.7,59.7,181.2,60.6,46.2,83.6,80.1,16.7,24
21.8,40.3,33.8,48.9,96.8,35.5,143.8,99.4,82.2,58.2,20.7,54.9,32.0,42.0,45.1,46.2,6.2,40.7,42.8,34.0,14.1,56.8,166.4,61.2,44.5,88.6,72.5,17.2,24
22.9,38.3,34.5,45.3,91.4,38.3,145.6,94.1,81.4,58.1,21.2,55.9,32.1,36.5,39.4,46.3,6.1,36.5,39.8,35.8,14.4,57.8,170.6,55.3,44.4,72.2,66.7,17.1,18
20.7,38.1,31.2,45.8,93.8,37.2,144.3,94.2,80.3,56.2,19.2,58.1,31.3,39.7,41.0,45.7,6.2,37.1,40.0,36.3,13.1,57.9,168.7,58.7,45.4,82.0,68.0,15.4,40
25.0,42.8,37.0,54.3,112.3,43.5,161.0,115.7,90.9,69.9,22.2,58.7,36.8,47.0,48.7,52.9,7.5,43.0,46.7,39.0,16.4,64.8,185.8,67.9,49.9,107.5,107.9,18.0,25
21.2,41.0,34.4,50.0,103.9,36.9,140.7,99.1,79.1,63.1,19.1,55.6,31.2,45.0,45.8,46.0,6.7,37.6,40.1,32.6,15.8,55.7,162.9,63.8,43.7,100.3,74.5,15.3,27
23.3,41.6,33.0,48.0,98.9,37.7,162.5,97.5,92.5,60.8,19.3,57.9,36.3,41.0,43.4,53.1,7.3,37.8,39.7,38.7,16.0,64.3,185.6,60.8,49.5,84.2,79.2,17.2,27
23.8,43.4,40.3,56.3,112.6,43.1,153.4,116.7,90.0,66.7,22.2,60.5,35.2,47.8,48.0,49.8,7.2,44.8,46.7,37.0,14.6,61.1,175.7,71.2,46.2,106.2,105.2,19.0,23
21.3,41.4,29.6,46.9,94.2,36.1,149.7,92.9,82.4,62.7,19.9,55.7,32.8,34.5,38.5,48.8,6.9,35.6,39.3,37.0,15.3,59.0,175.0,57.0,44.0,76.5,66.3,16.3,26
22.9,38.6,38.2,51.9,109.6,40.4,150.5,112.6,81.8,67.4,21.7,56.9,32.7,39.1,40.0,46.3,6.5,40.2,45.0,36.0,13.0,59.3,173.5,64.4,47.3,101.1,90.5,17.7,30
21.7,40.2,27.8,44.7,90.8,33.2,147.3,86.4,82.6,56.2,20.0,54.2,32.9,36.0,40.5,47.4,7.0,35.3,39.0,35.3,15.5,59.0,173.9,54.3,45.2,75.0,58.7,15.3,22
21.3,40.6,32.5,47.4,96.1,35.4,141.2,97.2,76.2,58.2,21.0,56.2,32.2,40.5,42.1,43.8,6.6,39.6,42.2,34.4,13.8,54.6,163.4,57.1,47.0,89.9,68.7,17.0,26
21.8,39.2,40.5,57.6,112.4,40.5,155.3,123.5,86.1,65.5,22.7,58.5,34.4,47.0,46.5,52.9,8.1,43.3,45.4,37.7,13.2,62.0,177.2,67.8,51.5,116.6,109.0,18.3,31
20.2,38.9,30.1,43.4,88.9,33.8,138.4,89.0,78.5,53.4,19.5,54.7,30.0,41.5,43.4,43.9,6.4,34.7,36.4,31.9,15.1,53.2,160.0,54.4,43.0,74.4,57.6,15.6,19
24.2,40.7,37.0,51.2,111.4,43.0,142.8,105.8,77.4,65.3,21.0,58.6,33.8,43.5,42.3,45.0,6.7,43.2,45.5,33.3,14.1,55.8,165.7,72.0,48.8,104.8,92.2,17.6,26
23.3,44.5,32.0,49.9,96.5,38.2,164.4,98.3,91.9,56.9,20.9,57.4,35.6,43.1,46.7,53.4,7.6,38.2,41.3,39.8,16.5,65.1,189.8,56.2,53.2,91.3,81.5,17.3,23
23.2,42.6,36.5,52.4,105.0,38.5,160.1,101.9,94.4,71.1,21.4,57.7,34.3,43.0,46.5,53.2,7.2,38.8,42.3,39.5,14.8,65.4,183.0,65.8,45.7,90.2,91.2,17.3,20
22.8,40.7,37.8,50.9,103.4,38.2,146.1,108.4,81.5,54.7,21.6,58.1,33.2,43.6,44.1,47.6,6.8,42.0,45.2,35.1,13.6,58.4,171.2,63.6,50.0,97.3,85.0,17.1,21
23.7,41.9,39.0,53.8,107.3,41.1,145.9,110.4,79.3,66.7,20.6,59.1,34.7,43.2,45.4,47.1,7.3,45.3,48.3,36.7,13.6,59.6,169.3,66.9,48.0,101.1,92.0,18.3,27
26.9,44.2,44.3,59.7,129.3,45.9,167.6,127.9,93.4,75.3,24.0,61.4,40.2,46.4,47.6,53.4,8.0,48.4,51.7,39.6,13.8,63.4,191.0,81.2,57.0,132.8,144.2,21.6,22
21.8,40.4,31.2,48.4,97.5,35.1,158.8,101.7,91.2,64.2,19.1,58.0,32.8,42.0,44.0,52.9,7.7,35.7,37.9,37.4,14.2,60.6,181.7,59.4,48.2,85.0,73.9,16.3,22
25.7,42.7,37.3,57.0,109.2,45.1,154.5,117.5,87.2,69.8,22.6,59.0,36.6,47.6,49.0,50.4,7.1,45.2,47.5,38.0,16.2,61.5,179.0,69.1,48.8,108.9,106.2,18.0,22
24.4,45.0,38.4,58.9,111.8,40.6,155.2,120.6,85.8,73.8,21.2,58.3,35.5,48.1,49.6,49.3,8.3,40.7,45.2,35.7,16.6,60.0,178.9,69.2,48.1,107.1,104.9,17.9,21
21.3,42.8,28.0,48.2,95.2,35.8,150.6,95.3,87.0,57.8,19.9,54.8,33.3,42.2,45.5,49.1,6.8,36.0,40.9,37.1,16.3,58.5,172.8,53.3,45.7,82.5,66.0,16.1,21
20.5,40.5,29.7,45.7,92.7,33.8,145.3,91.4,82.3,56.4,19.3,54.8,30.6,38.2,42.7,48.1,6.5,37.1,40.6,35.6,15.0,58.4,168.4,54.1,45.0,86.4,62.2,15.9,24
24.3,43.4,40.4,52.0,108.4,42.7,162.0,110.1,91.4,65.7,21.7,58.8,37.3,48.0,50.4,54.4,7.6,43.6,47.4,37.3,16.5,62.7,186.1,67.6,51.2,100.3,102.2,18.4,23
22.4,41.3,32.3,48.6,97.2,36.6,151.2,91.5,86.5,62.3,20.6,57.9,33.0,43.0,46.2,48.7,7.0,36.7,39.3,37.5,15.7,61.0,176.3,55.0,45.0,78.5,69.7,16.5,19
25.3,44.9,34.9,54.2,103.5,41.2,168.3,103.4,94.9,62.9,22.3,58.5,38.5,44.5,47.0,56.6,8.4,39.0,43.1,40.3,17.5,66.5,195.2,61.6,53.9,89.0,93.9,18.6,24
23.3,42.0,32.4,50.3,106.6,38.8,151.0,98.6,83.0,66.3,21.0,59.6,33.1,41.0,44.0,46.9,7.4,38.3,40.9,36.9,14.7,59.9,175.0,65.7,46.2,83.0,79.3,16.6,19
24.3,39.5,33.2,49.2,105.3,40.9,152.2,108.8,86.7,57.5,22.1,57.9,35.9,40.6,43.5,49.2,7.4,37.9,39.8,36.2,15.6,60.5,176.3,64.8,51.7,101.7,89.9,17.8,19
22.8,41.3,32.2,47.8,96.2,35.7,158.3,94.8,93.3,58.3,20.7,56.1,33.7,39.2,42.7,52.4,7.4,36.1,39.5,38.8,14.8,63.0,185.4,54.9,45.5,78.5,72.7,17.4,18
23.0,39.9,33.2,47.2,94.2,36.5,143.6,96.3,79.1,62.8,21.1,57.7,33.0,43.2,44.6,44.6,6.6,38.5,41.4,35.9,13.9,57.5,166.9,57.2,44.4,79.1,69.0,17.4,18
22.7,46.2,42.5,58.1,112.6,42.7,161.2,121.1,88.9,75.7,23.4,60.3,35.9,51.5,53.8,52.8,8.0,47.4,50.2,37.4,16.2,62.0,185.8,69.0,50.4,107.1,114.0,19.2,35
23.0,40.9,37.2,52.8,106.2,39.9,156.6,116.2,86.5,65.7,21.3,57.7,34.0,47.2,47.7,49.1,7.7,45.0,46.0,37.4,13.6,61.0,178.6,66.5,52.6,102.8,99.5,17.6,47
22.9,43.4,37.1,53.3,105.9,40.3,146.0,109.1,80.5,69.8,21.8,55.6,34.7,42.0,45.0,46.9,7.2,40.8,43.0,35.3,15.8,58.5,171.2,64.0,42.4,97.6,88.7,17.7,47
26.0,41.0,35.0,50.5,104.6,42.3,150.7,106.9,82.0,66.9,21.5,60.0,37.2,44.4,45.7,48.6,7.9,39.2,42.6,36.9,14.8,59.5,175.2,63.7,46.9,96.0,89.4,17.9,31
21.1,40.8,35.3,50.7,106.4,39.6,142.8,107.7,80.7,57.3,21.1,56.8,33.1,39.0,41.5,48.5,6.3,38.1,40.4,35.5,15.1,59.0,165.3,65.7,44.5,97.6,84.2,17.4,25
22.5,40.7,35.3,51.2,104.3,39.7,145.7,100.6,78.0,62.9,20.3,58.9,34.2,45.8,48.1,45.5,6.9,39.2,42.2,34.8,15.2,54.9,168.7,64.3,49.3,90.0,80.4,17.0,26
22.8,39.4,33.6,48.6,99.8,36.8,145.8,99.7,82.4,57.2,21.1,56.3,34.0,40.0,42.5,46.5,7.9,37.2,41.1,36.4,14.7,57.5,168.9,61.9,45.2,94.3,76.0,16.9,21
22.2,43.4,36.0,56.2,108.4,41.3,145.7,109.0,77.9,64.6,20.3,56.5,33.0,46.1,46.5,45.3,7.4,41.0,44.5,35.3,15.7,57.6,167.4,69.0,50.5,104.6,91.3,16.8,23
20.8,40.0,31.0,45.6,92.2,36.4,155.9,93.1,87.2,58.4,20.9,56.5,33.8,39.6,41.3,50.3,7.7,35.5,38.6,36.8,15.5,60.5,181.9,55.7,48.0,75.4,67.3,17.4,21
23.9,40.1,35.4,49.1,102.3,36.0,154.5,103.7,85.7,67.3,21.4,58.0,33.8,43.0,45.0,50.8,6.7,41.3,44.4,36.6,14.5,60.1,178.8,64.4,48.9,90.5,85.7,17.5,22
21.7,41.0,34.0,47.2,91.5,36.1,145.2,96.4,83.4,54.7,21.4,54.8,32.7,40.7,43.3,47.8,5.5,39.0,42.3,36.5,15.4,60.3,167.9,56.2,43.2,76.7,68.8,16.3,22
23.7,41.6,36.3,51.8,103.6,39.9,152.8,108.7,84.6,59.8,21.4,56.9,33.8,39.2,41.1,48.7,7.1,38.2,41.3,36.9,14.5,61.4,176.3,63.8,50.0,96.4,88.5,17.4,20
23.7,40.9,33.6,48.0,90.5,38.6,148.8,96.4,88.6,58.8,20.9,57.8,35.2,37.2,41.2,48.8,7.2,36.8,40.4,36.5,15.8,61.0,173.3,57.6,42.0,75.3,70.8,17.5,19
22.3,40.0,37.5,48.7,96.5,35.9,146.0,101.1,81.9,59.8,21.6,59.5,32.9,42.0,44.0,46.0,6.8,40.5,43.3,35.5,13.2,55.2,170.3,57.4,46.3,81.7,74.3,17.7,21
25.3,42.8,36.9,53.4,111.6,43.0,156.6,108.1,86.5,68.2,22.5,56.0,35.4,43.4,45.1,49.7,7.2,39.2,43.4,37.6,15.4,61.1,181.4,70.4,51.1,101.0,98.5,19.0,25
22.5,41.2,34.8,51.3,106.2,38.2,157.3,109.5,89.2,61.4,20.4,59.8,34.7,45.5,45.5,51.1,6.8,41.0,44.2,38.6,13.8,64.1,182.5,63.9,51.3,100.5,90.2,16.2,23
24.3,41.5,35.4,49.2,100.2,40.7,157.5,98.1,92.6,60.4,21.7,57.8,37.3,43.2,46.8,54.5,7.7,38.8,42.0,38.5,16.0,65.4,181.5,60.5,49.4,83.6,85.2,17.8,21
24.3,40.8,35.3,50.9,105.2,40.2,152.9,102.0,82.4,62.7,22.8,57.3,35.1,39.0,40.0,50.0,7.9,39.2,42.5,35.1,14.1,57.1,177.8,62.8,48.4,88.2,85.1,18.2,27
22.8,36.8,33.0,44.5,89.6,36.5,149.5,96.3,84.5,57.4,20.1,55.9,33.0,39.0,41.1,49.4,7.0,36.7,39.7,36.1,13.6,58.1,174.4,54.7,46.5,86.3,68.5,16.4,25
25.8,38.8,39.0,53.9,113.2,42.5,154.8,120.5,87.2,60.9,22.7,57.9,36.6,48.6,48.7,50.1,8.7,44.8,47.2,37.3,14.0,60.5,178.1,70.1,52.0,115.1,106.5,18.3,27
25.3,42.3,39.2,54.4,110.5,45.0,148.1,118.1,81.9,66.8,21.2,59.9,34.7,45.5,48.1,46.2,7.0,45.9,51.3,35.1,13.5,58.9,171.6,72.1,48.6,105.2,104.4,17.6,28
24.7,44.4,36.8,53.3,104.7,42.9,152.5,114.9,86.2,64.1,22.1,58.0,37.7,45.5,47.1,49.3,8.4,44.4,48.9,36.9,15.1,61.0,176.6,63.7,51.0,98.2,96.8,18.7,42
24.3,44.7,39.0,54.1,103.2,40.5,151.1,109.2,83.1,57.6,21.8,57.8,35.5,45.5,47.6,47.8,6.5,41.5,47.0,36.6,15.6,59.3,173.6,63.7,51.5,95.1,90.2,18.5,22
24.1,44.4,36.6,55.3,107.3,42.1,156.0,115.7,88.1,67.7,21.7,58.7,35.8,45.0,47.7,50.9,7.4,39.7,44.7,38.6,16.0,63.0,181.0,62.6,45.7,93.5,93.8,17.8,29
21.8,42.4,36.6,52.7,105.9,37.9,159.6,108.4,91.3,64.4,20.4,57.0,32.8,44.3,46.6,52.0,6.9,40.4,46.0,35.9,15.0,59.0,183.9,66.2,50.6,99.9,92.8,17.3,35
23.7,40.7,35.7,55.9,107.7,41.9,144.1,108.4,79.8,68.9,21.4,60.4,33.6,45.0,46.8,45.8,7.9,39.6,43.7,34.4,14.0,56.6,166.8,65.6,46.8,97.4,87.3,17.2,31
22.7,39.6,35.1,48.7,96.7,35.2,154.6,104.8,85.0,58.0,20.7,56.7,35.4,40.0,41.0,51.6,7.8,37.8,43.6,36.8,14.0,60.2,178.4,55.9,53.0,92.8,76.9,17.5,51
22.0,44.1,39.5,51.6,106.2,39.2,152.2,108.3,87.5,65.2,22.4,56.7,34.7,40.5,45.0,52.5,6.7,39.0,42.0,37.7,16.0,62.1,175.7,68.0,44.5,91.5,89.2,18.2,33
22.8,42.3,36.3,53.9,104.2,38.0,155.0,118.4,81.5,64.7,20.5,57.9,32.2,46.6,47.6,48.0,6.8,42.2,46.0,36.8,14.1,59.0,177.7,61.1,54.6,107.0,96.3,17.2,47
24.4,41.1,43.1,53.4,107.5,41.8,152.0,111.5,90.2,62.2,22.0,55.8,37.2,44.5,46.1,50.6,7.9,40.0,45.5,35.8,15.7,59.7,174.9,67.0,45.0,99.4,94.7,17.7,40
20.0,40.7,27.2,46.2,95.7,32.2,158.6,94.6,88.0,63.8,20.6,57.6,33.5,35.0,39.0,48.9,6.8,35.0,39.4,38.2,14.2,61.0,184.2,51.0,49.0,81.2,66.5,17.0,34
22.2,40.9,33.1,47.7,95.0,38.4,153.1,98.0,86.5,61.7,21.4,55.6,34.5,38.1,41.4,49.6,7.1,37.8,41.4,36.9,14.7,61.0,178.2,56.5,47.0,82.2,75.4,17.7,31
24.3,42.3,37.5,51.2,106.3,41.2,151.0,112.3,83.0,67.1,21.3,56.9,35.3,39.4,43.5,47.5,7.0,42.9,47.7,35.4,14.1,57.8,173.4,65.9,50.7,102.4,93.5,18.1,26
23.5,43.6,37.0,55.3,102.2,38.4,163.8,112.1,90.8,68.3,22.0,57.8,35.8,46.6,47.0,52.7,7.2,39.3,44.7,38.1,15.1,63.2,189.7,63.3,52.1,96.4,95.0,18.8,28
21.2,41.5,38.3,53.5,102.8,36.1,142.9,112.7,77.6,60.9,20.8,55.8,32.5,44.2,46.5,45.0,6.7,37.6,42.5,32.6,16.0,53.5,165.0,62.5,51.0,96.3,82.2,17.2,51
27.7,44.6,41.6,57.5,113.8,43.5,152.5,116.7,81.2,67.9,23.0,61.0,37.3,44.2,47.3,47.1,8.1,43.3,46.0,37.6,15.4,60.4,176.0,72.0,49.3,102.0,105.2,19.4,24
22.0,44.6,31.3,50.7,92.9,32.6,160.5,99.2,91.6,64.8,21.6,58.1,33.7,42.0,45.5,51.8,6.8,40.3,42.8,38.5,17.0,64.4,183.7,58.3,48.5,83.0,74.7,17.3,36
23.1,42.1,37.8,51.8,100.7,40.5,149.1,104.2,88.5,58.3,21.0,56.1,34.5,40.1,43.0,49.0,7.8,38.4,42.0,37.3,15.0,61.4,171.8,65.7,43.3,88.3,84.5,17.5,32
22.4,40.2,34.6,51.3,103.7,38.4,142.5,110.2,77.6,63.7,19.2,56.2,33.3,45.5,46.2,46.2,6.5,39.7,43.1,34.9,13.2,56.8,165.4,61.3,45.5,103.1,84.3,17.3,41
22.1,38.9,32.1,48.5,108.3,40.0,158.5,110.6,90.8,67.1,22.9,55.4,35.9,38.0,40.0,54.4,7.7,40.7,44.0,38.9,14.2,63.0,183.4,67.3,48.0,104.8,92.5,17.7,41
23.0,41.8,37.8,51.8,110.1,38.2,156.3,104.4,87.1,63.1,22.2,56.7,33.7,44.4,47.6,49.5,8.4,39.6,43.4,37.6,14.8,63.4,181.0,65.8,50.0,99.2,92.6,18.1,26
22.8,39.8,30.6,47.7,95.1,38.7,149.5,96.7,82.7,58.9,21.2,58.0,33.3,36.5,39.0,49.3,6.9,38.8,42.2,35.5,14.2,56.5,172.2,57.7,49.6,90.4,75.0,17.7,53
22.0,38.8,34.0,47.1,94.4,38.0,143.2,101.5,80.6,57.1,20.8,55.0,32.8,40.6,41.4,46.6,6.7,40.3,43.2,34.7,13.5,55.6,164.6,58.2,45.2,92.0,73.3,17.0,48
21.0,41.1,33.5,50.9,103.8,37.4,148.7,105.7,79.7,62.8,20.2,58.0,33.4,40.6,42.2,48.9,7.6,38.4,41.6,34.5,14.7,56.5,172.8,59.8,46.4,99.2,81.5,17.2,32
22.0,41.9,38.3,52.1,104.6,41.4,151.2,107.7,83.1,56.8,19.9,56.3,34.3,39.6,41.6,48.6,7.2,39.2,41.7,35.4,15.2,58.2,176.1,63.6,51.5,91.5,87.5,17.3,34
20.6,40.9,34.0,49.7,98.8,36.7,154.3,96.6,85.2,61.8,19.4,57.0,30.3,37.0,41.2,49.2,6.5,36.4,39.4,36.6,14.1,61.6,178.0,59.9,48.5,93.0,77.0,16.2,28
21.2,40.8,34.1,50.9,106.1,38.2,148.4,115.2,81.3,59.6,19.7,57.3,32.4,46.1,46.8,48.7,6.4,41.4,44.2,36.0,13.8,57.8,171.9,63.2,48.3,102.4,86.9,16.3,42
23.8,41.6,37.6,49.1,100.5,40.0,157.5,98.3,89.3,64.7,20.8,55.9,33.9,41.0,44.0,48.9,7.7,40.4,43.5,36.7,14.1,60.1,183.0,62.6,50.5,86.1,85.0,18.6,25
22.5,42.5,40.0,55.4,101.1,40.4,153.0,118.2,84.1,61.6,21.0,59.7,34.3,42.8,44.5,51.4,7.2,43.0,45.7,37.6,13.8,62.0,175.1,60.2,51.0,102.6,96.2,18.0,45
23.9,44.8,33.7,51.9,98.5,41.6,151.6,102.9,85.6,61.0,21.5,56.4,36.3,44.4,48.0,50.7,8.2,41.3,43.4,36.6,16.0,59.9,175.8,57.9,47.7,88.4,81.1,17.8,43
23.4,41.6,36.8,52.9,97.7,38.9,143.6,112.2,78.4,56.8,21.2,57.7,33.7,46.2,47.3,47.5,6.8,39.7,43.0,35.1,14.5,58.3,168.1,59.2,47.6,98.3,85.7,16.9,48
23.0,40.0,36.7,50.0,104.9,39.8,155.5,104.2,85.6,61.9,21.8,57.6,35.5,39.2,42.5,50.8,8.1,38.7,42.5,38.7,13.5,62.6,180.5,62.4,52.0,95.7,87.9,18.0,42
22.0,44.0,34.7,53.8,101.8,40.7,151.9,111.2,82.7,57.3,20.1,58.9,33.1,46.0,48.0,47.8,7.9,43.1,46.0,37.7,15.5,60.0,176.6,62.2,50.6,98.1,88.2,17.1,46
22.8,41.0,30.6,48.8,95.3,37.0,150.4,92.8,83.2,63.5,19.7,57.8,34.1,41.1,43.5,47.8,6.8,36.7,40.2,35.4,14.3,57.0,174.0,57.2,45.4,82.6,71.2,17.2,26
22.8,40.0,35.0,47.8,101.7,39.8,152.8,103.6,85.8,62.9,21.3,57.7,34.3,41.6,45.0,48.6,6.6,40.0,43.0,35.1,14.0,59.0,176.8,61.4,50.2,92.5,83.2,17.5,37
22.2,39.8,34.6,48.7,96.6,38.2,146.7,100.6,80.2,52.9,20.2,58.3,32.7,40.0,41.0,47.3,6.2,39.4,43.7,34.4,13.4,56.3,170.3,59.4,50.7,86.3,74.2,16.5,27
23.4,44.8,37.5,52.2,99.5,38.8,159.6,104.3,87.8,59.7,21.3,56.1,34.5,47.0,48.5,51.1,7.9,38.3,41.7,38.6,17.3,62.0,184.5,60.0,54.5,85.0,83.3,17.3,23
23.4,43.7,42.7,54.9,111.1,42.8,161.6,119.5,92.2,69.9,21.8,58.3,35.7,50.5,51.0,52.5,7.9,44.2,47.8,38.3,15.5,62.0,185.3,69.4,50.5,107.2,115.1,17.2,29
21.2,40.7,33.6,50.0,103.0,38.7,151.0,107.2,82.1,62.3,20.6,58.0,32.7,44.0,45.0,48.2,7.5,37.0,40.2,35.0,15.8,58.2,175.6,62.6,49.2,87.8,79.2,16.3,30
22.7,41.0,35.3,48.6,104.4,40.4,159.8,99.2,91.3,68.7,20.6,59.2,34.9,40.6,43.2,52.2,7.7,39.5,42.7,39.3,15.0,62.1,185.8,63.6,48.6,91.5,86.2,17.5,29
22.0,40.7,34.0,49.5,97.2,38.3,151.3,103.8,82.4,62.3,20.6,58.8,33.7,37.3,39.4,47.8,7.0,37.5,40.8,35.9,15.6,58.5,176.3,59.5,49.3,81.2,75.3,16.4,25
21.7,40.8,33.7,49.6,103.8,38.4,152.2,99.8,84.8,67.0,20.0,57.8,33.0,42.0,45.0,48.1,6.6,38.5,40.8,37.4,14.6,61.2,175.8,64.3,46.9,93.3,82.3,17.0,23
23.8,43.3,36.7,50.9,103.4,40.5,151.3,101.7,83.2,63.7,21.3,58.0,35.5,46.8,48.1,49.0,7.4,38.0,41.5,36.3,16.5,58.3,176.8,62.3,47.5,84.7,83.7,17.1,27
23.3,40.7,37.3,51.9,104.2,38.9,156.0,111.8,87.1,63.3,20.8,58.7,33.3,45.7,47.0,48.4,7.3,43.4,45.7,36.7,13.7,60.1,180.1,64.2,51.1,98.7,93.2,17.5,28
22.3,41.2,38.6,51.4,104.8,36.8,152.5,105.1,87.6,62.4,21.2,57.6,36.0,40.0,41.2,51.7,7.1,39.9,43.2,37.4,13.5,63.0,176.1,65.5,45.0,95.6,87.9,17.2,22
22.5,41.7,35.8,50.5,101.2,37.3,151.0,106.7,83.3,63.8,21.9,58.5,33.7,42.2,43.3,48.7,6.6,41.2,43.8,34.2,14.4,55.0,175.6,59.5,46.5,94.2,81.9,17.8,41
23.7,42.5,42.5,54.7,111.3,42.1,159.5,119.2,90.4,66.8,20.7,56.4,35.1,49.1,50.3,54.3,8.0,40.9,44.2,39.2,15.0,63.8,183.0,69.1,49.3,108.7,106.1,16.3,35
23.1,40.5,32.4,48.6,96.8,36.2,149.1,99.2,84.3,57.1,19.3,56.2,32.7,39.1,42.5,46.4,7.2,37.9,42.2,36.0,14.3,58.0,172.6,58.3,48.0,86.5,73.3,16.4,30
22.1,40.9,33.4,49.5,102.2,40.2,147.6,103.1,84.8,63.0,20.5,55.1,32.5,44.1,46.2,49.1,6.7,39.9,44.5,35.7,13.6,58.9,171.8,64.6,46.8,96.5,81.8,16.5,39
21.7,39.7,37.7,52.6,106.3,39.8,148.0,111.8,80.7,65.2,21.8,57.6,33.3,46.0,46.0,46.4,6.6,40.0,42.5,34.9,13.7,58.3,171.7,66.1,49.6,99.1,90.7,17.3,38
22.7,43.4,34.3,53.6,103.8,36.0,154.5,111.6,88.2,61.2,21.2,55.8,34.7,45.5,48.0,50.2,8.7,38.2,40.5,38.7,16.3,61.5,181.1,62.3,49.3,97.4,87.5,17.8,37
24.5,43.0,37.8,52.9,102.9,42.3,152.4,107.8,82.6,63.3,22.5,60.5,35.7,47.0,49.3,48.2,7.1,42.1,46.2,36.2,15.3,58.6,178.0,62.2,47.1,90.3,90.2,18.0,24
21.0,40.2,36.1,50.4,88.3,36.5,140.6,100.8,76.8,54.0,19.7,56.8,30.6,43.0,43.7,43.7,6.4,37.4,40.4,33.9,15.1,56.0,166.4,53.3,45.1,76.1,66.3,16.9,23
21.3,41.3,34.8,46.5,96.6,38.0,150.3,98.4,87.2,57.6,22.3,56.1,34.0,40.0,42.7,52.2,7.4,38.8,41.8,36.3,15.3,60.6,175.1,61.1,43.4,77.3,74.0,17.3,23
24.2,45.0,34.0,55.4,117.1,42.5,170.7,114.3,95.9,73.9,22.6,59.5,38.4,45.0,47.5,54.9,7.0,43.0,46.7,41.5,16.4,69.8,197.2,70.2,53.0,106.6,109.3,18.1,31
21.9,42.2,32.1,48.5,87.3,34.6,145.7,94.5,88.4,53.6,20.7,57.8,34.7,41.0,43.6,52.0,7.1,38.3,41.4,36.7,15.2,60.5,169.9,54.0,40.4,75.0,66.1,16.5,23
23.7,43.8,38.9,54.7,108.3,43.7,155.5,111.6,86.6,67.8,22.3,60.0,35.5,44.3,46.8,47.7,8.0,43.1,46.7,36.0,15.9,58.8,181.9,67.6,51.3,98.3,99.3,17.5,26
21.8,37.7,35.0,48.7,97.7,37.7,142.4,103.7,76.8,58.3,19.5,57.1,31.7,43.5,44.0,44.4,6.8,39.2,41.4,33.1,13.7,55.0,166.5,57.6,50.5,94.5,76.6,16.2,43
20.0,36.7,31.6,50.1,90.3,37.0,133.6,96.1,72.8,57.0,19.3,54.3,29.0,40.7,41.0,41.4,6.5,35.0,37.2,30.7,13.6,51.1,156.7,54.4,41.6,82.8,61.9,15.1,36
21.6,42.0,40.5,53.6,100.9,35.7,147.5,108.2,88.9,59.2,20.7,59.5,33.7,45.8,47.3,50.9,7.2,41.6,44.2,35.4,14.7,59.5,168.6,60.2,42.1,84.7,79.2,16.7,28
23.0,40.9,36.3,52.3,108.4,41.3,154.4,111.6,85.2,70.2,21.0,58.3,34.3,47.3,48.2,49.6,7.9,43.3,46.5,38.5,13.0,62.7,177.1,64.9,49.6,106.5,98.4,18.0,51
22.2,41.6,35.0,49.4,96.2,37.4,155.1,100.9,90.5,56.7,21.4,57.2,34.7,42.2,45.0,50.6,7.3,39.2,42.4,38.0,15.5,63.1,180.0,58.3,45.7,79.8,77.4,17.3,28
22.3,43.7,40.2,56.7,100.4,38.8,155.9,117.4,91.0,60.9,20.3,56.4,33.8,45.4,47.5,52.7,7.1,39.4,42.2,36.5,14.9,61.1,178.3,60.9,49.3,98.0,87.9,17.0,41
23.3,42.3,37.7,54.2,107.2,40.1,151.4,109.4,84.6,65.4,20.7,59.1,34.8,46.0,47.5,49.2,7.1,41.2,43.9,34.4,15.3,56.6,175.6,66.8,49.5,104.4,92.8,16.8,25
22.8,39.5,36.7,50.5,102.6,39.0,148.8,97.2,84.5,65.7,21.5,55.9,32.7,39.5,42.0,47.6,6.9,37.5,40.3,35.6,14.9,58.0,172.2,65.4,44.7,87.6,80.3,16.8,25
24.0,42.4,34.3,52.6,104.6,39.5,151.5,107.8,88.0,62.5,21.8,55.6,35.2,48.7,50.0,50.2,6.8,40.1,43.5,37.0,15.1,60.3,176.1,63.6,45.6,95.7,88.4,18.0,23
24.5,42.9,35.6,51.1,99.4,38.8,158.5,99.0,87.8,65.3,23.7,59.0,36.8,40.0,44.0,51.3,7.5,37.7,42.1,38.5,15.7,63.1,185.0,59.1,50.0,83.0,83.6,18.9,26
22.1,43.2,36.4,54.6,98.5,36.7,158.5,104.3,90.7,63.7,21.2,56.2,34.3,41.1,43.0,52.6,7.9,37.2,42.4,37.0,15.9,61.5,181.6,59.6,49.1,89.5,81.0,17.5,31
24.0,43.4,40.0,54.3,105.7,39.3,152.4,110.9,82.8,65.9,22.2,60.3,34.6,48.0,50.2,47.7,6.6,42.0,45.5,38.2,14.2,61.1,177.2,64.6,49.1,93.3,93.6,17.7,21
21.8,40.6,31.8,43.3,86.2,35.2,148.5,90.8,85.2,53.7,20.4,58.5,33.0,37.8,42.2,48.5,7.0,36.9,40.9,36.2,16.0,58.1,173.5,51.6,46.0,78.4,61.9,17.0,20
23.6,39.9,34.8,50.8,98.5,40.9,145.9,104.2,78.1,61.4,20.5,55.4,34.0,41.0,43.0,47.7,6.4,38.8,41.2,36.7,13.9,59.5,170.5,61.9,45.5,84.0,77.2,17.3,24
23.0,39.8,36.5,52.7,109.4,38.6,155.2,101.8,89.2,62.6,21.1,57.5,35.7,41.8,44.1,51.1,8.1,39.3,42.7,36.5,13.7,63.0,180.3,67.5,49.5,97.3,90.8,17.1,25
22.6,42.9,29.5,48.7,96.1,36.0,150.8,94.9,85.7,61.4,20.0,54.3,33.5,44.5,47.5,47.4,7.1,36.2,40.1,36.3,17.0,59.8,175.0,54.9,47.2,81.5,66.1,16.4,22
27.4,43.0,38.4,56.5,116.6,44.0,154.6,116.7,90.4,69.3,21.7,58.6,37.2,41.6,45.0,51.3,7.1,40.9,43.2,36.1,15.1,60.6,177.7,74.6,44.8,111.2,109.0,18.8,30
23.5,40.7,38.0,56.5,108.3,42.1,151.8,112.0,80.7,65.7,20.8,58.3,32.9,47.5,47.2,47.0,7.7,42.2,44.2,35.3,14.2,57.2,175.9,65.6,50.4,102.2,95.7,18.0,25
22.4,41.4,36.3,49.6,100.8,37.3,153.3,109.4,88.6,59.9,21.5,55.3,33.8,43.5,46.0,51.1,7.7,37.7,41.5,37.1,14.7,59.7,178.7,63.2,48.5,89.6,87.7,16.9,31
23.3,42.6,37.1,55.6,109.2,41.5,153.7,112.3,87.4,71.5,21.3,57.9,34.3,48.4,48.4,48.9,7.7,42.2,45.0,36.7,14.6,59.6,176.6,68.4,50.3,107.6,99.1,18.2,32
21.7,39.3,30.5,45.8,84.0,35.8,152.5,88.8,89.1,53.9,20.2,54.7,32.9,37.0,40.2,49.6,6.8,33.0,36.4,37.8,14.9,60.5,176.2,49.3,47.0,72.0,60.3,16.5,22
23.0,37.5,33.7,47.4,100.5,39.3,145.8,98.8,78.7,61.7,20.1,56.6,32.7,43.6,43.7,45.2,6.7,40.0,43.2,34.6,13.7,56.1,168.8,65.8,46.0,92.1,79.1,16.2,21
23.9,43.0,33.5,49.1,97.1,40.8,159.4,99.1,93.6,63.0,20.7,58.6,35.1,46.5,48.3,52.5,7.5,38.5,41.8,38.6,16.0,64.0,185.0,56.5,45.9,81.3,79.1,17.1,26
21.7,42.2,32.2,49.0,97.2,39.7,152.6,97.6,89.0,59.4,21.4,58.3,34.3,43.3,46.3,52.0,7.0,37.2,39.4,37.1,15.0,63.7,176.4,58.9,47.2,82.1,77.1,17.2,23
25.0,42.0,37.2,53.7,108.5,42.6,155.8,103.7,82.7,61.7,21.6,56.8,36.5,38.5,41.1,48.0,7.8,40.5,45.0,36.6,14.7,60.0,179.8,66.8,53.7,93.5,92.7,17.7,23
22.5,40.2,36.5,50.4,103.1,41.3,143.3,106.2,80.2,58.8,19.8,56.2,32.8,42.8,44.5,46.5,7.5,37.8,41.4,33.9,14.5,55.7,167.8,64.3,45.7,89.7,80.1,16.4,24
23.1,42.2,38.7,54.1,106.6,42.2,149.7,117.5,85.3,58.9,22.7,57.3,33.8,45.8,47.1,49.2,7.7,42.7,44.2,36.5,15.6,59.2,173.8,67.1,47.5,102.8,96.9,18.6,29
21.7,42.5,32.5,49.9,98.4,39.2,150.1,101.8,85.0,62.2,20.8,55.8,32.6,45.1,48.3,48.8,7.7,38.3,42.0,35.9,16.8,60.0,173.9,59.6,45.9,95.8,77.5,17.2,30
20.5,38.3,27.7,44.1,89.8,34.6,136.2,85.8,75.3,56.4,18.3,55.7,30.6,37.0,40.8,43.4,5.7,34.6,36.5,32.0,14.5,52.0,157.7,55.1,42.5,73.5,56.4,14.9,23
21.5,41.2,33.6,49.3,96.1,36.6,148.0,99.3,85.1,57.9,20.1,55.8,31.8,38.8,42.1,48.6,6.8,36.6,40.3,36.9,14.7,62.0,170.7,59.9,44.6,82.3,72.8,16.4,26
27.0,43.2,39.5,53.1,109.8,43.7,160.3,110.9,89.6,64.6,23.6,59.0,36.9,40.5,43.5,50.4,7.5,42.4,46.1,38.3,15.5,63.5,186.3,67.6,51.7,101.8,103.3,19.8,23
21.7,40.1,29.6,46.5,98.3,35.1,157.0,94.9,92.2,57.5,21.4,56.9,34.9,36.4,39.0,53.4,7.7,35.3,38.5,37.8,14.1,64.6,182.0,55.5,47.1,86.7,71.0,17.1,26
23.0,42.1,36.8,51.8,107.1,39.5,157.7,109.2,88.3,69.9,21.9,58.8,32.8,40.0,43.0,49.2,7.6,39.1,42.3,36.7,15.0,60.8,181.6,66.7,49.8,93.8,94.8,18.0,20
25.8,41.2,38.9,52.7,117.2,41.6,160.0,111.2,91.2,72.5,21.1,59.7,37.5,44.5,46.4,53.2,7.4,38.2,41.2,38.2,15.2,62.7,185.6,74.2,47.4,101.1,102.0,18.1,25
23.2,41.4,36.8,51.0,102.0,40.9,156.9,103.8,89.8,65.6,22.8,61.4,37.9,38.5,41.1,52.4,7.9,40.7,44.1,36.5,14.1,59.6,180.6,65.9,48.0,91.6,93.5,18.0,32
24.5,44.9,38.6,53.9,109.8,41.8,168.1,111.2,96.6,66.8,22.5,57.6,35.7,41.2,43.5,55.6,8.2,40.3,44.6,41.6,15.3,68.7,193.4,65.8,48.8,100.0,100.7,18.9,37
21.7,41.3,33.0,48.1,91.8,38.5,153.2,94.5,84.9,59.2,21.1,58.6,32.8,38.8,42.3,48.5,7.1,39.2,42.6,35.5,14.7,59.5,177.4,52.9,47.2,77.7,68.8,18.1,25
24.1,44.2,38.7,56.5,107.4,39.3,157.6,112.6,88.6,64.7,22.8,60.0,36.2,49.8,52.6,50.7,6.9,42.0,45.7,37.7,16.6,61.7,180.0,63.7,49.3,98.4,94.1,17.9,24
21.7,40.1,32.3,48.0,94.0,36.5,143.9,97.7,81.8,59.8,21.0,55.1,33.5,39.5,41.8,44.7,6.8,37.3,40.9,35.0,13.4,55.5,167.3,55.7,42.6,82.0,69.0,17.2,21
26.4,48.9,40.3,59.3,108.0,43.7,170.7,115.1,101.1,64.7,24.1,58.3,39.7,45.1,50.2,56.5,8.2,41.6,45.7,41.5,18.1,69.5,194.4,71.0,51.6,98.0,112.6,19.6,21
23.7,42.9,35.5,51.3,107.7,40.0,159.9,106.7,88.9,65.9,22.1,58.5,34.6,42.8,46.0,52.1,8.0,40.0,43.7,38.8,16.0,64.2,184.1,64.8,50.5,94.1,93.5,17.2,25
22.9,40.3,37.5,51.8,105.5,41.4,152.5,109.4,85.8,70.1,22.3,58.8,34.3,45.5,45.5,50.6,6.9,37.6,42.8,36.0,13.0,59.2,176.1,69.6,46.2,94.3,93.2,17.3,29
24.4,44.3,40.5,52.4,106.7,41.2,164.5,107.6,92.7,66.4,22.1,56.1,36.3,42.2,45.4,53.3,7.7,39.4,42.2,39.2,15.0,64.4,187.2,67.0,50.0,91.4,97.9,18.5,26
20.8,38.9,32.8,51.8,108.7,38.5,150.8,117.2,86.3,63.8,20.1,56.4,31.8,43.6,45.2,50.0,6.3,42.9,45.0,38.2,13.0,61.0,172.6,67.2,49.1,108.1,91.7,16.8,28
22.8,40.4,36.2,50.2,101.3,39.5,153.7,107.6,85.7,61.4,20.4,57.3,35.3,43.0,43.5,49.7,6.9,41.0,43.7,36.3,14.7,59.4,176.4,62.1,50.2,97.8,85.0,17.6,51
19.0,39.7,28.4,44.6,86.2,35.4,143.3,87.8,81.5,56.0,18.8,53.5,29.8,36.2,41.0,45.7,6.9,34.1,35.8,34.2,14.8,54.6,167.0,48.3,43.5,67.7,54.2,16.1,33
23.7,41.0,37.4,51.3,109.3,42.9,154.0,111.0,85.4,64.5,23.0,58.0,34.8,37.0,39.0,49.2,7.3,41.1,43.2,37.4,14.5,61.1,176.5,64.7,49.4,106.2,94.8,18.7,48
23.3,39.9,31.4,50.6,102.8,41.3,148.8,114.6,83.2,58.5,20.8,54.9,33.3,42.7,44.1,48.4,7.1,38.4,41.0,35.1,14.5,59.0,172.0,61.3,50.5,99.0,85.8,16.4,48
24.4,40.3,33.9,51.8,103.2,40.2,148.7,113.8,80.5,63.4,20.9,58.0,35.1,47.3,47.2,48.7,7.5,41.3,43.8,36.6,15.3,60.4,171.8,60.9,50.4,104.0,91.3,17.1,49
23.3,40.1,34.8,51.2,99.0,40.3,153.3,106.6,82.0,62.1,20.2,54.3,34.4,45.0,45.5,48.8,7.6,36.8,40.5,36.3,14.2,59.5,178.4,62.8,50.7,92.1,83.4,17.0,41
22.8,40.0,38.3,53.1,104.7,43.6,142.2,111.2,79.3,64.0,21.8,57.8,34.5,48.0,47.0,43.3,6.7,42.0,44.5,33.0,13.8,54.4,165.1,65.8,47.0,102.4,89.1,17.4,49
22.5,42.4,37.2,54.5,106.2,42.0,156.5,111.2,86.7,66.5,22.0,59.4,35.0,46.0,47.0,51.8,7.1,42.2,45.0,37.2,13.5,60.8,180.8,64.9,49.6,107.3,98.8,17.8,43
22.7,39.5,34.3,50.3,102.3,39.6,150.1,101.4,82.3,60.3,22.0,57.0,33.7,40.0,43.0,48.7,7.3,38.8,40.8,35.9,15.0,59.1,174.0,64.1,49.2,90.8,80.1,17.7,35
22.5,41.1,37.5,54.1,103.3,40.8,146.7,114.3,81.9,59.5,21.2,57.9,32.5,41.8,43.8,45.9,7.0,43.8,47.3,35.4,14.2,55.5,171.0,64.7,49.0,107.2,94.0,16.5,43
23.8,46.8,40.3,58.9,107.1,42.7,156.6,118.8,87.5,68.6,22.0,58.9,34.8,47.0,50.2,51.3,8.0,42.6,46.4,39.0,17.2,63.0,180.4,67.8,49.3,101.6,100.2,18.7,32
22.4,41.7,35.1,52.2,104.3,40.2,147.1,110.9,78.7,62.4,21.3,55.1,34.5,47.3,48.6,45.6,7.1,40.7,44.1,36.7,15.5,58.1,171.9,62.7,49.5,100.2,89.8,17.1,43
22.3,40.6,29.4,44.7,89.6,34.8,153.5,90.2,87.9,59.4,20.3,58.3,33.0,38.5,42.0,51.5,7.5,34.6,38.7,37.6,14.7,59.7,179.4,53.8,46.0,77.2,64.5,16.6,20
21.1,42.5,28.5,47.3,92.7,34.3,148.0,88.6,83.0,56.5,20.2,55.9,32.4,40.7,44.0,46.8,6.3,34.9,38.0,34.9,16.4,56.6,173.6,53.6,49.0,78.7,62.3,15.8,22
21.9,40.7,35.2,50.8,102.1,39.3,138.2,104.7,77.0,58.4,20.2,56.3,33.7,44.0,45.5,46.0,7.5,38.1,41.2,33.2,15.3,54.6,161.6,62.8,43.8,91.8,76.9,17.4,18
21.3,41.1,30.2,45.8,87.5,35.0,151.5,91.7,86.8,54.9,21.0,56.2,32.3,39.0,42.7,51.2,6.9,36.6,40.3,38.3,16.0,63.5,174.4,53.9,45.6,72.5,62.7,15.9,19
24.8,43.1,34.1,49.8,107.4,41.0,158.7,104.7,92.4,59.8,21.4,60.3,36.5,42.5,45.5,54.0,6.9,38.0,39.7,37.2,16.5,62.6,181.6,63.4,49.6,95.2,85.5,17.2,25
21.0,42.7,36.8,53.4,97.8,38.3,150.0,107.6,81.3,62.4,19.4,54.2,31.9,46.6,47.4,47.0,7.1,36.2,40.2,35.2,15.5,58.1,174.9,63.9,49.5,98.5,85.5,16.0,29
23.5,42.5,36.8,53.4,106.4,38.0,150.2,114.3,84.6,59.7,21.5,58.6,35.6,50.0,49.5,49.5,7.5,39.8,42.7,36.0,15.5,59.0,174.9,63.8,50.0,95.1,88.1,16.8,28
21.9,43.1,36.8,53.0,97.3,38.3,143.2,108.2,78.0,57.0,19.8,57.0,33.2,49.0,50.0,46.2,6.2,37.8,42.2,33.9,15.5,56.0,166.8,59.1,46.3,89.3,76.5,17.0,34
20.7,39.9,29.8,48.2,88.5,35.2,133.0,99.1,72.5,55.8,19.0,55.5,30.7,39.2,42.1,41.8,5.9,37.2,40.7,31.5,15.0,51.0,157.5,56.1,42.2,86.0,62.8,16.1,46
22.5,40.9,32.3,49.0,96.1,37.0,146.4,103.4,82.0,61.2,21.6,58.5,32.9,44.5,45.2,47.0,7.1,39.0,41.5,36.0,14.4,57.6,170.8,57.5,45.5,88.3,75.6,17.1,32
21.0,40.4,41.8,52.2,101.9,38.0,143.0,104.8,82.0,62.0,21.5,58.0,31.0,41.0,42.5,46.2,6.1,39.9,43.2,34.0,15.0,58.0,164.5,63.9,46.0,89.6,81.3,17.3,37
24.4,43.0,40.1,52.6,104.8,41.8,158.0,108.3,92.0,61.7,23.2,57.2,35.5,46.5,46.5,52.8,7.9,40.2,43.5,38.5,14.8,62.5,182.5,65.9,46.7,91.8,95.6,18.4,23
23.2,40.9,30.7,46.9,98.8,38.5,155.5,100.4,88.1,61.1,20.0,57.4,34.0,43.4,45.3,49.7,6.9,37.0,40.6,37.9,15.0,62.0,180.0,57.7,48.1,89.1,76.5,16.5,33
23.1,41.8,36.5,50.8,97.8,39.0,157.5,104.4,88.4,63.8,21.6,58.8,35.5,42.5,43.5,51.3,7.0,39.0,42.3,39.1,15.5,64.4,181.0,60.7,48.3,84.3,82.3,18.1,27
23.1,40.0,36.4,50.6,103.0,41.4,147.4,104.1,79.9,64.7,21.3,57.2,33.5,43.0,44.0,45.6,6.4,38.6,41.2,35.0,14.0,54.6,171.8,63.8,47.1,89.6,82.5,17.8,28
25.1,42.3,46.1,53.1,120.4,43.6,156.9,113.8,89.2,73.3,22.8,58.7,39.0,46.0,46.7,52.7,7.5,42.7,46.2,37.7,15.8,62.3,180.8,75.1,46.6,102.2,110.0,18.4,25
23.2,44.0,33.7,52.2,97.2,38.7,154.9,99.1,83.1,62.7,21.8,56.8,33.8,44.2,46.2,47.9,6.9,38.6,44.0,38.0,15.8,61.1,181.4,59.6,49.9,87.0,77.3,16.8,24
22.6,40.6,34.7,52.0,99.6,38.4,141.7,107.3,76.3,63.6,20.9,56.4,33.5,46.3,45.2,43.8,6.7,39.5,43.0,32.9,14.0,55.9,164.9,62.7,48.7,97.5,80.7,17.1,29
25.4,43.0,41.2,57.6,113.3,41.1,160.4,117.6,87.1,73.4,23.0,60.7,36.5,45.9,47.0,50.6,7.6,41.5,44.5,37.2,14.6,61.0,185.7,69.4,51.9,109.7,109.9,19.8,32
22.7,42.4,39.8,57.7,111.3,40.6,153.4,123.8,87.5,61.4,20.9,58.3,34.0,47.2,49.5,51.1,7.2,41.4,44.3,36.9,14.5,61.2,176.5,71.5,51.8,118.7,105.9,17.3,25
24.7,44.4,38.0,56.3,114.5,45.9,148.4,116.5,80.3,65.9,21.4,56.4,35.4,45.0,49.4,45.8,6.5,40.1,44.4,35.4,16.1,57.6,174.8,72.1,49.5,105.5,104.4,17.9,33
22.0,41.3,33.3,50.3,103.2,38.7,150.0,105.7,83.7,62.9,20.6,57.5,33.3,44.3,45.7,48.0,6.8,39.2,42.3,35.6,15.5,57.2,173.0,60.3,48.2,102.8,84.6,17.0,54
25.4,44.1,39.4,55.8,116.8,45.2,164.2,123.8,93.3,60.3,21.4,58.3,36.7,49.8,50.6,53.1,7.9,42.4,46.7,39.0,15.7,63.0,187.0,72.1,59.8,121.7,122.3,17.8,46
24.7,41.3,35.4,50.5,106.2,43.8,162.7,105.9,90.8,70.3,22.0,55.8,36.8,39.8,42.1,52.1,7.9,39.9,43.1,39.1,15.2,64.3,187.0,66.4,52.6,103.6,100.0,17.8,38
23.9,41.4,35.0,49.6,101.2,42.0,154.2,97.8,87.5,59.5,22.9,54.9,35.5,39.5,42.0,51.4,8.2,39.2,41.5,37.9,14.9,62.4,178.0,62.3,47.0,87.4,83.5,18.0,36
20.8,40.5,29.6,46.7,95.8,35.3,151.7,98.2,84.7,59.3,19.4,55.3,31.7,37.1,42.0,49.4,6.8,36.3,39.0,36.5,14.8,58.5,176.1,58.8,44.5,85.0,69.0,15.8,29
24.5,42.9,37.7,54.3,109.8,43.3,155.2,112.5,85.4,69.4,22.2,56.7,36.0,42.7,44.8,48.2,7.4,41.2,44.0,37.4,15.6,58.5,179.3,66.7,51.1,101.1,100.2,18.5,42
24.7,43.2,36.4,52.0,110.8,42.0,154.5,105.3,88.0,69.2,21.3,58.4,34.7,45.0,45.5,49.9,7.7,38.5,41.9,37.5,15.0,59.1,178.1,69.0,46.6,95.3,94.1,17.7,23
21.5,41.6,35.0,52.8,98.4,35.9,146.7,113.4,81.1,60.1,21.4,56.5,33.8,45.1,45.7,46.2,7.0,43.3,45.5,35.0,14.4,58.0,170.5,58.3,48.5,97.5,83.4,17.0,44
24.3,41.7,43.8,58.6,117.9,44.3,152.6,122.3,82.0,67.1,22.7,60.9,34.9,45.2,46.0,47.9,7.8,41.9,45.4,35.1,14.0,59.4,176.1,76.3,50.1,116.4,114.5,18.5,26
21.6,44.1,32.9,51.7,102.4,37.3,160.6,105.6,91.8,68.9,21.3,55.3,34.3,44.2,45.5,52.1,7.3,39.2,42.3,39.4,16.5,62.0,183.6,61.2,49.0,94.7,83.3,17.8,26
23.9,41.5,40.4,55.0,108.8,42.1,141.7,121.3,74.9,56.7,21.3,56.9,34.5,40.6,44.0,45.1,6.0,40.8,42.0,32.7,16.5,52.7,163.9,65.9,51.1,109.3,94.5,17.8,48
23.2,42.4,38.0,52.8,101.1,37.8,157.2,110.9,87.6,62.4,20.8,57.0,34.6,42.0,43.6,52.3,7.0,40.0,43.1,38.2,13.9,61.2,180.9,62.0,47.7,95.6,86.8,17.3,43
22.8,40.9,36.1,53.0,105.7,40.5,151.4,113.7,82.5,67.3,21.2,58.0,33.6,46.6,47.5,47.2,6.6,45.3,48.9,34.5,14.0,55.6,173.8,64.7,49.2,104.1,93.8,17.8,37
22.5,42.5,38.3,53.2,105.2,41.6,151.5,110.4,82.2,65.3,21.2,58.3,32.7,44.6,45.0,47.9,7.4,44.2,47.0,36.0,12.5,58.7,175.1,65.3,48.7,108.6,96.6,18.2,44
23.5,41.5,44.9,54.7,102.8,42.0,152.8,112.7,83.0,67.2,21.5,55.9,33.4,44.2,44.0,49.1,7.0,43.5,46.0,35.1,13.5,57.0,174.1,67.2,51.1,105.8,100.8,18.3,43
22.0,41.0,36.4,52.3,107.4,39.5,149.6,111.9,82.9,65.2,20.0,59.5,34.3,45.8,46.2,48.7,8.0,45.5,47.8,34.8,12.8,57.3,170.7,69.4,49.0,104.9,92.1,17.3,26
24.0,42.4,37.8,55.2,113.0,41.6,149.3,112.7,81.3,68.1,21.4,58.3,34.5,49.8,49.5,48.4,7.5,45.1,50.3,35.4,13.5,56.0,173.6,71.2,51.6,105.3,102.3,18.2,33
23.3,40.5,40.4,54.2,109.1,40.8,143.6,118.5,80.5,60.9,22.3,55.8,34.0,38.2,40.0,47.1,7.1,42.9,45.8,33.4,13.0,52.2,164.9,65.7,47.8,102.4,94.9,18.2,47
23.7,43.8,37.7,53.8,105.9,37.8,151.6,112.6,84.1,64.1,22.5,59.7,34.2,39.4,41.6,48.0,7.6,42.6,46.0,34.6,14.7,55.5,176.7,65.5,49.9,103.8,95.0,17.6,40
24.7,41.6,40.9,55.7,121.8,45.3,156.6,116.6,87.5,72.2,22.0,59.3,35.6,43.3,45.1,50.4,6.5,39.9,42.7,37.4,14.6,62.4,183.1,75.8,50.0,108.8,113.5,17.9,36
21.4,37.2,32.7,48.6,96.2,38.3,140.4,105.8,80.2,54.7,18.6,54.3,30.7,43.0,43.5,44.5,7.2,37.6,40.8,34.7,13.0,55.0,162.1,57.2,44.1,97.7,73.5,15.4,41
22.7,40.8,36.1,49.2,97.2,36.6,150.5,101.8,84.1,57.3,21.5,57.3,34.4,44.5,45.2,47.0,6.8,36.7,40.0,36.2,16.1,59.0,174.7,58.2,47.8,79.0,74.8,16.5,28
22.9,41.2,37.1,50.2,97.7,41.2,147.6,100.2,80.6,59.4,21.3,58.1,34.2,46.5,45.7,46.1,6.4,38.9,41.7,34.4,15.5,56.5,172.8,59.2,45.5,79.6,76.5,17.2,28
22.3,41.7,38.0,50.2,97.4,39.4,155.9,102.9,86.4,65.1,21.0,59.5,34.0,43.7,46.0,48.4,7.5,38.6,42.0,39.3,14.4,63.5,180.1,60.8,50.6,86.8,84.2,16.9,25
23.0,44.1,38.7,52.2,105.2,39.7,156.2,105.4,84.9,62.7,21.2,57.9,35.6,40.0,44.6,50.0,7.0,39.3,42.2,37.4,16.4,60.7,181.4,64.8,47.4,87.3,88.6,17.9,34
23.1,40.3,30.5,47.9,98.5,35.7,161.4,95.7,92.1,60.4,19.7,56.4,33.7,36.0,38.4,52.3,7.5,37.2,39.8,39.8,15.1,67.1,187.0,55.8,47.5,82.0,72.6,17.1,26
22.7,43.8,33.3,49.7,99.3,37.6,161.2,102.1,90.7,63.9,22.6,57.6,36.0,40.3,45.3,52.7,7.4,39.1,42.2,36.4,16.7,60.1,186.1,58.3,50.4,94.6,82.9,17.3,28
21.9,42.4,34.2,49.3,103.3,37.6,157.0,101.2,89.8,61.2,21.8,60.1,33.2,41.5,45.6,50.9,7.5,39.9,42.7,38.1,15.0,61.8,180.6,60.7,49.1,89.5,82.8,17.8,28
22.6,40.3,40.8,52.3,105.1,39.7,156.0,112.8,83.7,59.9,20.9,56.0,34.2,43.0,45.4,50.2,7.5,37.0,41.0,35.0,14.7,57.6,179.4,65.4,51.5,98.0,91.7,17.1,26
23.2,46.1,38.1,55.7,114.4,41.6,156.2,117.4,85.1,74.1,21.6,58.9,35.7,51.2,50.7,48.2,7.0,44.2,45.0,37.6,16.9,61.2,180.5,69.3,52.3,107.3,106.4,18.0,40
22.7,41.4,34.5,49.3,97.6,38.8,158.4,101.2,91.7,57.6,21.4,56.7,32.9,41.0,42.7,53.3,7.0,37.7,42.3,38.5,14.0,60.4,184.3,61.2,48.3,85.4,80.4,17.4,28
23.3,42.4,35.2,51.0,106.1,40.7,173.8,103.4,97.5,64.2,21.4,57.5,36.3,41.9,44.0,55.2,7.7,38.2,42.9,41.1,15.2,70.0,199.3,64.4,54.4,89.9,94.7,17.5,27
23.0,45.5,37.1,52.9,108.2,40.6,160.3,111.2,87.2,65.5,21.7,58.0,35.4,47.7,49.0,52.0,7.0,41.2,45.1,40.2,17.7,65.9,184.7,67.3,50.4,99.4,95.1,17.7,25
21.5,41.0,34.5,49.0,95.9,34.6,145.4,99.6,78.5,57.9,19.7,56.7,31.7,38.6,41.5,44.7,6.6,37.0,43.0,33.6,14.1,54.3,169.4,58.7,47.0,86.0,71.4,16.7,28
19.8,41.0,29.7,45.6,86.9,34.5,145.0,89.9,79.0,56.7,18.5,57.3,30.5,44.4,45.0,46.3,6.8,34.8,38.0,34.4,16.0,56.0,167.3,51.6,46.0,72.2,57.8,14.8,26
23.9,41.3,32.8,47.9,98.1,39.7,162.5,101.7,92.9,66.3,21.0,59.4,35.3,39.5,42.4,53.8,7.7,38.2,40.1,39.0,14.6,62.9,187.4,60.4,47.6,84.5,80.3,18.1,28
21.3,40.2,34.1,48.9,96.4,36.2,150.1,107.6,86.2,60.4,19.2,56.5,32.5,39.0,39.5,46.5,6.2,42.1,44.4,37.9,12.7,61.6,173.6,58.7,46.2,90.6,77.5,16.3,29
24.0,44.7,37.4,55.5,108.6,41.6,155.4,113.3,89.0,62.2,22.0,57.3,35.3,48.0,51.7,49.5,6.3,40.9,44.0,37.6,16.2,61.1,178.9,65.6,47.8,94.2,93.8,17.9,29
23.5,41.9,39.8,57.1,113.2,40.8,143.5,117.7,78.9,62.8,21.0,58.0,34.7,43.0,44.4,45.4,6.6,40.2,43.0,34.1,14.0,57.0,167.2,70.9,47.4,107.0,96.2,18.0,29
22.3,36.3,37.6,46.7,100.5,37.6,146.7,101.7,79.3,60.8,20.5,57.2,33.4,40.0,41.5,44.9,6.7,40.8,45.0,34.9,12.3,56.0,172.1,63.6,48.8,93.2,82.2,17.0,22
22.3,44.1,39.1,52.7,100.8,38.5,162.5,107.4,91.5,58.5,21.0,57.7,34.5,46.0,48.7,55.4,8.2,38.4,42.2,39.8,16.3,65.4,186.4,60.5,49.5,90.6,88.0,17.0,27
23.0,44.2,38.7,52.8,111.4,40.4,159.9,115.1,89.8,69.7,22.0,57.5,36.0,38.4,40.7,52.2,7.9,38.6,42.2,38.8,15.2,63.1,184.0,65.6,49.5,98.0,95.5,18.1,34
21.3,40.2,26.3,43.6,87.9,33.0,152.4,85.7,85.6,56.5,19.5,57.5,32.5,36.0,40.2,49.2,6.8,35.3,38.1,36.2,15.5,58.5,177.4,48.4,46.0,72.5,59.6,16.5,18
22.7,40.6,33.1,48.9,102.5,39.3,145.5,106.0,80.8,58.0,20.2,57.3,32.5,39.0,42.7,45.1,6.2,39.1,41.5,36.0,14.2,59.5,166.4,62.4,47.6,92.1,79.4,17.5,19
22.0,40.9,31.8,46.6,93.0,36.3,153.2,90.4,87.7,54.2,20.6,55.2,35.6,36.3,41.0,50.6,6.7,36.4,39.1,37.2,15.6,63.0,178.1,53.8,47.2,77.4,68.2,16.5,20
25.1,43.0,35.1,50.1,101.2,41.3,154.4,103.4,84.9,58.5,20.9,57.6,34.7,37.3,40.8,49.0,7.2,38.0,40.3,36.7,16.0,60.2,177.8,61.1,53.5,92.6,86.3,16.8,21
24.2,43.3,35.9,49.8,97.5,39.8,151.8,100.7,88.5,59.3,22.3,57.0,35.7,36.3,42.2,53.4,7.9,37.9,40.4,37.8,16.7,63.5,176.0,62.8,45.3,82.5,80.1,18.1,21
20.5,41.7,34.3,48.8,96.7,35.9,151.2,96.2,87.3,57.0,20.3,58.2,34.5,43.0,44.8,52.4,6.8,38.8,42.6,36.2,15.7,59.0,173.0,60.3,47.1,83.3,72.3,16.2,19
24.1,46.4,42.0,56.2,106.2,43.1,163.2,111.4,92.7,62.8,23.1,58.3,36.3,51.0,52.0,54.4,7.4,41.2,44.0,38.2,17.0,64.0,189.0,66.2,50.1,89.1,102.3,18.3,30
24.6,46.3,38.8,54.8,109.9,41.9,168.0,104.8,94.3,68.8,21.3,55.7,37.7,45.5,48.7,57.6,7.5,41.7,45.2,41.0,16.8,66.9,192.6,68.4,51.5,91.8,101.0,18.0,34
22.2,41.8,38.4,50.5,96.7,36.6,155.4,106.8,82.8,61.3,19.6,57.3,33.3,43.0,44.5,50.2,7.6,37.5,41.3,36.0,14.8,58.0,179.5,59.7,52.0,90.2,83.0,16.8,31
23.2,40.0,33.1,50.2,98.7,39.1,146.9,102.7,82.2,58.0,20.6,59.8,33.1,39.8,42.7,47.1,6.9,38.0,42.5,36.5,15.3,57.5,173.0,63.2,44.8,87.6,78.4,16.6,22
26.7,45.8,40.9,55.1,112.1,46.4,153.2,115.1,89.1,63.7,22.0,60.3,37.0,45.5,47.2,49.6,7.1,43.1,45.8,37.6,17.0,61.5,178.5,70.8,48.2,101.1,106.9,18.7,38
21.5,44.3,36.5,51.1,98.2,37.2,155.5,103.9,87.0,62.8,21.9,59.0,32.7,38.7,42.1,49.2,5.8,41.1,44.2,37.3,16.5,60.0,180.5,59.7,47.0,83.5,80.9,16.8,24
22.7,40.1,37.6,51.7,103.2,39.9,140.8,104.7,79.6,54.3,20.7,57.3,32.3,47.1,47.2,47.2,6.7,41.2,43.1,33.8,14.0,55.0,163.8,64.4,46.0,93.1,79.4,16.7,30
22.7,39.3,28.0,45.2,88.5,34.3,154.1,90.6,88.4,60.4,20.9,54.2,34.2,40.5,40.3,50.8,6.8,34.8,38.0,36.4,13.4,59.2,178.9,49.5,43.7,73.1,60.6,16.2,22
20.8,40.8,32.0,47.4,94.0,33.3,146.1,96.1,81.1,55.8,19.1,55.2,31.7,42.0,44.5,46.5,6.3,36.5,40.7,34.4,15.0,55.0,168.5,56.1,46.1,79.8,65.4,15.5,35
21.6,39.2,35.4,47.5,99.2,39.2,145.1,104.0,80.5,59.8,20.5,56.4,33.0,37.7,40.1,46.8,7.5,39.7,41.5,34.0,14.1,57.5,169.3,62.6,46.0,86.0,74.8,16.3,24
21.3,39.4,34.7,48.8,90.4,35.8,144.9,96.8,77.0,61.2,20.0,55.5,31.0,40.5,41.4,43.7,7.2,39.6,42.9,33.5,13.7,54.5,170.0,53.2,46.4,74.2,68.2,16.6,23
21.5,41.5,36.3,49.3,99.8,40.3,151.5,104.1,84.0,62.2,21.5,56.4,33.8,39.2,41.7,50.2,7.1,39.0,42.5,35.5,14.6,57.0,173.8,62.8,47.7,92.5,83.3,16.4,41
25.2,43.7,37.2,52.1,109.4,42.6,161.8,117.3,90.7,72.2,23.3,60.3,38.0,45.2,47.7,54.5,7.7,41.9,45.1,39.0,15.1,64.0,186.2,65.9,49.2,100.0,102.5,18.8,36
22.9,38.7,38.1,49.7,101.8,40.6,145.3,105.1,80.4,60.5,20.9,54.5,33.3,40.8,42.6,45.1,6.9,40.1,43.8,34.6,14.6,56.8,169.6,66.3,46.1,86.0,82.8,16.7,31
24.1,42.2,37.5,50.8,103.8,40.7,155.8,106.1,85.9,64.4,21.5,58.5,34.0,44.7,47.0,51.3,7.1,39.7,43.7,38.0,14.8,62.1,179.8,65.3,50.9,89.3,89.1,17.8,23
24.0,43.5,36.7,54.5,110.5,41.0,153.9,112.8,86.2,63.3,20.8,57.3,34.7,46.6,48.0,49.8,7.1,41.4,44.0,36.2,15.0,60.1,176.8,66.1,49.8,99.5,94.9,16.8,30
21.2,37.8,32.2,46.6,98.2,35.7,139.5,97.9,76.9,56.8,19.5,57.7,31.7,40.7,41.6,45.6,6.3,38.5,41.0,33.8,12.8,55.5,162.9,59.8,45.7,92.0,70.2,15.5,31
24.7,47.8,40.5,58.4,114.7,44.3,163.5,127.7,91.8,70.3,23.0,58.3,38.0,44.0,45.0,52.1,6.7,45.6,48.1,41.7,15.5,65.0,186.6,70.4,52.2,111.0,122.3,19.7,43
23.7,43.7,33.0,52.2,107.5,39.6,163.3,115.9,91.1,72.6,21.5,60.0,35.5,48.0,49.7,53.5,7.0,41.5,44.2,39.6,16.3,65.1,189.4,60.7,50.5,103.2,95.4,17.0,38
20.8,36.3,31.0,45.7,97.2,36.3,143.2,104.1,82.8,52.7,20.3,56.4,32.3,38.8,39.5,47.3,6.2,41.0,42.5,34.6,12.7,57.1,164.8,58.8,47.0,86.8,72.7,15.8,36
23.0,45.4,40.0,58.2,110.6,40.3,156.5,118.7,88.2,67.8,20.2,58.6,35.2,52.3,51.1,52.1,8.3,42.9,47.0,36.9,14.8,61.5,178.8,68.1,47.9,106.4,100.8,16.7,28
22.6,39.7,35.8,49.7,105.2,39.3,156.3,111.5,89.7,60.4,21.7,59.0,34.7,38.2,40.0,51.9,7.3,39.5,42.4,38.1,13.3,62.0,180.8,61.3,45.9,100.2,88.0,17.6,56
24.9,41.3,38.4,52.1,112.5,43.6,161.0,115.8,88.5,65.0,21.7,57.8,35.9,44.0,45.0,52.6,8.5,41.4,45.0,37.7,15.1,62.5,184.7,69.2,55.8,113.7,110.3,19.6,39
22.6,39.8,34.0,48.3,92.4,37.7,144.0,93.3,81.6,62.8,19.7,54.4,32.7,37.1,40.1,46.9,7.0,37.6,40.4,35.0,13.8,57.1,167.6,61.1,42.1,79.9,70.0,16.0,29
22.0,43.7,39.9,54.6,100.7,38.3,154.0,107.6,88.5,60.4,20.8,53.7,32.1,36.7,38.5,49.6,6.3,39.5,42.8,37.5,15.0,62.7,177.4,63.1,50.2,91.2,86.1,17.0,30
21.9,40.8,36.1,52.5,103.5,38.3,143.5,105.3,79.5,62.8,20.4,55.7,33.7,44.1,47.0,46.3,6.5,37.8,42.3,34.0,14.2,56.2,166.0,63.4,45.0,89.4,78.6,17.3,28
23.3,40.0,33.5,47.7,100.9,41.2,153.4,100.4,86.9,61.7,20.3,54.5,34.2,41.7,43.6,48.9,7.2,40.2,42.6,37.5,13.7,60.2,176.0,63.0,48.0,81.3,79.2,15.8,23
23.4,41.2,34.6,49.9,100.5,39.3,152.2,99.1,85.5,58.8,20.2,56.8,32.7,38.1,41.8,49.4,7.0,37.9,40.2,36.5,14.6,60.2,175.7,60.3,47.6,89.7,78.5,16.7,22
19.5,36.0,30.6,42.0,84.7,32.0,144.5,86.2,84.6,51.1,20.3,53.7,32.9,41.5,42.7,49.0,6.9,36.0,39.8,34.7,15.2,58.6,169.8,47.2,42.7,70.3,53.3,16.0,28
21.9,40.7,30.7,46.4,92.2,36.3,152.5,90.6,85.8,57.6,20.8,56.5,33.4,36.0,40.2,48.5,6.5,36.3,39.4,37.4,15.6,60.2,176.1,54.5,48.1,78.8,67.7,17.4,23
22.3,40.4,37.4,52.9,107.7,39.3,144.8,106.8,79.9,60.2,20.3,55.3,32.0,42.5,44.5,45.6,7.0,40.5,43.0,34.2,14.5,57.1,167.8,66.8,46.8,99.1,84.3,17.3,22
24.7,42.9,36.0,52.2,104.1,41.2,154.7,109.3,88.4,62.6,22.4,58.7,36.2,44.6,46.6,49.9,7.0,41.0,45.7,36.7,15.6,61.1,179.6,66.2,49.5,86.0,90.8,18.7,22
22.5,38.5,34.5,49.0,100.8,38.7,142.0,98.7,78.2,61.8,20.6,54.2,32.9,40.3,40.9,46.6,7.3,38.5,41.0,32.7,14.0,53.5,164.1,60.7,46.6,94.5,75.7,16.4,35
20.8,37.7,29.1,43.8,86.9,33.4,160.4,94.0,91.7,56.8,20.5,55.1,33.9,40.5,42.1,51.2,7.3,36.8,39.8,38.4,14.3,63.0,185.7,50.7,47.7,77.6,62.9,17.2,31
20.3,38.5,26.8,42.1,88.7,32.7,146.9,83.7,83.6,56.2,19.5,56.8,30.8,39.5,43.5,47.1,7.1,35.4,38.8,35.2,15.6,57.9,170.8,49.6,45.4,70.3,55.1,16.5,23
23.8,40.9,41.7,52.5,103.9,39.8,156.7,113.7,85.0,62.5,22.3,58.5,35.7,48.0,48.0,50.6,7.4,40.3,43.5,36.6,15.4,60.0,181.6,62.8,50.9,104.6,96.2,18.7,37
22.7,38.0,34.6,47.4,102.0,39.3,144.7,97.3,79.8,56.9,19.0,54.5,31.8,39.0,40.0,47.3,6.7,38.9,41.6,33.5,13.9,56.0,168.0,62.4,47.1,94.0,75.1,15.8,25
22.8,41.6,38.6,57.3,112.8,40.7,152.5,113.2,91.2,61.2,22.4,58.4,35.3,47.0,46.4,53.1,6.9,40.0,43.9,37.0,14.0,62.0,175.8,69.1,46.0,99.4,93.9,18.5,49
24.7,39.5,38.6,51.1,117.1,44.2,164.1,109.1,93.0,71.3,21.4,58.2,34.3,39.1,42.1,51.9,7.4,37.8,41.1,38.9,15.5,63.5,189.8,72.8,49.9,100.0,105.5,18.0,30
20.2,38.9,29.0,44.9,91.3,32.6,148.0,92.8,86.1,54.4,19.3,57.1,32.6,41.0,42.2,49.6,6.9,35.0,38.1,37.0,14.8,58.4,173.3,50.2,48.5,78.5,63.3,15.5,28
20.3,38.5,32.8,48.0,96.2,35.3,143.3,100.6,77.1,58.8,20.6,56.3,32.0,44.2,44.1,45.8,6.7,37.7,40.3,35.2,14.0,56.6,168.0,57.3,46.0,90.5,70.4,16.5,37
27.3,43.4,42.6,59.4,119.1,46.1,165.8,124.4,92.6,78.0,23.8,58.1,37.8,51.7,53.5,53.0,7.1,42.8,46.2,39.0,16.8,62.5,190.6,74.4,50.8,117.8,123.9,19.0,22
22.8,40.7,30.4,46.7,95.5,35.0,158.7,96.0,91.1,60.4,20.3,54.5,35.1,37.5,41.1,52.3,8.1,38.6,42.3,37.3,14.3,61.5,183.4,55.5,47.8,82.3,71.4,17.3,23
23.3,37.7,35.3,49.8,105.9,40.5,142.5,109.9,78.9,62.4,22.6,58.1,33.7,39.6,41.0,47.1,7.0,39.4,41.4,34.9,13.0,57.0,166.7,65.6,47.5,101.8,85.9,18.5,33
22.0,42.2,33.7,51.2,105.0,39.2,160.6,108.9,96.0,60.1,21.5,57.0,35.4,45.0,45.2,54.8,7.6,41.5,43.8,38.3,14.3,66.3,182.6,64.8,50.2,101.1,93.2,18.2,50
23.2,42.2,32.1,49.3,98.0,38.9,155.5,100.8,85.8,60.5,21.5,55.9,34.3,41.2,44.0,50.6,7.3,37.3,40.7,37.7,15.8,59.6,180.3,57.6,49.2,93.2,80.2,17.4,46
23.0,39.3,34.1,47.9,104.6,39.5,152.3,108.7,86.1,60.5,21.0,60.0,35.3,43.3,46.1,49.7,6.9,40.7,43.3,34.2,13.6,58.5,174.0,62.6,48.5,100.6,84.5,17.8,52
20.7,43.8,30.3,50.4,94.0,37.0,152.7,93.1,86.8,54.5,19.6,56.3,32.3,38.2,42.7,48.9,7.0,37.7,40.9,36.6,17.3,62.1,177.7,55.0,48.0,86.5,68.7,16.2,26
22.2,40.8,34.2,52.8,102.2,39.8,144.6,110.6,80.1,58.6,21.1,58.0,33.4,44.6,45.3,48.6,6.8,41.1,44.0,35.6,14.0,59.7,167.8,63.3,45.0,100.1,82.3,17.4,40
22.3,43.3,38.7,55.0,102.1,39.8,148.7,114.2,85.2,56.8,19.9,57.3,33.1,47.6,49.3,49.0,6.9,43.8,45.8,36.7,15.0,60.0,172.6,65.2,46.4,97.4,92.4,16.3,35
21.7,42.7,36.0,50.6,100.5,38.3,148.3,100.8,84.0,60.1,20.4,55.3,33.8,43.2,45.1,49.2,6.7,39.4,43.0,36.4,13.7,60.1,168.9,64.7,47.5,95.3,80.4,16.6,43
22.6,43.6,32.9,50.4,99.3,38.2,159.7,99.5,87.4,64.4,20.6,57.8,34.3,43.7,45.6,51.3,7.5,37.9,40.9,37.7,15.8,61.2,185.2,62.8,50.1,84.2,81.6,17.5,23
23.3,47.1,37.1,53.3,99.3,39.1,161.6,107.2,93.9,58.8,21.8,54.5,34.8,42.6,47.1,52.9,8.4,41.4,44.7,39.7,17.7,65.7,186.4,59.2,49.7,88.8,87.1,18.0,21
22.3,42.2,36.0,51.0,98.3,37.3,155.9,104.4,90.2,62.4,21.1,54.7,34.3,42.7,44.4,49.6,7.5,39.6,42.6,38.2,15.5,61.8,179.0,57.4,47.6,80.3,79.7,17.9,23
23.3,44.7,39.9,55.4,110.0,40.4,160.7,114.6,93.4,63.9,21.0,56.4,36.0,45.0,47.0,52.9,7.4,40.7,44.3,39.8,16.0,66.0,184.5,68.4,51.0,98.4,99.1,17.5,22
23.6,42.5,36.0,51.6,102.6,36.5,156.5,101.1,90.3,63.1,20.8,57.8,36.0,44.3,45.8,50.5,7.0,39.4,42.7,37.0,15.3,61.0,181.7,61.7,46.5,85.1,82.9,18.3,22
22.0,43.8,38.9,53.5,112.2,39.5,168.5,117.9,94.5,66.3,22.6,58.5,34.6,47.5,48.5,54.2,7.7,42.9,46.0,39.9,15.0,65.5,195.1,68.8,54.9,108.1,110.5,18.3,33
26.7,45.7,41.5,56.1,111.5,46.4,150.8,117.2,82.2,65.6,22.7,57.9,35.4,41.4,44.4,48.2,6.8,42.4,45.4,36.5,17.0,59.6,175.1,72.4,49.3,102.7,103.8,20.0,28
22.3,41.0,39.9,50.9,95.7,38.2,146.6,108.5,84.3,53.1,20.4,56.8,33.7,42.5,44.0,49.2,6.8,38.1,41.1,35.2,15.0,57.4,171.7,59.8,44.1,82.5,78.1,17.2,23
22.0,40.5,35.0,48.1,95.1,36.0,146.5,106.6,82.1,55.8,21.1,56.3,33.4,39.6,42.0,46.4,7.0,36.8,39.6,35.8,15.5,57.0,171.1,57.3,45.5,78.2,71.8,17.4,30
22.3,41.5,37.8,52.5,103.5,41.2,147.5,117.9,82.1,65.8,21.3,55.7,33.2,46.4,46.5,50.2,7.0,41.6,44.1,36.3,14.3,55.6,167.8,63.4,46.5,101.3,87.9,17.2,39
22.0,40.2,32.6,49.9,99.4,36.6,149.9,103.2,83.6,57.4,21.4,59.4,34.0,40.9,42.3,49.5,7.5,40.5,42.2,35.5,14.1,57.0,173.8,58.8,48.4,96.0,79.9,17.3,43
22.0,41.7,34.0,51.4,99.7,38.6,154.5,103.8,84.7,61.1,20.7,53.8,33.5,42.0,44.0,48.6,7.1,36.6,39.9,35.6,15.7,60.3,178.3,60.9,50.5,95.1,80.9,16.4,37
24.0,40.5,39.1,51.8,103.4,42.5,147.6,111.7,82.2,62.3,21.0,56.8,34.5,43.5,45.1,47.1,6.6,40.4,42.6,37.1,14.0,59.0,169.5,67.1,44.9,96.0,89.0,17.4,30
22.3,41.1,34.1,49.6,92.8,37.6,146.7,100.6,82.1,53.4,21.7,56.8,33.5,39.0,43.5,46.5,7.1,38.0,41.2,36.4,14.7,59.3,172.6,55.8,48.6,84.2,72.1,17.6,53
24.0,42.4,40.1,52.5,108.4,43.9,141.8,110.7,77.8,65.9,21.0,56.1,33.1,42.1,43.1,44.7,6.8,41.7,44.8,33.9,14.8,54.1,165.1,68.8,47.6,99.5,91.0,17.5,29
22.2,39.9,36.5,52.3,100.5,37.3,145.8,104.4,81.3,62.1,20.4,57.3,32.9,45.1,45.9,46.8,6.5,39.7,43.3,34.6,13.4,57.5,169.0,61.7,45.8,88.3,78.9,16.7,26
20.6,41.0,35.3,48.3,107.7,37.9,153.9,108.3,82.5,62.7,19.7,57.9,32.7,39.0,41.0,50.2,6.9,40.5,44.0,36.5,14.2,60.2,179.0,63.9,51.7,103.7,87.9,16.6,37
22.4,41.3,38.5,51.3,103.7,36.6,153.1,114.1,89.5,61.3,22.3,58.7,34.9,42.6,45.2,52.5,7.8,43.6,44.4,36.0,14.7,58.6,174.4,60.1,50.7,104.8,89.3,18.3,58
22.9,40.7,36.8,50.0,103.1,38.7,154.1,106.3,86.1,59.4,21.5,56.4,35.3,40.6,44.0,51.3,7.9,40.4,43.7,35.8,13.5,58.4,176.5,66.3,51.3,101.9,88.9,17.8,46
24.7,43.9,35.3,52.1,107.2,42.2,160.3,113.9,89.9,66.0,22.0,57.2,36.0,45.3,47.7,52.7,7.5,39.1,42.5,37.5,16.3,62.7,184.9,65.7,52.2,106.0,100.7,18.6,26
25.1,43.0,41.0,55.1,109.6,42.8,154.9,119.6,87.6,62.9,23.3,58.5,36.3,49.6,50.0,51.3,8.2,46.5,49.4,38.3,14.8,62.2,179.0,66.0,49.3,107.2,107.4,19.9,42
22.8,40.0,33.2,49.0,103.6,38.3,144.6,105.7,81.2,58.2,19.8,55.5,33.7,40.2,41.8,45.1,6.8,36.0,38.5,33.0,15.4,56.0,167.2,63.5,48.2,95.1,77.5,16.5,47
21.8,41.8,36.1,50.2,97.9,37.2,150.0,106.2,85.5,61.2,23.1,57.5,34.3,40.3,42.7,49.4,6.3,35.9,39.3,37.1,15.8,61.0,174.0,61.0,44.9,87.5,77.9,17.8,47
20.3,39.8,31.5,46.4,92.7,35.4,150.6,96.8,88.0,49.9,19.6,54.3,33.1,42.0,43.6,50.9,6.5,34.4,37.8,35.7,15.0,59.6,175.1,56.3,48.0,85.0,67.0,15.9,28
18.9,40.0,24.6,43.6,86.2,32.3,143.0,84.0,79.1,54.8,18.5,56.5,31.4,37.0,39.4,45.0,6.3,34.9,38.8,33.4,14.7,53.7,167.0,48.2,45.0,67.0,51.6,15.2,31
22.7,42.0,34.5,50.8,105.1,43.5,151.9,104.6,80.5,63.7,20.7,56.5,34.7,44.6,47.6,46.9,6.3,38.5,40.8,35.5,15.2,58.5,176.8,65.2,51.8,96.3,88.7,17.5,43
20.7,39.6,29.9,46.6,91.6,35.3,144.4,95.9,83.2,55.7,19.4,57.6,32.0,40.4,42.5,46.7,7.0,36.8,38.7,34.7,13.5,56.2,166.4,54.9,45.3,87.6,64.4,16.4,42
23.7,42.8,39.3,53.6,101.6,41.0,161.0,111.5,92.7,65.4,23.0,57.2,36.5,42.5,44.0,55.1,7.7,43.1,46.1,39.7,14.1,66.1,185.5,61.3,48.3,96.5,94.9,19.4,31
23.6,40.0,29.8,45.7,101.1,38.8,143.5,94.7,77.3,59.2,20.3,54.6,32.9,38.8,41.0,46.1,6.4,36.0,39.1,36.5,15.0,60.1,167.5,63.5,48.1,87.4,71.0,17.6,19
22.6,39.3,33.4,48.8,100.3,37.6,145.4,99.9,82.2,57.4,19.6,57.5,34.5,41.5,42.8,49.2,8.1,37.0,39.8,33.5,13.4,54.3,169.3,65.0,45.3,90.8,74.8,15.7,19
23.7,44.7,36.8,52.1,96.7,40.9,155.2,104.1,86.6,68.1,21.4,56.7,34.3,45.3,47.0,49.5,6.8,39.5,43.2,36.4,17.2,60.7,180.7,59.1,48.0,77.8,80.8,17.3,23
22.5,41.3,33.5,47.1,95.8,37.3,154.6,98.4,92.1,58.2,20.0,56.2,33.8,44.1,46.2,51.1,6.9,37.5,41.5,37.0,15.8,59.5,179.0,57.1,45.8,79.3,74.1,16.2,23
21.7,38.7,30.0,44.8,89.5,35.7,146.8,91.9,82.0,58.2,20.6,54.8,32.0,41.5,43.0,46.1,6.7,35.6,38.8,34.3,14.9,58.0,171.1,53.9,46.1,73.0,61.1,17.2,33
21.5,41.0,32.6,47.3,93.6,36.0,144.4,98.7,80.5,53.3,20.0,55.5,32.0,41.5,45.1,44.6,6.8,37.2,40.9,35.0,15.0,56.0,167.8,54.8,45.5,75.2,65.8,16.6,23
21.5,39.3,31.9,47.3,106.8,37.2,150.5,104.0,79.4,62.6,20.2,58.1,33.3,41.4,44.0,48.3,7.8,39.0,41.7,34.9,15.0,56.0,174.1,63.4,46.8,95.2,82.4,17.2,27
22.5,42.7,35.0,48.7,96.8,37.8,152.9,99.2,89.6,58.8,21.2,55.7,34.7,38.1,40.7,50.1,7.5,39.5,42.7,37.1,15.0,60.4,176.6,58.0,43.1,80.1,75.3,17.8,23
23.3,40.1,35.5,49.2,104.1,38.7,155.7,101.7,87.6,61.0,21.3,59.0,34.3,43.9,45.4,50.3,7.7,38.7,42.9,36.4,13.7,61.1,180.4,63.8,48.2,93.0,85.6,17.7,25
23.8,40.3,36.5,52.3,108.3,39.8,153.2,109.7,85.6,60.0,22.5,55.5,34.5,48.3,48.5,47.7,7.0,38.1,40.7,36.4,14.9,61.0,177.3,68.8,51.4,101.7,93.9,17.6,23
21.1,41.4,35.8,50.5,98.2,36.5,141.2,102.9,74.3,60.2,21.1,54.8,31.7,38.0,39.5,42.4,6.0,38.7,42.3,32.2,13.2,51.5,164.3,60.7,45.5,89.3,76.2,16.3,34
21.3,42.1,34.1,47.9,93.1,37.0,148.7,97.2,82.9,56.6,22.2,56.3,34.3,39.0,41.9,47.6,6.8,37.9,40.7,37.1,15.8,60.6,171.8,55.4,48.2,80.6,72.5,18.6,28
21.9,40.1,36.3,46.7,92.6,38.6,144.0,94.9,79.7,58.8,20.6,56.3,33.8,42.6,45.5,47.2,6.5,38.0,40.5,33.1,14.0,56.8,168.0,58.1,46.5,80.1,70.0,16.4,24
24.0,42.0,31.6,49.0,103.9,39.7,148.8,102.6,81.9,59.0,20.6,54.7,34.0,43.5,45.5,47.6,7.4,38.3,41.2,36.1,15.5,59.2,172.6,63.7,46.2,89.1,78.6,16.8,19
25.1,41.4,39.8,55.0,109.9,44.4,143.9,121.2,79.5,61.5,22.2,57.7,35.0,46.7,47.4,45.3,7.2,43.4,47.1,32.9,15.0,56.1,167.1,68.6,48.2,110.5,99.4,17.5,35
24.2,44.0,38.7,54.4,107.7,39.0,158.2,108.1,88.0,60.8,22.0,59.4,36.6,43.8,45.5,51.6,7.7,39.1,42.3,37.9,15.8,62.5,183.1,68.3,52.4,97.2,93.9,17.2,21
22.2,40.7,30.4,46.9,90.3,35.0,149.0,95.9,84.7,54.4,21.2,58.3,33.2,42.5,45.0,47.5,7.2,38.2,41.1,36.6,13.7,58.3,173.0,51.8,44.4,72.7,65.2,17.6,20
22.9,42.0,35.5,50.8,102.6,39.4,157.2,103.9,88.6,58.8,20.9,56.3,34.6,42.1,43.5,50.8,7.5,41.7,43.7,38.1,15.0,62.2,180.9,63.8,51.1,95.7,84.9,17.3,28
22.6,41.4,33.0,49.0,106.1,38.3,150.3,103.9,82.4,61.4,20.0,55.4,32.8,44.4,46.5,47.2,7.1,36.0,39.3,35.2,15.5,58.8,172.6,62.2,51.3,94.8,80.9,16.2,23
21.7,41.6,39.8,52.4,110.2,41.0,143.2,106.2,80.5,66.2,22.3,58.0,33.5,34.3,37.0,46.1,6.0,41.9,44.3,35.1,13.4,57.6,169.0,66.8,49.0,106.5,95.5,18.7,53
22.9,43.5,35.7,50.1,98.4,39.8,156.5,103.9,88.7,62.4,21.0,59.8,34.8,43.1,45.1,50.6,7.4,42.5,46.0,37.3,15.0,61.1,180.8,57.8,49.4,84.7,83.8,18.1,23
23.7,44.7,35.9,52.3,104.1,41.6,158.3,105.7,89.6,65.7,22.0,60.5,35.0,45.3,47.3,51.3,6.6,38.5,42.0,38.0,17.0,59.0,182.8,64.3,48.2,94.1,91.4,17.3,30
24.5,42.3,37.8,54.2,121.2,43.5,151.7,118.2,84.5,65.2,20.6,58.0,36.5,46.5,47.2,48.2,7.7,42.2,45.1,37.4,14.9,58.3,176.5,71.1,49.5,117.4,108.4,18.2,45
22.2,47.1,35.6,55.3,105.5,36.8,159.2,115.7,89.2,61.5,21.0,56.4,34.5,46.1,48.5,51.1,6.7,41.4,45.2,38.6,16.5,63.6,181.8,62.1,48.4,101.9,92.1,17.3,40
24.0,41.0,39.2,55.9,112.1,42.1,155.4,115.3,84.7,65.7,20.8,59.8,34.3,43.7,45.0,50.8,8.1,43.8,46.2,37.4,13.8,60.0,178.7,65.7,52.8,112.3,104.3,17.9,49
20.6,40.2,28.0,44.9,87.8,34.7,154.5,101.4,86.3,60.3,20.7,56.5,32.8,46.3,47.1,50.2,7.5,36.7,40.4,36.5,16.0,60.7,180.5,51.7,46.8,70.6,62.9,16.6,31
22.3,40.7,34.3,51.1,102.4,39.5,148.8,101.7,83.1,64.2,19.6,57.0,32.5,43.0,45.2,48.0,7.0,36.4,40.4,35.3,15.4,57.4,172.7,62.5,46.6,91.0,80.0,16.6,23
23.9,41.2,38.1,51.5,102.1,39.6,149.7,112.2,85.7,55.7,22.3,58.1,35.2,43.5,46.1,49.4,7.5,38.7,40.3,35.8,15.5,59.5,174.8,64.5,50.5,99.2,86.9,17.8,47
24.8,44.0,37.6,50.6,106.2,42.7,163.4,108.6,91.3,65.4,22.1,56.9,35.6,41.1,45.0,53.4,7.2,38.5,42.0,39.1,16.4,65.0,187.3,64.1,51.7,99.9,94.8,18.4,32
20.0,43.0,34.8,48.8,90.9,34.5,146.4,95.8,84.5,56.8,21.1,57.0,33.7,40.6,43.0,47.7,6.8,37.4,40.1,36.0,16.1,59.5,169.5,53.5,45.0,74.0,67.2,16.5,34
22.0,43.7,33.9,50.0,96.1,36.4,152.3,100.7,83.2,64.7,20.6,55.4,33.4,40.4,43.5,47.1,6.3,39.1,42.1,36.2,17.0,59.9,176.1,59.2,48.5,83.5,74.1,16.5,26
24.0,43.7,36.8,55.5,109.0,42.3,155.8,117.1,87.6,67.1,21.6,56.4,36.1,45.0,47.3,51.6,7.6,40.8,43.0,38.2,16.0,63.7,179.7,68.2,49.4,108.5,101.2,17.3,40
22.2,42.7,38.3,53.8,104.7,39.5,149.5,104.7,80.5,63.9,20.8,57.7,33.6,39.0,43.3,46.7,7.2,41.0,44.8,34.2,15.0,56.0,173.0,64.8,47.6,91.2,85.6,17.2,25
23.3,41.1,32.5,51.0,97.0,38.8,146.0,108.2,82.9,66.4,20.7,57.4,33.7,42.9,45.2,47.6,6.8,38.3,40.7,35.4,13.9,57.1,169.0,60.5,43.7,85.6,78.8,17.2,22
22.6,44.4,38.5,56.9,108.1,39.4,154.7,117.7,83.7,66.3,21.8,55.2,33.3,47.6,46.7,49.7,7.4,43.1,46.3,36.3,14.5,59.5,178.3,69.4,51.2,101.8,100.2,18.2,41
20.7,39.3,31.3,46.4,97.1,36.4,158.1,93.4,91.2,60.8,19.3,55.7,32.7,33.0,39.0,52.6,7.7,35.4,39.0,37.6,16.0,61.9,182.9,58.1,48.0,83.9,68.9,15.8,30
22.4,44.6,34.1,52.1,102.2,38.6,158.8,113.2,89.7,61.1,22.1,57.3,35.3,45.5,48.2,52.5,7.1,39.6,43.9,38.6,15.6,63.9,182.2,63.5,51.3,93.2,87.7,17.6,39
23.4,41.2,37.5,51.1,101.7,39.7,151.0,108.2,84.4,60.1,21.5,57.7,34.6,45.1,46.6,47.4,7.5,38.6,40.6,34.8,16.0,56.8,174.4,62.7,50.0,89.7,85.7,17.4,32
23.1,41.5,39.5,51.8,105.8,41.9,155.6,106.8,83.6,61.9,21.8,56.6,34.6,43.0,45.0,49.2,8.2,41.5,45.3,36.1,15.0,60.0,180.3,64.2,52.9,94.5,90.0,17.8,32
24.6,40.5,36.4,50.2,112.4,43.3,153.9,110.3,85.4,63.2,20.2,59.6,35.4,42.1,43.1,50.4,7.8,40.3,42.2,34.5,14.5,59.1,176.5,70.2,50.0,102.9,95.8,16.5,30
22.0,44.5,33.8,51.1,96.4,39.4,145.1,108.0,80.9,59.7,20.1,58.8,33.5,46.8,48.5,45.5,7.0,38.8,41.7,35.6,16.6,57.0,168.8,58.9,46.2,88.7,75.3,16.3,29
20.7,41.9,40.0,49.3,104.7,39.3,144.8,102.3,82.2,61.0,19.8,56.6,33.5,45.3,46.1,47.8,7.3,41.7,44.7,35.8,15.2,58.8,166.2,67.9,44.5,89.7,81.8,16.1,26
20.4,40.2,29.1,47.4,88.2,34.7,141.3,91.3,78.8,57.2,20.0,54.7,31.6,40.3,42.2,43.6,6.1,36.9,40.6,34.3,15.4,54.0,166.3,49.3,45.1,76.8,59.7,16.2,27
20.5,40.8,33.9,52.7,98.2,35.7,142.7,104.2,77.6,59.4,20.0,56.5,32.3,46.8,47.6,44.2,5.4,35.8,38.7,34.2,15.7,56.3,166.3,60.2,45.3,86.6,73.0,16.0,26
22.5,40.3,34.3,46.6,100.7,42.4,149.4,96.9,84.9,62.2,21.9,58.5,35.1,37.8,41.6,48.6,6.7,37.9,40.9,37.4,14.7,61.4,172.1,61.1,47.7,90.7,80.6,16.9,27
20.7,40.7,32.8,49.4,99.8,34.7,153.1,100.3,85.0,62.4,20.2,56.2,32.5,35.3,37.4,49.1,7.0,36.2,39.2,35.3,14.3,59.1,177.0,62.0,48.8,91.8,76.0,16.8,25
21.7,39.8,33.8,45.2,90.7,35.5,147.4,93.8,83.0,56.1,21.2,56.7,32.0,38.8,40.9,47.1,6.0,37.2,40.0,35.8,14.7,58.3,172.5,56.6,45.5,71.6,66.8,17.4,23
23.7,43.2,40.5,51.5,106.4,41.9,156.5,108.7,90.8,64.3,21.4,54.8,36.5,42.0,44.6,52.7,6.9,43.2,46.9,38.3,15.4,63.5,178.8,71.1,46.2,93.4,96.5,17.4,26
21.0,42.3,32.6,49.2,96.9,36.0,164.8,96.8,95.4,60.6,21.2,57.3,34.9,41.2,44.2,56.4,7.3,38.3,41.7,40.4,15.6,65.6,189.3,59.8,49.8,84.5,79.4,16.8,23
21.8,41.0,32.1,46.9,93.6,35.8,155.4,95.1,85.4,58.4,20.6,57.0,31.7,39.0,41.4,49.7,6.6,38.7,41.0,38.0,14.8,63.0,179.4,56.4,48.7,82.7,70.5,16.5,20
25.3,44.3,38.9,53.6,112.2,45.0,153.8,111.2,86.5,67.9,21.6,55.7,37.1,48.3,49.8,52.6,7.1,43.4,46.4,37.0,15.9,63.5,176.3,73.3,48.5,110.1,107.6,18.4,23
22.7,42.2,38.0,53.9,106.6,39.5,158.6,113.3,91.0,63.8,20.8,57.1,35.3,48.3,48.3,53.5,7.2,40.4,42.7,39.0,15.7,64.0,183.1,66.1,50.4,104.7,95.7,17.6,29
24.3,42.0,36.8,53.0,108.8,43.7,141.6,116.2,76.9,67.6,20.8,56.7,33.1,44.8,45.5,44.6,7.9,39.8,43.0,32.7,15.7,52.5,164.0,67.8,47.0,107.0,95.8,18.2,38
22.6,40.4,39.6,55.2,110.6,44.1,144.8,117.7,80.3,61.9,21.3,58.5,33.8,45.8,44.7,45.5,7.1,43.2,45.2,36.8,13.3,59.3,168.7,67.4,49.5,113.5,98.3,17.5,33
21.5,42.3,30.0,46.6,92.1,34.2,157.5,96.3,95.2,55.1,21.6,58.5,33.1,40.6,43.0,54.2,7.1,36.6,39.5,39.8,16.2,66.0,182.7,52.1,44.8,75.9,67.5,16.9,20
22.3,42.8,34.2,49.3,100.1,39.2,156.5,100.1,89.0,64.3,21.0,56.5,33.9,43.8,46.7,50.9,7.6,40.4,42.8,36.2,14.7,58.9,179.8,58.9,51.2,88.8,79.8,16.5,22
24.2,44.2,38.1,53.8,111.7,42.1,148.1,106.5,81.9,62.4,21.3,57.2,35.1,47.2,48.8,47.4,7.5,40.4,45.3,35.7,16.2,57.6,170.8,71.9,49.1,98.1,91.2,17.8,21
23.2,42.1,36.7,51.8,107.7,41.6,149.4,103.7,82.3,64.2,20.9,58.3,32.4,43.8,45.7,48.1,7.9,39.5,43.3,35.2,15.8,58.7,175.3,66.3,47.0,95.6,87.6,17.0,31
22.0,39.8,33.0,48.8,101.4,38.1,155.1,99.4,89.8,66.5,19.8,56.3,33.8,41.0,43.7,51.8,8.1,37.2,38.4,38.0,15.3,62.5,179.3,62.3,45.4,92.8,78.3,16.0,21
24.0,44.1,30.1,50.3,99.4,39.8,161.5,103.0,91.6,61.2,22.2,58.3,37.3,45.7,48.8,52.8,6.3,40.4,43.9,38.3,16.6,61.5,185.8,56.6,49.7,85.0,84.9,17.7,23
19.6,39.4,32.1,44.1,87.1,33.6,144.7,86.7,82.0,54.8,20.2,57.1,33.0,33.5,37.5,47.6,6.9,37.3,41.7,35.4,14.8,58.5,167.7,53.3,43.3,74.3,60.3,16.5,24
23.8,40.2,36.7,50.3,107.2,43.3,151.7,106.3,84.1,64.8,21.2,56.6,35.0,42.2,43.6,49.7,7.5,39.1,43.3,34.5,14.4,57.1,174.4,65.2,51.5,97.0,88.7,16.5,28
23.7,42.9,35.6,51.0,104.6,40.3,155.8,106.6,86.1,61.0,23.2,57.9,35.2,42.0,43.8,52.3,7.9,38.8,43.5,38.2,15.1,63.6,180.5,65.6,51.8,97.0,94.7,19.0,22
22.0,39.3,32.0,48.5,96.4,36.8,140.3,98.8,77.8,61.7,20.3,55.5,32.6,41.7,43.0,45.7,6.9,38.6,42.0,32.8,13.2,53.6,162.3,57.9,45.0,93.2,70.8,16.5,28
23.1,43.0,36.3,50.8,100.4,38.9,152.2,102.2,86.3,60.4,21.5,57.5,34.7,40.8,43.5,49.9,6.8,41.0,45.8,36.8,16.1,62.8,175.4,64.3,45.8,85.7,86.0,17.2,22
21.6,41.2,34.8,48.5,96.8,36.5,149.6,100.3,85.2,59.5,21.9,55.7,34.0,43.0,44.5,49.8,6.8,39.5,43.9,36.2,14.8,58.6,174.3,57.3,44.5,80.7,74.3,17.5,19
25.2,40.3,41.4,52.5,101.4,43.3,147.8,111.0,82.0,64.8,21.3,55.7,36.7,43.5,44.0,49.5,7.6,41.9,45.7,35.5,13.5,57.5,171.8,66.8,47.1,100.1,94.6,17.7,51
22.7,39.9,38.4,50.5,109.7,40.5,148.5,106.8,81.7,64.9,20.7,56.3,32.7,42.4,43.0,47.3,7.1,40.7,44.4,33.5,12.3,56.5,169.7,68.6,51.7,105.2,88.9,17.3,26
22.6,44.7,35.7,51.3,103.6,39.4,163.4,105.8,95.3,55.3,22.4,58.8,37.9,42.5,45.4,55.1,8.2,40.8,44.0,40.6,17.0,65.5,188.1,65.9,52.2,96.1,95.6,18.3,39
21.2,39.5,29.2,45.5,86.2,33.0,149.5,90.8,82.7,57.2,19.6,55.7,32.2,42.7,43.0,47.2,7.6,35.6,37.3,34.8,14.4,57.1,175.5,48.3,46.1,72.1,60.2,15.9,21
24.8,44.6,42.7,55.9,121.8,44.0,151.7,124.7,82.7,68.5,22.3,58.0,36.2,49.5,49.5,48.8,6.6,43.8,47.8,35.7,15.0,60.0,173.8,77.5,52.5,117.5,115.3,18.3,37
24.6,41.5,40.2,51.4,108.2,43.0,153.7,109.6,87.0,61.1,21.2,57.8,36.0,42.8,43.6,52.5,7.6,39.3,42.5,34.8,14.8,58.0,178.6,69.2,50.5,98.3,94.7,17.2,24
21.0,40.6,34.5,48.1,95.8,36.6,147.0,98.1,80.1,64.7,21.0,54.7,32.6,42.0,43.3,47.4,7.1,39.3,41.1,34.3,15.7,54.5,171.4,58.2,44.8,81.6,72.0,16.7,35
21.9,38.8,32.9,47.6,99.9,38.0,146.2,98.3,82.0,63.5,20.6,57.5,33.3,41.7,42.5,47.0,7.0,39.4,42.5,34.8,13.0,57.8,170.3,60.8,42.6,85.8,75.2,16.5,27
21.1,39.9,34.2,47.6,93.3,37.4,142.9,94.2,77.6,55.9,21.7,55.8,31.7,37.1,40.1,46.0,7.3,36.2,40.0,35.1,15.0,56.0,165.0,58.8,48.0,80.1,66.9,16.7,32
23.6,44.3,37.7,54.0,113.6,42.0,160.3,110.8,90.2,66.0,22.0,57.6,35.6,42.1,44.6,53.2,8.0,41.3,44.2,36.7,15.1,61.1,183.9,74.8,48.8,102.6,106.2,18.6,21
24.5,44.1,44.4,55.2,121.9,44.9,142.1,118.4,77.3,73.9,22.7,60.0,36.4,40.3,42.6,43.9,6.6,43.2,45.5,33.6,14.7,55.0,165.2,79.8,44.8,109.5,108.8,18.5,22
20.5,42.1,36.2,50.2,95.9,37.5,146.3,98.4,85.9,61.7,20.2,55.4,32.0,40.5,42.4,49.0,7.1,38.8,41.0,34.9,15.4,57.7,172.6,58.7,42.9,76.7,71.0,16.6,21
23.3,41.2,41.5,54.2,108.8,41.3,150.2,113.3,84.1,64.7,22.4,56.7,33.3,46.3,45.5,48.3,7.3,43.6,46.4,34.1,14.0,55.5,173.8,67.4,47.2,108.2,99.7,18.0,20
24.3,44.4,37.3,52.1,101.4,42.0,150.3,113.9,87.0,62.2,22.4,58.2,35.7,46.4,48.0,51.0,7.7,39.7,44.1,35.5,15.9,60.0,174.0,61.0,45.6,96.7,91.6,18.2,26
23.2,41.8,40.0,55.7,109.5,40.4,142.5,117.0,76.5,67.4,21.5,59.3,32.8,52.5,51.2,42.8,6.5,44.3,47.0,32.7,14.9,53.7,164.7,66.8,49.6,107.3,94.7,18.0,32
21.3,41.4,34.3,49.6,98.6,38.5,148.3,105.3,82.7,57.7,20.3,57.0,33.8,44.3,45.2,48.6,6.5,38.0,39.5,37.7,15.7,60.5,170.2,58.1,46.7,93.3,76.1,16.4,52
21.9,42.0,38.9,57.1,103.8,39.2,142.3,119.6,78.7,67.2,20.2,56.2,32.1,51.0,50.0,44.7,6.8,42.9,44.9,33.5,15.4,54.5,163.7,64.1,45.2,113.9,95.0,17.1,37
21.4,39.8,38.8,49.5,95.8,38.8,144.5,103.7,80.7,58.7,20.6,56.3,32.4,39.0,43.0,46.9,7.1,38.7,41.4,34.1,15.5,57.0,165.7,59.5,46.1,86.7,77.3,16.9,30
23.3,41.8,37.7,49.9,101.2,38.4,152.9,104.6,85.8,58.7,22.2,58.3,35.2,42.4,45.4,50.6,7.6,39.9,42.8,37.6,15.1,60.0,177.5,63.1,49.9,90.4,84.6,18.4,29
22.5,41.0,36.4,54.0,109.3,39.0,153.5,112.2,85.3,67.4,20.3,56.0,33.8,42.9,44.3,49.4,7.3,38.5,42.3,35.2,15.2,58.8,177.7,68.3,49.2,100.6,91.7,16.9,32
24.6,42.9,35.9,53.5,111.7,42.8,153.2,113.3,80.5,61.8,22.5,56.3,34.5,45.2,46.4,46.4,7.9,43.5,45.8,37.8,14.8,59.8,177.4,63.0,56.0,115.6,100.8,18.1,50
21.2,40.4,34.4,50.5,102.5,38.4,148.1,108.1,83.1,59.8,19.8,55.3,32.4,41.1,42.4,48.7,7.2,37.3,40.8,36.5,14.1,58.1,170.6,61.7,50.5,96.4,82.1,16.4,43
21.8,42.1,32.1,48.4,97.0,35.4,155.3,100.8,89.1,56.4,20.6,57.1,33.8,40.8,43.0,51.2,7.9,37.5,40.4,38.9,14.4,61.7,178.8,56.2,49.5,93.3,74.7,16.4,51
25.2,46.5,40.4,57.3,115.8,42.2,163.0,115.9,87.2,72.3,24.0,58.6,37.0,49.3,51.7,52.0,8.2,39.9,43.9,38.8,17.7,65.3,188.6,74.3,54.3,104.7,110.7,20.1,31
23.5,41.1,35.0,50.3,98.6,39.9,144.9,99.3,80.3,61.8,21.0,56.6,34.0,42.0,43.7,48.1,7.4,38.1,42.0,35.8,14.5,57.1,168.3,59.0,45.5,91.0,77.4,18.4,31
24.7,46.2,40.8,58.4,120.8,43.0,165.3,126.7,91.4,65.9,23.2,60.0,37.6,47.7,48.7,55.4,8.3,44.8,48.7,39.3,16.7,66.3,190.0,77.0,57.7,125.4,127.1,19.8,33
21.0,40.0,32.6,51.2,99.6,37.4,153.2,110.4,86.7,57.3,22.6,57.0,35.0,44.7,44.5,51.2,8.0,42.8,47.3,36.6,12.5,61.5,178.6,57.7,49.0,99.6,84.2,17.4,47
21.7,40.0,35.5,50.4,101.1,37.3,146.8,104.8,84.3,56.4,19.7,56.4,33.3,44.6,45.0,48.6,6.6,38.4,41.0,35.6,15.1,59.0,171.2,61.2,47.3,96.0,79.2,16.8,23
22.6,43.4,36.7,52.7,100.4,39.9,153.4,110.2,89.0,55.6,21.6,57.5,34.5,44.0,47.0,52.9,6.7,41.6,45.0,37.3,16.0,61.6,176.0,60.5,47.0,89.2,84.8,18.1,48
20.7,40.4,35.7,49.3,101.3,35.8,147.3,108.3,79.8,60.1,20.7,56.5,32.5,38.5,41.1,47.2,6.8,40.4,44.2,36.2,13.1,58.5,171.1,65.4,47.7,100.2,83.2,17.0,50
22.0,38.2,35.5,50.3,104.7,40.4,149.2,111.3,84.0,62.9,20.0,56.5,35.1,41.5,42.7,50.2,7.8,36.8,40.5,35.5,13.3,58.6,172.0,64.1,46.9,102.1,88.0,17.0,46
24.1,41.3,35.9,51.5,109.1,40.3,155.0,103.9,84.9,65.2,20.5,56.8,34.6,43.5,44.7,50.7,8.0,38.9,41.5,35.6,14.0,57.9,179.8,65.2,49.8,97.2,88.7,17.0,23
21.9,42.0,43.5,56.3,114.7,41.7,153.6,123.4,89.0,62.9,20.7,56.2,34.8,44.8,45.9,54.6,7.4,42.3,45.0,37.0,14.2,62.7,173.0,70.1,47.9,117.1,106.7,17.4,41
22.8,39.4,37.7,50.1,104.7,40.9,149.7,108.1,82.7,60.5,21.9,56.8,33.3,41.5,41.5,47.3,7.0,39.8,42.0,36.2,14.9,58.5,174.0,64.7,50.9,102.0,90.8,17.8,29
22.6,40.7,31.4,47.3,91.3,38.2,149.7,95.4,86.6,57.2,20.2,59.3,33.5,42.4,44.6,49.5,6.8,37.8,41.3,36.5,15.4,59.3,175.5,54.9,42.5,81.1,69.9,16.8,25
22.8,41.6,39.3,53.9,108.3,40.0,158.8,112.0,86.2,62.2,22.0,60.0,36.0,46.0,45.9,52.4,8.2,41.7,45.1,39.5,13.8,64.3,183.7,63.3,53.0,111.5,100.9,18.7,48
23.1,41.4,32.8,51.9,105.0,40.0,148.9,106.3,85.1,63.8,20.0,55.9,32.6,45.1,45.4,48.0,7.0,36.5,40.3,35.9,15.7,58.7,172.6,63.8,45.9,102.0,81.3,17.6,30
23.4,41.2,38.0,53.0,106.5,40.7,154.4,114.1,88.6,65.1,22.5,58.0,35.5,47.7,47.7,50.3,7.1,41.9,45.5,39.0,14.8,62.1,179.0,64.7,48.8,103.6,96.7,18.0,37
21.7,40.7,33.4,47.2,100.8,38.7,149.3,95.7,81.2,59.7,20.2,55.5,32.8,39.6,41.4,47.6,7.4,36.4,39.2,35.5,14.1,58.0,173.1,61.1,47.4,82.6,72.4,17.0,26
20.4,40.4,29.8,46.5,92.4,33.2,141.8,94.8,79.5,59.6,19.3,58.1,31.5,39.9,42.3,45.4,6.7,38.4,42.3,34.7,14.5,56.1,166.3,54.8,43.1,79.5,65.6,16.3,21
25.3,42.2,36.8,52.8,114.2,42.7,157.1,115.1,89.2,68.8,22.3,59.5,37.3,45.0,47.5,53.2,8.1,40.0,43.4,37.0,15.5,61.1,181.8,71.5,48.6,103.6,105.4,18.2,19
25.2,42.7,38.0,53.3,108.4,42.9,153.6,107.7,85.8,64.8,21.7,57.4,36.8,46.0,48.0,51.7,7.8,41.1,44.8,36.6,14.2,59.8,177.7,66.4,46.8,100.9,95.8,18.6,21
23.9,44.4,44.6,55.9,114.9,45.2,153.3,118.7,87.5,71.7,21.1,61.0,36.7,48.1,49.4,50.6,7.8,46.7,49.3,36.9,15.5,61.3,178.6,75.2,45.0,107.6,113.5,18.5,24
23.6,42.3,42.1,53.2,101.1,38.5,156.7,112.3,91.5,60.0,21.0,56.6,36.3,43.5,44.1,52.8,7.3,37.2,41.0,39.2,15.1,63.1,179.9,60.5,48.4,93.4,88.6,18.2,31
21.6,41.2,33.6,49.6,99.5,38.2,160.9,107.2,92.3,61.0,21.5,56.7,34.8,41.0,41.5,52.4,7.8,38.7,41.9,37.0,14.0,62.3,185.5,61.4,50.0,90.3,83.4,17.1,30
21.7,40.3,36.1,50.0,102.8,35.4,149.5,100.5,81.8,65.1,20.1,54.8,32.7,41.7,42.8,45.5,7.2,40.4,43.8,34.0,14.3,56.5,172.6,60.7,47.0,92.3,83.4,16.0,28
24.8,40.4,36.2,50.0,103.4,43.0,147.8,102.5,82.5,64.6,21.9,58.7,34.0,44.2,45.1,48.0,7.8,39.5,41.9,35.6,13.7,59.1,170.8,65.8,44.2,90.4,86.2,18.4,24
21.8,39.0,33.8,47.8,96.9,35.8,149.9,95.5,86.1,62.5,21.0,55.7,33.3,39.8,41.3,47.9,6.8,37.5,41.3,35.9,13.1,59.8,174.8,60.2,47.8,84.6,73.8,17.3,23
23.1,39.3,32.9,48.2,96.7,39.1,151.8,96.0,83.3,60.2,20.3,56.8,32.7,42.0,43.0,48.6,7.3,37.9,41.5,36.4,14.2,61.0,175.7,58.7,47.2,87.2,76.0,17.1,21
22.1,43.0,34.1,50.7,92.6,37.8,155.8,105.5,86.3,63.9,21.2,58.7,34.7,48.8,49.5,51.6,7.4,37.8,41.4,38.3,15.9,61.6,180.0,56.7,48.5,80.5,77.8,17.3,22
24.0,43.2,40.8,53.2,105.1,40.3,151.8,112.6,86.0,59.4,21.5,57.4,34.9,49.0,50.3,48.9,7.4,42.5,44.7,35.7,15.3,59.5,174.9,64.6,50.2,95.6,93.1,17.7,20
21.1,40.3,32.2,48.4,94.3,35.5,145.8,93.4,80.2,63.8,20.2,56.2,32.3,40.0,41.8,46.1,6.9,37.3,40.5,34.5,15.4,54.8,170.6,56.8,44.1,83.8,69.5,16.8,30
24.7,44.9,39.9,52.4,107.9,41.2,170.7,104.1,97.8,63.7,24.8,60.7,38.4,41.5,44.2,56.6,9.1,40.6,44.0,39.6,14.7,65.3,198.0,63.3,52.9,93.9,101.7,20.6,25
21.5,39.5,36.8,47.4,102.8,35.7,152.0,104.7,85.3,62.0,22.2,55.7,32.3,43.8,44.7,50.5,7.1,38.6,42.1,37.1,14.3,60.5,174.7,60.6,46.8,96.0,81.5,17.4,42
24.0,42.2,38.6,51.8,111.2,42.3,155.3,113.4,85.4,67.6,23.5,56.7,37.7,44.2,47.2,50.0,7.3,41.8,45.9,38.2,17.0,62.1,181.6,66.9,51.4,101.8,100.6,18.5,37
19.8,37.8,28.6,43.6,91.0,32.9,147.2,90.5,84.3,56.3,20.0,53.2,33.6,36.5,38.3,50.5,6.8,33.4,38.0,35.3,13.9,57.7,171.9,52.9,45.7,76.1,60.6,16.0,21
22.5,40.4,35.2,48.3,99.7,39.1,154.9,92.6,85.4,58.8,21.3,57.0,33.9,40.6,43.3,50.2,7.5,39.0,41.3,35.6,14.2,60.5,179.0,60.1,49.3,87.1,77.8,17.6,21
20.0,37.2,31.1,46.7,95.4,33.5,145.0,93.6,84.8,54.8,20.1,56.5,31.2,38.1,40.6,49.3,7.2,38.9,41.5,34.1,13.1,57.0,168.8,56.7,43.8,83.8,65.0,15.8,19
24.3,44.3,41.0,57.7,117.4,43.9,152.7,122.8,87.9,62.3,21.8,59.8,37.3,49.0,49.7,50.5,7.4,42.4,46.1,35.1,16.0,59.0,176.2,71.7,52.8,113.7,112.6,18.5,30
23.1,44.0,39.3,55.2,101.6,41.9,146.9,107.0,80.9,66.8,20.6,58.0,34.4,42.2,45.2,47.1,7.0,46.7,49.5,32.2,15.5,53.7,169.4,66.5,47.0,97.8,90.7,17.0,33
22.8,42.7,36.2,51.6,98.0,38.8,151.6,103.6,86.5,61.7,21.5,59.1,36.6,43.6,46.6,52.3,7.5,38.4,42.0,36.6,15.7,61.6,176.4,60.9,43.6,84.3,81.5,18.0,42
20.5,42.3,32.8,49.0,91.1,35.8,150.0,95.7,89.0,54.2,19.2,57.2,34.9,41.7,43.5,51.4,7.6,38.1,41.5,36.6,14.7,61.0,172.7,54.0,44.4,77.7,67.3,15.8,23
21.4,40.9,33.1,46.8,93.0,34.9,160.8,98.7,94.4,58.7,21.5,56.1,34.6,39.5,41.5,53.3,7.5,37.9,41.2,38.9,14.8,61.5,184.0,54.7,47.5,81.0,72.7,16.9,43
23.0,41.3,33.0,51.3,103.2,39.6,149.5,105.4,83.4,64.3,20.3,58.1,34.5,41.0,43.2,50.2,7.9,39.0,42.0,37.0,14.6,59.6,173.5,62.8,46.0,94.4,82.9,16.7,22
22.9,41.2,36.3,54.6,109.9,41.3,150.6,109.1,84.0,65.1,20.4,57.3,34.3,45.1,45.3,48.6,8.0,41.4,44.6,35.8,14.3,57.6,175.8,67.7,48.3,100.4,93.6,17.4,39
23.8,42.3,40.3,52.8,105.2,41.6,156.3,109.0,88.4,61.3,21.6,58.4,36.3,42.8,44.9,49.0,7.0,40.4,44.5,37.9,15.6,61.7,180.2,62.9,49.8,94.7,93.2,18.1,39
21.3,43.5,42.3,52.3,102.3,37.5,155.2,105.6,87.1,61.9,20.6,57.2,34.9,36.0,38.6,49.1,7.8,41.6,44.7,36.9,14.6,61.5,180.2,65.4,48.1,85.8,87.9,18.0,23
23.7,42.8,36.6,51.5,106.8,41.4,154.9,114.0,86.5,64.1,21.5,59.5,35.3,44.1,46.1,49.2,6.6,39.4,41.7,38.1,16.1,62.8,180.0,65.7,47.7,99.0,95.1,18.1,25
22.4,41.0,33.5,50.4,100.9,37.5,153.9,98.4,85.2,58.3,20.2,55.7,33.5,36.6,40.4,49.7,7.3,36.6,39.7,36.2,15.0,61.1,176.9,60.1,48.5,88.7,75.6,17.0,35
22.7,43.7,31.2,50.6,92.1,35.8,166.6,97.6,96.6,59.9,22.8,57.3,36.5,41.4,44.4,55.5,7.4,38.5,40.5,41.7,17.4,67.2,189.7,54.9,50.4,83.3,78.0,16.8,27
23.4,41.0,40.6,54.9,110.2,42.3,144.5,114.7,79.8,60.4,21.6,57.6,34.8,43.8,45.2,46.1,6.8,42.0,45.8,36.2,13.8,59.0,169.0,68.8,47.2,99.6,92.6,18.0,38
27.5,44.6,45.1,61.8,123.3,48.5,155.6,128.2,84.9,75.0,22.3,60.8,40.3,49.2,49.2,52.1,7.9,44.5,47.7,36.5,15.8,62.3,178.6,80.9,50.1,116.8,130.2,19.1,30
20.3,43.2,31.5,50.7,98.1,36.6,167.1,105.7,94.5,64.8,21.7,56.5,34.5,46.5,47.4,53.9,7.5,38.2,42.1,41.1,16.5,65.6,190.7,56.1,51.3,91.2,82.1,17.1,40
23.5,38.8,40.5,54.3,117.3,42.8,154.3,118.3,86.6,64.9,21.8,59.4,36.3,42.4,44.4,48.5,7.6,42.6,46.2,36.0,14.6,58.0,177.9,73.3,51.3,111.3,109.8,17.8,30
24.5,45.3,36.5,52.6,106.7,40.9,161.0,109.8,90.2,69.1,23.0,57.0,36.7,46.8,49.5,52.3,7.8,39.4,42.9,38.0,17.1,62.3,186.1,64.5,48.2,89.7,95.6,18.3,20
20.2,40.3,31.3,47.6,88.8,35.5,144.9,94.2,85.7,51.5,19.5,55.0,31.9,37.5,39.0,48.3,6.4,37.8,41.2,36.2,14.1,59.0,168.5,52.8,44.0,75.3,63.3,16.0,22
23.6,42.6,38.6,51.5,106.7,41.3,156.4,108.3,86.2,64.3,22.1,58.5,36.4,44.5,45.8,51.5,7.1,48.3,51.5,37.1,13.0,60.5,179.7,65.1,52.0,98.1,97.1,18.0,42
22.7,41.6,38.4,50.0,95.7,41.5,146.2,97.9,85.9,54.7,19.9,56.6,35.4,41.8,44.8,50.6,6.9,36.7,40.0,36.2,16.5,61.5,168.7,61.2,43.3,80.5,76.0,16.4,26
23.4,41.2,37.4,52.9,105.4,39.5,156.0,110.4,88.3,65.5,21.7,57.1,35.6,46.7,46.7,50.9,7.3,41.3,44.5,36.5,14.2,59.0,180.5,64.6,51.5,100.3,92.6,17.9,41
23.7,42.4,37.7,55.2,116.6,43.5,151.5,120.2,84.0,62.9,23.2,56.4,35.9,45.4,46.3,48.4,8.1,42.0,44.6,36.4,15.9,59.6,175.5,72.2,53.7,116.2,108.4,18.8,43
19.7,37.3,29.5,43.1,86.5,32.8,147.2,86.2,86.0,52.3,19.2,56.1,30.9,40.7,42.2,50.1,7.7,36.0,40.5,37.3,14.4,61.5,170.2,51.1,46.3,75.7,56.2,15.6,25
23.6,41.1,37.4,51.5,103.3,40.9,152.0,104.2,82.0,69.4,22.0,56.8,34.3,47.3,48.2,48.3,7.1,40.3,44.2,37.3,13.9,61.7,174.6,66.3,48.6,94.3,87.4,17.7,23
20.2,38.5,35.3,45.5,92.2,34.0,142.0,94.7,77.1,54.7,19.9,55.8,31.2,37.2,39.0,45.1,6.1,37.2,40.7,33.0,14.1,52.8,167.0,52.4,48.0,82.4,63.3,17.3,30
21.5,39.5,38.1,50.0,105.1,37.4,140.4,107.7,76.4,59.9,20.6,55.7,32.7,42.0,42.0,44.7,6.9,42.5,44.0,33.9,13.1,55.0,162.4,63.7,48.5,101.7,82.6,16.9,49
22.3,44.5,40.6,56.6,116.8,41.1,153.0,115.2,84.9,62.8,22.0,58.3,34.9,43.9,44.6,51.6,7.2,43.0,46.5,37.0,15.5,60.8,175.1,69.8,51.2,111.7,103.3,18.3,50
20.7,40.3,33.9,49.7,97.9,36.0,154.1,100.2,89.7,59.8,22.6,55.0,35.3,43.3,44.7,53.4,7.7,37.5,40.8,37.6,15.5,62.5,177.0,59.3,43.9,88.0,77.2,17.9,52
22.3,41.7,37.2,50.7,105.3,39.2,149.5,105.9,84.4,63.4,21.5,56.8,34.6,41.3,43.3,48.6,7.7,41.0,44.8,34.5,14.5,57.3,172.2,65.5,48.3,100.5,88.0,16.7,32
23.3,41.5,41.5,54.8,113.5,41.7,148.1,119.6,84.2,61.2,21.4,55.8,34.9,45.0,45.0,50.1,6.7,42.3,45.4,35.2,15.3,58.4,168.1,73.4,48.4,118.2,105.0,18.0,36
22.6,42.6,41.7,52.7,108.4,41.2,155.7,112.8,90.1,63.3,22.2,58.4,36.6,48.0,48.2,53.5,7.3,41.8,44.8,37.7,14.8,64.5,177.9,66.4,48.0,102.0,98.2,18.6,35
20.2,41.2,28.8,46.5,91.4,32.3,167.4,91.0,96.6,57.0,20.2,56.9,34.0,40.0,41.5,54.6,7.3,34.6,39.8,40.5,15.8,67.0,193.0,53.3,49.8,76.0,68.9,15.9,38
22.3,39.6,34.5,50.0,100.7,38.8,154.7,102.2,83.2,68.6,21.5,57.3,33.7,44.6,44.5,47.4,7.2,38.7,43.3,35.8,14.3,56.0,179.6,63.5,50.0,96.0,85.3,16.8,22
22.3,40.2,38.5,54.2,110.9,39.9,142.1,118.1,76.9,63.9,20.8,56.5,34.6,44.8,44.3,44.6,6.2,40.2,43.8,33.7,14.0,57.5,165.8,67.7,47.6,120.0,98.4,17.8,50
20.8,39.8,36.3,48.8,94.7,37.1,135.7,97.1,71.8,55.7,20.4,56.0,32.2,40.4,42.0,42.2,6.0,38.3,40.6,32.3,14.7,53.1,158.2,57.4,44.7,87.0,68.1,16.4,39
23.0,42.9,43.0,57.0,120.8,41.9,156.8,122.7,91.1,69.4,22.2,57.7,35.3,49.0,49.1,53.0,7.6,40.0,42.0,35.8,15.6,60.8,180.7,77.4,44.4,112.2,112.9,17.2,26
24.3,44.8,38.8,52.6,103.9,40.0,165.6,100.9,95.7,63.2,23.0,56.3,38.6,42.1,45.7,57.4,7.4,39.3,43.1,39.7,16.6,66.4,192.9,66.3,46.2,86.1,93.9,19.0,28
24.2,45.0,39.8,55.1,109.9,44.7,152.3,111.0,88.8,62.4,22.8,57.7,36.8,48.5,49.5,52.2,7.0,44.7,47.3,36.9,14.6,62.0,174.3,67.2,47.8,97.4,99.4,19.7,40
24.4,42.0,40.4,49.3,114.8,42.9,149.6,111.2,86.0,70.0,21.7,56.0,34.9,43.5,44.6,49.9,7.5,44.3,46.6,37.7,14.4,59.5,171.4,69.9,48.7,119.5,105.4,19.4,56
20.2,38.2,28.7,44.7,94.2,34.2,145.1,98.7,78.9,57.8,21.0,57.6,33.0,41.6,43.0,46.6,5.9,36.0,39.3,34.6,14.0,56.7,169.7,57.1,47.1,83.5,66.4,16.6,56
21.0,40.2,31.3,48.2,95.9,36.2,149.2,102.2,82.1,62.3,20.0,56.0,32.3,41.6,42.5,49.7,7.4,38.8,41.8,36.1,13.3,59.0,172.7,56.8,47.0,97.2,75.3,16.7,49
26.8,41.2,41.6,55.6,118.7,47.5,148.5,121.6,83.4,68.6,23.2,57.6,36.2,43.7,44.0,48.1,8.3,42.7,46.3,34.2,13.2,57.0,170.9,75.3,50.9,111.3,109.5,19.3,31
21.0,39.8,33.5,46.2,92.4,35.8,149.0,92.7,86.5,57.1,21.3,56.6,33.1,34.3,38.1,48.6,6.5,38.4,41.0,36.2,14.7,57.5,175.1,54.6,43.8,78.5,67.9,16.8,48
20.3,41.0,33.0,47.1,100.9,36.1,149.2,96.2,85.0,54.4,20.7,57.5,33.2,34.6,37.4,47.7,7.0,37.5,41.6,36.8,14.8,60.0,171.9,62.8,49.0,80.2,75.7,16.7,24
26.0,43.0,37.0,52.9,112.8,43.7,157.0,106.6,85.1,69.8,21.3,57.0,35.9,43.7,44.7,50.0,7.9,40.7,44.5,36.5,15.5,59.5,181.7,68.7,52.3,102.0,99.6,18.2,22
24.5,42.1,35.2,50.5,106.1,43.2,168.7,103.5,95.1,63.0,23.7,58.3,37.5,43.5,47.0,56.8,8.0,41.1,43.5,40.6,16.6,68.0,192.7,66.1,51.5,90.4,98.1,18.5,37
25.0,45.0,37.8,54.1,116.6,43.2,160.8,112.3,87.3,68.1,22.7,55.9,37.8,40.8,45.0,53.2,8.0,41.2,46.3,38.3,16.8,62.5,185.1,72.9,52.8,109.5,111.6,19.2,51
22.4,42.4,33.1,49.5,93.9,36.3,155.7,96.9,88.7,58.6,21.0,57.5,34.5,42.8,44.6,52.7,7.6,36.8,41.5,37.0,16.1,60.6,180.8,57.6,47.8,79.3,72.9,16.7,21
24.3,42.2,37.3,54.0,108.5,43.5,144.7,120.3,77.9,61.5,20.2,56.5,34.8,43.5,45.2,44.7,7.5,41.3,44.4,33.1,14.8,56.0,166.3,69.7,51.6,110.2,98.3,17.5,26
24.3,40.9,36.1,48.2,104.4,41.5,160.8,97.8,95.9,60.0,21.5,55.8,35.0,37.4,40.8,55.2,8.5,37.3,41.7,38.1,14.0,61.6,183.4,67.4,49.7,95.5,86.5,17.4,21
27.9,45.4,47.5,58.1,119.3,48.2,157.9,124.8,86.3,69.6,23.3,59.5,39.6,47.0,48.5,51.2,8.5,47.7,50.9,37.5,16.3,63.0,181.5,77.2,51.7,111.3,123.9,19.8,33
20.5,40.2,30.0,46.6,91.2,34.2,145.9,89.1,83.0,57.5,20.8,54.6,32.1,38.1,42.1,48.2,6.8,37.2,39.4,36.1,15.3,58.1,170.0,53.3,44.8,80.2,63.1,17.1,25
24.0,41.1,37.5,52.1,110.4,40.0,156.9,111.6,88.1,61.5,22.1,58.0,35.7,46.0,46.5,50.1,8.2,39.7,42.7,36.9,14.0,59.1,180.8,68.7,51.0,102.7,96.5,18.2,39
22.5,42.2,37.3,49.3,97.5,38.3,149.3,103.9,82.2,59.2,21.5,59.3,33.9,39.7,42.5,47.4,7.2,40.0,42.7,36.2,16.2,58.3,172.2,60.8,49.0,83.9,77.8,17.2,19
21.7,36.5,32.7,45.2,95.2,36.7,144.8,92.6,82.1,56.3,19.2,58.1,32.8,40.4,41.5,49.1,7.9,36.6,39.6,34.1,14.3,56.0,167.9,58.0,44.8,82.5,68.2,17.3,20
23.5,43.3,37.3,52.4,105.3,38.9,153.1,100.4,88.1,63.6,21.8,59.5,35.5,44.0,47.5,50.7,6.8,40.0,43.0,35.2,16.1,59.5,177.5,65.5,45.4,89.6,87.6,17.3,26
23.8,41.7,38.9,52.5,110.8,42.0,157.9,112.2,87.3,65.4,23.8,57.6,34.4,45.3,47.1,52.7,7.7,44.0,48.0,38.7,14.3,61.6,182.6,67.8,50.8,108.2,102.8,19.2,46
24.5,45.8,39.7,55.6,104.3,41.7,153.7,110.6,87.3,64.2,21.5,57.9,35.8,45.1,49.0,49.9,7.4,39.2,43.0,37.7,15.8,61.0,176.7,68.8,47.2,96.7,93.5,18.0,22
22.3,42.0,32.0,50.2,100.9,38.7,143.9,103.2,78.9,62.2,20.2,57.0,33.5,46.4,48.0,43.9,6.0,37.5,39.9,34.2,15.5,57.2,168.5,62.0,45.5,91.0,78.4,16.7,27
24.0,39.9,37.2,51.2,99.3,41.5,150.5,114.6,79.7,62.5,22.0,57.0,35.3,44.4,45.6,48.3,7.7,41.4,44.6,36.7,14.0,58.5,173.5,63.3,53.0,102.0,91.4,19.0,42
24.4,41.5,36.8,51.3,103.6,44.2,144.2,105.4,83.1,62.6,21.9,58.1,34.2,46.8,48.0,47.1,7.7,40.3,44.5,34.3,15.0,57.5,166.8,66.3,44.2,92.2,87.5,18.4,23
20.3,40.7,31.3,48.2,88.7,34.2,144.5,94.2,81.9,56.3,21.6,55.6,34.3,40.0,42.1,48.0,6.9,36.5,40.1,36.1,13.7,60.0,167.8,52.9,43.8,72.8,63.7,16.8,25
21.3,43.4,39.3,54.3,106.4,37.5,157.4,109.0,91.1,63.5,21.1,58.7,34.8,43.2,45.1,50.7,7.0,43.2,46.5,38.6,14.9,63.6,180.8,64.1,49.1,97.5,93.9,17.1,48
21.1,40.2,31.3,47.3,95.1,36.3,161.3,94.4,93.7,53.4,21.6,54.0,32.4,37.1,41.1,54.6,8.1,38.1,43.5,38.2,14.6,63.2,184.6,55.4,50.8,87.4,72.9,18.0,42
22.7,39.3,36.0,51.2,108.2,40.0,151.4,100.6,85.5,67.6,20.0,57.3,33.8,40.3,42.0,49.3,6.8,36.5,40.4,36.0,14.1,58.1,177.1,69.8,45.7,86.8,84.1,16.7,22
22.8,40.0,35.0,51.0,106.2,38.5,154.8,106.6,88.9,65.9,22.0,58.1,36.9,42.0,43.5,53.3,7.4,39.2,41.2,37.1,14.5,62.0,177.4,64.4,47.3,97.7,87.7,18.4,52
23.3,40.3,40.8,53.2,110.3,42.1,149.9,114.7,79.7,65.8,21.6,59.3,33.7,45.0,47.0,47.1,7.7,40.4,43.4,33.8,14.6,54.6,174.8,69.3,48.7,101.9,96.5,18.3,32
23.7,43.2,37.4,53.2,111.2,44.0,154.3,108.3,88.2,61.3,22.3,57.8,37.3,46.4,47.3,50.4,6.7,39.4,43.3,36.5,15.1,61.4,178.9,75.5,46.6,91.0,99.1,18.4,31
25.7,44.5,34.4,50.6,108.5,41.5,157.2,113.0,88.0,62.7,22.2,57.4,37.3,42.1,45.0,50.7,8.0,41.8,45.3,39.1,15.7,62.6,182.5,65.2,54.7,105.8,100.1,19.3,41
23.9,44.3,36.2,52.0,102.9,40.0,145.5,106.2,80.7,70.1,22.7,58.8,34.2,45.5,47.0,46.3,7.2,42.8,45.5,35.5,14.8,58.8,169.8,61.4,44.4,93.3,87.2,18.7,29
24.2,42.6,40.8,54.3,119.8,44.1,162.1,117.4,87.2,69.1,21.7,55.4,36.1,47.3,47.9,53.3,7.2,43.4,46.5,39.0,14.3,61.2,185.0,75.7,54.7,110.0,113.1,18.1,31
20.9,39.2,31.2,46.1,96.6,36.8,153.2,97.3,85.4,60.5,19.9,55.7,32.3,42.7,43.8,47.7,6.8,37.7,41.2,36.8,14.0,60.0,176.6,60.1,48.4,86.0,74.4,16.1,19
23.3,38.2,31.3,46.7,92.2,36.0,140.9,91.9,76.5,58.2,20.7,57.5,31.7,39.8,41.6,43.3,7.2,36.1,40.7,35.2,13.3,56.6,163.8,54.8,46.4,74.8,64.7,17.2,20
25.0,41.8,39.7,54.9,110.2,42.0,155.5,117.2,87.8,68.2,22.3,58.3,36.7,48.7,49.2,49.3,7.7,41.2,44.8,37.2,15.5,60.9,181.8,68.8,49.0,100.7,101.9,18.7,23
20.7,41.6,33.9,47.9,93.9,37.4,142.6,92.7,81.3,53.7,20.8,54.3,31.6,40.5,43.0,47.6,7.2,36.8,40.6,34.3,14.6,55.5,166.4,58.1,46.7,88.3,68.1,16.4,25
21.8,44.4,32.6,53.8,101.8,37.0,164.0,107.6,93.1,63.2,20.5,59.8,33.8,46.5,48.8,54.2,8.2,40.5,44.7,39.3,16.1,63.5,190.2,62.8,52.5,99.2,89.2,17.3,29
23.4,42.3,37.2,51.0,101.6,39.2,149.0,103.7,86.1,60.9,21.5,57.5,35.7,40.5,42.7,50.3,7.4,40.1,42.7,36.4,14.4,59.6,172.2,62.3,42.5,85.3,82.4,17.6,21
21.1,42.3,34.9,50.3,99.8,35.1,158.6,98.1,88.5,66.8,20.0,58.1,35.5,42.1,45.3,51.2,7.5,37.4,41.1,37.3,16.0,61.4,183.3,59.5,46.8,88.8,79.3,17.0,25
26.7,44.1,41.6,58.7,114.2,43.9,159.7,118.2,84.3,72.1,23.0,58.6,37.0,51.4,52.0,50.3,7.6,44.8,49.5,37.5,14.8,59.2,184.7,71.4,53.8,114.6,116.6,19.1,26
25.3,41.0,35.9,53.4,106.4,40.5,146.8,111.7,79.0,65.9,20.1,59.8,35.4,40.0,41.3,47.2,7.0,41.8,43.8,34.1,12.8,57.0,169.0,68.8,46.3,112.7,94.8,16.3,23
26.2,45.2,40.2,55.5,108.6,44.5,169.4,117.8,101.4,63.8,22.4,55.8,39.3,46.7,50.2,59.6,7.9,40.9,45.0,40.4,17.8,68.5,193.4,68.5,50.5,98.2,113.2,19.3,28
24.0,43.1,37.5,54.2,115.7,41.8,157.4,115.4,88.2,68.1,22.9,59.9,37.8,46.0,46.5,53.5,7.5,41.2,45.3,38.3,13.5,62.0,180.7,72.9,50.8,115.3,109.3,18.6,37
21.9,39.3,35.3,48.4,95.9,37.8,139.9,99.3,75.6,60.2,19.9,55.8,31.7,38.6,41.1,43.3,7.0,35.2,38.3,33.8,14.2,54.6,165.1,60.3,45.1,83.2,68.8,16.1,30
24.9,42.7,39.7,56.8,111.4,44.3,153.0,116.7,84.7,58.2,21.7,58.8,35.8,50.2,50.9,49.2,7.4,41.0,45.5,37.4,15.0,60.0,176.8,67.9,53.7,110.2,105.2,18.7,31
24.6,39.3,33.7,46.4,98.1,39.2,158.7,100.7,90.2,57.6,20.6,56.1,35.1,35.0,38.1,52.9,8.4,35.1,39.0,38.8,14.0,62.6,181.2,60.6,49.0,87.3,76.8,17.5,34
23.7,43.8,36.5,52.5,108.2,40.7,151.8,110.1,83.0,69.7,21.0,57.4,34.5,44.8,48.0,49.0,7.8,40.8,44.8,35.8,15.5,59.1,174.3,66.0,50.5,101.7,92.7,17.5,20
24.5,40.0,36.1,50.2,99.7,41.0,146.6,105.9,79.1,61.6,23.0,58.1,35.7,44.5,45.0,46.8,7.6,39.2,41.8,35.0,14.2,56.5,171.5,61.7,47.5,87.5,82.0,18.3,31
23.3,43.7,36.6,53.4,105.3,40.3,144.3,113.1,80.4,62.9,22.0,58.5,33.9,46.2,46.2,45.4,6.9,41.8,45.1,35.1,15.0,57.0,168.1,65.0,46.3,99.6,87.7,17.8,33
21.0,44.0,32.6,52.7,98.7,37.3,158.8,105.4,85.6,65.6,22.5,59.2,35.0,43.3,46.1,48.9,6.3,39.3,42.5,38.6,16.0,61.5,184.7,59.6,51.0,88.3,82.5,18.0,42
24.2,39.4,32.5,47.2,97.9,39.0,145.5,98.8,80.3,64.6,21.3,58.1,34.7,38.5,40.5,46.8,7.7,39.4,42.1,35.7,13.5,57.3,168.4,60.0,43.1,85.9,76.2,18.3,24
24.3,42.8,35.0,51.2,103.4,42.4,162.7,105.9,93.6,66.1,22.3,57.8,37.6,38.8,43.2,55.0,8.2,38.2,40.6,38.9,15.8,61.3,186.5,62.6,50.0,88.7,89.4,18.5,32
20.8,38.5,36.1,48.2,97.1,36.6,150.2,105.3,84.2,63.0,20.8,56.8,31.0,41.1,42.5,50.2,7.4,40.1,43.3,35.5,13.5,59.0,173.2,58.8,47.0,91.7,79.1,16.9,32
22.8,40.0,34.3,48.7,93.0,37.3,144.0,96.5,82.9,56.2,21.9,54.6,33.4,39.1,41.7,47.1,7.0,36.0,39.6,34.1,15.0,57.6,165.5,56.4,43.3,87.8,67.7,17.4,36
23.3,42.3,36.4,49.5,103.9,40.4,152.6,103.8,84.4,63.1,21.3,55.6,35.4,45.0,47.7,50.1,7.5,38.6,43.4,34.9,15.6,57.3,175.9,63.5,52.2,97.0,85.0,18.0,21
22.9,43.4,31.9,50.2,96.4,36.1,150.8,99.7,81.2,63.9,20.6,60.0,34.1,46.2,47.0,48.0,8.3,39.0,43.1,36.5,15.6,59.5,176.4,56.6,49.8,82.1,75.0,17.4,21
22.4,41.8,34.8,49.8,96.8,40.3,149.4,102.8,86.5,55.9,21.8,57.3,34.1,40.4,42.7,51.6,7.1,40.3,43.9,38.0,15.6,62.0,174.0,59.6,46.6,88.8,78.0,17.5,21
22.7,39.8,31.5,47.2,97.1,37.6,151.7,97.5,83.3,65.8,20.0,59.0,35.0,41.4,44.0,48.2,6.7,37.6,40.9,36.2,13.9,59.7,176.6,59.0,46.5,78.2,75.2,16.5,26
21.1,37.6,32.9,46.3,99.3,35.3,143.9,100.8,81.4,57.1,20.0,55.3,32.4,34.4,37.0,46.9,7.1,38.3,41.7,35.6,13.5,56.6,165.6,58.8,46.4,89.3,70.6,16.9,30
21.0,38.5,32.7,45.1,88.4,35.0,143.8,90.1,79.5,58.1,19.2,56.3,32.9,40.0,41.5,44.9,6.8,37.8,41.9,33.4,12.5,53.3,168.1,50.2,44.8,73.0,59.6,16.0,22
24.0,41.1,38.9,49.2,101.6,42.3,142.2,99.4,78.2,60.0,21.2,58.7,35.8,39.3,42.5,46.8,6.9,40.8,43.4,33.1,14.4,56.0,165.8,65.1,44.6,95.3,86.1,18.4,21
19.5,37.9,28.4,44.6,85.3,34.0,136.4,88.9,76.5,52.3,17.9,55.0,29.7,37.1,39.1,44.7,6.0,34.4,36.5,32.9,14.0,55.6,158.8,52.8,42.4,74.2,55.2,14.1,21
21.8,40.8,31.6,48.5,92.7,35.4,152.3,94.7,81.9,66.5,20.0,56.0,33.3,40.0,42.0,49.1,6.4,37.7,42.5,35.9,14.5,58.5,175.4,58.2,45.0,83.5,72.3,17.0,26
23.2,42.1,38.2,53.3,103.9,38.9,154.6,110.7,85.8,66.6,22.3,62.2,34.5,40.6,44.5,50.9,6.9,40.7,44.5,36.6,14.8,60.6,178.8,63.8,47.0,97.0,90.7,18.1,22
20.4,42.5,31.9,48.1,93.7,34.4,154.7,93.8,88.0,54.8,20.0,55.3,32.8,42.2,45.1,51.0,8.3,36.0,39.1,36.6,16.0,59.6,180.6,55.9,47.5,78.0,69.0,17.1,19
23.0,42.0,36.6,54.4,114.2,40.3,147.6,112.2,78.1,67.1,22.3,56.0,35.3,46.0,46.4,47.8,7.0,43.3,47.1,35.4,14.0,55.6,169.7,66.8,48.6,108.5,95.9,18.0,30
21.6,44.7,32.1,51.5,90.8,34.8,152.8,95.9,86.8,56.3,20.2,57.0,33.9,38.0,42.5,49.2,6.9,37.7,41.7,35.6,16.9,60.5,177.0,54.9,47.6,77.5,69.0,16.5,24
21.5,42.2,38.0,51.8,100.6,38.4,154.9,105.5,87.1,64.0,21.3,56.6,33.8,46.6,46.6,49.6,6.8,37.5,41.3,36.3,15.7,59.3,179.6,61.9,49.3,87.3,84.0,16.8,30
22.8,42.0,32.2,48.7,97.7,37.8,156.5,101.7,88.4,59.0,20.4,56.7,35.2,39.5,42.6,50.2,8.3,37.1,40.3,38.3,14.4,62.5,181.5,61.6,49.1,85.3,79.2,17.3,18
21.0,40.9,32.3,48.6,94.6,35.2,152.7,94.3,84.5,57.7,21.5,55.6,34.8,41.6,42.7,48.7,7.5,38.8,42.2,36.3,14.7,60.0,175.6,54.8,50.8,84.4,70.6,17.2,35
21.3,43.7,33.5,51.5,102.0,36.7,147.0,103.1,82.4,59.7,22.2,58.0,33.3,46.4,47.6,46.5,6.3,39.8,42.7,36.1,15.5,58.7,170.1,61.5,47.5,89.3,79.1,17.8,25
23.8,44.7,37.4,54.1,100.1,41.2,150.8,112.8,82.2,61.1,22.9,57.3,35.4,48.2,49.0,46.5,6.8,38.7,41.8,34.9,16.5,57.4,175.1,65.6,49.8,90.4,88.7,18.6,20
23.9,43.2,32.8,51.3,101.8,39.1,154.4,103.2,83.3,67.3,22.2,60.0,35.3,45.3,47.0,52.0,7.7,40.6,44.1,36.6,15.7,61.2,180.1,62.4,46.7,88.0,87.1,18.5,27
23.3,40.4,32.5,50.4,107.7,38.4,150.2,102.8,81.6,67.5,20.8,59.3,33.8,41.0,42.9,45.9,6.8,37.7,41.3,34.4,14.3,56.5,173.7,67.2,46.7,90.3,87.4,17.0,19
22.0,42.0,33.3,49.6,103.2,37.5,154.8,104.6,86.2,61.7,21.7,56.8,34.6,43.3,45.6,51.2,7.2,37.3,40.5,36.6,16.0,62.1,178.5,62.5,51.2,90.1,81.2,17.6,26
22.8,42.7,35.3,51.5,101.7,40.0,153.0,104.7,87.7,57.1,20.8,54.4,34.3,47.9,49.0,50.3,7.4,39.3,42.4,34.6,15.5,59.3,177.1,65.0,51.4,98.0,87.5,17.8,33
20.7,41.2,34.7,48.0,100.1,37.5,152.8,96.2,86.9,62.1,20.3,57.3,33.4,38.0,41.2,50.9,7.4,39.0,42.8,35.2,14.1,59.5,177.1,62.6,45.0,84.7,77.2,16.8,31
21.0,39.4,35.9,48.1,93.7,33.8,136.5,94.9,75.8,57.7,19.3,55.5,31.9,42.5,42.7,43.1,6.3,38.0,40.7,31.7,14.4,52.0,158.0,59.1,42.8,81.1,65.4,15.6,26
21.6,41.2,39.0,56.1,106.9,37.2,146.8,111.4,79.0,67.4,20.0,58.0,32.8,46.0,48.2,46.3,6.5,39.4,43.7,33.1,15.3,56.0,168.5,66.4,46.0,100.5,87.2,17.1,27
19.5,39.5,34.5,50.0,91.6,33.9,145.1,97.1,80.2,56.1,18.9,57.2,31.8,43.3,43.8,46.0,7.2,41.2,44.3,34.1,14.1,55.5,167.5,54.8,48.2,87.5,70.0,16.7,29
21.0,38.2,34.0,48.4,96.6,39.7,145.4,103.3,81.9,61.5,21.0,57.2,32.7,44.6,45.6,47.9,7.4,39.2,41.4,36.0,14.3,56.3,167.5,60.8,45.2,94.4,78.5,17.4,37
23.3,42.0,34.6,49.2,101.3,41.5,144.4,111.8,82.0,55.2,21.5,57.4,35.1,47.0,47.5,47.4,6.6,41.5,44.1,36.5,15.0,57.6,169.0,60.4,44.6,98.0,87.0,18.1,43
21.0,39.3,36.8,49.7,92.3,37.5,136.4,102.7,76.2,56.3,18.8,56.4,30.3,42.3,42.8,42.4,7.2,39.0,41.3,33.7,13.8,55.1,159.3,58.2,42.1,83.6,70.0,15.4,34
20.0,41.1,34.2,50.8,100.8,37.8,151.5,106.4,85.7,61.0,20.3,57.8,31.1,42.3,44.5,48.7,7.4,38.8,42.1,36.0,14.5,57.3,173.7,59.8,50.0,96.5,82.4,17.3,47
21.5,41.3,35.3,52.9,100.8,38.5,148.0,107.3,79.8,60.8,20.9,58.5,32.5,43.1,46.0,47.6,6.5,42.2,44.6,34.4,14.2,56.3,169.3,62.3,49.0,94.9,81.3,15.8,42
22.9,41.5,37.6,51.1,99.2,40.8,147.6,108.8,82.0,60.7,20.8,58.7,33.0,42.5,45.0,47.4,6.9,42.8,45.1,36.0,14.6,57.5,170.6,61.5,50.5,96.8,87.3,17.8,47
22.7,44.5,32.3,50.1,96.7,37.8,164.4,96.8,95.2,58.1,21.2,57.2,35.7,41.1,44.9,54.9,7.1,37.1,41.3,39.9,16.6,64.2,188.8,57.4,49.0,83.6,78.7,18.0,20
20.5,40.7,35.3,49.1,99.2,35.2,146.3,102.0,87.5,53.6,19.7,57.3,32.9,41.5,44.2,49.3,7.2,37.5,41.2,35.8,15.0,61.2,170.6,60.4,46.0,81.5,74.8,16.3,25
22.8,43.0,34.9,49.0,96.6,36.8,160.1,98.7,92.2,61.2,21.6,57.7,34.8,45.3,47.3,53.7,7.2,39.7,43.2,38.2,15.3,61.7,184.1,57.1,48.8,81.2,79.3,17.8,23
23.1,44.8,34.4,52.0,105.1,39.4,165.5,106.1,93.1,67.4,22.3,58.3,36.7,47.8,50.5,54.9,7.2,40.8,45.3,39.5,15.5,64.0,190.6,61.3,51.7,103.7,94.2,18.1,40
22.9,42.4,35.2,51.0,101.8,39.0,160.7,99.4,92.7,69.3,22.0,58.3,34.3,40.2,43.0,52.9,7.9,39.0,43.1,38.3,15.8,63.1,186.6,61.2,49.6,92.5,86.7,18.1,30
22.2,43.0,35.7,51.5,100.8,39.7,153.8,112.7,86.3,59.9,21.2,60.7,34.7,42.7,45.6,50.9,7.4,39.8,42.8,37.9,15.7,63.2,178.8,60.2,50.5,100.8,88.9,17.7,40
24.2,44.9,38.6,52.2,109.7,39.8,164.0,106.9,95.2,65.9,23.5,57.0,37.1,45.0,47.5,55.4,9.0,40.4,43.6,40.8,15.7,68.1,188.7,65.5,49.2,93.3,97.0,19.3,27
23.0,40.9,38.5,54.1,111.5,39.2,146.5,110.7,81.1,65.3,22.0,57.6,34.0,48.6,49.0,47.1,7.3,43.8,45.9,35.9,13.5,57.6,168.7,66.8,48.0,107.4,93.8,18.6,43
24.5,42.6,39.9,55.7,111.2,45.2,149.0,124.2,81.0,62.4,23.4,57.5,34.3,50.1,49.3,47.1,6.7,45.9,49.0,35.2,14.0,58.4,172.4,62.8,52.2,113.7,104.6,18.7,55
23.3,41.6,39.2,50.8,97.3,40.2,147.8,98.9,83.4,60.5,22.8,58.3,35.7,40.8,43.2,48.7,7.0,38.3,42.0,37.4,14.8,61.6,171.0,60.2,46.0,83.8,76.8,18.1,24
23.5,42.0,46.2,57.8,113.8,45.7,154.0,121.1,86.4,63.3,22.7,60.1,34.2,50.0,49.6,48.2,7.6,46.6,48.6,35.2,14.3,58.6,176.3,69.6,52.2,112.7,110.4,18.5,50
23.0,40.5,37.2,54.0,113.8,40.3,149.1,113.5,83.4,67.8,21.4,58.5,34.1,46.1,46.6,48.1,6.4,43.9,47.0,34.5,13.2,58.3,172.2,68.8,48.2,108.0,99.1,18.1,57
23.1,39.6,32.4,47.4,101.7,41.5,150.8,101.7,82.3,58.8,21.0,56.4,33.7,40.3,42.0,48.2,6.5,39.7,42.7,36.4,13.3,59.0,172.2,64.4,52.3,101.4,83.7,16.8,48
21.5,42.3,33.4,50.1,94.6,36.7,142.9,100.0,80.1,59.1,21.2,56.5,31.4,40.1,41.9,46.5,6.9,37.0,39.9,35.5,15.9,58.7,165.9,55.1,44.4,81.8,68.7,16.5,23
21.3,43.0,32.7,51.1,105.9,39.0,151.9,109.2,81.1,66.1,20.7,56.6,33.8,42.8,44.0,49.0,7.0,38.8,42.2,38.8,15.7,62.5,174.1,63.2,50.4,100.2,88.5,17.6,51
23.0,40.0,37.1,50.6,104.0,40.6,148.7,111.3,83.8,59.8,20.9,58.5,33.3,44.0,44.2,49.3,7.2,41.3,43.9,35.5,13.5,58.0,171.0,61.3,47.8,100.0,86.9,17.6,50
24.2,40.7,38.2,52.6,110.6,41.5,154.0,112.7,86.4,62.8,21.7,56.2,35.0,47.3,47.7,50.8,7.3,40.6,44.6,38.5,13.8,62.5,177.4,70.5,52.2,110.0,103.4,19.0,28
21.8,39.8,37.1,49.8,99.0,36.3,149.1,101.9,81.1,63.7,20.5,55.4,31.8,41.0,42.1,48.1,6.8,40.2,42.6,33.1,13.1,55.0,173.0,63.6,47.0,90.0,79.2,16.8,25
20.0,42.0,28.8,46.8,91.9,33.0,154.6,93.9,86.4,56.6,20.9,55.4,33.2,40.5,43.5,50.2,6.9,36.0,38.8,37.3,14.5,61.1,179.8,51.8,49.3,81.7,65.1,17.0,41
20.5,41.1,36.3,50.5,99.1,37.2,149.2,104.4,82.7,67.4,21.3,58.1,32.5,43.0,44.2,47.2,6.5,40.0,44.0,36.7,15.4,59.1,173.8,57.7,46.7,97.6,83.1,17.1,55
21.6,43.4,36.5,54.6,108.4,37.3,156.3,112.5,90.4,67.8,22.1,56.6,35.9,42.0,42.8,52.9,7.6,41.1,45.2,40.2,15.2,64.6,178.1,65.1,48.0,109.0,99.9,18.6,49
24.0,41.1,42.0,53.5,110.9,42.6,139.8,121.9,76.3,65.4,21.5,55.1,35.5,48.8,48.0,45.0,7.4,43.3,45.7,32.6,13.5,53.6,162.3,69.4,49.7,107.1,96.8,18.8,35
22.8,40.2,34.0,51.3,100.2,38.8,149.8,104.3,78.8,66.2,20.7,57.2,33.8,47.5,48.2,48.2,7.4,43.1,45.7,34.4,13.8,55.5,172.5,64.3,48.3,91.6,84.7,17.8,35
22.1,42.6,32.0,49.3,94.5,36.5,152.2,100.9,84.8,60.8,21.0,55.7,35.8,40.8,43.3,50.9,7.2,37.4,40.4,36.6,15.5,60.7,175.6,55.6,48.7,92.2,73.7,18.3,44
23.8,43.5,36.1,53.1,104.4,38.0,155.4,109.7,87.3,60.4,22.0,56.7,35.2,40.5,42.5,51.1,7.4,37.0,40.2,37.1,16.0,60.0,180.0,63.6,49.0,91.7,84.9,17.4,26
23.0,42.2,39.0,52.2,108.4,44.1,157.0,107.9,89.2,62.1,23.1,57.5,36.6,41.7,45.0,51.9,9.0,40.2,44.9,38.4,15.2,62.6,177.8,67.4,50.2,101.1,98.5,18.3,51
21.6,41.0,35.1,49.8,101.6,38.3,145.4,102.5,81.8,57.3,20.2,55.6,32.3,43.5,44.9,49.5,7.4,39.6,42.4,34.2,15.2,57.5,167.4,64.3,46.3,86.7,77.4,16.7,29
22.4,41.6,37.4,49.7,106.8,39.0,152.8,99.7,90.3,66.3,20.8,58.0,35.7,41.1,43.6,50.3,7.5,39.3,41.8,36.8,14.2,60.5,177.4,65.5,45.5,87.2,85.5,17.3,22
22.5,44.3,40.6,57.3,123.2,42.8,148.2,125.0,81.8,69.4,20.5,57.4,33.5,47.0,47.6,47.0,7.5,42.7,46.9,34.0,15.1,56.1,170.5,71.8,49.0,121.4,111.1,17.2,34
22.2,42.5,33.1,50.0,99.4,37.2,151.7,107.5,86.0,59.5,19.6,58.3,34.4,45.0,46.5,48.9,7.1,41.0,42.8,36.8,15.1,61.0,174.9,59.5,49.1,96.8,82.9,17.8,36
23.0,42.0,37.0,53.5,102.4,40.7,159.8,116.1,90.3,62.7,21.5,56.2,34.6,40.5,42.2,53.7,7.4,42.8,45.3,38.0,13.2,63.2,182.1,63.1,52.4,105.1,96.6,18.4,23
21.3,40.8,35.0,46.1,87.5,37.6,144.8,101.4,80.0,57.0,20.2,56.1,32.0,45.0,46.0,47.6,6.3,36.4,40.6,33.4,15.3,54.0,169.1,54.4,46.0,79.8,66.5,16.6,33
23.0,40.7,39.0,51.7,106.2,39.3,144.3,108.7,78.3,63.8,21.0,56.9,31.5,41.0,42.5,46.5,7.0,41.5,45.0,35.1,13.0,56.3,168.6,65.9,47.0,98.0,86.8,18.1,46
25.4,44.0,36.8,52.0,105.2,40.1,156.3,110.0,88.1,61.0,21.1,57.8,36.5,47.5,47.8,52.4,7.5,40.5,43.8,38.2,16.3,62.3,182.3,63.6,49.0,97.1,93.4,17.6,19
24.8,44.7,40.9,57.5,112.2,42.0,154.6,129.7,86.2,74.3,22.1,56.6,35.7,50.5,50.5,49.0,7.2,43.5,47.4,37.1,16.4,59.1,177.1,67.5,48.2,110.3,112.3,18.7,41
24.1,40.8,41.1,52.7,107.7,42.2,151.8,111.7,82.3,66.1,21.5,59.8,34.6,43.5,44.0,49.0,8.2,40.7,45.0,35.5,13.2,56.6,175.0,68.1,50.1,99.8,95.4,18.3,33
22.6,40.7,33.1,49.2,100.3,39.0,145.0,101.7,79.3,57.3,20.3,56.8,32.9,42.8,44.0,47.4,6.6,37.8,40.3,34.4,15.5,56.1,168.7,62.5,47.5,88.3,77.6,15.8,26
19.6,41.0,36.4,50.6,93.2,36.7,141.2,101.4,78.9,58.6,19.9,56.0,32.0,40.0,42.8,45.4,6.3,38.9,41.8,33.5,14.2,55.2,164.2,61.7,44.8,87.0,72.7,16.2,38
21.8,40.5,35.7,50.8,105.8,42.7,150.2,113.2,81.1,60.2,20.0,58.6,33.8,41.1,43.5,48.0,7.8,40.4,42.6,34.7,13.0,57.1,173.4,67.1,51.0,104.3,91.5,16.7,37
23.0,42.9,41.1,55.7,110.7,42.7,153.6,117.3,84.4,67.6,22.8,59.5,36.5,46.7,48.3,49.9,6.8,43.5,47.5,36.8,15.5,60.7,175.7,69.2,49.5,111.3,107.6,19.2,42
23.0,42.2,41.7,53.5,109.4,40.2,156.3,114.4,90.9,64.5,23.4,58.0,38.4,49.6,49.7,51.9,8.2,42.8,45.8,37.1,14.2,61.5,178.4,71.6,51.5,105.0,102.7,18.4,42
21.5,42.2,35.2,51.9,99.4,38.0,145.8,107.2,80.4,60.8,20.5,55.1,32.0,46.3,47.2,46.5,6.9,39.3,42.0,35.2,15.4,58.6,168.5,59.6,48.2,96.5,79.8,17.1,43
21.3,41.0,35.0,51.2,103.2,38.0,149.9,101.7,79.4,63.5,21.3,56.3,33.7,44.5,46.8,45.9,6.7,42.3,45.3,36.3,13.5,58.0,174.2,60.6,49.8,93.5,83.9,17.9,38
21.0,43.9,34.8,52.7,105.7,38.4,155.9,106.6,85.8,67.2,21.0,56.5,33.2,45.3,47.5,48.7,7.6,39.7,45.0,37.4,15.5,60.0,178.8,63.5,49.4,96.6,88.8,16.7,29
22.0,40.2,36.9,51.8,103.8,36.9,147.4,112.7,81.9,55.8,21.3,57.0,33.7,43.1,44.0,48.4,6.7,40.4,42.9,35.1,12.7,57.5,169.4,62.1,51.3,110.3,89.1,17.8,47
24.0,43.5,36.8,51.9,105.2,41.7,163.5,110.1,90.2,68.2,23.8,60.5,36.3,50.9,52.0,51.5,7.4,42.4,47.0,38.4,14.8,62.6,187.3,64.3,54.3,100.7,99.8,19.3,41
24.3,46.6,39.0,57.9,113.0,41.6,160.9,121.5,87.8,72.9,22.1,61.5,36.5,51.8,52.6,52.0,7.5,46.2,49.0,39.3,16.0,64.5,184.3,69.1,52.0,112.2,116.1,18.7,50
20.5,39.1,33.2,47.9,98.3,36.7,141.9,105.7,79.0,58.1,20.2,57.0,31.4,42.2,43.0,45.2,7.4,40.3,43.6,34.2,13.0,55.0,163.5,61.5,46.5,95.5,76.7,16.2,31
24.4,45.0,45.2,58.6,117.0,45.1,159.4,119.4,89.3,64.5,23.1,58.2,38.0,45.3,47.5,53.3,7.8,43.8,48.2,37.9,16.0,63.5,183.3,75.4,52.5,112.3,117.9,19.3,42
22.0,43.5,42.8,54.7,114.1,39.3,167.3,112.7,97.0,64.8,21.9,57.2,35.9,42.7,44.1,56.6,7.0,40.7,45.2,38.8,14.8,66.5,191.9,72.6,51.9,99.5,108.6,18.5,33
28.8,44.2,46.8,60.0,123.2,52.3,156.1,127.7,87.0,60.9,24.3,56.9,37.5,46.1,48.7,50.4,8.4,43.0,44.8,39.4,15.5,65.4,177.9,75.3,58.4,128.7,132.9,21.2,49
24.0,39.3,40.3,50.1,101.9,41.4,159.2,107.2,94.2,60.2,23.0,59.5,37.8,39.0,40.5,54.1,8.0,43.5,45.7,39.4,13.0,65.0,182.5,64.1,46.5,98.3,95.2,19.8,52
24.0,42.1,36.1,51.3,101.7,39.7,149.7,104.1,85.8,65.4,20.3,57.0,34.2,41.6,44.3,49.3,7.2,41.1,45.0,35.9,14.7,61.3,173.4,64.8,44.8,97.3,87.8,17.1,29
23.2,40.0,32.4,51.5,103.4,41.9,142.4,105.3,77.1,64.5,20.6,56.9,33.9,43.5,45.0,43.9,6.3,38.3,42.3,33.6,14.5,54.5,166.3,63.1,43.7,93.9,82.2,17.1,46
23.2,40.0,36.1,52.1,107.6,40.2,149.2,108.8,83.2,62.2,20.8,57.0,33.2,45.0,45.4,48.4,7.7,39.6,42.8,33.8,13.5,57.4,171.8,65.6,48.2,100.0,87.0,17.3,33
23.0,42.3,39.5,52.0,105.7,39.4,156.8,108.0,87.3,64.2,22.5,59.0,36.5,40.0,42.1,49.0,7.3,41.2,44.7,38.0,14.0,61.0,181.4,69.0,49.4,89.3,95.4,18.0,28
21.2,40.2,34.4,48.7,100.8,36.5,152.8,106.6,87.6,62.0,21.8,56.7,33.3,42.1,45.1,51.6,7.9,40.3,43.1,38.6,13.5,62.4,176.0,62.3,46.9,99.6,83.5,18.0,48
21.5,38.4,32.2,46.2,91.2,35.6,141.1,97.7,78.2,55.6,19.5,55.7,32.5,40.2,41.1,46.5,6.9,37.0,40.5,34.8,13.6,57.0,163.1,55.3,46.5,84.7,67.2,16.3,36
22.5,42.3,36.6,53.8,101.6,39.7,152.9,114.9,83.4,64.4,22.5,55.7,33.9,45.2,46.3,49.1,7.5,43.8,45.4,37.5,15.0,61.5,174.0,60.7,52.3,105.8,93.8,18.8,53
22.5,43.8,39.3,55.0,103.7,39.8,151.7,110.6,87.0,64.1,20.7,57.5,34.0,50.0,51.0,51.2,7.8,40.2,44.4,36.8,15.8,61.6,174.9,63.5,46.8,98.8,91.3,17.3,36
22.7,43.4,38.6,54.5,106.9,39.8,153.7,114.4,85.8,68.8,22.7,58.0,35.2,43.7,45.0,50.6,7.5,43.6,47.3,37.3,15.0,59.4,175.7,63.5,49.6,102.9,94.7,17.6,39
22.5,42.3,36.6,51.2,103.7,39.6,161.3,112.4,90.6,66.4,21.7,58.5,34.5,48.1,48.7,51.9,7.3,41.8,45.2,38.7,14.1,63.0,187.0,63.4,52.0,106.2,96.4,18.4,47
21.2,39.5,32.8,46.1,94.1,36.6,151.2,97.1,84.4,61.7,21.2,56.7,34.0,42.1,44.0,49.6,7.5,37.5,40.5,37.2,13.2,59.3,175.4,53.5,47.0,79.3,72.0,18.3,21
21.5,37.6,30.4,46.2,94.3,35.0,146.8,94.8,82.1,58.3,19.9,57.0,32.5,36.0,37.8,48.4,7.4,36.6,39.4,34.9,13.1,57.6,170.0,57.7,43.8,80.5,66.6,16.8,20
20.3,40.4,34.8,49.8,91.8,33.4,144.9,103.4,80.6,58.6,19.7,54.7,30.5,39.5,42.0,45.5,7.1,38.4,41.3,34.4,14.1,56.8,168.3,55.3,46.7,87.3,70.0,16.0,29
20.0,39.7,32.3,49.3,94.3,38.5,147.3,105.6,81.9,56.8,21.0,54.3,32.2,39.3,40.7,49.1,7.5,39.7,42.4,36.3,13.8,59.0,171.7,59.6,45.7,93.1,76.7,17.2,43
22.7,42.3,34.5,49.2,94.7,38.5,156.9,96.9,87.1,58.9,23.0,56.5,34.8,38.4,41.6,49.9,7.8,40.0,44.5,38.2,15.1,62.6,182.0,57.0,51.0,83.5,78.5,18.4,29
24.6,44.8,43.6,58.4,120.7,44.2,148.0,133.6,79.4,64.0,22.4,58.5,35.3,55.3,54.0,49.2,8.6,51.4,54.5,34.3,15.5,56.2,170.5,75.3,53.0,122.3,120.9,20.4,44
22.9,42.3,33.1,53.6,113.4,41.5,161.5,123.3,88.2,66.7,21.9,59.2,36.2,45.8,47.5,52.3,7.4,42.1,44.0,38.3,15.2,63.6,184.4,67.7,54.7,111.8,110.0,18.0,55
22.1,41.5,35.0,50.6,96.8,38.4,149.3,106.2,83.2,53.9,20.3,55.6,32.7,42.1,44.1,47.8,7.0,39.5,43.3,35.4,15.0,57.5,172.7,57.9,49.2,91.2,78.1,16.8,40
23.1,38.7,34.7,50.0,97.1,38.6,145.5,101.5,82.1,60.1,21.3,56.8,33.6,41.8,43.0,46.6,7.9,37.3,41.0,35.1,13.8,58.7,169.7,57.8,46.8,86.6,76.1,17.6,30
21.9,39.7,34.9,49.1,97.7,37.3,143.6,98.6,78.2,57.8,20.4,55.2,33.2,42.0,44.5,45.6,7.5,38.0,41.5,33.8,14.8,56.4,169.5,60.3,46.7,84.4,72.3,17.6,31
22.1,41.1,38.2,49.7,98.4,40.2,152.3,98.7,84.9,62.6,23.3,58.1,34.5,40.2,42.7,49.5,7.3,40.7,43.0,37.0,14.2,60.5,178.1,58.3,49.0,86.0,82.0,18.4,27
22.3,42.4,33.2,51.7,101.1,37.5,154.1,107.2,84.5,57.6,21.6,55.2,33.3,39.1,42.1,50.6,7.8,39.0,41.8,37.6,15.0,61.8,178.4,58.2,49.0,93.0,79.8,17.9,40
20.0,39.2,34.0,48.1,97.2,36.8,150.4,102.4,87.1,57.6,20.6,56.7,34.1,39.2,41.5,51.6,7.4,39.0,42.3,37.0,13.1,61.1,171.9,62.2,46.6,89.8,77.9,16.7,29
22.0,43.7,33.1,51.6,103.7,40.7,152.6,103.7,83.2,61.8,20.1,56.1,33.3,39.7,43.5,49.6,7.2,38.1,42.2,36.7,15.5,59.0,175.7,62.1,47.5,88.0,79.8,16.4,25
20.8,41.2,32.0,47.9,92.3,34.9,149.7,94.9,85.3,52.2,22.0,54.2,34.0,39.6,42.0,48.2,7.1,36.2,41.1,37.8,14.1,61.1,174.4,54.6,47.5,82.6,68.0,18.5,32
24.9,42.9,41.3,57.0,110.3,44.7,155.8,125.4,85.8,70.8,21.8,60.0,36.0,50.0,49.0,48.0,8.3,43.7,45.7,35.5,14.8,60.5,178.7,71.0,49.4,105.2,109.6,19.0,24
23.0,42.2,35.5,51.6,99.7,39.2,149.5,113.0,81.2,56.2,21.4,57.5,35.5,42.2,44.7,46.9,7.5,40.5,43.5,34.6,16.0,58.0,173.3,59.3,51.6,98.2,85.8,18.4,42
23.5,40.4,31.7,49.8,103.7,39.5,148.2,107.7,80.2,60.5,20.7,53.4,33.7,41.0,42.5,48.2,7.2,37.8,40.5,34.2,14.2,56.6,169.8,58.3,52.5,101.0,82.9,16.9,44
26.8,47.1,39.2,56.6,115.9,48.8,161.9,117.4,87.6,71.7,22.4,60.0,37.0,43.8,47.0,51.2,7.9,42.5,45.1,37.8,18.1,60.5,187.4,69.7,54.5,107.3,116.2,19.7,30
21.5,42.4,32.0,49.0,100.2,35.2,155.6,99.9,86.7,67.1,20.9,55.3,34.0,41.8,44.0,50.6,7.7,39.0,42.7,37.8,14.7,61.6,177.4,58.8,47.8,88.7,77.4,17.3,31
23.9,42.2,38.1,52.4,110.6,39.4,158.2,109.3,87.8,67.7,23.2,58.0,37.0,47.0,48.0,51.5,7.8,41.7,43.8,38.0,15.6,61.0,182.3,66.9,50.7,102.4,98.9,18.8,19
22.7,43.7,40.1,52.8,99.4,40.7,152.1,107.1,86.1,58.3,20.8,57.4,34.0,42.2,44.5,49.8,7.1,38.6,43.3,37.0,16.4,61.5,175.3,60.8,48.4,85.0,84.4,17.3,32
24.5,43.6,36.6,51.5,100.3,41.0,153.2,110.6,83.3,65.4,20.9,61.5,34.7,45.7,47.2,50.9,7.8,40.4,45.1,37.0,15.0,59.8,179.3,60.7,47.0,87.0,85.1,17.7,24
20.5,40.3,35.9,48.6,94.7,36.5,147.3,102.4,83.9,56.6,19.9,53.8,32.0,45.8,46.0,48.1,7.2,37.5,40.5,34.5,14.5,57.4,167.9,56.3,48.3,89.7,73.1,15.9,32
21.5,39.5,36.4,49.4,99.0,36.0,146.1,103.8,81.7,57.4,21.0,54.0,33.9,42.0,43.0,49.7,7.1,38.5,42.5,34.5,14.0,57.7,168.2,62.3,46.7,94.8,77.6,17.6,26
22.5,41.0,34.8,48.0,97.7,38.3,150.3,99.4,84.3,66.3,20.8,58.0,33.4,43.0,44.5,49.0,7.1,37.9,42.0,36.7,14.7,59.6,176.1,58.7,44.3,78.9,75.4,17.3,19
23.5,41.7,42.0,54.4,106.7,43.0,147.3,114.9,82.3,60.1,22.7,58.4,36.3,45.0,46.8,48.5,6.7,44.2,47.7,34.4,14.0,57.1,171.7,67.8,48.2,101.0,96.3,18.1,32
23.8,41.5,35.7,51.4,104.3,41.0,152.7,104.4,82.7,65.5,21.7,56.2,34.3,44.0,45.5,48.4,7.3,40.1,42.9,36.1,14.2,59.0,175.5,63.4,48.2,95.5,86.3,17.6,27
23.3,43.5,40.8,54.2,105.4,42.7,145.3,118.0,80.5,61.8,22.7,56.7,33.5,45.7,47.0,44.8,7.4,43.0,45.8,34.4,14.3,58.0,168.1,62.6,48.5,98.5,92.8,17.6,34
22.7,42.6,32.0,49.5,98.5,38.6,156.6,104.3,85.0,60.5,22.5,57.5,34.5,42.0,44.7,50.2,7.4,39.9,42.2,37.4,15.0,60.5,180.0,57.2,55.0,97.5,83.6,18.1,53
26.7,45.0,44.0,61.0,128.1,48.4,161.3,126.5,88.2,68.1,22.3,58.2,37.3,49.2,50.3,50.9,9.0,44.2,45.8,39.3,16.3,62.5,186.2,82.3,57.2,132.5,136.9,19.4,30
22.5,38.9,35.5,50.3,101.1,39.5,147.5,105.8,82.2,59.8,20.0,57.2,33.7,43.0,43.0,47.0,7.4,40.4,43.1,35.6,12.8,58.4,170.6,63.8,49.1,102.6,86.1,17.0,28
21.0,41.7,33.7,49.3,98.2,36.5,154.4,100.7,86.3,61.4,20.8,55.5,34.3,37.5,41.2,49.1,7.7,38.4,41.8,34.7,15.3,57.8,178.8,58.2,51.1,92.6,78.6,17.6,26
24.0,46.2,39.8,55.5,112.4,44.2,148.6,117.7,81.9,65.4,20.4,56.8,34.3,51.0,51.1,47.3,7.3,42.0,45.2,35.3,17.5,57.7,171.2,71.2,47.6,110.0,105.5,18.2,35
21.9,40.0,33.8,46.8,96.7,36.5,143.3,95.0,79.8,57.7,20.1,56.8,34.6,34.9,35.0,45.1,6.5,36.3,38.6,34.5,14.1,58.5,166.3,58.9,45.7,82.5,69.3,16.5,20
20.8,39.8,34.4,46.8,93.2,35.5,142.6,95.3,82.2,56.0,21.0,57.3,33.2,38.8,41.2,47.8,7.4,37.6,41.0,34.4,14.7,54.9,167.5,58.1,43.1,80.0,68.3,16.4,21
19.7,41.2,29.1,45.6,86.2,32.1,146.1,88.8,78.6,59.9,20.2,56.7,32.2,39.8,42.3,46.6,6.8,35.3,38.3,33.7,15.4,55.8,170.7,51.5,44.5,72.9,58.7,16.5,19
21.6,39.1,32.7,47.7,101.1,37.3,141.9,99.9,80.1,62.2,18.7,53.0,32.8,34.8,38.2,45.4,7.1,39.0,40.9,35.5,12.8,57.5,163.5,61.2,42.5,85.0,71.2,16.2,22
22.4,42.4,31.2,50.0,96.4,37.0,146.1,102.9,82.5,56.3,19.7,56.7,33.0,44.8,47.3,46.4,7.3,38.0,42.4,35.1,16.3,57.0,169.4,59.0,49.5,89.1,74.6,16.7,21
22.3,44.7,39.5,57.2,107.4,39.5,149.6,122.3,81.7,64.8,21.7,57.6,35.4,50.7,51.0,49.4,7.2,43.6,45.4,36.5,15.0,62.0,174.0,66.1,48.5,109.7,99.5,18.3,49
23.0,42.5,35.5,51.0,104.4,42.5,143.6,106.8,80.7,59.3,21.5,56.0,33.8,43.3,45.9,45.7,6.3,39.8,42.2,35.6,16.8,58.1,168.0,67.7,48.8,93.8,84.7,17.8,25
27.2,46.0,46.4,59.1,117.7,46.0,164.5,124.6,96.1,64.8,24.7,60.8,39.7,48.4,50.4,56.0,7.7,46.8,48.6,39.8,16.5,66.5,188.5,72.9,50.4,111.0,128.5,21.2,50
20.5,41.8,35.0,51.9,101.6,38.6,145.8,107.4,81.2,59.8,20.7,58.7,33.5,43.0,44.7,45.9,7.0,41.4,43.8,36.1,14.8,60.5,169.8,62.5,50.7,95.3,83.0,17.2,31
23.2,42.4,36.6,51.7,104.2,39.3,161.2,99.4,91.4,62.9,21.5,57.2,35.5,38.0,41.4,52.8,7.5,40.0,43.3,38.6,15.8,62.6,184.8,63.9,48.6,89.3,88.1,17.6,20
23.3,43.0,35.4,53.0,106.9,40.0,146.0,110.5,78.1,61.8,21.2,56.7,34.3,45.5,47.2,46.0,7.4,41.5,45.4,34.7,14.0,58.5,169.7,66.7,49.3,99.1,89.7,17.5,23
24.0,41.5,38.5,50.2,103.2,40.2,156.3,108.2,91.3,61.5,22.2,55.5,37.9,40.0,41.8,53.2,7.7,35.8,40.7,38.9,14.8,64.6,181.4,62.5,46.0,89.7,86.2,18.5,28
24.5,43.3,35.9,51.6,110.6,41.3,158.3,105.2,92.2,64.5,21.7,60.3,37.3,44.2,46.5,51.6,6.2,40.3,42.5,37.0,16.5,62.2,181.9,69.2,47.0,98.6,97.9,18.4,28
24.2,42.0,35.9,49.7,102.3,40.9,150.2,102.2,88.7,62.4,22.0,58.8,36.9,38.3,41.1,51.8,7.7,37.1,39.1,37.3,15.7,60.6,172.8,67.6,42.8,91.7,86.8,18.4,29
21.2,43.0,33.4,50.3,90.3,34.7,148.3,98.6,85.1,60.3,19.1,58.8,32.7,40.8,44.0,49.0,6.3,38.5,40.9,36.5,16.3,59.5,172.3,54.3,43.6,73.1,69.3,16.2,27
22.8,43.0,35.2,51.2,100.2,36.3,156.6,111.1,84.4,64.2,21.7,60.0,33.7,46.8,47.7,49.2,7.6,41.9,44.3,38.4,14.8,61.5,180.8,62.7,51.5,97.8,88.8,18.2,46
22.3,40.7,32.5,48.8,96.8,35.9,154.7,98.6,89.7,62.8,20.8,56.3,35.9,44.0,44.5,51.6,7.6,40.0,41.7,34.4,14.0,57.0,178.6,58.1,48.2,88.4,75.8,16.8,46
20.6,40.8,34.3,48.9,90.5,34.7,146.8,95.0,87.1,51.1,21.0,58.1,33.1,41.0,43.0,50.1,6.8,38.5,41.5,34.8,15.3,58.5,169.6,56.8,45.4,78.0,70.3,16.8,21
23.2,42.0,32.8,49.0,96.4,37.7,150.2,100.5,81.5,59.8,19.3,56.6,34.0,41.3,42.4,48.2,7.3,38.5,42.7,35.9,13.7,57.8,174.7,59.2,48.7,84.5,74.3,16.6,21
22.5,42.6,41.2,51.2,107.7,38.7,155.2,102.5,89.8,67.8,22.2,57.7,35.2,42.5,45.4,49.3,7.8,39.9,42.8,38.4,15.6,65.0,177.5,68.2,47.4,89.6,92.6,17.5,25
24.0,39.8,33.3,49.2,104.6,39.9,156.4,105.3,86.5,66.1,21.8,57.8,34.2,42.4,42.7,50.0,7.5,39.6,44.2,37.8,14.2,62.5,180.2,63.8,49.4,99.1,90.3,17.6,29
22.7,46.0,37.3,52.6,101.8,39.3,164.6,109.2,94.1,69.7,21.4,57.5,34.8,44.6,47.3,52.7,7.9,41.3,44.3,39.1,18.1,63.0,189.1,60.2,50.3,87.7,90.8,18.0,47
20.2,40.5,31.1,45.6,86.5,33.9,141.6,87.9,77.1,56.0,19.5,54.8,30.5,41.2,42.3,43.2,6.4,34.8,39.3,34.1,15.5,54.6,166.5,48.4,45.0,72.1,56.3,16.4,25
26.8,43.2,46.1,59.6,128.1,46.0,156.2,128.2,86.4,68.6,21.5,55.9,35.1,44.1,44.5,50.6,8.0,41.0,44.0,36.3,15.0,62.0,180.0,80.3,53.8,133.4,133.6,19.3,23
21.7,40.7,39.4,50.3,103.5,37.8,156.1,100.9,89.7,57.4,22.0,57.6,34.8,43.0,44.2,51.7,7.4,40.5,44.9,34.4,14.8,59.5,179.3,67.5,50.4,89.2,87.9,17.0,24
21.4,40.8,37.7,52.4,100.8,36.2,147.7,106.4,79.7,63.5,20.8,57.4,33.1,43.3,44.0,47.8,7.3,37.5,40.5,35.6,14.0,60.5,170.1,62.9,46.1,95.3,83.9,16.5,31
21.8,44.3,35.2,51.4,95.5,36.5,155.1,98.5,92.6,60.6,22.3,55.0,35.5,44.0,47.5,54.5,7.8,39.1,42.4,37.9,16.8,63.3,180.8,57.7,42.3,80.0,76.9,17.7,23
21.9,40.7,35.7,49.3,99.6,37.0,151.2,104.4,83.2,61.5,21.0,57.9,33.8,34.4,40.2,48.8,7.3,37.6,40.4,36.3,15.0,58.6,176.5,59.8,47.6,92.8,80.7,17.5,36
24.3,44.0,38.4,54.5,110.2,41.9,163.1,127.2,91.5,65.8,23.3,58.5,36.3,45.5,46.6,52.7,8.7,45.3,49.1,40.2,14.5,66.4,187.4,67.3,53.1,104.2,112.1,19.0,38
22.5,40.0,33.4,47.0,94.2,36.0,144.2,97.0,76.5,62.4,19.7,55.8,31.4,38.0,40.6,45.2,6.7,37.4,39.5,33.6,15.6,56.9,168.6,58.1,47.4,79.4,67.6,17.0,22
22.5,41.7,41.1,54.3,114.3,41.3,145.0,118.5,79.5,66.3,20.7,58.6,34.4,42.0,44.1,46.6,7.1,42.1,44.1,33.6,14.5,54.1,167.6,71.8,45.7,111.7,100.4,17.7,31
21.5,41.2,34.5,51.0,101.0,35.9,147.3,107.2,82.5,66.1,20.0,58.1,31.8,44.0,46.0,48.2,7.7,41.1,43.7,36.3,14.1,58.2,168.9,60.8,42.0,90.8,78.1,17.2,28
22.8,40.6,34.5,48.5,92.5,37.0,146.5,97.9,87.0,56.3,20.8,57.7,34.6,41.5,42.0,49.4,6.4,37.6,40.1,36.4,14.3,60.3,171.1,54.4,41.8,80.0,70.9,18.1,20
23.3,43.1,31.9,49.6,99.8,36.5,164.2,93.2,95.1,66.2,20.4,58.1,35.7,39.5,42.2,53.6,7.9,39.2,43.7,38.7,17.6,63.8,188.7,62.3,46.0,78.3,79.0,16.7,21
22.3,40.6,33.0,47.6,92.7,34.2,148.4,93.2,84.7,56.5,21.4,59.1,34.0,36.7,39.4,51.4,6.6,38.4,41.5,36.1,14.2,60.2,172.5,56.3,44.7,78.5,68.8,17.3,23
22.5,40.0,36.1,49.1,91.8,37.5,152.5,98.9,89.0,55.9,21.8,56.7,35.0,35.0,37.5,51.4,7.5,38.6,41.4,34.7,14.0,59.1,176.2,59.2,44.2,79.9,74.8,17.5,20
23.3,39.6,33.6,47.8,98.6,36.4,146.4,99.2,79.4,60.8,21.1,57.2,33.7,39.6,41.1,45.4,6.7,40.3,43.3,34.6,13.5,55.1,168.9,59.7,47.0,86.5,74.6,18.0,21
22.2,44.4,35.8,54.4,109.4,41.2,152.7,115.5,83.0,65.9,21.3,55.5,34.3,48.0,49.0,48.7,7.7,42.2,44.3,37.1,16.4,57.3,173.5,66.2,50.2,106.2,94.5,18.6,52
23.2,40.3,33.7,49.0,101.1,38.5,147.4,102.4,82.2,65.7,19.8,55.0,34.0,42.8,44.5,47.5,7.7,39.5,43.8,35.1,13.8,57.5,170.8,60.1,47.8,93.6,79.7,16.8,25
23.8,43.4,34.7,52.1,104.4,41.0,154.1,107.6,84.0,65.1,20.1,58.2,34.5,46.0,46.5,48.5,8.4,39.0,42.8,35.9,15.7,59.0,178.0,63.4,50.4,94.3,87.7,17.3,31
21.0,40.8,33.1,49.7,99.2,35.5,155.3,100.4,87.0,67.0,20.7,53.4,32.5,40.5,43.3,50.2,7.0,38.0,41.8,36.1,15.0,60.5,178.3,58.8,50.9,97.3,79.9,17.4,48
20.8,42.2,37.0,51.9,108.6,35.7,155.5,110.5,88.4,65.6,21.8,57.4,35.0,43.7,45.3,52.6,7.1,37.9,41.5,37.4,15.3,61.0,177.8,67.2,48.5,96.5,90.0,17.3,47
21.5,42.4,37.3,51.3,98.7,37.9,159.3,110.2,95.9,62.7,23.5,57.5,34.7,39.8,42.0,55.5,6.8,38.7,43.3,41.0,15.5,67.1,181.4,62.4,48.0,101.5,94.3,18.7,45
22.5,39.4,37.4,51.6,102.4,39.6,144.9,118.2,79.5,60.8,21.7,57.4,33.8,47.0,47.3,48.3,6.8,42.7,45.9,35.4,14.5,57.0,167.5,61.9,49.2,106.3,93.3,17.5,47
20.7,42.0,35.6,51.1,101.8,36.2,150.4,108.8,87.0,60.3,20.5,57.0,34.1,45.9,47.3,49.6,7.0,42.4,46.3,36.7,14.8,59.4,173.3,63.3,48.3,96.5,87.8,17.8,42
19.1,37.6,34.2,45.9,87.7,32.0,137.8,93.7,73.3,57.8,18.9,54.8,29.3,40.2,40.6,41.3,5.9,36.5,39.4,31.8,14.1,50.8,160.5,52.5,44.3,78.7,57.2,15.3,38
25.3,40.5,40.1,55.0,109.4,45.5,150.3,120.2,84.7,68.0,20.8,58.2,36.4,51.2,49.5,48.8,8.1,43.3,46.0,36.3,13.8,58.0,173.8,65.3,51.2,109.6,107.9,18.4,39
21.9,39.3,34.9,49.9,101.1,36.9,148.8,105.4,86.1,59.9,21.5,56.0,33.3,43.5,44.5,49.6,7.4,38.5,42.0,36.7,12.6,60.4,171.1,58.1,45.6,94.3,79.1,17.5,41
21.0,41.3,35.3,52.3,99.7,36.0,143.9,109.7,81.2,61.2,21.2,56.0,32.0,44.8,45.0,47.6,6.9,39.6,43.0,35.3,14.3,59.0,166.5,61.0,44.3,93.0,78.0,17.1,45
23.5,44.0,36.8,52.5,98.3,40.2,156.1,113.2,84.8,65.6,21.8,57.0,34.0,45.0,46.5,48.3,7.3,42.9,47.5,36.6,15.5,60.0,181.2,58.6,51.5,95.5,91.2,17.8,49
23.8,46.8,42.1,58.0,115.4,41.6,158.4,122.4,87.3,71.8,22.5,62.5,37.7,50.1,52.4,51.7,8.3,47.7,50.3,36.4,16.8,59.6,182.3,70.9,49.0,112.7,116.6,19.4,51
24.0,43.5,39.3,53.8,117.2,44.3,157.7,117.4,92.4,60.8,23.8,58.0,37.0,46.0,48.0,53.5,7.5,42.8,45.4,37.6,16.3,63.5,180.1,73.8,52.3,114.0,110.7,19.8,50
22.6,42.1,37.1,54.3,111.4,40.3,151.6,114.3,84.2,69.4,20.0,56.9,33.1,45.5,47.8,49.6,7.5,39.4,42.0,38.0,15.3,61.7,175.0,66.8,48.0,104.1,96.3,17.5,32
23.3,39.4,38.1,53.8,111.7,43.6,146.3,115.8,85.5,62.8,22.2,54.3,34.8,44.0,45.5,49.5,6.7,40.3,41.9,33.4,14.2,57.4,168.6,68.8,46.6,108.1,95.2,17.9,55
23.2,42.9,40.3,56.5,112.7,40.4,158.3,117.6,86.6,70.9,22.9,58.5,36.7,45.0,47.5,52.5,8.7,44.2,46.9,36.5,14.4,61.3,180.2,69.0,49.8,106.0,105.5,18.2,56
23.2,42.3,37.5,53.9,105.4,39.2,159.1,110.3,90.3,61.8,24.0,56.5,37.7,47.5,49.0,52.0,7.3,43.1,45.4,38.7,15.0,65.4,182.0,65.7,52.0,98.3,98.2,19.2,55
22.9,40.5,37.3,50.6,105.3,41.2,153.3,113.7,83.5,61.1,22.3,55.3,34.7,48.1,47.8,48.6,7.8,42.4,46.4,35.9,13.8,57.5,175.7,63.8,52.2,104.6,96.5,18.1,45
22.7,43.3,34.4,50.7,107.6,39.6,155.6,110.8,84.1,63.6,21.8,56.0,33.7,46.4,47.7,50.7,6.7,40.0,42.5,38.0,16.3,63.0,178.0,65.0,52.8,112.9,95.9,18.0,58
22.2,39.7,33.0,48.7,95.6,39.5,154.6,103.2,91.6,53.7,20.5,55.6,35.5,40.2,41.1,53.9,7.3,39.1,42.3,38.5,13.2,64.0,178.0,57.8,45.3,88.2,76.7,17.5,37
23.2,41.5,34.4,51.0,102.0,40.7,145.7,107.7,81.3,58.9,20.2,58.1,33.9,43.3,45.0,47.3,6.5,40.6,42.9,35.6,14.6,56.5,168.2,63.7,46.3,95.7,84.5,17.3,41
22.3,43.7,37.8,55.6,110.6,40.6,146.9,117.3,78.9,66.2,21.1,56.9,34.0,47.0,48.0,47.1,7.0,42.8,45.9,34.7,15.3,57.5,171.1,65.6,48.9,106.7,95.7,17.9,47
22.0,39.3,36.3,50.2,99.9,37.3,145.6,110.4,85.5,55.2,22.2,59.1,34.8,42.0,42.0,50.8,7.2,40.0,41.9,35.8,13.1,58.6,167.9,63.0,45.3,93.1,80.9,16.8,24
21.5,40.6,34.3,51.1,102.1,39.1,144.0,111.7,80.1,60.2,19.7,57.8,34.8,46.0,46.5,47.5,7.1,40.7,43.3,36.1,14.7,58.5,167.4,62.1,45.0,96.6,84.0,17.0,42
21.3,41.2,37.2,49.6,98.9,36.2,153.2,102.4,87.2,61.2,21.0,56.0,34.3,43.1,45.7,50.3,7.1,39.0,42.5,36.1,15.4,60.5,175.5,60.5,50.0,93.1,84.3,17.8,38
22.0,41.2,38.0,51.6,105.8,39.3,147.1,107.6,83.2,55.8,20.8,58.8,34.2,45.2,46.0,48.3,7.4,39.0,41.6,34.5,15.0,58.1,170.6,68.8,48.1,98.1,84.2,16.9,30
23.4,43.8,34.8,50.7,105.4,41.2,160.6,105.8,90.2,63.1,22.3,57.1,35.1,41.0,43.5,53.4,8.2,39.6,42.4,39.4,15.6,63.0,185.0,61.2,48.0,92.4,87.0,19.0,37
20.3,40.9,31.6,46.5,93.2,34.3,144.8,94.9,82.3,57.4,19.7,53.5,31.4,38.0,39.0,48.0,6.8,37.0,40.8,34.8,14.8,56.4,167.6,55.7,44.5,81.4,64.9,15.7,21
23.7,45.3,33.5,51.3,103.2,40.0,163.8,105.7,91.0,64.3,21.4,61.0,37.3,44.8,46.7,52.6,7.9,40.4,44.8,40.1,16.2,65.7,190.8,61.4,50.7,97.6,94.4,18.3,27
22.8,44.3,37.2,53.4,101.7,39.5,158.4,108.2,84.1,67.0,21.1,58.3,34.9,43.0,45.8,49.9,7.0,40.9,45.5,36.7,15.9,61.5,182.5,63.9,52.0,102.5,92.6,17.2,27
24.0,42.5,38.8,53.4,103.6,40.9,157.5,121.7,91.5,62.8,22.2,58.5,36.0,49.6,50.2,52.0,7.8,42.3,45.0,38.8,15.5,63.5,179.9,61.7,50.5,103.8,97.3,18.1,42
22.0,39.1,32.4,47.1,100.2,36.9,157.4,101.6,88.5,60.2,21.5,55.5,35.1,40.0,41.8,52.3,8.0,37.0,41.5,39.2,14.5,64.7,181.0,58.5,49.3,93.9,81.0,18.0,21
20.3,44.4,36.3,51.6,99.1,35.8,154.5,105.2,87.6,62.3,21.4,56.0,32.8,39.8,44.5,51.5,7.6,39.4,42.8,38.1,17.5,60.5,179.2,61.3,47.5,89.9,80.2,17.3,39
22.5,40.6,32.5,47.4,88.8,38.3,147.4,92.3,84.5,55.5,20.5,58.0,32.6,36.0,39.4,49.3,6.9,36.6,40.6,35.7,15.3,56.0,172.2,52.2,44.3,79.6,66.7,16.6,26
23.1,41.8,34.9,52.3,102.4,39.1,147.8,105.6,82.5,62.8,21.2,57.5,33.4,43.0,44.3,47.6,7.8,40.1,43.5,35.3,15.3,58.7,171.3,64.2,46.5,93.7,84.0,17.7,23
23.2,43.0,37.6,54.2,102.8,38.6,153.5,115.5,86.5,66.2,21.3,58.2,33.5,48.0,49.5,51.1,7.5,42.2,45.0,37.5,14.5,59.5,177.5,63.7,45.3,98.3,92.3,17.8,34
22.2,44.6,40.7,54.5,98.1,38.5,161.1,111.0,96.7,58.9,21.7,58.8,35.0,50.2,50.5,55.6,7.0,38.8,44.2,38.6,14.9,64.5,186.1,60.2,47.0,84.5,88.7,17.8,28
22.0,41.2,34.5,52.2,100.5,39.4,142.8,103.6,77.3,64.1,19.6,55.9,33.0,43.5,45.5,45.7,7.2,38.5,42.2,33.8,15.2,54.5,166.0,61.3,42.6,95.7,79.0,16.8,38
23.0,41.9,41.3,57.2,117.8,41.8,151.6,123.7,81.2,68.8,21.5,57.5,35.0,46.2,45.5,47.3,7.0,43.3,45.1,36.7,14.1,58.0,175.4,73.0,51.4,116.7,110.2,18.8,29
23.0,37.4,33.8,47.6,100.8,41.7,152.5,104.3,85.1,59.8,21.5,54.7,33.8,40.0,41.2,50.0,7.1,38.5,42.6,36.1,12.4,59.2,176.2,60.9,48.3,93.9,82.9,17.0,47
23.2,37.8,36.8,53.9,104.9,38.2,149.3,106.8,83.3,65.1,20.9,55.7,34.3,43.6,43.0,48.6,7.2,42.3,46.5,36.1,11.9,59.8,172.4,65.2,48.3,102.5,88.3,17.3,25
21.2,39.0,34.4,52.7,101.5,35.3,139.6,117.7,78.9,56.7,20.1,57.4,32.5,49.5,48.2,48.8,6.9,42.6,43.3,34.6,14.3,55.5,162.7,58.0,45.7,103.9,82.6,18.0,56
24.6,41.0,43.4,55.5,119.1,44.5,148.3,115.8,81.2,69.1,20.9,57.4,34.0,46.0,47.5,45.6,7.0,40.8,44.2,35.1,15.0,57.0,173.1,76.5,48.0,107.3,107.4,18.3,27
20.0,39.5,29.8,46.7,96.8,32.3,160.5,99.2,87.5,64.3,19.3,56.5,33.7,40.1,42.6,52.0,7.3,37.0,42.0,39.2,14.7,64.3,186.2,56.2,50.7,90.0,75.0,16.8,32
23.3,39.4,36.9,54.3,109.8,41.4,155.6,112.8,84.4,65.7,22.3,56.5,36.0,50.5,49.6,50.7,7.3,40.8,43.3,37.1,13.0,62.0,183.4,67.9,49.4,110.0,100.4,17.9,41
25.6,42.8,44.4,58.0,118.3,45.5,160.6,128.7,93.3,68.2,23.2,61.2,37.5,46.5,47.0,53.4,8.1,44.0,47.3,38.8,13.4,65.1,188.1,77.2,49.2,112.8,126.4,19.4,26
22.0,40.0,36.1,50.9,110.6,40.7,152.4,112.0,85.2,70.5,20.8,53.6,33.5,45.0,46.4,48.5,7.1,39.2,42.2,36.2,14.6,59.0,177.0,69.9,46.0,104.2,95.7,18.0,30
22.7,42.2,34.5,53.3,107.3,40.5,143.6,110.4,80.5,69.3,22.2,59.0,34.7,45.1,45.1,47.1,7.2,42.5,45.3,35.2,14.2,57.5,167.5,68.0,44.1,102.8,89.4,17.5,27
22.2,42.2,37.6,52.4,104.1,40.3,148.0,106.7,86.0,63.0,21.0,58.5,34.9,46.6,47.6,48.3,7.0,39.1,43.8,35.8,15.2,59.1,172.1,61.7,45.7,98.7,84.9,18.2,39
23.0,41.7,42.2,55.6,107.8,38.8,143.5,112.6,78.9,65.3,21.5,58.0,32.6,41.1,43.8,45.5,7.2,42.4,45.4,32.4,15.0,53.9,167.3,67.6,46.8,105.2,93.0,18.5,32
23.3,46.6,42.5,58.4,113.5,42.3,167.8,121.8,96.2,66.5,23.5,59.2,37.3,50.1,52.6,58.8,7.7,47.0,50.6,41.0,15.6,68.5,190.9,69.6,54.0,113.7,119.3,18.8,41
24.2,43.4,41.8,55.2,109.3,45.0,152.1,114.2,82.8,64.6,21.8,57.5,36.0,43.0,45.9,50.5,7.7,43.7,48.8,34.1,15.6,56.6,175.0,72.8,49.5,108.0,104.2,19.2,38
22.7,41.6,37.1,52.7,101.7,41.2,152.9,108.6,88.0,54.4,20.4,59.5,34.6,43.8,46.0,51.5,6.5,39.4,44.3,37.4,16.0,63.0,178.0,62.9,49.4,100.5,90.7,17.8,41
20.7,40.3,29.0,47.9,94.5,34.6,157.7,92.8,91.3,59.3,21.7,56.8,33.5,42.4,45.7,52.9,7.3,35.2,40.1,40.0,16.5,65.0,184.0,52.4,45.7,75.7,68.2,17.3,22
22.4,41.9,33.6,51.2,102.8,38.5,162.9,108.9,97.1,59.8,22.1,57.5,36.1,46.8,47.7,54.6,7.8,39.7,44.5,40.0,14.3,67.0,187.3,62.6,48.7,93.2,90.2,18.0,40
25.0,44.7,39.7,57.9,114.4,44.9,153.3,125.3,83.9,69.1,23.0,58.5,37.4,48.4,48.0,49.2,7.7,47.3,51.0,37.2,14.5,59.2,178.0,69.6,48.2,114.7,118.9,19.1,41
22.0,41.9,35.0,54.6,105.4,37.2,152.8,117.6,87.7,62.7,22.2,58.5,34.5,50.2,48.5,51.2,7.3,43.8,48.9,37.6,14.5,60.0,176.8,63.9,49.0,105.4,92.2,18.0,43
25.2,44.8,37.2,54.3,108.7,43.3,158.8,115.1,92.2,61.9,23.1,57.3,36.8,43.0,46.8,53.8,7.7,40.6,45.5,37.3,14.7,64.5,182.1,67.2,49.1,95.0,101.0,18.9,35
21.9,42.2,35.7,50.3,96.1,37.2,144.8,112.3,79.0,57.2,20.8,56.0,32.2,44.0,46.0,44.8,6.5,41.1,45.8,34.1,15.5,56.6,169.8,57.3,50.5,95.3,79.6,17.4,49
23.2,41.7,43.2,56.7,111.5,41.5,147.0,123.3,79.3,62.4,21.5,57.1,35.2,47.8,46.0,48.7,6.9,44.2,46.5,36.7,14.0,59.7,169.0,71.7,48.2,112.0,104.9,18.0,41
25.3,42.7,35.7,51.8,110.3,42.8,153.5,111.7,84.5,64.4,22.3,59.2,36.0,47.6,49.5,50.8,7.4,42.3,45.9,34.6,15.0,55.5,177.3,67.8,48.7,106.8,99.4,17.9,37
22.0,42.1,37.1,54.1,100.8,38.4,151.1,107.9,83.0,63.6,21.7,55.7,33.3,43.6,43.8,47.9,7.3,41.4,46.2,35.7,14.2,58.5,174.4,61.7,48.0,95.8,85.9,17.5,31
22.7,38.6,35.2,46.5,96.9,37.3,147.8,98.8,80.0,58.7,20.2,56.5,33.3,36.5,39.7,45.3,6.6,36.6,40.0,34.1,15.0,57.5,173.3,58.8,48.6,78.8,72.9,16.1,24
20.7,41.4,30.2,47.1,95.4,31.3,155.4,93.2,84.7,61.4,20.5,58.7,33.3,40.5,44.4,48.5,6.7,39.3,42.4,35.3,15.0,58.3,181.3,52.9,50.1,80.8,69.6,17.3,26
21.9,41.7,34.5,52.6,108.3,40.0,158.3,117.9,90.0,65.4,22.0,59.2,36.0,46.1,47.1,53.9,8.0,43.9,48.0,39.0,13.6,65.1,183.4,61.9,48.5,116.5,103.8,18.5,42
24.6,42.0,38.4,52.9,109.7,40.5,160.4,104.5,87.9,70.6,22.3,56.9,34.8,44.7,46.5,51.3,7.1,42.1,44.8,38.2,15.0,61.0,186.4,64.6,49.1,95.0,94.4,18.8,23
27.3,41.3,47.5,58.2,126.8,48.0,163.4,127.6,89.3,73.1,22.2,57.7,37.8,50.1,50.2,53.2,8.6,44.1,46.6,39.4,13.0,64.5,188.5,82.0,55.5,130.0,137.5,19.3,39
23.2,42.2,35.0,49.4,100.4,38.5,155.5,106.7,88.2,59.4,20.7,60.0,35.7,42.6,45.5,52.1,7.8,39.9,42.0,37.1,15.4,60.5,180.7,60.6,48.8,97.6,85.3,17.1,39
21.7,40.8,37.2,48.3,101.8,38.5,155.0,105.3,86.6,68.0,20.5,56.8,32.7,39.1,41.4,50.6,7.8,39.8,43.3,38.1,14.5,60.7,180.0,64.6,46.7,85.5,84.3,16.9,20
20.7,37.8,32.3,44.5,90.4,36.6,148.8,90.1,83.8,60.5,19.3,56.7,34.0,41.0,42.7,48.2,7.0,37.9,40.5,34.4,13.3,58.3,172.5,56.2,44.6,77.7,66.0,16.0,21
23.5,41.3,34.8,50.8,108.6,42.4,151.4,113.6,84.7,59.9,20.5,56.0,34.0,48.6,49.0,49.3,6.2,41.4,44.9,36.1,13.8,60.0,174.8,64.7,51.5,107.7,93.7,17.3,40
22.6,40.4,37.3,54.0,107.7,40.7,151.9,114.6,87.7,64.0,21.5,56.3,34.7,45.8,46.0,48.7,7.9,37.7,41.2,38.7,14.5,61.0,176.3,66.8,47.0,103.3,94.1,17.5,37
21.2,40.6,33.9,48.9,97.7,35.5,149.1,102.4,84.6,57.4,22.4,57.3,33.3,40.5,43.7,50.7,7.6,39.5,42.4,35.7,14.1,58.1,172.8,56.8,48.9,96.1,77.0,17.7,49
22.7,41.5,37.5,54.6,108.2,39.6,147.8,112.2,81.5,57.5,19.4,55.0,32.0,44.0,46.5,46.8,7.2,37.0,40.5,35.5,14.6,58.8,170.8,66.9,50.4,111.8,93.7,17.1,27
21.9,38.2,33.3,48.0,96.2,36.5,140.4,94.2,79.1,58.5,21.0,56.8,32.8,39.5,39.0,44.7,6.7,37.3,40.8,33.6,12.5,55.1,165.7,57.4,42.2,78.6,67.3,17.8,20
22.3,40.9,36.5,49.3,104.6,38.8,148.3,105.4,83.5,62.6,22.5,55.0,34.0,44.0,45.0,48.5,7.2,38.7,42.3,34.8,14.8,58.5,174.0,64.2,48.0,96.6,83.0,17.9,29
21.3,40.7,35.4,50.1,95.1,38.7,145.9,106.3,82.7,60.1,20.8,56.7,33.7,41.0,43.5,48.6,7.5,40.8,42.8,36.4,13.5,60.6,168.6,60.4,45.2,90.7,78.3,17.1,48
24.3,42.0,39.0,54.5,106.1,44.0,139.4,111.4,73.6,61.7,21.6,58.0,34.0,44.1,45.5,43.9,6.2,40.8,42.8,33.1,14.3,55.1,162.1,70.0,45.6,102.5,90.0,17.4,23
21.5,38.5,35.0,47.0,95.2,37.0,138.8,94.5,75.2,57.2,20.0,56.3,31.5,37.5,38.5,44.2,7.0,38.4,41.4,31.8,12.3,52.0,162.3,58.7,44.0,79.5,67.3,16.0,25
22.3,41.0,38.2,52.9,102.5,38.9,140.3,103.9,76.2,63.8,19.5,57.0,32.7,41.1,42.8,43.9,6.3,37.6,38.7,33.1,15.0,55.0,162.9,65.8,43.8,89.3,79.0,16.2,28
23.3,43.2,37.1,55.4,110.6,40.6,146.6,117.7,81.2,63.8,23.7,59.2,35.3,49.8,51.0,47.1,8.3,45.2,48.5,36.5,15.1,60.0,170.7,69.2,47.2,110.8,101.5,19.3,53
20.2,41.2,28.7,46.2,83.6,32.3,149.2,91.6,89.6,50.0,20.0,54.5,33.0,42.5,45.0,50.8,6.1,35.7,39.0,36.2,16.9,58.8,171.7,49.8,46.4,73.6,57.4,15.8,25
23.0,41.4,32.4,47.7,103.9,38.5,152.7,94.6,83.6,60.7,21.0,57.6,34.9,40.0,43.6,48.5,7.1,36.7,39.4,35.0,16.1,58.5,176.7,63.3,50.1,89.0,76.5,17.1,24
24.0,42.9,39.2,51.9,102.8,40.3,159.3,109.4,91.4,59.0,19.9,58.3,35.8,43.3,45.8,52.4,7.1,40.3,44.6,38.8,15.4,64.0,184.7,62.5,50.4,91.4,91.9,17.6,31
23.3,39.0,36.9,48.1,97.3,39.6,154.5,102.4,90.2,56.9,21.8,55.7,33.8,43.5,45.5,52.5,7.3,35.7,39.4,38.2,13.9,63.5,179.0,57.6,46.4,85.1,79.7,17.5,25
21.2,38.2,32.3,46.7,98.3,35.9,146.7,96.1,84.6,59.9,20.0,57.3,33.2,42.0,43.5,48.3,6.4,38.7,42.5,35.8,12.2,58.2,169.7,61.9,44.6,84.1,73.1,16.7,22
24.0,41.0,37.3,54.7,109.7,44.2,152.3,120.9,84.2,63.8,21.4,60.0,35.0,47.0,47.1,48.4,7.2,43.5,44.2,35.5,14.7,58.5,175.8,65.6,52.7,117.6,106.5,18.7,47
19.1,39.9,31.3,49.4,90.8,33.2,142.6,105.3,78.6,58.5,18.7,57.2,31.2,44.2,45.0,46.6,6.2,37.8,41.0,34.1,13.8,56.0,164.3,55.1,45.6,90.8,67.5,15.2,39
23.2,40.6,35.5,49.9,97.2,38.4,152.4,106.4,87.5,57.9,20.8,55.8,34.7,43.1,43.5,51.1,8.1,41.5,43.5,35.2,13.7,57.6,175.3,57.8,45.5,82.8,77.8,16.7,25
20.6,42.2,33.9,48.3,97.7,33.9,152.3,96.3,91.9,55.7,20.8,56.5,34.1,42.0,44.4,52.1,6.3,39.8,42.8,36.0,14.3,58.6,175.9,59.5,45.3,81.5,73.9,16.4,28
22.7,40.4,32.6,48.9,98.4,41.1,150.0,98.5,85.2,58.4,21.9,60.2,35.0,42.0,43.5,48.3,6.8,38.6,42.4,34.8,14.4,57.0,174.8,60.8,47.4,88.7,77.9,17.3,24
25.9,42.8,40.8,59.8,115.9,45.6,159.2,126.8,88.1,70.3,22.7,59.0,38.3,46.1,45.2,53.6,8.6,48.1,49.8,37.3,13.0,60.3,183.4,71.1,53.0,115.8,120.7,19.6,53
23.7,40.9,30.3,48.3,95.3,39.0,148.2,95.6,83.2,57.7,20.8,57.2,35.2,43.0,46.2,49.4,7.9,41.4,44.0,36.4,13.7,58.6,171.2,54.2,46.0,83.6,71.9,17.7,21
23.2,44.3,37.0,53.2,103.4,40.1,155.1,108.6,88.9,62.9,21.3,58.9,35.6,49.2,49.9,51.4,8.3,43.0,46.3,35.3,15.8,58.5,178.7,63.2,46.7,90.3,87.1,17.6,22
24.3,40.7,40.5,54.0,110.4,43.3,142.9,124.2,75.6,62.0,20.0,57.3,34.5,46.6,46.2,45.4,6.8,42.7,47.3,33.8,13.8,54.5,164.5,68.6,51.4,112.8,103.4,17.4,29
22.0,41.0,36.4,49.0,100.0,40.9,150.7,103.7,81.7,66.4,21.0,56.0,33.4,43.0,43.5,47.5,7.3,37.7,42.5,36.3,14.8,58.1,175.5,66.5,46.3,83.1,81.2,16.9,25
23.2,42.0,36.6,51.1,98.1,38.2,153.2,103.5,84.6,69.3,20.9,58.5,33.8,43.5,44.9,49.7,7.8,38.3,43.0,34.8,15.4,57.5,176.5,58.2,45.4,83.2,80.7,17.8,22
21.6,38.2,33.8,45.1,91.4,36.8,148.4,92.2,83.9,58.0,20.5,54.8,32.6,39.6,40.2,48.6,7.3,36.4,41.3,36.8,13.4,60.5,171.7,54.6,47.3,76.3,66.4,16.8,23
23.5,45.3,37.0,55.7,109.8,41.0,152.5,118.9,81.4,64.8,20.9,56.5,34.3,51.5,52.3,47.1,7.0,43.5,47.7,36.1,15.3,58.7,174.9,66.2,52.5,106.8,100.2,17.8,42
21.5,39.2,31.7,47.9,99.8,38.2,152.3,97.6,86.3,62.1,21.9,57.6,34.3,39.6,41.5,49.2,8.1,39.7,42.7,37.4,14.8,61.6,175.8,59.9,49.5,92.8,78.9,17.5,25
22.7,38.1,36.0,50.7,106.8,41.4,138.8,105.7,75.4,60.3,21.0,58.1,32.1,46.6,45.6,43.6,6.7,39.3,42.8,34.0,13.0,55.5,160.4,66.3,47.4,101.3,83.6,16.8,23
22.7,39.1,34.1,47.4,99.3,40.5,150.3,95.8,86.2,61.3,21.2,57.0,34.1,34.6,37.6,49.4,7.4,36.6,40.8,36.9,14.0,61.2,174.6,60.2,43.4,76.4,75.5,17.6,22
24.3,41.7,37.0,51.1,104.3,41.9,148.0,106.7,82.5,63.0,21.4,55.0,34.2,44.2,46.0,47.4,7.1,39.2,44.2,37.1,14.2,59.0,170.9,66.2,47.2,96.8,88.5,18.1,22
21.0,39.6,34.6,51.1,106.8,37.2,144.5,107.6,78.0,62.5,19.3,54.6,31.9,43.5,44.5,48.2,7.1,40.2,42.7,36.7,14.0,59.0,165.6,65.2,49.2,106.3,83.5,16.7,31
24.0,43.8,39.2,55.0,109.6,43.7,146.9,119.1,81.3,63.5,21.1,54.5,33.8,48.1,50.0,46.8,6.9,42.7,45.6,35.4,15.0,56.3,168.4,68.6,49.0,114.0,101.3,18.2,39
22.2,43.7,37.7,48.8,90.9,39.5,152.4,91.8,86.1,61.2,20.0,58.0,33.3,43.4,45.2,50.3,7.5,37.2,39.7,37.7,17.0,62.0,178.1,55.0,46.4,77.5,71.3,17.3,21
21.6,41.6,35.3,49.9,99.3,38.6,150.2,102.9,85.0,60.9,21.3,55.5,32.3,45.3,46.5,49.6,7.0,39.9,43.8,34.7,16.7,57.5,175.0,61.2,44.8,85.3,77.6,17.3,26
24.2,41.5,37.4,53.8,106.5,41.3,150.8,107.8,84.3,61.9,21.5,57.8,35.5,46.0,48.0,49.3,7.4,41.9,43.4,35.0,14.1,56.5,173.7,65.2,47.8,103.0,90.2,18.1,24
22.0,42.7,34.2,49.1,99.7,35.7,162.8,94.9,94.1,60.5,21.8,55.7,37.2,38.7,42.4,54.0,7.5,38.2,41.5,38.9,15.9,64.4,189.1,55.1,48.2,84.0,79.4,18.6,25
23.7,41.1,35.4,51.5,100.0,41.5,152.7,105.4,89.2,60.7,19.7,59.5,35.6,45.7,45.5,51.0,8.0,36.7,41.2,36.7,14.8,61.0,178.8,63.7,46.0,94.3,84.2,16.5,25
21.5,40.0,38.1,52.1,110.6,40.6,146.8,111.2,80.0,66.9,20.0,56.3,32.1,44.0,45.0,45.3,7.3,41.2,44.2,34.4,14.0,56.0,171.8,65.3,46.1,102.6,93.2,17.8,32
21.8,38.0,32.2,46.8,96.3,35.0,140.4,96.4,77.5,56.8,19.5,55.5,32.2,37.7,38.6,45.3,6.7,38.6,42.6,32.9,13.0,54.0,164.0,57.7,45.3,88.5,66.7,16.7,29
24.6,45.2,42.4,57.6,108.7,42.4,158.6,120.8,89.5,63.4,23.3,57.7,36.3,47.3,48.8,52.5,8.2,40.4,43.6,37.0,16.7,60.1,183.6,65.1,50.0,105.4,104.3,19.1,38
22.8,40.0,36.8,49.1,96.2,39.7,136.5,102.4,73.2,60.1,19.6,56.7,32.2,43.0,44.0,42.8,6.7,40.9,43.8,31.8,13.2,52.0,160.4,62.6,43.7,88.2,73.6,17.5,26
23.2,39.3,34.3,45.7,104.3,39.8,146.6,105.8,79.8,64.7,21.0,56.4,33.7,41.0,42.0,46.3,6.4,37.5,41.1,34.6,13.5,56.1,170.7,64.2,46.4,91.7,80.9,17.2,30
21.7,40.8,34.5,51.1,101.1,37.9,145.8,108.6,76.4,58.1,20.6,56.0,33.9,48.1,48.2,46.4,6.8,41.2,43.2,35.8,13.7,57.4,168.1,63.4,50.5,99.5,83.0,17.1,35
23.3,41.1,32.5,48.0,99.3,39.5,159.2,104.3,90.0,58.4,22.3,55.0,35.0,43.5,45.6,52.8,6.0,38.6,40.3,37.4,16.0,63.6,184.0,57.9,51.0,92.7,80.2,18.2,54
19.4,39.5,29.3,44.5,87.1,34.4,148.3,87.1,82.8,62.8,18.8,55.5,31.4,37.3,41.0,46.5,7.7,36.2,40.3,36.3,15.0,57.4,171.1,49.1,44.5,75.8,60.6,15.9,23
22.3,42.3,30.0,50.0,97.7,37.8,157.8,104.2,91.7,59.8,21.0,56.2,33.8,44.5,46.0,52.4,7.6,39.8,42.9,38.1,15.3,63.5,180.7,56.5,48.7,92.4,80.1,17.4,28
21.2,40.8,32.4,47.7,92.0,36.3,149.0,98.6,83.9,58.3,21.3,55.2,32.4,44.0,45.0,47.4,7.0,35.8,40.5,35.6,14.0,60.0,173.9,52.2,45.2,76.0,66.8,17.8,20
22.2,42.5,35.0,50.3,101.9,38.5,146.4,104.1,83.1,58.9,21.7,55.8,34.0,41.2,43.7,46.7,7.2,37.3,39.2,36.4,16.0,59.5,170.3,61.6,49.3,101.6,81.1,17.6,33
20.3,41.3,27.4,44.7,88.7,31.9,149.5,88.2,82.2,55.7,20.6,56.1,32.7,41.4,45.0,48.2,7.7,34.6,37.6,35.5,17.8,56.5,177.0,50.6,47.7,76.9,59.1,16.4,25
23.8,41.2,36.5,52.0,106.3,40.5,152.3,111.7,82.6,65.2,21.4,56.5,34.8,40.2,42.7,49.7,6.6,38.3,42.2,35.8,15.0,58.0,174.7,65.4,51.0,106.1,92.4,18.0,33
24.0,42.6,36.8,53.2,101.7,40.5,159.9,117.0,91.8,60.2,21.0,58.5,35.8,43.9,46.4,53.9,7.3,40.5,43.9,38.6,15.5,61.7,184.8,61.8,51.4,103.8,93.8,17.2,42
21.8,41.8,38.3,49.9,93.5,36.4,154.5,98.1,88.1,61.4,19.8,55.3,33.6,39.5,43.0,49.8,7.0,37.8,40.2,36.1,16.1,61.1,178.8,55.5,44.3,81.7,73.5,17.0,20
22.4,44.8,35.3,54.3,104.5,37.3,157.1,112.8,87.8,68.3,21.8,57.0,34.1,47.0,49.7,50.8,7.0,39.7,43.0,37.7,15.6,63.7,181.4,62.7,47.6,96.8,88.5,18.5,23
23.3,42.7,38.2,51.2,104.5,40.5,151.6,103.8,85.5,62.3,20.8,57.3,34.2,41.5,44.6,50.8,7.3,38.4,42.6,36.8,14.6,59.5,175.4,63.4,46.5,90.4,85.5,18.2,30
23.0,40.2,36.4,50.9,102.4,40.7,145.0,105.3,80.9,64.5,21.5,57.0,34.5,47.0,46.6,47.6,7.5,40.0,42.3,34.1,13.8,54.8,168.4,63.2,45.3,95.4,83.9,17.6,31
21.4,40.0,29.3,45.5,88.6,34.0,151.6,91.4,85.2,57.4,20.5,56.3,33.4,44.0,45.5,48.9,6.6,34.6,38.0,36.5,13.9,59.0,176.4,50.8,47.6,81.5,67.8,16.8,25
21.6,42.1,33.6,50.2,100.0,38.3,149.3,104.4,81.1,62.9,20.6,54.9,33.0,47.0,48.4,47.4,7.3,38.9,42.4,34.5,15.0,56.0,172.9,59.1,50.1,96.0,81.1,17.4,39
24.3,42.4,36.1,51.6,104.2,39.6,151.9,106.5,84.6,65.3,22.3,57.8,34.2,46.0,47.3,50.3,7.5,42.5,45.6,34.7,16.0,57.0,174.6,66.4,48.0,97.6,93.0,18.0,21
24.0,41.8,36.6,50.8,102.2,41.1,144.1,107.5,80.1,63.7,21.6,59.0,35.2,43.9,45.5,47.1,6.9,41.0,45.3,34.7,15.0,53.5,168.8,63.5,44.2,89.6,84.6,17.4,21
21.8,39.4,33.9,47.4,94.8,38.5,150.3,96.8,83.2,60.3,19.5,56.0,32.3,41.0,42.5,49.3,7.5,37.2,41.3,35.2,14.7,57.5,172.9,60.4,46.8,85.7,72.9,15.6,26
20.4,42.1,24.6,44.7,87.0,33.0,158.7,89.8,90.7,57.4,20.9,54.8,33.9,41.1,44.2,52.3,8.0,34.2,38.3,38.6,17.0,63.5,183.5,47.2,48.4,72.8,58.8,17.3,30
22.5,43.2,37.7,54.4,107.3,43.1,150.2,117.5,84.2,59.3,22.3,56.9,34.4,48.4,49.4,48.2,7.1,44.6,48.7,36.6,15.0,60.0,173.9,63.5,52.1,105.1,94.1,18.0,39
23.3,43.2,41.9,53.0,106.7,43.4,155.2,114.7,87.1,64.1,21.8,59.6,35.0,45.4,46.4,50.1,7.4,44.0,47.0,36.6,14.8,59.0,178.2,65.0,50.5,102.1,100.3,18.2,31
23.3,40.6,37.4,50.5,99.2,39.5,150.0,102.6,84.5,61.3,21.0,57.4,33.7,46.5,46.6,49.3,7.5,36.8,41.1,35.4,14.2,58.0,174.5,61.8,46.5,98.0,81.7,17.5,29
22.3,42.0,37.9,50.4,97.1,39.5,151.5,106.6,88.0,53.1,20.4,57.2,33.7,45.5,46.4,48.9,6.1,39.0,44.0,37.0,15.7,61.2,174.9,60.2,48.6,87.6,80.4,17.2,23
22.9,38.9,30.6,47.3,95.0,37.7,147.8,100.8,85.9,57.5,19.5,56.0,33.1,42.8,42.4,49.4,7.6,37.2,41.1,36.8,13.5,60.5,172.0,57.7,46.9,83.8,73.0,16.8,28
23.0,41.0,32.5,48.5,99.1,38.8,149.9,99.2,83.9,58.4,20.5,58.8,32.6,41.5,43.5,50.4,7.7,40.5,44.9,37.0,13.5,59.5,173.5,61.9,46.7,94.6,80.4,17.1,22
22.5,41.4,37.9,51.7,102.4,39.2,152.5,104.8,89.4,55.6,21.3,56.7,36.3,43.8,46.5,51.3,7.7,39.7,42.4,37.2,14.1,64.1,175.0,63.6,48.3,91.1,84.9,17.3,24
24.0,42.4,39.7,53.1,115.6,42.6,153.1,117.3,87.1,69.8,22.1,58.7,35.1,45.2,47.0,49.0,8.2,40.6,44.4,36.8,14.2,59.0,177.2,71.7,46.8,108.0,102.5,18.3,43
21.9,42.8,35.4,52.0,102.8,38.9,158.5,104.6,90.0,59.3,20.6,56.2,34.3,48.0,49.1,50.8,7.7,39.2,42.0,38.2,15.5,64.0,183.2,63.0,50.2,88.2,86.4,17.0,28
25.0,42.2,38.1,54.2,110.3,43.2,160.4,117.0,87.2,70.1,23.1,58.0,36.3,51.0,50.5,51.8,8.5,43.4,46.6,36.8,14.4,62.6,185.0,70.9,52.8,107.6,109.4,18.8,27
23.5,41.2,39.6,51.3,106.6,38.3,143.4,108.6,79.2,66.6,20.8,57.3,34.2,45.0,46.3,44.9,7.4,41.4,44.3,33.7,14.0,54.4,166.4,67.3,44.6,91.6,88.2,18.3,27
22.4,38.8,37.3,53.3,108.8,39.6,144.0,112.2,77.5,62.4,21.8,59.3,33.6,48.6,48.0,45.0,7.5,43.1,46.8,34.8,13.0,57.0,167.5,64.1,48.0,110.1,93.6,17.8,32
24.0,41.7,35.5,53.3,103.8,40.4,156.4,107.8,86.9,68.4,21.7,56.9,35.7,46.5,47.2,49.5,7.1,40.3,43.9,36.5,13.6,59.4,180.7,65.2,47.2,95.8,92.0,18.0,35
23.9,41.7,32.8,49.2,101.8,39.0,150.1,108.7,81.8,64.1,19.8,63.3,34.7,46.0,47.0,48.4,7.5,40.8,44.7,36.2,13.6,58.0,176.5,63.4,47.3,94.4,86.2,17.0,28
22.4,44.3,37.6,52.0,102.2,39.5,154.8,104.2,87.2,64.3,19.7,57.8,33.7,46.5,47.7,50.7,6.7,41.2,45.5,34.9,15.4,57.8,179.2,65.0,47.8,88.8,86.1,17.0,23
23.2,42.0,37.0,55.3,104.8,42.0,155.7,120.3,87.5,65.7,20.4,57.3,33.2,48.0,47.6,51.8,7.2,39.7,44.5,36.1,14.3,61.5,179.5,63.8,48.1,105.8,97.7,17.0,32
22.1,41.3,33.4,47.4,97.1,36.4,150.2,93.5,84.5,62.0,19.8,56.5,33.2,38.0,41.0,49.2,7.1,36.2,40.5,37.1,15.1,58.5,175.3,57.7,44.0,77.7,70.7,16.8,20
24.7,43.5,41.3,54.2,102.5,40.5,156.8,110.6,92.4,61.1,22.5,57.1,36.5,47.1,47.5,50.7,7.0,39.0,42.0,39.9,15.5,66.5,181.6,65.8,46.7,88.2,96.9,18.3,29
21.5,41.7,36.6,50.5,96.5,37.0,137.3,104.2,76.5,56.1,19.9,55.7,32.0,43.8,44.1,43.4,6.9,41.0,45.8,33.1,14.3,52.0,160.0,59.3,44.4,87.0,71.8,16.4,19
22.0,41.6,36.6,49.2,91.4,37.9,141.7,97.8,77.0,55.7,20.7,57.5,33.6,44.5,45.8,45.5,7.4,40.0,43.4,35.0,14.0,56.0,165.5,57.2,45.5,76.1,69.9,16.7,24
23.0,39.5,33.0,47.2,101.3,39.8,137.8,97.7,78.5,60.0,20.4,55.9,33.4,40.2,42.6,44.0,6.9,37.6,40.4,33.4,14.8,53.6,160.8,59.4,42.8,82.2,71.1,17.1,22
24.0,42.3,36.9,52.3,111.8,42.5,152.0,109.8,81.7,63.1,20.3,60.9,34.4,39.3,42.0,48.1,7.2,39.9,43.0,37.4,14.4,60.5,175.3,67.0,51.0,101.4,93.9,17.7,31
23.9,41.8,36.0,51.8,105.5,41.2,146.3,108.8,79.2,65.2,20.2,58.5,34.1,45.6,47.0,45.7,7.1,40.4,44.2,34.3,14.6,56.0,170.4,66.2,48.0,90.7,85.9,17.1,24
22.3,41.6,36.3,48.8,102.5,39.2,163.7,106.4,94.2,64.8,22.6,59.4,35.1,40.6,44.4,53.5,7.7,39.6,45.4,38.7,14.8,64.5,188.7,59.6,51.2,91.3,89.2,18.1,32
22.7,42.4,34.8,49.7,96.5,35.3,153.5,93.5,86.8,62.0,20.5,56.4,34.3,44.0,47.0,50.1,7.7,38.1,43.9,35.8,15.6,60.4,178.4,57.2,45.8,82.0,74.4,17.7,19
20.2,43.7,31.2,50.5,88.6,34.0,152.1,93.0,86.8,57.2,20.1,56.5,33.0,38.3,43.5,49.9,6.9,36.6,39.7,35.6,17.1,56.4,177.8,50.3,44.1,74.5,63.2,16.7,20
25.0,39.9,39.2,49.4,102.5,40.8,161.1,106.3,90.8,64.8,21.7,56.5,35.6,38.0,39.5,52.7,8.2,37.8,42.7,39.1,15.0,64.1,187.7,63.2,48.2,85.5,91.3,17.8,21
21.8,39.2,36.7,47.6,95.2,37.7,149.4,96.6,87.5,60.2,20.3,56.7,33.6,37.4,39.5,49.0,6.9,39.1,41.0,35.5,14.3,60.2,173.4,55.5,45.3,79.5,71.6,16.8,21
24.8,42.4,38.6,49.9,106.0,40.3,155.7,102.9,87.0,63.5,21.1,58.5,35.6,44.0,48.0,50.0,6.6,40.7,44.6,37.1,15.5,60.7,180.8,68.5,45.4,84.5,89.9,18.3,21
23.7,42.8,39.0,51.5,99.2,39.6,157.3,100.4,87.8,60.8,21.8,58.0,34.9,43.3,46.5,50.9,7.9,41.6,45.6,36.3,15.7,58.0,181.5,61.8,51.0,87.2,85.9,17.6,33
22.3,42.4,33.7,50.2,102.2,38.5,152.8,101.9,83.7,62.5,21.7,57.9,34.2,45.8,47.5,48.4,7.0,41.1,45.8,37.2,15.5,61.0,179.3,61.0,48.2,91.2,82.6,17.7,22
24.9,41.0,36.3,51.0,107.8,44.4,151.7,106.5,84.4,66.5,21.0,58.0,36.2,45.0,45.2,49.9,6.5,38.6,42.7,36.2,14.0,60.5,175.8,69.2,48.4,91.7,91.1,17.4,27
24.8,43.7,42.1,54.6,108.1,42.2,153.4,116.2,90.5,60.8,21.7,56.7,36.2,46.0,48.0,51.7,8.2,42.4,45.6,36.6,15.4,60.6,177.2,64.7,47.9,99.5,96.7,18.3,33
20.5,40.2,35.5,49.2,97.0,37.9,147.5,105.5,85.1,55.9,19.3,55.8,32.3,42.5,44.5,47.6,6.7,36.4,39.4,35.7,15.2,60.4,169.4,56.8,49.4,95.7,78.9,16.0,34
22.0,41.0,36.5,49.1,98.4,38.2,144.2,97.6,78.7,57.8,20.2,55.8,32.0,44.8,46.4,44.5,6.9,38.8,43.3,34.0,15.0,55.5,166.1,60.8,44.5,82.2,73.3,15.8,21
24.1,42.6,39.5,55.1,109.9,41.0,148.6,106.1,85.1,61.3,21.0,58.4,34.2,45.0,46.6,49.1,6.5,42.0,45.7,34.1,15.5,56.2,173.0,69.8,43.8,90.2,90.1,17.3,20
22.2,38.7,37.3,48.4,91.6,38.3,140.9,95.6,76.4,59.7,19.8,56.3,31.3,35.7,38.8,43.4,7.1,38.4,40.2,32.5,14.5,53.6,165.3,55.6,46.0,75.3,69.3,16.7,22
22.1,38.8,35.2,48.9,102.3,34.7,151.8,106.8,84.6,64.6,20.2,55.8,33.0,39.7,41.0,49.7,7.4,39.2,43.2,34.7,12.8,56.5,175.3,64.2,46.6,96.0,81.7,16.7,23
22.1,41.7,37.0,51.1,101.1,39.4,148.9,108.2,81.2,61.6,20.3,55.5,32.0,41.6,42.6,48.2,6.5,40.1,44.7,36.1,13.7,59.5,174.0,60.5,47.8,91.8,84.6,17.3,28
22.2,41.2,33.4,48.5,99.8,39.8,146.0,95.2,79.8,63.4,21.5,55.1,32.2,43.2,45.3,46.7,7.0,37.3,40.7,33.9,15.0,56.3,171.1,62.7,43.7,82.3,75.2,17.0,27
23.5,42.5,36.1,52.8,106.7,41.9,152.4,114.2,83.8,66.7,21.6,59.5,34.7,50.3,50.6,49.5,8.3,41.3,44.4,35.2,15.0,57.8,175.8,66.3,48.2,97.2,94.4,18.0,22
20.3,40.3,30.6,48.1,98.6,34.5,153.2,94.8,85.5,65.7,20.3,55.3,33.3,44.6,46.0,51.5,8.0,36.6,40.1,36.3,15.1,60.0,176.1,58.2,46.7,84.3,69.3,16.4,25
22.4,39.9,35.5,51.6,104.7,39.5,149.4,111.9,84.0,63.9,20.9,55.4,34.0,43.7,45.5,49.9,7.6,39.0,43.8,37.7,13.7,62.7,172.5,62.9,46.5,106.3,87.2,17.8,44
23.0,43.2,34.2,50.3,92.6,38.3,144.7,101.7,81.3,59.8,21.8,58.0,32.8,43.6,46.8,47.4,6.4,40.8,44.6,34.5,15.4,58.2,170.2,57.7,45.6,82.4,74.9,17.8,24
22.3,41.9,38.0,51.1,100.8,39.1,152.6,107.4,86.5,63.2,21.4,55.7,32.7,46.2,47.0,49.0,7.7,39.8,43.0,36.8,14.5,61.3,177.5,63.0,49.0,97.0,89.9,17.4,29
23.3,41.4,35.0,53.8,104.3,39.6,143.5,109.9,77.6,62.4,21.8,57.8,34.1,44.3,45.8,46.3,7.2,39.3,41.5,34.7,15.6,57.4,167.0,65.0,44.3,102.3,86.2,18.4,30
23.0,42.6,36.2,50.6,99.3,41.2,153.3,103.5,88.0,59.6,20.8,57.8,34.4,45.5,47.1,50.2,7.4,40.0,42.6,36.6,16.4,60.6,176.8,61.3,45.7,90.0,82.5,17.6,25
22.7,41.7,35.0,50.2,103.7,39.7,146.6,104.2,77.1,65.3,20.5,56.5,33.3,45.5,46.0,47.1,7.5,38.2,42.1,34.6,15.5,56.2,168.7,64.6,47.6,93.3,80.3,16.9,23
20.5,40.2,35.4,49.2,98.1,36.6,146.8,101.7,80.9,61.8,22.1,56.3,33.3,42.3,43.0,44.8,6.7,39.0,43.1,35.8,14.7,58.5,170.0,54.9,45.8,82.8,74.0,16.9,34
25.0,44.4,35.2,53.1,108.3,41.8,152.0,117.1,82.0,70.8,21.5,58.4,36.4,47.5,47.8,49.2,7.6,43.0,47.1,37.2,14.7,62.3,174.9,65.6,44.7,103.0,96.6,17.2,40
22.6,38.2,37.1,50.0,101.4,39.4,146.3,108.8,82.7,64.2,21.4,59.7,34.8,41.2,43.0,47.8,7.4,38.8,40.7,35.2,13.3,57.1,171.0,64.7,46.1,98.6,87.9,18.3,37
22.3,44.1,30.6,48.1,95.4,34.7,167.5,98.6,95.9,60.2,22.2,57.7,34.7,37.2,40.6,55.5,7.7,38.2,43.3,40.2,15.8,66.6,192.4,55.2,49.5,82.1,75.7,17.7,24
22.5,45.2,44.3,56.0,99.8,37.7,146.5,115.7,85.8,58.3,22.2,58.1,35.6,45.8,47.6,49.6,6.3,39.4,44.0,36.6,16.6,61.4,172.9,62.3,42.1,83.7,88.2,17.9,40
23.0,39.5,34.6,48.2,91.9,38.9,146.7,99.4,83.0,57.5,21.8,58.0,34.4,39.0,39.0,48.8,7.3,39.4,42.4,35.9,13.5,57.5,171.3,55.8,46.0,79.7,73.3,18.4,20
21.7,40.2,35.2,48.4,93.9,36.7,148.3,99.3,84.8,61.8,21.0,56.2,33.5,36.6,38.6,51.3,6.9,37.7,42.1,35.6,14.0,59.7,173.7,58.1,43.0,84.4,73.0,16.9,21
24.3,43.8,40.0,57.4,113.4,47.0,153.4,120.8,86.1,61.2,20.9,56.3,35.6,51.0,50.3,51.8,7.7,45.0,50.1,36.6,14.5,61.0,174.1,71.9,52.0,116.5,114.2,17.5,41
22.5,39.6,35.1,50.0,98.9,39.9,139.9,109.5,79.0,57.2,21.2,58.4,33.1,44.3,44.6,46.2,7.3,41.7,45.3,33.5,13.0,57.7,163.5,61.2,44.7,91.3,78.0,17.3,28
25.2,41.8,36.6,55.6,108.7,43.0,149.8,118.7,82.4,64.9,21.3,59.6,34.7,46.0,46.4,49.0,7.4,40.7,46.0,35.4,14.6,59.5,174.4,68.5,48.6,106.8,101.9,17.8,26
23.0,41.1,42.0,55.0,113.9,43.8,151.0,123.8,83.8,60.0,21.0,55.7,35.0,44.2,43.5,49.1,6.8,42.0,46.3,36.0,14.5,59.6,174.5,69.6,51.0,114.7,109.5,18.2,38
21.8,40.3,34.1,47.8,89.9,37.4,150.3,93.9,88.4,58.4,20.0,56.2,34.2,43.0,45.6,49.4,6.8,37.6,42.1,34.1,14.5,58.5,174.4,55.1,44.3,74.6,68.7,17.0,20
25.0,41.5,37.2,54.2,111.7,41.5,150.3,119.6,80.8,62.9,21.8,57.8,34.2,46.1,48.0,47.7,7.4,45.3,48.6,34.6,13.2,56.5,173.3,66.0,51.6,113.1,99.7,18.2,42
23.8,40.7,39.0,51.8,114.9,40.5,154.7,113.5,84.6,62.6,21.5,56.3,35.0,44.5,45.5,49.3,7.5,44.9,48.3,36.5,14.0,60.5,178.6,70.9,53.0,110.0,102.1,17.9,24
23.8,43.2,34.9,52.1,106.7,41.7,155.8,111.7,87.9,60.3,22.4,58.0,35.6,45.7,47.6,50.8,7.8,41.6,43.9,38.3,16.5,62.5,179.7,63.6,53.0,108.3,95.0,18.8,54
22.8,42.5,33.7,51.3,102.4,38.5,158.2,103.9,88.5,58.3,19.5,56.5,34.2,43.3,46.0,51.8,6.9,40.0,41.8,37.8,16.0,62.7,182.4,61.7,50.0,96.4,83.8,17.1,23
24.3,42.5,39.7,55.3,110.3,43.5,141.6,117.4,80.5,59.8,22.2,58.5,34.5,46.8,47.4,47.5,6.6,42.4,44.8,33.5,14.7,56.5,164.8,69.7,44.0,110.0,97.0,17.8,22
20.7,41.2,34.7,48.4,96.7,36.3,139.8,97.3,76.4,56.6,20.3,56.3,31.4,44.0,45.6,44.2,6.1,37.9,41.9,33.1,15.3,54.4,162.7,59.6,44.0,79.1,69.7,17.0,22
23.6,41.7,36.5,52.4,109.6,41.9,152.9,114.7,82.5,65.5,22.3,57.3,36.4,48.0,48.1,50.6,8.6,45.6,48.0,34.9,13.5,58.0,179.3,69.3,50.4,111.1,101.2,18.8,41
22.3,39.8,32.2,45.7,88.8,35.3,144.9,87.3,79.8,56.0,20.3,54.7,31.9,37.0,40.0,44.4,7.1,36.7,39.9,34.8,14.0,55.4,170.3,51.6,45.0,77.1,62.5,16.8,20
25.6,41.1,37.5,52.1,110.2,45.8,157.2,115.9,84.4,68.8,22.5,55.8,37.2,44.0,44.3,49.7,8.0,40.1,44.4,34.7,14.3,59.5,181.0,67.6,53.8,105.4,105.1,19.2,23
24.0,44.6,34.6,53.7,107.6,42.1,159.3,104.4,89.0,66.6,20.0,58.1,35.0,42.5,45.0,51.7,7.3,41.0,44.5,37.6,16.1,62.7,186.8,67.4,47.7,89.4,89.8,17.4,25
23.8,41.8,38.0,51.3,106.2,41.0,145.9,113.0,79.2,67.7,21.3,57.7,35.3,37.0,37.3,45.8,7.1,41.7,44.7,35.4,12.5,57.5,169.8,64.8,46.7,100.2,91.4,18.9,24
23.1,40.6,36.5,50.5,100.4,40.9,147.4,105.6,81.8,58.5,19.9,59.3,34.0,43.0,44.1,48.8,7.4,41.5,44.1,35.4,13.2,60.0,172.0,60.8,45.4,91.1,80.5,17.2,28
22.8,42.9,33.7,51.6,97.2,37.5,152.5,100.4,88.0,57.6,20.7,55.8,35.1,45.3,48.0,52.4,7.4,39.0,43.0,37.3,14.3,62.0,175.2,56.8,47.7,90.7,77.0,17.3,28
25.0,42.3,40.9,53.8,113.9,41.3,144.2,110.8,78.0,67.3,22.3,58.9,34.6,46.8,47.1,45.1,7.1,41.4,44.5,34.7,15.2,56.3,168.2,71.6,47.3,101.0,98.0,19.0,23
25.3,41.3,39.0,51.8,113.7,43.3,160.5,110.6,88.0,70.8,21.3,57.6,36.6,38.0,39.5,50.7,7.5,41.0,43.2,36.9,13.5,62.0,185.3,72.8,46.5,98.7,102.0,18.5,24
22.7,39.6,34.5,47.8,98.6,36.0,152.5,101.9,84.8,62.3,22.0,58.0,35.0,41.3,43.5,49.2,7.5,38.3,43.5,36.3,14.4,59.5,177.7,60.3,49.0,85.1,78.3,17.3,24
22.0,42.0,34.5,50.0,99.5,37.2,151.1,105.6,83.7,61.3,19.8,56.1,33.2,46.1,48.0,49.7,7.3,40.6,43.0,36.6,15.0,60.1,172.8,58.2,47.1,90.1,80.1,17.0,25
22.5,42.6,38.5,53.4,105.9,39.9,150.0,112.0,86.3,56.3,20.6,56.5,34.3,45.5,48.0,49.3,7.5,42.1,43.8,35.9,15.4,59.5,172.6,67.0,49.0,101.4,91.2,17.2,25
22.0,41.3,37.8,51.6,99.8,37.4,141.1,109.3,76.4,65.5,20.0,57.5,31.4,44.0,45.1,44.7,6.7,40.6,43.3,32.2,15.0,52.1,165.1,59.9,44.7,93.3,78.7,17.4,27
19.7,39.7,31.0,46.4,87.4,34.0,144.3,94.3,78.9,55.8,21.5,55.6,32.2,46.0,46.5,45.5,6.2,37.0,39.9,33.4,15.8,54.6,167.4,51.5,46.7,75.5,60.7,16.5,23
22.0,40.5,38.9,50.4,97.6,36.4,150.5,102.3,83.0,59.0,21.2,57.8,32.1,39.0,40.5,48.4,7.5,40.2,42.6,36.4,13.1,61.0,175.3,59.1,48.5,83.7,79.8,17.4,22
24.3,41.1,41.0,52.5,109.8,43.0,149.7,115.3,83.9,55.8,21.3,57.6,35.8,44.5,44.3,48.1,7.1,44.4,47.7,35.9,13.2,60.0,172.1,69.7,49.0,106.6,101.1,18.2,24
24.0,42.0,41.5,51.5,101.7,39.5,152.5,104.2,85.8,59.5,21.2,59.9,36.2,45.0,46.6,49.9,7.4,40.5,43.2,35.7,15.4,57.0,178.3,66.4,48.4,94.6,89.0,17.5,24
19.7,40.0,32.0,48.6,97.1,32.5,151.5,96.2,86.2,60.4,20.5,55.7,32.5,40.2,41.9,49.6,6.6,38.2,41.5,36.3,14.0,58.6,173.2,56.9,47.4,83.0,69.0,16.3,23
21.0,41.2,33.7,49.0,90.9,34.5,153.7,97.4,87.2,59.1,19.2,57.3,33.7,40.9,41.8,50.6,8.1,37.8,42.2,37.5,13.2,60.2,178.7,50.1,45.3,77.1,68.4,17.0,22
27.1,40.3,40.6,55.0,115.7,44.5,154.3,118.3,87.3,67.0,22.0,56.9,36.5,42.3,42.6,52.6,7.5,40.7,45.0,37.8,12.4,61.5,176.6,70.9,51.4,109.2,108.5,19.0,25
20.8,40.4,36.2,47.8,88.4,36.1,147.2,96.4,83.1,57.1,21.3,56.1,33.3,40.3,41.5,48.5,6.5,37.4,42.8,35.4,14.0,59.3,172.3,50.7,47.4,78.6,65.5,16.7,22
23.6,41.4,34.7,49.6,103.5,40.2,149.7,97.7,82.7,65.2,20.0,56.9,33.6,41.4,43.4,48.7,7.2,38.8,43.2,35.9,13.8,59.0,175.7,61.4,44.7,87.3,79.7,17.1,24
23.0,39.5,38.6,50.0,105.2,40.6,146.2,101.7,79.2,62.8,20.3,57.6,33.2,45.4,45.1,46.9,6.7,41.3,44.3,35.2,13.2,58.5,170.0,66.3,45.8,93.3,84.5,17.0,24
20.8,38.7,28.4,45.1,87.5,35.2,150.6,85.3,82.4,58.0,20.8,53.2,33.7,38.6,41.5,48.8,7.9,34.8,38.8,34.5,15.4,60.1,175.0,45.9,47.6,72.0,57.8,17.7,30
22.7,41.5,41.6,54.2,107.7,42.1,141.5,115.9,78.6,57.4,21.9,57.2,34.3,46.3,47.0,45.2,7.1,42.3,46.2,33.9,14.2,55.5,163.7,66.5,48.8,103.6,96.2,18.0,34
21.5,40.9,43.6,52.1,104.5,39.8,153.3,112.1,84.3,61.1,19.7,57.0,32.4,42.5,44.5,50.0,7.2,41.1,44.5,35.8,13.8,59.3,177.3,66.4,48.6,91.6,92.1,17.2,24
24.0,43.3,36.7,55.4,113.5,41.4,148.7,125.3,80.7,68.1,21.4,57.5,36.0,49.8,49.5,46.4,7.0,48.6,50.5,34.7,14.5,57.5,170.2,65.2,50.5,119.1,109.3,18.3,45
24.3,41.6,35.0,49.7,100.9,40.5,157.2,108.4,87.1,57.5,21.2,57.2,35.5,44.5,46.3,49.2,6.9,39.0,41.7,38.3,15.1,61.5,179.8,61.2,54.8,100.2,89.0,18.0,43
22.2,41.7,34.5,51.2,104.7,40.3,156.0,103.8,85.6,63.0,21.2,56.6,34.7,44.7,46.1,50.4,6.4,39.5,43.7,38.8,15.5,65.1,179.6,64.9,48.8,93.4,87.3,16.8,25
21.2,39.5,35.0,49.0,97.5,36.3,147.8,101.7,85.6,56.2,19.2,56.1,31.8,44.5,44.6,47.6,6.7,41.2,45.1,35.4,13.1,58.5,171.7,57.1,46.6,90.1,76.8,17.2,28
23.7,40.4,35.5,49.6,101.4,39.8,148.7,100.9,85.5,64.6,20.3,57.0,34.7,41.4,42.5,47.9,6.9,38.0,41.5,36.6,14.1,58.6,171.8,63.2,47.0,89.6,81.9,17.3,28
21.5,42.6,35.8,51.1,97.8,38.7,156.8,104.4,88.5,60.8,20.7,61.2,34.3,37.3,39.3,52.9,7.5,38.5,43.3,39.5,16.0,64.6,183.9,56.3,44.3,85.0,82.1,17.0,24
21.7,37.7,34.8,48.4,95.2,35.6,138.5,99.0,77.5,52.3,19.6,57.3,32.7,46.0,45.4,43.0,7.3,39.5,43.8,34.3,13.5,57.0,161.9,59.4,46.5,83.0,69.1,16.3,23
22.0,42.3,35.6,53.4,109.6,39.5,154.8,111.4,85.3,65.1,21.0,56.6,33.3,45.1,46.8,49.0,7.1,37.1,40.1,37.6,15.0,62.0,179.0,68.3,47.4,97.7,91.3,17.2,24
22.5,44.6,36.5,52.9,97.9,35.9,164.3,106.6,93.0,61.6,20.3,57.5,35.7,47.6,49.7,55.9,8.8,39.3,44.3,38.6,15.1,62.1,189.3,60.7,50.4,92.0,88.2,17.4,25
23.1,41.5,39.1,48.0,101.8,38.0,156.2,104.9,88.6,61.1,21.3,58.4,33.9,37.0,39.1,50.7,7.5,40.1,45.0,37.3,15.5,60.7,180.7,59.8,47.8,87.5,86.1,18.2,25
23.8,43.0,39.4,54.3,109.8,44.8,151.9,117.1,84.2,62.6,22.0,60.3,34.3,46.5,46.5,49.2,8.0,44.0,47.4,37.9,14.7,59.6,174.6,69.8,53.4,117.6,108.3,18.0,35
20.5,36.8,29.8,47.2,98.8,34.3,153.6,95.2,86.2,59.2,20.6,56.0,34.4,37.8,39.3,49.5,7.3,37.9,42.7,38.3,12.7,61.2,176.0,55.3,49.0,90.0,71.8,16.5,43
22.0,41.2,34.4,52.2,114.2,38.0,156.8,120.0,88.6,64.9,21.3,62.0,34.8,48.7,48.0,50.9,8.2,40.8,44.5,37.4,14.8,62.7,182.3,65.8,53.2,117.5,106.9,17.8,44
23.5,38.2,31.7,50.8,104.3,42.9,145.7,110.6,81.2,56.3,19.5,56.0,32.5,46.0,45.3,46.6,7.4,38.0,41.7,36.0,13.3,60.0,167.3,66.1,48.0,104.7,88.3,16.1,29
23.0,41.5,34.0,51.7,102.3,40.4,147.9,108.3,82.4,65.3,21.4,59.5,36.1,47.0,47.7,47.0,8.1,41.1,43.3,36.4,14.3,59.0,172.4,62.6,46.8,95.0,86.2,17.7,21
26.0,40.9,38.5,51.8,115.0,47.0,152.6,109.7,80.9,65.5,22.9,58.9,36.6,44.0,45.7,48.6,7.4,41.0,43.0,36.2,14.1,59.1,175.7,71.4,51.1,110.0,104.7,18.7,41
20.8,39.5,34.4,47.4,92.7,35.8,142.9,99.0,79.0,58.1,21.2,56.9,32.5,41.3,43.1,45.3,7.3,38.3,42.3,33.9,13.1,55.5,164.9,56.4,47.8,84.1,68.2,16.4,37
24.6,42.5,37.1,51.9,107.4,41.9,149.0,108.7,85.2,63.8,21.6,55.8,33.8,44.0,46.0,47.8,6.8,39.5,42.6,36.3,14.6,56.5,171.8,66.5,46.5,93.5,87.7,17.4,24
22.6,42.8,32.9,49.8,95.8,36.5,155.5,102.4,87.5,60.3,23.1,56.4,34.2,43.1,45.0,53.6,7.3,38.4,42.6,37.5,15.0,61.2,178.9,53.8,47.8,87.5,77.6,18.9,27
21.0,43.1,34.5,50.6,100.0,35.7,144.0,103.2,80.0,62.9,20.5,58.2,31.0,46.4,47.5,45.3,5.9,40.2,44.5,35.5,15.5,59.3,166.9,60.4,45.5,87.7,75.3,16.3,26
23.0,38.9,35.7,49.0,104.1,41.9,149.8,111.2,81.7,60.3,23.8,58.5,34.0,41.8,42.4,48.6,5.5,40.6,45.0,36.5,13.0,61.0,173.2,63.4,53.0,101.6,92.4,17.8,46
21.2,40.1,31.6,47.9,95.8,35.1,159.8,103.8,91.8,55.4,21.5,55.9,34.7,37.5,39.2,52.6,7.1,40.0,42.3,39.6,15.0,62.4,184.6,55.1,54.1,85.8,76.7,18.0,28
22.3,42.9,36.9,49.3,103.8,41.4,150.4,101.1,87.2,62.7,20.6,57.5,34.8,42.1,45.1,50.9,7.1,39.5,43.0,34.0,16.5,58.0,173.7,67.3,46.5,85.0,83.9,18.2,20
24.0,40.1,36.7,51.1,101.1,42.3,146.3,109.5,80.6,60.7,22.0,55.7,34.6,39.0,40.5,46.4,7.1,39.7,42.1,35.6,14.5,57.0,170.6,61.7,46.7,93.2,86.8,18.2,38
23.0,43.3,39.3,53.4,112.2,42.2,163.0,114.4,93.1,67.3,22.2,57.8,37.0,40.5,42.8,54.3,7.3,41.6,45.3,39.7,15.0,68.1,186.5,71.0,49.7,111.7,110.8,18.3,56
22.7,43.4,32.0,49.1,94.9,39.8,159.7,97.6,90.3,61.8,21.1,56.4,35.2,43.5,46.2,50.8,6.9,35.1,39.3,38.8,16.7,65.2,185.8,56.9,50.3,80.0,76.2,17.3,25
23.3,42.6,38.4,53.6,103.7,41.7,156.5,114.7,87.4,61.2,22.2,57.5,35.0,42.5,44.0,52.0,7.2,40.2,43.8,37.5,15.8,60.5,180.0,65.2,51.5,100.0,96.8,18.2,51
22.0,37.9,33.2,45.7,97.7,38.7,140.3,93.1,75.1,63.7,19.1,56.5,32.3,39.5,41.6,43.8,6.7,37.6,40.1,33.2,13.0,55.1,164.0,58.8,44.8,83.1,71.1,16.5,25
23.4,40.4,38.8,51.7,113.4,41.7,150.6,111.8,81.4,67.1,21.9,59.5,35.2,41.5,44.0,47.2,7.0,39.4,42.6,35.5,14.3,58.5,176.1,71.8,51.0,111.0,101.0,18.0,28
24.7,39.3,37.6,50.0,114.9,42.5,157.1,108.3,89.2,63.4,22.0,55.6,36.6,46.1,47.4,51.0,8.1,37.6,40.9,35.4,14.1,58.6,180.9,69.9,49.8,110.4,101.2,19.1,30
21.7,41.6,35.8,52.7,98.2,39.0,145.2,115.8,79.8,66.2,20.4,55.7,33.3,43.9,44.9,47.2,6.8,42.7,45.5,34.3,14.0,55.5,167.5,59.1,46.2,105.6,87.0,17.0,32
23.2,43.2,39.1,55.0,112.1,40.2,153.9,114.2,84.9,68.8,21.3,57.8,33.8,46.3,49.4,51.7,7.9,40.5,44.3,36.4,15.1,59.1,177.7,71.4,47.5,106.6,97.9,17.8,29
23.2,42.1,34.8,49.8,116.3,43.0,157.7,115.5,88.7,62.6,20.8,57.2,35.3,46.4,48.4,51.8,8.1,41.5,45.9,39.0,13.7,64.0,181.8,69.7,54.9,112.7,103.8,17.7,38
23.8,42.5,34.2,50.9,105.6,39.9,154.0,106.6,84.1,64.8,21.0,59.3,34.3,43.0,45.5,49.6,7.9,38.5,41.8,37.2,15.7,61.0,177.0,64.3,51.7,98.4,89.1,17.2,27
20.5,38.7,34.8,46.4,99.1,39.3,143.4,99.6,80.7,64.5,19.3,56.5,32.4,39.6,41.1,46.1,6.6,38.6,41.5,32.2,13.7,54.5,166.8,61.9,45.9,84.6,74.6,16.2,28
23.6,38.7,36.0,50.4,103.2,37.9,150.3,105.6,83.9,60.7,21.2,55.3,34.6,41.0,41.5,48.8,7.6,36.2,40.4,35.1,13.7,57.0,174.0,61.9,49.4,95.0,84.0,17.8,30
23.5,43.0,34.0,49.6,95.9,39.3,154.7,98.9,86.8,62.9,20.5,56.0,34.2,41.0,43.6,51.1,7.2,36.3,40.4,36.3,16.3,59.9,179.0,56.5,48.2,84.0,75.0,18.0,25
26.4,44.2,39.0,57.1,112.7,44.5,148.2,126.3,79.2,66.5,22.5,58.0,36.9,48.5,49.5,46.3,7.4,41.6,45.0,36.4,15.7,60.0,170.8,69.9,51.7,117.6,110.6,20.0,26
22.3,39.4,33.8,48.3,97.7,36.8,143.6,98.9,77.2,58.2,20.3,55.0,32.7,44.2,45.6,47.6,6.9,35.7,38.8,34.6,15.6,58.5,168.4,59.8,46.5,90.5,72.7,17.0,26
23.5,41.4,33.4,49.7,105.0,39.7,157.8,100.4,89.5,67.2,21.7,57.9,35.0,42.2,43.4,51.4,8.0,39.4,43.4,37.3,15.0,61.5,182.8,62.1,48.8,88.5,88.2,17.5,29
21.3,36.6,27.4,43.6,94.7,36.0,144.5,87.7,81.4,55.3,18.8,57.3,31.5,41.6,42.5,46.1,7.2,34.5,38.0,34.3,13.2,56.5,168.2,56.4,49.4,91.2,66.3,15.6,31
22.8,42.5,33.7,50.4,103.2,39.5,156.1,106.2,86.6,60.6,21.8,57.1,34.3,40.8,43.4,52.0,7.2,39.3,43.4,36.1,14.6,60.0,180.5,61.0,48.7,97.1,85.2,17.7,35
20.3,41.2,36.3,49.0,99.4,36.3,143.3,98.1,82.4,58.3,21.2,54.5,32.7,40.1,43.7,48.2,6.7,38.6,42.3,33.0,15.7,56.1,166.6,62.1,44.7,84.6,73.4,17.2,21
20.8,43.2,30.8,48.9,98.0,34.9,150.4,97.4,85.7,62.8,20.3,56.2,32.2,43.9,46.3,50.3,7.2,35.2,39.0,35.5,15.8,59.2,172.7,58.1,46.5,83.5,68.7,17.0,27
24.0,43.0,33.7,51.9,102.2,39.9,157.4,111.9,88.3,67.7,22.1,59.4,36.1,40.5,42.0,51.4,7.2,39.4,43.8,39.6,15.4,66.6,182.8,64.9,47.9,98.8,92.5,17.4,22
22.3,39.2,34.3,47.9,99.3,40.2,144.5,102.0,79.0,59.8,21.4,56.9,33.3,40.6,42.0,46.1,7.4,38.6,43.0,34.2,13.5,55.2,168.3,57.6,45.4,89.7,76.2,17.7,34
23.1,40.2,35.4,49.9,101.3,39.6,147.8,106.3,85.2,62.5,19.3,54.0,32.1,44.3,44.5,48.2,7.3,37.3,40.7,35.5,14.5,55.5,170.9,63.7,44.4,86.8,80.4,16.1,20
24.7,41.3,36.4,51.2,109.9,42.1,147.0,112.8,81.3,68.7,20.2,58.3,32.5,44.2,45.5,47.8,6.9,42.1,46.0,34.3,13.5,54.4,169.6,63.8,46.0,104.6,92.1,17.0,22
24.6,41.1,40.0,50.4,105.8,42.8,154.8,102.1,86.0,63.8,22.2,56.8,35.3,42.3,44.0,49.1,7.9,40.6,44.8,36.7,14.5,60.9,179.0,64.0,49.5,90.1,91.4,18.0,22
23.3,43.3,32.5,49.4,99.7,39.0,153.1,99.4,84.4,67.4,20.6,57.5,33.5,44.2,46.3,49.1,7.3,38.2,43.1,37.0,16.4,60.6,179.5,60.4,46.5,80.5,79.6,17.3,24
22.6,39.9,34.3,47.4,97.2,38.5,148.3,97.2,77.7,57.7,21.2,59.0,33.5,37.1,39.0,44.6,5.9,36.7,40.3,34.5,14.0,56.6,173.6,59.0,49.7,79.2,74.6,17.5,22
22.3,42.8,33.9,48.8,94.2,35.9,154.2,93.0,87.4,63.4,20.3,54.5,33.8,42.2,46.0,48.6,6.6,37.8,40.7,36.7,16.0,59.0,177.8,58.1,48.4,83.0,72.6,16.8,24
20.5,41.7,31.8,46.7,94.0,32.8,152.7,91.5,87.9,60.7,20.6,57.9,32.2,42.3,45.3,49.9,6.6,38.4,42.1,37.5,15.5,61.0,177.1,53.8,45.0,80.8,68.7,16.8,20
23.3,42.8,35.7,51.3,102.2,38.2,158.8,104.2,91.2,66.2,21.1,59.2,34.9,40.7,43.7,52.5,7.2,42.1,45.9,39.8,14.4,66.0,184.5,63.5,46.9,91.7,89.2,16.9,21
23.0,41.3,33.8,48.2,94.0,37.7,150.7,93.6,84.2,62.3,21.5,55.8,34.9,39.0,41.9,49.7,7.3,35.5,38.1,35.3,16.4,60.3,173.8,54.0,45.0,76.3,69.0,17.4,22
22.7,38.8,34.5,45.2,91.6,36.6,146.9,94.0,85.0,59.6,20.7,55.4,32.3,35.5,37.7,47.4,7.2,37.5,39.4,34.6,14.0,57.0,171.0,55.3,43.9,78.4,68.2,16.6,20
21.2,41.2,32.0,50.5,95.2,36.5,143.0,108.8,78.9,58.0,20.8,56.0,32.0,44.3,46.5,46.9,7.1,40.4,44.9,34.6,13.5,56.9,164.5,58.7,45.0,94.5,75.7,16.9,44
23.5,41.3,32.9,50.9,104.0,40.9,146.0,103.6,79.3,63.7,20.5,56.8,34.6,46.2,47.1,47.0,7.0,39.0,43.0,36.3,14.5,57.0,170.0,62.3,46.2,91.0,82.7,17.1,21
22.5,38.2,38.2,49.0,101.7,37.2,146.7,100.1,81.5,61.5,20.9,58.7,32.5,43.5,43.1,46.0,7.7,41.9,45.2,35.6,12.1,59.0,168.7,62.9,47.4,90.7,80.1,16.6,21
25.2,42.2,36.0,50.5,106.8,41.0,155.4,101.1,87.9,59.7,20.7,59.7,36.2,41.5,44.5,51.3,8.0,39.1,42.5,37.1,15.0,61.5,181.0,68.2,51.1,102.0,93.0,18.3,42
22.2,39.2,34.0,47.3,99.5,37.2,147.3,95.3,77.8,64.5,21.2,56.1,33.4,39.6,41.1,47.1,7.4,38.1,40.7,34.1,13.7,56.3,172.2,59.3,47.8,90.6,76.0,17.6,21
24.4,42.2,35.8,52.2,104.8,40.5,154.6,108.3,86.1,66.8,22.3,57.7,35.7,45.0,47.8,49.8,7.7,41.1,44.4,37.0,16.4,63.0,178.8,63.8,49.4,103.3,95.0,18.8,28
22.5,41.3,30.5,46.7,94.8,36.5,152.9,91.4,83.3,59.1,19.3,56.7,33.6,40.5,43.4,49.7,7.3,37.4,41.2,35.2,14.7,57.5,178.4,55.2,46.8,81.5,69.1,16.6,20
21.2,41.7,34.1,48.0,99.9,37.0,153.6,101.2,86.7,62.3,20.9,58.1,33.5,36.7,39.5,50.3,7.3,36.5,41.5,38.4,13.9,64.5,178.0,65.5,47.7,89.1,81.1,17.0,25
24.7,42.3,35.8,51.6,100.3,40.8,153.3,106.7,85.9,59.5,22.5,55.8,35.5,42.4,45.3,50.3,7.9,38.3,42.6,37.1,15.5,58.6,177.7,61.8,46.5,86.5,84.7,17.9,21
21.5,38.6,30.4,47.2,96.1,36.3,151.2,98.3,86.2,60.7,20.9,54.3,32.9,43.3,45.1,48.7,6.6,39.2,42.1,36.0,14.5,60.5,174.6,57.0,46.4,85.6,73.0,16.9,32
20.7,42.4,33.0,50.8,97.5,35.7,153.3,103.5,83.9,61.9,20.3,57.3,32.7,45.2,47.6,49.6,7.0,39.4,44.1,36.6,14.6,63.1,177.5,59.7,47.8,90.0,79.1,17.1,25
24.3,43.9,37.5,54.3,109.0,40.8,152.7,113.6,84.7,62.5,22.3,58.0,34.9,47.0,49.5,50.4,7.4,40.5,43.6,38.2,16.0,61.7,177.4,66.3,47.6,102.4,96.3,18.4,43
24.0,43.2,40.2,55.8,109.3,41.8,150.5,123.8,80.0,66.9,22.2,57.9,34.9,52.8,51.3,48.6,6.8,47.5,52.3,34.9,12.8,58.2,173.5,65.5,51.2,112.0,104.9,18.2,39
22.8,40.3,33.7,49.3,108.0,41.0,150.7,102.7,81.8,59.8,19.8,55.2,34.0,45.3,47.2,48.0,7.5,36.1,39.5,35.7,14.7,58.0,174.8,67.7,50.5,98.5,87.0,16.7,26
21.8,39.8,35.0,47.8,95.3,36.1,146.9,95.1,84.3,57.3,20.4,56.2,32.2,42.0,43.6,47.5,7.4,38.6,42.0,35.7,14.1,58.1,170.4,58.2,46.3,81.6,70.5,16.8,30
23.9,42.4,36.7,54.7,106.9,41.5,150.0,117.2,84.2,62.6,22.0,59.5,34.2,50.0,50.6,47.8,7.4,42.0,45.4,36.6,15.0,61.5,172.8,66.4,50.0,104.8,97.8,17.4,25
23.6,43.4,38.8,56.6,111.2,42.7,153.3,118.3,84.8,64.0,21.6,58.0,34.8,44.2,45.5,50.3,7.4,45.3,47.5,38.1,13.8,60.8,176.7,66.9,52.0,110.8,103.9,18.3,35
22.8,43.2,36.2,55.8,107.2,41.5,149.8,117.1,82.5,60.4,21.4,57.7,33.3,50.5,50.7,48.0,6.9,43.8,47.9,37.0,14.7,59.9,171.9,66.4,51.6,109.6,96.9,17.8,37
21.5,42.7,32.0,48.7,96.6,35.3,163.0,97.5,96.5,59.1,20.6,56.9,34.7,41.5,44.0,54.1,8.0,37.7,40.2,39.4,16.6,66.7,187.8,57.3,49.2,85.4,78.3,18.0,38
23.0,39.7,37.0,51.3,102.8,38.9,147.7,107.4,82.4,57.3,20.1,57.3,34.5,44.0,44.0,47.3,7.1,38.2,42.3,35.6,14.3,59.0,170.3,64.6,50.0,93.0,83.6,16.8,33
22.0,39.9,33.2,47.7,92.2,35.5,149.0,95.6,79.0,59.8,19.6,56.3,33.0,42.7,43.5,47.0,7.4,38.0,42.4,34.8,14.6,56.2,172.6,53.3,48.2,82.7,69.4,17.4,22
23.7,41.2,38.8,53.4,110.6,41.0,148.5,114.4,83.2,62.4,22.2,56.3,33.3,45.3,45.0,49.1,7.5,40.7,45.8,34.9,15.4,57.5,170.3,68.6,48.8,108.2,95.8,17.6,35
23.0,42.9,39.3,54.1,107.3,41.2,146.6,112.9,81.0,63.8,21.6,58.3,33.7,45.5,46.6,48.0,8.0,41.0,44.4,36.4,14.0,60.0,170.1,67.1,47.0,98.8,94.5,18.1,34
20.3,39.4,32.8,49.6,99.2,36.3,154.0,102.0,87.2,61.8,20.5,55.6,34.7,41.0,43.0,51.1,7.5,40.0,42.8,35.8,14.1,59.0,178.8,61.0,48.5,97.2,80.7,17.1,30
23.0,39.5,34.0,49.6,104.8,39.5,155.7,106.8,87.5,66.2,21.7,59.7,34.7,42.0,43.0,52.4,7.7,39.0,42.8,38.2,13.8,64.3,179.7,63.6,48.7,104.0,91.2,17.8,23
23.2,40.4,34.0,49.2,102.1,38.8,153.6,103.8,84.5,62.7,21.2,59.0,34.0,44.0,45.5,48.6,6.9,39.6,42.8,37.4,14.8,61.6,177.2,63.1,49.0,96.7,85.0,17.0,31
23.3,40.1,34.3,49.6,96.2,38.3,142.7,100.7,76.7,57.4,20.5,56.4,32.3,41.8,43.5,44.7,7.1,41.8,44.5,34.0,14.0,57.0,165.7,58.2,48.0,89.0,74.4,17.0,21
23.2,44.0,36.5,53.5,109.5,41.9,154.1,107.6,84.5,60.1,21.1,58.0,35.3,42.0,45.5,48.9,7.8,39.4,41.5,38.7,15.6,62.1,178.6,69.7,53.0,107.4,98.0,18.0,22
21.8,41.2,42.8,51.2,101.9,40.3,152.0,108.1,88.8,63.5,20.6,56.2,34.3,41.8,44.5,50.3,8.1,41.4,44.8,36.9,14.8,63.1,174.3,67.8,43.8,93.8,92.6,18.1,35
22.0,41.5,34.4,51.2,98.9,39.3,153.0,110.9,85.4,66.4,23.1,55.9,35.6,46.3,46.8,50.4,6.5,40.0,44.0,36.4,14.3,61.0,175.1,58.9,48.2,92.7,84.3,18.0,37
23.6,40.5,37.4,50.4,99.4,37.5,146.9,102.3,81.1,62.4,21.3,56.1,33.0,44.5,46.0,46.3,6.5,38.3,41.5,35.1,14.8,57.6,169.8,61.7,47.6,89.5,78.2,17.3,22
23.4,41.8,38.2,54.9,108.4,41.2,149.3,116.7,80.9,62.4,21.2,58.8,34.4,47.3,48.5,49.5,6.9,41.5,45.0,34.5,15.4,57.5,172.2,67.4,49.0,109.8,96.9,17.4,33
23.0,39.7,36.0,52.4,100.2,39.8,140.3,108.6,76.8,60.8,20.9,59.2,33.6,44.3,44.0,45.9,7.0,43.3,46.5,33.2,13.0,54.6,166.3,61.8,46.3,100.1,86.9,17.0,42
26.6,41.3,37.6,51.1,105.3,43.5,155.2,109.6,85.9,63.4,21.8,57.8,36.3,46.0,46.5,49.6,7.8,40.8,44.2,36.0,13.6,60.5,181.3,63.9,50.7,96.5,95.6,18.4,26
23.4,42.4,34.6,50.3,100.3,40.3,154.4,103.7,81.4,66.3,21.0,57.7,34.4,44.4,45.6,47.9,7.4,38.6,41.8,37.6,15.0,61.8,178.4,60.7,49.0,99.5,87.6,17.1,40
25.2,39.5,35.9,47.1,102.8,43.7,161.4,100.7,93.1,64.9,22.3,58.1,37.2,41.0,41.5,54.0,7.3,37.8,40.6,38.1,14.8,64.3,185.4,60.1,48.5,94.0,89.2,18.2,57
21.2,40.8,29.9,47.2,91.6,32.7,141.9,93.4,77.3,56.5,19.4,56.8,31.5,43.7,45.5,45.9,6.5,35.3,39.4,34.8,14.5,55.0,165.3,54.4,43.2,77.5,60.9,16.7,20
23.0,41.6,33.1,50.6,98.1,38.9,147.1,106.0,82.2,61.5,20.7,55.4,34.1,43.1,45.0,48.2,7.5,39.5,42.8,35.5,14.2,57.0,170.0,57.4,48.6,98.8,79.6,17.0,48
22.1,43.1,31.4,52.1,109.9,37.0,169.9,108.1,95.5,75.7,21.9,59.1,36.6,49.4,50.0,55.9,8.1,40.7,44.7,39.6,15.2,66.0,196.0,62.7,52.2,105.8,98.1,18.0,38
22.0,38.6,32.6,48.3,96.2,37.0,150.0,99.3,83.8,57.4,21.0,56.8,34.1,41.2,43.5,49.0,7.2,36.4,39.9,34.6,15.0,57.2,173.4,59.3,49.3,86.2,74.2,17.1,27
22.8,42.1,37.8,54.2,107.9,41.2,150.9,110.6,81.7,66.9,21.9,57.1,35.0,47.5,48.6,47.9,7.1,44.3,47.3,36.1,13.6,58.0,173.7,67.8,48.7,104.2,95.5,18.4,40
24.6,41.1,37.8,49.6,106.6,42.0,159.1,105.3,87.8,65.5,21.2,59.5,36.3,47.3,49.5,51.3,7.8,40.4,44.8,37.8,14.2,62.5,183.8,64.8,51.0,93.8,95.2,17.7,27
23.0,41.0,36.5,51.0,100.8,39.3,146.9,112.5,80.0,60.4,21.7,58.0,34.9,47.8,48.0,47.7,7.4,43.0,45.4,36.8,13.8,59.0,169.9,60.8,52.0,99.8,84.8,18.0,46
23.4,44.7,33.2,54.2,99.4,40.0,155.4,109.9,87.0,64.0,22.3,57.0,36.0,51.7,52.3,51.8,7.5,38.6,43.5,37.7,16.0,64.0,180.5,61.4,46.0,90.2,87.1,18.8,23
23.3,43.6,38.0,55.2,107.5,41.5,159.2,115.8,81.8,70.6,20.6,59.8,34.6,42.4,44.3,51.1,7.2,41.6,44.5,37.0,13.7,61.0,183.0,63.5,53.0,108.2,104.1,17.2,28
20.9,39.1,31.2,44.4,91.9,34.8,151.9,90.8,83.4,58.1,20.4,58.3,31.3,35.0,37.6,46.5,6.5,38.2,40.4,35.1,14.5,55.2,176.4,53.4,46.9,78.0,66.2,16.4,29
23.7,41.8,35.2,51.5,100.5,40.5,146.8,105.5,80.2,61.2,20.7,55.4,33.4,40.0,42.0,46.6,7.0,39.3,42.0,36.8,16.0,59.1,172.4,61.7,47.8,92.0,82.1,18.1,44
21.7,41.8,34.7,51.1,101.0,37.9,151.9,104.7,82.5,64.0,20.4,57.9,33.5,43.0,45.0,49.4,7.8,39.4,42.6,34.8,15.0,57.5,175.5,61.4,48.2,96.1,84.4,17.2,28
23.0,42.4,34.0,49.9,102.2,40.0,155.8,106.2,86.2,61.2,21.7,58.6,36.3,46.9,49.0,51.5,7.3,37.7,41.4,38.4,16.0,62.5,181.8,60.9,50.3,94.5,87.6,18.2,42
22.8,42.7,32.6,50.1,98.0,39.5,156.0,99.4,88.1,62.9,21.6,55.5,34.2,40.4,43.8,50.1,7.5,36.8,41.2,37.0,14.9,62.3,180.8,58.9,46.1,86.0,80.0,18.3,21
22.6,45.7,40.6,55.7,105.6,38.0,165.9,113.0,89.5,69.8,21.7,59.0,34.4,45.6,48.0,52.1,6.9,40.3,44.5,39.9,16.5,65.0,191.7,64.0,50.2,94.9,98.4,18.4,32
22.7,41.3,34.2,48.7,100.7,41.2,153.3,95.5,88.9,65.3,20.7,57.3,34.8,39.9,43.6,49.7,7.0,38.0,41.9,35.2,15.5,59.8,177.1,62.6,44.5,81.0,78.7,17.0,28
23.4,42.3,41.0,52.4,104.7,40.4,155.6,109.7,85.7,62.1,21.9,55.7,33.7,47.0,49.0,48.7,7.1,39.9,43.2,36.6,15.8,59.4,180.3,66.3,52.0,93.9,95.2,18.1,33
22.2,40.3,28.0,47.0,88.4,33.3,154.8,89.9,85.8,63.1,19.6,55.1,33.3,43.2,44.5,49.3,7.1,37.8,41.0,36.3,14.1,60.6,179.2,48.6,45.3,73.2,67.6,16.7,21
22.1,41.6,32.5,48.5,92.1,36.5,151.5,97.3,83.6,60.5,20.7,56.3,33.3,42.6,45.5,49.2,6.8,38.0,41.0,35.3,16.1,58.5,175.6,52.7,45.5,82.5,68.3,16.8,36
21.9,42.5,35.5,50.5,97.6,38.6,154.0,103.8,84.7,60.5,20.7,57.3,34.6,42.7,45.0,48.2,7.7,40.3,44.3,38.7,16.0,62.5,178.0,60.8,50.8,86.8,84.1,17.4,44
24.4,41.4,33.7,49.0,97.4,41.6,157.0,101.6,87.8,60.4,21.5,57.1,33.8,41.5,44.0,51.8,7.5,39.3,42.0,38.7,15.2,63.0,179.2,59.3,49.9,95.2,82.8,17.5,28
24.3,43.0,37.5,52.0,104.3,40.5,161.4,108.3,92.4,58.8,20.1,57.3,34.5,44.4,46.1,54.2,7.6,38.3,42.1,37.7,16.5,64.7,186.3,66.7,50.2,94.8,93.7,17.5,28
24.6,40.2,37.5,54.3,114.9,42.8,157.5,115.8,89.2,66.8,21.5,57.8,35.7,45.6,46.7,51.3,7.7,41.5,44.3,37.7,13.0,62.4,182.0,70.8,52.5,109.0,106.0,18.4,27
22.5,40.6,37.2,49.4,100.3,38.3,155.9,106.6,88.1,64.1,21.2,57.5,34.2,43.4,44.3,50.9,7.7,39.0,42.2,37.1,14.2,60.0,179.8,60.8,49.5,88.0,86.9,17.2,25
21.7,42.8,33.6,50.3,97.6,38.2,165.8,101.4,93.6,58.5,20.3,58.2,34.8,42.2,45.3,55.1,8.8,39.0,42.8,37.3,15.9,60.5,191.3,58.8,51.8,91.5,85.3,17.5,38
21.7,42.2,38.4,50.3,95.5,36.3,146.8,103.4,80.2,64.1,19.8,55.7,32.7,44.2,46.4,47.3,6.9,39.3,41.8,33.8,15.5,56.1,169.1,59.7,47.1,85.3,75.3,16.7,24
22.0,42.9,38.4,51.8,107.7,37.8,156.6,108.9,88.7,69.5,20.5,60.5,35.1,45.5,47.8,51.5,6.4,39.3,43.0,37.8,14.7,61.0,182.2,68.4,47.5,95.5,93.3,16.8,36
23.3,41.5,36.3,50.9,100.6,39.3,146.9,105.3,76.7,63.5,20.2,57.2,31.8,44.0,45.0,47.2,7.8,40.0,43.0,34.0,15.0,55.5,171.8,62.0,50.2,97.8,84.9,16.8,29
21.9,42.7,43.2,52.3,105.2,39.6,156.0,111.6,89.6,60.8,21.2,58.3,35.3,42.1,45.0,50.2,7.3,43.1,44.3,37.1,15.2,60.0,178.9,65.5,48.5,96.0,95.7,18.2,33
24.3,40.3,37.1,49.4,96.0,38.8,145.8,101.4,81.0,59.2,21.7,54.3,33.1,36.4,39.0,47.3,7.3,38.3,42.2,34.5,14.0,55.3,167.4,59.3,47.0,81.6,75.5,17.2,26
22.4,40.3,34.2,48.0,94.9,40.2,147.3,107.7,83.3,60.8,20.5,55.5,33.4,46.0,47.2,49.0,6.1,39.8,43.5,36.2,14.2,59.2,169.2,56.8,48.4,95.1,77.3,16.6,40
22.2,40.3,31.2,47.7,95.3,37.6,155.3,101.0,88.3,64.7,21.0,57.1,33.6,38.0,40.8,51.1,8.1,36.0,39.4,38.2,15.0,63.0,180.4,57.7,45.8,81.0,73.5,17.6,25
23.2,40.8,39.5,50.8,102.3,39.3,155.0,101.8,88.4,61.3,22.1,57.9,34.5,42.9,44.0,50.2,8.0,39.3,44.0,36.5,13.7,60.0,180.0,62.6,46.7,88.5,84.9,18.4,34
24.3,45.8,38.7,55.4,107.6,41.4,162.2,109.9,91.6,70.1,21.9,57.0,36.8,45.0,48.0,52.9,7.4,39.5,44.3,38.0,15.9,62.5,186.2,66.9,49.2,100.3,101.0,18.3,33
21.9,38.7,33.3,49.4,97.9,38.3,144.5,103.2,79.0,57.2,20.3,57.6,32.5,40.6,41.7,46.4,6.9,38.2,44.6,33.3,14.5,56.5,166.7,58.4,48.5,93.5,74.1,16.2,31
24.0,42.2,38.7,52.2,96.3,39.3,137.4,105.4,73.0,62.8,20.0,59.1,33.4,44.5,44.6,43.0,7.2,39.6,43.8,31.8,15.2,51.0,163.3,60.5,44.0,88.7,77.3,17.5,24
21.6,39.5,36.0,50.3,101.8,38.3,146.3,112.6,79.6,60.3,21.1,56.4,32.9,41.8,43.3,48.7,6.9,41.0,45.1,36.3,14.0,58.2,167.3,59.1,50.3,102.6,83.3,17.3,45
21.8,44.2,40.9,53.9,103.1,37.8,163.7,103.2,95.8,60.4,21.0,57.6,36.7,45.3,46.6,53.9,7.1,39.9,43.5,39.3,15.8,65.3,189.6,62.7,48.5,90.8,94.5,18.0,31
22.7,42.7,37.5,52.8,110.8,40.0,158.2,113.3,88.2,60.5,21.3,57.9,35.0,44.4,46.6,51.9,7.0,38.3,41.6,36.7,15.3,62.0,182.6,69.7,54.5,107.7,98.4,17.4,35
20.5,38.9,34.0,48.9,95.5,36.0,146.2,104.1,78.7,60.3,20.3,55.8,31.0,45.1,45.5,46.2,7.1,37.7,41.8,34.7,13.5,57.2,168.0,57.0,48.5,94.0,74.6,16.0,31
24.2,44.5,37.2,53.2,108.2,40.0,155.8,104.8,87.5,63.5,20.5,57.7,35.5,44.9,47.8,53.1,8.0,40.9,44.3,36.8,15.5,60.3,179.9,66.3,47.8,96.0,91.7,17.3,20
23.2,41.8,36.5,51.6,102.7,39.3,155.7,108.7,86.9,64.7,21.5,58.3,35.0,45.0,45.0,50.8,8.1,38.7,42.2,35.7,14.7,60.4,179.3,63.4,49.0,93.6,88.3,17.4,23
26.9,42.3,37.0,50.0,106.2,42.2,156.7,115.4,88.0,63.0,23.1,58.7,38.0,42.1,45.5,53.2,8.0,43.2,47.2,37.0,15.5,61.3,182.0,65.6,50.4,104.8,101.6,19.3,19
20.5,41.3,30.8,48.3,89.6,33.9,155.1,92.7,86.5,64.5,21.0,57.7,33.3,44.5,45.5,50.8,7.1,39.9,42.4,37.5,15.5,60.6,178.8,50.7,46.8,75.5,67.0,16.8,22
22.8,40.2,32.4,48.0,92.8,35.7,147.1,99.0,82.8,62.7,19.3,57.9,33.1,42.7,43.0,46.5,6.9,39.3,43.8,35.4,13.7,58.0,170.8,57.6,44.2,83.0,72.6,16.3,20
23.8,45.9,40.1,56.8,116.7,42.9,162.2,124.2,91.4,70.4,22.9,58.8,36.9,48.2,49.3,56.0,7.5,47.0,51.8,40.0,15.5,64.4,187.2,70.5,50.7,111.2,118.5,19.1,31
22.1,42.9,34.0,49.1,96.8,36.5,162.9,104.1,94.0,62.0,21.0,58.8,35.3,42.5,45.0,54.8,7.2,38.9,41.3,39.0,15.5,63.5,189.7,57.7,48.3,87.5,82.9,17.1,21
23.8,40.2,33.5,48.8,102.9,39.0,150.0,95.8,83.7,62.9,20.0,56.5,33.8,38.5,41.0,49.0,6.8,36.7,40.0,35.5,14.4,59.0,173.9,63.5,48.5,95.0,78.6,17.5,20
23.3,42.3,37.6,49.4,100.4,38.6,146.2,99.4,84.5,62.4,22.2,58.5,34.7,42.0,44.3,48.7,7.3,37.1,40.7,36.0,15.7,59.6,170.6,61.8,45.5,82.6,78.1,17.3,20
22.2,40.5,30.3,46.8,96.7,35.5,150.5,96.2,82.8,57.3,20.2,56.5,34.0,40.5,43.0,48.1,7.6,37.3,40.4,36.0,15.3,56.6,174.9,58.0,49.0,82.2,71.3,17.0,23
23.1,42.9,33.8,50.4,104.1,39.8,147.1,102.4,77.4,64.9,21.6,57.7,33.1,42.2,46.2,44.7,7.4,39.0,42.2,36.2,16.2,58.7,172.1,64.9,47.7,89.0,83.1,17.7,23
22.7,44.0,27.8,50.2,92.4,37.7,156.7,104.7,90.0,58.9,20.6,58.8,34.7,39.5,42.0,51.6,7.5,36.0,42.6,38.1,15.6,63.5,183.8,53.8,46.3,88.0,77.1,17.8,20
21.8,39.8,33.3,49.0,96.3,36.3,147.8,99.4,85.3,58.5,20.0,55.8,32.8,40.0,43.0,49.4,7.2,36.6,41.1,35.2,16.0,59.0,171.4,57.7,45.5,97.5,73.1,16.3,27
21.9,42.0,37.4,50.3,98.9,37.5,145.6,104.3,83.7,62.0,22.1,58.8,34.6,46.6,48.5,48.9,7.3,40.1,43.9,35.9,15.5,59.5,168.3,58.9,41.3,82.5,77.5,17.5,20
20.5,39.7,33.2,49.9,99.4,34.5,144.4,101.2,79.9,66.3,20.1,54.7,31.5,42.5,43.7,45.9,6.7,37.1,40.4,34.2,14.7,57.0,168.8,61.9,45.0,84.6,72.7,17.1,18
23.2,41.6,32.0,48.7,98.7,37.3,143.8,102.0,79.7,59.4,19.4,57.5,34.3,37.4,41.1,48.5,6.9,38.0,42.6,33.6,15.5,54.4,169.6,60.3,44.0,86.0,75.8,17.3,25
23.7,43.3,39.0,53.3,104.6,40.8,154.1,106.0,83.6,67.6,22.0,55.1,35.2,39.0,40.0,48.9,6.4,40.0,44.8,35.8,16.3,59.6,178.0,66.1,49.4,91.5,89.8,18.4,28
25.4,43.3,43.5,58.8,124.5,45.0,157.0,132.1,86.9,72.9,23.2,58.3,36.4,51.3,51.0,51.5,7.3,45.1,50.1,38.9,15.6,65.5,181.2,78.5,50.5,130.2,134.6,19.8,24
23.8,41.1,38.1,53.0,103.4,39.1,152.3,108.6,85.2,63.2,21.5,58.0,34.9,46.7,46.7,50.3,7.3,41.4,44.2,36.5,15.4,60.7,174.8,63.3,46.2,82.5,87.0,18.0,20
20.5,39.6,34.1,47.4,91.2,34.0,141.4,94.5,81.5,55.6,19.1,56.9,32.1,38.0,40.0,46.8,7.2,38.2,43.3,34.5,14.0,55.5,167.0,53.7,42.0,86.4,67.0,15.8,23
22.3,40.7,34.1,49.5,100.6,38.7,155.2,100.5,89.7,63.9,22.8,58.1,35.2,39.7,43.0,51.7,6.8,40.0,45.5,38.0,13.7,63.1,181.1,59.0,45.2,90.0,84.7,18.5,29
24.0,42.3,37.3,53.0,109.6,41.0,153.9,117.2,84.0,73.2,22.0,58.9,35.3,41.5,43.4,50.1,7.1,40.8,45.3,36.6,16.0,60.2,178.1,65.0,47.8,107.0,101.3,18.8,31
22.0,39.0,31.7,47.2,98.6,37.3,150.9,98.7,83.3,60.3,21.2,56.9,31.9,40.0,42.0,49.2,6.7,37.9,41.5,35.0,14.1,58.5,176.4,61.7,47.2,90.8,80.2,16.8,21
24.6,41.4,30.7,48.3,92.7,41.3,141.4,93.7,76.1,61.6,20.3,54.0,34.4,43.2,45.5,44.7,6.6,38.4,42.5,33.9,16.0,55.0,166.1,58.8,45.7,80.8,69.7,16.5,23
25.0,39.1,39.8,49.6,107.2,44.1,148.7,107.6,82.8,58.9,20.3,59.8,35.1,41.2,41.8,47.8,7.5,40.6,44.7,35.4,12.6,59.5,173.7,66.4,47.3,95.5,94.7,17.7,22
22.9,43.3,35.8,50.6,98.0,37.7,146.5,102.7,84.3,63.4,21.1,57.5,34.4,43.3,45.3,48.8,7.0,39.0,43.2,36.3,15.3,59.0,170.2,57.6,42.0,83.0,79.1,17.5,22
22.7,41.5,34.9,49.4,96.8,39.6,141.7,99.6,77.8,62.9,20.8,55.1,33.0,42.4,44.0,44.4,7.1,38.0,42.5,32.5,13.9,54.6,163.6,60.0,44.5,77.1,73.6,16.8,22
20.7,41.7,37.3,52.3,101.2,36.2,146.3,114.3,80.3,61.4,20.5,56.6,33.3,46.4,47.9,47.6,7.5,42.4,45.4,33.9,14.5,56.6,170.9,58.3,46.9,95.5,85.5,16.5,30
25.8,44.9,42.2,56.7,111.8,42.8,145.0,114.7,79.0,65.9,22.3,57.7,37.5,48.0,48.5,46.5,7.1,39.0,43.3,34.7,16.3,58.5,171.0,72.7,48.0,106.5,103.6,18.6,21
21.1,40.4,37.7,49.0,97.5,37.5,142.7,102.4,81.0,57.7,20.7,56.3,32.0,41.0,42.7,46.5,6.0,38.7,43.1,35.5,14.6,57.2,166.9,59.1,43.5,86.6,75.9,16.7,29
23.0,41.8,37.4,49.4,102.2,39.1,155.1,109.8,89.7,59.2,22.2,59.6,37.1,45.5,46.6,52.4,7.6,41.3,44.5,36.4,15.5,62.9,179.0,60.9,51.1,99.0,93.2,18.2,31
21.7,42.7,35.1,53.5,105.7,38.3,154.9,112.8,86.0,62.0,21.3,58.0,36.5,48.0,48.0,50.2,8.1,40.6,44.8,36.3,16.0,60.0,179.2,63.3,51.0,104.8,95.5,18.1,27
20.3,39.0,33.3,45.9,94.3,35.9,145.7,95.9,83.5,56.7,19.9,54.1,32.1,41.1,43.5,48.0,7.2,35.1,39.5,34.7,15.5,58.2,169.6,54.4,46.0,83.3,66.1,15.8,35
23.7,42.4,38.3,53.5,103.1,38.8,154.3,110.1,85.3,69.5,22.0,57.4,34.3,40.1,42.2,48.3,7.4,43.1,45.2,36.3,14.0,60.6,178.4,62.7,47.4,98.7,93.6,17.8,34
21.3,42.4,34.1,51.3,103.4,38.8,149.9,109.4,83.4,65.8,20.0,55.5,33.0,43.9,46.0,48.9,7.0,38.7,43.0,36.5,15.8,58.6,176.7,61.5,45.4,99.2,86.5,17.0,32
20.8,39.9,33.0,50.5,99.0,37.8,143.0,106.2,81.0,58.1,19.3,55.0,30.7,44.7,45.3,46.1,7.1,38.2,42.5,36.0,13.5,58.5,166.6,60.1,45.2,95.8,78.4,16.9,44
21.9,40.5,32.5,46.6,97.7,37.5,149.0,96.3,82.5,60.0,19.9,57.7,33.4,42.2,45.0,48.8,6.2,41.0,44.6,35.7,14.5,56.6,172.1,57.3,46.4,83.6,72.4,16.8,28
22.3,39.2,34.4,47.8,96.2,37.9,140.7,100.7,78.0,65.8,20.3,58.0,30.7,43.0,44.5,44.3,6.9,38.1,41.8,32.5,14.1,52.8,164.4,59.8,42.6,89.2,73.7,16.5,27
22.3,40.2,36.3,49.8,102.1,38.8,148.9,107.7,83.0,61.3,20.2,55.5,33.6,41.3,42.0,49.8,7.2,40.1,44.2,36.5,14.1,61.5,172.4,64.2,47.8,97.6,83.8,16.5,27
22.3,41.2,37.1,51.0,99.2,37.7,141.5,109.3,74.3,57.6,19.5,55.3,31.3,44.8,45.8,44.2,6.7,40.0,43.6,33.1,14.4,54.5,164.6,61.7,48.0,97.6,79.2,16.2,28
20.2,41.3,29.7,48.5,97.7,33.8,153.9,97.3,90.4,58.4,18.7,57.3,31.8,42.0,44.5,50.9,6.9,36.2,42.2,37.3,15.1,59.3,177.1,58.0,47.6,91.1,70.0,15.6,26
24.4,41.7,35.1,51.0,104.4,40.7,153.5,107.8,86.0,60.5,20.4,57.1,36.4,44.8,46.6,49.2,8.0,37.7,42.9,36.0,14.6,59.7,178.1,62.7,47.8,99.9,88.6,18.2,27
21.3,39.7,34.4,48.6,92.7,37.4,146.9,103.2,82.9,58.9,20.6,52.6,31.7,44.0,46.0,47.4,8.0,38.9,42.8,34.9,14.0,57.0,170.0,56.1,43.2,82.1,70.3,16.6,23
20.2,40.7,36.4,48.4,92.7,36.7,152.4,101.6,88.3,56.9,21.3,54.8,35.0,38.1,39.5,52.2,6.7,38.7,42.6,38.2,14.3,63.2,178.0,58.2,44.0,83.5,75.0,18.0,33
24.5,42.8,35.5,53.9,106.4,40.8,153.5,114.7,84.7,66.1,21.4,58.0,35.5,48.8,48.5,50.4,7.3,42.0,45.3,37.5,15.8,59.6,175.8,65.6,49.2,99.5,95.3,17.7,27
22.2,41.1,34.7,51.6,96.1,37.5,158.0,102.8,89.0,63.8,20.2,55.3,34.3,44.5,46.5,51.3,7.9,39.7,43.8,38.4,14.3,63.3,181.8,57.9,50.0,87.7,78.5,16.9,23
23.0,42.7,42.5,54.3,110.6,40.4,147.4,110.1,81.1,63.8,21.7,59.0,34.0,43.2,45.5,45.7,6.6,43.5,47.0,35.4,15.0,58.5,170.3,70.7,50.0,101.9,98.0,18.0,27
22.5,40.4,31.3,47.1,95.9,36.6,145.9,96.4,78.0,62.2,20.1,56.2,32.8,42.2,45.1,46.2,7.6,38.5,41.5,34.6,15.2,57.8,170.6,57.1,48.4,89.0,71.7,17.3,21
21.3,40.2,32.2,48.0,89.7,36.8,149.8,96.8,84.9,58.8,19.9,57.6,32.1,41.9,43.5,47.0,7.0,36.2,39.1,36.7,16.0,61.2,172.6,50.3,46.4,73.0,64.2,16.9,20
22.3,42.7,35.4,50.2,93.2,35.0,152.6,104.4,83.0,61.8,22.1,57.0,34.3,42.5,44.5,48.2,6.5,39.2,42.1,37.3,13.7,60.0,176.3,54.7,48.6,82.3,78.4,17.7,23
20.4,37.4,31.6,46.8,99.9,37.4,143.3,101.0,79.7,57.8,21.2,57.0,33.5,40.0,42.1,46.9,7.4,38.5,40.1,34.5,14.3,56.8,165.2,57.4,47.2,94.8,73.4,17.5,41
24.2,43.0,37.5,54.2,112.2,41.6,157.2,108.8,86.0,66.3,21.4,57.9,35.3,43.9,46.2,51.4,7.6,42.0,45.9,36.4,15.7,62.4,180.5,70.0,53.7,108.0,100.0,18.2,23
24.3,44.8,36.9,52.2,104.0,39.5,165.0,106.4,93.3,70.7,22.3,56.2,35.3,48.1,50.3,53.4,8.3,39.8,43.0,38.0,16.0,63.6,187.4,63.4,51.1,94.1,96.2,18.4,21
23.3,41.1,32.2,49.1,97.7,40.3,156.3,103.1,87.0,60.1,20.8,56.0,33.8,43.1,44.7,50.4,8.0,36.3,38.4,36.8,16.0,61.5,181.6,58.3,49.1,89.5,80.9,17.0,34
21.7,41.6,37.0,51.0,95.5,38.4,151.7,101.0,84.3,58.9,20.7,55.6,31.2,43.5,45.8,49.2,6.6,38.6,41.5,36.2,15.5,59.5,174.0,57.9,48.7,90.6,79.1,16.7,26
23.4,41.2,31.5,48.7,91.7,34.4,144.2,95.3,78.0,60.8,20.2,56.8,33.6,44.0,46.0,45.7,6.8,38.7,42.2,31.4,14.5,53.1,168.1,55.4,45.7,83.4,68.0,17.1,19
21.8,39.5,34.0,46.3,90.3,37.3,141.6,96.9,78.8,54.3,20.6,56.3,31.9,40.5,40.5,44.8,6.9,38.6,42.6,33.5,13.3,54.5,165.5,54.5,44.5,80.4,65.6,16.4,25
22.5,39.2,35.5,49.8,99.8,38.3,151.5,101.2,85.4,60.5,19.9,57.2,33.6,43.7,44.2,49.7,7.2,39.8,43.4,35.9,12.9,58.7,176.3,62.2,48.7,94.9,84.1,16.7,23
20.6,40.0,29.4,45.0,87.6,34.4,151.8,88.4,84.6,55.1,19.5,55.2,33.3,40.8,41.8,49.2,6.2,34.3,37.3,35.2,14.9,59.5,174.6,49.7,46.8,72.2,58.8,15.5,25
23.6,41.5,34.7,49.0,96.2,39.1,147.9,96.9,81.9,62.0,21.3,55.3,34.3,44.0,45.5,48.2,7.2,38.4,43.1,34.0,14.4,58.1,173.3,56.8,45.6,85.2,73.8,17.4,23
20.7,41.0,31.5,46.3,92.4,35.7,152.4,93.4,84.9,64.2,21.8,55.2,32.3,39.4,41.5,50.5,7.5,37.1,40.7,36.9,14.0,59.7,175.7,57.0,46.8,77.4,67.2,16.8,22
21.7,36.6,31.3,44.1,92.2,36.4,134.5,90.7,73.8,58.6,19.2,53.6,29.4,39.7,40.4,40.0,6.1,38.0,40.9,32.5,13.1,52.4,156.7,55.8,44.0,82.6,62.0,16.2,24
22.6,39.8,34.5,47.7,96.3,39.6,145.4,95.7,82.2,58.0,20.7,56.5,33.7,42.7,44.6,46.6,6.0,37.1,40.5,36.5,15.6,59.5,170.3,58.6,44.2,80.7,73.7,16.8,22
23.3,40.1,42.6,52.3,100.0,39.7,148.2,108.6,82.2,60.8,21.0,56.0,33.2,44.0,45.5,46.0,6.0,37.6,41.2,35.8,14.1,57.8,171.8,64.1,47.5,87.0,84.8,17.7,28
22.8,42.4,31.2,49.6,98.9,37.9,161.5,92.5,87.2,63.3,21.3,56.4,35.3,39.0,41.4,51.4,7.5,38.7,44.2,38.0,15.1,63.4,187.1,58.0,54.6,83.5,79.2,19.0,25
21.7,40.9,34.4,51.9,105.6,36.6,151.0,105.4,82.7,63.8,21.1,56.5,33.3,45.6,47.0,49.3,8.2,39.1,42.7,34.7,13.9,56.0,172.8,67.2,49.5,105.1,85.8,17.0,25
23.1,39.4,34.2,48.9,103.3,39.3,154.8,100.3,85.5,65.7,21.3,56.2,34.4,46.7,47.2,51.4,7.8,39.4,44.0,37.2,14.0,60.1,178.8,64.3,49.2,94.7,84.8,17.8,21
21.6,38.4,31.8,45.7,91.7,34.5,144.4,95.4,80.7,60.6,19.3,55.4,32.3,40.5,42.2,47.4,6.8,37.8,42.7,34.8,15.0,56.8,168.8,57.9,44.2,81.6,67.5,16.3,22
23.4,42.8,37.4,53.6,104.9,39.9,153.3,107.2,84.8,69.5,22.2,55.8,32.7,46.8,47.3,49.1,6.7,39.2,43.0,35.6,14.6,60.6,176.5,66.2,47.5,97.8,89.6,17.8,22
22.7,40.7,36.7,50.1,103.8,37.8,146.9,104.5,78.7,66.8,20.7,55.5,34.0,43.4,45.0,46.4,7.1,41.6,44.4,33.3,13.5,57.1,169.0,60.5,48.3,99.1,83.2,17.8,23
22.3,41.9,36.5,49.3,92.9,38.9,148.3,98.4,84.6,60.3,21.8,56.0,32.6,44.0,44.5,48.0,7.0,38.7,41.4,35.8,15.4,57.6,171.8,54.4,43.0,78.3,73.1,17.2,22
22.6,44.2,37.9,53.1,100.9,39.6,159.5,114.4,93.1,63.7,22.3,61.5,35.8,45.7,48.2,54.4,7.0,43.9,47.7,38.6,15.2,63.8,182.8,62.2,51.1,108.0,98.5,18.2,38
