ankle circumference,back width (shoulder blades),biceps circumference,shoulder width (back),hip circumference,calf circumference,nape to floor (1),chest circumference,inseam,crotch length (low waist),hand circumference (without thumb),head circumference,foot entry,back width (high),back width (low),knee to floor,ankle to floor,neck circumference,base of neck circumference,shoulder to elbow,shoulder,arm length,height,thigh circumference,distance from nape of the neck to waist (back),waist circumference,weight,wrist circumference,age
20.4,37.3,31.5,46.6,101.1,36.0,133.6,92.2,75.9,55.7,18.2,54.8,31.4,36.3,39.9,43.5,5.5,33.5,36.8,32.7,14.8,51.3,156.0,62.2,40.6,85.0,65.7,15.2,26
20.7,37.2,27.2,43.0,89.3,35.0,144.0,83.9,83.5,54.9,18.7,53.5,30.7,34.0,37.5,48.3,6.9,30.2,34.5,34.6,14.2,57.5,166.5,52.4,42.2,70.8,53.4,15.5,21
23.3,39.7,30.0,45.0,98.7,38.4,145.1,87.4,82.1,64.3,19.8,58.8,33.1,34.5,39.9,47.0,6.4,32.5,36.9,36.2,16.4,56.8,171.1,57.7,41.9,72.7,66.3,16.2,23
21.4,38.4,36.4,48.4,101.2,37.2,143.0,100.8,80.4,64.0,19.2,59.3,33.2,39.2,43.5,46.9,6.7,35.7,38.6,33.3,15.7,53.6,166.0,67.9,45.1,92.3,78.2,17.3,22
21.4,37.8,32.0,52.5,128.1,43.3,136.2,108.9,72.6,68.6,18.3,52.2,30.8,42.8,43.5,44.0,6.3,34.0,35.8,32.9,15.6,55.9,157.2,76.6,45.2,116.3,88.6,15.2,45
22.8,35.6,34.2,47.0,108.5,39.6,148.5,103.1,86.4,63.4,18.8,57.0,33.3,37.2,38.0,47.8,6.3,35.4,37.9,34.8,13.6,59.2,170.7,67.4,46.6,96.8,83.7,15.9,44
22.3,35.8,32.0,46.6,104.9,37.3,140.5,98.8,77.8,60.3,18.3,58.2,30.4,42.5,42.3,44.5,6.2,33.8,36.5,33.1,14.1,52.5,164.4,65.0,45.6,96.4,73.2,15.4,21
20.5,36.5,33.7,47.6,109.5,37.3,142.8,96.8,80.3,61.3,19.2,55.1,30.8,39.2,39.7,47.0,5.7,34.9,38.6,35.3,13.6,57.4,167.1,67.5,44.5,91.4,76.0,15.5,23
19.3,35.5,28.3,42.7,96.5,34.5,129.3,83.1,75.3,57.0,17.7,56.2,29.5,32.0,36.4,42.5,6.3,31.8,34.0,32.8,14.4,52.7,152.1,59.2,38.7,75.5,54.5,14.3,24
20.8,32.3,29.0,43.5,104.5,36.7,136.0,101.0,75.0,58.3,19.5,52.8,29.3,39.9,39.3,42.9,6.7,34.1,36.2,30.5,12.5,49.0,159.0,60.4,44.5,94.4,68.4,15.1,37
24.5,40.6,40.8,51.7,124.8,45.3,146.2,106.5,81.0,70.1,20.8,61.4,34.2,39.2,41.2,47.2,6.0,37.8,42.2,34.3,16.1,57.3,170.7,74.0,42.7,93.5,99.0,18.0,33
22.0,38.7,31.6,48.5,101.4,35.8,142.5,103.4,82.2,61.5,18.5,59.8,33.3,40.0,42.5,47.0,6.5,37.8,40.5,35.5,14.6,60.0,166.8,60.0,43.2,94.2,74.2,16.0,36
20.6,38.4,33.4,49.7,104.9,37.5,141.7,106.3,78.1,65.0,18.0,54.0,29.5,39.0,39.9,46.4,6.3,34.6,38.6,36.8,14.0,57.0,165.4,62.3,43.0,99.5,78.1,15.9,40
22.0,41.8,32.0,49.7,101.2,37.3,143.0,93.7,80.1,64.9,20.3,55.3,32.1,39.2,44.0,46.2,6.4,36.6,39.2,35.4,16.6,56.5,166.6,60.6,43.0,84.8,71.8,16.7,24
19.4,36.5,33.9,48.6,100.0,37.5,137.9,98.9,77.2,58.8,19.0,58.6,30.8,40.0,41.2,46.4,6.6,35.4,37.9,34.3,14.2,54.8,159.9,63.9,46.4,92.9,70.9,15.0,30
22.3,36.7,28.5,44.1,100.7,36.2,142.9,94.0,78.6,62.0,19.3,57.2,31.3,32.8,36.5,45.7,6.7,33.7,36.9,34.0,13.3,54.0,167.3,61.9,46.2,83.5,67.2,16.2,36
21.8,37.1,29.6,46.2,96.9,37.7,140.8,83.5,76.5,60.1,19.2,56.8,31.2,35.0,38.1,44.9,7.1,33.1,37.0,33.3,14.9,53.8,164.7,56.4,45.8,77.2,62.0,16.2,19
19.7,36.5,26.4,43.4,94.1,33.8,144.0,89.7,83.3,57.0,17.8,56.8,31.5,35.5,37.0,47.4,6.3,31.5,33.9,32.9,13.2,54.0,167.8,56.9,42.8,80.5,59.5,14.9,19
21.1,39.3,33.5,49.1,101.1,38.2,142.2,97.9,83.5,63.0,18.8,59.2,31.0,40.0,41.9,47.9,6.5,33.5,36.4,36.6,14.8,59.3,167.9,64.7,41.1,86.8,74.1,15.5,33
20.9,35.9,29.0,42.8,102.1,37.9,137.5,85.3,73.3,64.9,17.1,53.2,28.4,36.1,39.0,43.4,6.4,31.7,36.1,31.8,14.1,51.7,161.5,61.5,43.5,79.2,60.5,15.0,34
21.7,34.2,33.6,50.2,110.7,41.3,128.0,109.0,66.4,59.9,18.0,56.0,30.5,43.4,41.4,39.4,6.4,34.1,38.2,29.8,13.3,50.0,151.7,69.5,47.8,113.7,80.0,16.0,31
21.8,38.8,32.0,46.3,105.0,40.6,142.3,94.1,83.9,57.5,18.5,55.4,31.8,39.0,41.9,47.4,6.3,32.4,37.2,35.3,15.4,58.5,167.4,67.7,42.6,88.1,74.7,15.5,29
20.1,33.0,26.2,39.5,86.7,32.6,138.8,85.7,77.0,59.3,17.7,53.6,29.3,32.0,34.2,45.4,7.0,30.3,33.8,33.0,13.2,54.7,162.3,49.2,42.5,70.2,49.1,14.6,31
21.2,37.2,30.8,46.7,103.8,35.3,143.7,97.3,80.0,60.1,18.2,57.2,30.9,37.0,38.5,47.4,6.6,34.0,36.8,33.3,14.2,53.0,166.8,61.4,46.8,95.4,70.3,15.2,33
21.3,38.3,31.8,46.0,98.1,39.6,143.8,97.5,83.1,60.0,19.1,57.6,32.3,38.5,41.0,48.5,6.3,32.4,36.0,34.9,14.3,58.4,164.4,60.3,43.7,79.6,71.5,15.1,19
19.5,37.0,31.2,49.6,106.9,34.4,136.6,102.6,77.4,60.8,19.0,56.2,31.3,43.7,45.7,45.6,6.6,34.9,38.4,31.4,15.6,53.2,157.9,63.0,44.2,100.0,70.8,15.8,23
20.5,33.8,25.7,42.5,91.7,34.3,120.8,83.2,61.0,60.5,17.6,54.4,28.8,36.9,36.5,34.6,5.8,30.9,33.4,27.1,12.8,41.0,144.6,52.9,40.0,74.2,48.8,14.5,23
23.1,37.3,31.0,44.7,99.7,40.0,140.4,92.1,77.4,61.5,18.5,55.0,32.0,33.6,38.6,45.4,7.0,33.2,35.8,33.0,14.6,53.5,162.0,64.3,45.0,91.2,69.1,15.5,21
21.5,38.6,30.5,46.3,104.2,37.1,144.0,103.2,82.2,64.5,18.7,54.7,31.2,35.8,40.2,47.4,6.0,32.0,36.0,34.5,14.7,55.2,168.4,63.9,42.0,91.3,73.0,16.0,24
20.7,37.0,29.4,45.6,96.0,35.3,138.0,90.4,80.2,54.3,18.3,52.5,31.3,34.2,38.0,46.5,7.2,31.8,37.5,35.8,14.2,56.9,161.9,56.5,41.3,82.1,61.0,15.4,30
21.3,36.3,27.2,45.4,105.6,36.8,133.1,95.1,75.5,61.2,18.0,54.5,32.3,37.3,39.2,43.3,6.1,33.0,36.6,32.2,14.0,53.2,159.2,61.1,39.9,93.0,65.8,15.3,30
21.7,32.9,32.5,42.7,103.5,34.9,141.5,95.0,78.9,58.8,19.3,55.0,31.0,38.9,38.7,44.2,6.5,33.5,36.2,34.0,11.8,53.3,165.5,62.5,45.6,90.1,70.9,16.0,28
23.4,37.0,29.0,43.9,103.4,37.0,147.4,96.5,83.9,63.9,18.3,57.3,33.8,38.7,41.5,47.6,6.6,32.5,37.0,35.8,14.5,56.4,172.3,60.1,43.4,93.5,72.8,16.0,22
20.7,37.0,35.2,47.2,115.4,37.8,145.7,111.5,80.9,65.2,18.8,56.4,31.5,41.5,43.6,47.5,6.3,35.0,38.8,34.0,14.6,55.2,167.7,70.2,48.1,107.7,84.6,15.0,40
23.0,34.8,38.9,48.3,118.4,41.6,142.4,117.0,76.4,66.5,19.0,57.7,31.6,41.2,41.5,45.2,6.5,36.4,39.1,33.2,13.3,53.5,165.4,73.5,48.5,111.2,94.5,15.6,42
20.7,36.5,30.5,45.4,99.1,34.8,140.4,89.5,80.1,60.0,18.0,53.8,30.0,38.7,40.8,45.3,5.5,30.7,34.1,35.1,14.4,56.9,163.4,62.1,41.2,81.2,62.7,14.7,26
19.1,35.6,25.4,42.2,93.3,32.5,145.2,94.4,88.2,56.4,16.8,55.3,30.8,36.5,40.1,50.9,5.8,32.3,35.3,36.8,15.0,60.7,168.3,54.6,41.5,86.9,57.8,14.1,40
18.8,33.4,28.2,42.3,90.0,32.0,134.2,83.3,76.2,50.9,20.4,57.7,29.3,35.0,37.6,43.1,5.5,33.6,36.8,33.5,14.0,53.7,155.2,54.1,43.7,71.2,52.4,14.8,29
22.6,36.0,31.1,48.1,105.2,38.5,138.3,102.5,79.2,55.6,18.7,53.3,31.2,40.1,41.1,46.7,7.0,33.4,37.8,33.9,13.1,53.5,161.7,61.6,46.9,105.7,73.2,15.9,37
24.0,34.7,37.1,47.6,108.6,42.1,136.5,98.2,73.1,66.4,19.7,55.0,31.1,38.1,38.5,42.7,6.6,37.1,39.4,31.3,11.7,48.7,158.8,72.7,44.7,96.4,79.1,16.9,26
23.3,37.3,37.1,50.8,117.5,40.3,140.6,106.0,74.4,71.0,20.1,58.2,33.6,38.0,39.5,44.0,6.8,36.5,39.1,31.7,14.9,51.3,164.1,72.0,51.7,113.4,89.4,16.6,31
22.1,36.8,31.7,43.6,97.9,38.0,143.0,99.1,81.2,57.9,18.3,55.9,32.1,38.0,39.7,46.8,7.2,32.3,35.5,33.4,13.8,54.9,168.5,58.0,44.4,86.9,68.9,15.4,28
24.2,37.1,31.9,45.0,102.1,41.8,142.4,99.4,77.5,60.2,18.8,55.3,32.6,34.1,38.4,45.9,6.8,33.1,38.3,33.4,14.5,52.2,165.6,63.7,47.2,94.2,75.8,16.1,25
21.6,36.0,30.7,50.3,104.1,38.9,137.1,107.1,74.6,59.8,20.6,56.0,32.0,38.5,39.7,45.0,5.7,36.4,39.4,33.0,14.3,52.5,160.3,61.4,47.9,101.9,73.1,16.5,26
21.4,37.5,33.0,46.7,113.6,39.3,137.7,94.5,74.3,67.1,19.4,55.5,30.5,37.7,39.6,45.0,6.4,33.0,36.9,33.6,14.4,52.9,160.8,68.6,43.2,86.5,74.8,16.0,35
21.8,39.5,33.0,49.5,104.6,39.3,141.9,109.4,79.5,64.8,19.4,56.5,30.2,43.5,43.8,47.1,6.6,37.5,41.6,33.6,14.9,53.3,166.4,64.5,43.1,97.5,80.6,16.2,22
21.2,39.1,32.1,46.4,103.0,41.0,138.8,93.2,80.7,63.9,20.3,55.7,32.0,38.1,42.0,47.2,6.6,34.7,37.0,35.7,15.8,56.4,161.9,65.2,39.8,81.4,71.4,16.1,40
20.0,40.3,30.5,48.3,105.3,35.9,140.5,101.3,80.8,61.8,20.1,56.5,31.1,38.0,41.9,47.7,6.2,34.0,37.7,35.5,17.2,57.0,162.0,64.6,45.0,94.7,71.2,15.8,43
21.7,37.9,29.7,45.1,100.9,36.2,147.5,91.0,86.9,62.0,18.6,56.0,31.9,40.0,42.7,49.6,7.2,33.4,37.3,36.2,14.9,58.5,172.0,59.8,42.2,79.4,65.7,16.0,20
19.9,34.0,25.8,39.6,88.0,33.0,135.2,79.3,77.4,53.0,17.6,54.1,31.0,37.0,39.5,45.4,6.7,30.6,35.0,31.7,13.2,50.7,158.2,49.3,41.3,67.9,47.7,14.9,26
21.5,37.9,28.8,44.5,105.0,36.7,149.0,95.4,82.3,62.5,18.7,56.8,31.1,36.6,40.8,47.5,6.3,32.3,35.7,36.2,15.2,58.0,172.0,63.7,47.0,89.0,69.6,15.2,24
23.8,34.9,43.5,49.4,130.6,48.2,147.5,116.1,80.4,70.5,18.8,58.0,33.1,42.1,41.6,46.8,6.8,37.8,40.2,33.4,15.7,54.4,172.0,87.0,53.2,133.4,119.6,16.7,27
24.2,37.6,35.3,49.6,116.0,40.4,146.0,113.5,83.7,66.7,19.7,55.3,32.3,41.1,43.1,48.8,7.3,34.4,38.5,36.8,13.6,60.4,170.1,67.4,45.1,107.6,88.7,16.5,41
21.1,35.5,31.5,46.0,107.5,36.8,136.6,109.5,73.7,61.2,19.1,56.5,31.2,39.7,38.9,42.7,6.3,34.5,37.5,32.6,13.9,51.7,162.7,61.4,47.6,100.7,75.4,15.4,30
21.8,37.3,32.3,46.9,104.4,38.8,131.2,101.4,69.4,58.5,18.7,55.7,30.5,42.6,43.6,40.7,6.2,34.2,35.4,31.1,15.7,49.5,153.6,62.3,44.2,89.7,67.8,15.6,25
22.0,38.2,29.2,46.7,100.6,35.6,130.8,94.6,72.3,59.8,17.7,55.5,30.0,37.8,42.0,42.0,6.0,31.0,35.0,31.3,16.0,50.5,154.6,59.8,41.1,83.2,60.7,14.8,24
21.3,35.6,27.0,39.8,98.1,35.9,140.7,81.4,80.3,58.9,17.2,55.2,29.5,34.0,37.5,46.1,6.4,29.4,33.8,33.6,15.1,54.6,165.4,58.3,40.6,76.6,57.2,14.5,21
22.1,38.1,31.5,46.0,102.8,39.4,137.7,94.0,77.4,59.0,18.6,58.0,30.7,38.6,41.4,44.5,6.0,33.0,35.4,33.3,15.4,53.0,160.5,64.5,43.8,87.8,68.9,14.7,24
21.7,35.6,33.6,44.1,105.5,39.5,138.1,98.8,79.4,59.0,18.6,54.5,32.2,38.0,39.2,45.5,6.8,31.0,36.3,34.9,13.8,56.0,163.0,64.9,42.7,94.3,71.2,15.2,29
20.9,37.1,29.0,44.3,97.9,36.3,136.8,90.4,76.6,60.9,18.5,57.0,29.2,37.7,39.9,44.3,7.0,32.1,36.5,34.1,14.2,53.2,161.2,59.3,41.9,82.5,60.4,15.0,23
19.5,36.7,30.9,44.0,98.5,35.5,151.0,87.6,93.4,55.7,18.8,55.5,32.8,35.5,39.7,53.1,6.4,31.6,35.6,36.3,14.4,60.5,175.7,62.6,43.0,81.2,69.7,15.5,35
20.5,36.8,33.2,46.3,116.7,36.0,142.7,109.0,82.5,67.0,18.1,57.4,32.0,41.3,40.8,46.6,6.2,34.4,37.6,36.5,14.3,58.5,167.0,71.7,45.0,106.2,85.4,15.2,28
19.3,35.3,26.9,44.0,105.1,31.6,139.0,94.3,77.0,65.5,18.1,56.5,29.0,34.7,36.1,44.0,5.9,32.0,35.1,32.9,14.3,52.1,163.2,61.0,42.8,91.4,61.7,14.2,26
23.3,38.8,31.0,47.8,106.6,40.9,140.1,113.2,76.7,65.0,20.6,54.8,32.2,38.5,40.6,44.3,7.2,34.7,39.2,33.8,14.3,54.6,163.5,64.9,42.2,98.7,79.0,16.5,27
19.8,38.5,28.4,45.0,100.7,36.0,144.2,97.7,77.4,64.9,18.8,55.3,30.0,38.9,42.5,44.3,6.6,32.7,37.9,34.0,15.7,55.0,168.2,61.5,43.5,86.8,67.2,15.2,25
23.5,36.0,29.6,44.8,105.0,37.2,143.1,97.7,77.7,70.2,19.0,57.3,31.6,39.4,39.7,44.4,6.2,34.4,36.8,34.7,13.8,56.0,166.1,62.0,39.3,83.9,69.5,15.5,27
21.4,34.9,32.7,46.7,97.4,37.6,137.4,100.6,75.4,62.2,18.2,56.3,30.6,35.1,36.4,43.0,5.8,32.1,36.2,34.7,13.8,54.2,159.6,61.4,40.1,81.4,66.9,15.6,22
19.5,38.5,27.7,45.3,98.9,32.6,137.0,93.6,75.8,59.9,17.7,55.4,28.7,39.0,41.9,43.2,6.3,30.5,33.9,32.3,15.1,51.9,159.6,57.3,41.0,80.4,57.4,14.6,24
23.0,39.4,36.2,50.8,108.8,41.2,142.6,106.5,77.5,64.8,20.4,56.1,31.8,40.5,41.7,45.2,6.1,35.0,39.4,35.2,15.5,57.5,166.5,69.3,43.0,92.5,81.5,16.4,26
21.6,37.4,28.8,46.0,99.3,37.8,139.6,89.0,77.6,60.5,18.6,55.2,30.9,34.7,40.0,44.5,6.1,32.1,34.2,33.3,17.2,53.5,161.7,60.8,41.3,80.5,61.8,14.9,27
22.4,35.9,27.5,44.9,104.2,39.4,132.8,90.0,77.1,61.8,18.5,55.4,31.3,36.0,39.2,43.6,5.9,31.8,35.7,33.2,15.0,53.5,155.5,63.9,36.1,81.1,64.5,14.9,20
20.7,34.1,28.3,41.9,96.9,36.3,134.2,86.2,72.9,56.3,17.6,53.7,28.7,35.1,37.5,41.2,6.2,30.9,33.8,31.2,14.0,50.0,157.8,57.3,41.9,75.7,55.7,14.5,36
22.2,36.0,27.6,42.6,96.7,36.7,135.0,89.6,71.8,61.3,18.1,56.4,31.4,35.7,37.6,41.5,6.9,32.1,34.9,32.8,14.1,53.4,158.1,59.5,45.2,83.9,61.4,14.9,44
20.8,38.0,29.9,44.2,105.1,36.2,145.9,94.3,76.2,67.7,19.3,54.5,30.7,37.5,41.9,45.0,6.0,32.1,36.4,34.1,15.7,55.7,169.8,62.6,44.0,82.1,66.8,15.0,34
21.5,36.0,32.5,47.7,102.8,37.6,132.1,109.2,70.5,57.5,18.4,54.9,30.0,35.5,36.5,40.2,5.8,35.0,37.7,32.4,14.2,51.1,155.4,63.5,43.9,100.1,73.0,15.5,26
22.3,38.7,30.5,45.8,104.5,40.5,150.0,92.0,83.5,66.9,18.5,57.5,30.6,38.3,41.3,48.0,6.7,33.8,37.2,36.3,14.4,57.3,175.6,63.2,44.5,86.0,73.7,15.0,22
19.7,35.4,30.7,46.8,101.6,35.4,133.5,107.1,71.4,58.8,18.2,56.0,30.6,38.8,38.9,41.7,6.5,36.3,40.3,32.3,13.3,52.0,156.6,61.3,43.4,92.2,69.3,15.2,29
20.8,37.2,33.0,45.8,105.7,39.3,140.7,100.1,81.6,60.5,18.6,59.9,32.2,36.9,40.0,46.8,6.9,34.2,37.5,34.5,14.4,56.2,165.1,67.7,44.6,101.2,75.7,15.3,44
20.0,37.9,31.7,49.7,104.9,37.7,133.7,112.6,72.3,63.1,19.3,55.0,30.5,41.2,41.3,42.0,6.5,35.0,37.6,32.3,14.9,51.9,158.5,63.2,42.7,98.1,74.0,15.3,38
21.2,36.6,29.5,45.0,103.0,36.7,142.2,98.2,80.8,62.3,18.8,56.4,31.3,37.1,38.3,44.4,6.6,31.3,36.0,34.9,14.1,55.7,165.7,61.3,40.4,87.0,68.2,16.1,22
23.7,41.0,34.1,50.3,120.0,39.9,147.3,106.9,80.8,76.5,19.6,58.0,33.2,38.0,41.2,45.6,6.2,33.9,37.9,35.4,17.1,58.9,171.9,68.6,40.8,93.1,86.7,16.7,25
24.3,41.6,32.7,48.7,116.5,41.6,158.0,106.1,88.8,71.9,20.3,56.5,33.7,43.1,46.0,50.5,7.0,34.3,39.2,37.6,17.3,59.9,182.2,69.4,44.8,89.5,88.2,16.4,18
20.6,38.0,32.3,47.9,114.1,36.2,141.5,103.1,78.5,71.0,19.3,54.5,31.1,39.5,42.2,45.0,5.5,34.4,37.4,34.9,13.8,58.0,164.9,72.4,42.0,92.5,78.6,15.3,34
22.3,36.4,27.5,44.8,98.5,36.2,145.0,92.4,77.3,68.7,19.5,55.0,30.3,37.9,42.0,44.4,7.0,30.8,34.7,33.6,15.8,54.9,168.7,58.4,39.9,75.1,62.2,15.9,20
21.2,38.2,31.3,46.4,111.5,38.7,146.2,99.9,82.8,60.5,18.7,55.2,31.4,38.2,42.1,48.0,6.7,34.9,39.0,36.1,14.8,56.3,169.8,66.7,47.6,101.9,78.2,15.4,33
19.5,33.7,30.6,41.8,106.0,36.4,130.2,86.5,73.3,62.5,17.6,57.5,30.6,33.5,36.9,41.5,6.2,31.4,35.0,32.2,12.9,52.7,153.0,64.6,38.5,78.4,60.8,14.5,36
22.8,35.9,30.8,46.5,102.3,36.8,134.8,99.8,71.2,66.0,19.0,53.8,31.8,39.6,40.5,42.8,6.3,32.5,37.2,31.4,12.8,51.2,158.1,61.6,40.6,91.7,67.4,15.2,29
21.2,37.0,33.3,45.6,103.2,39.1,138.0,93.0,77.3,62.5,19.7,56.0,32.4,37.7,41.0,46.5,7.4,33.8,36.7,34.3,15.6,55.5,160.9,64.7,41.2,86.5,68.6,15.5,23
21.3,37.6,31.3,44.5,101.5,36.8,141.5,93.4,79.8,61.2,19.8,55.2,32.0,34.5,37.6,45.0,5.3,34.9,38.8,34.5,14.5,56.7,164.4,59.7,42.2,84.7,67.0,15.8,35
24.5,36.8,32.0,43.7,101.1,39.3,131.7,85.6,76.0,62.6,18.7,55.3,30.7,33.7,37.6,43.0,5.5,31.3,34.3,32.9,15.5,53.5,154.8,64.4,39.7,78.5,63.5,15.4,19
23.7,36.1,33.2,45.7,108.4,41.8,136.2,97.9,73.2,61.0,19.3,57.4,31.1,39.5,40.7,41.4,6.6,35.3,38.8,33.3,13.3,53.3,160.6,68.2,47.6,100.4,77.3,16.0,30
19.6,36.1,27.4,42.0,94.5,35.4,141.0,85.2,76.3,60.5,18.2,53.6,29.5,34.6,37.0,42.7,5.8,30.4,33.7,33.8,13.4,55.7,164.2,54.3,42.5,75.9,55.5,15.2,42
21.7,36.0,33.3,47.1,110.4,37.1,136.2,101.4,71.4,66.4,19.3,54.0,31.2,35.5,38.1,42.0,6.1,34.7,38.0,33.6,15.3,53.4,162.2,64.9,42.1,95.5,72.7,15.5,38
21.3,36.6,26.5,43.5,94.7,37.5,142.4,84.1,79.4,61.8,18.6,58.5,30.8,34.0,39.3,44.0,6.0,33.2,37.7,34.7,15.1,57.1,166.9,59.2,42.5,69.4,59.3,15.1,24
24.0,40.4,36.0,50.8,120.5,45.3,150.5,105.7,84.5,72.7,20.4,55.0,34.3,38.8,42.5,48.9,6.8,35.8,40.1,35.8,16.3,60.2,174.5,79.1,44.5,106.8,99.8,16.7,35
19.0,35.6,27.5,45.8,99.9,33.0,126.0,98.6,68.3,54.5,17.5,53.0,27.2,36.7,39.1,38.5,5.7,31.2,35.4,29.8,13.6,48.9,149.5,59.3,42.8,94.8,58.1,14.4,32
20.7,35.0,30.1,45.9,104.5,37.0,127.2,95.1,69.1,64.5,17.2,53.1,29.7,43.0,43.5,40.0,5.9,33.9,36.7,30.0,14.5,49.0,149.3,62.4,40.4,91.2,64.2,14.7,41
23.3,37.3,32.8,47.4,102.7,39.4,139.5,106.8,79.0,59.5,19.0,55.6,32.3,39.9,41.0,45.5,6.7,36.3,39.0,34.9,14.7,54.1,164.1,61.2,41.5,98.9,75.8,16.0,40
22.5,37.9,31.0,45.4,105.1,39.0,137.9,94.5,72.1,62.1,18.8,54.0,30.7,38.0,40.1,43.8,7.0,32.9,37.5,33.0,14.0,53.2,160.7,64.8,44.6,88.7,68.3,15.4,42
20.3,35.0,26.5,41.0,87.1,32.0,134.2,82.6,72.9,55.7,18.2,54.3,29.1,35.6,38.4,41.9,6.1,31.0,34.6,31.4,13.2,51.2,156.0,50.8,41.2,69.8,47.1,14.5,33
22.0,35.4,30.7,44.5,97.5,37.0,139.9,97.8,76.4,63.2,19.5,55.0,29.7,39.0,40.5,43.5,6.5,33.3,36.0,32.4,13.7,53.6,162.5,61.9,42.9,82.2,66.5,15.4,30
19.6,37.3,30.5,44.8,102.7,36.4,143.2,97.8,76.6,61.5,18.5,55.2,27.8,40.1,42.2,43.1,5.9,31.8,36.3,34.1,14.6,55.5,167.0,63.9,47.1,88.5,68.5,14.7,36
22.0,37.2,27.2,44.0,94.7,35.4,137.9,87.0,75.0,59.2,19.8,55.8,30.0,36.6,40.7,42.0,5.9,31.9,35.3,32.1,14.7,52.0,161.6,54.1,40.9,76.4,57.9,15.6,20
21.0,37.7,30.2,46.1,96.6,35.2,134.5,108.0,72.5,62.5,19.3,54.9,30.3,40.0,40.8,43.0,6.7,33.8,37.4,32.4,13.7,51.1,158.2,53.0,39.9,94.3,64.7,15.7,46
19.7,40.1,25.3,45.5,95.1,32.5,149.6,92.1,84.7,60.0,18.8,57.3,30.6,33.5,37.9,48.1,6.3,30.5,35.7,36.5,17.0,59.3,173.0,54.2,43.4,80.9,59.1,14.6,20
18.7,35.5,24.7,40.3,87.4,30.4,128.9,84.6,70.9,56.3,17.5,52.1,27.8,35.3,38.7,41.0,5.8,29.7,32.6,30.1,14.5,47.9,150.1,49.7,38.3,73.9,45.0,13.6,20
21.0,33.9,28.8,43.3,96.0,36.1,129.9,95.9,67.4,62.0,18.5,53.2,29.1,37.6,38.6,38.8,6.6,32.4,34.4,30.7,12.8,48.0,151.5,54.6,43.7,82.6,57.2,15.5,40
22.2,38.7,32.6,47.8,103.0,38.3,134.4,102.2,73.8,63.8,19.5,56.6,32.1,42.1,43.2,42.2,6.8,35.0,38.7,32.8,15.1,53.8,157.6,63.2,42.4,96.2,72.1,16.0,31
20.2,37.4,29.9,42.9,102.9,36.4,140.2,87.8,79.0,62.2,18.6,58.8,31.1,33.9,38.2,44.7,6.2,32.6,35.3,33.5,15.8,54.1,162.8,64.5,43.0,84.9,67.6,15.2,32
20.7,36.1,31.7,47.5,104.8,36.5,135.7,102.9,71.6,67.5,18.1,58.0,29.8,39.3,41.0,42.0,6.4,34.1,35.9,32.4,14.3,51.5,158.6,61.4,42.1,95.1,71.1,15.2,32
26.0,39.8,31.7,44.8,108.3,43.8,150.6,93.6,82.9,63.3,19.5,57.7,34.2,35.1,40.5,48.6,7.5,33.8,38.2,34.3,16.5,54.9,173.7,66.7,45.3,88.9,79.1,16.3,24
22.0,34.8,26.6,41.7,97.4,35.3,134.6,83.4,73.4,56.8,18.2,54.6,30.4,35.1,38.1,43.9,7.1,29.6,32.8,30.5,13.6,50.5,157.6,56.0,40.4,79.0,53.6,15.2,24
20.7,36.9,28.7,43.9,96.6,37.8,139.4,93.1,79.0,63.1,19.0,54.9,31.6,38.5,40.8,45.3,6.2,32.4,36.0,33.0,13.6,54.8,162.6,59.6,40.7,81.1,63.9,15.2,32
19.0,38.0,29.0,47.2,99.1,34.8,136.7,98.1,78.2,57.0,17.7,57.2,29.8,41.0,43.7,43.5,6.2,32.6,38.8,31.1,15.3,52.9,160.4,58.2,40.5,83.1,62.8,14.3,32
22.8,36.7,27.6,48.0,106.9,42.3,144.6,103.7,78.4,64.5,18.4,57.5,31.6,40.9,41.9,45.1,6.5,34.0,36.9,34.3,14.6,54.7,167.3,62.1,44.5,95.8,78.8,15.3,27
22.7,35.3,27.7,40.8,95.5,35.8,141.6,98.1,77.4,64.5,17.7,55.2,30.4,34.2,37.2,44.9,6.2,30.4,35.9,33.3,12.5,53.8,164.2,57.0,41.9,76.1,59.8,14.9,27
21.4,37.7,33.4,48.2,107.9,39.6,130.4,105.2,72.4,56.2,19.6,58.3,31.6,38.8,40.5,41.0,6.4,34.2,37.6,31.0,13.5,50.9,153.8,67.5,45.5,107.0,75.2,15.4,41
20.9,36.7,30.6,47.0,100.5,36.0,135.4,102.8,73.3,59.7,19.3,56.0,29.8,39.4,40.9,43.7,5.4,35.5,39.1,33.0,13.7,52.7,157.4,60.5,45.3,92.3,68.6,15.1,38
20.3,35.3,31.6,43.9,105.5,36.0,140.5,94.6,77.8,54.5,18.2,56.0,30.0,35.0,37.8,42.9,6.5,33.2,37.6,33.2,14.0,54.7,163.7,60.5,46.0,94.9,66.8,15.3,26
20.3,36.1,26.8,44.8,97.6,35.7,137.8,93.0,75.3,57.3,19.0,55.2,30.3,35.4,38.5,42.1,6.2,31.7,35.6,33.0,14.8,53.8,162.0,58.9,43.7,85.8,61.3,15.0,25
24.3,38.0,29.0,46.5,104.1,39.3,149.4,93.7,82.4,68.1,20.3,57.6,33.7,38.7,41.0,49.5,7.3,32.2,35.1,35.6,14.7,57.2,173.3,60.0,43.5,85.9,74.2,16.5,20
21.4,35.2,28.0,42.0,87.6,34.8,129.4,81.0,71.4,54.5,18.5,57.8,31.3,34.0,37.2,40.5,6.3,32.5,34.8,30.5,13.6,50.6,152.6,53.1,41.5,72.1,52.2,15.2,26
21.3,37.1,34.9,45.4,106.9,39.0,149.0,99.1,82.0,67.3,20.0,57.3,31.8,37.2,40.2,47.0,7.3,36.2,40.4,35.2,13.8,57.5,173.2,65.6,44.7,90.8,76.7,15.7,42
20.4,37.8,27.2,47.1,103.0,34.5,139.0,98.5,75.5,64.3,18.9,56.0,29.1,41.5,42.5,44.5,5.9,35.5,39.1,33.9,15.2,56.3,162.4,58.6,41.4,88.0,66.1,15.3,20
19.3,34.2,29.2,41.6,90.2,34.2,127.4,84.4,69.4,52.0,18.0,52.8,28.1,34.7,37.0,38.3,6.0,32.5,35.2,30.2,13.5,48.1,150.7,54.2,38.6,75.9,50.5,15.0,34
21.1,34.7,32.3,43.1,103.3,37.3,133.2,96.5,73.2,57.8,18.0,54.3,29.0,34.9,37.8,41.9,6.2,34.4,38.2,31.9,12.9,51.2,156.0,61.8,42.0,91.9,63.7,14.6,31
21.6,36.9,32.6,45.1,98.0,37.3,141.8,98.5,80.6,61.0,18.0,59.8,32.3,39.5,40.9,45.3,7.0,33.5,36.5,34.1,13.9,54.1,164.0,60.7,42.2,90.8,66.6,15.2,20
22.1,36.5,28.6,41.7,96.5,36.2,144.0,86.2,80.6,59.5,19.0,56.6,31.5,33.7,38.0,44.7,6.5,31.0,35.5,33.6,15.8,55.6,167.5,57.2,42.7,73.1,61.0,15.4,21
22.0,35.0,28.7,44.2,97.5,36.2,129.2,86.3,69.6,60.1,18.3,55.0,29.5,33.8,35.7,39.5,6.0,32.4,35.2,31.3,13.1,51.5,152.6,59.7,37.7,82.0,58.1,15.3,19
21.2,37.0,29.0,44.5,93.2,36.3,137.9,87.0,77.0,54.7,18.4,57.5,30.0,35.0,38.6,44.2,5.9,31.9,36.1,33.5,15.4,54.3,162.3,60.1,44.5,82.1,60.9,15.1,27
20.1,35.4,29.9,42.1,105.4,37.2,133.4,81.5,73.8,63.3,18.8,56.8,30.3,36.0,39.0,42.6,5.8,32.0,33.7,30.8,13.9,51.2,158.4,63.4,38.9,74.0,57.5,13.9,24
22.4,38.4,30.2,47.7,110.0,39.8,143.1,105.7,76.8,62.2,18.7,56.3,32.0,39.5,41.5,44.6,7.4,35.2,38.3,34.9,15.2,55.4,167.1,66.4,44.9,102.4,79.7,15.8,42
20.4,33.8,34.9,46.8,109.0,36.9,133.7,113.7,69.9,62.0,18.0,54.2,29.8,41.2,40.1,40.4,7.0,34.2,37.1,33.1,13.1,51.4,155.2,66.5,43.3,93.2,74.5,15.8,43
20.8,35.9,30.0,43.6,98.1,36.8,138.1,87.4,73.8,60.1,18.2,56.7,30.8,34.1,37.6,43.4,5.2,32.7,36.8,32.6,12.7,53.1,163.3,58.3,41.6,82.7,61.4,15.1,31
21.7,35.6,31.2,43.9,106.1,38.4,129.8,100.4,71.5,66.5,17.9,56.5,29.9,31.0,33.2,41.2,5.9,33.2,36.0,29.9,13.4,49.2,153.0,63.4,36.7,89.6,67.7,15.9,37
20.5,37.2,23.8,41.7,96.8,32.0,138.2,84.4,75.4,58.0,17.0,55.2,30.4,34.1,38.0,43.6,6.5,29.4,32.9,33.2,15.3,53.1,160.6,54.9,42.0,73.8,50.8,14.2,27
21.8,35.7,29.7,42.2,103.3,35.3,139.2,95.0,76.3,63.8,17.3,55.0,30.0,37.9,40.6,46.1,7.0,33.8,37.0,33.2,13.3,52.6,161.7,61.2,42.6,83.2,63.3,14.8,24
24.0,36.4,29.9,45.6,104.2,39.3,139.9,101.3,74.8,63.6,18.5,56.3,30.6,37.1,38.6,44.3,6.6,33.6,37.5,32.6,14.4,52.3,164.5,65.7,43.5,85.1,71.1,15.8,24
22.0,38.7,31.1,45.6,104.9,39.1,144.0,96.0,80.8,66.4,19.6,62.0,32.3,39.0,42.0,45.8,6.4,33.6,36.4,32.9,14.5,55.5,168.1,65.8,40.8,85.9,72.7,15.8,36
22.1,36.4,29.5,42.6,105.0,37.1,142.6,99.2,78.2,60.7,18.6,54.3,32.2,34.4,37.0,44.6,7.0,32.0,35.9,33.7,14.6,54.2,165.5,57.8,43.7,90.6,67.9,16.2,22
23.0,36.5,34.2,47.3,113.6,40.6,140.4,106.9,76.3,66.4,18.4,60.0,31.3,40.5,41.3,44.9,6.9,34.9,39.3,33.5,14.2,54.2,162.6,70.2,45.7,102.8,83.3,15.9,24
23.5,35.0,29.2,43.0,99.0,38.0,139.8,83.8,80.0,60.5,17.6,57.5,31.5,37.5,39.3,44.2,5.9,32.0,36.7,33.7,13.4,53.6,163.5,59.7,38.1,78.6,62.2,15.2,26
20.1,35.9,31.0,45.9,96.6,33.8,135.3,96.2,73.7,59.5,19.1,58.3,30.8,38.0,40.5,42.8,6.2,33.3,37.9,32.6,13.3,53.2,157.2,59.4,42.2,85.3,61.6,15.2,32
22.4,37.2,27.0,42.3,95.0,36.2,136.5,89.9,74.2,58.6,18.7,56.0,31.9,33.8,38.5,43.5,6.0,29.8,35.5,34.3,14.0,55.3,160.8,57.0,40.0,74.5,57.3,15.5,45
21.1,35.6,25.6,41.2,92.5,32.4,142.7,82.8,79.5,60.7,17.8,53.4,29.5,35.2,37.7,44.8,6.5,30.8,34.9,33.2,13.4,54.0,166.2,52.7,41.2,73.7,50.7,14.2,29
21.0,38.8,27.8,44.4,99.8,35.5,134.2,94.0,74.5,59.1,17.7,59.6,30.2,37.3,40.0,40.7,6.0,32.5,36.6,32.4,14.4,52.0,158.2,59.4,40.6,80.2,61.1,15.4,21
22.0,40.5,36.7,53.0,111.4,35.6,148.0,115.6,85.2,58.7,19.7,58.1,32.1,45.5,46.5,48.7,6.2,36.1,39.6,33.8,17.3,55.6,170.1,69.0,45.4,104.5,86.6,16.2,21
19.1,36.6,28.0,41.8,92.5,31.6,136.6,88.6,74.2,54.8,17.6,53.8,28.3,36.7,40.4,41.5,6.0,32.0,34.9,32.6,14.3,53.5,160.2,52.5,44.2,76.3,52.3,14.4,40
20.0,36.9,28.7,45.1,109.0,35.0,132.2,99.1,70.5,55.7,19.3,57.3,29.7,36.3,39.6,41.0,6.4,33.6,38.5,32.0,14.0,52.7,154.9,63.5,45.5,95.5,67.6,15.6,34
18.8,33.5,28.0,40.9,92.0,33.3,133.6,89.9,75.5,56.5,18.7,55.5,29.4,32.5,35.5,42.1,5.8,30.7,34.1,32.6,13.6,53.5,156.1,57.0,39.2,71.9,54.9,15.3,21
19.8,36.9,28.3,42.6,93.5,33.8,142.6,88.9,82.5,62.5,18.6,58.4,30.6,35.0,38.5,49.2,6.5,31.4,34.6,35.2,14.5,59.0,167.7,54.6,37.9,74.6,57.1,15.3,24
21.7,35.1,32.3,44.7,103.5,37.7,136.1,90.7,75.4,57.5,17.7,54.4,30.0,34.5,37.9,42.2,7.0,30.9,36.0,32.5,13.8,51.7,159.4,64.2,44.0,87.4,64.4,15.2,30
21.6,34.9,30.5,44.3,101.8,35.7,139.2,94.0,75.6,66.9,19.0,54.0,30.0,38.0,38.6,43.0,6.6,33.0,37.0,32.2,12.9,51.1,162.8,63.4,39.0,77.2,64.9,15.0,21
21.3,34.8,26.6,44.7,97.2,36.4,134.1,94.9,72.5,56.6,17.5,56.0,29.1,40.4,41.4,39.7,6.2,33.4,36.9,32.9,13.4,53.5,154.9,56.9,42.8,80.2,59.2,14.6,21
22.3,36.2,27.1,41.3,97.4,36.5,131.8,86.6,70.7,61.8,19.0,55.0,30.3,39.2,42.5,39.3,6.3,31.1,35.0,32.4,14.7,51.8,155.9,56.5,39.1,71.9,56.3,15.1,41
20.0,36.6,27.1,43.6,95.5,33.3,138.8,90.7,73.4,54.8,18.6,57.0,30.0,37.0,38.7,41.4,6.0,30.7,37.2,33.0,14.7,52.7,161.9,53.2,45.9,86.2,58.0,15.2,27
21.3,37.1,35.1,45.0,108.8,38.5,146.8,98.3,80.0,63.1,19.4,56.1,32.0,36.6,38.8,45.9,6.8,34.9,41.4,34.3,13.3,57.8,169.0,66.1,49.7,104.4,81.0,15.4,39
23.1,37.7,28.9,44.7,100.1,40.5,145.6,89.5,80.5,57.9,18.2,54.3,31.1,37.0,40.4,43.1,6.3,31.6,35.9,34.8,14.8,57.4,169.8,59.6,45.5,81.7,64.9,14.7,32
22.0,37.0,30.9,43.8,99.7,35.0,147.3,89.2,79.8,64.9,20.5,57.7,31.6,37.5,40.3,44.5,7.0,33.8,37.2,35.8,15.0,58.0,170.5,57.8,42.6,81.7,65.4,16.7,24
21.7,33.8,25.9,41.0,95.5,33.6,139.1,87.5,79.5,63.0,17.5,54.3,29.4,37.2,39.0,43.1,5.7,29.8,34.9,33.7,13.0,56.0,162.5,57.6,40.2,81.6,57.0,14.5,24
22.6,37.1,32.4,47.4,113.9,38.3,141.0,101.2,77.1,66.3,17.7,56.2,32.1,38.0,40.1,45.6,6.5,32.9,37.9,33.1,13.9,53.5,166.6,69.7,40.6,93.9,80.5,15.3,35
22.1,34.2,31.4,44.3,103.5,39.3,132.4,102.6,73.2,61.6,17.3,53.1,29.0,38.7,38.8,40.6,5.6,31.5,35.5,31.2,13.2,49.8,155.9,64.1,39.6,86.3,67.1,14.4,24
21.0,36.1,28.1,45.0,106.4,36.4,136.7,97.7,74.5,58.5,18.0,55.5,30.2,33.8,37.5,42.8,5.8,31.4,35.7,33.4,14.4,54.5,159.5,64.7,43.4,91.5,67.3,14.5,35
18.7,37.0,25.9,44.0,93.2,33.8,140.4,81.2,79.9,59.6,17.0,55.0,29.4,38.0,41.4,44.3,7.5,30.7,34.0,33.1,14.3,52.0,163.4,56.2,40.1,76.4,55.0,14.0,23
20.5,36.4,30.3,46.5,106.8,37.4,141.7,91.3,81.4,61.5,18.7,57.5,33.0,41.5,41.7,46.6,5.7,33.2,35.8,33.8,13.5,57.0,164.3,68.4,42.7,89.9,70.8,15.0,41
19.5,35.2,26.4,40.3,93.3,31.1,141.9,94.3,78.2,57.9,17.8,54.8,28.5,34.0,35.8,44.8,6.9,29.9,34.5,33.7,13.0,55.5,166.7,53.9,41.8,78.2,53.8,14.7,39
23.1,38.2,34.0,47.4,105.1,40.8,143.6,103.2,78.3,62.4,19.8,58.7,33.8,42.7,45.0,45.8,6.9,33.7,36.8,35.5,14.9,57.5,166.1,66.9,44.5,89.7,77.1,16.3,39
20.1,35.0,30.0,41.6,100.8,35.4,135.2,87.8,77.6,58.4,19.4,54.8,30.5,36.0,37.7,43.6,6.0,32.1,34.9,33.2,13.3,54.6,156.0,60.8,41.2,81.7,60.2,15.0,46
19.8,40.0,32.9,46.5,106.2,38.1,138.4,97.1,74.6,60.3,20.3,57.2,32.3,35.5,40.0,44.7,6.5,33.5,37.0,34.5,15.8,57.6,161.0,66.9,42.2,90.0,71.9,15.4,42
20.5,36.3,28.6,43.3,100.9,35.0,140.0,90.6,76.6,65.5,18.2,55.4,30.4,35.5,39.1,43.9,6.5,34.7,38.4,31.9,14.3,50.6,161.0,62.7,41.4,83.0,61.7,15.2,50
22.2,40.3,32.1,48.3,106.2,41.6,144.6,102.4,78.1,66.7,19.3,53.6,32.3,40.0,43.3,46.9,6.9,35.0,38.3,35.5,16.4,56.8,168.2,64.5,43.0,94.7,76.1,16.3,44
19.6,38.5,33.8,48.7,105.0,34.7,138.9,102.8,75.4,59.4,19.0,56.7,30.7,42.1,44.5,43.2,5.8,35.8,39.9,34.4,15.2,54.8,160.4,63.8,46.0,95.8,73.9,15.7,45
20.2,34.7,30.9,42.1,98.1,35.3,131.0,88.1,72.1,59.4,18.3,54.1,28.8,34.4,37.7,41.7,5.7,31.0,33.9,30.8,14.5,49.2,154.0,56.1,40.8,76.7,56.0,14.0,47
21.8,36.3,31.8,42.9,94.8,40.1,141.0,91.9,79.5,56.6,18.0,54.4,30.2,32.5,35.6,44.5,6.7,31.1,35.2,33.3,14.3,54.0,163.8,60.2,41.1,77.7,64.7,15.2,42
23.7,37.4,31.4,44.7,108.1,40.0,139.9,91.8,74.0,65.5,19.0,54.7,31.8,38.0,42.0,43.2,6.8,33.0,36.7,33.0,15.3,51.9,165.6,67.8,44.5,89.6,72.4,15.9,45
20.7,37.4,31.1,49.9,99.2,37.1,136.9,111.8,77.1,57.8,17.8,52.8,30.0,45.0,45.2,43.7,6.8,37.8,41.6,31.9,13.8,50.9,159.7,59.7,41.6,96.8,70.8,15.3,39
25.4,40.5,38.4,50.2,110.1,41.7,153.8,113.0,88.0,65.0,20.6,55.8,34.8,39.7,41.8,53.3,7.5,38.4,41.2,37.3,15.8,59.3,174.9,68.8,47.0,99.7,95.3,17.9,44
21.0,36.3,33.2,46.6,105.8,39.3,144.0,100.2,77.5,64.0,18.7,59.0,33.0,39.1,40.5,45.3,6.5,34.2,38.1,35.2,13.9,56.7,166.1,66.3,42.7,87.9,74.8,16.2,44
19.9,34.9,34.0,48.4,103.0,37.3,130.8,103.9,74.9,61.2,17.1,54.2,27.9,38.6,38.8,41.5,6.8,32.6,34.8,33.6,13.3,54.1,152.6,68.2,40.0,100.0,70.0,15.3,25
21.6,36.3,29.2,44.5,107.8,36.5,136.3,93.4,73.3,67.0,18.3,54.4,30.3,37.1,39.3,43.1,7.0,31.3,33.8,32.7,14.5,52.7,158.3,62.3,43.7,93.1,65.5,15.3,37
19.2,34.6,25.1,40.8,91.6,33.0,131.0,84.4,72.2,55.4,17.5,58.5,31.2,33.7,36.9,41.2,6.5,31.6,34.8,30.5,13.6,50.0,153.3,52.7,41.0,74.8,49.9,14.2,46
19.7,36.5,28.9,42.2,94.0,34.7,135.3,82.1,77.3,54.6,19.9,53.7,30.9,33.5,38.5,44.4,6.4,31.9,33.8,32.8,14.9,53.7,157.5,58.2,39.3,73.4,55.3,14.9,48
23.1,39.5,34.3,49.2,117.1,39.8,151.9,107.2,82.5,66.2,21.0,57.2,34.7,40.2,42.3,47.5,6.9,35.7,41.1,36.0,15.2,56.8,177.6,72.5,45.1,102.1,92.4,16.5,38
22.0,38.6,31.0,46.2,101.6,37.2,146.9,108.4,80.6,65.7,19.4,53.3,32.1,37.1,39.0,47.1,6.4,33.0,37.4,36.0,14.8,58.5,171.3,60.2,41.7,87.4,71.6,15.2,44
21.8,38.8,30.7,43.7,99.2,38.4,141.7,91.8,74.8,59.3,19.2,59.8,32.5,36.8,41.5,43.0,6.6,32.7,36.8,32.0,15.4,52.0,165.3,62.0,47.1,80.3,67.6,15.9,45
20.1,34.3,34.2,47.8,101.7,34.2,129.6,103.2,70.9,59.1,19.2,52.3,29.4,41.4,41.2,40.9,6.3,33.7,36.4,31.6,13.1,50.1,151.6,59.2,41.2,93.5,64.1,15.4,48
23.3,39.3,30.5,46.2,98.3,37.4,142.7,97.1,82.0,56.8,19.5,59.5,33.3,41.2,43.4,47.7,6.1,34.4,38.1,35.0,15.9,57.3,165.8,60.6,41.3,81.0,66.6,16.2,41
22.3,35.4,32.4,46.2,102.1,36.9,139.4,102.2,74.9,61.5,18.2,55.3,32.1,37.0,37.6,44.4,6.7,34.4,38.5,32.4,13.5,50.9,161.7,60.7,43.5,88.2,66.3,15.3,52
22.6,36.2,32.9,45.1,108.4,39.4,146.0,98.7,82.9,60.8,19.3,55.6,33.6,31.2,34.5,47.2,7.1,34.8,39.0,34.9,13.5,57.3,168.7,69.9,46.2,92.0,76.3,16.2,45
21.5,36.8,33.0,46.9,109.9,32.8,139.2,103.6,77.9,58.4,17.5,54.2,30.3,37.7,40.0,46.8,6.8,32.7,37.7,33.6,15.0,55.7,160.3,67.5,46.0,108.5,71.7,14.1,44
20.6,34.4,31.1,44.8,100.3,34.8,130.1,99.0,69.2,55.0,17.5,54.5,30.1,36.6,38.4,41.0,6.0,33.3,35.9,31.9,13.2,51.0,153.9,59.9,41.9,92.3,64.3,15.2,33
20.3,37.2,30.0,44.4,97.3,35.1,135.4,96.5,75.6,57.3,19.0,56.3,29.4,38.5,40.9,42.9,5.7,32.1,36.6,33.1,14.5,53.4,160.3,57.7,39.9,84.0,59.1,15.1,48
20.3,35.9,27.5,40.9,92.0,33.3,140.4,81.7,75.8,56.5,18.7,54.6,28.7,35.2,39.0,43.1,6.7,30.9,35.0,33.3,14.0,53.5,162.0,55.0,44.4,78.3,52.9,15.1,19
22.1,37.6,29.1,45.9,107.6,36.7,137.8,99.3,76.5,61.0,18.3,55.7,30.8,36.0,39.0,42.5,6.8,33.4,38.0,34.4,14.0,54.5,161.7,64.2,41.8,92.4,69.4,15.1,27
21.3,36.6,28.0,45.7,104.0,34.9,136.7,103.1,73.8,62.0,18.1,53.3,31.8,33.5,36.5,43.1,6.7,32.3,35.9,31.0,14.6,51.2,160.0,64.8,42.2,97.2,69.9,15.5,39
21.4,36.9,28.7,43.4,98.1,37.1,135.1,87.7,76.9,58.2,19.0,55.1,31.8,37.0,41.6,44.5,7.0,31.2,35.4,33.4,15.4,53.0,157.2,56.6,39.4,77.4,59.2,15.4,27
20.6,35.7,28.2,41.8,92.6,36.5,139.0,81.8,77.4,59.2,17.7,56.3,29.6,33.5,37.0,43.9,6.5,30.0,34.8,32.0,14.4,51.5,163.2,57.0,42.2,70.8,54.0,15.6,49
21.4,37.7,31.5,45.5,109.2,37.0,144.0,94.5,78.0,66.0,18.8,55.2,31.1,38.0,40.8,44.8,7.2,33.6,37.8,34.5,14.3,56.1,169.0,68.5,42.4,87.9,70.1,16.0,30
22.5,38.8,29.3,46.6,101.0,37.8,143.7,91.6,77.6,64.6,19.5,59.1,32.2,39.6,42.4,45.8,6.8,34.0,37.9,34.7,14.5,56.2,168.2,63.8,41.1,83.0,68.1,15.7,23
25.6,37.2,36.0,48.0,115.0,44.4,141.7,105.0,78.0,67.5,19.6,54.2,33.7,45.3,45.5,44.6,6.5,33.1,37.2,35.7,14.4,56.6,165.7,71.1,41.7,98.0,86.4,17.0,23
20.4,38.9,31.1,48.0,101.0,35.5,144.5,88.1,80.8,59.0,18.7,55.7,30.4,35.8,39.9,45.6,6.5,31.0,34.6,35.2,14.7,55.4,167.2,63.8,43.6,88.3,67.2,15.1,23
19.8,37.5,26.4,45.0,93.3,35.2,137.5,91.2,74.5,60.8,17.7,56.0,28.8,34.1,36.1,43.5,6.7,30.2,35.0,31.5,14.1,50.5,162.1,55.2,39.7,75.4,55.9,14.2,27
19.6,35.0,28.0,40.7,95.6,35.0,139.4,85.4,73.6,60.2,18.6,56.5,29.7,31.5,35.3,40.9,6.0,31.9,34.5,33.7,13.3,50.5,162.3,54.0,43.3,76.7,56.6,14.7,41
22.0,37.5,26.8,43.9,95.8,33.6,139.1,88.7,76.7,57.1,18.2,56.7,31.7,35.0,37.8,43.9,6.8,32.3,35.4,32.0,14.0,52.6,163.3,53.8,42.2,86.8,58.5,15.4,22
19.4,35.9,32.6,45.5,97.9,36.2,130.8,100.5,72.7,55.4,18.5,55.7,28.9,40.0,40.3,41.7,5.9,32.8,35.0,31.9,14.9,50.5,152.6,62.1,43.3,93.8,62.8,15.4,26
21.0,34.5,26.0,40.5,83.6,35.0,134.8,82.5,75.3,55.6,17.5,55.6,28.8,32.0,35.3,41.6,6.3,29.1,35.2,32.2,12.9,51.2,157.0,49.9,39.3,68.2,46.7,14.0,21
22.4,35.5,29.3,42.9,97.8,36.9,137.6,87.4,77.6,62.1,18.7,55.7,31.5,40.0,42.1,45.8,7.4,31.0,33.0,33.6,14.3,53.7,161.6,57.2,38.3,76.2,59.9,15.2,21
20.8,37.7,29.2,44.8,102.0,35.5,145.8,97.2,80.5,62.9,18.7,56.5,31.7,36.1,38.7,46.1,6.5,31.6,37.3,34.4,13.8,55.7,169.0,59.8,40.6,80.2,64.2,15.4,32
23.5,36.7,37.0,48.9,114.4,42.1,139.7,102.6,74.8,59.4,18.3,57.5,30.3,37.8,39.1,41.3,6.7,32.8,38.1,33.0,13.5,54.4,163.7,69.7,47.0,106.0,81.3,15.4,27
21.1,35.3,30.9,42.1,106.0,34.8,147.4,97.9,83.3,61.5,19.2,58.0,31.8,35.0,38.3,47.9,7.0,32.5,35.5,35.5,14.4,58.3,171.8,62.5,41.7,92.2,71.9,15.8,23
22.3,35.6,26.9,40.6,97.4,35.4,135.4,87.3,73.2,57.8,17.4,54.6,29.6,34.3,37.5,43.4,6.5,29.4,35.0,32.2,13.9,52.1,158.8,62.0,42.1,78.3,54.8,14.5,24
19.0,35.4,25.4,41.6,87.7,32.0,130.9,84.4,70.0,62.0,17.3,52.1,29.0,34.2,37.5,39.0,6.4,30.1,32.3,30.4,14.9,48.7,152.0,52.1,37.4,70.7,48.5,14.5,28
21.3,37.9,28.7,46.4,106.1,35.7,139.0,92.1,78.5,67.6,17.8,59.0,32.9,41.1,43.9,45.8,6.3,32.5,36.5,33.1,15.7,55.2,161.8,62.8,38.8,79.5,65.8,15.6,35
23.3,38.4,32.3,46.6,105.9,40.6,139.3,100.0,76.0,63.3,19.8,56.6,33.4,38.6,41.9,42.8,6.5,35.2,39.8,33.7,14.4,54.8,163.1,67.9,42.8,86.2,75.3,15.8,23
20.9,35.6,28.7,44.3,97.4,36.0,139.9,93.8,80.7,58.3,18.3,57.3,31.4,37.1,38.2,46.0,6.9,32.4,36.2,34.6,13.1,55.9,164.2,60.7,42.5,92.9,63.6,15.1,37
20.7,39.8,31.9,47.2,105.6,37.6,146.7,95.2,85.9,62.3,17.9,59.2,32.8,36.6,39.6,47.1,6.6,34.3,38.8,36.4,15.1,59.3,171.9,66.1,41.2,85.8,75.2,15.9,27
23.6,40.4,30.7,46.3,106.7,39.8,149.0,93.1,85.3,66.3,20.0,62.0,33.7,37.5,40.5,49.4,6.3,33.8,37.9,36.0,15.7,58.3,171.5,66.4,41.0,78.4,75.5,16.5,20
19.0,38.3,24.7,41.5,83.2,29.4,141.6,81.4,84.0,51.2,17.8,55.9,30.9,35.8,38.3,46.3,6.3,30.1,34.6,33.3,16.0,55.2,165.3,47.8,39.6,63.2,46.9,14.4,33
19.3,33.9,25.7,41.1,95.1,32.2,136.4,91.3,75.1,54.8,18.3,55.4,29.0,38.1,38.8,42.5,6.4,32.3,36.4,33.3,12.3,52.9,159.0,54.1,40.8,80.9,53.7,14.4,35
22.2,38.6,31.9,46.7,107.1,38.7,151.7,95.0,85.0,62.8,20.0,54.8,32.4,37.2,39.5,48.1,6.9,33.5,37.5,37.0,14.7,60.1,175.1,64.9,45.0,91.2,75.8,16.9,37
20.1,34.8,32.2,46.1,107.9,35.6,135.5,95.0,78.0,58.0,18.8,60.5,32.3,36.4,39.1,44.2,6.0,34.2,38.1,33.9,13.4,56.6,158.3,66.3,41.0,94.1,67.9,15.0,43
20.0,34.5,32.7,43.8,105.5,37.2,138.9,91.5,78.5,63.9,19.7,54.3,31.0,35.5,37.2,44.6,6.6,33.2,37.4,33.4,14.2,56.5,162.7,68.2,40.6,85.4,68.4,15.1,31
22.5,39.8,31.3,47.9,100.4,37.2,135.8,92.3,76.8,58.3,20.2,57.3,30.8,41.5,43.8,43.4,6.4,33.7,37.6,32.2,15.8,54.0,158.6,62.6,38.5,88.5,67.7,16.3,28
21.0,34.0,30.0,42.5,95.7,35.2,142.7,90.9,76.3,60.2,18.6,56.0,31.3,35.0,38.2,44.8,7.1,31.6,35.2,34.2,13.5,54.2,167.5,56.7,42.3,78.3,61.7,15.8,27
21.0,35.8,29.3,46.6,104.5,37.5,137.6,98.6,71.6,64.5,18.5,55.1,30.7,39.4,40.2,42.9,7.2,35.9,38.7,32.3,13.3,50.0,160.6,62.6,44.0,92.7,71.7,15.6,48
21.3,38.3,30.0,45.6,99.1,36.3,144.4,87.0,83.1,63.1,18.6,59.8,31.9,36.2,40.5,46.1,5.7,33.1,37.8,35.3,14.5,55.9,168.0,62.6,41.8,78.5,64.2,15.0,28
22.7,37.3,29.4,45.3,103.1,38.7,153.4,94.2,87.1,62.5,19.3,57.0,33.2,32.0,35.6,49.4,7.0,33.8,37.9,37.5,13.8,61.6,177.3,62.4,43.6,85.8,74.0,16.2,21
23.1,37.8,33.1,49.4,101.5,35.8,144.6,110.5,83.6,61.6,20.3,58.2,33.8,44.0,43.4,46.8,7.1,35.0,37.6,34.7,14.9,56.5,168.0,62.5,42.6,95.8,79.2,17.2,22
21.7,37.9,27.2,42.5,94.6,34.7,141.5,83.8,78.7,58.8,18.7,60.0,30.6,32.5,38.3,45.1,6.2,33.7,37.5,34.3,14.8,55.8,164.5,58.5,40.1,70.7,58.1,14.9,22
23.3,37.8,30.5,46.7,103.7,38.0,133.6,108.6,70.4,61.0,19.4,56.8,31.3,40.5,42.5,42.0,5.8,36.8,40.0,31.1,14.3,51.2,155.8,63.0,40.8,100.4,72.7,16.1,21
22.7,34.0,32.4,43.1,105.5,38.3,141.3,98.5,78.5,58.5,18.7,55.0,31.3,34.6,37.1,42.6,7.0,33.8,38.1,33.9,11.7,54.5,166.5,63.5,43.4,90.5,70.4,15.7,37
20.9,35.6,30.3,44.9,100.2,36.9,137.8,96.0,78.9,55.2,18.4,53.7,29.8,38.5,39.5,45.8,6.7,32.4,35.5,33.6,13.2,54.1,160.1,61.5,41.4,98.9,65.3,14.7,44
21.4,38.5,30.9,46.2,106.6,38.9,142.8,96.4,77.5,61.8,18.5,53.7,31.5,40.1,43.2,43.7,6.6,33.9,37.9,36.6,14.8,57.3,165.8,66.4,43.2,90.6,72.5,15.4,26
23.0,37.6,33.0,47.3,106.5,39.4,137.2,101.5,74.4,62.7,18.8,55.7,31.3,32.8,36.8,43.5,6.7,33.7,37.7,33.3,14.1,52.6,162.3,65.3,40.2,85.4,72.1,15.3,30
21.4,36.1,25.5,41.3,93.2,33.3,142.2,86.2,77.8,60.2,18.4,55.8,31.9,34.3,38.5,43.4,5.9,30.4,36.0,33.7,14.0,54.5,166.1,54.4,42.3,73.8,56.1,15.1,34
21.4,36.0,29.7,43.2,91.9,37.0,133.6,86.1,73.7,59.4,18.7,54.6,30.3,37.0,39.6,42.5,6.0,31.9,35.0,31.9,13.5,51.0,156.3,57.3,39.0,78.4,58.3,15.7,21
22.4,37.0,30.0,44.0,98.9,38.8,139.2,92.7,76.1,59.6,19.0,56.4,31.4,36.3,40.1,43.6,6.8,34.5,37.6,33.3,13.7,55.2,163.0,61.5,43.0,87.1,67.7,16.0,28
19.9,34.3,28.7,43.1,96.5,32.4,130.5,90.6,69.4,55.0,19.4,55.3,28.9,40.2,40.4,40.8,5.7,33.1,36.1,31.2,12.5,50.5,152.8,59.5,42.0,81.1,57.6,14.6,31
21.2,37.0,26.9,42.9,92.3,34.3,139.9,84.7,77.2,58.8,18.1,57.1,30.0,37.2,40.2,43.6,6.5,30.7,34.0,32.9,14.3,52.9,165.3,57.0,41.6,72.8,55.9,15.1,27
17.0,33.4,26.0,40.1,86.7,29.8,129.2,84.1,74.1,53.2,17.3,52.0,27.7,38.0,39.6,41.9,6.0,30.4,33.5,32.8,12.5,53.2,151.2,49.1,39.1,76.3,46.8,14.3,51
20.7,36.8,26.2,42.4,95.0,34.4,139.6,85.5,76.2,60.2,19.0,55.3,31.0,38.0,40.5,43.1,6.3,31.0,35.4,32.8,14.6,53.2,162.9,55.6,39.9,79.3,56.7,15.7,22
22.4,38.5,31.2,50.4,109.3,41.4,143.2,107.2,79.5,62.8,18.4,55.4,31.7,44.7,46.3,46.0,6.5,32.3,36.6,35.0,15.8,56.0,167.5,70.1,46.7,100.1,82.0,15.8,26
22.0,36.1,33.6,47.2,105.4,39.8,126.4,98.8,64.2,61.0,18.6,57.5,30.2,38.8,41.0,37.4,6.0,33.0,37.4,30.0,13.9,49.9,149.8,64.5,41.1,92.2,66.4,15.1,24
20.6,38.0,30.1,45.4,101.9,36.5,131.8,98.4,73.1,64.4,20.1,58.5,31.1,40.8,42.6,42.4,6.8,33.2,36.7,31.1,15.2,49.5,153.8,59.5,40.5,82.9,62.6,15.4,41
22.0,37.0,31.5,47.0,105.7,36.8,134.7,93.8,71.6,67.6,19.1,52.1,29.3,39.2,41.3,40.8,5.7,31.7,35.2,31.8,13.9,50.8,156.7,63.3,40.2,85.0,65.3,15.3,22
21.2,35.8,25.5,42.6,91.7,33.5,134.2,86.6,74.8,59.3,18.1,56.8,29.9,36.3,38.3,44.4,6.7,31.2,36.8,34.1,13.0,54.4,159.0,54.5,35.8,73.1,53.9,14.6,23
23.3,36.1,31.8,47.7,104.2,39.7,135.5,106.3,73.4,64.7,20.0,56.1,30.6,36.5,37.9,42.1,6.2,32.0,35.7,31.7,13.5,52.2,157.3,61.8,40.7,99.6,75.0,16.0,21
22.7,36.6,31.9,46.1,109.1,37.6,136.2,94.9,75.0,69.0,18.8,56.0,31.1,39.2,40.8,42.4,6.4,30.9,35.0,32.3,14.5,51.5,159.5,67.1,38.0,87.1,70.4,16.0,25
22.5,34.2,31.9,45.7,100.8,35.6,138.5,98.2,76.6,58.2,18.7,55.5,31.0,38.5,39.3,45.0,7.1,33.4,37.2,32.6,12.5,52.5,161.0,61.2,44.0,103.6,67.5,15.2,24
20.0,36.3,29.1,46.7,102.1,35.0,133.0,93.5,74.7,59.7,18.7,54.5,29.7,39.2,40.3,41.8,6.0,31.9,35.6,33.1,14.0,53.1,156.5,64.8,37.6,83.5,64.0,15.1,20
18.7,33.7,26.9,40.0,88.4,32.7,129.7,84.5,69.2,57.0,17.6,53.5,27.8,34.4,37.6,38.3,5.4,30.4,32.8,30.4,14.0,48.5,152.3,53.0,37.1,66.5,47.0,14.4,25
18.6,35.9,26.6,40.7,92.0,31.5,135.7,83.6,75.5,59.8,18.2,53.1,28.9,34.1,38.1,41.4,6.4,30.1,33.8,31.9,14.9,51.0,157.0,52.5,39.4,67.1,50.2,15.1,23
21.2,36.6,31.9,45.0,97.7,35.8,132.6,94.9,73.2,61.0,19.2,54.5,29.4,36.3,38.5,42.9,6.0,32.2,36.2,31.6,14.5,51.5,155.6,57.9,38.4,76.9,59.7,15.1,23
23.2,37.5,29.3,44.7,96.4,37.4,137.3,95.4,73.4,61.8,18.3,55.7,30.6,38.1,40.7,42.0,6.5,33.2,36.0,32.8,14.9,52.3,159.9,61.5,43.6,85.0,64.6,15.7,29
21.9,36.1,33.3,46.5,105.1,38.3,139.2,94.0,78.5,58.3,19.3,59.8,32.0,40.1,41.2,43.7,5.9,34.4,38.3,32.7,14.1,53.9,161.1,65.9,43.5,93.6,72.6,16.2,23
23.7,38.0,30.6,44.7,96.5,40.3,142.2,91.5,75.4,61.7,19.2,56.2,32.6,36.5,39.8,44.5,7.0,32.7,39.0,34.2,14.5,54.5,168.1,59.5,41.8,75.8,63.1,16.2,45
20.7,39.0,28.9,46.2,101.4,35.7,136.7,92.5,76.9,57.5,18.0,57.4,30.6,38.5,41.6,42.9,6.3,31.9,36.1,32.0,15.9,52.3,158.5,62.5,42.6,88.8,63.1,15.1,23
21.8,36.4,32.0,46.0,102.2,35.6,138.0,103.2,77.6,59.5,19.4,54.8,30.7,38.2,40.6,43.8,6.2,32.9,35.6,32.6,14.1,52.5,161.4,60.6,40.8,94.1,66.0,16.2,24
22.8,37.8,30.2,47.0,115.9,41.1,145.2,98.8,82.8,65.8,19.1,57.4,34.5,37.4,39.4,45.8,6.9,33.5,37.7,35.9,14.4,60.0,167.4,71.5,41.1,81.2,78.9,16.3,22
20.7,36.8,26.6,41.5,91.0,35.4,142.0,83.8,84.3,57.3,17.7,55.7,30.5,31.7,35.8,49.3,6.7,30.1,34.1,34.3,13.9,56.8,165.3,54.4,36.5,70.4,53.1,14.8,23
20.6,34.6,30.2,45.8,105.7,35.3,136.7,99.2,74.6,63.2,17.0,56.8,29.3,36.3,37.7,42.9,7.2,34.5,38.1,32.8,11.9,51.7,159.3,63.8,45.2,102.7,70.8,14.9,27
21.2,36.9,30.7,42.4,96.9,36.5,136.9,96.9,78.2,54.9,18.8,55.4,30.2,33.0,37.2,42.6,5.9,30.8,35.1,34.0,15.2,54.5,159.2,59.9,42.2,88.5,62.5,15.6,37
21.4,36.6,31.5,45.2,102.1,35.8,137.4,95.7,74.7,63.7,18.6,57.7,30.2,38.1,39.6,41.7,6.2,33.6,36.0,32.8,13.8,51.5,161.7,61.6,41.4,87.2,68.0,15.5,31
20.5,33.7,35.4,48.4,112.6,35.3,135.4,109.3,75.8,61.6,17.4,55.8,28.6,41.2,41.3,43.2,6.4,33.4,35.3,32.2,13.0,51.5,158.9,61.9,41.9,104.1,73.4,14.8,44
21.8,37.7,35.4,47.1,102.3,36.9,136.2,99.7,77.0,61.5,19.0,55.5,31.3,38.1,39.7,44.1,6.5,34.8,37.8,31.6,14.3,52.4,159.7,64.4,37.8,85.9,68.8,16.0,28
22.5,36.2,34.0,48.0,111.5,39.1,145.0,109.0,77.2,66.0,19.7,55.5,32.7,37.8,39.0,44.2,6.2,34.5,38.6,33.8,12.6,53.8,169.8,65.6,47.0,102.2,84.0,15.6,39
23.1,37.9,29.3,45.3,101.3,37.8,135.9,92.3,73.4,64.3,19.3,55.4,30.5,34.6,37.6,41.8,6.6,31.7,36.4,32.0,14.0,51.3,161.9,61.4,40.6,79.0,64.7,16.1,28
19.7,39.3,27.0,44.0,91.4,33.9,140.3,84.4,78.3,59.0,19.7,62.0,30.4,38.3,42.9,44.0,6.2,32.8,36.3,33.8,15.5,53.3,166.3,52.5,42.3,71.1,56.1,15.7,22
22.8,35.9,33.0,46.3,107.7,39.7,137.4,101.1,75.7,63.7,20.2,55.4,31.1,37.7,38.7,43.6,7.4,33.1,36.7,32.3,13.6,51.7,160.6,66.5,44.0,94.1,73.5,15.8,44
20.4,36.5,36.2,49.2,110.8,35.4,136.5,99.7,75.7,57.8,18.3,54.0,30.4,39.5,40.7,43.4,6.0,34.2,36.8,32.8,13.8,52.2,160.9,62.5,44.8,107.6,73.3,14.7,45
21.0,36.5,27.3,42.6,98.3,35.6,145.6,94.3,81.5,60.3,18.7,56.6,30.1,36.4,39.0,44.6,7.5,31.4,35.7,34.8,13.8,55.4,169.6,56.2,42.7,79.7,60.5,14.9,26
23.0,35.8,30.8,43.7,106.3,38.0,147.9,93.4,81.5,66.7,19.0,56.4,31.7,39.2,41.1,46.3,6.3,34.0,38.2,33.0,14.2,53.1,172.3,63.9,46.2,90.4,72.2,15.9,24
23.3,39.7,36.7,48.2,113.5,42.3,151.7,103.1,83.0,67.0,19.1,60.0,35.4,40.5,43.1,48.0,7.0,34.5,40.0,34.8,16.2,56.0,174.8,72.4,46.8,97.9,90.8,16.3,50
23.6,36.3,31.1,46.2,111.4,40.2,145.2,98.5,79.6,68.3,19.4,55.6,31.6,39.8,41.3,46.3,6.8,31.9,34.9,34.3,13.5,53.2,169.5,66.3,42.3,88.8,76.0,15.2,27
19.7,38.4,28.5,44.0,96.9,34.2,139.8,93.5,75.7,61.4,19.2,54.7,30.2,39.8,42.1,43.3,6.9,33.6,36.8,33.6,14.7,54.5,164.8,57.4,43.0,76.9,60.6,16.3,49
22.4,37.4,26.5,43.1,98.5,36.9,134.4,87.2,71.4,60.2,19.0,53.9,30.0,34.2,37.1,40.7,6.6,30.7,35.0,31.8,14.2,50.2,157.9,56.5,42.0,80.7,57.3,15.1,21
21.2,36.9,29.5,46.9,97.8,35.1,135.1,99.6,76.1,58.8,18.2,55.4,30.6,38.5,38.7,43.3,6.3,32.6,37.6,33.4,13.3,51.4,158.7,58.5,39.4,83.9,60.2,15.0,24
19.8,35.9,29.6,44.0,106.3,37.1,138.0,99.4,75.7,63.1,19.4,56.1,31.2,37.9,40.0,44.5,6.9,34.6,38.7,33.7,13.4,54.4,160.4,59.3,41.5,97.5,66.9,15.4,48
19.3,37.1,33.1,49.4,113.1,36.6,138.6,113.1,77.4,60.3,18.9,56.0,29.2,41.3,43.2,44.4,7.0,39.2,42.4,36.0,12.7,56.5,160.3,66.0,50.1,112.7,82.9,15.3,40
23.4,37.2,33.5,45.0,111.5,40.4,147.6,96.6,81.0,64.5,20.4,56.9,32.2,38.1,39.9,46.3,7.0,32.4,36.1,34.9,13.7,55.8,171.2,67.5,46.4,93.0,76.5,16.7,37
21.0,36.6,31.2,43.8,100.6,34.2,139.7,90.8,77.2,54.2,18.9,58.7,31.5,32.8,37.8,43.8,6.7,36.3,40.8,32.6,14.6,52.6,162.8,61.3,45.7,90.7,67.1,15.2,37
20.0,37.3,32.3,44.2,100.4,33.9,129.9,98.5,68.8,56.5,18.7,52.8,28.0,40.0,42.7,41.0,5.7,33.5,36.5,31.9,15.2,48.8,152.0,60.3,41.7,91.9,58.9,14.7,48
21.0,37.2,29.3,43.7,100.7,37.3,140.5,89.6,79.5,61.0,19.3,54.0,29.6,37.7,40.0,44.7,6.7,31.0,33.9,34.4,14.4,55.0,164.0,61.2,42.7,83.9,61.5,15.5,23
20.7,35.6,26.6,42.2,93.4,32.8,138.0,86.4,77.4,56.0,18.9,56.4,30.6,35.0,38.6,43.1,7.2,30.6,33.3,33.2,13.7,53.2,161.6,54.6,40.7,69.7,52.9,15.8,23
21.8,37.8,37.0,50.6,115.8,39.1,145.5,109.5,82.5,65.8,18.6,57.0,31.8,43.0,45.5,46.6,7.0,35.5,38.3,34.6,14.4,56.8,168.4,67.4,45.3,108.8,84.7,15.2,32
21.7,36.2,27.9,42.1,97.1,36.5,142.9,89.0,78.5,60.9,18.6,58.2,31.4,31.2,34.4,43.6,6.3,32.4,37.3,34.0,13.2,54.7,164.9,57.5,43.2,80.5,59.6,14.9,29
21.2,34.6,30.1,42.5,101.8,35.7,142.8,96.5,80.6,66.9,18.9,56.6,32.0,35.7,37.8,46.6,6.4,32.1,36.8,34.0,13.0,56.2,167.7,61.2,40.6,84.4,66.6,15.8,37
21.2,36.8,32.9,44.8,101.1,36.7,141.4,95.8,78.3,62.3,18.6,56.8,31.7,32.1,35.1,44.1,6.2,33.7,37.4,32.8,13.9,53.6,165.3,58.6,44.4,91.5,67.6,15.5,44
20.7,35.1,31.8,42.0,104.6,37.3,140.4,92.6,79.0,60.3,18.9,56.9,29.8,36.1,39.0,44.2,6.6,31.4,36.8,33.3,12.7,53.3,163.8,64.1,45.0,86.2,65.8,15.0,44
21.1,34.7,27.5,42.5,103.5,34.5,143.2,87.8,77.3,62.4,18.4,52.5,30.0,38.7,41.5,44.4,5.7,32.0,35.5,32.9,12.3,51.1,164.6,60.5,44.4,83.5,59.6,15.4,31
22.7,35.4,34.6,46.2,107.9,38.2,137.7,95.1,75.6,57.6,19.5,57.5,29.7,35.1,37.0,41.9,6.4,32.9,36.9,32.5,13.6,52.0,161.9,63.9,45.3,100.0,73.5,15.6,26
19.0,35.8,29.5,44.0,99.7,35.3,130.4,85.8,73.4,56.5,18.8,55.5,28.8,38.5,39.8,40.1,6.0,32.2,36.0,30.8,14.2,50.0,153.0,61.4,42.2,78.9,55.6,14.8,24
20.0,35.1,28.3,41.3,97.5,33.5,136.0,87.0,78.3,56.3,18.2,56.0,29.7,32.8,37.0,45.5,6.7,30.8,35.0,33.4,13.0,53.7,160.3,59.0,39.5,77.7,56.1,14.6,24
19.8,37.5,26.3,42.9,92.5,34.2,142.8,87.5,85.0,49.5,19.3,58.6,30.9,34.4,38.5,45.8,7.0,31.1,35.4,35.8,15.9,57.7,168.0,55.1,43.6,79.6,56.0,15.3,20
22.9,38.7,38.6,51.1,114.2,43.1,136.5,113.9,73.4,67.4,18.5,55.5,31.4,39.6,40.6,40.5,6.8,35.3,39.6,32.9,13.9,52.0,160.2,70.1,41.5,101.7,87.1,16.2,31
20.8,35.9,34.0,49.2,115.2,37.2,123.7,106.4,63.9,63.5,18.2,53.8,29.0,41.0,40.6,36.6,6.2,34.5,37.1,28.6,13.9,46.0,144.7,73.2,42.7,107.4,73.6,15.2,22
21.9,37.0,30.0,42.6,92.1,38.6,139.3,92.3,79.3,58.0,18.7,57.7,32.7,34.5,38.2,44.5,5.9,31.4,35.8,31.6,13.9,53.5,162.7,60.5,41.8,68.8,61.3,15.3,21
20.3,37.5,26.8,42.1,92.1,32.4,136.9,86.1,75.9,58.0,19.3,55.1,29.5,34.2,39.6,42.3,6.8,31.0,34.6,33.1,14.9,53.6,159.4,51.5,39.8,71.3,50.5,15.3,24
22.0,39.4,32.5,50.4,109.2,39.2,145.3,105.7,78.7,67.5,19.5,59.0,32.4,41.2,41.6,45.3,6.5,35.2,39.2,34.5,14.8,54.9,168.8,64.6,47.2,103.5,82.3,16.8,25
19.4,36.9,28.2,45.0,94.2,32.0,132.0,89.6,70.9,57.6,18.3,54.7,28.8,38.5,41.4,39.6,6.3,33.6,37.4,31.8,14.4,50.2,154.7,56.0,40.5,82.7,56.1,14.7,39
21.7,37.7,30.9,49.0,108.2,37.5,138.3,99.1,75.1,61.2,19.3,57.8,31.3,43.0,44.1,43.0,6.7,36.0,40.7,34.7,13.7,54.0,162.1,64.6,44.1,95.0,75.4,15.7,28
20.0,38.0,26.6,43.8,100.6,35.0,138.6,90.4,76.8,61.2,18.8,55.7,29.6,34.1,38.2,43.7,6.4,30.5,33.4,34.1,14.9,55.1,162.5,56.4,42.2,80.5,59.3,15.6,28
23.1,35.8,31.2,42.7,102.0,41.2,137.8,98.1,77.6,56.1,18.2,52.7,30.3,36.0,39.3,42.8,6.7,35.2,39.0,34.1,12.2,54.0,159.7,59.9,44.5,89.6,69.5,14.6,49
23.8,37.0,35.5,46.3,111.8,43.1,136.4,104.6,76.8,65.0,19.5,58.6,32.5,38.9,41.1,44.0,6.2,35.6,37.2,33.0,13.8,53.9,160.2,72.4,41.0,90.5,82.0,15.9,27
20.6,36.8,29.7,44.5,94.3,34.0,136.8,95.2,80.3,53.3,18.7,57.0,30.3,36.7,39.7,45.0,6.3,31.1,35.0,34.4,13.3,54.2,161.4,57.8,38.9,83.3,58.3,14.7,32
22.7,38.8,34.6,52.0,120.6,39.6,147.5,106.7,78.3,71.8,19.7,56.7,31.7,42.6,44.0,45.8,6.6,35.8,40.2,34.3,13.7,54.2,174.3,71.6,44.2,105.5,92.0,16.7,30
23.3,39.4,38.3,51.8,114.6,40.1,138.0,110.5,72.1,63.7,19.3,59.3,31.1,38.2,41.4,41.1,6.3,37.0,41.1,30.6,14.4,49.2,160.3,69.1,45.5,107.1,84.1,16.3,23
23.7,36.2,31.6,50.5,117.6,40.1,131.6,119.6,70.6,58.7,18.3,60.9,30.3,41.1,39.9,40.6,6.7,34.9,38.3,29.9,13.6,49.5,157.6,66.8,46.4,111.1,84.2,15.3,30
23.3,39.4,27.0,45.3,102.2,37.8,137.9,99.9,75.8,62.4,17.7,55.5,31.3,35.1,37.8,43.4,6.6,33.5,37.9,33.5,14.0,53.8,161.9,61.0,42.3,87.1,66.0,15.6,22
22.4,41.1,33.5,49.6,115.1,40.4,150.0,105.2,83.5,63.0,20.1,60.0,35.7,44.2,48.6,47.7,7.3,35.5,38.8,34.8,17.2,56.6,175.4,71.1,48.0,96.9,89.6,16.8,35
22.0,38.6,32.9,47.7,107.9,39.3,149.1,101.4,83.3,67.7,19.7,60.9,33.3,39.5,42.0,46.7,6.1,34.2,38.4,35.8,15.2,57.5,170.9,70.0,45.8,94.2,84.2,16.3,31
21.3,37.2,31.8,47.9,111.7,37.9,153.2,104.8,90.4,69.8,19.6,60.7,33.9,37.3,39.5,51.1,6.5,33.2,37.8,39.4,13.7,66.2,178.9,70.0,40.4,96.4,84.5,16.0,32
19.8,37.0,28.9,44.9,100.5,35.6,133.8,89.6,72.6,56.3,19.1,58.3,29.4,35.3,39.0,42.3,6.3,31.6,35.0,32.1,14.1,52.7,158.7,58.5,40.4,88.7,59.6,15.2,40
21.3,37.3,29.8,45.3,103.7,36.3,143.8,94.3,79.5,64.3,19.4,56.4,31.7,35.2,38.6,45.0,6.9,32.8,36.6,33.5,13.4,54.2,168.7,60.5,41.7,83.8,68.8,15.2,29
22.1,37.7,30.5,44.9,108.1,37.6,144.7,89.9,80.4,67.5,17.8,54.8,31.7,39.4,41.9,47.1,6.5,31.8,34.8,34.2,13.7,55.3,166.5,65.8,41.0,82.6,69.0,15.1,26
23.4,36.9,32.7,47.4,108.7,39.6,135.1,99.6,75.5,63.3,19.7,59.0,34.3,37.9,40.1,44.0,6.4,35.9,39.8,33.1,12.4,53.8,157.3,66.5,41.3,95.0,74.8,15.9,45
24.8,37.2,31.0,43.3,103.8,39.8,141.5,91.1,74.5,64.9,19.3,57.4,31.8,37.6,40.0,43.4,6.8,32.5,36.7,32.5,13.2,52.3,165.4,62.2,42.4,81.9,69.9,15.8,21
21.7,36.8,31.6,45.7,99.9,37.3,134.4,100.5,72.4,62.2,20.0,55.7,30.2,40.4,41.3,41.5,5.7,35.7,38.8,33.5,14.0,52.2,158.2,61.2,41.5,92.0,69.1,15.8,30
20.4,35.9,27.6,42.7,97.7,32.7,132.6,87.3,72.4,62.8,19.3,53.5,28.4,34.6,36.6,41.5,6.0,33.2,37.8,32.5,13.1,53.0,157.5,60.8,39.4,74.4,56.6,14.6,39
20.7,37.1,30.9,47.6,102.6,37.5,138.1,97.6,75.6,62.2,18.9,56.8,31.0,39.7,42.1,44.5,6.1,32.0,35.5,32.7,14.1,54.3,160.0,65.3,41.1,88.0,69.9,15.4,18
19.5,34.1,25.1,41.2,86.8,30.7,136.0,83.4,75.0,52.7,18.5,54.4,27.7,35.7,38.4,43.5,5.8,31.5,34.6,33.6,12.9,54.9,158.4,49.8,45.4,74.0,46.8,13.9,24
22.0,35.5,30.2,44.6,112.1,40.7,129.9,98.6,68.4,69.5,18.0,58.4,31.2,37.0,37.0,38.6,6.0,31.9,36.5,29.7,13.4,48.7,153.5,68.6,36.8,82.9,70.1,14.6,39
24.6,36.8,35.7,48.7,110.0,41.8,136.8,106.2,72.5,65.3,18.2,56.0,31.9,37.5,38.2,43.7,7.0,35.1,38.0,33.1,13.3,53.2,159.3,70.5,43.9,102.9,83.2,16.3,37
23.8,36.5,34.1,47.4,110.4,43.2,133.9,100.4,72.3,63.0,18.5,58.1,32.2,36.0,37.5,41.3,6.4,32.7,37.0,31.7,13.2,51.4,158.3,75.1,46.8,97.3,78.9,16.0,20
20.3,37.0,27.8,43.1,95.5,35.7,134.9,89.6,72.2,56.3,18.8,55.2,29.9,34.5,37.7,40.0,5.9,31.8,36.5,33.3,13.2,53.4,160.8,57.2,41.8,84.5,59.2,15.5,29
19.9,38.1,26.0,45.0,96.1,32.6,143.4,86.1,79.8,57.2,18.7,55.2,29.9,37.0,40.7,43.9,6.5,31.0,34.0,33.8,15.3,54.5,166.3,57.0,44.4,82.8,58.3,15.3,25
22.4,37.8,31.2,46.3,111.3,40.0,137.2,95.1,73.9,63.5,18.6,59.3,30.9,39.2,42.0,43.2,6.5,33.2,37.0,33.4,14.7,54.4,160.9,70.1,46.7,102.0,74.6,14.5,27
18.8,31.1,23.8,35.7,87.1,31.3,129.2,77.2,74.0,56.7,17.4,54.2,28.3,27.0,30.6,40.9,5.6,28.9,32.7,31.0,11.4,50.8,151.3,51.1,36.7,67.5,42.8,13.9,19
22.7,38.1,32.5,49.6,114.0,43.0,146.8,103.4,81.3,69.5,19.7,56.4,31.7,35.3,39.1,49.7,7.3,33.7,37.1,34.7,14.5,58.3,170.4,72.8,41.0,100.7,85.3,16.1,22
21.6,34.8,28.8,41.8,99.7,36.7,148.2,89.9,81.2,61.5,19.8,56.1,31.7,38.6,40.5,45.7,6.9,31.6,35.0,35.3,14.2,55.5,170.8,60.2,47.9,85.8,66.4,16.2,27
22.7,33.8,29.6,41.8,97.3,38.3,126.1,95.5,71.0,58.2,18.2,52.8,28.9,33.3,35.9,41.3,6.3,30.4,34.6,30.9,11.5,49.1,150.6,63.1,40.8,80.4,57.7,14.6,21
21.8,33.7,29.1,41.6,94.4,35.0,133.3,86.7,73.3,60.4,18.1,56.4,29.6,36.4,37.1,41.0,6.7,32.9,36.4,31.9,11.7,51.8,158.3,56.5,39.5,81.1,56.5,14.6,28
22.4,38.6,28.9,46.3,103.0,38.2,149.4,97.1,79.9,67.5,19.4,57.8,31.7,38.5,42.0,46.5,6.3,35.1,41.2,35.9,13.1,58.0,173.1,62.3,45.6,86.4,71.4,15.7,42
23.4,33.6,33.4,43.2,103.6,41.2,143.3,96.6,85.2,61.5,19.0,58.4,32.7,33.0,35.9,47.4,6.4,33.5,37.1,34.4,13.2,57.2,166.9,67.4,40.1,87.1,76.2,16.4,22
21.5,38.1,27.3,43.7,93.3,36.2,141.0,80.0,78.7,54.2,18.0,55.0,30.3,38.2,41.6,44.5,6.5,31.1,35.0,34.0,14.7,54.3,164.0,54.3,46.2,82.4,55.6,15.2,21
20.3,35.5,29.1,43.1,90.9,35.7,137.6,81.2,76.7,55.3,17.8,56.1,29.8,34.7,38.3,42.4,5.7,33.1,37.9,33.6,12.5,54.0,161.3,55.4,41.5,72.4,56.1,14.9,25
21.8,38.7,30.5,44.6,98.8,38.0,140.2,94.6,78.7,55.1,20.0,58.3,32.3,36.7,41.1,45.3,6.8,31.9,35.7,32.9,14.7,53.1,164.0,58.8,43.6,84.9,64.1,15.9,29
23.5,36.3,33.2,47.0,105.0,42.4,135.1,100.8,73.0,58.3,19.1,61.1,33.5,41.5,41.1,44.2,6.2,37.8,41.5,32.3,12.7,52.4,158.1,67.4,44.2,91.8,76.6,16.8,40
21.5,37.4,32.7,44.0,98.7,36.9,143.2,97.1,83.5,61.2,19.7,57.3,33.3,36.3,39.0,46.7,6.3,34.0,37.6,33.5,13.7,56.3,166.4,60.8,43.4,82.9,70.2,16.1,36
20.7,31.8,28.1,41.8,96.6,35.4,135.3,91.8,71.3,55.6,18.7,53.3,30.8,35.5,37.8,42.4,6.7,33.4,36.0,31.0,12.2,49.8,156.2,55.6,43.8,79.9,56.1,15.1,44
24.8,37.8,32.3,48.0,110.1,41.7,147.4,98.7,84.6,59.0,18.2,56.4,32.7,38.2,40.6,47.7,6.3,34.4,38.7,35.8,13.4,57.9,172.2,68.2,46.2,101.7,81.2,15.8,27
24.0,34.7,34.0,44.2,107.3,40.8,132.6,96.9,69.8,61.2,19.6,56.4,29.1,39.5,42.1,40.0,7.0,35.4,38.6,30.4,13.5,48.3,156.4,68.3,43.8,90.0,72.5,15.6,27
23.8,37.6,30.2,44.9,103.9,39.9,135.9,97.9,75.9,59.2,19.9,55.8,31.3,34.5,38.1,42.5,6.1,31.5,36.0,33.8,13.2,52.8,158.9,67.7,44.2,91.7,68.6,16.0,29
24.2,40.5,33.1,50.3,116.5,42.6,154.8,101.7,85.0,67.5,20.5,55.8,35.1,38.8,44.1,50.0,7.5,34.8,39.8,39.8,15.3,63.0,178.9,77.5,44.2,97.0,92.4,17.0,28
20.1,36.2,31.2,47.0,94.4,36.5,136.3,105.8,74.8,55.4,19.4,55.1,30.0,40.3,40.5,42.7,6.0,34.1,39.8,33.8,12.6,55.4,160.8,56.7,43.4,88.4,66.2,15.3,26
19.7,35.7,30.3,42.1,97.3,32.5,135.8,88.7,76.4,54.5,18.2,57.3,29.2,33.2,36.2,43.6,6.6,30.8,35.1,33.3,14.5,54.8,159.5,57.9,41.5,79.6,56.2,15.1,35
21.1,34.9,28.5,41.0,93.8,37.0,135.8,85.9,76.1,61.0,19.3,55.5,31.1,36.0,38.2,44.5,6.3,31.0,33.7,33.4,14.2,54.6,159.0,56.5,39.6,78.5,56.4,15.3,41
21.6,37.6,31.6,46.5,98.5,37.1,131.9,98.0,68.5,62.0,18.6,56.2,30.3,36.8,39.4,38.2,5.2,35.3,38.6,30.9,13.6,49.9,157.5,57.5,42.6,87.0,65.3,15.5,40
21.0,32.8,31.1,43.2,108.3,37.6,130.3,103.7,73.7,62.9,18.0,59.0,30.0,37.5,37.5,42.7,6.2,33.0,35.7,31.8,12.6,51.4,153.9,66.5,41.1,90.5,67.9,14.0,52
19.7,36.7,34.2,45.9,110.0,35.4,142.4,98.4,78.1,61.4,19.3,60.5,31.6,38.9,40.1,46.3,5.7,35.7,39.0,36.4,13.1,59.4,165.4,67.2,43.5,95.8,77.7,14.8,29
20.8,35.5,29.2,42.6,102.1,35.1,138.9,95.9,76.6,60.1,18.1,57.1,30.4,34.1,37.8,44.1,6.3,32.6,36.8,33.8,12.8,55.0,161.6,60.5,42.9,85.5,63.2,15.3,25
21.3,38.4,30.7,46.1,101.0,36.6,141.3,98.8,82.2,61.5,19.0,56.3,32.7,40.5,42.2,46.4,6.0,32.0,35.8,35.2,14.5,57.0,164.6,62.8,39.7,86.9,69.7,15.6,33
22.5,35.9,28.2,44.8,106.4,39.3,133.4,90.0,75.8,62.1,18.4,55.8,32.7,38.0,40.8,42.4,6.1,34.7,36.6,32.3,13.7,53.3,154.8,64.7,43.9,87.5,68.1,15.4,47
22.0,36.4,26.5,41.9,98.5,36.6,138.9,82.7,75.3,61.8,18.4,57.3,30.4,31.1,34.6,42.4,5.5,29.9,35.8,32.2,13.7,53.2,161.7,60.8,41.8,72.2,57.0,15.0,20
21.1,37.8,33.0,49.9,108.9,35.8,129.4,108.9,69.4,63.4,17.5,56.6,30.5,39.0,41.1,39.3,5.5,34.6,38.5,31.4,14.3,50.0,152.7,64.2,40.2,103.4,74.2,15.7,23
21.0,35.9,29.6,44.4,90.8,34.6,142.7,89.5,79.5,58.2,19.3,55.9,31.0,37.8,39.7,45.3,5.4,32.0,34.6,34.3,13.6,58.2,165.3,56.4,43.4,75.7,58.9,16.2,23
21.8,37.3,31.6,48.8,103.5,39.3,137.5,102.4,76.7,54.7,19.2,57.4,31.2,41.0,42.6,44.5,6.0,34.9,38.0,34.3,12.9,55.0,160.6,63.6,45.5,99.5,75.0,15.9,37
22.8,38.2,31.6,46.2,102.9,40.7,147.8,94.8,84.5,66.1,20.1,61.0,33.6,41.0,42.2,48.2,6.7,33.1,36.5,36.2,14.3,59.0,170.0,65.1,42.5,81.2,74.4,16.7,22
22.4,36.0,33.6,48.5,111.9,37.8,143.4,113.1,79.5,67.8,18.3,54.5,32.7,39.8,40.4,46.3,6.8,37.5,40.7,35.0,13.2,58.4,167.2,65.4,41.7,95.4,81.5,16.3,27
22.8,39.2,31.3,46.3,103.9,37.2,148.2,98.8,84.7,58.0,20.0,58.0,33.0,40.5,42.6,48.3,6.7,34.6,38.0,35.7,13.9,57.5,172.8,64.7,45.4,92.8,76.5,16.8,26
22.0,37.4,35.0,48.6,108.2,35.5,143.9,109.8,83.2,55.5,19.4,61.4,32.4,39.8,41.0,48.5,7.0,36.2,38.9,34.5,14.4,60.0,167.7,68.9,47.3,104.9,82.7,16.1,22
23.4,39.0,32.5,47.2,106.4,37.7,154.4,103.3,85.5,64.8,20.0,58.4,33.3,37.7,41.6,48.5,7.2,36.5,39.9,33.9,14.0,55.8,179.0,65.6,46.9,95.8,79.3,16.3,33
21.0,37.5,30.2,45.0,108.4,39.5,140.0,96.0,75.6,62.7,18.9,56.3,30.3,36.5,38.9,43.6,7.0,34.3,38.6,32.3,13.5,51.0,164.3,66.8,44.3,91.2,73.5,15.1,29
20.5,35.4,30.5,45.4,98.9,35.0,136.1,95.5,76.8,57.9,17.6,56.6,28.7,36.5,39.2,43.6,6.8,31.9,35.7,33.4,12.4,54.1,158.4,61.3,40.4,82.2,62.0,15.4,24
20.8,36.8,30.0,43.3,100.4,35.2,135.4,102.3,75.2,55.4,18.7,57.3,31.3,36.8,39.7,43.2,6.4,35.5,39.1,32.5,12.7,52.5,158.3,59.9,43.9,93.5,65.9,16.4,34
21.5,38.7,32.1,46.8,103.7,37.7,141.0,100.0,78.5,63.8,18.7,53.3,30.9,35.0,40.8,45.9,6.7,34.6,38.3,34.3,15.5,54.1,164.0,63.5,42.6,95.7,70.5,15.1,30
20.4,35.6,26.6,41.1,91.1,33.0,133.9,86.6,74.6,56.0,18.0,51.7,31.3,34.2,38.2,42.6,7.0,29.0,33.5,33.6,12.9,54.1,156.2,53.0,38.9,70.7,49.3,14.2,22
22.7,37.5,30.6,44.4,100.1,39.7,141.5,88.1,80.5,59.5,18.8,58.6,31.0,34.8,37.8,45.5,6.4,31.6,35.6,35.0,14.6,57.1,165.0,62.4,40.3,77.1,64.3,14.8,26
21.8,37.3,30.4,44.0,100.9,36.2,140.1,95.0,77.0,64.0,19.1,57.0,31.1,38.7,41.3,42.8,5.9,33.0,36.8,33.4,12.9,52.6,165.6,60.8,41.3,80.6,65.4,16.3,23
21.3,35.3,31.1,45.8,99.8,35.1,138.9,102.0,75.2,58.0,18.7,55.5,31.5,41.7,42.5,43.5,6.2,32.2,36.7,33.0,13.5,52.0,162.4,58.6,47.8,100.2,65.5,15.1,19
23.4,39.5,36.6,49.2,113.8,40.2,137.6,115.9,72.1,64.5,19.2,56.8,32.1,41.6,44.4,42.6,6.6,34.9,39.5,33.3,14.1,52.1,163.1,68.8,45.9,104.4,85.6,16.3,36
21.1,39.1,28.5,44.9,97.5,36.0,149.9,86.6,85.0,62.1,19.0,55.5,30.6,36.1,40.3,48.0,7.0,31.3,37.6,37.7,15.1,60.5,171.5,58.0,43.5,81.5,63.2,15.6,23
22.5,37.2,28.0,43.0,104.8,38.6,137.0,90.8,75.9,65.2,18.7,55.3,30.6,35.8,39.8,42.8,6.4,32.3,36.0,34.0,15.0,54.7,160.7,64.2,39.6,75.2,64.8,15.5,24
21.2,37.1,30.1,44.6,94.1,36.8,135.5,88.3,74.4,59.1,18.7,56.7,28.9,38.3,40.0,41.7,5.8,32.9,36.4,33.3,13.7,52.9,160.0,56.2,40.0,83.1,60.4,15.0,27
23.5,35.8,33.5,46.4,109.9,40.0,134.2,99.3,71.6,62.7,18.7,55.7,31.3,40.0,42.2,40.5,6.7,33.7,38.2,32.0,12.4,50.2,157.1,64.1,42.9,88.0,70.2,15.5,27
22.7,36.3,30.5,45.2,106.2,38.4,138.2,92.0,75.7,67.2,17.8,55.7,30.6,36.0,39.3,43.1,6.8,32.8,37.0,33.4,13.4,53.5,160.3,65.4,40.8,81.7,65.9,15.5,30
20.7,34.9,35.2,49.1,107.5,39.1,136.0,112.2,75.3,63.5,18.2,57.6,30.3,39.1,39.0,43.0,6.2,34.4,38.0,32.7,13.3,52.8,159.9,68.2,42.0,93.8,77.1,15.2,27
19.3,35.3,28.5,42.1,96.4,34.1,137.3,82.9,75.9,55.4,16.7,56.0,28.4,35.5,38.0,43.4,6.3,29.2,33.5,32.5,12.9,51.5,160.2,58.1,43.9,79.7,52.4,14.2,29
22.3,35.2,33.8,42.4,103.6,37.2,141.9,92.5,82.5,62.5,19.0,57.2,31.5,37.0,38.1,47.0,6.0,32.2,35.8,33.9,13.6,56.2,164.2,65.2,41.0,77.3,68.5,15.8,21
23.7,38.8,38.6,50.2,123.7,44.9,147.9,109.6,79.5,69.6,18.9,56.6,33.3,40.3,40.9,46.1,6.8,35.2,40.5,35.0,13.8,57.0,171.5,80.8,49.2,110.3,101.7,16.2,32
21.7,34.9,25.6,38.8,88.3,31.7,138.8,86.2,75.1,58.0,18.5,54.0,30.7,34.2,38.4,41.8,6.0,30.4,35.8,32.7,13.3,52.4,163.4,52.6,42.0,67.9,48.7,14.7,39
22.6,37.1,33.7,45.9,118.4,39.6,142.7,105.9,78.4,65.8,19.7,54.6,32.1,39.7,42.1,45.2,6.3,34.3,39.3,33.5,14.8,54.2,165.7,68.5,47.3,105.5,82.4,16.2,29
23.9,33.2,33.4,44.7,100.0,38.4,138.9,108.6,75.6,64.2,19.2,53.3,31.3,35.5,37.7,45.0,6.7,31.7,35.7,34.4,12.1,55.5,162.6,63.0,43.2,85.6,72.4,16.3,46
22.4,37.4,31.1,44.8,96.7,33.8,130.5,96.8,73.9,51.0,19.1,60.1,29.7,37.3,40.2,42.1,5.5,35.0,38.5,32.2,14.6,52.2,153.6,57.7,43.0,86.8,61.7,15.3,45
22.7,35.4,31.0,44.0,106.8,39.4,144.2,90.8,79.7,62.3,19.1,57.2,30.7,37.0,38.1,46.1,6.9,32.2,36.1,34.1,12.7,53.7,169.8,65.5,43.0,81.8,69.6,15.7,32
25.0,37.9,31.3,45.4,104.7,43.3,141.8,95.6,75.9,64.8,20.2,58.0,32.6,36.8,40.2,42.6,6.5,33.4,37.2,34.1,15.3,54.7,165.2,65.3,45.4,84.6,75.3,16.4,24
23.0,36.5,32.8,48.7,114.8,39.1,137.1,104.3,75.0,65.3,19.0,56.2,30.8,38.6,40.6,40.9,6.4,32.7,37.5,33.4,13.3,54.6,161.1,67.0,43.2,103.2,78.5,16.4,29
23.2,38.6,31.3,47.7,112.8,39.7,149.0,100.3,84.9,67.6,20.0,57.3,32.6,38.0,41.5,47.8,6.9,34.1,39.2,37.4,13.3,60.1,176.4,68.9,42.7,91.1,81.2,16.3,26
20.3,37.2,25.9,41.5,91.2,33.3,135.5,82.5,73.7,55.7,17.8,55.3,28.4,33.6,36.7,40.9,6.5,31.3,35.4,32.1,14.0,51.2,158.6,51.9,41.2,65.0,48.5,14.7,22
21.7,35.5,30.3,43.9,99.1,37.2,137.0,89.9,75.7,58.2,17.7,54.4,28.9,32.1,35.7,42.4,6.1,32.1,36.7,33.0,13.5,51.7,159.2,59.9,40.7,80.4,59.5,15.0,24
23.8,38.1,28.8,45.6,103.4,37.5,153.1,95.8,87.7,61.2,19.9,57.7,33.7,39.5,43.1,48.4,7.0,32.2,37.1,39.3,14.6,61.2,178.2,61.1,45.5,88.0,74.0,16.5,25
25.7,38.0,32.5,47.9,106.3,40.9,145.4,102.8,83.8,57.6,20.6,60.5,34.0,34.3,38.0,46.5,7.0,34.0,39.2,35.0,13.6,56.6,170.8,65.8,47.2,97.0,79.9,16.6,32
21.8,36.9,30.3,44.7,98.6,37.1,140.8,95.7,78.0,59.5,18.9,56.0,31.8,35.5,38.8,44.0,6.9,31.7,36.9,34.3,14.0,53.5,165.0,59.3,43.4,84.1,64.5,16.5,26
22.7,37.0,30.8,47.3,110.1,37.8,137.1,100.7,77.0,62.0,19.1,56.2,31.3,39.8,41.0,43.1,5.9,33.0,38.7,33.9,12.5,53.8,161.2,68.0,41.1,94.9,72.5,16.1,29
21.4,37.2,29.5,43.2,96.0,36.8,141.9,84.2,78.7,58.2,19.7,56.6,31.0,38.8,41.3,44.9,7.0,32.6,37.3,34.7,14.2,54.7,166.0,57.6,45.1,76.6,60.0,15.5,27
23.9,36.2,29.5,42.8,99.4,39.2,138.9,88.4,75.9,63.9,18.3,56.6,32.1,37.1,38.3,44.6,7.0,32.7,37.0,33.3,12.9,53.9,162.9,63.6,42.2,81.1,63.0,15.2,21
23.9,38.6,30.7,48.1,104.7,37.5,140.0,99.2,73.5,65.5,18.8,57.5,32.5,43.3,44.2,42.2,6.2,35.7,39.1,33.9,14.5,54.0,163.0,64.4,43.3,97.8,76.2,16.4,19
24.6,36.3,29.7,42.7,102.4,40.6,149.4,91.3,82.6,66.0,20.4,54.7,32.7,36.2,39.5,46.0,6.7,33.2,37.5,35.7,13.3,56.1,174.3,61.0,43.7,73.8,69.6,16.8,20
21.3,38.2,33.5,51.4,106.7,38.9,144.4,115.2,78.7,62.7,20.0,57.9,32.4,44.9,43.9,44.9,6.2,36.6,39.8,35.7,13.7,55.9,168.8,63.9,45.3,100.1,81.8,16.9,34
20.3,36.6,26.9,42.7,88.8,33.5,134.3,83.6,75.5,53.7,19.0,55.7,31.6,34.1,38.8,44.9,6.3,31.0,36.5,32.4,14.0,53.5,158.0,54.6,41.9,70.5,50.8,15.0,33
22.6,36.1,32.0,45.1,98.5,36.4,138.4,95.7,76.3,56.5,18.0,54.1,29.4,36.0,39.6,41.8,6.1,32.5,36.4,33.3,13.4,53.7,161.0,59.4,41.7,90.1,66.5,15.6,20
19.0,33.1,24.2,37.1,83.2,28.8,132.4,75.7,72.8,52.3,17.5,53.5,28.7,30.5,32.1,40.2,5.4,27.8,30.2,31.5,12.8,51.4,155.6,48.3,40.3,62.0,40.0,13.4,19
22.5,36.6,32.5,47.7,108.1,41.2,134.6,98.5,75.3,59.0,18.7,57.2,30.9,38.8,40.6,41.9,7.0,34.7,37.9,32.3,13.5,51.3,158.5,68.6,43.2,100.0,73.6,15.7,28
22.8,37.4,30.5,47.2,103.4,37.9,145.6,103.6,79.0,66.0,20.2,57.0,31.6,42.0,44.1,44.3,6.0,35.3,37.8,34.2,14.6,54.0,168.5,61.7,44.4,95.2,77.0,16.0,27
22.3,35.8,29.9,46.1,99.9,35.6,135.3,94.3,71.5,63.7,17.8,56.1,30.9,36.3,38.6,40.5,5.8,35.6,38.2,32.0,13.4,51.1,159.2,61.5,40.3,82.3,63.0,15.8,23
25.3,37.4,32.4,45.3,107.6,41.5,143.8,96.0,79.7,64.7,19.3,55.7,32.8,35.9,39.5,45.6,7.0,32.1,36.6,33.3,14.7,54.2,169.8,65.1,43.3,91.9,76.1,16.7,23
22.5,36.5,30.9,46.2,105.1,39.7,141.9,87.5,78.2,62.2,19.1,54.0,31.3,33.5,34.9,44.1,6.5,33.0,38.1,36.0,13.4,56.1,164.8,65.1,42.6,88.6,69.0,16.1,26
24.1,35.2,27.5,42.7,95.0,36.7,133.9,87.9,73.8,56.8,19.2,56.6,32.2,33.0,35.0,42.8,6.4,31.2,36.5,31.4,12.8,50.5,157.5,56.0,42.2,79.1,57.3,16.2,21
23.3,36.2,28.5,44.1,98.3,34.8,137.6,93.5,76.7,60.1,19.2,57.1,32.2,38.0,39.0,42.8,6.0,32.4,36.5,32.1,12.0,49.3,160.2,57.4,39.5,79.4,61.7,16.0,24
23.5,37.0,27.8,43.6,102.5,38.8,144.3,88.6,81.3,63.3,19.7,55.3,32.5,37.0,39.5,44.6,6.7,34.0,39.2,35.1,13.4,55.7,166.9,61.8,42.6,82.2,66.3,16.4,19
27.1,37.5,36.4,48.6,112.8,44.8,139.6,101.8,72.6,62.5,19.4,55.3,33.0,37.5,38.8,44.4,6.8,35.5,40.9,33.2,12.5,53.5,163.7,71.4,47.0,99.6,85.0,18.2,27
22.8,36.9,26.0,41.2,96.2,36.0,143.2,92.9,83.3,59.3,19.5,54.5,33.3,36.9,39.4,46.6,6.7,30.0,34.0,33.6,15.2,54.5,169.0,57.8,40.9,79.8,60.1,15.4,21
22.1,36.2,28.5,43.8,103.9,38.5,142.6,93.5,77.8,65.3,17.8,55.2,31.3,34.7,36.2,44.3,6.4,32.0,36.3,35.9,13.2,55.5,166.4,62.0,42.3,79.5,65.5,15.5,24
22.5,36.9,32.2,46.4,105.0,36.0,148.2,93.2,83.0,60.1,20.2,55.2,31.2,35.5,38.7,46.7,7.0,33.0,37.0,35.4,13.8,57.0,171.0,64.3,46.3,94.0,71.6,16.5,30
20.9,36.1,28.4,43.0,97.3,38.2,136.3,90.6,78.5,65.6,19.1,56.5,30.3,36.4,39.1,44.3,6.1,31.3,35.9,33.1,13.3,53.6,159.6,61.4,36.2,71.6,61.1,15.3,26
27.4,38.5,41.5,51.4,125.0,47.1,143.0,115.0,78.4,69.0,19.2,57.5,32.9,42.8,44.0,45.4,6.5,34.2,38.6,35.0,14.0,57.7,165.6,78.2,46.0,116.4,100.0,16.9,30
21.8,37.6,36.3,48.1,114.7,41.1,136.0,99.1,74.9,72.1,18.7,56.4,31.7,37.5,41.2,42.5,6.8,32.5,35.9,35.1,13.8,55.8,158.6,71.3,39.5,87.0,79.1,15.6,39
20.9,36.8,31.4,46.2,104.1,35.3,140.3,100.0,77.4,60.0,19.2,57.8,30.2,39.2,41.2,44.7,6.8,36.1,41.0,33.7,13.3,54.0,165.3,60.2,43.7,88.6,67.6,15.8,33
21.8,35.4,30.7,46.4,104.6,38.7,140.5,104.5,72.8,71.0,18.2,62.1,30.8,34.0,36.3,43.7,6.7,33.2,36.5,32.1,12.6,52.0,166.1,64.3,39.7,83.1,74.0,15.7,29
20.1,33.6,28.5,41.0,90.4,34.4,127.0,86.2,71.3,52.7,17.7,54.0,29.3,33.0,36.2,40.3,5.5,30.9,34.2,31.5,13.0,48.0,149.5,55.2,39.9,74.9,50.1,15.0,25
20.0,38.9,27.8,45.2,97.0,34.4,141.0,90.0,77.6,57.6,18.1,53.7,29.9,34.5,40.0,44.0,7.3,31.4,36.2,33.0,15.3,53.0,163.3,57.6,43.0,81.1,58.7,15.0,34
22.4,37.8,30.8,46.8,107.0,37.9,140.2,97.6,78.0,61.0,19.3,54.5,30.3,39.7,42.0,43.8,6.3,31.5,36.5,32.3,14.6,52.2,165.2,64.0,42.8,85.0,69.6,15.7,30
20.2,35.7,28.2,43.1,103.0,36.6,136.5,89.9,76.2,58.2,18.2,55.7,29.5,36.0,37.5,43.8,6.1,31.6,36.3,33.1,12.8,52.5,159.6,63.0,40.8,77.9,59.9,15.2,33
23.4,40.0,32.2,48.7,107.6,39.5,146.6,100.3,81.8,64.1,18.9,57.7,32.8,39.1,43.7,46.7,6.4,33.0,36.9,35.5,16.3,57.6,171.5,64.0,45.9,100.9,80.9,17.1,26
24.2,39.9,31.4,51.0,108.0,40.4,148.0,99.5,82.8,67.8,19.4,57.1,33.3,42.0,45.5,47.2,7.0,35.2,39.5,36.1,15.0,56.6,172.4,64.0,42.4,93.9,78.8,16.5,19
23.5,39.7,31.2,47.2,113.7,40.4,149.9,95.5,85.5,68.1,18.7,55.9,33.5,39.6,41.1,47.2,6.7,33.9,39.3,36.3,14.7,58.7,174.1,68.6,42.9,90.7,79.7,16.5,26
24.2,40.3,30.1,47.1,110.5,40.9,147.1,91.0,79.5,69.3,19.4,56.6,33.3,38.9,43.0,46.7,6.5,33.6,37.7,35.7,14.7,56.6,170.7,65.2,44.2,85.1,74.6,16.2,23
23.1,35.2,31.3,44.2,110.0,42.1,143.4,94.5,76.8,63.6,18.3,56.4,32.2,36.2,39.2,44.6,6.3,32.8,37.7,33.9,13.5,54.3,168.4,65.7,43.4,91.7,74.0,16.6,21
21.7,35.3,28.8,43.0,93.6,35.6,135.3,89.2,75.7,59.7,18.5,56.0,31.2,34.5,37.0,43.5,7.2,30.9,36.7,32.3,12.8,51.5,158.6,57.8,41.0,78.0,56.9,15.2,21
22.3,38.3,36.0,50.8,111.4,40.3,137.0,106.6,73.8,62.3,20.0,58.8,30.7,43.0,42.5,41.3,5.5,35.4,39.0,33.1,13.7,52.3,161.1,66.4,45.4,104.6,82.9,16.5,26
23.0,36.1,34.4,48.1,103.8,41.5,143.1,104.0,78.3,61.5,18.8,55.8,31.3,38.7,40.3,45.8,6.2,35.0,39.2,35.5,13.2,54.4,165.8,63.6,45.0,93.9,77.0,17.0,43
21.6,38.3,30.4,47.3,110.8,37.6,142.3,98.0,78.7,66.7,18.8,55.8,32.0,34.0,35.5,45.4,6.0,33.5,38.0,35.2,14.0,55.5,167.3,67.1,40.7,90.9,75.1,15.8,31
24.6,37.7,33.0,50.5,117.1,41.7,151.4,110.0,84.0,61.0,19.4,56.2,34.2,43.5,44.0,47.5,7.0,33.5,38.9,37.2,13.5,59.0,177.0,64.1,49.5,107.6,88.9,16.5,35
23.2,36.4,33.3,43.7,104.0,40.2,134.3,87.2,72.3,62.3,18.6,53.3,30.4,33.9,37.2,41.4,6.1,31.9,35.4,32.5,14.1,51.1,157.4,63.2,42.3,79.9,66.1,16.2,46
24.8,40.4,32.7,48.4,115.1,39.3,147.5,105.9,82.1,67.4,21.2,56.6,34.7,40.8,43.5,49.3,6.3,36.5,41.0,36.1,14.7,56.3,171.5,67.7,44.0,100.9,84.2,17.5,52
20.3,34.3,27.2,44.0,98.6,33.8,129.0,85.2,68.7,59.3,17.9,54.8,28.5,36.0,37.6,39.1,5.5,31.7,36.5,31.5,12.3,49.5,152.5,58.3,42.0,86.5,55.8,15.2,28
27.2,39.2,36.6,53.0,119.5,46.9,142.4,114.2,77.6,61.7,19.3,55.1,34.4,43.5,44.0,45.3,6.0,36.6,40.1,34.0,15.5,54.2,165.0,72.7,50.2,115.4,98.3,17.0,24
20.7,33.3,26.4,41.8,95.5,36.2,131.0,87.0,71.9,55.7,17.3,54.9,29.1,32.5,35.0,40.2,5.7,29.0,34.5,32.1,11.8,50.5,153.7,54.6,40.4,81.4,53.5,15.0,35
21.4,35.3,30.0,42.4,97.3,35.9,133.9,88.0,75.7,54.8,19.0,54.6,30.5,34.5,38.0,41.2,5.6,30.5,34.0,34.2,12.6,53.5,156.8,57.9,41.4,80.1,58.1,14.7,40
23.4,37.9,32.6,47.4,100.4,39.9,133.3,89.2,72.0,62.7,19.3,60.0,31.8,38.7,42.0,41.0,6.2,33.6,37.4,32.6,15.3,52.7,156.9,63.0,40.5,83.0,68.4,16.0,22
25.4,39.0,32.3,47.0,103.6,40.5,144.3,95.7,80.6,59.5,20.4,56.9,33.4,39.5,41.5,45.1,6.4,32.1,37.4,34.5,14.7,55.4,171.1,63.0,44.2,80.7,72.5,16.9,34
21.7,37.5,32.2,48.7,106.0,35.8,139.7,107.0,76.0,58.3,18.8,57.3,31.6,40.5,43.5,44.4,6.6,33.7,37.9,33.0,13.5,52.0,163.9,64.7,46.2,107.3,75.7,15.3,23
23.1,36.7,31.4,44.2,107.5,43.0,139.9,96.2,77.3,60.6,18.8,56.0,31.7,34.7,37.6,43.8,6.8,31.6,37.2,32.3,13.3,51.7,163.8,65.2,44.4,94.6,73.3,15.6,38
21.3,38.3,30.1,45.5,105.3,36.0,151.5,93.0,81.8,66.5,18.7,59.0,32.3,38.5,42.0,47.4,7.4,33.7,40.2,35.0,12.5,57.0,175.6,62.0,48.2,84.5,70.4,16.1,25
22.0,38.1,27.9,43.3,96.6,35.5,138.2,89.5,78.7,58.8,19.3,56.8,30.7,37.9,42.3,44.9,6.4,32.8,36.8,34.4,13.9,53.9,161.8,57.0,40.8,74.8,59.0,15.0,32
23.5,40.1,33.5,48.3,111.4,39.5,148.3,105.0,84.3,59.5,20.4,58.5,33.3,39.1,42.2,48.7,6.8,36.2,42.3,36.3,14.5,57.5,174.5,69.1,46.1,100.3,83.5,17.2,33
21.6,35.5,31.1,45.2,104.3,37.4,131.8,92.5,69.1,64.2,18.1,54.6,29.3,39.0,41.0,40.0,5.9,30.8,36.2,31.9,13.7,49.6,156.9,65.5,40.1,81.4,63.5,15.3,30
19.7,35.8,26.4,42.6,92.5,33.2,143.2,89.5,81.8,61.5,18.4,54.4,30.6,40.7,42.0,44.7,5.8,30.9,35.8,33.9,13.6,55.7,166.8,54.0,39.3,78.2,54.6,14.7,37
22.7,38.2,28.5,45.0,99.0,35.8,139.3,89.5,74.6,61.3,18.8,56.3,32.6,38.5,40.6,43.3,6.7,32.3,36.3,33.8,14.2,52.6,161.9,57.4,44.0,78.0,61.0,15.7,23
26.3,38.7,32.0,48.7,110.3,40.3,141.7,110.1,76.6,64.6,19.0,59.4,33.0,37.2,39.0,45.1,6.5,36.0,40.3,33.0,13.5,52.6,165.7,68.4,43.4,101.6,82.0,16.4,23
21.2,38.6,34.5,48.2,101.7,38.8,140.5,91.0,76.6,61.5,19.3,56.2,30.3,37.6,41.0,42.7,5.8,32.9,37.9,34.0,15.1,54.0,162.8,62.0,44.7,84.7,68.5,16.6,25
21.1,35.5,27.1,41.5,94.5,34.8,143.7,90.3,83.2,58.5,18.5,58.0,31.7,34.2,37.2,47.8,6.9,31.3,36.5,35.0,13.2,56.1,166.0,57.0,41.0,80.3,57.4,15.8,21
22.5,37.3,26.6,41.7,95.3,36.5,142.5,87.8,78.2,62.2,19.0,57.9,31.3,31.5,35.7,43.6,6.3,32.0,36.5,35.7,13.2,55.9,168.3,56.0,42.6,73.3,61.6,16.4,20
21.9,38.0,31.9,43.7,101.7,38.0,144.4,84.6,82.3,60.9,19.3,57.8,32.0,37.5,40.7,47.2,6.9,33.5,37.8,33.3,13.4,54.6,167.2,61.3,42.7,86.6,67.8,15.7,22
21.3,34.4,25.7,40.5,93.7,37.7,139.1,83.6,77.5,56.5,17.5,54.8,31.0,31.2,34.5,44.2,6.8,31.2,34.7,35.0,12.6,54.1,162.3,55.5,41.2,74.5,55.8,14.6,19
22.0,39.0,30.4,43.5,91.7,37.1,143.2,87.0,79.5,58.2,20.0,54.6,31.7,38.1,41.7,44.8,6.7,30.7,35.5,33.2,15.0,52.8,167.2,56.5,42.3,70.5,58.8,16.5,24
21.8,36.1,27.0,42.0,98.4,36.6,138.4,86.9,77.5,58.9,18.6,55.1,30.7,31.0,35.2,43.4,5.6,30.1,34.4,33.4,13.1,54.6,161.9,58.3,39.9,78.4,59.1,15.4,24
20.4,34.7,26.6,40.5,94.8,34.7,131.8,79.4,70.7,60.7,18.0,54.4,29.3,37.0,39.5,41.0,6.0,29.7,33.5,31.8,13.5,50.5,155.8,57.2,41.0,71.2,51.1,14.8,26
23.8,37.0,26.9,44.0,95.1,38.2,141.5,84.5,77.3,64.1,18.4,54.5,32.2,38.2,41.0,44.9,6.2,30.9,35.1,33.1,14.4,52.8,164.9,58.3,43.3,74.2,59.1,16.0,22
23.9,38.7,27.7,44.2,102.2,37.4,148.9,88.0,83.6,63.5,18.5,56.2,33.5,36.0,41.2,46.3,7.0,33.4,39.2,36.4,14.7,57.0,173.0,58.5,43.3,80.5,67.1,16.9,23
21.5,34.3,28.3,41.9,91.7,37.8,130.4,84.3,69.3,56.7,19.3,56.4,30.4,33.5,35.8,39.3,5.5,31.5,34.1,31.4,12.5,50.3,152.7,54.4,41.3,73.0,52.2,15.2,19
20.9,38.7,26.5,42.7,94.0,34.7,143.6,83.8,79.2,59.3,18.7,53.9,29.9,35.5,40.8,45.3,6.4,30.9,36.4,34.9,14.5,55.9,167.0,56.2,44.0,76.1,56.5,15.4,29
23.4,38.3,36.2,48.5,108.4,40.8,137.2,107.7,73.4,61.4,19.4,55.0,31.1,41.4,43.0,42.7,6.6,36.1,39.5,32.5,14.8,52.5,158.3,67.1,44.7,100.0,77.4,16.7,24
24.0,36.4,31.2,45.3,103.8,42.0,141.3,96.3,77.6,63.3,19.7,56.4,31.4,38.2,41.0,45.2,6.2,33.6,37.6,33.0,13.0,52.7,164.3,63.5,42.3,88.5,73.0,16.7,26
21.4,36.2,29.4,46.5,102.0,37.3,148.3,101.2,83.7,66.7,19.7,56.4,31.7,36.5,37.9,47.7,6.7,32.3,38.2,36.1,12.5,60.2,171.7,58.2,41.9,80.0,66.9,16.2,24
21.2,38.8,31.2,47.9,109.8,36.8,138.0,100.0,79.8,60.7,18.6,57.0,30.7,38.0,41.5,45.6,6.5,33.0,36.1,33.1,15.0,54.8,162.3,66.7,40.2,94.5,71.8,15.0,28
21.3,36.4,28.5,43.6,96.4,36.4,138.6,86.0,74.7,64.8,18.7,56.8,31.3,37.7,39.7,44.7,6.9,33.0,37.2,33.9,12.2,55.2,163.0,58.0,41.9,81.0,59.4,15.6,23
22.7,38.6,30.8,45.6,99.5,38.4,146.7,92.5,80.2,62.3,19.8,56.3,31.9,41.2,43.3,47.0,6.5,32.5,37.8,37.5,14.5,60.2,171.0,58.3,44.4,80.8,68.0,16.1,25
23.4,38.5,32.6,49.1,110.2,36.6,146.5,100.2,81.5,67.0,19.2,56.5,32.5,39.0,41.3,46.4,6.7,33.4,38.2,35.0,13.4,56.7,173.0,66.4,46.0,96.1,77.9,16.0,24
24.7,37.6,29.0,44.9,104.4,41.5,147.6,96.0,81.4,63.5,19.3,58.1,33.4,36.3,39.1,46.5,7.7,32.3,38.3,33.6,13.5,54.0,172.5,61.0,45.4,77.2,69.5,16.4,26
24.6,37.2,32.0,47.6,107.5,41.9,146.0,95.7,81.3,60.7,18.8,55.5,32.9,41.5,43.0,47.6,6.6,32.7,37.6,35.5,13.7,56.5,168.0,66.5,45.0,92.8,75.5,16.4,26
22.6,35.6,30.3,43.3,101.1,36.0,144.5,92.2,82.6,57.3,18.8,56.7,31.6,36.5,39.4,47.4,6.2,31.5,35.6,34.6,13.5,56.0,168.2,59.8,46.2,88.9,64.5,15.9,31
24.7,38.5,34.5,50.6,104.5,40.2,144.0,115.7,78.6,57.7,19.7,58.0,34.8,37.5,40.0,45.0,6.1,35.0,37.4,33.8,14.0,53.0,168.0,61.5,48.0,105.0,84.3,17.1,26
21.9,39.4,29.8,45.6,99.7,38.1,157.8,91.5,91.7,63.5,20.4,54.0,34.5,34.4,38.5,51.5,7.4,31.5,36.2,39.2,15.0,62.2,182.9,56.6,44.7,77.7,68.8,17.0,24
21.5,38.7,28.3,44.6,101.2,35.9,142.7,88.5,81.5,56.8,18.8,58.1,32.4,37.5,41.1,46.2,6.6,32.1,40.3,34.5,13.8,55.3,167.5,58.6,44.7,86.6,64.3,15.5,22
22.1,39.9,29.1,47.7,100.6,35.8,148.4,104.0,82.5,64.6,19.6,58.3,32.8,38.5,41.7,47.3,6.1,35.2,40.0,35.5,13.8,55.5,172.7,58.8,43.6,84.2,68.9,16.4,23
20.7,35.3,31.0,47.0,95.6,36.0,139.4,100.3,76.5,62.6,20.1,55.3,30.2,41.1,41.0,44.0,6.7,34.0,36.6,33.9,12.4,54.2,161.5,55.6,42.6,84.2,65.1,16.1,45
19.6,34.0,27.0,41.7,85.0,32.6,127.2,83.7,69.2,57.5,17.7,55.9,28.5,35.3,37.5,39.3,5.4,32.5,35.5,30.9,12.8,49.0,149.7,49.0,37.1,69.0,46.0,14.9,26
21.8,33.9,28.0,41.4,103.7,35.9,138.5,87.1,73.8,65.3,18.8,56.2,29.6,34.5,36.1,41.6,6.3,30.9,35.4,32.1,12.9,50.2,161.3,61.2,42.7,75.0,61.0,15.1,28
24.0,40.1,36.2,52.3,113.7,44.0,152.2,111.5,83.7,68.5,18.7,58.0,33.9,39.0,41.6,49.5,7.3,34.2,38.5,34.7,13.9,56.8,177.1,71.4,46.3,95.0,92.5,16.8,36
24.4,35.7,30.7,44.0,101.0,40.4,135.1,92.4,73.5,61.3,20.2,56.1,32.6,35.5,36.6,41.9,6.5,31.8,37.1,32.7,12.2,53.0,158.8,61.6,42.0,82.9,66.6,16.7,25
25.4,39.6,32.7,47.8,107.5,40.2,150.0,99.7,87.7,62.0,20.4,56.0,35.5,39.1,41.5,50.2,6.8,34.5,38.9,37.9,14.1,60.5,173.6,66.2,44.8,99.5,82.1,17.4,32
21.5,34.6,28.4,43.2,101.4,35.0,141.9,87.0,79.5,63.2,17.4,56.7,30.3,36.9,38.7,44.2,6.7,31.1,34.6,33.9,12.1,54.5,166.4,58.9,41.6,76.7,59.1,14.8,24
22.8,37.6,31.5,47.7,108.6,37.9,135.0,102.5,74.5,60.3,18.6,56.1,30.3,39.0,40.0,41.3,6.0,33.9,39.0,33.7,13.2,53.8,158.4,64.4,42.4,89.8,72.2,15.7,25
21.1,37.7,31.0,46.8,109.7,36.8,149.0,100.6,87.0,60.6,18.7,58.8,32.3,33.2,37.0,49.9,5.9,34.4,37.0,36.4,14.5,61.0,171.2,66.5,46.4,94.0,77.0,15.3,28
22.0,37.5,27.2,43.7,97.8,38.7,141.5,87.6,79.0,62.8,19.3,57.0,31.2,35.5,38.5,46.1,6.3,34.0,38.7,34.5,14.1,55.3,165.8,58.3,40.9,78.7,61.7,15.2,29
20.7,37.0,30.5,45.7,105.6,36.3,142.8,93.3,82.5,64.2,18.4,54.7,30.4,34.2,38.0,47.2,5.9,32.4,35.7,35.7,13.5,57.1,164.6,66.2,41.0,81.2,68.5,15.4,36
22.5,39.1,29.7,45.2,102.6,35.4,148.7,96.6,81.7,63.5,19.7,60.0,33.4,33.5,37.4,47.0,6.6,33.7,37.9,35.2,14.0,55.2,172.3,60.8,44.0,82.0,68.9,17.2,44
19.7,35.0,29.4,42.5,100.2,32.2,133.9,90.0,75.7,58.9,18.6,59.2,29.9,31.0,34.5,41.6,5.4,32.0,37.3,31.9,12.0,51.5,157.8,61.2,40.1,81.3,58.7,14.9,33
20.9,37.1,29.9,46.4,105.9,39.4,142.4,104.0,82.4,61.5,18.3,56.0,31.3,34.6,37.9,46.0,6.5,33.4,37.9,35.4,13.5,56.0,167.1,66.2,43.9,84.5,74.2,14.9,28
20.7,37.5,36.0,47.7,113.6,37.8,136.8,104.5,77.2,67.3,18.6,58.1,30.7,36.5,38.0,43.4,5.3,35.9,39.4,32.2,12.6,52.3,158.0,71.5,45.5,101.1,82.0,15.4,45
20.0,37.1,26.0,42.7,96.7,34.0,136.6,92.5,74.8,58.7,18.0,52.8,29.8,37.5,39.9,43.5,6.4,31.5,36.0,32.5,14.2,52.0,158.4,57.8,43.0,75.8,55.7,14.7,37
21.6,36.6,31.1,44.7,92.8,37.1,143.5,97.5,79.0,59.7,19.4,55.2,32.4,32.5,33.0,45.5,6.8,32.0,38.1,34.5,11.9,54.0,167.0,54.4,43.0,81.4,64.8,16.3,38
20.1,35.3,27.4,42.3,94.6,34.0,134.7,91.0,77.7,59.7,17.9,58.0,31.4,36.5,38.0,44.1,6.0,32.7,36.5,33.4,13.0,52.8,158.5,58.0,39.7,77.0,56.6,15.0,24
20.1,37.6,28.5,45.0,94.4,33.7,139.4,95.2,77.4,55.2,17.9,53.7,30.4,37.0,39.5,43.5,6.3,32.0,37.6,33.2,14.2,51.2,163.8,56.2,45.1,80.9,58.4,15.9,22
19.8,34.7,27.2,42.4,101.3,35.5,138.8,90.7,76.7,60.0,17.0,60.4,30.6,33.0,35.5,44.8,6.6,31.5,37.0,34.6,13.5,55.5,158.9,62.0,43.0,81.7,59.9,14.0,40
23.7,38.0,32.5,47.5,106.0,40.8,142.1,108.9,77.8,63.5,18.7,56.0,32.4,38.6,40.0,45.5,6.8,33.6,38.0,35.1,13.7,54.8,165.9,63.0,44.7,93.8,78.5,16.0,38
23.0,35.5,31.2,43.8,101.5,36.4,133.0,94.3,75.7,57.5,19.3,59.0,31.1,36.5,38.0,42.1,5.7,32.7,37.1,31.5,12.5,50.9,155.0,64.3,42.0,84.5,65.4,16.0,25
23.7,37.0,35.4,48.3,106.8,37.9,149.3,104.7,85.6,59.3,19.7,56.6,32.7,36.5,39.0,47.8,6.5,36.7,40.5,35.8,14.0,58.0,173.0,65.2,48.9,99.5,83.8,15.8,48
19.9,33.0,28.0,46.7,107.4,34.3,128.5,102.7,69.3,64.6,17.2,52.8,29.0,37.0,36.5,39.8,5.7,35.4,39.0,30.7,11.5,48.7,150.0,63.8,39.2,90.7,64.4,14.3,40
22.2,39.6,34.3,50.6,106.2,38.9,140.5,103.8,80.0,58.5,19.5,57.6,33.2,38.0,41.0,44.5,6.0,35.4,39.8,34.5,14.7,56.0,161.5,68.0,45.4,98.3,80.9,16.3,32
23.5,37.2,30.0,43.0,104.2,41.4,140.0,90.6,76.6,71.0,19.0,60.9,33.0,31.2,35.5,44.0,6.0,31.9,38.1,32.3,12.6,53.0,164.5,61.7,40.0,80.1,67.7,16.0,39
22.8,39.2,33.0,49.1,109.6,40.3,149.5,109.5,86.8,59.0,20.5,57.0,33.1,44.5,44.5,49.6,6.2,34.5,40.3,35.7,14.1,55.9,172.7,67.8,49.7,102.9,84.7,17.2,29
24.7,37.6,29.4,47.8,109.6,40.8,143.5,103.2,83.7,57.2,18.7,59.5,32.4,37.5,41.0,48.0,6.3,32.9,37.2,37.0,13.5,61.1,166.7,72.2,48.0,105.2,78.1,15.5,30
20.4,36.2,28.5,44.8,90.1,32.7,128.2,98.1,69.5,50.8,18.2,55.8,29.2,36.5,38.0,40.2,6.0,32.4,36.2,31.1,12.5,50.0,151.9,54.2,44.1,84.8,55.2,14.5,28
21.2,40.0,30.7,51.1,105.4,38.8,148.0,111.3,81.5,60.1,19.2,60.8,32.5,44.0,45.5,47.2,6.7,38.0,42.5,35.2,14.2,56.8,170.0,63.0,48.0,95.5,83.2,16.1,42
24.0,38.4,30.3,44.8,106.9,39.9,140.3,86.0,78.3,66.0,19.7,58.0,33.0,37.2,40.5,42.4,5.5,33.0,38.5,32.0,14.5,51.0,162.8,63.6,42.7,80.7,69.4,15.8,28
23.3,39.4,36.1,52.2,110.2,39.8,138.3,106.8,73.9,59.3,19.0,55.5,30.8,35.0,35.1,43.7,6.5,33.8,38.5,33.2,12.7,54.0,160.0,69.0,45.2,85.5,78.6,15.7,28
21.0,38.9,35.6,49.5,108.2,38.3,151.6,102.5,86.0,62.0,20.5,58.9,34.4,40.0,42.3,51.3,6.3,34.2,39.7,32.6,15.0,55.0,174.7,67.7,47.9,96.9,85.1,16.0,28
21.7,35.2,29.9,45.5,106.1,37.3,134.8,92.5,74.2,61.0,18.8,55.2,31.1,38.5,39.5,42.6,6.6,32.9,37.3,32.2,13.5,52.0,158.3,64.8,42.6,90.0,67.8,15.4,41
21.6,36.0,28.5,42.8,99.0,39.3,143.0,92.7,78.7,62.9,17.8,58.7,32.6,33.5,36.5,47.2,7.7,33.5,37.2,33.4,14.0,54.0,166.2,58.5,43.9,80.0,64.5,15.0,35
20.1,36.3,27.5,43.1,95.2,34.9,146.4,87.3,84.2,59.6,19.3,62.5,31.8,34.0,37.0,48.0,6.4,31.4,36.0,35.6,14.0,56.0,169.7,60.7,44.2,72.0,61.8,15.2,26
23.5,36.9,32.8,47.4,105.1,41.4,148.2,94.8,83.0,65.3,19.0,60.9,33.0,39.0,41.9,47.7,6.0,35.4,39.5,36.1,14.3,57.7,173.2,70.0,48.0,94.2,84.3,16.2,26
25.2,40.4,32.7,50.2,110.6,40.6,140.8,98.2,78.7,58.8,18.2,57.8,32.2,42.4,44.2,44.4,6.4,34.0,40.9,34.5,15.8,54.5,164.7,68.4,46.0,101.5,79.3,15.9,27
21.1,37.0,32.5,49.1,103.5,35.6,136.7,102.9,79.0,60.2,18.3,60.5,30.6,37.6,39.2,45.3,5.9,32.4,36.6,35.1,14.1,55.6,158.9,66.4,43.2,101.9,72.7,14.4,26
22.2,37.4,30.4,47.2,102.9,36.5,132.4,96.5,74.2,63.0,18.4,54.4,29.8,37.5,40.1,41.7,6.4,32.0,36.4,31.7,14.6,51.0,154.5,65.3,37.9,82.9,64.5,14.9,26
23.3,40.4,31.3,48.8,105.3,38.4,144.9,102.8,83.6,61.7,18.4,55.3,32.0,35.5,40.0,48.0,6.7,33.7,38.9,35.1,15.0,59.0,165.9,63.9,45.1,93.7,75.5,15.0,41
21.1,36.8,26.0,42.5,95.0,35.6,130.0,89.1,70.5,57.1,18.7,54.0,29.5,39.5,41.5,39.6,5.3,29.5,34.5,30.9,14.0,48.5,152.2,58.1,42.0,88.5,55.5,14.8,34
21.3,37.6,32.2,48.4,108.5,39.0,143.5,99.7,81.3,66.5,17.8,59.4,31.7,40.0,41.1,45.9,5.6,33.0,37.9,35.4,13.4,57.2,165.1,67.7,42.3,81.6,77.9,14.9,35
25.2,37.8,30.6,45.9,105.9,40.4,151.5,101.6,86.2,63.0,18.2,56.4,34.0,39.2,42.5,49.2,7.7,31.2,35.7,36.8,14.5,57.2,176.7,64.1,45.7,92.2,76.3,15.6,31
24.7,35.3,32.5,46.2,111.6,41.7,137.3,100.8,76.8,65.6,18.7,54.4,31.2,37.3,38.1,43.0,6.3,31.7,36.0,33.2,12.8,54.0,160.8,70.3,42.2,96.5,78.5,15.4,27
21.1,36.9,31.2,46.9,108.6,36.5,139.2,99.7,78.9,63.5,20.1,57.2,31.9,41.5,42.0,46.5,6.5,33.4,37.3,35.6,13.0,57.6,160.5,67.7,41.2,93.1,71.7,15.2,37
20.4,37.2,29.6,45.6,100.3,34.4,149.4,90.2,82.8,58.9,18.7,56.2,30.7,35.5,38.5,47.4,7.2,31.4,37.6,35.5,14.3,58.6,173.4,61.5,47.5,89.5,67.4,15.3,27
22.2,34.7,33.8,44.1,110.5,39.9,141.3,97.2,75.5,66.3,19.7,55.6,30.8,30.0,33.3,43.6,6.5,32.3,36.1,32.9,13.3,53.3,166.1,69.1,44.1,82.9,73.0,16.4,37
20.8,35.5,35.1,48.2,113.7,39.0,137.6,96.0,76.8,64.2,19.1,55.5,30.8,39.6,40.2,44.9,6.3,33.7,37.8,33.3,13.2,54.2,158.9,73.3,42.7,98.0,75.4,15.4,53
24.6,36.9,32.4,45.2,107.6,42.4,148.3,91.2,82.7,69.1,20.1,56.8,33.6,39.8,42.0,46.6,7.7,32.6,37.0,33.5,13.9,53.2,174.1,65.5,42.9,80.0,77.6,16.9,27
20.8,37.0,34.7,48.9,108.5,37.3,142.7,107.9,79.9,64.9,18.4,58.8,31.5,39.4,40.8,46.5,6.2,33.9,38.6,33.8,14.0,55.6,167.0,67.7,44.2,101.2,81.0,15.1,27
24.4,36.9,30.5,44.4,103.0,38.7,144.7,86.5,81.0,67.7,19.2,55.5,32.0,34.2,37.0,47.4,7.2,32.1,36.0,34.4,14.2,54.2,168.0,61.5,43.0,80.1,66.7,15.4,27
22.6,39.2,30.9,47.7,113.0,38.8,148.2,95.7,79.0,70.0,19.0,56.6,31.6,40.0,43.0,46.0,6.4,35.7,41.2,35.1,14.9,55.5,173.6,67.6,44.9,91.5,79.1,15.5,26
21.5,38.7,32.5,47.1,105.8,40.3,144.5,99.0,84.5,61.2,18.5,56.5,30.8,36.5,39.6,47.7,6.1,31.4,37.3,35.9,14.5,58.0,168.2,66.3,43.0,93.7,76.3,15.1,28
22.0,39.6,30.6,45.6,99.7,38.8,146.4,93.6,79.8,61.3,19.0,55.8,30.7,39.9,43.0,47.5,6.5,32.5,37.5,34.9,15.3,55.5,171.4,60.1,44.7,81.1,65.0,15.6,29
23.3,34.2,24.4,38.9,88.8,36.7,130.9,85.6,69.5,59.5,19.2,53.3,31.0,35.2,37.0,39.2,6.5,30.4,34.9,31.9,12.6,50.0,154.6,51.5,41.9,69.1,51.3,15.5,44
21.9,36.3,26.9,43.4,95.3,35.8,140.9,91.7,80.2,55.7,18.0,55.5,29.3,37.3,40.0,45.2,5.7,31.1,36.3,34.7,13.8,56.1,163.4,56.8,43.6,81.3,59.1,14.5,27
24.7,35.4,31.2,44.4,103.2,38.7,133.4,93.0,74.2,61.5,17.8,55.5,30.2,36.0,37.5,42.8,6.4,32.6,36.0,32.2,12.5,52.4,156.8,63.7,40.6,89.0,65.8,14.7,29
17.8,33.7,25.5,40.3,91.5,31.3,131.0,87.6,73.5,59.4,18.4,56.0,27.7,33.2,35.7,41.8,5.9,29.8,33.0,30.5,12.1,49.5,153.6,56.5,39.0,78.2,50.4,13.4,31
22.3,37.1,32.1,45.5,102.8,38.3,135.6,96.2,76.7,57.0,18.7,56.4,31.1,40.5,41.4,43.4,6.4,33.9,37.2,32.8,14.9,53.9,158.4,64.3,41.2,92.7,68.5,15.1,30
21.3,37.0,30.8,46.7,98.1,35.1,141.2,88.2,81.0,57.5,19.4,54.7,30.8,35.4,38.9,46.0,6.4,32.3,37.7,33.8,13.8,55.8,164.6,62.3,42.5,87.4,62.9,15.1,37
20.7,35.1,26.3,41.4,93.5,35.9,141.2,89.1,77.5,57.2,17.2,58.0,29.4,33.0,36.0,44.3,7.0,30.2,36.7,33.5,11.5,53.5,166.4,56.8,44.0,76.5,56.8,14.5,31
22.1,37.9,30.9,45.0,96.5,37.9,142.8,90.2,79.5,60.6,19.3,55.8,30.9,38.1,41.2,43.5,7.3,32.1,36.6,32.7,14.5,51.9,165.8,61.3,43.1,80.0,66.1,15.7,26
21.4,39.5,31.1,45.5,100.3,36.6,149.6,91.0,84.0,66.5,20.6,57.9,33.4,35.5,41.0,46.3,6.7,32.9,36.5,35.6,15.5,58.0,173.8,59.7,43.5,73.4,68.3,16.4,35
23.2,39.4,30.4,45.0,106.5,41.9,149.1,92.3,86.7,62.1,19.8,61.7,34.7,36.7,40.5,50.1,6.4,32.7,38.2,36.7,14.4,58.2,174.5,67.7,44.4,77.5,79.1,16.2,26
23.3,38.1,35.9,50.6,122.0,45.3,136.6,107.2,76.2,63.1,19.6,57.0,33.2,39.6,41.1,43.1,6.8,34.7,38.0,32.8,13.9,53.4,159.5,80.3,43.7,106.1,90.7,16.3,33
26.1,38.1,33.1,45.4,109.7,42.3,140.1,98.7,78.1,63.0,18.1,55.7,31.3,35.0,38.1,44.9,6.4,34.7,38.1,33.8,14.3,54.5,162.5,70.5,43.2,92.6,78.3,15.8,35
22.7,36.4,31.2,45.6,105.7,41.2,137.7,96.7,76.0,62.8,18.7,56.0,33.3,32.1,35.0,45.3,6.3,33.2,37.7,34.2,12.6,55.9,162.3,64.5,41.3,86.5,70.9,15.9,34
21.6,34.4,26.2,41.7,91.5,36.7,128.4,84.1,69.5,53.7,17.2,56.0,29.4,37.0,38.1,40.7,5.9,31.2,33.9,28.5,12.7,47.5,151.8,54.0,42.0,75.2,50.9,14.4,26
19.9,35.6,28.9,44.2,99.0,35.4,129.2,100.8,70.6,58.8,17.8,55.5,28.4,36.4,37.5,39.6,6.4,34.0,37.1,30.9,12.7,49.3,152.5,61.9,42.7,87.7,62.3,14.5,31
24.0,34.6,28.5,43.6,105.3,38.7,134.8,91.9,75.0,60.3,18.1,57.2,31.1,34.0,35.0,43.1,5.6,30.9,34.9,32.7,12.1,52.9,155.7,64.8,44.0,90.0,66.4,14.9,24
23.3,38.0,36.1,52.2,111.3,43.0,149.7,109.3,86.3,63.6,20.3,55.5,32.6,47.0,46.5,47.7,6.3,37.1,41.5,36.6,14.3,59.6,173.0,67.5,46.0,105.4,92.1,16.5,41
20.8,35.9,29.9,46.1,103.5,36.5,137.0,98.3,74.2,58.2,17.9,56.5,30.5,38.5,40.0,43.8,6.5,31.2,35.0,33.5,13.5,54.2,160.1,63.2,44.0,90.3,67.1,15.0,35
21.7,35.4,25.7,41.5,93.8,34.8,136.9,83.9,78.8,57.3,18.3,54.9,30.7,36.6,38.8,43.8,6.5,31.4,34.2,33.2,12.9,52.7,159.7,54.9,41.0,72.8,54.7,14.3,45
22.7,39.6,31.6,49.1,103.4,37.2,148.3,102.7,81.2,58.3,20.9,59.5,31.9,40.7,43.0,46.8,6.7,34.7,40.3,35.8,15.0,56.9,174.3,64.6,50.2,94.7,78.4,16.6,27
20.1,37.0,26.1,42.5,96.0,35.6,143.6,92.5,79.3,63.2,17.7,55.6,29.5,36.0,39.5,43.7,6.6,31.2,35.5,35.1,14.0,56.5,168.3,55.7,42.0,75.4,59.0,15.0,26
24.4,39.1,30.1,47.4,100.5,41.3,150.1,101.5,86.5,64.2,19.0,57.4,32.4,38.6,41.7,49.3,7.5,34.2,37.6,36.9,15.2,58.5,175.2,59.4,45.0,92.1,76.3,16.2,32
21.8,35.1,30.4,46.0,107.5,38.3,139.4,96.7,74.3,69.6,17.7,57.5,29.8,36.3,38.5,44.2,6.4,32.1,36.1,33.1,13.4,52.7,161.8,66.0,40.9,85.1,70.9,14.2,33
23.2,34.8,30.4,46.5,104.0,36.7,139.7,101.8,76.9,64.5,19.5,56.6,31.5,36.7,37.0,43.9,6.9,31.5,35.6,33.3,12.3,52.6,162.0,62.7,42.7,85.1,70.3,16.0,26
21.2,37.7,28.0,43.0,94.9,36.2,141.8,86.2,79.9,56.6,19.3,54.1,30.3,37.0,41.0,45.6,6.4,31.7,35.2,34.9,13.5,55.0,164.9,57.7,43.8,79.0,58.1,14.3,29
21.0,40.3,25.4,44.7,92.2,36.0,149.1,84.6,83.5,59.4,18.4,55.8,31.4,36.5,41.0,48.6,6.0,32.7,37.5,36.5,15.0,58.5,170.9,56.5,44.0,76.4,59.3,14.6,35
20.1,34.8,34.5,47.2,105.9,38.8,135.6,104.4,72.2,67.5,17.7,55.8,29.0,39.4,40.8,42.4,6.5,32.8,37.7,32.0,13.3,49.9,158.7,63.9,44.4,99.2,75.3,14.6,40
20.4,37.4,30.6,45.6,95.5,37.5,138.7,91.7,77.0,61.5,17.6,57.1,29.8,38.3,39.9,42.9,5.6,32.6,35.7,32.4,14.0,53.7,163.2,60.9,43.5,81.6,66.2,14.7,34
22.4,34.0,30.5,46.2,102.7,37.3,131.7,105.7,69.8,57.9,17.5,54.6,28.3,37.0,38.1,39.5,5.7,32.5,34.7,30.8,12.5,50.0,152.7,62.1,44.6,96.5,68.3,14.6,40
23.7,36.8,31.9,46.5,102.1,39.5,142.3,103.4,77.3,64.5,19.7,57.2,32.2,36.3,38.7,43.7,6.9,36.4,40.2,32.3,13.8,51.3,166.0,64.8,47.1,97.5,75.8,16.9,32
20.8,38.4,27.0,43.4,98.0,36.3,140.5,86.4,79.5,63.5,19.2,55.4,32.4,40.0,43.1,45.9,5.8,31.8,35.1,34.7,15.0,56.0,163.2,60.7,43.1,73.4,61.3,15.2,23
23.6,38.3,31.0,46.3,103.4,39.2,150.4,94.2,82.8,65.5,19.1,55.4,32.6,37.0,40.1,46.4,6.5,31.7,36.2,35.4,14.8,56.8,174.2,62.2,48.6,82.0,73.0,16.3,30
23.2,35.0,31.7,42.9,103.1,42.4,146.9,88.5,81.0,62.6,18.9,56.5,32.1,36.0,37.9,46.5,6.7,32.3,35.7,34.5,13.9,54.8,170.9,65.5,45.5,84.8,70.0,15.9,30
20.8,36.7,33.9,48.5,103.3,37.7,136.3,104.8,74.0,68.9,19.2,55.1,29.5,40.1,41.3,40.8,5.8,34.4,38.7,32.4,13.0,52.2,161.9,64.0,43.1,92.5,75.1,15.4,35
22.2,38.2,31.0,46.7,100.9,38.5,144.3,99.6,79.2,61.0,20.9,54.4,32.7,39.5,40.7,46.2,6.4,34.1,36.9,35.2,13.7,55.1,167.5,60.5,46.6,92.7,73.8,16.4,38
21.7,33.4,29.6,42.5,100.4,38.2,139.9,98.8,77.8,59.9,18.5,57.0,30.7,36.1,37.5,43.7,6.1,31.9,35.9,32.5,12.5,53.1,163.4,62.1,43.5,83.7,64.2,15.1,41
22.4,37.6,26.5,44.5,98.0,35.3,144.4,89.2,80.8,62.3,19.0,55.6,31.3,37.6,41.1,46.0,6.7,31.3,36.4,35.3,13.5,55.1,167.9,57.9,42.8,80.2,59.5,15.0,25
21.9,36.6,26.2,42.6,94.5,35.5,139.0,84.8,76.4,56.2,17.4,53.0,28.7,37.0,39.2,43.5,6.2,30.2,34.7,34.1,13.7,54.0,161.4,56.2,44.4,84.6,56.9,14.7,22
20.3,37.3,28.1,43.2,98.3,34.3,146.8,86.1,82.7,60.2,18.7,54.4,29.6,36.4,40.0,45.9,6.0,30.0,34.2,36.8,14.7,57.6,168.4,58.0,44.4,77.8,59.6,15.4,25
20.2,37.5,31.0,44.8,96.8,34.9,137.1,93.7,77.9,56.0,19.2,56.6,30.7,32.5,37.0,44.0,5.7,33.1,36.4,32.7,13.5,51.3,159.7,60.6,45.5,85.3,63.1,15.0,39
21.0,35.1,28.7,41.8,95.7,39.3,138.9,85.5,77.7,63.9,17.3,53.8,29.3,35.0,37.5,43.1,6.2,29.9,35.1,31.8,13.5,50.0,161.0,58.0,40.2,73.0,58.9,14.2,25
23.9,40.1,29.2,48.1,110.0,37.7,145.5,94.3,84.9,67.5,19.4,60.2,33.8,40.5,43.0,49.6,6.2,34.5,37.1,35.4,15.3,57.0,168.8,67.1,44.5,88.6,74.6,15.3,33
21.7,38.9,33.0,46.7,115.7,38.6,148.5,99.7,86.5,66.8,19.7,58.0,32.7,39.0,43.9,49.6,6.2,34.0,39.0,35.7,15.6,59.5,172.5,72.5,45.3,92.9,86.4,15.6,31
20.6,38.7,29.6,45.3,94.6,33.8,139.1,93.6,79.5,56.6,17.7,55.1,29.0,40.1,42.0,45.1,5.8,33.4,38.2,33.7,14.0,53.5,160.9,57.5,44.3,90.0,60.8,14.6,31
21.7,35.5,26.2,40.7,90.6,34.3,134.9,81.0,74.8,55.0,18.0,55.0,29.7,32.5,35.0,43.0,6.2,30.9,35.0,31.5,14.1,50.7,158.5,50.9,43.2,75.9,50.4,14.9,27
20.8,34.8,26.0,42.0,95.6,35.7,132.1,88.7,76.1,59.5,17.8,54.6,30.1,34.0,35.5,43.5,6.8,30.1,32.7,31.5,12.8,50.7,156.2,55.5,40.8,81.6,54.9,14.7,25
19.7,34.4,27.1,41.5,91.6,33.2,130.3,89.7,70.5,53.8,17.8,56.7,28.4,34.3,37.2,40.6,5.0,31.4,34.6,30.4,12.7,49.3,154.7,51.6,42.6,77.0,53.0,14.3,38
22.1,36.6,31.7,45.9,103.6,38.1,137.6,96.1,75.8,66.1,17.8,54.4,29.8,37.0,38.0,42.8,6.7,33.8,37.0,31.8,12.7,52.0,161.1,64.2,43.5,89.5,69.2,15.4,20
21.2,39.4,28.8,46.7,99.1,38.0,150.5,100.4,87.0,66.3,18.9,56.8,30.5,39.3,45.0,51.0,6.2,32.9,36.5,35.5,15.7,56.5,174.0,58.2,43.7,88.0,71.3,15.1,42
22.7,35.5,33.2,47.8,107.9,40.3,132.4,97.2,71.8,69.7,18.7,55.0,31.1,36.6,37.5,42.0,6.3,33.3,37.5,30.3,13.1,46.6,155.5,66.0,40.7,90.4,70.5,15.5,31
23.0,37.0,29.3,45.2,102.3,35.6,142.2,97.1,81.3,59.0,18.3,56.4,31.4,36.7,40.2,45.6,5.7,31.6,34.2,33.9,13.7,54.4,165.0,60.1,46.6,93.8,69.9,15.2,33
21.2,37.5,29.2,45.1,103.0,38.3,135.2,91.3,70.8,63.2,18.4,56.5,30.5,35.9,38.9,43.2,6.2,33.7,38.1,31.5,12.8,50.0,158.3,61.6,44.1,90.6,65.9,15.1,26
22.2,35.9,30.5,43.4,100.5,37.2,141.0,85.8,77.2,67.5,19.7,53.4,31.6,33.2,36.0,45.8,5.9,32.7,36.9,32.8,12.9,53.4,164.7,59.3,40.8,75.0,63.2,15.6,20
22.3,35.2,34.6,46.0,106.1,38.7,131.8,94.6,76.9,63.7,18.4,60.0,29.9,34.2,37.7,43.6,5.5,33.2,36.0,32.4,13.7,53.5,153.2,66.9,41.2,84.5,69.6,15.0,20
21.3,36.1,28.0,44.1,97.2,33.4,139.1,92.0,79.7,59.6,18.3,55.6,31.4,34.0,36.0,45.9,6.2,33.0,36.2,34.7,12.0,56.8,161.9,55.6,42.3,81.1,59.3,14.8,23
22.9,36.9,28.4,45.4,100.8,39.8,145.7,90.2,80.9,65.3,18.3,57.5,30.6,37.0,39.9,48.2,6.6,33.5,36.7,33.4,13.7,53.0,170.4,60.4,43.3,88.8,69.5,15.2,25
26.4,36.0,32.0,45.5,105.6,45.4,145.3,97.0,83.4,69.1,18.7,56.4,32.8,37.0,37.7,46.0,6.7,31.9,35.2,34.2,14.0,55.1,168.9,67.1,41.1,77.4,79.7,16.2,25
24.8,38.0,27.5,43.4,100.4,34.8,142.9,91.1,80.2,59.6,18.7,55.6,31.7,35.2,38.4,46.0,6.3,32.5,38.3,34.8,13.4,55.5,165.7,60.3,45.5,84.6,61.9,15.6,25
21.3,36.0,30.7,46.0,100.5,36.7,141.3,92.6,84.0,62.6,18.2,60.5,32.2,37.1,39.5,49.1,6.4,31.0,35.7,35.7,14.4,57.7,164.7,62.5,38.4,86.1,67.7,15.1,23
21.3,37.5,24.6,42.7,87.9,32.3,145.0,89.2,84.2,60.6,18.9,56.0,30.3,36.5,38.5,47.7,5.7,30.1,33.0,36.2,14.7,59.5,167.0,54.1,43.3,72.4,54.4,15.0,29
22.7,33.2,32.3,44.0,100.2,36.2,129.2,97.1,75.0,58.0,17.6,57.7,30.0,38.3,39.2,43.2,5.5,36.0,37.4,32.1,11.2,52.0,149.6,64.2,42.0,92.8,64.6,14.5,38
21.8,41.2,37.4,48.5,110.1,36.0,146.4,111.7,82.4,64.3,20.1,55.0,33.6,39.5,43.0,47.9,6.0,34.7,38.8,37.2,16.0,60.6,171.7,65.1,45.3,102.6,88.2,16.6,32
20.8,35.4,30.7,43.8,104.3,35.5,131.0,94.3,71.9,62.0,17.2,55.6,29.3,40.1,40.9,40.5,6.2,33.3,36.6,31.3,12.7,50.6,153.1,62.6,41.8,91.5,63.4,14.5,26
21.0,37.4,35.0,47.5,109.2,38.7,144.3,98.1,83.1,61.5,18.5,56.6,31.5,37.0,39.9,47.3,7.1,33.5,36.5,35.6,14.2,56.3,166.6,65.0,45.3,98.7,76.5,15.3,28
21.2,36.4,31.1,45.1,104.5,36.4,135.1,89.2,74.3,57.6,17.4,55.5,29.7,40.8,42.9,42.1,6.0,31.0,35.3,30.8,13.7,51.0,157.4,65.4,45.6,91.5,65.4,14.4,28
24.7,39.7,34.4,46.9,110.5,42.0,143.1,100.0,80.3,64.3,21.4,63.5,35.2,37.8,41.2,44.9,6.2,35.8,38.4,34.8,15.3,56.6,166.3,66.9,47.4,88.8,83.7,16.8,31
21.6,38.2,30.1,45.4,98.2,35.1,137.7,97.5,78.0,59.2,19.2,55.4,31.4,36.5,39.5,46.7,6.0,31.6,36.7,34.7,14.0,55.5,161.7,61.9,39.9,86.3,65.2,16.0,26
19.6,36.5,28.1,44.3,96.6,33.6,133.7,100.5,77.6,58.7,18.7,57.5,30.0,39.0,39.9,45.2,6.0,33.0,35.9,33.8,13.5,55.5,158.5,61.5,43.0,85.7,62.4,14.5,36
24.4,36.4,38.0,52.2,121.7,44.4,141.8,119.5,81.2,70.6,18.9,58.4,33.7,44.0,43.0,46.3,6.3,37.0,41.1,34.7,12.0,56.5,164.7,78.0,44.9,103.7,99.4,16.6,35
21.0,39.5,31.6,47.7,107.5,36.8,141.0,101.6,80.4,60.3,17.3,61.4,30.3,38.5,41.5,45.1,6.2,34.3,37.8,34.2,14.1,55.5,164.3,66.3,42.4,95.0,74.8,15.6,19
20.2,39.5,28.0,45.6,99.9,35.6,144.0,90.1,83.5,57.0,19.0,60.0,30.5,36.5,41.0,47.8,6.1,33.0,37.5,35.5,15.2,57.5,167.7,59.6,44.2,87.7,64.9,15.6,24
20.3,36.8,24.9,42.4,91.9,32.8,143.5,88.9,82.6,60.6,18.4,53.5,30.7,37.2,40.0,46.5,6.3,30.9,35.0,36.4,14.2,57.9,167.0,51.4,41.5,66.5,54.2,15.3,22
24.2,37.7,32.0,46.4,116.5,42.3,140.7,98.3,76.0,71.8,20.3,53.4,31.8,36.2,38.5,44.2,6.7,31.9,38.6,33.2,14.0,54.1,165.1,71.9,42.5,88.5,81.4,16.5,21
21.8,34.4,26.3,42.5,96.9,34.5,128.7,88.3,70.0,58.7,18.5,53.7,29.7,37.5,40.0,40.8,5.8,30.4,35.0,31.0,12.0,49.0,152.5,57.5,41.9,81.2,56.3,15.3,20
24.7,40.4,36.0,53.3,119.7,41.7,147.8,115.2,78.7,71.6,19.7,57.1,33.0,44.5,46.5,48.7,7.1,36.9,40.0,34.8,14.5,57.8,171.5,75.7,47.0,109.6,96.7,16.5,29
23.1,36.8,35.5,50.7,103.5,40.2,135.6,114.8,75.3,58.8,19.7,56.4,32.5,42.0,43.5,43.6,6.5,35.7,39.6,31.7,13.5,53.0,160.2,68.0,45.5,100.6,83.7,17.2,31
21.2,35.3,26.9,41.0,87.3,35.6,133.8,85.5,76.2,59.7,17.7,56.5,29.5,37.0,39.5,43.6,6.7,30.2,35.2,31.0,12.9,50.5,157.0,52.0,40.3,68.5,50.2,14.4,24
20.7,38.4,28.0,45.7,100.1,35.5,142.1,90.1,80.8,59.0,19.2,58.2,31.3,37.0,40.6,47.6,5.9,33.9,37.5,34.2,13.6,56.5,166.2,60.5,44.6,94.4,65.7,15.8,23
22.6,33.6,30.1,46.9,106.3,39.1,133.9,98.3,73.6,62.0,18.4,56.3,29.9,38.1,39.4,44.5,6.4,32.2,35.7,32.9,12.8,52.7,156.1,66.6,44.4,97.3,70.7,15.3,21
23.4,32.1,29.5,42.6,108.0,37.7,132.8,96.8,74.2,65.0,18.1,56.0,28.7,32.7,34.4,42.4,6.2,32.2,35.3,32.0,12.4,51.5,154.3,63.1,42.2,97.5,66.9,15.8,22
21.1,35.3,30.1,45.4,98.1,36.6,133.0,92.3,76.6,61.8,17.3,56.2,30.4,35.7,38.5,43.3,5.4,31.5,35.2,33.1,12.9,53.9,156.2,58.5,39.8,85.3,59.7,14.6,21
27.5,36.8,32.6,44.8,107.2,41.2,140.0,89.7,76.0,66.5,19.0,55.0,32.7,37.5,39.0,44.6,7.0,32.7,36.6,33.4,13.1,53.4,162.7,64.7,43.6,88.5,72.0,16.4,21
23.4,40.3,33.0,47.0,105.7,40.0,143.3,94.0,78.3,68.7,19.5,57.2,32.0,42.6,46.0,44.8,6.3,33.6,38.0,33.2,15.6,53.5,167.8,64.2,43.0,81.6,75.0,16.8,19
22.0,36.3,27.9,46.0,107.6,35.4,138.1,99.0,78.7,62.2,17.5,53.4,29.4,37.5,39.0,44.4,6.4,30.0,33.5,32.4,12.4,53.5,160.8,64.5,41.9,98.2,67.3,15.1,28
24.7,35.2,31.4,42.9,113.2,43.3,144.6,90.6,82.6,69.7,19.7,55.7,33.7,33.5,36.5,46.2,6.3,33.8,38.2,33.5,13.0,55.4,167.2,70.8,44.0,85.6,78.4,16.6,26
19.8,36.8,26.2,40.7,89.8,34.2,140.5,76.9,78.1,60.3,18.3,55.8,30.3,30.4,34.3,47.4,6.7,30.6,35.6,34.7,13.5,54.1,166.1,50.6,41.3,71.0,51.6,15.5,39
20.4,37.7,28.6,47.3,101.1,35.4,133.2,101.0,73.7,63.2,17.4,56.0,30.1,39.8,42.4,41.8,6.2,32.0,37.2,33.6,14.1,53.5,157.4,58.3,39.4,89.0,63.0,15.2,24
21.7,38.0,35.2,48.5,106.2,37.2,143.2,104.6,80.8,60.2,18.7,54.7,32.5,40.0,41.2,47.8,6.9,32.2,37.0,35.4,14.0,58.2,167.0,65.3,45.0,99.0,79.3,16.2,38
21.1,37.2,28.2,44.5,100.1,32.3,135.3,89.5,71.4,62.9,17.7,54.3,29.5,39.6,41.0,41.8,7.2,31.4,36.2,31.7,13.9,50.5,158.5,57.0,44.3,79.3,56.4,14.5,45
21.7,33.6,29.2,44.7,104.9,36.5,132.2,99.7,69.8,66.9,18.4,55.6,31.2,35.5,36.4,40.4,6.5,34.4,38.5,31.8,11.0,51.0,157.4,63.4,40.5,96.2,68.7,15.8,23
20.7,35.1,27.1,41.4,96.9,36.3,138.0,84.6,80.3,66.3,18.2,60.7,30.6,32.0,36.0,46.3,6.4,32.2,35.9,34.3,12.9,55.5,161.7,59.5,38.0,72.7,59.0,14.7,38
20.2,38.9,27.6,44.5,99.4,36.3,137.0,90.4,78.8,60.0,18.6,60.0,30.5,38.0,42.0,44.2,6.0,31.9,38.2,33.0,14.0,54.0,159.2,58.7,41.7,77.0,60.3,15.5,24
21.9,37.0,30.0,44.9,102.0,35.9,143.3,99.1,80.3,64.0,17.7,57.3,32.2,36.4,38.9,48.0,6.4,33.4,39.2,34.6,13.6,56.0,170.5,59.8,43.2,93.0,69.9,15.5,41
19.7,33.7,26.0,41.3,94.7,33.7,141.2,87.8,79.6,57.9,17.6,54.9,29.4,33.2,36.3,45.9,6.7,30.7,34.9,32.3,12.5,52.8,162.0,55.7,42.8,84.9,57.3,14.3,30
19.2,35.5,26.9,44.5,100.3,37.2,133.7,95.7,79.0,61.9,17.0,60.0,29.3,38.0,39.0,44.7,6.3,33.0,36.0,32.3,12.0,53.0,157.9,64.7,40.1,88.2,65.4,14.3,31
21.9,35.7,28.2,41.5,95.8,34.6,142.8,87.6,81.2,66.5,18.9,53.1,32.1,33.6,37.7,47.1,6.5,30.9,34.5,32.5,13.0,53.5,166.1,57.9,38.5,74.9,60.3,15.7,33
23.4,39.0,34.8,48.1,107.4,40.2,135.2,95.5,77.8,62.2,19.2,57.0,32.7,39.5,42.1,44.1,6.5,35.0,40.5,33.2,13.9,52.5,159.5,66.8,42.5,93.5,77.1,16.0,34
21.5,37.8,35.5,47.6,103.8,38.8,141.6,106.2,76.2,66.5,18.5,54.4,30.2,36.9,38.7,44.2,6.9,33.9,38.7,31.1,13.5,52.5,164.6,67.0,44.8,90.3,76.7,16.2,31
19.6,35.6,32.3,46.6,103.8,36.5,131.2,93.2,72.5,57.0,17.6,55.4,29.7,34.2,36.0,41.6,6.0,31.5,36.4,31.7,12.0,51.5,152.2,67.4,43.2,89.0,66.7,14.9,33
22.5,39.4,31.4,47.2,107.9,39.2,151.2,92.8,87.5,68.2,19.0,57.9,32.7,39.6,42.3,50.9,6.9,33.1,37.4,35.8,14.5,58.5,176.0,63.5,46.4,90.0,78.3,16.5,28
20.1,34.9,26.7,40.6,89.7,36.3,127.0,85.0,72.1,56.6,17.1,54.0,28.7,34.0,39.5,39.7,5.8,29.6,33.3,29.4,13.5,47.5,150.5,55.3,37.7,75.2,51.8,14.2,27
23.1,36.2,29.6,43.2,99.4,39.5,148.0,83.8,86.1,59.2,18.7,53.7,32.2,34.0,37.0,49.5,6.6,31.5,36.2,35.6,13.0,58.0,170.8,60.3,44.0,80.3,66.3,16.1,27
19.3,40.2,29.5,48.7,96.3,35.0,144.0,93.8,83.9,63.8,19.5,59.8,30.7,36.0,39.0,49.5,6.4,33.3,39.3,36.7,14.5,61.0,165.9,58.9,42.1,86.1,65.5,15.0,26
20.7,36.3,31.2,46.6,99.2,35.9,137.9,100.4,79.7,61.5,18.7,56.2,31.1,42.1,42.1,46.3,6.2,35.1,38.8,33.3,13.5,54.5,161.3,60.5,43.7,90.6,69.0,16.2,33
21.6,37.6,29.0,45.4,98.8,34.7,141.1,90.5,81.6,62.3,18.7,58.5,30.7,35.0,39.1,48.0,6.3,32.6,36.0,34.8,14.2,58.1,166.6,61.4,41.7,87.0,68.0,15.1,24
20.8,34.2,29.3,43.9,101.4,34.8,133.1,91.8,76.7,64.4,18.3,55.3,28.5,33.3,35.8,44.0,5.9,31.3,35.1,32.4,14.2,53.0,156.5,62.8,38.6,86.0,60.9,14.6,24
21.5,35.4,29.5,42.8,103.7,37.8,135.9,85.9,79.5,63.3,17.7,59.7,31.0,36.0,38.9,45.4,6.2,31.2,34.3,32.4,12.0,53.1,157.8,64.5,41.2,78.5,64.6,15.3,28
21.9,34.5,28.4,42.7,93.0,36.8,128.3,88.0,73.3,57.6,19.2,51.1,30.1,35.5,38.0,42.1,5.9,29.1,33.3,31.5,12.5,51.4,148.0,58.3,38.2,77.0,54.0,14.9,20
20.9,37.5,27.4,42.3,93.3,34.3,139.2,82.9,79.9,60.6,18.0,54.3,29.4,33.5,38.5,46.1,6.7,30.4,35.2,34.5,14.5,55.0,163.6,54.3,40.3,75.6,53.0,14.8,29
25.5,40.7,36.2,49.4,106.3,41.6,139.0,94.5,80.3,69.5,18.1,57.1,33.0,41.5,43.0,46.9,6.9,34.6,38.7,32.4,15.0,54.5,160.8,67.9,41.2,90.1,78.9,15.6,24
18.2,35.1,25.2,40.0,80.1,32.6,133.3,82.5,78.7,55.1,17.5,52.2,29.0,32.6,35.9,45.3,6.0,28.1,33.2,32.2,13.8,53.5,155.2,44.8,37.3,65.8,43.1,13.9,23
23.2,37.4,34.4,48.4,108.9,41.3,133.2,98.5,75.1,70.0,20.6,57.6,32.6,41.0,43.2,45.4,6.5,35.6,37.7,31.6,13.9,51.8,155.9,67.7,35.7,87.3,74.6,17.6,21
23.0,35.2,30.9,44.7,109.0,38.0,136.4,99.8,76.7,59.2,18.6,55.4,30.9,36.0,38.0,45.6,6.7,32.7,35.5,32.0,12.9,52.6,159.5,66.7,48.2,103.3,71.2,15.2,38
22.0,39.1,31.3,49.1,105.2,36.0,143.6,101.6,79.9,67.3,19.9,55.6,32.1,42.1,42.3,47.7,6.0,34.9,38.8,35.5,13.9,56.8,167.4,63.7,41.2,86.3,72.7,15.9,19
23.0,37.6,28.4,43.8,97.4,37.2,140.4,84.5,80.2,62.2,19.4,56.4,32.0,35.5,39.9,46.9,6.9,31.1,37.6,35.0,13.2,54.2,166.1,56.7,40.4,76.1,61.3,16.0,18
19.6,36.1,31.5,44.2,91.7,31.7,134.1,87.8,80.0,58.4,19.7,54.6,31.4,34.5,38.2,47.3,6.7,33.3,35.8,33.6,13.1,56.9,155.0,56.5,39.9,79.2,57.4,15.7,35
22.1,35.2,30.1,43.7,101.3,38.7,136.8,90.2,76.8,60.0,17.6,57.0,30.7,36.4,38.0,45.0,6.4,32.4,37.0,32.3,12.6,51.6,159.7,63.0,41.2,83.2,65.5,14.2,25
21.8,37.1,30.8,44.4,94.6,36.8,131.5,88.4,72.9,61.2,17.9,54.8,29.6,34.2,39.9,42.8,6.7,31.2,34.6,32.0,14.4,52.6,154.3,57.4,37.4,75.3,57.7,15.7,18
20.8,37.6,28.6,43.8,93.0,35.4,143.0,83.7,82.3,62.3,19.5,56.7,32.4,37.0,40.8,48.6,6.2,31.4,34.9,33.4,14.0,56.0,163.6,59.8,41.5,76.0,58.5,15.5,21
22.5,31.6,33.0,45.3,101.2,36.3,132.8,92.3,72.2,59.5,18.7,53.5,31.0,38.4,39.5,41.5,6.3,33.8,37.3,31.4,11.5,49.5,156.3,60.4,44.0,91.3,62.7,15.4,21
19.4,37.6,28.2,44.5,93.4,34.1,129.1,90.5,71.8,60.6,18.3,55.4,28.8,38.7,40.5,41.8,5.7,33.5,37.5,31.1,14.7,50.2,150.6,55.6,39.6,77.9,53.5,14.5,31
23.3,37.8,29.6,45.0,96.9,38.1,145.1,85.1,83.2,60.4,19.2,56.6,31.6,34.6,37.6,48.6,6.5,31.6,36.2,33.9,14.0,54.4,168.9,57.1,42.8,80.3,65.2,15.8,20
22.6,37.0,33.1,48.9,104.7,38.7,135.5,99.2,75.6,64.5,18.7,55.7,32.2,39.5,40.9,44.1,6.7,31.6,35.0,32.4,13.7,51.7,160.0,64.4,40.8,87.8,70.2,16.0,35
23.0,38.0,37.4,51.9,113.6,42.2,158.7,102.1,91.8,64.5,19.1,56.6,31.6,44.5,45.0,53.1,6.7,35.4,39.5,37.6,13.2,61.5,182.7,71.6,51.3,108.0,93.1,16.6,26
17.7,35.0,28.6,41.6,93.7,33.0,138.2,82.4,82.9,54.5,17.0,55.7,27.8,32.0,36.0,48.3,6.2,30.3,35.7,33.2,12.9,54.5,159.4,57.4,40.3,74.2,53.2,14.1,19
21.2,42.2,31.9,49.6,101.4,37.3,152.1,97.4,89.8,66.3,19.9,55.7,32.6,43.4,44.5,51.5,6.9,34.2,38.2,35.5,16.1,57.3,176.8,62.4,41.2,81.7,73.5,16.3,22
22.0,36.0,26.3,40.0,89.7,38.6,143.3,78.3,81.8,58.2,18.2,53.3,30.5,32.7,36.3,48.8,7.2,30.6,36.3,33.7,13.6,53.7,165.8,53.0,42.7,75.9,55.7,14.7,25
23.3,36.5,29.9,44.3,98.1,36.7,139.3,94.5,76.9,61.1,18.7,55.0,31.2,35.5,38.7,43.6,5.7,32.5,36.9,32.7,12.9,53.0,162.9,58.2,43.5,86.5,65.5,15.0,25
22.7,36.2,30.0,45.0,102.7,39.2,141.5,97.5,80.6,60.7,18.4,57.0,31.8,36.7,38.4,45.9,6.7,32.0,35.7,34.7,13.8,55.2,167.2,63.3,42.5,85.5,69.1,15.3,28
24.3,39.1,35.5,46.9,113.4,43.7,154.2,101.3,91.0,67.8,20.8,58.0,35.3,38.5,41.2,52.0,7.2,36.9,42.3,39.1,14.7,63.2,178.3,70.7,45.3,96.7,96.5,17.4,21
22.2,35.9,30.5,46.8,101.1,37.5,135.3,97.0,76.5,55.7,18.8,57.4,31.3,36.2,37.9,43.9,6.1,33.3,37.2,30.8,13.2,50.0,157.1,61.7,45.4,99.2,70.2,15.6,19
21.3,36.4,28.6,42.0,87.5,35.4,129.3,83.8,75.3,59.7,18.4,54.3,29.8,29.5,33.0,43.6,5.9,30.0,33.0,29.1,14.7,48.9,152.5,54.2,35.6,73.6,52.3,14.9,19
23.1,36.8,32.3,43.7,99.9,35.6,138.7,92.3,81.2,60.3,19.1,59.7,34.2,36.3,40.1,45.2,6.3,34.3,36.9,33.6,13.9,55.7,159.5,60.2,44.0,87.6,66.0,15.5,41
25.7,37.6,35.8,48.0,108.2,43.6,146.4,100.9,85.5,62.6,19.4,56.4,35.3,39.1,42.0,48.7,6.5,33.4,38.9,35.8,13.6,56.5,170.8,67.0,45.7,94.7,81.4,16.5,20
26.0,41.1,35.5,50.1,114.5,45.2,154.7,102.9,89.1,68.5,20.5,59.5,35.1,39.0,42.0,51.4,7.4,35.8,40.0,39.1,15.9,60.7,181.8,71.0,47.2,100.0,95.2,17.4,33
22.9,36.8,30.9,44.5,95.6,36.9,146.4,83.2,84.4,56.5,19.1,60.9,33.0,32.5,37.6,48.6,6.6,34.0,37.5,35.9,14.8,58.5,168.8,57.2,44.8,80.2,65.8,15.8,20
20.0,33.7,28.3,39.1,93.6,32.7,134.5,78.2,76.0,58.1,18.5,53.0,29.5,33.7,36.2,44.1,6.1,31.8,35.3,31.5,13.9,50.5,156.8,57.2,39.9,69.5,50.3,14.5,23
21.2,34.8,26.8,41.9,94.3,35.1,130.5,88.5,74.4,58.6,17.3,54.0,29.7,28.0,32.5,42.9,6.3,30.6,33.8,31.9,12.2,51.6,155.5,58.2,39.1,80.7,54.7,15.0,27
22.5,39.4,29.0,45.7,103.4,36.9,141.2,98.8,76.3,61.9,17.2,54.7,30.9,40.1,43.5,43.7,6.0,33.0,37.2,34.0,13.5,54.6,164.5,63.3,47.0,91.8,68.8,15.3,26
22.5,35.6,27.3,40.4,95.8,39.0,142.2,83.3,83.8,61.1,18.7,50.8,31.7,34.5,38.1,48.7,6.3,31.2,35.0,34.5,14.0,56.4,163.1,55.6,40.0,75.0,60.4,15.5,36
22.7,34.1,34.4,45.4,100.5,39.4,134.5,91.9,74.3,59.4,18.7,54.9,30.4,38.0,38.0,43.9,6.6,34.1,35.7,31.3,12.7,48.5,156.3,63.1,45.7,88.1,66.9,14.9,56
21.8,34.4,29.2,45.6,100.0,36.9,134.8,92.6,76.4,63.2,18.0,55.7,29.8,36.0,36.6,44.4,6.3,31.9,34.4,33.2,12.7,54.2,156.6,61.0,38.6,80.6,59.9,15.4,29
19.3,34.8,33.0,45.0,101.4,35.4,136.5,87.0,81.3,60.2,18.5,57.5,30.7,37.1,38.5,46.8,5.9,31.1,34.6,34.7,12.2,57.8,158.5,62.3,38.2,87.5,61.6,14.5,28
20.3,33.0,29.3,40.2,95.2,34.8,128.7,87.2,73.2,61.0,18.5,54.7,29.7,33.0,34.6,42.3,5.4,30.8,37.5,31.4,10.7,49.6,151.8,57.5,37.4,79.8,54.8,14.3,33
21.1,35.7,30.5,41.7,93.8,37.0,136.9,83.8,80.5,57.8,18.5,56.6,31.2,35.0,39.5,47.5,6.4,32.5,35.4,34.2,13.4,55.2,159.0,58.5,36.7,71.6,60.4,15.9,22
20.7,32.2,28.5,40.8,92.0,35.0,125.4,84.5,69.5,56.3,17.7,52.4,27.7,36.7,39.0,40.9,5.6,33.4,36.8,28.9,11.8,47.1,146.2,56.7,41.7,82.9,51.9,14.6,31
19.3,36.1,29.3,45.5,100.7,33.3,136.8,93.0,74.2,60.2,18.0,55.8,29.3,36.8,39.9,42.7,6.4,32.4,37.1,32.5,13.7,53.0,159.9,59.6,45.4,94.3,64.0,15.4,22
21.8,34.2,30.5,43.4,105.8,36.9,143.9,84.5,82.0,68.5,18.5,54.3,31.5,39.0,39.5,46.9,7.5,33.0,36.7,33.6,12.5,52.5,166.5,62.5,41.1,83.4,66.9,15.7,25
21.4,39.1,30.9,47.1,106.3,38.3,147.4,100.7,82.8,60.6,18.5,56.2,32.3,38.0,40.6,49.1,7.0,34.3,38.9,36.7,14.4,59.0,171.2,64.9,47.4,95.8,79.1,15.3,28
20.5,36.4,26.5,42.7,95.8,34.3,141.6,90.8,82.8,61.6,18.3,55.4,30.1,37.5,40.7,47.3,6.3,32.1,36.8,33.1,14.1,52.9,163.4,59.2,41.5,79.6,59.8,14.6,18
22.7,38.3,32.0,47.5,103.0,39.4,139.4,97.5,79.8,65.6,19.7,60.5,33.3,41.0,42.6,47.1,6.6,36.4,39.5,33.9,13.5,53.9,162.8,62.2,40.9,86.5,73.6,16.2,27
21.6,36.5,33.7,49.6,107.7,39.2,139.6,108.0,81.1,62.1,19.4,56.4,32.2,40.8,41.0,48.5,6.4,34.5,36.4,33.0,12.7,55.5,162.5,67.7,45.7,105.2,82.5,16.1,44
20.5,41.8,31.4,48.2,108.3,37.4,145.0,99.6,80.9,66.1,18.7,57.8,31.6,41.8,45.1,46.9,7.2,32.7,39.0,35.1,15.3,55.5,171.8,62.5,43.2,88.1,75.6,15.9,32
22.5,36.5,26.9,40.0,94.6,40.8,138.4,77.3,78.3,64.8,17.3,54.4,31.5,32.0,37.0,45.6,6.5,31.6,34.5,33.4,14.7,53.5,160.4,59.5,41.9,76.7,59.5,14.9,25
23.2,37.2,31.7,46.8,117.1,42.1,150.0,99.6,84.1,69.0,18.8,60.1,33.4,38.2,40.4,49.6,6.8,32.9,36.2,35.5,13.5,57.0,174.8,71.6,44.5,97.8,86.3,16.0,22
21.3,39.9,29.5,45.3,98.3,39.1,142.3,93.5,79.0,64.4,19.5,56.0,32.2,37.6,41.4,48.2,7.2,33.4,37.5,33.3,15.3,54.9,165.0,57.5,44.5,93.6,68.6,16.1,21
25.2,39.3,32.6,46.7,106.3,40.6,143.3,96.5,78.7,61.3,19.0,56.0,32.9,39.6,44.4,45.7,6.7,35.0,39.2,35.2,14.1,53.8,167.9,65.7,48.9,97.0,76.3,16.4,21
23.0,36.8,32.7,45.8,105.2,37.6,139.9,99.5,80.2,62.2,19.0,55.4,30.8,35.0,37.1,45.2,6.1,33.0,35.1,34.8,13.1,54.5,163.5,64.5,40.9,90.4,72.5,16.0,21
21.7,38.7,28.4,43.4,97.9,36.4,143.9,86.2,82.3,62.0,19.7,56.4,32.0,35.0,39.2,47.8,6.0,32.7,37.0,35.5,14.7,58.0,167.3,58.0,43.0,78.3,63.9,15.8,34
21.3,37.4,28.3,42.8,92.7,34.0,141.1,85.6,80.2,60.7,17.4,55.7,29.1,34.1,38.2,44.8,6.0,29.7,34.4,33.5,13.6,54.0,164.3,55.5,41.5,77.2,55.9,14.6,25
20.7,36.5,31.3,47.0,104.4,37.8,146.8,96.4,83.9,67.0,18.9,55.8,31.7,38.2,40.1,48.1,7.0,32.7,37.5,35.7,14.0,56.5,169.1,68.2,45.0,96.0,76.4,14.9,42
22.8,37.9,30.1,46.5,100.1,38.9,143.1,96.9,82.8,60.5,18.7,57.8,32.3,37.5,40.7,49.5,6.8,35.4,38.9,35.0,13.6,56.0,167.2,60.5,41.3,87.1,69.9,15.5,39
22.0,38.0,28.2,44.2,101.0,36.6,141.0,83.9,79.2,59.6,18.8,54.8,30.5,37.5,40.0,44.8,6.6,31.7,36.1,33.5,13.5,53.0,163.8,61.2,44.9,82.5,63.0,15.2,19
21.2,36.6,29.4,43.7,95.4,35.9,143.4,80.3,81.8,59.5,19.4,56.0,31.4,33.9,38.7,46.1,6.7,33.0,37.5,34.2,12.9,55.5,167.6,57.8,43.7,73.4,60.6,15.4,18
22.7,37.7,30.0,44.9,101.7,39.6,141.7,91.8,81.1,62.8,19.5,55.9,33.3,35.5,39.0,46.5,7.3,32.2,37.3,33.2,13.5,54.9,165.5,63.1,42.5,85.2,68.0,15.9,21
21.5,34.9,26.8,44.0,102.9,37.2,141.6,91.4,79.8,58.5,17.4,58.2,31.3,35.2,37.7,48.0,6.6,32.7,36.5,35.0,12.5,54.7,167.5,60.7,44.5,81.3,65.4,15.1,31
19.7,34.8,28.0,42.2,96.0,35.7,128.8,82.0,72.9,59.9,18.4,54.9,28.5,35.0,37.4,42.8,5.5,30.6,34.2,30.5,13.0,50.0,150.8,56.3,38.5,76.5,53.8,14.6,20
21.1,33.8,31.0,46.5,105.8,36.4,142.2,100.6,77.8,62.5,18.8,54.2,31.5,36.5,37.7,45.6,6.7,33.5,37.0,34.6,12.4,56.2,167.9,61.6,46.0,95.5,73.1,15.7,36
21.7,40.8,32.0,49.0,109.9,39.3,145.8,97.0,80.6,67.5,17.8,56.0,31.7,38.8,42.1,46.1,6.0,33.2,37.0,34.6,15.7,56.4,169.2,65.9,44.4,88.2,76.6,15.0,22
22.5,33.3,26.6,39.6,93.5,35.7,139.3,88.2,78.3,57.8,18.7,56.7,30.4,32.1,35.6,44.4,6.5,30.8,34.0,33.5,13.0,52.5,163.1,55.2,45.0,80.0,57.7,15.5,31
20.6,34.9,29.4,42.5,98.4,36.3,130.5,90.9,72.3,61.7,18.2,55.8,29.4,33.5,35.5,42.4,6.8,31.4,36.2,30.7,12.5,49.6,153.3,59.6,40.4,82.7,59.8,15.1,20
21.4,35.9,31.2,45.2,106.4,38.8,133.9,99.6,76.3,62.5,18.6,55.5,30.7,40.4,41.2,43.1,6.3,31.9,35.0,32.2,13.0,50.0,156.3,64.1,40.7,88.7,68.6,15.4,25
22.5,37.5,30.5,47.1,104.9,38.4,141.5,90.8,77.5,67.6,18.7,56.6,31.5,35.6,37.9,47.6,6.6,32.3,36.5,35.3,12.7,56.6,165.5,64.0,39.2,83.0,70.8,16.1,25
20.1,33.2,24.8,40.0,88.0,34.7,125.0,78.6,66.5,58.0,16.3,54.8,29.0,32.0,34.5,38.7,6.4,31.2,34.5,27.8,13.2,45.5,149.6,52.4,39.7,69.7,48.8,14.0,38
23.2,38.8,30.0,44.9,105.2,38.8,154.3,93.5,87.5,69.3,19.7,54.9,33.3,33.0,36.2,51.4,6.6,32.9,37.4,36.5,13.2,58.0,177.7,64.4,44.8,85.7,76.6,16.5,23
19.9,35.2,29.6,41.3,94.8,35.1,131.8,89.7,75.0,57.7,18.6,58.4,30.6,34.5,36.8,42.5,5.8,33.1,37.3,31.4,14.0,52.1,154.6,60.5,41.2,78.8,58.3,14.5,24
22.7,36.6,30.7,43.6,103.9,37.5,144.1,90.6,82.5,63.5,19.1,55.5,31.8,36.0,38.2,49.5,6.9,32.6,37.2,35.3,14.0,57.0,168.5,60.6,42.0,93.6,68.5,15.7,21
20.0,37.4,29.6,43.4,97.5,36.6,137.9,85.0,76.3,61.7,17.3,56.0,30.7,32.2,36.8,44.8,6.4,31.3,36.3,33.5,13.8,53.7,160.8,56.6,40.3,76.8,58.5,15.1,20
22.5,37.8,33.9,46.4,104.4,39.9,140.4,92.9,81.5,60.5,20.1,56.7,32.2,37.0,41.1,47.2,6.1,33.0,37.7,33.4,14.6,56.2,163.2,65.3,44.6,83.3,71.9,16.2,19
21.1,39.3,29.5,46.1,99.3,36.0,145.5,89.2,85.4,65.0,19.0,57.5,32.7,40.2,44.0,49.8,6.4,34.5,38.4,35.6,14.9,57.0,169.0,60.0,41.5,80.2,64.9,15.6,27
22.3,37.2,27.6,43.2,92.6,37.0,140.6,79.8,81.7,60.3,18.6,55.4,30.5,36.4,39.4,46.3,6.4,31.0,36.1,34.5,13.7,55.6,165.5,55.7,40.1,74.2,58.3,15.5,18
20.5,36.4,29.5,42.8,102.7,39.8,134.3,93.3,77.0,62.0,19.2,54.1,30.7,36.5,38.8,44.2,6.7,31.2,34.2,34.2,13.7,54.0,157.4,60.4,38.8,85.0,64.8,15.5,19
22.7,35.2,28.1,42.6,92.3,37.1,141.9,84.1,80.9,60.6,18.3,55.5,31.2,38.8,41.8,48.2,7.5,30.7,35.5,34.4,13.4,54.8,165.9,53.8,41.3,75.8,56.4,15.3,18
19.0,35.1,25.8,40.4,87.0,33.4,132.0,81.2,70.8,60.0,17.0,56.0,27.7,32.2,36.5,41.8,5.9,31.6,34.6,31.0,13.2,49.0,154.1,51.3,39.8,70.6,47.8,14.5,25
19.8,39.1,28.0,44.2,95.1,34.9,144.8,84.3,85.3,64.5,19.2,56.5,31.0,38.0,41.0,48.3,6.4,31.3,35.5,35.0,14.0,58.3,167.5,57.5,39.5,77.5,59.1,15.7,41
21.1,38.3,28.7,45.9,103.8,37.2,141.3,93.6,77.9,60.3,17.0,56.3,30.7,39.2,42.0,45.2,6.5,31.6,37.0,33.0,13.7,54.5,165.2,60.1,46.7,91.2,66.5,14.7,19
20.7,35.9,28.7,45.1,104.2,36.8,135.0,94.5,76.3,62.1,19.1,54.4,31.0,37.1,38.6,43.9,6.4,32.0,37.0,33.2,13.4,53.9,159.3,62.0,41.6,88.6,64.9,14.9,24
21.1,35.3,25.8,40.9,90.5,35.2,134.4,78.4,73.5,57.9,17.7,55.3,30.1,31.1,35.6,44.1,6.0,31.9,34.9,32.2,12.0,50.5,156.5,53.9,40.2,75.5,51.2,14.7,21
19.8,34.6,25.2,39.3,87.2,34.3,131.6,80.4,71.6,55.5,17.2,53.4,29.3,30.5,34.5,41.9,5.9,31.3,34.6,30.0,12.7,49.5,153.0,52.2,42.0,76.5,49.6,14.2,42
22.2,39.0,34.1,46.1,102.6,39.5,136.4,93.2,76.4,66.0,18.8,56.5,31.2,43.9,45.2,46.0,6.2,35.2,38.0,31.8,14.1,52.4,160.0,66.3,38.6,89.7,74.4,15.4,25
23.4,36.7,30.4,44.2,98.4,38.0,138.7,92.7,79.8,59.5,20.2,59.5,33.5,36.0,39.1,46.5,6.3,33.5,37.2,31.5,13.5,53.5,161.5,59.4,43.9,86.8,68.0,16.4,26
19.0,35.2,25.5,42.8,90.0,33.5,133.8,78.3,77.5,55.5,16.2,56.5,28.6,35.6,38.9,44.5,5.6,30.9,35.3,31.9,13.5,53.1,155.7,52.8,41.0,79.0,50.6,14.6,21
21.3,36.5,26.1,42.3,93.8,34.0,143.9,84.6,80.2,63.2,18.1,56.8,31.3,33.8,38.1,47.3,6.3,31.7,37.5,35.2,13.3,56.6,167.9,54.1,43.4,78.5,59.1,15.0,19
22.7,36.8,30.4,45.3,104.5,38.8,143.0,90.9,80.2,61.9,19.6,55.9,32.3,36.9,39.8,46.0,6.0,34.4,38.4,33.7,13.4,54.9,166.2,63.3,45.0,86.4,71.2,16.1,26
21.2,37.1,34.0,48.3,112.1,37.8,143.0,112.1,81.1,65.6,19.5,56.9,30.8,40.0,42.0,45.6,5.8,35.6,39.2,34.9,13.9,55.5,169.6,66.5,43.4,96.7,84.4,16.6,31
19.0,38.4,26.7,43.8,93.9,33.9,142.0,89.2,83.5,58.1,18.7,56.1,30.3,34.5,38.8,48.8,5.9,31.1,34.9,35.1,14.9,59.0,165.7,54.8,40.6,76.0,54.7,15.1,36
20.8,35.6,27.0,42.4,90.3,36.4,127.5,81.4,68.4,58.6,18.4,55.5,29.3,33.9,36.3,39.8,6.0,30.0,34.4,29.1,13.0,47.5,149.5,55.4,42.2,72.6,48.7,14.7,23
21.2,36.6,28.0,43.0,98.9,35.5,141.7,93.9,79.2,58.2,17.9,55.4,30.8,36.3,41.0,46.3,6.8,31.1,34.0,34.0,13.7,55.5,164.4,57.9,43.8,84.2,61.2,15.0,23
22.0,35.3,33.7,46.6,103.5,40.3,140.9,93.3,79.3,60.1,19.6,56.1,32.5,37.2,40.6,47.4,6.3,33.2,36.2,34.0,12.9,55.0,165.2,64.0,42.6,86.5,72.2,16.7,29
19.8,32.2,26.9,40.0,95.9,34.7,134.0,89.4,77.8,54.5,17.9,55.7,29.2,35.0,36.0,45.2,6.1,31.8,34.8,32.3,12.5,52.5,156.6,57.5,42.9,88.8,56.7,14.2,22
21.8,38.7,32.0,46.2,100.2,38.2,142.5,95.7,81.6,54.0,19.8,58.1,31.3,35.5,38.0,47.8,7.1,34.2,37.4,33.2,14.1,55.1,165.3,61.7,45.6,81.9,68.8,16.5,28
20.7,34.6,25.1,41.1,94.5,37.0,136.0,78.7,74.7,58.6,17.6,54.8,30.7,32.4,35.0,42.5,6.6,29.1,32.1,31.1,12.5,51.1,160.4,55.8,42.3,73.9,54.2,14.6,28
21.4,36.4,28.8,43.3,98.0,37.4,135.0,85.3,76.3,61.5,19.2,54.5,30.4,35.6,38.9,43.3,6.4,32.4,36.1,32.5,13.1,51.5,159.4,60.3,39.7,80.5,61.1,15.9,23
20.3,36.5,28.1,44.3,103.8,35.0,140.1,98.9,76.1,66.8,18.6,56.6,30.4,38.3,40.3,45.5,6.4,36.2,41.0,33.0,13.2,53.1,162.7,58.8,43.2,88.0,67.2,14.7,29
23.0,37.4,30.7,44.1,102.9,40.6,149.1,92.7,85.5,65.4,19.2,60.6,34.6,35.0,38.0,50.4,6.8,34.2,38.0,35.0,13.2,57.1,172.9,63.1,41.0,81.0,74.9,16.2,24
20.7,36.9,27.4,43.6,92.8,36.2,137.4,88.3,77.3,58.7,17.8,53.7,30.0,34.9,38.0,44.2,6.3,31.3,34.9,32.5,13.9,52.7,160.2,54.3,45.1,80.3,58.5,14.9,41
19.5,35.8,28.5,43.6,97.7,35.7,137.1,93.0,78.3,59.2,18.1,55.0,30.8,36.5,39.0,45.8,6.2,31.0,34.0,33.8,13.4,54.1,161.5,57.5,40.4,78.7,60.5,14.9,23
22.7,37.2,27.0,44.5,98.6,36.9,140.7,86.2,76.5,62.7,17.8,54.5,29.9,33.8,37.5,45.7,6.7,30.8,34.9,33.3,13.7,52.8,164.5,57.7,43.3,78.7,60.1,15.1,20
22.4,33.3,30.1,42.4,94.8,40.5,137.6,87.7,75.9,56.4,18.1,54.4,30.8,33.6,35.9,45.1,6.7,31.5,35.5,33.3,12.8,53.0,162.3,57.8,44.6,82.1,62.1,15.2,26
21.7,35.5,29.8,43.7,92.2,37.3,136.8,83.0,78.5,64.4,18.5,55.8,30.0,37.5,39.6,45.7,5.6,33.4,36.4,32.7,12.2,52.0,159.5,57.7,39.6,72.3,60.9,15.3,20
20.0,33.9,27.2,40.4,83.3,32.8,124.8,79.8,68.5,57.7,18.0,58.5,29.5,35.0,36.0,40.1,6.0,30.8,34.7,29.2,12.0,47.6,148.0,52.0,36.1,62.8,47.0,14.4,22
21.9,37.6,35.8,46.9,108.5,41.0,142.9,95.5,83.1,59.5,19.9,59.8,33.8,32.8,36.6,49.8,6.0,31.5,36.0,35.3,14.4,56.7,169.6,66.5,42.8,95.1,78.6,16.0,32
21.5,38.4,33.0,46.7,106.6,39.1,144.6,95.8,85.3,62.6,18.8,56.6,33.0,39.7,41.6,49.5,6.8,32.0,36.4,34.8,14.1,55.1,168.0,64.8,43.0,85.7,72.5,15.7,41
19.5,35.3,26.8,41.4,89.4,33.3,135.2,78.7,77.5,59.8,17.5,55.4,29.6,31.7,35.4,44.6,6.0,29.7,33.6,32.7,12.8,54.2,159.0,53.6,38.8,72.6,51.6,14.6,23
20.6,34.9,26.3,39.2,87.0,37.5,129.3,80.2,70.7,57.3,17.9,56.0,29.0,32.2,35.7,41.6,5.0,31.9,36.0,29.7,12.4,48.0,152.9,54.3,39.5,70.0,50.1,14.4,28
19.7,34.2,30.3,43.8,98.0,35.7,133.8,91.7,76.5,58.5,18.6,53.4,29.5,30.2,32.6,43.6,5.8,32.6,35.3,32.8,12.2,51.0,155.1,59.7,40.4,86.0,62.6,14.7,38
22.2,38.0,32.8,45.5,107.2,41.0,147.5,94.2,86.7,65.7,19.2,58.4,35.1,38.5,41.1,49.3,6.6,32.3,37.3,35.3,13.2,58.5,170.9,68.7,43.9,83.2,78.7,16.3,32
20.0,33.9,28.9,43.8,92.7,34.2,136.5,94.7,73.7,62.2,18.0,55.1,29.8,38.3,40.7,44.3,5.9,32.3,36.4,31.7,12.5,51.5,158.9,53.0,43.2,81.8,57.2,14.8,31
19.4,37.4,28.2,45.3,105.8,34.8,139.8,90.2,82.1,63.0,18.3,59.8,31.1,37.6,41.1,47.5,5.7,32.7,37.7,34.5,13.3,57.1,161.6,65.6,39.6,81.3,67.0,14.4,26
20.0,36.0,25.6,40.6,92.5,33.7,139.7,82.5,77.5,63.3,18.3,54.5,29.4,32.0,35.1,44.6,6.4,31.0,34.9,32.4,12.0,51.0,164.3,55.5,42.1,70.5,53.5,15.2,40
20.5,35.0,29.5,42.0,103.7,36.9,136.3,84.4,79.4,63.8,18.7,57.6,29.8,33.2,37.4,44.5,5.7,30.2,33.7,32.7,13.3,53.7,158.7,64.7,38.6,76.8,63.8,15.0,21
23.4,35.1,32.6,43.3,104.3,42.7,144.8,88.8,82.3,66.3,19.3,57.8,34.5,37.7,40.6,47.0,5.9,33.7,38.6,36.2,13.6,58.6,169.1,66.9,42.8,77.9,75.2,16.1,20
20.0,36.4,27.0,42.5,89.4,33.8,133.5,82.4,75.3,54.9,18.3,56.7,29.5,34.5,38.1,43.2,5.9,32.6,36.8,30.7,14.1,50.4,155.8,53.2,41.4,69.9,51.9,14.6,18
20.4,35.9,28.4,42.8,96.1,37.3,138.6,84.3,80.6,63.5,17.7,61.1,30.3,33.7,37.3,45.4,5.7,32.0,36.3,34.1,13.5,56.3,161.1,58.5,38.6,76.8,60.2,14.9,19
21.1,39.2,30.7,46.1,101.1,39.2,148.3,91.5,86.7,59.4,18.5,56.8,32.3,36.6,40.3,49.0,5.9,33.6,37.9,37.4,14.0,59.0,172.4,59.9,44.2,89.8,70.1,15.7,32
25.5,38.3,33.9,47.9,106.3,40.8,140.2,95.8,76.7,66.7,20.3,57.2,35.2,39.1,41.0,45.1,6.9,34.6,38.2,32.8,13.8,52.9,162.3,66.4,43.3,90.0,78.2,16.9,28
23.0,37.6,26.8,43.2,90.3,35.4,144.1,88.0,80.5,60.0,18.6,56.4,31.9,37.2,41.6,46.1,6.6,31.7,35.6,34.2,14.7,53.9,168.6,56.2,44.1,79.1,61.1,16.2,20
18.7,35.1,30.4,46.2,97.3,33.0,135.4,101.1,74.0,55.3,18.8,54.3,28.8,38.0,39.8,42.4,6.0,33.2,37.9,32.0,13.4,52.9,158.7,57.8,44.4,89.5,63.1,15.0,42
19.9,32.9,29.5,42.0,90.3,37.0,131.5,80.3,71.2,60.0,16.9,57.0,28.7,31.1,33.2,41.4,6.2,32.8,35.5,31.6,12.4,53.1,154.6,55.2,41.8,71.0,54.0,14.6,21
20.4,35.4,27.8,42.6,94.1,32.5,144.6,91.4,85.6,57.8,18.0,59.9,31.2,34.0,37.0,50.0,6.3,33.1,37.6,34.5,12.5,56.2,168.2,55.8,41.9,82.7,61.9,15.5,20
20.9,34.9,28.2,42.6,98.5,36.7,130.5,84.8,71.7,60.7,18.0,55.3,30.4,36.0,39.5,41.0,6.0,32.2,36.3,30.6,13.2,49.5,151.9,58.5,40.6,81.2,57.7,14.4,18
22.5,35.4,30.8,44.0,100.2,38.7,141.1,86.7,82.8,58.0,18.7,54.5,32.2,35.0,37.1,47.3,6.9,33.7,38.3,34.4,12.1,55.4,163.1,62.9,41.7,80.8,67.3,15.4,19
22.7,35.9,29.5,43.0,102.7,38.3,129.0,90.9,75.3,60.9,18.3,53.3,30.6,35.3,37.8,43.3,6.4,34.3,38.4,31.4,12.2,51.1,152.5,60.9,36.9,78.9,60.8,14.7,19
24.2,37.2,34.3,49.5,115.8,43.8,142.1,111.0,78.9,69.0,19.2,56.5,32.6,43.1,43.6,45.7,6.4,35.8,39.5,34.0,13.5,54.0,165.7,71.9,45.5,109.2,90.5,16.7,42
20.6,35.7,33.6,43.7,99.5,36.3,142.5,97.5,81.6,63.3,19.3,56.0,31.7,36.5,37.9,47.1,6.5,33.6,36.7,32.8,15.2,54.6,165.3,62.3,40.9,81.5,68.2,15.7,44
21.6,35.0,36.8,45.7,103.6,39.9,123.4,101.8,67.8,59.9,18.2,54.0,28.4,33.7,36.0,38.1,6.0,32.9,35.2,28.3,12.0,45.9,144.7,65.0,40.4,93.7,68.3,15.0,36
20.7,38.3,33.5,50.4,105.6,35.6,140.3,106.8,80.8,60.4,18.7,58.2,31.8,38.0,40.5,48.0,6.4,37.8,39.0,33.6,13.5,54.2,161.5,64.2,45.5,104.0,77.8,15.8,43
21.2,36.5,28.2,43.1,100.9,35.7,149.0,95.8,85.5,62.9,19.3,55.5,31.8,33.6,35.2,48.0,6.6,30.6,35.2,36.0,12.5,57.0,173.2,57.3,44.5,85.4,64.8,15.6,36
23.5,37.9,38.8,54.6,126.5,45.6,148.5,121.2,84.6,71.4,19.3,56.9,32.9,42.2,40.6,49.1,6.7,38.7,40.8,36.6,13.2,59.2,173.3,79.2,47.3,107.6,108.2,17.2,41
22.6,33.9,36.6,47.6,116.5,38.8,150.7,100.4,85.7,70.9,18.8,54.4,31.9,38.5,40.8,49.0,6.1,33.4,36.0,36.7,13.6,59.4,176.0,72.8,46.7,103.1,87.5,16.3,38
23.1,40.6,33.0,49.6,107.8,39.3,141.7,105.2,80.3,67.4,19.4,58.9,31.7,43.1,47.5,46.3,5.8,36.0,41.0,35.2,14.9,56.4,166.9,64.1,40.9,93.0,78.8,16.6,46
22.0,36.3,38.7,49.3,112.4,43.3,137.8,107.3,80.6,61.3,19.5,55.2,32.6,42.0,41.8,46.8,5.7,34.3,37.0,34.2,12.6,56.7,160.2,73.1,42.7,97.6,84.4,15.7,50
21.1,36.3,30.6,45.2,99.8,37.6,137.0,91.0,75.7,58.8,18.2,55.6,29.2,38.1,38.7,44.6,6.7,32.7,37.3,32.4,12.7,53.3,161.1,59.0,43.8,91.6,66.7,14.7,37
21.2,37.7,36.9,47.5,103.0,39.5,137.6,105.7,82.6,58.7,19.3,59.5,30.9,39.4,40.5,47.2,5.8,32.2,36.1,34.6,14.9,56.6,160.7,63.1,40.0,92.7,74.9,16.0,40
21.7,35.2,35.2,47.7,115.8,41.4,135.3,104.3,74.3,68.6,18.8,54.5,32.3,39.7,40.1,44.2,6.5,34.0,37.3,32.6,12.5,52.4,158.2,71.6,39.8,103.2,82.7,15.8,45
21.0,37.1,31.8,46.0,105.7,37.8,140.2,90.2,79.8,61.1,19.3,57.4,31.9,37.6,40.2,45.9,5.8,31.5,35.7,32.9,12.8,53.4,163.6,66.4,43.1,92.5,69.5,15.2,34
23.2,36.6,30.5,44.6,102.7,38.3,146.3,90.9,82.9,64.1,20.8,56.1,33.3,36.5,39.8,47.4,6.9,32.2,37.3,35.0,14.4,56.0,170.2,59.0,44.0,88.9,69.7,17.0,22
19.6,35.7,28.0,42.0,88.7,34.6,137.4,78.3,77.5,59.9,18.9,56.3,30.3,34.0,36.2,45.6,6.3,31.2,37.0,33.5,12.0,55.5,159.1,54.0,38.8,70.8,52.8,15.5,23
22.4,35.7,32.4,47.0,106.2,38.4,148.3,103.6,81.9,68.1,20.3,55.7,31.8,35.4,38.9,47.4,7.1,35.0,39.6,34.0,13.0,55.1,172.4,64.2,45.3,92.5,78.5,16.4,41
21.3,37.6,28.1,45.1,103.0,37.3,143.1,96.5,82.0,64.4,20.7,57.1,33.1,38.3,40.6,47.9,6.5,34.8,39.2,35.7,13.3,59.4,165.7,59.9,39.2,83.3,66.9,16.6,38
20.7,36.9,28.5,42.6,92.9,35.7,134.3,83.0,74.5,52.1,18.5,55.1,30.0,37.5,40.9,43.3,6.9,31.4,36.4,32.2,13.0,52.0,159.1,55.0,45.5,82.7,55.6,16.0,42
21.3,33.8,36.9,48.8,116.0,42.0,139.0,107.7,76.4,71.4,19.0,55.5,29.8,38.0,39.5,44.6,6.3,35.0,36.9,33.8,11.6,55.1,163.0,69.2,43.1,104.2,84.0,15.7,53
26.7,37.2,34.8,46.2,106.1,45.2,149.0,94.5,82.7,66.4,18.3,55.8,30.0,36.1,39.3,47.7,6.6,36.0,41.4,35.5,12.5,55.4,173.0,65.0,47.0,96.1,83.1,17.0,33
21.8,35.8,32.1,45.6,106.4,38.3,144.2,94.3,83.7,60.1,19.5,61.1,32.0,36.8,38.1,48.0,7.1,33.0,38.2,33.9,12.5,55.2,169.5,66.5,43.0,86.6,73.5,15.7,38
22.1,37.5,32.0,47.5,111.0,39.7,138.2,94.8,78.8,63.2,18.9,57.5,32.8,39.1,41.6,46.1,6.7,33.5,37.4,34.1,14.3,56.1,159.8,70.2,42.1,91.1,76.3,15.7,26
20.3,34.9,29.7,44.8,100.6,35.3,136.6,95.3,75.2,61.6,18.6,56.3,29.9,37.5,38.8,44.1,5.8,32.6,37.5,32.5,12.8,52.7,160.6,59.2,43.0,87.5,63.7,15.7,31
20.8,36.7,33.0,46.3,101.6,37.6,138.7,97.5,81.4,62.8,18.2,58.1,31.7,39.2,41.0,45.9,6.3,32.5,37.6,33.1,12.5,54.1,164.4,62.9,40.5,90.6,70.0,15.7,41
20.9,34.8,29.5,44.7,103.7,37.1,132.6,92.3,73.7,58.3,19.2,56.8,30.2,35.8,36.9,44.2,6.7,31.2,36.2,31.1,12.4,50.0,157.5,61.1,41.7,83.5,62.6,15.5,40
20.8,35.2,26.3,41.4,96.0,35.5,140.0,88.1,79.0,67.5,18.6,56.3,31.0,33.1,36.6,46.0,7.3,32.2,36.6,33.4,12.3,54.7,164.2,58.5,39.6,78.7,60.7,15.4,41
19.8,36.3,32.7,48.6,103.1,36.1,138.3,98.6,81.4,55.9,19.8,55.7,31.4,33.0,36.5,48.1,6.4,33.7,37.0,35.0,12.0,59.5,161.5,63.5,41.0,94.3,70.5,15.9,45
20.6,34.6,30.9,42.5,111.0,39.0,136.0,98.8,75.6,63.9,18.0,55.8,31.2,39.7,40.8,42.9,6.7,31.4,36.6,31.3,12.5,52.0,157.0,64.6,43.2,91.3,68.9,15.0,51
22.7,34.9,30.9,44.8,97.4,38.8,138.1,89.6,78.9,62.9,18.4,55.6,31.6,35.5,38.4,44.1,6.6,31.1,34.0,32.3,14.5,51.5,160.7,60.1,39.1,77.8,63.3,15.0,19
21.3,34.5,27.6,40.1,91.6,37.4,140.0,82.3,82.3,59.4,19.3,58.5,31.5,33.2,35.1,46.2,6.0,30.4,34.6,33.9,13.3,56.5,162.6,52.9,40.5,72.2,56.4,15.4,19
22.6,39.6,30.5,47.5,100.9,38.9,148.7,93.5,83.8,65.8,19.7,58.4,32.6,34.4,37.9,48.5,7.0,32.1,35.3,35.9,15.5,58.0,172.9,59.0,43.0,84.3,72.9,17.0,20
21.3,33.3,30.7,43.2,97.0,37.3,128.1,93.2,74.5,62.1,18.2,58.2,31.3,36.1,37.0,43.8,7.0,32.1,35.5,31.6,11.4,50.0,150.1,62.6,35.3,78.2,61.8,14.8,19
20.6,34.8,29.2,43.6,94.7,35.9,141.8,88.3,81.9,61.4,18.0,57.0,31.9,32.8,35.9,47.8,6.5,32.3,37.0,33.2,12.2,54.8,165.7,58.9,40.6,79.1,61.8,15.0,24
20.9,36.6,26.6,42.0,91.1,33.0,138.7,81.3,82.9,58.2,18.3,54.8,30.3,34.0,37.4,45.1,6.5,30.4,35.2,33.7,12.9,55.3,161.4,55.2,40.7,76.1,54.6,15.4,19
21.8,38.5,28.7,46.8,101.5,36.7,143.4,95.4,82.9,63.3,19.7,58.2,31.3,37.5,41.5,47.9,6.5,32.7,36.6,35.0,14.0,56.5,166.0,60.5,41.0,85.3,68.6,15.8,20
21.8,37.5,30.6,44.3,92.7,37.1,142.5,88.4,82.1,63.4,19.7,57.5,32.7,38.0,41.5,47.1,6.7,32.6,37.4,32.8,13.1,53.5,167.5,58.1,39.3,72.5,64.1,15.8,22
21.0,38.2,28.5,45.2,97.0,37.3,141.4,86.5,84.0,58.5,18.7,56.0,32.0,35.4,39.3,48.0,7.0,33.4,36.7,36.5,13.4,59.7,163.8,59.0,39.7,77.9,63.5,15.8,20
20.4,33.4,29.0,43.0,101.0,35.5,136.8,86.9,81.8,61.8,18.7,54.7,29.7,35.0,37.2,45.2,6.8,29.6,34.2,32.6,12.5,52.6,158.4,65.4,38.0,83.4,63.4,15.5,19
22.3,38.6,29.5,44.1,102.1,37.4,142.8,92.7,81.1,59.3,17.5,57.6,31.7,34.5,38.6,46.6,6.7,32.8,36.9,33.7,15.0,55.0,168.0,62.5,44.5,80.0,68.4,15.1,19
22.8,37.4,32.0,45.5,96.5,40.1,145.0,89.6,82.2,58.7,18.2,55.3,30.7,38.4,42.4,46.5,6.2,30.9,34.2,34.3,14.5,57.4,166.7,60.8,45.2,83.5,68.0,15.3,19
23.7,36.7,30.3,45.5,105.3,38.4,152.0,94.6,85.9,67.9,20.4,57.0,34.0,34.1,37.7,48.2,7.7,32.9,37.8,35.9,14.2,57.8,175.8,63.5,45.1,82.5,75.1,17.2,19
24.1,39.0,32.2,49.7,113.9,42.3,146.2,95.0,84.8,66.4,18.7,58.7,34.6,41.6,42.9,47.6,6.3,34.6,38.7,35.5,13.9,57.9,168.8,70.0,42.2,96.2,85.1,17.0,21
21.6,35.5,27.0,42.6,96.5,33.3,138.7,89.5,77.5,62.5,18.3,55.8,31.5,35.1,38.0,44.1,6.2,31.4,36.9,35.1,12.1,56.8,163.6,56.7,40.9,82.3,58.2,15.4,27
21.8,37.5,31.3,44.5,103.6,40.2,136.1,91.0,76.9,66.4,18.7,58.2,32.2,37.0,38.6,45.7,6.3,33.0,36.3,31.8,14.1,52.4,160.7,64.0,39.0,84.6,70.9,15.5,19
22.0,34.5,31.0,45.0,106.2,38.0,137.4,87.6,77.8,59.5,17.7,52.8,30.3,37.0,38.8,44.8,6.7,34.0,38.2,32.9,12.8,52.8,159.4,61.6,44.5,95.9,66.4,14.5,23
23.8,36.9,31.9,46.5,102.5,40.8,143.8,96.2,79.4,61.7,20.1,56.6,32.2,38.5,41.2,46.5,6.9,34.7,39.3,34.3,13.6,55.4,169.4,61.7,45.1,90.7,75.7,16.6,22
20.8,36.8,29.4,45.0,99.3,36.2,137.3,91.0,79.4,58.9,19.4,57.8,32.0,38.2,41.0,45.3,6.0,32.4,35.6,32.8,13.6,54.9,160.6,60.4,40.1,80.7,63.2,15.6,20
22.7,36.7,30.7,43.8,98.7,36.9,144.4,86.3,83.8,58.1,18.8,60.0,31.7,33.5,37.0,47.3,6.4,32.2,36.2,35.2,14.0,58.7,168.7,59.9,43.3,85.3,67.4,16.1,20
20.7,38.4,29.8,45.8,97.8,35.9,134.7,89.6,79.9,60.5,18.2,56.6,29.1,36.4,40.0,45.5,5.7,30.2,34.2,33.6,13.2,54.4,157.4,60.7,36.2,75.3,60.2,15.1,19
21.7,35.8,28.3,43.9,96.5,35.7,136.6,89.8,78.3,59.7,19.0,55.7,30.8,35.8,38.3,44.4,6.3,32.4,36.3,33.8,12.8,55.5,160.3,55.3,40.6,83.9,61.6,16.3,23
20.6,35.6,31.0,42.9,92.2,36.3,133.9,92.1,78.1,59.7,18.1,55.2,31.2,34.0,36.7,43.5,6.3,32.5,36.3,32.4,12.9,52.4,155.9,59.3,38.5,76.2,58.4,15.1,22
21.5,38.8,31.6,47.5,104.2,38.8,142.6,91.4,78.7,65.4,17.6,57.7,31.0,39.2,41.1,44.8,6.7,33.5,37.0,34.0,14.3,54.3,165.9,62.0,42.8,86.1,71.7,15.5,21
20.3,33.8,29.9,41.8,96.0,34.4,137.9,92.0,77.4,59.8,18.8,53.6,30.8,34.8,39.0,43.8,6.3,31.9,35.8,32.6,14.8,52.8,161.4,57.0,41.9,84.5,60.6,15.5,20
22.6,37.8,29.5,44.4,99.4,40.2,140.5,86.9,79.0,62.5,19.1,54.7,32.7,37.5,40.6,45.5,6.0,32.2,37.9,33.8,12.8,56.1,163.0,60.0,41.9,81.8,64.8,16.0,22
19.7,32.2,26.5,41.3,88.5,34.4,120.9,86.0,65.3,53.2,18.3,54.0,28.1,35.0,36.0,35.6,6.2,31.7,34.2,28.1,11.2,44.4,143.5,53.7,39.8,76.0,47.8,14.6,20
23.0,37.8,32.2,46.6,103.7,38.9,143.5,95.1,82.3,65.6,19.6,59.3,32.6,35.4,38.7,46.1,7.0,34.1,37.2,34.2,14.4,55.2,167.2,63.0,43.5,88.5,75.1,16.5,21
21.3,37.5,31.5,45.6,102.0,38.0,146.3,93.6,88.0,64.2,20.0,62.0,32.4,39.4,40.6,49.0,6.7,34.1,38.2,35.9,12.9,58.9,170.8,62.5,39.9,87.2,73.9,16.7,21
21.7,37.1,28.5,45.2,99.1,38.2,142.6,101.7,77.8,63.4,18.8,57.5,31.6,42.6,43.5,45.1,7.2,33.7,38.5,33.8,12.8,54.6,167.6,54.4,45.7,88.7,68.6,16.0,23
22.2,36.1,27.4,43.6,101.8,36.3,140.5,84.4,76.8,69.4,17.7,57.6,30.5,36.6,39.9,45.3,6.2,32.3,36.8,32.6,12.9,52.5,160.9,60.6,41.4,78.8,62.0,15.4,27
24.4,35.2,30.6,45.2,105.5,43.7,136.8,100.0,75.3,61.8,18.6,56.2,32.2,36.7,38.1,43.4,7.1,33.9,37.8,33.0,12.5,52.5,159.0,63.8,45.2,93.7,74.0,15.8,21
21.7,36.2,29.6,43.4,94.6,35.5,139.3,83.2,80.9,62.8,19.2,57.1,29.6,36.8,40.1,44.7,6.9,33.2,37.7,35.5,14.3,55.3,162.9,55.2,40.3,79.8,59.8,15.7,18
21.7,36.1,30.6,43.4,98.7,37.4,136.1,88.8,78.1,63.2,19.2,56.3,32.0,33.0,37.0,45.5,6.3,32.7,36.4,33.7,13.0,55.4,159.8,61.0,39.4,82.6,64.5,15.8,25
20.5,34.0,28.0,40.9,93.9,35.5,134.4,89.5,80.4,54.8,17.6,58.8,30.7,34.7,37.2,44.5,6.5,30.7,34.5,33.4,12.6,55.6,156.0,55.8,38.6,76.1,56.3,14.5,19
21.2,37.6,32.0,44.3,95.9,38.8,146.8,91.9,83.7,59.0,19.1,54.8,31.7,35.1,38.5,47.5,6.6,33.7,37.3,34.4,13.6,56.5,168.8,59.8,47.2,82.2,68.6,15.6,38
20.5,39.7,30.1,47.4,97.0,35.4,149.2,90.6,87.0,62.6,19.7,58.4,31.7,38.3,43.0,49.1,6.8,35.5,40.1,35.7,16.0,58.1,174.5,59.1,43.7,80.3,69.6,16.3,21
20.3,36.0,31.9,43.6,95.5,34.9,143.7,86.5,85.1,59.7,19.5,56.3,31.9,38.4,41.5,48.8,6.5,32.6,36.5,34.2,13.2,57.0,167.3,58.8,39.9,79.1,63.1,16.5,28
21.7,39.1,31.6,46.5,103.5,36.5,141.8,95.0,80.6,64.8,18.7,57.1,32.4,41.9,44.4,45.9,6.2,33.7,39.3,33.1,14.5,55.5,166.2,64.1,42.0,84.6,72.9,16.2,27
19.0,37.1,27.9,44.9,88.9,34.1,134.8,90.6,73.0,62.2,18.0,55.5,28.6,34.8,37.6,42.8,6.6,33.1,38.1,32.3,13.6,51.4,157.6,51.7,42.8,76.2,54.8,14.9,20
19.7,35.8,28.2,43.1,95.4,35.9,146.7,90.8,85.3,61.0,18.8,54.0,31.1,35.1,36.6,47.3,6.7,30.6,36.0,35.8,13.0,57.6,172.0,58.5,44.0,86.0,65.0,15.8,28
22.5,38.8,30.7,45.6,103.3,38.1,146.0,90.6,83.2,66.3,19.8,56.4,32.4,35.2,39.1,47.8,7.1,31.1,35.0,34.9,14.7,57.0,170.1,59.5,41.9,86.7,70.0,15.8,19
19.8,35.5,27.3,43.6,93.0,36.4,138.6,81.5,78.0,61.5,17.6,57.0,29.8,35.5,38.6,44.1,6.3,31.5,34.8,33.8,13.5,54.7,162.0,54.0,41.6,79.3,58.0,14.6,21
22.7,38.5,30.0,47.8,104.4,37.3,145.2,95.2,79.6,67.9,17.9,56.7,32.8,39.5,41.5,47.2,7.0,34.7,37.9,34.0,14.1,55.4,167.0,62.8,42.2,92.8,73.8,16.0,18
19.5,36.0,23.0,39.8,85.3,33.0,139.3,77.5,78.7,59.7,18.2,55.8,29.6,36.0,38.5,44.9,6.1,29.8,34.0,34.1,12.0,54.6,163.0,47.6,39.5,67.2,47.8,14.4,18
21.6,35.2,29.1,42.4,95.8,34.6,140.5,81.5,79.7,60.4,18.0,54.2,29.8,34.6,37.0,45.1,6.1,31.0,34.9,33.9,13.2,53.8,163.6,57.1,41.0,78.5,58.3,15.2,20
25.4,36.7,32.8,47.3,117.7,45.5,148.3,95.6,83.5,69.3,19.7,59.1,34.5,35.0,37.4,49.1,7.1,34.8,37.5,34.3,11.5,56.0,171.4,72.8,45.8,91.6,84.9,16.9,22
23.3,37.5,28.8,45.2,102.7,40.7,144.4,92.7,85.3,61.3,19.2,57.4,33.7,37.5,40.1,47.9,6.0,30.4,33.6,35.4,13.7,57.1,170.2,65.5,42.0,85.4,73.2,15.3,20
20.7,35.7,27.4,42.8,98.1,38.0,137.9,85.5,78.0,61.5,17.8,55.1,29.5,34.2,37.0,43.9,5.7,31.1,34.2,32.4,11.9,52.3,159.0,61.4,40.5,77.8,60.9,15.0,18
22.7,35.5,30.0,43.5,103.1,38.9,141.9,90.0,79.5,63.4,17.7,55.8,31.0,37.3,39.7,45.0,6.7,31.4,35.3,33.1,14.0,54.1,164.3,59.8,43.5,77.1,65.4,15.2,20
22.5,39.6,30.7,47.9,110.1,40.5,152.4,94.6,86.8,67.4,18.9,57.7,33.3,44.2,45.9,50.6,6.8,35.5,41.8,35.9,13.7,59.9,176.9,65.8,44.2,89.7,83.2,16.4,33
20.4,37.1,28.9,44.6,97.0,35.7,132.5,88.2,74.5,56.6,19.2,54.3,30.5,37.5,39.6,42.6,6.2,32.4,36.2,32.3,14.2,50.9,154.9,58.1,41.3,82.2,59.1,15.7,18
22.9,39.6,33.9,50.4,98.5,40.7,130.5,97.3,69.8,61.2,19.0,56.0,31.1,39.7,42.0,41.5,6.4,33.9,38.4,30.3,15.2,49.9,153.3,59.9,40.0,93.5,69.5,16.5,18
20.7,34.4,27.8,42.0,96.4,37.2,136.9,84.8,76.8,61.5,17.7,57.3,30.0,33.1,36.7,43.8,6.2,33.3,36.9,33.6,12.5,54.7,159.2,58.5,40.2,82.8,60.9,15.3,19
21.2,37.8,31.3,45.4,97.5,36.7,137.7,90.3,77.8,62.1,19.7,56.7,31.2,38.5,41.7,44.8,7.0,33.1,36.4,33.2,14.2,54.5,160.9,58.8,43.5,84.1,65.0,15.8,21
21.8,35.9,28.0,42.6,93.3,35.1,133.1,81.5,73.9,62.9,18.8,57.7,29.2,33.4,36.4,43.0,6.0,31.0,34.4,32.1,13.3,51.4,156.9,55.2,39.3,75.4,55.0,15.3,18
21.8,37.8,29.8,45.5,101.7,38.2,135.5,88.3,75.5,62.7,18.9,55.9,30.7,39.0,41.1,42.5,6.3,33.4,37.8,32.8,12.9,51.0,158.6,63.8,41.4,86.5,65.9,15.5,37
21.8,36.4,32.1,45.5,105.9,39.5,134.0,90.2,75.7,62.5,19.2,55.3,31.7,34.1,36.9,43.4,6.6,32.9,37.8,32.8,13.5,51.4,157.4,62.9,40.5,82.7,70.1,15.8,42
22.2,36.2,32.7,46.7,101.2,37.6,136.5,93.0,74.7,66.7,18.7,56.9,31.8,40.6,42.5,43.4,6.5,33.5,38.6,32.1,12.9,52.7,161.7,61.2,42.0,88.7,68.9,15.0,21
21.5,36.8,27.5,43.1,97.2,36.3,136.4,86.6,79.2,56.0,18.3,60.8,31.2,35.2,38.5,43.5,5.8,31.4,35.6,34.0,14.0,55.5,158.9,59.5,43.3,83.6,60.7,15.5,20
22.5,35.7,34.3,46.5,104.0,38.0,143.8,93.1,86.4,61.0,19.1,57.4,33.0,34.2,36.3,49.3,6.2,33.8,38.6,33.8,11.1,57.2,167.9,64.8,41.8,91.7,73.6,16.2,23
19.2,37.3,26.4,41.0,91.5,33.8,145.5,82.6,83.2,59.3,17.5,51.9,29.4,37.0,40.6,47.2,6.8,30.5,37.9,35.0,14.2,56.1,170.0,53.0,41.4,73.9,56.4,14.5,21
21.5,38.4,26.4,42.8,93.1,33.8,137.8,84.7,75.4,59.0,18.8,57.9,31.0,34.9,38.6,44.5,7.3,32.6,37.1,33.9,14.3,51.6,162.3,53.6,42.5,77.9,56.6,15.7,20
21.5,38.1,31.6,44.1,98.1,38.6,142.9,85.7,82.1,62.9,19.1,60.7,31.2,35.5,38.8,46.2,6.4,32.7,37.0,34.9,13.1,56.6,167.7,59.0,40.6,77.5,68.1,15.9,22
21.0,36.8,31.0,45.6,101.8,36.6,135.9,92.0,76.9,64.8,18.4,56.4,30.9,36.1,38.3,44.5,6.3,31.5,35.9,32.9,14.0,54.9,159.8,63.0,40.2,86.0,66.0,15.0,19
20.3,37.6,27.7,42.4,89.8,35.2,138.9,78.4,80.7,57.9,19.5,55.0,30.9,32.4,37.0,45.1,6.3,30.8,35.7,34.5,14.0,57.4,162.5,49.8,40.0,70.0,53.6,16.0,23
21.3,36.8,27.4,42.2,96.3,36.1,146.0,84.0,86.1,63.6,19.2,57.5,32.3,37.5,41.7,47.8,6.7,33.2,36.9,34.0,14.1,57.6,168.5,58.7,43.0,81.2,64.7,16.6,19
22.4,38.3,30.9,45.5,105.9,38.7,142.8,102.5,78.7,65.7,19.3,55.8,32.7,34.6,37.8,46.2,6.7,34.3,37.6,32.8,15.2,54.8,168.5,64.9,43.6,90.8,77.6,16.5,33
21.7,37.8,28.0,42.4,89.8,34.3,142.5,79.4,82.3,56.7,18.3,55.5,30.2,33.7,39.9,45.9,6.6,32.4,36.9,33.2,14.0,54.2,162.3,56.2,43.4,73.3,56.3,15.0,27
21.9,36.8,31.0,45.4,99.4,35.5,144.1,94.5,82.8,60.6,18.1,53.4,31.2,33.7,37.1,46.8,6.3,32.7,36.4,35.0,13.5,57.1,167.4,57.9,41.2,90.4,67.5,16.1,20
21.3,36.7,28.8,42.7,95.9,36.7,141.0,89.0,80.1,62.4,18.5,55.0,30.0,31.0,33.3,45.6,7.0,30.9,35.5,34.2,12.8,54.1,165.3,57.3,42.0,81.4,60.4,15.0,21
18.5,34.3,26.5,43.1,96.5,31.3,135.0,95.7,74.1,57.3,17.5,52.6,28.1,35.0,36.5,41.6,6.5,30.6,36.3,30.8,12.1,50.6,158.7,54.8,43.7,87.2,54.2,14.1,21
20.3,35.9,30.7,45.8,107.1,36.0,135.4,100.8,76.5,56.5,17.9,55.7,29.0,34.5,39.8,44.3,6.4,33.8,39.3,32.8,13.5,51.5,159.5,62.8,44.0,98.0,66.4,15.0,31
22.7,35.2,34.1,48.7,109.6,38.1,133.9,99.8,72.3,58.3,17.6,54.6,30.7,38.8,38.8,42.0,5.8,33.9,37.1,31.9,12.4,50.8,156.3,68.5,45.2,104.6,74.4,15.3,22
21.4,37.5,27.7,45.1,98.0,34.8,143.4,90.9,79.6,60.5,19.6,54.8,32.5,40.1,42.7,47.2,7.5,33.1,38.6,34.7,13.3,56.4,167.4,55.7,42.3,84.1,62.1,15.4,28
21.8,33.7,29.8,43.3,97.7,37.7,121.8,98.2,61.7,58.5,17.7,53.5,27.7,34.0,36.1,36.0,6.0,32.3,35.5,28.1,12.8,46.2,143.9,60.8,40.2,82.4,58.5,13.7,29
21.9,35.8,33.8,47.4,107.4,39.3,147.9,101.8,82.2,64.8,19.6,56.2,31.8,38.5,40.7,47.2,7.3,35.4,40.0,36.3,12.8,58.9,171.8,65.4,45.8,95.5,81.0,16.1,30
19.4,35.9,27.0,42.0,93.0,32.5,134.0,79.6,71.0,59.5,18.3,54.6,28.4,35.5,39.4,40.6,6.1,30.8,35.6,33.4,13.9,54.0,158.9,52.2,42.7,71.7,51.1,14.9,24
21.6,39.0,33.3,50.0,103.0,37.6,140.5,111.2,78.3,56.9,18.6,55.1,31.4,44.3,46.4,45.9,6.7,35.7,39.6,32.8,14.4,53.3,164.5,60.8,44.0,96.4,71.7,15.4,39
21.2,38.4,27.8,45.8,100.5,35.8,144.5,91.3,81.3,59.3,18.5,55.4,31.1,38.9,42.3,46.2,6.5,31.8,37.5,35.0,14.2,56.5,167.7,58.0,43.7,75.8,60.7,15.0,21
21.2,32.7,29.6,41.9,103.0,36.0,130.7,88.4,72.3,62.8,17.9,52.4,28.1,33.5,35.0,41.1,6.0,30.4,34.9,30.7,11.9,50.0,155.2,60.1,36.4,82.9,59.1,14.4,20
19.7,36.0,28.5,45.4,100.5,36.0,131.8,107.3,73.0,54.0,19.0,55.4,29.0,38.6,40.5,42.1,6.9,36.1,39.0,31.4,13.6,50.3,152.3,57.5,42.7,99.9,63.6,15.2,25
19.7,33.8,32.2,47.4,108.8,36.9,138.8,101.2,77.8,60.1,19.3,56.2,30.7,39.2,40.0,45.2,6.8,33.0,38.2,34.9,12.8,56.6,161.2,68.3,44.3,94.1,71.5,15.6,36
19.6,35.5,27.4,42.0,94.6,33.9,140.0,91.7,82.1,57.7,18.7,56.0,29.9,34.0,36.3,46.9,6.8,32.0,38.0,34.7,12.9,55.9,164.2,55.9,37.7,77.6,57.4,15.7,43
23.0,35.9,28.4,45.1,100.3,37.8,147.8,97.9,85.1,60.3,19.2,55.7,32.5,37.4,41.0,47.7,6.8,33.0,38.0,36.4,12.4,59.2,173.2,61.5,43.2,82.2,71.6,16.7,25
19.5,36.4,27.6,42.1,93.1,33.7,135.3,87.7,76.9,58.6,18.2,54.5,29.5,34.1,36.9,44.1,5.7,30.7,35.2,33.0,13.4,53.3,160.0,56.8,39.6,75.2,54.0,14.9,23
21.1,33.7,23.5,39.0,81.5,35.4,118.4,82.4,64.0,53.7,17.0,54.4,27.3,34.0,36.9,35.0,5.5,30.0,34.1,27.2,12.0,45.0,140.9,49.3,38.4,71.6,42.6,14.0,27
21.2,35.1,28.7,41.4,92.6,36.4,139.2,88.9,78.9,54.5,19.0,56.6,30.4,30.0,33.5,43.3,6.0,31.0,34.9,34.7,12.9,55.5,162.0,54.5,42.3,75.9,58.5,15.6,28
22.4,41.1,31.7,49.4,111.2,39.2,152.3,96.0,89.9,65.2,19.3,55.0,33.2,39.4,43.6,49.8,6.2,34.1,38.6,36.4,15.5,60.0,174.6,68.6,46.5,89.8,82.8,16.6,22
21.1,36.7,30.4,45.2,105.5,40.9,144.7,98.3,91.1,58.0,19.7,61.9,32.2,35.4,39.0,52.0,7.1,33.0,37.4,34.7,13.5,59.8,168.8,64.6,39.5,85.2,74.0,16.5,22
24.1,36.9,34.0,47.5,105.4,43.2,138.5,97.6,74.2,65.9,18.6,54.9,31.3,40.5,41.3,42.8,6.9,34.2,39.1,31.7,13.4,50.0,160.6,66.8,43.9,92.0,76.5,16.8,19
25.2,37.6,37.1,48.0,113.0,44.5,142.3,102.9,79.5,70.0,20.2,56.3,33.0,39.2,40.0,47.0,7.2,33.9,38.3,32.8,13.3,54.1,165.8,69.3,43.5,104.7,85.2,17.7,26
21.9,34.8,32.8,44.9,106.6,37.0,136.2,91.5,75.1,61.0,18.5,53.4,29.5,33.7,37.8,42.9,6.0,31.9,35.6,33.2,12.7,54.6,159.0,65.1,44.7,90.4,67.1,15.9,27
22.7,39.0,31.3,46.1,106.0,38.9,153.0,92.2,85.0,62.7,19.0,54.5,31.9,38.2,40.9,48.6,7.3,32.7,37.7,35.4,13.9,56.5,178.1,65.1,47.5,87.5,76.0,16.2,24
21.9,34.6,29.0,42.6,106.2,38.6,144.9,99.2,80.7,66.0,19.7,57.4,31.1,36.5,39.0,46.1,6.4,34.3,38.4,35.4,13.0,57.7,169.0,64.0,45.0,85.0,69.5,16.2,26
22.3,39.3,31.1,47.2,107.9,39.5,141.7,101.5,83.0,58.6,18.5,54.4,30.8,39.0,41.5,47.9,6.9,34.4,38.5,34.9,14.8,56.0,165.4,65.6,44.8,98.7,75.4,16.1,25
23.0,37.8,30.2,44.5,107.9,38.5,134.7,94.5,73.5,64.8,18.4,55.9,29.6,31.7,35.0,41.5,6.5,31.7,37.2,31.8,13.4,51.6,158.3,62.9,40.6,87.0,66.3,15.9,22
19.3,35.0,27.0,41.8,91.2,32.3,129.9,84.3,75.0,52.1,17.6,52.8,28.5,36.5,39.5,41.8,6.1,28.9,33.1,30.9,12.7,50.4,152.3,52.9,39.2,74.3,48.0,14.5,42
22.1,38.6,33.5,47.7,110.0,41.5,145.0,109.6,82.2,63.5,19.2,55.2,32.4,37.0,40.1,45.5,6.6,33.3,37.9,35.7,14.5,57.6,168.5,67.7,44.5,91.0,83.0,16.0,24
22.5,37.3,30.2,44.4,109.5,38.5,146.2,97.4,87.7,60.5,18.6,57.3,31.4,36.7,41.1,49.6,6.6,33.3,35.4,35.0,14.5,56.9,167.2,65.3,43.5,96.4,75.6,15.8,25
22.7,38.8,33.1,49.0,104.6,39.6,141.2,103.2,81.0,61.5,19.5,57.2,34.8,41.7,44.0,46.5,6.7,34.2,39.1,33.5,13.9,54.4,164.1,62.6,43.2,93.4,78.4,17.0,45
20.4,39.0,28.9,44.1,98.5,36.3,140.3,88.2,78.8,61.7,17.8,55.5,29.6,38.0,42.2,45.0,6.6,30.0,35.2,33.2,14.7,54.0,164.4,58.5,40.5,78.0,59.4,14.8,30
21.3,36.0,34.4,46.8,110.4,40.2,136.8,101.3,79.7,58.5,18.5,55.9,31.0,41.0,41.7,45.0,5.9,33.7,37.2,34.3,12.9,57.1,159.7,66.9,43.7,95.1,76.6,15.6,41
21.4,38.9,32.1,46.2,96.9,35.8,148.9,89.9,87.7,62.8,19.1,57.1,31.9,38.0,43.0,49.3,6.6,32.2,35.8,35.5,15.4,57.9,173.2,59.4,41.5,79.5,67.8,16.4,38
19.7,33.9,29.0,41.4,90.7,34.4,128.7,84.7,72.0,52.4,18.0,55.3,27.4,31.6,34.9,40.0,4.9,31.7,36.4,31.7,12.3,51.2,152.9,50.4,39.9,81.5,51.7,14.2,33
21.6,38.7,30.4,42.4,101.5,36.9,138.1,95.3,77.1,58.4,18.7,53.4,29.7,34.8,38.6,42.6,6.2,32.1,36.9,33.5,14.0,54.2,162.0,60.0,43.8,84.8,66.2,15.5,44
21.2,33.9,30.2,45.9,96.6,35.3,140.4,99.3,78.6,66.9,18.1,55.6,31.7,38.9,40.3,44.3,6.5,34.2,37.5,33.8,12.6,54.4,164.3,57.1,39.5,79.7,66.5,15.6,40
20.2,35.4,30.4,43.4,96.1,36.6,133.4,89.7,74.2,50.2,16.9,55.0,28.3,35.7,39.6,41.7,5.7,33.4,36.4,31.5,12.9,50.5,155.6,59.3,45.0,92.7,61.3,14.7,28
21.7,38.0,32.2,45.7,108.6,38.5,140.1,101.5,80.6,57.9,19.5,53.4,32.3,38.2,40.9,46.9,7.0,31.9,36.1,34.9,15.5,55.8,163.0,64.5,44.7,98.6,72.9,16.4,45
21.5,36.2,33.3,43.8,110.3,36.8,137.4,92.4,74.3,67.7,17.1,57.0,30.5,37.5,39.4,44.1,6.5,32.4,35.5,33.5,13.8,54.0,161.4,63.2,41.5,88.4,70.1,15.0,36
19.1,32.7,24.2,38.0,87.2,33.3,122.6,73.7,66.7,59.7,16.5,54.5,27.0,34.0,36.7,39.4,5.9,28.5,32.2,29.0,12.4,46.0,146.4,51.7,37.0,67.3,42.6,13.9,22
21.4,39.8,31.0,47.3,103.9,37.2,150.2,96.2,85.4,66.8,20.4,57.4,31.9,40.6,44.6,48.3,6.9,34.4,38.7,35.8,15.6,57.8,174.9,60.4,43.4,81.0,72.9,16.2,32
25.0,35.7,32.6,45.4,107.6,40.9,139.3,99.8,76.8,63.6,18.6,55.2,30.3,39.2,41.0,43.5,6.4,34.7,39.0,34.4,13.0,54.0,161.8,66.3,47.1,93.3,76.1,15.9,42
19.6,36.4,32.9,43.3,107.7,38.3,139.8,93.7,81.5,60.1,18.1,56.1,28.8,37.4,38.9,45.8,7.0,33.3,36.0,34.0,13.7,54.5,163.1,67.2,44.4,99.5,71.9,14.6,39
22.7,39.0,33.9,47.2,110.0,38.9,148.0,100.4,81.7,63.0,20.7,53.6,33.7,37.7,42.5,46.9,6.9,34.3,38.5,35.0,15.4,56.9,170.4,67.2,49.2,96.6,79.4,16.9,25
22.1,38.0,29.9,46.5,103.6,37.2,143.4,92.4,78.9,62.5,19.4,57.4,32.5,38.1,39.9,45.5,7.2,35.3,38.8,33.4,12.6,53.1,166.9,59.7,44.8,87.4,70.5,16.1,48
21.1,36.1,34.6,47.9,104.4,39.3,135.5,102.3,76.8,56.6,18.5,55.7,29.9,36.1,38.2,45.1,6.0,33.6,39.2,32.1,13.1,52.3,158.6,63.2,47.0,101.3,72.7,15.6,41
21.8,37.5,29.3,41.5,99.8,35.7,137.7,88.7,79.1,65.7,19.7,53.5,32.4,31.9,35.3,45.4,6.8,31.4,36.5,32.7,14.2,52.6,160.2,60.6,37.6,73.5,60.9,16.1,26
21.1,37.4,37.6,49.5,113.0,39.4,138.6,95.0,76.2,61.8,19.2,55.5,31.3,37.9,40.7,44.1,6.8,35.6,40.7,32.2,11.9,52.6,162.0,69.3,46.9,107.2,80.0,15.6,31
22.0,35.7,29.4,43.3,104.6,36.8,136.8,91.7,79.0,61.9,17.0,57.2,30.7,37.4,38.0,45.8,7.0,31.2,35.0,31.6,12.0,50.9,157.5,60.9,39.8,83.4,62.5,15.2,22
23.3,36.2,34.3,46.3,116.7,40.4,129.2,105.2,71.0,62.3,16.9,56.9,28.6,37.5,40.0,41.8,5.7,34.0,37.4,31.0,12.8,49.6,151.3,69.7,43.9,106.5,76.8,14.8,29
20.0,35.4,30.1,44.9,97.3,35.3,134.2,86.8,78.0,57.3,17.7,53.7,29.4,34.9,38.0,42.8,6.3,30.9,35.2,32.0,12.9,51.0,157.3,59.3,40.5,81.8,57.8,15.3,24
21.0,37.2,29.4,45.4,99.0,36.8,142.2,86.1,82.4,61.9,18.2,55.5,31.3,37.5,41.2,46.6,7.0,32.1,36.4,34.1,14.7,54.5,164.9,58.7,41.7,82.8,63.9,15.5,29
22.1,37.8,33.1,46.4,104.0,37.8,140.6,98.0,78.7,65.0,19.8,59.4,33.8,39.8,41.3,46.5,6.2,35.5,38.8,34.2,13.8,56.5,165.7,64.9,45.4,94.5,74.9,16.3,36
21.7,38.0,31.8,46.1,100.2,38.0,130.6,94.5,75.6,56.2,17.5,56.4,29.7,38.1,40.7,41.6,6.2,32.7,39.0,31.5,14.1,52.7,153.8,60.4,41.1,90.0,65.0,15.1,31
19.5,33.8,28.6,40.7,103.3,34.4,145.1,85.7,86.3,63.5,18.2,58.0,30.1,30.3,32.5,48.5,6.2,30.6,34.7,36.4,12.6,57.5,168.4,61.6,40.5,83.1,63.3,14.8,41
19.7,33.4,29.2,41.0,93.2,32.5,131.6,88.5,75.0,56.6,17.4,54.1,29.6,32.1,35.1,43.5,6.3,31.7,36.5,31.4,13.4,52.4,155.0,55.4,40.4,82.2,52.6,14.4,23
21.1,36.5,35.8,47.1,111.7,39.2,137.8,99.4,78.2,57.7,19.2,54.5,30.4,44.1,44.7,45.7,6.1,31.7,36.2,32.3,13.2,53.3,163.0,67.1,44.5,102.1,76.6,15.4,42
23.1,40.0,39.0,51.4,114.8,41.2,147.6,120.2,91.2,55.3,18.7,56.2,33.8,43.0,43.0,50.8,5.9,34.6,39.5,36.2,14.0,59.4,169.3,71.4,46.0,115.7,93.4,15.3,35
20.4,37.0,31.6,46.4,104.2,36.2,133.5,98.2,76.3,57.2,18.0,56.7,31.7,38.1,40.0,43.3,5.8,33.5,39.0,31.7,13.2,53.5,155.7,63.5,42.5,86.1,66.7,14.9,30
23.5,36.9,31.1,43.2,97.1,37.3,138.2,88.2,75.3,61.8,18.2,55.4,30.5,37.8,40.0,41.8,6.6,31.2,36.0,31.7,13.0,50.5,162.7,60.3,42.8,76.5,62.2,15.4,24
22.4,39.1,38.3,50.8,107.8,40.3,144.7,120.8,82.7,57.2,20.5,60.0,32.6,44.0,45.1,46.9,6.0,38.4,43.1,35.7,13.6,58.5,166.6,67.2,47.8,108.5,94.2,17.4,34
21.6,38.0,30.6,46.3,99.5,37.0,137.1,93.0,77.4,57.1,18.4,57.7,30.4,36.4,39.5,45.2,6.7,32.7,37.9,33.6,12.6,53.7,159.9,57.9,42.5,88.0,64.1,15.2,26
19.1,33.1,31.8,43.6,107.4,35.3,132.8,98.5,76.0,55.9,17.6,57.6,28.8,34.8,36.1,43.3,6.0,32.2,35.9,32.3,11.7,52.7,154.7,65.9,44.9,101.2,69.2,14.7,30
22.1,36.9,29.6,41.5,100.6,37.2,140.0,92.2,78.3,54.0,19.9,56.3,30.2,36.0,39.5,44.9,6.8,33.4,38.2,33.7,13.2,54.6,163.6,60.5,43.9,83.1,64.6,15.7,33
21.0,34.7,27.4,39.9,91.6,36.8,132.7,88.9,75.0,53.0,18.8,53.4,30.3,33.5,36.8,42.1,6.2,32.0,37.0,31.3,13.3,48.9,154.7,53.6,43.3,79.7,52.5,15.0,43
18.4,31.2,24.0,35.8,91.8,29.8,140.7,79.2,80.7,56.7,17.4,52.3,27.8,31.3,34.0,44.3,6.7,31.1,34.6,33.9,12.7,51.2,162.9,49.5,43.9,76.2,49.0,14.7,32
20.2,35.4,35.2,47.7,110.8,39.0,134.3,99.7,74.7,60.0,18.2,60.2,30.3,35.5,39.0,42.5,6.0,33.8,38.7,31.3,13.1,50.1,156.0,69.6,49.0,92.2,74.9,14.9,31
23.8,36.0,31.7,47.7,109.2,39.6,150.2,105.1,87.2,59.5,20.2,57.0,34.9,35.7,37.3,49.6,7.5,33.0,39.7,37.5,12.9,60.3,175.1,65.4,46.5,103.5,85.2,16.9,26
23.3,36.4,34.8,45.2,108.3,40.7,139.5,90.8,77.5,59.4,18.9,56.5,33.7,35.2,37.5,45.9,6.5,34.2,38.0,33.2,13.2,54.5,162.5,68.8,46.5,101.2,77.2,16.1,36
19.8,36.5,32.1,46.7,98.6,34.6,133.4,96.4,76.4,57.2,18.4,59.0,30.5,37.0,39.1,42.8,6.3,32.0,34.8,30.9,14.0,52.2,157.3,61.7,38.8,86.4,64.3,14.8,31
20.4,31.1,34.8,44.8,107.9,37.8,136.4,98.0,79.0,58.5,18.7,54.0,29.4,39.3,37.5,44.1,6.4,34.0,38.7,33.7,11.7,52.4,159.9,68.6,41.6,96.2,72.2,15.9,29
21.4,36.1,33.1,48.2,98.3,38.7,131.6,97.2,71.2,59.8,18.2,56.9,29.3,40.5,41.5,39.9,5.5,33.3,37.2,31.3,12.3,50.7,154.7,59.9,41.5,91.4,69.3,15.2,31
21.8,39.0,30.5,45.2,109.4,36.3,148.0,92.1,82.1,67.8,19.7,55.0,33.0,33.5,38.1,47.5,7.0,33.9,39.1,36.2,13.5,57.7,173.5,63.6,43.1,86.2,73.7,16.1,25
21.6,37.8,30.2,45.9,104.5,37.2,142.9,100.3,80.1,59.0,18.2,55.7,30.7,37.0,38.3,47.3,6.3,33.7,38.2,35.4,12.9,57.6,167.0,62.5,44.0,95.7,72.5,15.0,24
22.3,38.4,35.7,49.0,114.7,40.6,142.1,103.5,78.5,70.0,18.3,55.7,33.1,40.0,41.9,45.8,6.9,34.1,39.6,34.0,13.9,55.4,167.8,69.6,39.9,89.7,81.6,15.9,22
21.0,36.1,28.5,40.9,96.4,33.5,137.0,86.3,76.2,58.0,19.3,55.5,31.4,34.5,39.1,42.3,6.5,30.1,35.0,33.5,13.9,53.6,160.4,58.1,43.0,81.2,57.0,15.5,31
23.1,33.3,29.2,42.0,99.8,37.4,139.5,93.9,79.1,61.4,19.7,55.7,33.7,37.0,39.0,46.4,7.2,33.1,38.0,32.6,12.0,54.5,163.1,56.7,44.4,86.5,66.0,16.4,38
20.5,37.2,32.1,47.6,119.0,35.5,144.9,98.0,86.0,60.0,18.0,61.8,32.5,42.3,42.7,47.6,6.9,33.9,36.5,34.1,14.1,54.4,168.4,71.6,46.0,105.4,80.4,15.1,40
23.9,36.3,32.0,45.4,116.3,42.8,147.0,103.0,81.7,65.7,18.3,58.3,32.3,39.7,40.6,47.0,6.9,33.8,37.2,37.5,12.9,58.6,171.5,67.4,46.9,97.3,85.2,15.3,38
20.3,35.6,31.0,44.9,96.6,35.2,140.9,103.5,80.0,55.7,18.0,55.5,31.2,38.1,39.5,44.8,7.3,33.4,36.3,33.0,13.0,52.5,163.5,53.6,44.6,94.7,66.2,15.2,44
20.8,36.7,32.0,45.1,104.1,36.1,143.8,93.3,82.2,58.5,18.6,56.5,32.8,38.6,41.6,48.5,6.3,33.6,38.4,33.0,13.0,55.6,166.6,62.9,45.3,90.2,70.6,15.9,29
20.0,36.9,27.3,43.1,90.9,33.7,147.6,86.0,86.8,56.0,17.9,53.8,32.1,36.8,40.0,49.3,5.9,32.2,36.7,36.4,13.6,58.2,170.5,53.3,42.9,78.2,57.7,16.1,23
18.5,37.4,27.8,42.2,90.5,29.7,139.9,87.3,83.5,54.4,16.5,56.2,29.0,38.8,41.8,46.5,5.5,33.4,37.4,33.6,13.3,56.8,162.9,53.5,39.4,75.5,52.6,14.2,26
19.9,37.5,33.0,47.8,109.8,37.2,147.7,97.6,83.3,64.1,19.2,60.9,30.6,39.0,41.1,46.3,6.9,35.9,40.2,35.0,12.5,55.5,171.8,69.5,47.8,99.0,80.8,15.7,24
21.8,38.6,35.1,49.7,112.6,41.3,138.0,100.3,77.7,66.2,19.5,56.5,32.4,43.2,44.0,44.7,7.3,37.0,39.4,36.3,14.1,58.1,162.6,71.2,41.5,97.2,83.4,16.3,33
21.3,38.8,33.0,49.0,106.9,38.2,139.5,95.1,79.3,63.0,19.4,57.6,31.7,38.7,41.0,46.8,6.3,35.9,39.4,32.2,13.8,53.7,161.6,68.3,44.6,92.2,75.0,16.0,24
19.0,33.5,29.4,42.7,103.1,32.6,137.5,92.4,73.3,65.8,18.5,52.6,29.4,33.4,34.2,42.8,5.3,31.6,35.8,33.0,11.8,53.5,160.2,60.2,42.4,89.5,61.9,14.3,38
23.6,35.8,29.0,43.2,103.4,37.8,142.1,96.6,80.7,61.1,19.1,53.6,31.1,39.2,40.8,45.9,6.6,30.6,35.0,34.0,12.8,56.5,166.7,63.1,46.4,88.5,67.5,15.6,41
22.5,36.3,31.6,45.8,102.3,37.8,142.3,102.2,80.0,64.5,17.9,57.6,30.6,40.0,41.4,44.1,5.8,35.5,38.5,35.5,12.8,56.4,164.5,61.3,43.6,91.0,70.2,15.3,41
21.5,37.2,29.4,45.5,100.0,35.5,144.4,94.7,81.8,64.2,19.2,54.5,32.5,37.0,40.3,47.6,7.0,33.8,37.6,33.8,14.0,57.5,167.0,59.0,42.2,82.7,65.9,15.9,26
21.6,36.1,31.1,43.8,108.5,39.3,139.5,94.1,78.3,63.0,17.9,59.2,31.4,37.6,40.0,44.0,5.7,31.8,35.2,33.0,13.9,54.8,162.1,64.3,41.5,84.0,71.2,15.6,42
24.5,38.0,40.5,51.7,119.6,45.3,146.7,106.6,84.2,69.2,20.6,57.0,34.7,40.8,41.5,47.9,7.3,35.2,38.4,34.1,13.3,57.8,172.1,77.6,42.7,103.2,102.8,17.0,40
22.2,35.6,37.1,47.4,106.1,37.6,137.4,109.1,76.2,66.7,19.4,52.7,31.3,37.7,38.8,44.2,6.9,37.0,39.3,32.8,13.0,53.8,160.6,64.0,42.5,90.3,75.9,17.2,54
21.4,38.7,28.0,47.4,100.5,38.7,133.7,95.3,73.2,62.0,19.3,58.0,30.1,39.7,41.8,42.1,6.3,32.9,36.4,32.2,13.6,52.6,156.7,57.8,41.0,87.5,65.9,15.4,23
21.4,37.4,28.7,44.9,97.9,38.7,146.8,90.4,82.6,60.0,19.3,58.0,30.1,40.5,42.5,46.5,6.3,32.0,36.9,33.9,13.1,56.0,172.0,57.6,44.3,79.0,64.4,15.4,28
22.5,36.6,29.7,42.9,106.3,39.7,138.5,90.0,75.3,62.7,19.3,57.0,31.8,37.3,39.7,44.3,7.2,32.5,36.8,32.5,14.4,52.7,163.9,65.8,43.2,87.5,68.9,16.0,38
24.5,37.1,35.7,46.2,111.0,41.3,148.8,101.3,85.3,71.6,19.7,55.8,37.6,41.0,42.6,50.6,7.1,33.7,37.7,36.1,13.4,58.5,173.0,71.1,42.0,98.3,86.3,16.7,42
23.2,36.7,38.4,50.2,116.8,44.0,144.7,114.7,82.4,65.2,20.0,55.4,32.3,45.2,44.9,47.7,6.3,37.8,42.0,33.4,13.9,54.1,168.2,70.7,46.5,113.9,94.9,17.2,37
19.6,35.5,29.0,43.6,99.5,34.6,147.3,87.4,82.5,63.5,18.3,56.0,31.6,39.0,41.5,47.7,6.8,33.8,37.7,34.9,14.4,55.4,172.0,60.4,45.9,79.2,63.0,14.9,51
24.4,41.9,37.0,54.0,118.1,44.4,153.2,121.4,88.0,63.5,21.3,61.0,36.0,44.9,47.5,51.3,6.8,39.7,44.8,36.5,14.8,60.1,178.3,73.0,48.3,113.3,106.9,17.6,44
22.0,36.2,28.8,43.8,99.1,37.0,139.9,89.3,78.7,58.5,18.2,58.4,31.6,34.8,38.5,45.1,6.2,31.4,35.9,33.7,13.3,54.4,164.1,58.3,41.8,88.1,63.9,15.5,22
23.3,33.8,32.3,43.5,110.1,37.7,133.7,90.2,71.8,63.0,19.5,55.8,29.3,37.5,39.2,40.8,5.6,33.3,36.5,31.2,12.0,49.4,156.8,68.0,43.4,90.7,68.3,15.5,40
20.1,37.8,28.6,45.6,99.4,33.4,142.2,94.0,84.9,61.1,19.5,56.4,31.5,38.0,41.0,46.9,6.1,32.9,36.4,35.1,13.6,58.5,164.0,59.1,39.5,85.0,63.0,15.4,21
24.7,35.4,32.9,47.1,105.4,38.6,131.7,98.9,74.9,57.5,19.7,60.5,30.7,43.0,43.0,42.5,6.4,33.7,37.7,32.4,13.7,52.2,155.6,65.1,41.6,94.5,71.8,16.2,24
23.3,37.6,38.7,49.4,116.0,41.7,142.1,103.3,83.0,63.6,19.3,53.5,32.2,38.6,42.0,46.9,6.4,34.2,38.4,33.3,13.6,55.0,164.7,71.8,45.4,106.9,87.4,16.7,22
21.7,38.4,33.4,47.4,111.1,37.4,139.9,99.5,77.3,66.0,19.7,55.0,31.3,40.0,42.5,45.0,6.7,34.5,39.9,33.4,14.3,54.5,163.0,64.1,42.8,92.0,75.2,16.2,25
22.1,36.3,39.1,49.5,115.7,36.9,135.5,115.4,77.4,62.0,19.1,56.8,32.5,42.1,42.0,44.3,6.3,38.0,41.3,33.9,12.8,54.5,158.7,68.0,42.0,109.5,85.2,15.7,45
21.7,36.1,33.3,48.3,109.8,37.0,139.7,117.2,75.5,66.5,19.1,63.0,32.5,42.4,43.5,45.5,6.5,35.8,39.5,33.7,13.3,54.0,162.7,66.8,47.2,103.9,82.7,16.2,32
20.0,35.9,27.0,43.2,93.6,34.1,139.6,87.0,80.9,59.0,18.5,57.4,28.5,38.0,40.4,45.2,6.9,31.0,35.3,33.3,12.0,54.2,163.8,53.2,39.4,76.5,55.9,14.6,27
22.1,38.8,33.5,47.9,107.8,39.0,141.5,111.0,82.9,61.4,20.0,57.0,33.6,39.5,41.4,46.6,6.7,35.7,39.4,35.0,14.5,55.3,164.4,65.1,45.3,104.2,82.1,16.1,22
22.5,36.3,29.0,44.4,99.0,37.5,135.7,98.2,74.0,61.2,18.6,55.4,33.0,38.5,41.0,42.9,6.2,34.1,38.2,32.7,14.3,53.2,160.3,57.7,41.2,88.0,66.3,16.6,33
22.4,35.5,30.1,42.6,97.8,37.8,148.7,89.7,83.8,64.5,19.4,55.6,31.7,34.6,37.8,48.5,7.7,33.0,38.3,34.4,12.8,55.4,171.3,56.7,46.4,81.1,63.8,16.1,20
21.7,40.2,30.0,46.9,111.4,39.4,149.9,96.6,86.7,60.0,18.7,56.0,33.3,36.0,41.5,50.3,5.8,32.6,37.7,36.4,14.9,59.1,172.1,66.9,47.0,98.7,79.9,16.1,33
21.2,35.0,31.1,41.2,99.9,36.8,133.3,83.8,72.1,63.0,18.3,55.6,29.0,37.6,39.8,40.8,6.3,31.0,36.6,33.6,12.0,52.3,157.3,60.2,41.4,79.3,58.9,14.7,24
21.2,38.1,31.9,46.4,110.2,41.0,138.8,99.6,77.3,63.5,18.9,59.6,31.3,35.0,38.3,43.5,6.5,33.7,37.2,33.3,14.0,53.0,161.9,67.3,43.4,91.8,76.1,16.2,22
20.4,34.5,31.5,45.3,106.0,36.7,130.5,100.6,71.2,55.9,17.7,56.4,29.5,35.0,35.8,41.8,5.4,31.5,33.6,32.5,12.4,51.2,152.4,63.7,46.2,104.0,67.2,14.8,44
19.0,35.1,25.8,43.7,90.1,31.0,137.5,88.2,74.8,59.8,18.3,54.6,30.0,38.6,40.7,42.6,5.7,31.5,36.1,33.6,13.9,52.0,160.5,49.9,43.4,80.3,54.1,15.4,41
24.5,36.5,32.0,45.3,98.3,38.8,138.1,103.5,77.1,59.7,19.2,61.4,30.9,38.0,39.5,43.6,6.4,33.3,38.1,33.4,13.4,54.6,161.7,57.8,40.8,83.8,69.7,16.4,22
21.2,35.8,29.1,42.4,98.8,35.8,138.3,89.5,80.8,61.0,19.4,59.2,32.2,35.6,37.8,46.8,6.5,30.5,34.9,33.9,13.3,54.4,160.1,60.2,42.6,87.8,61.6,15.4,41
22.7,38.3,36.3,49.0,114.8,36.5,147.0,105.3,88.9,62.3,20.1,58.6,34.3,37.5,41.2,49.5,6.6,34.1,38.4,34.5,13.9,57.5,170.3,68.7,42.0,104.0,85.2,16.7,23
19.7,36.0,28.6,42.4,95.7,34.8,134.1,88.2,75.6,62.1,18.3,55.9,30.8,36.0,38.9,42.6,5.6,32.4,36.2,32.5,12.2,52.0,157.4,58.9,40.0,78.5,58.2,14.6,33
20.3,38.0,34.2,48.2,102.7,35.7,136.5,103.6,78.7,60.6,21.1,60.8,32.6,41.3,43.0,44.4,6.9,37.1,39.4,33.4,13.7,53.7,159.6,62.1,43.9,94.3,74.2,16.6,42
21.1,37.4,29.2,42.9,96.6,36.4,135.7,87.6,78.3,58.5,18.3,58.6,31.3,35.6,39.1,44.0,6.3,32.1,35.4,34.4,14.1,56.2,160.2,57.1,41.6,80.0,60.9,15.6,20
21.2,37.0,31.3,45.5,102.6,37.7,139.0,96.4,77.5,61.9,18.7,55.0,30.1,40.6,43.0,45.6,6.7,34.9,37.4,32.3,14.6,52.1,159.9,61.3,44.5,91.6,69.0,15.8,46
22.7,37.4,30.0,44.8,101.3,38.0,141.0,93.5,76.0,61.0,18.3,55.6,31.6,39.0,41.2,45.5,7.3,33.1,34.8,32.6,14.0,52.4,163.2,58.7,46.1,96.1,67.5,16.2,23
22.7,36.2,38.1,47.3,115.9,41.5,143.1,109.8,76.3,65.5,19.6,58.0,32.6,40.2,41.9,45.4,6.3,35.5,38.0,34.1,13.9,53.9,166.0,69.0,47.6,106.5,88.6,17.9,38
20.8,36.1,33.2,44.8,104.6,35.5,134.8,92.4,75.9,63.0,19.5,56.0,31.5,41.7,41.9,42.8,6.1,32.9,37.6,32.7,13.0,53.1,156.8,62.8,40.5,84.7,65.2,16.2,46
20.7,38.3,37.5,49.0,115.8,38.8,140.9,103.2,79.6,68.0,19.0,59.5,31.5,38.7,41.3,46.5,6.5,35.1,39.2,34.4,14.3,57.2,163.9,70.0,42.5,102.0,82.6,16.5,45
19.7,35.7,26.6,42.8,90.4,32.3,137.7,92.3,78.3,62.3,19.5,56.0,30.7,37.9,40.0,44.4,6.0,32.2,35.4,34.1,13.0,55.5,159.1,52.7,38.9,79.0,55.6,14.7,51
21.0,35.4,34.5,43.3,108.0,38.7,140.3,93.4,79.0,61.0,17.8,59.8,30.6,35.0,37.5,43.9,5.4,32.9,36.0,33.0,12.6,55.5,162.8,66.7,46.4,88.7,71.9,15.0,45
22.6,35.2,36.0,47.8,108.8,40.6,139.1,107.7,77.5,63.6,18.8,57.8,34.5,41.0,41.4,44.4,7.4,36.5,38.8,34.0,13.0,56.1,161.5,66.4,46.7,97.5,82.2,16.4,52
24.4,38.0,39.9,50.4,120.5,44.4,145.4,109.8,84.5,63.3,19.6,58.1,33.4,45.8,45.5,49.7,5.5,42.4,45.5,33.6,12.6,56.6,168.0,73.0,47.0,110.0,96.5,17.3,36
20.9,33.6,30.7,42.2,98.2,36.9,137.2,90.7,82.5,51.8,18.9,58.6,30.9,35.0,37.0,46.7,6.7,31.7,35.6,33.4,11.5,53.4,159.0,61.2,43.0,89.6,62.4,15.1,25
18.6,35.5,23.3,37.9,85.4,32.3,133.5,72.6,77.9,57.0,17.9,54.4,29.9,29.3,34.5,43.5,5.9,28.9,33.2,34.0,13.1,54.0,156.3,49.3,38.2,66.0,43.5,14.2,33
21.5,34.7,34.1,47.4,102.2,38.2,140.5,109.0,78.0,54.5,19.7,56.7,31.7,41.8,42.6,45.6,6.9,34.2,39.2,34.9,13.0,55.6,164.1,59.4,48.0,102.1,75.3,16.8,39
19.8,36.4,25.6,41.4,90.0,33.3,146.3,83.6,83.4,61.8,19.0,54.4,30.6,35.0,37.1,49.3,7.2,30.7,36.6,34.1,13.4,57.1,171.0,50.0,41.6,79.0,55.3,14.8,27
19.1,35.6,29.6,44.9,98.9,34.9,134.5,90.1,75.0,57.8,19.3,55.5,29.7,36.2,38.6,42.0,5.7,32.6,36.5,30.6,12.5,50.4,156.6,57.3,42.3,81.6,57.8,14.7,20
22.1,38.7,31.6,49.8,104.8,36.9,135.2,102.3,78.4,59.3,18.1,56.2,31.8,37.0,39.8,44.9,6.3,34.9,39.0,34.0,13.1,55.5,157.3,62.0,41.4,96.6,71.3,16.2,21
24.3,34.8,31.4,44.9,108.3,41.6,143.8,98.0,83.3,61.8,18.7,56.2,33.1,37.2,39.8,47.5,6.9,34.0,38.2,33.9,13.6,54.0,166.9,64.7,41.5,96.6,77.6,16.0,24
22.7,38.2,31.0,47.4,98.5,38.2,136.3,97.6,74.5,65.4,19.1,54.1,31.1,39.8,42.0,43.5,6.7,34.3,39.1,32.8,13.5,53.8,160.7,59.4,38.5,80.9,65.5,15.6,29
21.2,38.6,28.3,43.1,89.0,34.5,140.0,92.2,81.6,55.7,19.8,58.3,31.3,35.1,39.1,47.0,6.3,34.1,39.1,33.0,13.8,55.0,163.3,53.0,42.4,78.7,57.8,16.1,25
22.7,37.5,33.4,47.4,108.9,39.9,145.9,112.6,84.3,68.2,19.0,59.9,33.2,38.0,40.6,46.7,7.2,35.3,39.7,33.7,13.9,57.0,169.9,64.5,42.3,90.7,84.3,16.4,47
24.2,37.4,31.0,44.8,100.2,37.7,139.4,89.2,78.3,60.0,18.5,56.6,29.8,38.2,42.2,45.3,6.9,34.2,38.0,33.8,13.4,53.2,163.8,60.6,41.6,87.7,67.0,16.1,23
23.5,34.8,36.5,45.5,110.2,39.7,139.4,100.0,82.4,60.9,18.8,58.7,32.8,35.2,36.8,46.6,5.8,34.2,37.1,34.4,13.1,57.0,163.4,64.8,37.9,87.8,76.4,15.8,24
22.0,35.9,33.7,43.5,98.2,38.0,141.8,86.4,83.0,61.4,19.0,57.5,31.8,37.1,39.4,47.3,6.1,32.7,36.9,33.4,13.1,56.3,166.0,58.2,38.6,73.4,66.3,15.7,24
21.3,36.0,32.1,44.6,101.0,37.0,136.9,88.0,80.3,55.8,19.7,56.7,31.3,33.2,37.6,44.5,6.4,33.0,38.0,32.8,14.6,54.0,160.4,63.5,41.5,86.1,67.1,16.5,29
24.0,38.9,28.9,46.0,96.1,37.7,144.6,98.0,80.3,61.9,20.3,56.6,31.5,40.5,42.8,47.0,6.4,33.9,38.0,34.6,14.3,55.5,169.3,55.5,43.7,88.5,70.6,15.8,24
21.8,34.3,28.2,44.0,98.5,38.7,137.0,93.6,77.3,61.8,17.4,54.1,30.8,39.8,40.4,44.9,6.8,31.4,34.9,32.5,12.5,51.5,159.5,57.6,40.4,82.0,63.6,14.8,22
22.0,36.6,29.2,42.4,96.2,38.1,145.8,88.2,83.5,64.0,19.8,54.4,31.7,39.3,41.5,47.6,6.1,32.7,37.0,35.0,13.4,56.0,169.4,58.7,41.5,79.6,64.6,16.0,19
21.5,37.4,30.4,46.6,97.5,35.0,139.6,93.4,77.0,59.8,18.9,55.0,31.4,37.0,39.6,45.3,5.9,33.6,38.7,31.0,12.5,50.9,162.6,58.6,41.8,83.5,65.8,15.8,28
23.2,35.4,34.5,48.2,109.2,43.2,138.7,102.1,75.9,64.7,19.6,59.7,31.5,39.2,39.2,43.4,7.1,35.5,39.0,32.5,12.8,54.5,161.3,68.2,42.2,92.2,78.9,16.7,23
20.1,36.5,28.0,41.6,96.3,36.0,137.9,88.7,78.7,55.7,18.2,56.1,30.1,36.5,39.6,43.6,5.8,32.0,36.7,31.0,12.6,52.0,161.4,56.9,42.2,76.9,58.5,15.0,33
19.7,36.2,28.4,42.3,95.9,34.8,139.8,90.0,79.5,58.4,18.2,55.6,30.3,36.5,39.5,45.5,6.4,32.5,36.7,33.6,13.8,56.0,163.0,54.9,41.2,81.2,58.9,14.7,31
23.6,39.7,30.4,47.0,106.3,38.3,148.2,103.5,83.9,64.0,19.7,57.4,32.4,42.3,43.7,46.9,6.7,34.9,39.2,35.4,13.6,57.4,171.6,62.7,44.2,97.3,78.5,16.5,26
20.6,35.0,31.3,46.9,102.1,38.8,129.5,101.3,72.5,61.5,18.1,57.8,29.9,40.0,40.6,41.1,6.6,36.0,38.6,31.0,12.6,51.3,151.0,60.1,39.1,95.2,67.6,14.7,39
23.8,36.5,35.6,48.3,111.0,39.2,141.2,110.0,78.7,63.9,19.7,58.4,33.3,38.0,39.0,46.3,6.1,35.4,39.0,33.8,13.0,54.0,163.9,64.5,49.2,111.3,86.2,16.8,28
20.6,35.3,32.0,44.0,95.2,34.5,134.5,98.1,74.7,56.5,17.4,56.6,30.7,38.2,39.5,43.3,5.8,30.7,33.5,31.3,13.3,51.0,157.6,54.3,42.4,90.7,60.5,14.6,35
22.0,36.0,41.3,51.9,115.6,42.7,145.0,109.5,84.4,72.3,19.5,55.8,33.8,42.0,42.5,48.1,6.6,36.5,41.0,34.0,13.3,57.4,167.7,72.6,41.1,106.8,95.0,16.0,40
20.6,36.8,29.8,45.4,95.5,36.3,145.4,98.5,84.1,58.0,19.5,60.6,32.2,40.4,43.5,50.0,7.1,34.5,39.9,34.2,13.0,57.0,166.9,57.2,41.5,84.3,64.9,16.5,28
20.9,34.3,29.6,43.8,99.9,35.8,138.0,88.4,80.3,63.0,18.2,57.7,29.7,37.5,38.5,44.4,6.4,32.2,36.2,31.7,12.2,54.5,159.2,62.2,39.7,75.5,61.6,14.5,34
21.0,36.6,30.6,47.4,102.5,37.6,137.4,103.0,76.3,64.8,17.8,57.2,31.3,40.1,40.2,43.3,6.7,36.3,40.8,34.5,12.6,55.7,160.6,63.0,42.0,91.0,71.5,15.1,22
21.7,35.8,35.3,48.9,110.2,38.6,135.9,101.2,77.1,59.9,18.7,56.8,30.6,37.2,38.1,43.5,6.0,32.6,35.9,34.1,12.7,54.0,159.7,67.7,41.1,94.3,76.5,15.5,34
21.7,36.1,32.1,44.5,104.5,37.2,139.0,89.0,77.9,61.8,18.3,54.5,30.0,35.7,38.9,44.4,6.8,33.0,36.4,32.9,13.9,54.0,161.0,61.0,43.1,81.9,65.2,15.5,22
21.7,41.3,29.3,46.7,110.4,36.5,157.2,87.8,91.3,66.7,18.1,61.0,34.3,39.5,43.7,52.6,7.2,33.5,39.5,37.3,15.1,61.9,181.1,66.7,45.7,90.5,77.3,15.5,27
20.1,35.4,31.4,47.8,108.7,35.7,140.5,102.8,78.8,58.3,19.3,56.7,30.5,43.3,43.5,44.9,6.3,35.0,37.4,33.8,12.0,55.3,163.9,61.5,45.6,101.8,73.4,15.7,42
19.5,37.2,26.3,43.0,92.8,32.3,140.0,82.5,78.3,62.5,17.8,57.5,30.5,36.5,40.2,44.4,6.6,30.9,36.5,32.6,13.8,53.6,163.5,53.8,41.2,75.7,54.9,14.2,25
23.6,37.6,32.9,48.5,109.2,38.7,150.7,104.1,83.5,70.9,19.9,57.9,32.8,42.0,43.5,49.1,7.3,34.5,39.5,36.2,14.5,59.5,175.1,63.3,42.8,89.3,80.2,15.7,21
22.7,36.5,31.4,47.3,104.1,38.7,139.1,102.3,78.0,65.8,17.8,55.8,30.7,39.2,40.1,43.7,5.5,32.5,36.2,33.2,13.7,55.0,162.6,60.9,41.6,84.9,69.5,15.0,25
21.0,37.8,29.7,46.6,99.0,37.9,143.9,94.9,79.6,64.5,18.5,54.2,30.9,37.2,39.3,44.9,5.9,32.8,38.0,34.4,13.7,56.1,168.8,57.6,41.4,76.8,64.7,15.7,20
22.7,34.6,31.9,45.0,105.1,38.7,134.5,91.4,74.5,63.4,17.2,55.0,29.9,37.6,40.0,44.6,6.5,31.1,36.8,31.1,12.4,51.5,158.8,64.3,38.2,85.0,65.7,15.3,24
21.8,37.5,35.6,51.7,113.9,40.7,140.8,111.1,76.1,66.8,19.2,55.5,30.3,44.2,43.7,44.5,6.6,36.3,39.2,34.3,13.8,54.9,163.5,68.8,46.2,109.0,87.1,16.1,33
20.0,35.9,26.2,43.0,97.6,32.8,140.0,85.5,82.6,54.1,17.9,56.5,30.3,30.6,35.0,45.7,6.3,30.9,35.2,33.5,11.8,55.4,162.4,59.6,42.1,83.5,58.0,14.0,40
22.5,36.3,35.6,47.2,110.7,38.6,140.1,101.5,78.7,67.6,18.7,56.1,30.6,42.0,42.6,45.4,5.8,34.6,39.3,33.5,12.3,53.1,163.4,67.5,43.7,94.6,79.6,15.6,42
23.0,37.9,29.4,46.0,106.6,39.9,151.8,92.9,88.4,62.2,19.1,57.2,34.2,40.7,42.2,50.3,7.6,34.8,39.3,38.0,13.6,61.1,174.9,63.2,44.3,85.2,76.1,16.3,26
18.8,31.6,26.9,38.8,93.9,34.8,142.4,92.5,79.3,56.8,17.9,56.5,28.7,34.0,37.1,45.9,5.5,31.9,36.8,33.3,12.2,56.0,164.6,55.5,44.0,74.1,57.6,15.1,22
25.2,35.6,36.7,49.0,113.8,42.2,136.3,112.9,78.0,70.6,19.0,58.8,31.7,36.5,39.0,44.1,5.4,37.0,39.6,34.7,13.1,57.5,160.0,66.7,39.6,106.0,87.0,17.2,43
20.0,35.1,36.0,48.0,106.0,37.5,137.6,100.8,82.3,59.3,18.5,57.6,30.8,39.5,40.8,46.6,6.5,36.0,39.7,32.8,12.2,55.3,160.0,64.8,42.0,101.7,76.6,15.5,37
22.3,33.1,27.3,42.1,100.2,35.8,130.3,84.5,73.6,58.8,17.6,54.0,29.5,33.4,36.7,41.5,5.8,30.4,36.1,31.7,11.6,51.8,151.7,60.1,38.4,78.2,54.8,14.5,28
23.0,32.7,35.4,44.9,111.5,42.1,141.7,103.9,81.0,66.7,18.9,55.5,31.9,37.4,40.4,45.3,6.1,34.5,39.9,34.4,13.0,58.4,165.9,67.3,42.5,103.0,82.6,16.9,30
20.5,36.8,29.8,44.4,100.7,34.9,145.3,90.2,80.6,65.4,17.9,56.5,30.7,38.0,40.0,47.9,6.5,33.6,37.3,34.4,12.6,57.5,171.8,58.1,42.5,85.3,65.1,15.9,27
19.2,33.7,28.3,42.9,96.5,33.8,130.7,94.8,73.8,54.6,17.5,53.9,27.4,33.0,34.9,41.2,5.8,31.6,37.0,30.5,11.0,51.6,153.3,57.2,39.7,88.1,57.0,14.7,35
22.3,38.6,31.4,48.0,104.3,36.6,136.4,105.1,74.1,63.5,18.7,52.8,30.3,41.6,42.5,43.8,6.1,33.5,38.1,31.7,14.8,52.5,159.2,63.7,44.7,94.8,71.9,15.4,42
21.8,39.0,31.9,46.5,104.4,40.1,140.0,100.3,79.7,61.9,18.7,58.1,31.6,42.0,42.7,45.9,6.6,34.4,39.8,32.5,13.8,53.4,163.6,64.1,40.0,84.6,72.6,15.5,23
21.8,36.0,32.0,44.2,102.6,38.9,140.7,88.2,81.3,64.2,19.4,54.5,32.2,34.0,36.5,45.2,6.5,32.6,36.1,34.5,14.2,55.6,164.8,65.6,40.2,87.5,71.6,16.6,24
22.9,35.6,34.7,47.9,109.1,41.2,142.6,105.6,80.1,68.0,18.4,57.3,31.3,38.1,39.0,44.6,6.4,34.5,37.8,34.6,13.8,57.0,166.9,67.3,44.0,98.2,83.2,16.4,24
19.9,36.6,28.7,45.1,95.4,34.8,142.2,96.5,81.8,57.2,18.5,54.8,29.6,38.0,39.0,45.8,5.8,31.5,36.9,36.0,13.5,59.0,165.5,55.3,41.6,79.1,60.4,14.6,25
23.3,38.7,30.5,44.9,102.3,39.0,151.9,93.2,88.0,67.3,19.7,56.1,34.7,39.2,41.9,49.9,6.9,35.1,39.8,36.6,14.1,59.5,177.0,61.9,43.0,84.4,76.4,16.9,22
24.4,39.8,35.2,49.0,118.1,44.4,152.2,105.1,88.0,66.2,19.7,56.8,34.3,37.6,38.5,50.0,7.7,34.5,39.0,36.6,13.7,60.5,175.2,72.7,48.1,102.8,93.4,16.4,19
21.0,36.6,25.5,42.2,96.1,31.8,149.0,85.0,85.0,63.3,18.0,55.4,30.6,35.1,39.1,47.7,7.3,30.7,35.0,35.2,14.3,57.5,174.1,53.2,41.8,76.8,57.3,15.6,24
21.8,33.2,28.8,42.6,99.3,35.5,137.2,83.0,77.2,62.8,17.4,56.8,29.0,36.2,39.0,43.0,6.4,30.4,33.9,31.6,12.1,51.4,160.8,60.2,38.8,77.5,58.2,14.4,23
21.1,37.9,26.8,41.6,89.0,36.3,138.4,88.9,77.0,55.1,18.6,55.6,30.8,36.1,39.1,43.9,6.0,31.8,36.4,33.4,13.8,54.6,163.6,50.8,42.4,71.8,55.3,16.3,28
22.2,36.7,32.2,47.1,102.1,39.6,133.8,100.5,73.1,65.8,18.6,55.8,30.3,41.0,41.1,42.4,5.9,32.8,37.3,32.1,13.3,49.7,155.5,60.8,40.5,87.1,69.8,15.5,30
20.3,33.8,32.4,43.2,106.3,36.1,135.5,92.5,75.2,65.3,18.9,53.7,29.8,34.5,35.6,43.5,6.4,32.2,35.0,32.2,11.6,52.5,157.3,63.1,40.1,84.0,64.0,14.6,40
22.2,35.6,26.5,41.9,95.1,39.0,138.3,84.4,74.5,57.9,17.9,55.0,30.4,40.0,41.5,42.6,6.7,31.5,36.8,31.9,13.5,52.9,162.3,55.4,42.9,71.9,59.0,15.2,25
20.0,34.2,32.4,44.5,97.6,37.5,132.4,90.0,77.0,56.9,17.3,56.6,29.6,35.6,37.5,44.1,5.9,30.3,33.5,31.3,12.5,52.9,153.4,61.1,40.2,81.1,60.4,13.9,41
20.0,36.5,27.8,46.5,107.0,35.2,131.8,95.4,71.8,63.4,16.6,57.2,29.7,39.0,40.5,42.2,5.8,34.0,37.5,31.4,14.3,49.6,154.3,64.1,41.7,92.0,66.6,14.4,36
21.6,36.1,27.9,43.1,99.8,36.0,150.5,92.5,85.4,64.8,19.0,58.0,34.5,36.6,38.7,50.1,6.8,32.4,36.8,33.8,13.0,55.2,174.4,57.0,42.8,81.2,67.0,16.2,28
21.8,34.3,29.2,42.7,103.3,36.7,140.4,90.2,77.6,63.8,18.8,57.3,30.3,34.8,37.0,44.0,6.4,34.3,35.7,32.9,12.7,52.2,162.3,61.5,41.4,81.4,63.3,15.2,22
22.4,35.9,29.7,44.9,100.8,38.4,135.9,94.7,72.3,66.1,18.2,54.3,31.1,40.0,40.5,43.7,5.7,34.3,37.5,30.7,14.0,51.5,158.7,58.6,42.6,81.8,61.8,15.3,26
21.0,34.4,31.2,44.8,103.6,36.0,134.4,94.4,74.8,64.3,18.2,53.8,29.7,34.5,36.1,42.8,6.2,34.9,39.8,30.5,12.0,50.5,156.3,62.8,42.0,84.4,64.5,14.7,36
19.2,36.3,27.8,42.9,93.0,33.4,143.0,89.9,82.0,63.5,16.3,55.3,29.3,35.5,37.3,46.6,6.2,31.6,36.2,33.5,13.9,55.6,165.5,54.7,40.4,78.7,58.2,14.2,24
22.8,35.1,33.7,46.6,118.2,41.7,139.7,103.3,79.9,71.2,18.7,56.2,30.9,36.5,37.5,45.0,6.0,33.4,36.5,34.1,12.1,56.8,161.2,72.3,40.0,94.8,79.6,15.0,21
20.7,36.5,29.3,44.4,99.5,36.9,139.3,90.0,76.6,61.0,16.7,55.6,28.5,35.2,37.8,43.5,6.4,32.6,36.1,33.0,13.8,55.0,163.6,58.8,43.6,83.4,60.9,15.2,26
21.8,41.0,32.8,50.8,112.7,38.7,148.3,99.6,84.1,65.2,19.4,57.0,31.0,40.7,42.1,47.2,6.6,34.5,37.5,36.6,15.4,60.1,170.9,67.8,44.7,97.2,82.3,16.0,27
20.8,33.8,28.8,41.5,92.5,34.3,132.9,90.6,76.9,58.9,17.8,56.8,30.0,35.0,36.7,43.1,5.5,30.4,33.7,31.7,12.0,53.2,154.7,57.6,38.7,76.3,56.7,14.7,23
20.6,34.6,23.3,37.6,89.4,32.6,141.3,89.6,79.9,54.6,17.1,54.6,29.3,36.4,38.0,44.8,6.4,30.1,34.5,34.0,12.5,54.5,165.7,48.7,41.9,71.0,51.0,14.4,28
20.5,36.2,26.3,42.0,94.5,35.8,146.2,87.6,85.0,61.9,17.7,55.7,30.6,35.8,38.0,48.9,6.0,31.4,35.6,35.4,13.0,57.0,169.5,56.2,40.5,80.5,60.1,14.8,25
20.2,33.8,32.0,43.1,104.6,38.8,147.9,95.5,90.7,64.3,17.4,58.7,32.0,35.5,39.5,50.4,6.0,32.4,36.7,35.7,13.5,60.5,172.0,64.6,41.0,84.3,71.6,15.0,42
24.8,34.3,31.0,44.1,104.0,41.2,136.7,91.2,74.5,65.6,17.4,54.9,30.7,37.5,41.5,45.1,6.6,35.0,37.3,32.7,13.7,54.4,158.7,63.8,42.5,86.6,68.1,15.3,30
22.8,38.8,40.2,53.1,114.2,41.0,144.3,116.0,82.0,69.0,19.9,58.1,33.9,41.4,43.4,48.5,6.0,38.8,43.8,35.3,12.6,58.9,167.6,73.7,42.6,98.1,94.0,17.3,47
23.2,36.8,27.4,43.3,103.3,37.4,149.4,84.4,83.9,66.5,18.3,57.6,32.2,39.5,42.0,47.9,7.6,32.5,37.0,35.2,13.3,57.0,172.6,60.7,44.3,84.0,68.6,15.2,22
21.7,34.9,25.7,45.3,104.2,38.8,137.2,94.8,75.0,61.4,17.7,52.4,31.2,38.6,40.5,42.7,6.1,31.9,38.1,32.8,12.5,54.7,161.6,61.2,41.0,86.6,67.1,15.8,33
21.3,40.0,31.9,46.4,98.4,36.7,149.4,92.8,87.3,67.0,19.3,59.2,31.8,38.4,42.5,48.6,6.5,34.4,39.4,35.2,14.0,59.0,174.7,58.2,41.1,74.5,68.9,16.2,28
22.2,37.2,32.3,45.7,101.6,41.4,147.5,104.2,84.4,61.1,18.9,55.2,32.4,39.5,42.0,48.6,7.9,33.0,37.5,35.8,14.3,59.0,170.5,62.7,45.3,93.0,78.6,15.8,33
21.2,37.7,30.5,44.1,101.5,38.3,146.3,90.6,83.5,69.3,20.3,56.6,33.0,39.5,42.0,48.8,6.7,33.5,38.3,35.4,14.3,58.2,168.5,60.6,41.0,82.4,70.4,15.5,51
20.1,31.8,25.8,40.3,88.7,34.5,137.4,77.6,77.7,59.6,18.5,55.4,29.8,32.3,35.3,42.9,6.6,29.0,32.5,31.2,12.0,52.5,159.4,54.1,41.0,66.9,50.4,15.1,33
19.8,38.9,29.0,45.1,94.4,34.1,145.4,87.2,81.2,59.4,16.9,54.3,30.1,41.0,44.4,46.1,6.3,32.7,36.5,35.2,14.0,57.9,168.7,55.4,44.7,76.9,59.8,15.0,33
21.2,37.3,34.4,47.4,102.2,39.3,147.4,100.5,86.5,60.7,19.8,53.1,31.7,39.5,42.0,49.5,6.2,34.2,37.8,36.5,14.9,60.2,170.0,63.3,42.5,87.7,76.0,16.1,43
21.4,36.3,31.7,46.7,107.2,38.3,142.5,105.5,81.1,64.8,18.7,55.9,31.9,39.5,41.0,45.4,5.7,33.8,38.1,33.5,13.5,57.0,165.8,66.3,43.1,97.0,78.0,15.2,41
20.7,36.1,32.1,46.7,110.1,37.4,135.5,100.6,75.5,70.6,17.8,56.3,30.7,43.0,43.0,42.6,5.9,31.8,35.2,32.2,13.7,50.4,156.2,66.4,39.2,88.0,71.2,15.4,24
21.2,37.2,29.7,46.8,99.7,35.8,141.8,95.3,79.9,57.3,18.2,56.0,30.3,39.5,40.1,45.4,6.4,33.7,37.0,32.6,13.3,54.4,165.8,57.2,44.8,87.0,66.5,15.0,31
20.0,34.8,34.8,46.8,108.0,37.4,145.2,93.5,80.3,67.3,18.4,56.1,29.3,36.1,39.0,45.6,6.7,31.2,36.7,34.4,13.6,56.3,168.8,67.2,43.5,90.0,73.5,15.8,34
20.1,34.6,29.0,42.5,93.7,32.8,129.5,89.5,70.6,56.7,18.5,55.7,28.5,33.2,35.5,39.5,5.7,31.1,36.1,31.2,12.0,50.1,152.4,55.3,38.6,75.2,54.4,14.7,28
22.3,38.8,30.7,47.2,100.8,38.9,139.3,99.2,78.7,63.3,19.8,55.5,31.2,38.0,40.7,45.4,7.1,32.5,36.4,32.5,14.3,54.1,161.1,61.7,41.7,80.5,67.8,16.2,20
21.3,32.2,28.7,43.0,99.4,36.0,139.5,90.0,82.5,57.0,18.9,58.7,32.9,35.0,37.0,46.8,6.3,33.4,39.6,32.9,11.5,56.3,162.7,60.6,40.5,84.2,64.8,14.7,24
22.0,34.0,30.8,43.6,100.1,37.2,138.0,95.3,77.1,62.9,18.7,53.9,31.0,34.6,36.6,44.0,6.8,31.3,34.8,33.0,12.3,54.3,161.4,59.5,42.9,91.7,66.3,16.2,24
22.8,40.3,33.0,50.9,114.2,39.4,137.4,97.1,76.8,68.0,19.3,55.0,31.3,41.5,43.5,43.7,6.3,33.6,39.7,33.8,15.2,56.4,159.8,71.3,40.7,85.3,77.9,16.5,22
20.7,33.0,30.6,45.2,101.9,38.1,140.8,99.0,80.3,60.6,18.8,55.3,30.4,34.4,37.0,46.4,6.8,34.6,38.0,32.2,13.0,53.4,164.3,62.0,42.2,95.3,70.2,15.7,22
20.8,36.6,29.4,43.0,96.2,35.2,137.9,87.3,81.2,57.3,18.2,53.9,29.3,34.0,39.5,47.3,6.3,31.0,36.0,33.6,12.8,54.0,161.1,56.9,38.4,81.6,59.2,15.0,27
21.3,33.9,28.7,40.7,98.5,35.8,131.7,85.2,71.1,61.5,18.4,53.3,29.5,38.0,39.0,41.4,6.1,31.4,35.4,31.8,11.6,50.5,152.0,59.5,42.0,77.8,56.3,15.0,23
23.7,36.7,37.8,49.1,114.3,43.4,145.7,103.9,81.1,68.1,21.3,55.9,35.0,42.0,42.2,47.5,6.7,35.0,39.9,34.9,13.2,58.0,169.7,70.1,45.0,96.3,92.7,18.2,24
23.9,37.2,35.8,47.8,106.8,40.2,141.7,99.2,82.0,65.3,19.7,56.1,34.1,36.5,39.1,46.8,6.7,34.6,39.2,32.0,13.2,54.0,164.0,67.4,42.5,93.1,80.1,16.7,40
22.2,37.4,32.5,47.9,110.4,39.8,142.9,97.0,79.5,70.0,19.7,56.7,31.8,38.7,41.0,45.3,7.3,32.7,37.2,33.1,14.0,54.1,167.2,69.5,41.3,88.9,77.2,16.1,21
21.3,37.8,30.3,46.4,100.8,36.7,144.1,93.6,84.5,67.3,19.4,56.3,31.8,37.4,40.0,46.7,6.7,33.9,38.4,34.6,13.9,57.6,166.2,61.3,37.5,80.5,70.4,16.2,26
20.8,35.2,29.0,42.9,96.7,35.2,138.9,88.2,79.7,58.3,18.2,54.8,30.8,37.0,40.1,44.1,6.3,31.5,36.4,33.4,12.6,55.6,160.1,57.5,40.5,77.6,59.0,14.7,20
21.2,31.7,28.6,41.7,100.7,36.8,136.0,97.8,74.9,62.5,19.1,54.2,30.6,36.6,38.0,43.0,6.5,32.5,36.3,33.4,12.5,53.3,158.0,58.2,39.9,79.5,64.0,15.0,24
23.3,35.4,35.0,48.6,111.2,41.4,143.0,99.7,79.9,67.6,19.2,55.5,32.4,35.0,38.5,46.0,6.4,35.2,39.7,33.7,13.0,55.3,167.6,71.3,43.2,93.6,84.2,16.5,25
22.2,34.8,28.7,44.0,95.7,37.0,130.5,82.2,72.3,61.5,18.4,55.4,29.7,37.5,40.0,40.8,5.3,31.5,34.7,31.5,13.5,52.0,153.6,56.4,38.8,70.2,54.6,14.9,21
22.3,33.2,31.3,44.8,115.6,37.8,133.7,93.2,77.0,65.6,17.7,55.6,30.8,39.6,40.6,43.6,5.9,30.7,33.3,32.0,12.4,52.5,156.1,72.6,39.5,91.8,71.5,14.8,38
21.2,34.3,28.6,43.9,101.2,37.4,126.7,90.3,71.5,57.5,16.8,54.4,28.4,34.3,37.5,40.1,5.6,30.5,32.8,30.8,12.8,49.5,147.5,61.9,41.2,82.8,57.5,14.0,21
20.6,36.0,26.4,40.6,90.7,36.4,131.0,79.8,76.2,58.4,18.7,57.2,30.8,38.5,40.6,43.0,5.6,31.5,33.5,29.7,13.5,51.5,153.2,54.9,35.7,69.8,52.2,14.6,22
24.4,37.8,30.0,46.8,107.2,40.1,141.3,95.7,83.0,64.7,18.0,55.0,32.4,42.3,45.1,45.7,6.3,31.1,37.5,33.9,13.9,57.0,164.6,63.3,41.6,83.9,72.5,15.0,18
18.8,37.2,23.5,42.4,91.3,31.8,142.1,85.4,80.8,58.4,17.5,55.0,30.0,39.7,41.7,46.1,6.4,33.3,37.3,33.1,14.0,55.0,165.7,52.2,45.2,77.4,51.7,14.4,21
21.1,37.0,29.1,43.3,99.4,36.8,140.7,89.6,81.1,61.2,18.7,56.0,29.7,31.6,34.6,45.4,6.4,33.6,38.9,33.0,11.5,54.4,164.8,56.2,42.9,82.8,63.1,15.2,21
20.4,33.4,24.3,39.4,91.2,35.7,137.7,80.4,81.7,54.7,16.8,55.0,29.7,32.2,34.0,46.4,6.2,30.8,34.5,32.8,12.6,53.2,158.6,55.8,42.2,72.2,53.7,14.0,18
22.5,37.1,27.5,44.6,96.3,35.3,137.6,90.0,77.3,60.2,18.8,54.1,30.7,34.0,37.0,42.7,6.0,32.0,36.0,33.8,13.8,53.1,160.9,55.1,43.9,80.5,59.7,15.4,22
20.3,35.8,30.4,44.0,95.7,35.4,134.2,94.4,75.4,64.0,18.0,55.4,28.7,35.4,39.2,43.8,6.1,35.0,39.2,32.6,12.6,55.3,156.2,57.1,39.1,82.1,60.7,15.1,26
22.0,34.6,28.1,43.0,97.2,39.4,127.7,87.5,72.2,60.7,17.5,54.5,30.3,36.6,37.0,40.9,6.0,30.7,35.2,29.0,12.2,48.5,150.7,59.6,40.7,79.7,57.7,15.3,18
19.9,34.5,26.8,40.4,91.1,34.4,124.7,88.1,69.7,57.8,16.7,53.4,27.9,34.2,37.6,39.3,5.9,31.1,35.8,29.4,12.1,49.0,146.8,55.6,38.0,76.4,49.9,14.1,22
23.5,36.7,30.0,44.7,101.1,39.5,139.5,92.6,77.3,63.3,19.7,55.4,31.2,39.0,42.0,44.8,6.0,31.5,37.7,32.4,13.3,51.7,163.6,63.5,43.9,84.7,68.7,16.0,18
21.1,36.1,31.8,48.2,99.5,37.0,133.3,102.1,75.4,55.3,19.7,54.7,30.9,38.6,38.7,43.4,6.5,31.0,37.0,31.2,13.2,52.7,158.5,61.7,40.8,86.3,68.0,15.7,30
21.3,36.1,29.6,43.4,100.7,35.2,135.7,91.9,76.4,57.0,17.7,59.6,29.9,37.0,39.1,43.2,6.3,33.0,37.0,32.6,13.8,53.3,160.7,58.5,42.6,86.8,63.2,15.2,29
20.0,36.0,33.0,46.3,105.1,38.5,140.4,98.9,78.2,64.5,19.0,55.7,31.6,38.3,40.5,46.0,6.8,32.9,36.3,32.8,13.2,54.7,165.7,63.1,43.0,90.7,77.6,15.7,25
19.8,34.3,29.6,42.4,104.6,34.7,139.2,96.1,79.8,59.2,17.8,56.8,29.9,35.0,36.0,46.2,6.6,33.8,38.0,33.4,12.5,54.5,160.6,59.9,44.9,88.3,63.8,14.9,33
22.2,35.1,32.6,45.0,109.8,39.7,144.8,99.4,83.3,67.0,18.3,55.3,31.2,37.0,37.7,48.0,6.3,33.4,37.7,34.8,13.7,57.1,170.5,65.7,43.5,94.6,78.3,15.9,32
21.4,36.0,31.0,43.2,98.2,35.3,136.8,83.6,80.8,59.1,18.4,56.0,30.4,32.8,37.5,44.7,5.9,32.8,37.5,33.5,13.5,55.5,160.5,56.4,39.7,73.5,60.2,15.0,29
21.3,37.0,30.9,46.1,110.2,40.2,144.3,94.4,81.5,65.0,18.7,58.4,31.6,38.2,40.0,47.1,5.9,33.4,37.6,32.8,13.6,55.5,166.6,69.7,46.4,95.2,77.1,15.9,37
20.9,37.7,27.5,43.6,95.4,35.7,138.9,89.6,79.8,58.0,18.3,55.3,31.3,33.5,37.0,46.6,7.1,32.0,37.0,32.5,14.0,54.0,163.5,58.4,43.2,83.3,61.7,14.8,23
20.4,34.4,25.0,39.6,86.4,33.0,128.2,84.1,71.0,55.2,17.7,54.3,29.1,33.6,37.0,39.4,5.7,30.6,34.9,29.4,12.5,49.6,149.8,48.8,42.5,73.7,46.2,14.2,29
23.4,34.6,27.3,41.1,100.3,37.4,138.6,86.3,78.5,64.8,19.5,55.3,32.2,30.0,31.0,45.5,7.4,31.0,35.8,31.8,12.0,51.8,161.9,59.0,40.5,71.5,59.1,15.4,19
21.4,34.2,27.4,42.2,95.9,35.4,131.6,87.0,74.7,61.6,17.4,55.5,29.4,36.5,38.1,42.5,6.0,32.0,35.5,30.5,12.4,50.3,155.9,58.3,39.6,80.8,57.4,14.5,20
22.0,33.9,28.2,41.7,94.9,38.9,139.3,90.2,80.8,60.8,18.8,57.2,31.3,33.5,36.4,45.7,6.1,31.5,35.0,32.4,13.2,54.0,163.9,57.3,40.3,75.8,62.1,15.2,21
21.4,34.3,28.8,43.1,97.7,35.0,135.3,91.4,74.3,58.5,18.7,55.6,30.8,38.0,39.1,43.5,6.5,34.2,38.0,31.2,10.8,53.4,157.4,59.4,44.3,88.3,61.8,15.0,18
19.6,35.1,25.2,40.7,92.0,33.8,130.4,82.4,73.6,56.0,16.8,54.6,28.6,34.4,36.5,41.3,6.3,32.0,36.1,31.0,12.7,49.5,153.0,55.4,39.4,78.9,51.8,14.0,19
21.6,36.0,29.0,43.5,102.2,39.2,132.0,88.1,74.9,60.0,18.7,56.0,30.9,36.4,38.2,42.5,6.5,32.6,37.5,31.8,13.4,53.7,155.2,63.0,40.4,81.2,63.1,14.9,18
21.6,36.5,28.6,45.7,100.8,35.8,135.2,92.9,75.5,64.3,18.8,56.0,30.1,36.6,38.0,42.3,6.0,34.7,37.0,31.5,12.5,53.0,157.2,60.6,41.6,83.8,65.3,15.4,18
20.3,38.6,27.8,44.3,96.4,38.3,144.5,90.0,84.6,62.3,18.6,57.7,30.1,42.0,44.1,47.1,6.2,31.2,36.3,34.5,14.0,59.0,167.0,57.8,41.3,77.0,64.6,15.0,18
20.7,35.8,30.2,41.2,92.8,37.7,134.4,80.7,76.9,60.5,17.7,59.0,29.6,32.2,36.0,41.6,6.2,30.4,33.8,32.5,13.5,53.3,157.4,57.4,40.9,70.7,56.9,15.2,21
22.7,37.7,28.4,44.3,100.8,38.0,141.4,95.0,82.9,62.2,19.1,59.0,32.3,38.6,41.0,46.5,6.7,33.5,37.0,34.6,14.0,57.6,163.6,61.4,41.1,79.8,66.1,15.2,18
21.3,35.8,29.2,44.9,99.4,35.1,134.9,89.2,73.2,62.1,17.6,53.7,29.0,35.6,37.5,41.7,6.1,31.9,36.1,30.7,12.5,51.0,157.5,56.8,44.2,85.6,59.8,15.2,19
19.5,35.3,24.9,39.9,94.4,32.7,142.0,85.2,82.0,61.0,17.3,56.3,29.7,33.5,37.0,45.2,6.8,30.1,35.3,33.9,12.6,57.4,167.6,54.2,41.4,71.6,53.3,14.6,21
22.0,39.8,30.0,46.7,101.1,37.1,147.2,107.1,84.3,60.7,18.6,56.4,31.9,42.1,45.6,48.0,6.4,35.3,39.5,36.1,14.8,60.6,170.5,58.3,46.4,94.0,75.5,16.7,19
22.5,37.9,32.3,47.0,103.4,38.9,136.5,98.7,80.0,60.0,17.7,56.4,31.2,35.7,39.7,45.1,6.5,37.3,39.4,32.4,13.9,52.5,160.3,62.6,40.8,90.7,70.2,15.8,19
21.2,33.9,29.0,42.1,103.2,35.7,136.4,96.1,75.6,63.7,17.5,57.7,30.0,35.2,38.0,42.6,5.9,32.2,36.9,32.5,12.7,55.3,159.3,61.6,44.0,83.2,65.5,15.0,21
19.6,37.8,29.5,44.3,96.5,35.4,136.8,91.2,81.8,59.9,18.9,58.8,30.9,37.0,40.3,46.2,6.2,33.9,38.6,34.0,13.7,56.5,161.1,58.9,39.2,83.6,64.4,15.9,21
22.0,35.7,28.0,43.9,102.6,36.4,144.6,94.7,80.3,70.3,18.7,55.8,31.5,31.4,33.0,45.7,7.3,33.0,38.1,34.7,12.9,56.3,167.3,60.2,43.0,84.0,68.0,16.0,22
21.7,38.9,31.1,45.5,104.0,39.8,144.6,89.3,84.5,67.3,19.3,55.4,31.5,37.5,40.5,46.3,6.8,33.0,37.7,35.2,13.5,57.6,168.9,61.6,41.0,79.0,71.5,16.6,18
19.2,36.6,25.4,42.6,91.8,35.9,131.3,83.7,71.2,61.0,17.4,53.7,27.7,34.5,38.0,40.4,6.1,31.8,36.0,31.1,13.0,50.8,152.9,54.5,42.5,73.3,49.9,14.3,18
19.8,32.1,26.5,38.8,89.9,33.7,136.1,88.2,77.7,58.8,17.3,53.9,29.3,34.6,37.1,44.5,7.1,31.0,33.4,33.4,13.9,54.4,160.2,51.3,40.1,70.0,52.3,14.8,18
20.8,36.3,31.4,45.0,100.6,37.5,151.3,105.7,84.7,63.9,18.8,57.0,32.4,42.0,44.0,48.5,7.1,32.3,37.8,33.8,13.1,56.5,176.4,58.1,45.5,80.5,74.0,15.7,36
22.0,36.9,29.8,45.6,110.2,41.5,142.1,95.6,82.3,64.4,18.4,52.4,32.7,37.1,40.0,48.7,6.2,32.9,38.6,35.0,13.0,58.6,164.8,67.6,42.1,93.7,75.0,15.9,49
18.8,34.9,27.8,43.4,97.6,32.2,136.3,97.6,78.6,62.0,18.9,53.7,30.0,38.8,39.5,44.7,6.1,33.6,37.2,32.4,13.1,53.0,158.7,57.6,43.2,86.7,60.4,15.1,52
19.8,34.3,24.0,38.1,82.2,31.8,127.2,80.8,74.0,53.4,18.2,57.3,28.8,34.0,37.0,43.0,5.4,29.6,32.8,29.8,14.6,51.4,149.2,47.4,37.0,64.1,43.0,13.7,22
20.9,37.5,34.3,49.1,106.3,36.5,132.2,108.2,72.4,63.5,19.8,58.0,30.2,38.7,40.5,43.1,5.7,36.8,40.7,32.1,13.4,52.0,156.7,63.2,42.6,95.1,75.0,15.7,29
21.8,39.1,31.1,47.9,110.3,37.2,134.2,100.2,79.6,65.5,20.0,56.6,33.8,40.5,41.8,44.5,6.3,33.0,37.8,34.0,14.8,56.7,156.3,65.6,36.1,84.5,71.6,15.6,27
20.4,37.6,34.3,46.3,101.9,35.9,142.7,96.6,81.6,65.9,19.4,56.7,31.3,40.3,41.2,46.4,7.4,33.6,37.6,34.7,13.2,57.0,166.3,61.8,42.5,87.6,72.3,15.3,41
22.4,38.6,32.5,47.6,108.1,40.3,138.2,103.0,74.9,65.2,19.4,57.1,32.2,40.6,41.5,43.9,5.8,34.5,39.2,32.9,14.3,53.6,161.7,66.2,44.1,95.1,76.5,15.5,19
21.2,40.6,29.5,45.6,96.9,37.3,145.1,90.4,85.3,62.9,18.5,56.3,31.7,37.0,41.5,49.3,6.8,31.5,35.5,36.0,15.9,61.9,168.3,57.8,41.3,79.0,66.0,15.0,21
20.5,36.6,26.8,42.4,97.9,36.7,140.0,91.4,80.5,63.0,17.4,55.6,30.8,37.6,40.6,45.5,6.8,31.5,36.0,32.8,14.0,54.0,163.6,58.8,41.3,75.2,60.0,14.5,21
23.8,37.0,31.5,45.9,100.8,43.0,139.9,93.3,80.6,60.8,18.1,56.9,31.7,35.6,38.2,45.7,6.7,31.5,35.9,33.0,12.7,56.0,162.8,61.9,41.3,80.7,69.5,14.8,21
21.7,34.8,29.8,44.2,98.4,37.3,130.9,91.7,75.2,63.6,18.6,54.4,30.9,39.1,40.3,42.5,6.6,30.8,36.2,32.1,12.0,53.2,153.6,61.3,38.4,85.2,63.7,15.6,20
20.8,37.6,28.3,43.6,98.9,35.7,130.2,87.4,72.0,58.0,18.9,58.8,30.7,35.6,39.0,40.5,6.6,32.6,37.1,32.4,12.5,53.3,153.0,58.5,42.1,88.0,60.2,15.4,18
24.5,37.5,32.8,47.4,110.5,40.5,145.5,102.2,84.0,71.9,19.3,56.5,32.8,39.6,41.6,47.3,6.7,33.8,39.0,36.4,13.4,60.5,167.8,67.0,41.4,91.3,81.5,16.4,19
22.7,37.0,31.5,47.7,105.4,37.8,145.6,95.6,85.1,61.8,20.0,58.0,34.4,36.8,39.0,46.4,6.2,33.8,38.6,35.4,13.9,60.1,168.2,63.0,44.1,88.5,77.3,17.0,19
20.3,35.5,28.8,42.8,90.0,32.7,137.6,85.0,80.4,56.8,18.8,52.0,30.0,38.6,40.0,44.1,6.2,31.7,36.1,33.1,12.6,54.6,158.5,52.3,40.8,74.2,53.7,15.6,25
23.8,35.0,29.7,44.1,100.2,40.7,136.9,91.2,79.7,64.0,17.9,56.6,31.3,38.5,39.6,45.2,6.2,31.8,35.0,34.8,13.5,56.5,158.8,63.4,41.2,82.6,67.2,14.5,29
22.9,39.8,29.6,45.2,99.3,35.2,149.4,89.5,87.6,65.6,20.5,58.8,34.6,38.1,41.0,50.1,6.9,32.5,37.6,36.7,14.7,60.0,171.8,61.2,43.1,82.0,69.8,16.0,20
22.6,34.4,36.0,49.1,117.6,37.0,140.2,102.1,79.0,65.2,19.1,54.5,31.0,40.2,40.6,44.8,6.3,35.5,39.0,35.4,12.3,57.8,165.5,68.1,46.4,101.0,80.9,15.7,19
21.2,39.0,28.9,43.7,105.3,38.8,146.2,89.3,85.4,62.3,18.2,56.3,32.0,35.2,38.5,47.5,6.4,32.6,36.5,35.2,12.1,57.7,170.5,64.7,45.0,82.0,72.2,15.0,23
21.7,34.8,29.4,42.7,96.5,39.4,137.3,97.6,77.5,57.0,18.7,54.9,30.7,36.6,39.1,44.1,6.8,32.1,37.0,32.0,12.4,54.3,160.8,54.1,42.5,79.2,63.0,15.8,20
22.1,36.5,31.4,45.1,98.9,39.3,137.7,88.6,82.9,59.9,20.1,58.5,30.1,37.0,40.5,46.1,6.6,33.0,36.6,35.4,13.9,59.4,160.7,59.2,39.1,76.6,65.4,15.3,21
21.6,32.7,25.1,39.3,90.0,32.8,126.3,84.7,70.0,60.6,17.5,53.5,29.3,35.4,37.0,40.4,6.6,30.7,35.2,31.3,11.7,48.8,149.0,51.8,39.8,72.8,48.4,15.2,21
20.7,35.7,30.5,45.8,98.7,36.5,133.4,95.6,77.3,59.1,18.2,55.8,31.3,35.6,37.0,43.5,6.7,33.5,37.5,31.8,12.9,53.0,156.3,61.0,42.0,89.5,65.3,14.7,18
21.6,34.7,27.8,42.4,106.4,38.4,143.3,82.4,84.6,63.9,18.7,57.1,33.0,33.6,37.0,47.7,7.4,33.0,36.5,34.8,13.4,56.8,167.7,63.2,41.5,81.1,66.9,14.8,19
21.1,36.4,28.8,44.7,102.5,36.7,140.5,94.5,77.7,67.9,18.7,56.3,30.4,38.5,39.9,45.6,6.3,33.6,37.8,33.8,12.6,56.9,161.5,62.5,40.9,85.6,66.8,15.4,22
22.2,36.8,30.6,44.8,107.6,40.7,132.1,90.7,78.9,66.7,18.2,59.2,31.6,36.5,39.5,43.5,6.2,31.6,36.1,32.8,13.1,54.7,157.0,64.3,36.0,77.2,67.2,15.7,18
20.5,35.3,27.6,43.6,103.4,35.4,132.2,88.7,73.3,65.1,17.5,53.7,29.8,37.2,40.0,43.0,6.0,30.5,34.5,31.7,12.8,52.8,156.3,62.3,38.3,82.6,59.7,14.4,26
22.6,35.9,31.5,46.4,98.3,37.7,139.5,92.9,78.2,60.5,18.7,55.8,30.7,36.6,38.6,45.9,6.4,33.9,37.1,34.1,12.7,56.4,162.7,61.5,42.8,84.4,65.8,15.2,30
20.3,38.8,28.0,42.0,99.0,35.1,150.1,86.3,88.7,61.6,19.0,60.0,31.7,34.2,38.5,49.8,6.8,34.2,39.0,35.6,14.0,58.2,174.3,58.7,43.0,75.6,65.7,15.0,29
21.3,36.4,31.5,45.5,105.0,37.4,140.2,91.7,78.6,64.9,18.9,57.8,32.8,38.0,40.5,45.5,6.5,33.5,36.0,31.9,14.3,54.7,163.5,60.4,41.5,89.3,68.1,16.0,54
22.5,36.9,34.3,50.7,119.3,40.5,146.2,107.0,84.2,65.8,19.3,58.0,32.7,40.0,41.6,48.0,5.9,35.6,40.3,37.1,13.3,60.6,169.9,70.4,46.5,105.9,89.4,16.7,27
22.7,36.0,32.7,43.8,103.5,39.3,127.1,88.3,72.8,63.0,17.7,57.0,29.4,37.0,39.6,40.7,5.7,35.0,38.1,31.4,13.5,51.1,150.3,65.4,37.4,78.1,64.3,15.0,21
25.8,37.8,35.3,48.7,111.6,43.5,139.0,110.3,77.0,68.2,18.7,56.6,32.7,43.3,44.1,43.9,5.7,36.4,40.5,33.1,15.1,53.5,163.7,67.1,44.6,93.2,85.7,17.4,37
20.7,34.5,29.3,42.1,93.5,34.7,131.7,85.4,75.4,57.8,19.2,56.3,30.9,36.5,37.2,43.4,6.1,31.7,36.7,31.4,11.5,51.5,154.4,57.6,40.5,74.6,56.0,15.4,23
23.1,36.1,31.6,45.5,96.2,38.4,126.3,90.8,72.0,59.4,18.3,56.4,28.8,39.6,41.0,40.7,6.0,32.0,35.9,31.9,12.0,52.0,149.3,60.3,39.7,80.1,61.3,15.4,18
21.8,38.4,28.0,44.0,101.0,35.3,141.0,91.3,79.9,60.0,18.9,55.7,31.4,35.0,38.0,45.2,6.7,34.2,38.0,34.7,12.5,56.6,164.5,58.4,45.5,92.8,66.2,15.8,18
25.7,39.4,30.7,44.4,102.5,42.5,147.3,92.3,84.2,67.2,20.2,53.4,34.5,37.0,40.8,47.6,7.2,33.3,38.4,36.0,14.2,59.1,170.7,60.3,43.8,80.6,71.9,18.0,19
19.6,35.6,26.5,41.9,96.7,36.9,138.2,88.9,78.4,61.8,17.7,55.6,29.3,39.5,42.3,44.9,6.7,31.2,35.4,31.8,13.6,52.2,161.1,57.9,41.4,74.9,58.6,14.0,19
22.2,36.5,30.5,43.1,92.6,37.7,131.7,84.5,75.0,55.2,19.4,56.2,29.9,33.2,35.8,42.8,5.8,32.8,37.8,32.2,12.7,51.2,154.3,55.3,42.0,76.7,57.6,15.4,19
20.7,35.9,27.1,40.9,93.2,34.4,137.1,87.4,77.6,56.9,17.0,57.0,29.3,35.1,36.6,44.0,6.3,31.4,34.9,33.3,13.0,53.5,160.4,55.5,41.9,74.8,56.0,14.2,19
22.0,33.7,29.8,42.4,99.0,39.9,136.7,85.1,77.8,57.5,17.8,55.6,31.6,33.6,35.5,43.3,6.1,32.4,36.3,33.5,11.7,54.0,158.8,59.3,43.0,79.8,61.6,14.9,34
24.7,33.7,28.5,39.7,91.2,37.0,131.9,81.1,74.2,61.8,19.6,56.8,31.4,33.2,35.7,43.2,6.1,31.7,36.2,32.2,12.7,50.8,154.3,54.9,39.2,72.2,53.3,16.2,18
21.3,35.4,29.0,44.2,103.4,36.5,139.4,99.8,80.3,62.0,19.0,53.7,31.5,39.3,40.5,45.5,6.5,31.7,37.0,33.1,13.0,54.0,163.0,62.7,41.6,88.8,67.8,15.2,29
23.7,39.9,31.2,46.8,100.0,37.8,144.1,97.4,81.0,67.9,18.7,58.8,32.5,40.5,43.6,44.3,5.9,35.7,40.8,32.5,16.4,53.8,167.4,58.2,42.3,78.4,77.6,16.2,20
22.7,36.1,30.7,46.1,101.2,38.4,133.4,93.5,72.6,68.2,17.3,57.8,31.1,42.0,42.6,41.7,6.4,30.8,35.0,32.4,14.2,54.0,156.0,62.1,40.3,77.8,65.8,14.5,19
21.7,34.9,29.0,44.9,99.7,37.0,138.9,100.1,77.8,63.8,18.3,56.5,30.7,33.0,33.5,46.0,6.1,32.7,37.9,33.3,11.3,55.0,162.0,59.1,44.0,93.0,66.6,15.4,18
21.7,36.3,27.7,41.6,95.7,35.0,139.0,79.0,77.8,60.5,18.2,54.1,30.4,33.2,37.0,44.1,6.4,30.7,35.7,31.6,13.7,53.7,161.3,58.4,41.6,74.0,54.9,15.4,19
21.3,36.3,26.1,42.1,92.7,35.0,131.8,85.4,74.2,55.2,18.4,55.2,31.7,32.5,37.0,42.8,6.1,30.8,34.2,31.5,13.4,50.8,154.1,52.9,41.9,81.8,53.9,14.7,23
22.5,36.8,37.4,49.6,115.3,39.9,136.2,105.6,77.0,64.2,19.4,57.7,32.6,39.5,41.4,45.7,6.7,34.5,39.3,32.2,13.0,54.7,159.5,70.4,44.3,102.6,81.4,14.7,28
23.8,33.5,29.5,45.5,95.0,36.3,137.5,92.3,79.4,58.5,18.5,56.4,31.1,30.5,31.5,44.1,6.7,32.0,36.5,34.0,11.6,54.7,160.0,57.4,43.6,79.6,61.1,15.5,21
23.8,36.6,30.1,44.9,107.8,42.7,143.6,94.2,82.6,69.0,18.8,57.5,33.1,38.4,41.8,46.6,6.5,33.4,39.5,35.6,13.2,57.6,169.0,66.2,41.8,86.5,77.7,15.8,20
25.5,33.0,33.6,44.8,104.6,41.1,139.8,93.0,79.1,65.3,18.8,57.0,31.4,35.4,38.0,44.3,6.4,32.8,37.7,32.4,13.0,53.0,161.2,63.9,44.4,89.2,72.5,16.1,18
21.7,34.5,33.3,45.8,99.5,37.2,132.4,94.5,73.9,58.5,19.7,53.7,29.6,37.7,38.7,42.6,6.0,35.5,39.2,31.5,12.0,51.8,155.9,62.4,44.7,89.1,66.4,15.8,39
24.4,37.6,31.5,49.2,111.0,39.9,142.6,103.7,81.3,63.9,20.5,56.7,32.9,41.2,41.9,47.6,6.5,33.1,37.7,34.6,14.0,59.1,167.8,64.5,45.0,98.5,80.6,16.5,20
20.1,33.0,25.6,40.2,94.9,33.8,137.8,83.6,78.5,59.5,17.8,54.7,29.6,31.1,34.5,44.0,6.4,29.8,34.0,32.7,13.8,53.6,160.8,53.3,41.3,76.7,52.2,15.1,23
21.6,34.7,25.0,39.2,88.1,33.3,132.6,79.0,71.9,55.0,18.4,55.3,29.2,33.0,36.1,41.5,6.7,29.9,35.0,31.5,12.2,51.1,155.9,51.0,43.2,69.8,47.8,15.4,20
22.0,37.6,34.2,50.5,111.3,41.6,144.4,104.0,85.8,61.6,18.8,57.2,31.6,41.0,42.6,48.0,7.5,37.0,39.7,33.9,13.4,56.0,168.3,70.8,43.5,103.1,84.5,15.5,29
22.5,38.3,30.8,48.6,106.0,37.4,134.8,98.5,76.9,60.0,18.2,56.8,32.4,40.4,41.4,44.5,6.3,33.2,37.8,32.3,13.7,54.4,158.6,60.8,41.8,86.9,68.5,14.8,18
23.5,34.9,31.3,42.0,98.3,37.7,141.9,93.2,81.1,58.9,18.4,55.4,30.5,34.0,36.5,45.6,5.9,32.8,37.0,32.3,13.3,55.1,164.6,58.2,43.4,85.3,64.6,16.0,18
22.0,36.7,29.4,43.3,101.9,37.6,141.5,90.8,81.1,69.2,19.4,59.7,33.5,36.0,39.4,45.2,7.3,34.0,38.2,32.0,14.0,53.6,165.6,60.7,40.5,78.8,67.9,16.3,18
20.8,34.3,27.8,40.2,90.1,35.0,128.7,82.0,72.9,54.9,18.3,57.7,30.3,35.0,36.7,40.9,6.5,31.7,37.7,30.1,12.4,50.2,151.5,54.5,40.3,75.5,50.9,15.2,19
22.7,40.0,32.3,47.1,101.8,38.9,150.4,95.3,86.3,64.2,20.1,55.7,33.3,35.1,39.5,49.5,6.5,32.7,39.6,36.2,13.6,59.2,175.4,60.7,45.2,86.8,74.5,16.4,24
23.0,38.1,30.0,45.5,102.8,39.2,146.0,93.4,82.8,58.4,20.0,59.3,31.7,38.3,41.5,46.8,7.1,33.0,37.7,34.8,15.0,56.8,169.9,59.2,46.6,77.3,67.0,15.7,23
19.5,33.6,26.3,41.7,94.0,32.7,134.4,96.9,75.0,59.9,18.8,56.7,29.7,36.2,37.1,44.3,6.4,32.8,36.1,33.5,11.4,54.6,157.3,53.5,41.2,84.7,57.3,15.0,41
21.5,32.2,28.6,41.6,98.2,36.3,142.2,84.1,82.0,60.5,17.7,53.8,30.0,35.0,37.0,46.6,7.1,31.0,35.5,34.5,12.0,56.5,165.7,56.6,42.4,79.9,59.7,15.0,23
22.9,33.4,28.0,45.2,97.3,38.3,141.1,99.8,80.8,59.9,19.2,56.8,31.6,35.0,37.0,46.2,6.5,31.8,35.4,35.0,12.5,57.2,165.5,57.0,44.3,89.5,66.5,16.0,24
20.2,33.5,25.9,41.3,89.6,34.7,127.6,82.6,72.7,58.0,17.6,53.6,29.3,33.0,36.5,41.7,5.9,30.2,33.8,30.1,12.7,50.0,150.2,53.2,37.4,74.0,50.5,14.6,24
22.3,35.0,33.1,45.7,107.4,39.3,141.1,95.3,77.3,63.8,18.2,56.8,32.2,38.1,38.5,43.4,6.8,34.6,39.1,32.2,11.7,54.0,165.3,63.4,46.5,92.7,74.9,15.9,28
24.9,37.1,33.0,46.3,104.6,39.2,139.2,100.1,76.5,65.5,20.3,55.8,32.2,41.1,43.5,43.6,6.7,35.5,39.9,33.5,13.9,53.7,163.3,64.9,44.0,90.5,75.6,16.5,18
21.1,36.4,33.6,45.7,95.3,36.6,136.1,95.6,78.7,58.0,18.2,53.0,29.3,34.2,37.0,44.4,5.7,30.9,36.8,34.1,13.4,56.8,158.5,59.9,41.3,83.7,63.4,15.0,24
23.7,35.3,32.3,46.4,112.3,41.3,138.9,97.5,75.1,66.1,19.9,56.5,32.4,37.0,38.1,45.1,5.7,34.7,40.0,34.4,12.3,56.2,163.2,67.3,43.0,89.6,76.8,16.8,19
23.0,37.6,34.9,48.8,112.2,40.3,136.9,101.9,77.3,65.4,19.4,55.5,31.1,38.5,41.7,44.8,6.4,36.1,39.9,33.6,12.8,56.0,161.6,68.3,43.0,96.8,80.4,17.0,20
22.2,36.8,32.3,46.4,109.1,40.0,143.7,97.1,81.5,64.0,18.3,54.7,31.2,38.7,40.5,45.4,7.3,34.2,38.5,32.8,14.8,55.5,167.0,65.2,45.0,94.1,76.2,15.7,32
19.0,35.4,26.5,40.9,91.9,33.2,138.0,89.0,76.6,59.9,17.3,55.6,28.7,36.4,38.1,43.6,6.2,30.8,36.2,32.9,11.7,52.7,163.2,51.7,42.1,69.8,52.6,14.0,31
21.7,39.3,29.0,45.2,98.3,37.7,141.7,83.4,85.5,63.0,18.0,61.1,34.1,40.0,43.2,48.7,6.7,30.6,34.7,35.7,14.5,59.0,164.8,61.7,40.6,78.5,65.3,14.9,41
20.7,34.6,34.0,46.1,103.0,37.3,135.4,104.6,80.1,55.3,19.1,57.4,31.5,36.6,38.6,45.6,5.7,34.6,38.0,35.0,12.4,57.7,157.6,62.5,43.9,92.8,72.6,15.2,42
20.1,36.0,24.0,43.7,91.5,34.2,137.5,92.0,76.2,57.9,16.7,54.7,29.7,35.5,38.0,43.4,6.4,31.6,36.4,32.8,12.9,54.0,160.6,53.8,43.2,78.3,55.7,13.9,31
22.7,37.0,28.9,41.8,98.1,35.9,142.0,86.9,79.3,63.9,19.0,55.2,32.4,36.1,38.3,46.2,7.0,31.0,35.6,33.6,13.0,55.0,165.2,57.3,43.0,77.2,59.9,15.4,27
22.7,37.0,31.3,47.5,107.1,39.3,139.4,100.3,80.0,59.0,18.5,56.7,29.7,38.5,40.5,45.3,6.7,32.0,37.0,32.2,13.5,53.5,162.5,63.6,44.6,97.0,75.9,14.5,24
20.2,33.5,30.6,41.7,96.0,35.3,137.2,95.5,77.8,59.5,17.8,52.7,30.0,36.3,37.7,44.7,6.7,34.1,37.6,31.7,12.2,51.0,159.8,58.6,44.0,88.0,60.7,15.3,28
19.7,35.2,29.2,45.9,106.4,33.8,137.6,106.8,76.5,64.8,17.7,55.1,30.4,36.7,38.5,42.8,5.8,32.4,36.2,34.7,12.1,56.2,161.8,61.5,39.6,94.6,66.9,14.6,28
21.3,36.2,28.2,43.4,101.4,37.4,142.6,98.8,80.4,65.0,18.1,54.7,30.7,38.1,39.7,45.8,5.9,34.3,39.1,34.2,12.5,56.1,167.4,58.7,40.9,91.5,69.7,16.5,36
20.5,36.7,29.2,44.9,102.5,35.3,132.7,91.2,72.0,62.3,17.2,55.7,30.1,37.5,40.7,42.7,5.7,31.8,35.9,31.3,14.1,50.9,156.3,59.7,40.6,85.5,61.4,14.7,27
21.6,39.3,30.1,45.6,109.8,36.0,147.5,102.7,82.1,71.8,19.1,57.2,33.7,36.9,41.1,47.5,6.3,33.7,38.5,34.7,14.7,56.6,172.8,62.9,40.6,88.1,74.2,16.5,39
20.9,36.5,28.7,46.1,105.5,37.2,136.4,99.5,75.3,63.6,18.2,54.8,29.5,40.5,41.0,43.0,5.6,32.7,36.7,32.2,13.5,52.5,159.0,63.1,41.7,85.5,67.1,15.0,29
19.6,38.2,27.5,46.1,97.4,35.8,139.2,83.4,80.2,57.0,17.9,55.6,29.6,36.1,39.2,45.8,6.4,32.4,37.6,35.4,14.1,55.3,163.6,58.2,39.7,82.5,57.7,14.9,28
21.7,37.5,35.9,48.4,106.1,41.1,140.5,97.2,80.3,65.5,18.8,57.4,33.3,40.1,41.5,46.8,6.4,35.4,40.7,33.8,14.9,55.0,165.5,66.2,42.0,93.9,80.3,16.0,44
20.6,37.5,30.9,44.0,100.3,35.7,145.3,92.8,81.0,62.1,18.7,56.0,31.4,34.8,38.0,45.6,5.9,30.9,35.1,34.7,14.4,55.6,170.7,57.7,45.1,83.7,63.4,15.9,41
22.6,36.6,30.1,43.4,106.2,38.9,142.6,89.1,81.4,62.2,17.8,56.2,30.5,34.5,36.7,46.2,6.8,31.8,38.8,33.5,13.9,54.7,167.6,63.2,42.4,82.2,68.1,15.5,21
24.0,36.7,29.9,45.0,108.3,39.4,137.9,99.8,74.9,66.1,18.7,58.0,32.8,40.6,42.7,43.7,6.6,32.9,38.6,34.4,13.7,55.5,163.3,63.9,41.6,89.5,73.4,16.0,19
22.0,37.6,30.2,46.7,103.2,38.4,137.2,98.3,76.3,66.0,18.7,56.7,31.1,40.1,41.7,44.3,6.6,34.5,38.2,33.4,13.9,53.2,160.7,61.8,38.9,80.3,67.2,15.2,19
21.4,33.8,30.5,43.3,103.6,37.7,138.2,91.9,73.9,65.2,18.1,54.8,29.7,32.3,36.7,42.5,5.9,31.0,34.9,32.5,13.2,51.2,161.8,59.9,44.0,91.1,66.2,14.7,27
21.7,37.7,30.0,45.7,108.6,37.8,147.0,91.6,80.1,69.0,18.1,55.2,30.7,37.4,39.0,47.4,6.8,32.6,36.2,34.1,13.5,53.5,170.8,63.7,44.1,82.2,70.3,16.2,20
23.6,37.5,28.9,45.2,102.2,38.7,147.4,92.0,82.7,67.1,18.7,57.6,31.7,40.0,41.5,47.4,6.5,33.4,38.5,35.0,13.4,55.6,173.5,60.8,41.5,79.0,70.9,16.4,22
19.7,37.8,28.1,44.5,91.5,34.6,147.9,85.5,85.0,58.9,18.5,57.5,30.7,34.1,37.9,47.6,6.1,31.8,37.9,36.2,13.5,58.5,171.5,53.0,41.5,70.0,58.6,15.2,24
19.7,35.1,27.7,41.6,89.8,32.7,134.7,92.3,73.7,56.9,17.0,52.3,28.2,32.9,36.0,42.9,6.1,30.3,34.2,31.7,13.5,52.0,157.0,51.6,41.2,72.7,49.3,14.4,42
22.7,36.4,35.4,44.7,104.5,41.4,139.3,98.8,76.9,71.2,18.3,56.5,31.8,39.0,40.6,44.3,6.2,33.2,37.6,34.0,13.0,53.2,164.2,64.5,39.6,84.9,73.3,15.2,38
22.7,37.5,34.6,49.8,117.0,43.9,152.9,109.8,82.6,65.7,20.1,58.2,33.4,39.2,41.0,49.3,6.7,35.8,40.9,36.6,14.2,58.1,178.8,72.8,51.5,117.4,99.6,17.2,40
22.6,34.6,31.9,43.7,103.5,35.1,136.4,91.3,78.5,62.3,18.3,54.6,31.7,38.3,39.1,44.7,6.0,34.1,36.4,33.3,12.2,54.2,160.0,61.9,40.6,83.7,64.8,14.9,43
22.6,36.6,34.8,47.3,103.3,40.7,142.8,93.6,77.5,67.5,18.0,54.7,30.7,41.5,42.0,44.9,5.9,31.4,35.7,34.4,14.5,56.0,167.5,64.6,43.7,83.5,72.9,15.0,26
22.3,36.3,37.5,47.9,116.5,41.3,141.8,109.3,77.6,60.9,19.7,53.1,31.1,42.3,43.3,44.0,6.4,39.2,43.2,34.6,14.9,53.5,163.4,70.2,50.6,111.4,90.2,16.7,48
22.9,34.3,35.4,45.2,107.8,43.3,134.8,103.7,73.4,62.3,18.6,53.9,29.7,35.6,36.9,41.4,5.6,33.8,36.7,34.4,12.6,52.2,157.6,64.7,45.3,96.0,75.4,15.4,41
22.0,38.8,30.0,43.0,98.8,37.8,136.0,90.3,77.8,60.5,17.8,56.0,31.7,37.2,40.5,43.9,6.3,32.8,36.1,33.4,15.4,54.1,159.9,62.9,42.6,81.4,65.4,15.8,21
23.6,36.2,32.6,44.8,105.4,43.2,135.1,88.3,76.1,62.3,19.4,56.9,31.3,39.0,39.2,44.7,6.8,33.9,37.7,32.0,13.0,51.2,159.8,67.2,39.9,82.4,70.8,16.1,29
20.2,34.8,31.5,45.5,101.6,36.2,131.9,98.6,72.8,66.0,18.3,55.4,29.1,37.1,38.5,42.2,5.7,34.1,37.7,32.0,12.9,50.0,154.8,60.0,39.3,88.9,64.7,14.9,30
22.2,36.7,30.1,44.2,99.3,36.7,137.7,92.0,78.7,59.0,18.8,58.7,31.9,39.1,41.1,45.8,6.2,33.1,36.8,32.8,13.5,54.2,160.7,59.3,43.1,79.0,63.1,15.5,18
21.7,35.1,31.6,44.2,102.7,37.8,144.0,90.4,80.4,58.5,18.5,56.9,31.5,33.6,36.6,45.3,5.8,34.2,37.8,34.5,12.9,56.5,168.6,62.8,46.0,77.5,66.6,15.1,32
23.7,35.5,29.5,43.2,100.3,40.7,140.2,86.5,74.7,66.0,18.8,57.5,32.0,34.5,36.2,42.5,5.9,33.3,37.3,32.1,11.9,52.6,164.0,61.7,45.0,82.7,66.7,15.2,42
22.3,34.3,28.8,40.5,90.3,34.4,134.0,86.4,74.1,56.0,16.4,54.2,28.7,31.4,34.1,41.4,5.9,29.7,33.5,32.4,12.7,53.1,156.3,53.0,41.9,70.7,49.7,13.8,24
20.3,35.1,27.8,42.0,95.3,34.0,134.8,84.8,75.1,57.5,17.3,55.5,29.6,31.6,33.7,43.1,5.7,30.4,34.4,31.2,12.0,52.5,159.1,57.9,42.7,78.8,55.8,14.0,32
22.0,35.4,38.8,50.7,116.0,42.2,144.6,109.7,83.9,66.7,19.7,56.3,32.2,42.6,43.2,47.2,6.3,36.8,39.7,36.9,14.3,59.5,167.8,70.1,43.5,98.2,92.1,16.6,29
23.6,36.6,29.2,44.1,104.4,39.4,142.7,93.7,80.6,59.2,19.7,58.7,32.7,39.5,42.3,45.7,6.4,31.3,35.5,33.4,14.4,54.5,167.0,64.2,45.1,80.4,69.5,15.4,18
20.4,34.8,25.8,44.5,91.4,34.4,129.6,94.7,71.8,60.3,17.1,57.7,29.1,40.5,41.9,40.3,6.4,31.8,36.7,30.7,11.4,51.4,152.9,53.8,40.6,84.7,56.3,14.8,19
21.8,35.7,29.0,42.9,97.0,35.7,139.0,86.0,77.8,58.5,20.6,52.7,31.9,35.5,36.7,45.0,6.9,33.0,36.7,32.5,13.8,53.5,161.6,57.8,43.4,75.7,60.3,16.2,18
21.7,39.7,29.0,45.4,102.2,38.8,139.6,95.9,78.5,56.8,19.6,54.4,30.7,35.8,39.5,45.1,6.4,32.1,36.6,32.6,15.7,53.7,162.0,60.2,44.8,86.0,64.7,15.5,21
22.7,35.2,31.9,46.4,104.1,39.4,127.8,94.5,70.9,58.4,17.7,55.5,30.7,39.0,40.0,40.4,5.7,33.2,36.8,28.3,13.6,49.1,151.0,63.2,38.0,82.7,64.2,14.5,21
23.9,37.2,31.7,47.1,106.9,39.1,136.9,102.2,76.1,67.4,18.7,57.1,31.2,40.0,42.0,43.2,5.4,31.8,36.9,30.3,13.6,51.0,162.6,64.7,40.5,85.2,70.1,15.3,28
20.2,36.1,28.9,42.1,98.5,37.0,135.8,85.9,76.0,58.8,17.9,55.4,29.9,33.0,36.8,43.8,6.4,31.7,36.0,32.2,13.4,53.7,160.0,58.6,44.0,81.5,58.3,15.2,25
25.0,39.2,32.3,50.5,110.8,42.0,143.5,107.6,78.2,68.9,20.7,58.5,34.0,40.0,42.1,47.1,7.6,36.3,40.2,34.4,14.6,56.8,167.9,67.0,45.4,96.6,84.3,17.1,25
21.5,36.1,30.0,46.2,106.8,36.5,135.2,105.5,73.6,61.2,18.5,55.7,30.3,40.7,41.0,43.0,6.2,33.6,37.0,31.9,13.5,54.0,160.0,63.5,43.5,92.8,69.6,15.7,22
20.8,35.2,33.3,48.8,106.2,38.0,138.4,107.2,78.7,60.3,19.7,57.8,31.6,40.8,40.0,45.3,6.0,34.2,38.4,33.4,12.2,54.4,161.8,62.1,42.5,90.6,73.5,15.6,41
18.3,35.0,25.5,40.0,85.9,30.8,138.1,86.3,78.9,52.3,17.2,52.7,28.8,35.6,37.2,43.2,5.9,31.9,36.8,32.8,12.2,52.4,162.9,49.5,42.4,72.9,47.0,14.6,43
20.7,37.5,27.8,42.6,97.3,36.4,141.3,90.1,78.6,60.2,18.5,57.3,30.5,34.2,39.2,45.6,6.1,30.5,36.9,34.5,13.5,56.6,165.1,58.4,43.3,77.5,60.8,14.9,33
19.7,35.2,25.9,40.3,93.3,33.3,137.3,79.1,79.6,57.1,18.3,56.3,31.1,31.5,37.0,45.5,5.7,29.4,34.0,34.1,14.5,56.0,159.6,55.2,38.0,74.2,51.5,14.3,30
21.7,36.6,30.5,46.5,107.0,37.4,141.0,98.3,81.6,67.0,18.9,59.1,31.9,35.0,36.4,46.2,6.1,33.9,39.0,34.5,11.7,56.6,165.4,65.1,41.7,88.2,71.7,15.0,45
21.2,40.4,35.4,50.0,116.7,37.8,153.3,103.5,89.7,71.1,19.6,59.4,33.3,38.2,42.1,50.7,6.6,36.2,43.3,36.3,14.6,62.5,177.6,70.8,44.6,99.5,88.9,16.1,25
20.6,35.0,28.6,39.7,95.6,34.1,132.5,84.5,74.2,59.0,18.9,53.8,32.0,34.2,36.5,41.7,6.3,30.7,35.5,31.3,12.5,48.3,154.6,55.5,40.3,70.5,53.2,14.5,38
24.1,37.5,32.8,47.0,99.9,40.0,144.0,99.0,81.3,59.7,19.7,56.7,32.6,39.2,41.2,46.0,6.6,31.5,36.5,34.2,14.0,57.0,167.6,59.8,43.6,87.6,74.7,15.4,35
23.1,35.7,31.9,44.7,101.8,37.4,132.9,92.4,74.0,62.4,18.2,54.1,30.0,35.5,38.5,43.7,6.1,32.0,37.5,30.8,13.4,51.2,158.5,61.9,37.5,77.5,62.2,14.8,30
20.9,35.7,30.6,46.3,92.4,34.8,133.8,89.9,72.9,63.1,18.9,54.8,29.3,37.0,38.7,43.1,6.4,31.2,36.6,32.6,12.8,51.7,159.4,53.8,38.5,73.3,57.4,15.6,35
21.0,38.2,25.3,43.4,95.0,35.3,139.9,87.0,75.5,62.9,17.7,55.1,30.1,33.7,38.1,43.3,6.3,31.2,35.9,32.2,15.1,53.2,162.9,54.1,43.7,78.1,56.5,15.0,22
23.0,36.5,29.7,45.2,101.7,38.3,134.4,97.2,76.9,61.4,17.5,57.7,30.4,40.8,42.2,43.1,6.9,32.0,36.4,32.1,13.2,53.0,158.1,60.9,38.8,84.0,64.6,15.3,22
19.5,33.3,28.4,40.6,90.2,34.0,138.2,85.5,77.3,56.5,16.9,53.3,28.7,32.0,33.1,43.8,6.6,31.3,37.0,34.2,10.8,53.7,161.4,53.1,41.3,75.1,52.9,14.0,28
20.8,36.6,32.4,46.7,101.2,37.7,131.2,94.7,72.6,59.3,17.1,54.9,28.9,39.5,40.0,41.2,5.9,33.8,38.7,31.7,13.1,51.4,155.9,63.0,39.0,83.4,64.8,15.2,27
21.8,37.7,30.0,46.1,105.4,38.0,145.3,96.7,83.1,63.5,19.2,59.7,32.2,39.0,40.1,47.9,5.9,32.8,37.3,34.5,14.9,57.0,169.7,63.3,41.8,87.8,75.1,15.7,27
23.7,38.7,34.2,49.4,103.1,38.7,143.4,102.6,78.9,61.7,20.3,57.7,32.2,40.5,43.1,45.5,5.7,34.0,36.9,34.7,13.7,57.3,167.4,62.8,44.4,87.9,74.0,17.1,27
21.7,37.8,33.4,45.6,103.9,38.8,145.5,101.8,80.5,56.5,18.7,56.2,31.8,38.7,40.1,46.7,5.7,33.3,38.5,36.1,14.6,59.8,169.2,61.8,47.0,97.4,75.8,15.4,31
21.8,34.4,29.5,40.9,90.3,36.7,137.3,84.9,75.3,55.6,16.8,53.9,30.1,35.7,38.0,43.4,5.8,30.3,34.8,32.7,12.8,53.2,161.5,54.3,44.0,76.0,55.4,14.5,31
21.2,35.0,35.2,47.3,107.5,39.2,151.1,104.5,87.4,68.0,19.6,59.5,32.4,43.5,43.7,50.8,6.7,38.1,40.7,37.8,14.5,60.7,176.2,65.6,44.8,96.4,85.2,16.0,44
22.2,35.5,35.8,48.8,115.5,42.2,135.1,98.6,73.5,63.8,18.7,56.9,30.8,41.0,42.6,42.7,5.7,35.6,39.8,32.4,13.0,52.0,157.3,73.9,43.7,102.5,81.4,15.0,30
23.3,38.2,35.1,49.5,110.2,40.7,143.8,106.4,78.0,60.5,19.0,54.4,33.3,38.3,41.1,44.7,6.4,33.5,39.3,33.4,13.7,57.0,167.4,69.2,48.7,96.6,82.4,16.2,30
18.8,34.3,27.7,41.6,93.0,32.0,131.3,87.4,73.5,56.2,17.5,52.3,29.7,33.3,36.6,42.7,5.7,29.9,34.5,30.6,12.1,49.8,153.1,54.2,38.9,76.1,50.3,14.3,45
20.7,35.4,28.5,42.3,99.8,37.2,129.0,96.4,70.4,57.7,17.3,55.3,28.5,38.0,39.5,39.0,5.7,31.1,35.6,31.2,13.1,52.3,150.5,60.1,43.0,90.5,60.7,14.0,28
21.9,39.0,30.0,44.2,100.7,37.4,147.3,85.8,84.2,65.0,20.6,59.0,32.7,38.1,40.5,48.5,6.3,34.3,38.2,34.2,14.3,57.4,170.0,61.8,46.2,85.1,69.2,16.0,26
22.0,34.5,30.5,45.3,98.1,37.7,130.6,99.2,72.5,58.9,17.7,55.5,29.4,38.5,38.5,41.8,5.7,31.7,34.7,30.8,12.3,50.5,153.9,59.1,40.3,90.3,64.0,14.9,30
22.5,37.1,31.2,44.1,98.9,37.5,139.0,88.5,76.4,62.4,19.2,55.5,31.1,36.7,38.7,42.2,6.5,32.4,37.3,35.1,13.8,56.3,162.0,59.6,44.0,82.0,65.0,16.1,21
20.7,36.8,27.4,41.9,93.5,34.4,147.0,82.8,80.4,65.7,18.9,54.5,30.2,35.5,39.0,46.2,6.3,32.0,36.5,35.4,13.0,56.2,171.2,54.5,43.0,71.9,58.0,15.5,18
22.7,37.6,27.6,43.0,101.0,37.4,132.7,92.7,73.0,61.1,18.8,55.4,30.1,34.4,37.2,42.2,6.3,31.4,38.1,32.4,13.7,52.8,155.4,60.3,40.0,81.0,60.1,15.0,18
20.5,35.1,27.8,41.7,98.5,36.4,135.7,82.1,76.4,59.2,18.2,63.4,29.5,35.6,37.8,43.0,5.7,33.8,38.3,31.3,11.4,52.0,159.8,59.0,41.8,72.8,60.1,15.0,22
22.7,32.3,31.5,44.3,100.2,38.8,138.3,96.8,78.7,61.2,18.8,55.8,32.0,40.5,40.5,44.7,6.0,34.0,37.6,32.5,12.7,53.5,161.2,60.7,42.0,84.5,66.4,15.4,19
23.2,37.8,30.9,43.7,105.3,38.7,147.8,85.7,86.7,62.5,19.9,58.5,32.3,36.2,40.0,48.0,6.5,31.4,35.5,34.9,15.1,57.5,170.7,63.6,45.4,80.6,70.3,15.5,40
22.0,35.2,29.0,44.6,98.0,38.2,136.4,92.2,77.5,63.3,18.1,56.2,29.3,35.6,40.0,44.0,6.0,31.4,37.0,30.3,13.8,50.5,161.1,63.0,39.6,76.4,61.6,14.7,22
20.2,35.4,30.2,45.4,97.5,36.2,137.1,96.7,72.1,60.4,17.7,55.8,29.0,41.6,42.0,42.0,5.9,35.5,37.4,31.9,12.7,51.7,159.9,58.5,47.4,85.4,65.4,14.9,33
21.0,35.0,30.5,42.9,96.4,34.2,133.1,84.8,77.0,57.5,18.5,58.3,30.3,38.0,38.5,45.1,5.7,31.1,35.5,32.1,12.2,53.8,156.9,58.3,37.9,74.7,58.9,15.4,22
19.2,37.1,27.4,42.0,90.2,34.4,142.4,86.4,78.3,59.9,17.0,52.1,28.3,34.4,37.0,43.5,5.8,29.6,35.6,33.9,13.6,53.7,166.3,53.3,42.0,65.6,52.4,14.0,33
22.9,36.6,31.4,45.3,101.6,40.0,142.1,96.2,78.6,60.6,18.6,55.9,31.0,36.0,37.1,44.2,5.9,32.2,37.5,33.7,13.6,55.5,166.6,62.3,45.4,88.6,70.6,15.5,18
23.4,37.9,32.0,44.1,99.8,38.5,143.4,83.7,79.4,62.0,18.7,58.7,31.3,34.4,39.7,44.0,6.3,32.4,38.2,33.2,13.4,54.2,165.9,62.1,43.5,80.1,67.6,15.5,33
20.2,34.5,28.6,43.6,96.6,35.8,131.2,96.5,73.0,57.8,18.6,58.1,29.6,36.2,37.1,41.7,5.4,33.0,36.2,31.8,12.3,54.0,154.3,57.7,42.5,89.5,62.3,14.8,27
22.4,35.3,29.0,45.7,99.8,36.2,134.9,93.1,75.3,57.8,17.3,53.7,30.0,39.0,39.2,44.1,7.0,30.9,37.0,31.8,12.3,52.5,157.1,58.5,43.3,91.6,62.8,15.0,20
20.7,34.0,25.3,39.3,90.8,36.5,139.3,79.5,77.3,56.8,17.1,54.3,28.3,38.4,40.0,42.7,5.7,31.2,37.3,33.1,12.7,52.2,161.8,51.2,41.3,68.1,50.3,14.4,18
20.4,35.2,27.0,44.2,99.6,35.8,139.2,91.0,75.7,64.2,17.8,52.6,29.7,37.5,39.0,43.3,6.4,30.4,36.0,32.7,12.8,54.6,161.0,59.4,42.5,79.0,59.9,14.5,23
23.2,36.9,27.9,41.5,92.2,36.1,129.6,78.6,74.5,61.0,17.7,55.5,29.3,35.1,39.6,42.1,5.3,28.7,34.0,29.9,14.5,49.5,151.2,58.6,36.4,68.0,50.8,13.8,19
19.9,35.0,27.9,42.4,88.4,32.9,132.9,78.5,74.2,52.3,18.7,55.0,30.0,29.5,32.0,42.5,5.8,32.0,37.5,31.9,11.1,52.7,155.5,53.7,43.5,72.5,52.0,15.0,18
23.2,38.7,34.7,49.3,105.5,39.9,148.2,105.0,80.9,65.9,19.4,57.2,31.9,40.0,41.2,47.4,6.2,35.0,41.6,35.0,13.5,56.6,172.9,64.3,47.3,94.2,83.1,16.8,19
20.5,36.3,30.0,44.1,95.0,36.2,135.1,96.4,76.4,58.7,18.9,52.5,29.0,32.2,33.2,43.1,6.0,33.4,38.7,33.2,12.7,54.0,159.3,58.5,41.0,83.8,62.2,15.8,20
22.5,36.9,31.8,48.3,102.7,39.5,135.9,97.3,77.0,59.9,18.0,58.7,30.9,41.0,42.1,44.6,5.9,33.0,38.2,33.5,13.1,55.6,160.9,60.5,40.4,88.3,70.6,15.6,22
21.6,36.7,28.9,45.3,103.2,36.7,141.2,91.7,81.2,59.7,18.7,55.6,31.0,36.3,38.3,45.8,6.7,32.2,38.0,34.6,13.0,56.0,164.8,61.3,42.0,90.7,66.7,16.1,18
20.4,36.8,32.5,44.0,104.5,40.4,139.2,95.3,78.4,60.8,18.7,57.8,30.3,37.1,39.5,45.3,5.8,33.3,36.9,33.4,13.2,54.7,163.1,62.9,42.6,87.8,73.0,15.3,30
24.4,39.2,34.1,49.8,112.9,41.7,146.0,103.2,80.1,67.4,20.4,58.3,33.3,41.7,43.7,46.4,6.5,35.5,38.5,35.4,14.5,58.2,171.2,67.1,45.6,98.0,84.2,16.8,35
21.2,33.6,28.6,41.1,95.5,35.6,131.6,79.9,74.3,60.7,18.2,51.8,29.3,37.0,39.5,42.8,6.0,31.7,36.0,31.7,13.9,50.5,154.1,57.8,38.7,79.4,54.9,15.3,19
21.4,38.2,28.7,42.7,98.1,37.4,144.3,86.4,83.4,63.9,19.1,56.7,32.0,40.0,42.2,47.5,5.9,31.8,36.6,32.4,14.3,57.1,166.3,60.1,41.8,75.4,60.9,15.4,20
21.0,36.9,30.5,46.0,98.6,37.9,138.4,99.0,77.3,64.6,17.9,57.4,29.3,39.0,41.3,45.2,6.4,32.7,37.2,34.5,12.5,57.0,161.4,58.2,41.3,84.4,67.0,15.1,20
23.7,34.6,30.5,45.1,101.3,41.0,137.4,100.6,77.5,59.0,18.7,57.4,31.7,42.0,42.1,44.1,5.6,36.7,39.7,34.1,12.5,55.2,159.8,60.2,44.6,86.0,71.1,15.5,20
20.6,33.4,29.2,43.7,100.6,36.8,137.0,95.1,74.9,60.8,18.8,55.0,30.6,38.0,39.4,44.2,6.4,33.0,36.9,33.7,12.2,53.7,161.7,58.7,41.8,86.5,65.5,14.6,40
21.3,38.3,33.8,49.0,105.3,39.7,143.4,99.9,77.8,61.8,18.0,56.1,30.3,42.0,44.0,44.9,6.4,34.4,38.6,33.5,14.2,55.5,165.8,63.8,48.1,90.0,77.1,15.3,23
22.9,36.6,28.6,44.9,100.2,38.2,140.8,93.5,78.3,61.9,18.8,58.7,31.7,37.0,39.7,43.5,5.6,32.2,37.0,35.0,13.1,58.0,164.2,61.7,42.0,76.9,66.8,15.4,18
24.4,38.3,27.7,44.8,106.6,39.0,145.6,90.5,82.2,67.8,17.5,57.4,31.7,37.7,40.5,46.9,6.7,31.4,37.8,34.0,14.1,55.7,169.8,64.8,43.2,86.3,70.7,15.3,19
25.0,37.7,32.3,47.3,102.7,40.3,143.0,104.5,80.2,59.6,20.3,57.5,33.1,41.5,43.0,45.7,6.7,34.4,38.7,32.5,13.4,54.0,164.8,62.7,43.9,93.6,75.7,16.5,18
24.7,37.2,35.4,48.1,111.6,45.1,151.5,99.0,86.4,68.8,20.1,56.8,35.5,44.0,45.0,50.6,7.5,33.3,38.2,35.1,14.1,57.1,175.6,69.5,43.5,86.6,85.7,17.0,22
24.7,35.6,28.4,43.7,101.8,39.7,142.2,92.2,80.9,64.6,18.4,57.0,33.0,35.0,38.0,46.8,6.0,34.2,40.6,36.0,13.0,57.5,165.1,60.2,41.0,84.2,67.8,15.2,19
21.8,36.1,30.0,43.7,99.8,37.0,139.0,89.3,77.4,59.1,18.8,57.7,30.0,39.1,40.5,44.3,6.9,31.4,36.2,32.4,13.0,53.8,163.4,60.8,42.8,81.9,63.0,15.4,24
22.4,37.5,33.6,46.7,102.5,39.9,148.4,88.2,84.7,65.7,19.7,61.0,32.5,36.5,37.2,47.5,6.2,33.7,38.8,36.1,13.2,59.2,170.9,64.8,42.2,79.4,74.5,16.5,18
20.7,40.1,28.2,42.7,91.8,33.4,145.9,82.8,86.0,58.8,17.9,56.6,31.3,37.3,41.5,47.9,6.4,31.4,36.3,34.5,15.5,57.4,168.6,52.1,39.8,74.6,56.4,14.9,20
22.2,36.9,34.7,48.9,104.0,38.8,140.9,100.9,75.7,62.6,18.1,55.0,31.3,31.5,33.3,43.5,6.5,31.9,35.9,33.1,12.5,54.7,164.5,60.5,45.4,87.8,72.1,15.7,22
22.1,36.3,29.2,45.1,98.0,37.7,134.3,92.5,77.7,59.3,18.2,55.0,30.7,37.1,38.5,44.9,5.6,33.2,36.5,32.2,13.0,55.4,156.5,60.6,40.0,83.5,64.6,15.4,19
18.1,32.9,23.5,39.4,85.3,30.4,131.8,80.5,74.7,56.7,16.7,54.4,28.4,36.5,38.0,42.7,5.4,29.4,33.7,31.7,11.8,53.6,153.7,48.6,40.0,69.0,44.4,13.4,18
22.4,34.5,28.8,42.3,98.2,35.8,129.4,91.8,68.4,62.8,17.4,53.8,28.7,30.5,32.5,40.5,5.9,31.6,36.5,30.6,12.3,48.6,151.1,58.0,41.1,80.0,59.1,15.0,19
23.6,35.7,32.6,44.7,103.4,37.2,142.3,94.1,82.1,67.4,19.1,55.0,31.6,37.0,38.7,46.7,5.9,33.8,37.6,33.4,12.2,54.0,164.9,63.5,41.2,84.8,69.6,16.6,22
21.3,35.0,25.7,38.5,87.6,32.8,123.6,80.8,68.6,56.5,17.2,54.4,27.7,32.0,35.2,39.2,5.3,30.4,34.4,29.0,12.5,47.6,145.8,51.0,38.3,69.4,44.5,14.0,21
23.3,39.4,30.4,45.3,99.7,40.3,150.9,89.3,87.1,63.4,19.7,56.6,34.8,38.0,41.0,50.3,6.9,34.4,38.4,35.9,14.5,61.1,175.9,61.6,44.5,76.5,72.6,15.5,26
25.7,35.5,32.1,46.3,109.0,42.6,132.6,90.4,72.3,63.0,19.6,54.7,30.4,39.2,40.4,40.8,5.9,32.9,36.4,31.5,12.1,49.7,155.8,67.5,42.0,88.5,70.7,15.6,18
22.4,37.5,29.4,45.9,98.0,36.2,142.8,93.7,79.1,64.8,19.4,57.8,31.6,37.4,39.0,45.4,6.5,33.2,38.1,33.4,13.1,55.2,168.8,56.9,42.1,79.7,64.3,15.9,22
22.7,35.9,30.0,45.4,101.9,39.4,135.3,86.9,78.2,62.7,19.2,56.4,31.1,38.0,40.5,43.9,5.7,30.5,33.7,33.6,13.3,58.5,158.1,61.2,40.0,83.1,65.4,15.3,20
20.7,38.2,32.5,45.4,97.5,35.0,136.8,90.2,75.9,55.2,18.8,55.5,30.0,38.0,41.0,43.0,6.3,33.7,36.3,32.3,14.4,54.5,158.3,58.3,45.5,84.0,62.6,14.9,39
23.0,39.8,29.6,47.9,105.9,37.7,141.4,92.6,77.5,68.5,20.2,60.7,32.2,40.5,44.0,45.7,6.0,34.6,38.0,33.5,15.5,56.5,164.3,67.9,41.6,87.1,73.6,15.9,28
23.7,39.4,33.5,50.5,110.9,40.0,148.4,103.1,84.6,63.9,19.6,58.2,32.2,42.5,44.0,48.2,6.4,35.4,41.0,35.7,13.8,61.0,175.2,66.5,44.4,95.5,85.3,16.5,27
24.2,35.6,32.9,47.4,118.8,39.1,136.2,94.8,74.9,70.0,18.7,53.8,29.9,38.0,40.0,44.4,5.5,33.2,37.2,33.0,12.1,51.5,160.0,70.4,40.6,93.6,75.0,15.1,38
24.0,35.9,35.0,48.1,109.4,39.4,138.8,108.6,75.0,69.3,20.7,56.4,34.4,45.7,44.0,44.7,5.7,36.3,40.6,34.5,12.7,57.5,161.8,66.4,40.5,90.5,79.7,16.7,38
24.7,40.4,36.6,51.3,105.2,42.5,146.4,105.3,84.1,60.0,20.4,55.8,32.2,42.5,45.0,49.9,6.7,33.8,37.7,35.9,15.9,58.4,171.0,67.4,44.4,100.5,83.7,16.3,43
21.4,36.1,29.4,42.9,95.2,36.6,135.2,83.8,77.7,61.2,18.7,56.4,31.5,33.2,35.5,43.2,5.8,31.2,35.8,33.1,13.4,54.1,158.5,57.8,39.5,75.6,59.0,15.1,19
21.0,37.0,25.0,42.2,88.7,34.4,137.5,84.0,77.9,56.2,19.2,52.5,30.4,38.0,42.5,44.3,6.4,30.1,36.8,33.3,13.9,54.6,159.5,51.6,41.4,71.9,51.2,14.6,18
21.7,36.2,27.8,43.1,98.7,35.6,139.8,94.5,77.5,68.9,18.9,56.0,30.7,34.0,34.8,45.1,5.4,33.0,37.2,33.2,13.2,55.0,161.4,59.9,40.6,79.4,62.1,15.0,18
23.4,34.8,32.5,45.7,107.4,39.8,141.2,105.8,78.1,62.8,18.1,57.7,30.7,40.0,41.1,43.4,5.9,33.4,36.8,34.5,13.5,56.5,166.3,62.8,44.5,96.7,81.0,15.3,27
23.8,35.9,28.3,41.8,97.2,39.4,140.2,91.5,76.5,63.9,19.0,54.4,31.2,33.0,34.0,45.8,5.5,32.4,36.9,32.4,11.2,54.0,161.7,56.8,42.8,84.6,61.4,15.4,26
21.5,35.3,28.5,42.0,95.2,35.3,134.4,85.3,80.1,58.5,18.8,59.5,31.0,32.6,36.0,46.3,5.7,30.0,35.2,32.7,13.2,55.1,159.6,59.2,36.0,73.8,54.4,14.8,19
20.0,33.3,30.8,41.4,96.0,35.5,137.2,87.5,79.8,57.9,19.3,56.4,30.4,35.5,38.0,46.4,6.0,30.6,34.4,32.5,13.1,57.0,160.2,59.7,40.8,79.0,60.3,15.9,39
22.7,37.3,34.8,48.2,106.4,39.5,146.3,102.1,80.8,66.7,19.1,56.2,33.0,39.1,40.3,48.0,6.5,34.3,39.0,34.2,13.6,56.7,169.4,66.8,45.6,92.6,79.2,16.5,25
20.3,33.3,31.8,46.5,101.4,36.5,130.1,101.5,73.4,62.0,17.2,52.4,28.8,37.2,37.2,41.1,6.5,34.9,36.5,29.4,11.9,47.6,151.0,60.7,39.7,85.3,61.8,14.2,30
20.5,36.1,30.0,44.7,95.4,35.8,130.5,99.5,70.5,58.6,17.3,54.2,28.9,38.4,40.0,41.0,5.3,32.5,36.2,29.8,14.0,49.5,153.4,56.0,42.5,88.6,60.3,14.3,41
23.7,39.9,35.0,51.6,110.2,41.5,140.6,112.7,76.6,67.6,19.8,57.0,33.3,44.0,45.0,44.8,6.3,37.7,42.6,32.7,14.4,54.8,163.4,67.7,45.7,97.0,88.5,17.0,45
23.1,37.9,33.7,48.9,114.6,40.8,143.0,103.8,77.2,70.6,19.8,55.5,31.7,42.2,43.0,44.1,6.7,35.2,39.5,33.8,14.3,55.1,167.9,69.8,44.0,100.0,84.2,17.0,35
21.5,35.5,32.2,45.1,118.9,41.4,138.4,101.1,74.1,71.5,18.3,54.3,30.1,40.7,41.0,44.1,6.5,33.6,39.3,32.9,12.5,52.0,161.8,72.4,41.7,95.6,79.8,15.0,43
21.2,35.3,26.3,41.4,97.5,36.8,144.7,90.8,77.2,62.5,18.2,55.5,30.7,36.5,38.5,45.5,6.8,33.0,36.9,33.9,12.1,54.0,165.8,59.1,45.5,84.0,63.4,15.8,42
20.3,33.6,27.4,41.1,91.4,36.3,142.8,87.0,82.2,56.5,17.8,52.7,30.7,36.0,38.4,48.3,6.9,30.7,34.4,33.9,14.1,56.0,164.3,54.7,41.8,74.9,56.1,15.0,41
21.0,35.2,32.7,47.8,114.0,38.5,143.0,99.2,79.7,65.3,18.6,58.3,32.0,35.4,36.5,46.5,6.0,34.7,38.0,34.5,12.6,58.5,165.2,69.2,43.6,90.5,77.4,15.3,23
23.1,35.2,33.5,44.6,107.8,40.3,138.7,98.8,76.2,60.6,19.1,55.2,32.7,37.6,39.5,44.5,5.8,31.9,35.5,34.6,13.2,53.6,161.5,66.1,44.0,84.7,73.0,15.8,29
23.7,36.0,35.2,47.0,113.3,43.5,142.2,102.2,82.4,68.3,18.0,57.9,33.1,38.6,40.7,45.7,6.6,35.9,40.0,33.5,12.3,55.9,167.4,70.2,41.7,93.3,85.0,16.6,25
20.3,34.6,32.0,45.4,98.0,37.1,129.4,99.5,72.2,56.7,17.9,54.6,30.5,36.3,38.2,42.7,5.7,33.0,37.7,31.0,12.7,50.9,152.7,59.1,40.5,88.3,64.3,14.6,50
19.7,34.9,27.2,41.7,90.8,34.0,129.9,87.7,71.6,57.8,18.0,53.1,29.0,34.0,34.5,41.5,5.3,31.1,35.1,30.3,12.0,50.6,151.8,54.0,39.6,71.0,50.5,14.5,30
22.8,37.5,32.1,44.0,111.6,40.5,140.6,84.0,78.4,66.4,18.7,55.4,32.1,35.5,40.0,46.1,6.2,32.1,36.8,33.8,14.3,57.0,165.3,69.8,42.0,82.5,72.9,15.8,47
24.7,38.8,34.4,47.3,110.5,43.4,140.7,103.5,78.7,69.3,19.9,59.5,34.3,43.3,44.5,45.9,6.5,36.2,41.8,30.9,13.3,53.7,165.9,67.3,39.5,86.6,83.5,16.9,29
18.7,32.5,24.0,37.3,91.8,31.8,132.4,80.7,72.7,57.0,16.7,51.8,27.4,29.0,32.2,40.6,6.0,29.1,33.7,31.4,11.6,51.5,157.0,54.4,40.9,66.8,46.3,14.0,28
21.9,35.8,36.4,48.3,101.5,41.7,134.2,106.3,74.1,58.3,19.6,57.2,32.5,42.1,42.0,43.2,6.6,38.9,42.9,32.1,12.0,51.6,157.0,66.2,46.7,112.1,80.2,16.4,28
24.2,39.4,36.4,55.8,115.0,42.5,142.6,115.3,73.0,72.5,20.3,55.7,32.0,44.6,44.3,45.5,6.8,40.2,42.7,33.8,14.2,54.4,165.3,72.6,43.2,112.1,95.1,17.0,29
20.2,38.7,26.7,43.6,94.5,33.6,147.4,81.5,86.4,59.3,17.8,54.7,30.8,37.0,40.0,48.0,6.0,30.7,35.0,34.6,15.0,56.5,171.2,56.0,41.0,68.0,58.2,14.6,25
20.5,32.8,34.8,45.6,103.5,38.8,128.0,99.9,69.9,61.5,18.7,55.4,29.8,36.5,37.0,40.5,5.6,33.4,37.5,30.1,11.6,49.8,151.9,65.7,41.5,86.3,70.3,14.8,30
23.4,39.7,39.6,53.8,123.2,42.8,148.7,114.5,85.2,68.7,21.1,55.7,33.4,43.0,45.4,48.3,6.7,38.5,42.0,36.5,13.0,59.3,170.2,75.5,46.3,112.7,101.9,17.8,27
22.4,34.9,30.8,44.3,98.5,40.0,138.5,91.5,74.7,65.0,18.4,55.4,30.0,36.0,38.0,44.7,6.8,32.7,36.9,31.3,12.6,49.0,162.7,61.5,40.7,80.1,64.5,15.4,24
21.2,35.7,32.4,45.7,108.6,39.7,128.5,106.5,74.1,65.5,17.3,57.7,29.7,34.1,36.0,41.9,5.2,34.0,37.8,32.6,12.4,53.0,151.6,68.1,36.6,94.2,72.1,15.0,27
18.8,33.2,32.7,47.5,97.4,35.0,135.1,103.2,76.0,61.0,18.6,55.4,30.0,36.0,36.3,44.6,5.7,33.5,37.1,32.1,11.7,52.7,158.3,59.8,41.3,90.0,66.1,15.0,49
19.3,34.6,27.1,41.4,98.4,34.3,141.5,89.6,83.9,57.0,17.6,57.0,31.2,35.5,37.4,48.2,6.7,33.3,38.1,34.7,13.4,59.1,164.7,59.8,39.5,77.5,58.9,14.3,30
20.3,33.1,28.7,40.4,92.9,35.9,137.1,83.7,75.1,62.4,17.5,53.1,28.7,35.5,36.8,44.5,6.4,29.7,34.1,33.1,12.2,53.5,159.4,55.2,40.6,70.2,52.8,15.0,27
20.4,35.4,30.6,45.8,98.2,37.3,138.9,91.3,78.8,58.0,19.3,58.8,32.5,35.2,37.7,47.6,6.5,32.6,35.8,32.1,12.6,55.0,161.7,59.7,43.0,78.3,62.3,15.7,55
22.5,38.3,33.7,52.6,105.6,39.4,143.6,118.8,82.2,65.3,19.9,61.0,34.7,46.5,47.1,48.8,6.3,40.5,44.0,33.8,12.8,57.0,167.4,65.7,44.4,103.2,89.6,18.2,39
23.2,36.3,34.9,47.7,113.0,44.2,137.5,103.0,76.1,62.2,19.0,55.7,32.9,39.5,42.0,44.6,6.4,35.5,40.4,33.4,14.0,56.2,160.5,69.1,44.5,98.1,83.3,16.2,32
23.2,36.9,39.5,51.8,110.0,42.8,142.4,113.9,78.7,59.8,19.5,58.8,34.0,41.8,43.0,46.1,6.2,36.8,40.7,33.9,13.9,56.1,164.9,67.2,50.0,109.0,91.6,17.0,50
21.1,36.6,29.5,44.1,109.4,37.3,136.2,86.9,78.3,64.3,18.3,55.1,31.3,40.1,43.5,45.0,5.3,31.0,35.7,35.1,14.9,59.1,160.3,65.9,38.8,78.0,67.7,15.3,30
22.0,35.7,25.1,38.4,95.7,35.5,138.0,77.3,78.0,57.0,17.7,54.7,29.5,34.1,37.3,44.2,6.3,30.6,33.4,33.1,13.9,53.0,162.0,54.8,41.5,72.6,53.5,14.9,26
20.7,35.5,34.4,46.7,100.4,36.2,136.5,105.2,76.2,62.2,18.3,55.6,30.9,39.4,40.5,43.9,5.8,34.3,38.7,33.5,12.8,55.5,158.4,60.4,41.4,90.8,71.2,15.5,58
19.7,33.5,27.7,39.7,91.8,34.9,136.4,86.0,78.7,58.1,16.2,56.8,31.2,33.0,36.4,44.5,5.9,30.4,35.0,31.9,13.1,53.0,157.9,55.0,40.2,72.5,52.7,13.9,35
20.7,37.4,31.5,46.9,107.0,36.2,136.8,104.5,75.4,63.3,18.2,54.1,30.1,35.5,39.1,43.6,5.7,32.8,37.7,31.7,13.4,52.2,160.8,66.4,43.9,93.3,72.1,14.3,44
20.7,35.0,29.7,40.7,93.5,33.6,141.5,93.2,78.0,60.5,19.5,55.5,29.7,35.0,38.6,44.4,6.3,32.3,38.2,34.0,12.5,53.7,165.6,55.6,44.0,78.1,58.9,15.6,37
22.9,34.4,31.2,44.7,110.1,39.9,139.5,95.3,78.0,68.6,17.1,57.6,30.7,36.3,38.0,45.2,5.6,31.3,36.0,34.4,12.2,56.0,163.9,68.5,39.0,86.7,73.1,15.3,36
21.4,35.5,29.2,42.2,98.6,38.1,138.6,85.4,76.6,60.9,17.8,56.4,30.8,34.0,35.0,43.1,6.3,32.4,37.2,33.3,11.7,55.0,163.0,59.1,43.0,77.1,62.0,15.2,23
21.3,34.1,29.1,44.5,103.1,34.4,137.7,103.3,74.7,65.0,18.2,55.0,31.7,35.2,36.5,46.0,6.2,33.0,37.5,33.8,13.0,56.1,161.5,60.1,45.0,99.1,69.5,15.4,30
21.0,34.0,28.5,43.7,92.3,36.7,134.1,93.9,69.0,60.8,17.9,55.4,29.5,38.0,39.2,40.7,6.0,35.2,37.7,30.8,12.5,49.7,158.4,54.1,45.7,85.0,62.0,14.7,41
21.0,35.7,32.4,46.7,98.9,36.3,143.1,95.4,82.1,66.3,19.8,58.9,31.7,39.1,40.0,48.2,5.8,33.1,36.8,34.9,12.1,56.9,166.4,60.8,42.0,81.4,66.9,15.5,31
19.3,34.6,27.3,42.2,90.1,34.2,130.5,89.3,70.9,59.1,16.2,54.0,27.8,34.7,36.2,41.0,5.8,31.8,36.0,31.4,12.0,50.5,154.5,51.4,43.2,83.0,54.3,13.7,40
19.3,34.0,29.3,42.4,102.5,33.3,144.2,86.7,80.5,67.5,17.8,56.1,29.0,33.7,36.5,44.8,6.4,31.6,37.7,33.7,12.8,55.7,168.8,61.3,43.2,86.2,64.8,15.2,28
20.8,38.2,27.8,41.0,97.3,37.5,143.7,84.2,81.6,64.2,19.0,55.7,30.7,32.0,37.5,46.9,6.3,31.0,36.6,33.7,15.3,55.4,167.3,58.6,42.9,70.1,62.5,15.3,41
19.5,35.3,28.1,42.1,107.9,34.9,140.4,86.6,78.0,60.1,17.6,54.7,30.2,36.2,39.0,44.5,6.1,30.5,34.4,33.3,13.2,53.5,164.7,66.1,48.6,80.7,64.3,14.4,43
23.3,38.1,30.5,45.9,111.1,39.8,139.2,95.7,75.2,64.5,19.5,54.6,30.9,39.3,42.1,44.5,6.2,32.2,36.0,32.6,14.6,53.6,163.7,69.4,46.0,95.7,73.6,15.8,40
22.5,37.0,31.8,45.8,111.8,40.0,152.2,103.6,88.3,62.8,18.9,57.0,33.4,37.0,38.8,51.6,6.6,33.8,37.8,35.5,14.3,59.2,178.7,67.0,44.2,92.2,82.4,16.2,32
22.5,33.3,36.1,47.5,110.3,39.5,127.2,99.2,71.7,58.5,18.6,58.0,29.9,39.2,39.6,42.4,5.8,35.7,37.2,30.4,11.6,53.1,150.3,68.1,39.5,89.5,70.1,16.4,24
22.7,34.8,34.8,48.4,102.1,38.7,132.7,104.0,73.3,55.5,18.8,54.8,31.2,40.0,41.1,42.8,6.1,35.7,39.1,31.3,11.1,51.7,156.2,60.0,44.9,94.0,69.9,15.8,45
23.9,33.3,33.7,43.2,108.8,42.8,130.7,102.1,71.9,60.0,18.9,60.2,33.2,38.0,39.8,41.4,6.2,35.0,40.1,30.4,13.0,49.8,155.8,65.0,39.7,91.2,75.4,15.8,31
20.3,36.6,31.9,47.0,102.6,37.1,133.4,94.6,75.4,64.3,20.2,59.4,32.7,38.0,39.5,46.4,6.2,32.3,36.7,32.6,12.6,54.4,157.6,62.0,37.2,81.8,64.7,15.8,44
20.4,34.5,33.3,45.3,105.0,36.2,140.3,96.1,78.3,64.0,17.6,56.1,31.0,37.2,38.5,45.5,7.1,32.1,37.6,33.2,12.0,53.0,162.8,63.2,40.4,83.0,66.6,15.3,25
21.2,36.5,33.7,48.3,111.7,38.2,150.3,110.0,80.6,72.0,18.8,57.4,32.6,42.0,43.1,46.9,6.4,33.5,40.7,35.6,13.5,57.8,174.8,64.4,46.3,94.4,83.1,16.5,41
22.2,34.6,32.8,43.7,97.2,36.7,133.2,99.4,74.2,63.7,18.3,56.8,30.0,37.6,39.5,43.3,6.2,33.4,37.9,30.5,12.7,50.5,157.2,58.2,38.3,84.0,63.2,15.5,26
22.7,38.3,31.5,46.3,107.0,40.5,149.8,93.7,83.8,65.0,19.7,56.8,33.0,36.6,39.6,46.9,6.5,32.6,37.3,35.6,14.0,58.1,174.3,64.2,45.8,82.4,74.6,16.1,20
20.0,33.2,28.7,43.5,100.0,33.3,134.6,92.0,75.3,61.5,17.7,54.7,29.2,38.5,39.2,44.6,6.2,33.4,36.2,32.1,13.0,53.1,156.1,56.9,40.2,90.4,58.9,14.4,23
21.3,38.5,28.5,44.4,98.9,37.9,139.3,92.5,77.4,66.8,18.3,55.7,29.7,32.0,35.6,43.4,6.1,32.7,38.0,34.2,13.0,54.6,162.3,57.9,40.7,82.5,64.3,15.1,29
21.7,36.2,32.0,45.1,104.7,35.3,141.0,96.5,82.9,58.0,17.9,60.1,30.9,36.1,39.0,47.0,6.3,32.6,37.0,33.4,12.5,56.8,164.9,63.9,43.8,90.8,70.5,15.8,34
21.2,36.1,31.8,48.0,107.3,39.3,143.4,107.4,80.0,65.3,18.2,56.7,32.0,42.0,44.4,47.5,6.2,35.4,39.6,34.6,13.3,57.5,166.1,66.9,44.0,90.1,76.0,15.5,34
22.7,34.9,30.5,45.7,101.0,37.9,144.5,97.6,84.3,63.5,19.1,58.6,30.5,40.2,41.0,47.3,6.7,31.8,34.4,34.6,13.5,55.1,166.8,61.7,42.4,84.7,68.0,15.4,19
21.0,38.8,29.6,48.1,107.4,38.8,147.5,94.1,82.9,67.4,19.2,55.1,30.9,36.0,41.6,48.3,6.6,34.2,38.9,35.5,13.2,57.5,172.2,61.9,42.1,84.2,69.5,14.9,25
21.9,39.0,37.0,50.9,111.3,39.6,144.0,104.5,81.7,55.9,18.7,59.3,31.2,42.5,44.0,46.8,5.9,35.3,40.0,33.3,13.7,57.0,167.4,68.6,50.0,107.7,86.8,15.5,24
21.3,37.7,30.6,44.4,100.3,38.0,143.8,90.2,81.2,63.5,18.3,55.0,31.0,42.0,44.0,46.7,7.2,32.4,37.3,34.8,13.9,57.3,166.3,59.7,41.5,77.0,65.3,15.6,23
23.2,32.9,36.9,47.2,116.4,45.8,130.7,100.1,71.9,67.9,18.7,59.8,31.3,36.6,37.8,41.9,6.0,34.2,38.0,32.1,11.4,52.5,154.3,73.9,41.0,85.6,80.4,15.9,42
20.3,38.3,32.5,44.1,104.2,38.7,133.4,93.5,76.3,62.6,19.0,58.0,30.7,35.5,39.0,42.5,6.3,35.1,37.8,33.1,14.4,54.2,156.1,64.3,39.4,76.3,67.3,15.0,23
20.2,34.0,28.0,40.3,88.5,33.0,135.5,80.2,79.4,54.9,17.7,58.8,30.4,33.3,38.0,43.9,5.8,31.3,36.8,33.0,14.1,53.5,158.7,51.8,39.8,68.2,51.6,14.5,21
19.5,33.6,28.5,43.7,87.8,32.6,127.0,92.8,70.1,55.2,17.3,53.5,28.2,41.0,41.0,39.9,5.7,32.8,37.7,30.0,12.0,51.5,149.5,51.8,42.6,84.1,52.6,13.8,40
23.0,34.8,37.7,51.7,117.8,39.3,141.3,112.9,78.0,60.6,19.3,56.2,31.1,40.0,40.0,45.3,6.6,35.5,39.9,33.8,13.0,55.4,164.5,72.8,48.4,110.6,91.4,17.0,22
24.9,33.5,34.3,49.1,119.4,45.3,142.5,106.1,77.1,71.1,19.3,55.4,32.0,39.5,39.5,44.8,6.0,33.9,38.9,33.5,12.3,57.5,165.3,72.6,48.0,104.5,91.9,15.0,25
22.4,37.9,32.5,46.4,105.3,39.3,145.6,100.5,80.5,64.2,19.2,54.9,30.5,39.0,41.0,47.9,6.2,35.3,40.2,34.7,13.3,56.7,168.5,64.1,46.9,99.3,75.7,15.4,46
20.6,37.5,30.4,49.4,108.0,34.7,135.4,104.8,76.2,58.5,17.8,56.5,30.8,41.5,42.5,42.7,5.3,37.0,42.0,32.2,13.0,53.0,156.9,60.7,44.7,101.7,71.7,15.2,42
21.9,36.0,34.2,44.5,103.2,39.8,143.0,91.5,82.1,64.8,19.3,58.0,31.2,35.6,38.0,46.1,6.6,35.0,36.7,34.3,13.2,55.5,165.6,67.3,42.7,85.1,73.8,16.2,31
21.9,36.0,34.5,47.5,110.2,40.4,142.6,92.0,77.9,70.4,17.9,55.9,31.3,40.1,42.0,46.4,7.0,34.2,39.0,33.8,13.4,55.6,167.2,67.8,43.5,86.0,76.9,15.7,33
22.0,39.1,31.2,48.2,101.5,36.9,138.8,93.2,78.7,65.2,19.2,59.8,30.7,41.0,42.6,47.4,6.5,35.6,39.4,32.8,13.7,55.0,162.2,63.7,39.3,78.5,69.2,15.7,24
21.5,37.8,27.1,42.9,95.1,37.1,142.5,89.4,77.4,64.2,17.7,56.2,31.4,37.5,40.0,45.3,6.0,31.1,36.8,33.9,14.0,57.5,166.4,54.0,44.5,76.5,60.9,15.0,22
20.6,36.2,28.5,42.4,95.4,37.4,140.1,85.4,77.0,63.2,18.9,55.2,29.0,38.1,40.5,44.6,5.7,31.0,36.0,33.5,14.0,53.3,163.6,56.9,42.8,73.7,59.6,15.0,37
19.5,37.7,33.0,49.0,102.9,35.4,145.5,104.5,84.1,59.4,18.7,54.8,31.6,37.0,39.0,48.0,6.5,36.4,41.1,36.8,13.3,60.5,166.6,58.6,46.0,95.3,74.0,15.8,46
23.0,36.7,34.9,48.9,113.4,42.2,133.6,105.6,74.4,64.2,17.9,55.7,31.2,38.5,39.2,42.8,5.7,35.0,37.2,33.2,14.0,52.6,155.8,71.7,42.0,97.3,80.4,14.8,46
26.3,37.8,38.4,51.5,113.5,48.0,144.2,109.3,84.5,65.3,20.0,56.5,35.1,41.0,41.5,47.2,6.4,35.1,39.0,35.8,14.0,57.0,167.4,68.2,44.7,95.8,93.4,15.7,41
20.0,33.1,26.4,42.7,102.8,33.5,130.8,95.2,73.3,64.3,17.3,53.4,30.2,38.0,38.6,42.7,5.7,29.7,33.0,31.6,13.0,51.6,153.4,60.0,37.3,81.2,56.8,14.0,27
19.2,34.0,29.8,41.6,107.1,34.6,141.6,84.7,81.1,59.2,18.6,55.2,30.6,33.6,36.6,47.7,5.9,31.4,35.3,33.6,13.9,55.5,163.0,63.2,46.3,92.3,62.6,15.3,44
19.8,36.6,30.6,47.5,107.0,36.9,143.8,100.5,80.6,66.6,18.2,55.3,29.7,40.2,41.5,47.0,6.1,33.3,38.0,35.8,13.2,58.4,167.1,67.9,42.3,87.8,73.8,14.5,42
23.9,37.3,29.1,47.4,110.2,39.5,153.3,96.8,85.5,73.9,18.9,52.5,33.0,35.7,38.1,49.8,6.9,32.7,38.5,36.1,12.8,56.6,178.9,62.6,42.6,81.6,80.8,16.2,20
21.0,38.3,30.1,45.3,103.2,40.4,132.7,85.2,74.7,59.4,19.1,55.3,29.9,33.4,37.5,43.8,5.8,31.8,36.2,33.4,13.2,54.7,155.3,62.5,39.5,83.1,62.4,15.6,32
22.3,36.5,31.8,47.7,115.9,40.7,141.8,101.0,76.5,66.3,19.2,55.7,32.3,37.5,39.4,45.0,6.6,32.5,36.4,32.7,12.9,55.0,167.3,71.6,45.6,90.3,77.5,16.5,37
23.1,37.0,27.8,42.9,104.3,38.3,136.8,90.2,76.8,62.5,17.7,54.9,29.5,31.6,34.6,43.7,6.1,31.7,35.6,32.8,12.3,53.5,159.8,60.5,41.0,82.4,63.1,15.4,25
23.3,42.1,32.5,50.0,107.0,39.0,156.5,99.0,90.7,66.9,20.6,59.0,34.7,42.2,46.3,52.7,7.2,35.0,42.1,36.5,17.5,60.4,179.8,66.2,47.6,97.2,87.5,16.5,41
22.8,37.8,33.0,44.3,96.0,37.1,140.1,88.8,80.4,59.6,19.0,58.3,31.3,39.0,41.0,46.0,5.8,32.5,37.0,34.4,13.7,55.9,164.1,59.5,43.2,80.0,65.0,15.5,25
21.5,39.6,30.0,45.8,96.5,36.7,146.8,84.8,82.0,61.3,18.6,57.9,30.4,41.0,44.4,46.6,6.2,32.0,37.3,37.3,15.0,59.7,171.8,57.2,44.4,77.2,65.0,14.7,20
20.1,37.4,28.0,46.3,99.0,36.2,134.0,100.1,76.7,54.0,18.3,55.3,29.9,42.2,43.7,44.7,6.7,33.5,38.5,32.0,14.5,53.7,156.8,57.3,43.5,92.5,63.8,15.0,19
19.8,33.6,30.8,44.1,99.1,35.1,141.0,92.3,81.9,60.0,17.7,55.7,30.9,35.5,37.0,47.1,5.6,31.5,35.2,34.4,11.5,58.5,165.2,62.1,40.3,84.0,64.2,14.2,25
22.7,37.4,29.5,45.4,103.7,38.5,142.1,95.4,81.8,63.3,18.7,55.8,33.3,39.1,41.3,47.9,6.5,32.7,37.8,34.2,13.0,55.0,167.6,61.2,41.0,82.9,69.8,16.3,25
22.2,36.7,35.5,49.2,110.7,42.9,135.6,108.3,74.4,64.5,19.3,55.7,33.2,41.0,41.5,44.6,6.3,34.2,38.2,32.5,14.0,55.0,159.5,70.9,41.8,96.8,83.1,16.3,36
22.3,34.4,39.6,50.2,126.6,42.4,144.8,105.3,80.4,69.4,18.3,60.3,33.3,38.7,40.4,46.9,6.2,34.2,39.2,34.0,12.6,56.0,169.7,80.6,50.0,109.5,96.2,16.0,26
22.7,38.2,34.5,51.9,118.1,41.3,145.5,116.7,82.5,65.4,20.3,58.8,33.2,41.0,42.7,47.8,7.0,37.0,42.2,37.6,14.0,59.5,170.3,71.5,46.0,105.0,93.0,16.5,44
19.3,35.1,26.8,39.7,88.2,32.6,132.1,82.6,75.6,59.5,18.3,59.3,30.4,34.0,36.5,43.7,6.1,30.7,35.3,31.1,13.1,51.3,156.7,50.8,39.9,69.6,48.9,14.9,22
21.5,35.0,26.2,39.8,92.6,35.3,131.7,81.8,76.2,54.5,16.9,57.7,29.6,35.1,38.0,43.3,6.2,31.3,36.2,32.4,12.1,53.0,155.4,54.9,40.0,76.0,53.6,14.6,28
20.6,38.8,28.6,44.1,98.7,34.3,140.9,93.0,82.1,62.7,19.5,58.0,31.3,38.0,41.5,45.9,5.5,32.9,37.2,33.6,15.0,54.8,164.5,59.1,39.0,73.6,62.9,15.5,29
19.9,39.0,23.9,44.6,87.4,32.7,136.4,81.8,76.1,60.3,17.5,59.0,30.3,35.1,40.4,43.7,6.1,31.4,36.4,32.7,13.6,53.3,162.5,51.8,37.5,65.1,51.0,14.7,23
20.0,33.0,30.3,43.9,103.5,35.8,132.3,96.6,75.5,59.9,17.5,56.7,30.2,38.5,38.3,45.2,6.0,35.8,39.6,32.8,11.4,53.5,156.0,62.7,38.5,83.7,65.4,14.7,36
19.9,34.0,29.3,43.5,100.3,34.7,128.1,94.6,74.4,59.8,16.9,58.8,30.3,37.8,38.6,43.5,6.6,32.0,35.4,31.4,11.8,51.7,150.1,59.7,35.8,79.8,58.8,14.0,23
21.6,36.5,30.8,44.7,99.0,37.2,136.6,93.1,77.5,58.3,18.3,57.1,31.2,39.3,41.0,43.5,6.0,32.1,36.0,33.7,13.8,57.0,161.7,59.8,42.9,88.0,65.0,15.1,28
22.0,36.5,27.3,45.7,101.0,39.3,141.8,91.3,80.7,67.0,18.0,59.9,31.8,40.5,41.5,45.4,6.6,33.0,38.4,32.7,13.7,52.5,166.0,61.2,40.4,79.0,67.9,15.7,21
20.3,33.6,28.8,45.9,104.2,34.7,140.3,105.3,78.0,59.8,17.6,56.9,30.6,38.7,39.0,46.5,6.3,33.5,37.2,34.9,12.5,55.8,163.5,60.0,45.7,104.5,71.9,14.7,25
24.2,38.4,38.0,48.5,117.4,44.5,139.5,98.4,77.3,71.0,20.3,60.2,33.6,41.3,42.2,45.8,6.3,35.8,40.9,34.5,13.8,56.2,162.1,75.7,43.1,103.3,92.0,16.5,28
21.3,36.5,29.0,45.1,99.6,41.3,135.2,92.0,73.4,63.6,17.7,56.5,29.5,36.5,38.5,41.5,6.5,31.3,36.7,32.2,14.0,52.6,159.6,60.2,39.4,75.7,61.8,15.0,23
20.8,37.2,31.0,46.0,107.7,38.0,141.2,95.1,75.9,68.6,19.2,56.0,30.1,38.4,41.0,43.2,6.3,32.6,37.7,32.4,13.2,52.8,164.9,63.1,42.8,88.5,71.2,16.3,30
21.3,36.0,31.6,45.2,105.0,36.8,134.8,92.1,76.5,60.0,18.0,54.9,29.8,39.0,43.0,43.0,5.9,32.5,37.9,31.0,13.2,52.8,159.0,62.0,42.2,89.3,64.3,15.0,31
23.6,37.1,35.2,47.2,111.2,42.3,138.6,93.5,78.5,63.8,18.5,60.6,31.8,37.2,40.5,45.0,5.4,35.3,39.0,34.1,12.0,56.4,163.0,69.0,43.4,96.8,79.3,15.4,40
19.6,33.8,28.8,45.3,100.5,35.9,127.2,90.3,70.8,55.4,17.9,51.6,29.0,37.0,37.5,40.9,6.1,31.0,35.5,30.5,12.3,49.0,150.5,60.7,40.8,93.0,57.5,14.2,31
21.4,36.5,33.8,44.9,105.1,39.3,136.4,97.9,75.4,63.2,18.0,55.2,30.0,36.0,37.8,43.9,6.1,32.3,37.3,32.6,12.5,52.6,159.0,64.8,40.0,83.7,68.6,15.5,25
21.3,35.9,32.8,46.3,101.9,38.3,136.9,88.2,80.4,63.5,18.7,56.5,31.9,38.5,40.0,44.8,6.8,34.7,39.7,33.0,12.8,55.5,161.3,63.5,41.5,84.0,68.8,15.3,30
22.0,35.9,35.0,47.5,106.4,38.7,138.7,98.1,77.2,66.8,18.8,55.0,31.4,36.0,37.2,44.0,6.0,34.2,38.1,32.4,13.5,51.3,162.0,66.9,43.4,90.0,77.8,15.8,43
21.6,39.2,33.4,48.3,109.7,38.3,143.3,105.3,78.4,68.0,19.2,54.2,30.8,42.5,43.5,45.7,6.8,33.3,39.0,34.7,14.0,56.0,168.7,63.8,44.0,95.5,76.5,15.8,48
21.6,36.1,26.9,41.3,96.4,35.7,137.9,88.7,76.2,63.5,18.4,57.7,31.3,34.5,37.7,44.1,7.2,31.7,36.0,33.8,12.9,54.6,161.3,57.5,40.0,79.6,59.0,16.0,38
20.2,37.0,28.4,43.5,97.5,34.8,141.3,96.4,79.2,60.8,18.2,55.4,31.6,37.4,40.0,46.8,6.2,32.7,36.2,33.1,13.6,53.5,164.8,59.7,42.5,83.3,62.6,15.0,46
22.7,39.8,35.4,47.6,114.7,41.1,156.8,101.6,93.0,68.4,18.7,59.1,33.3,40.0,43.3,53.7,6.3,33.3,38.8,37.1,15.5,63.6,182.0,74.3,43.8,89.1,90.8,16.5,24
19.8,36.5,26.2,41.4,86.6,32.6,138.7,86.3,81.7,57.5,18.3,54.9,30.3,34.5,38.0,46.2,5.4,30.8,33.9,33.3,14.3,56.2,161.3,49.6,38.0,65.6,50.0,14.7,21
22.2,36.1,29.3,43.7,100.8,37.9,146.4,97.8,83.6,62.2,18.1,56.8,31.9,39.1,41.1,47.5,6.1,32.9,37.2,34.0,13.5,55.5,171.9,58.8,44.0,80.8,68.8,15.6,24
20.3,33.5,29.2,40.7,99.5,35.0,133.2,92.6,72.3,59.9,18.3,53.3,28.8,33.5,34.0,42.3,6.0,32.3,36.0,30.6,11.6,49.5,154.3,61.5,42.2,80.3,56.7,14.7,53
21.0,38.4,27.5,43.9,97.9,34.3,145.5,91.3,83.2,62.9,18.9,57.0,31.9,40.0,41.5,44.9,6.2,32.5,38.4,34.1,14.8,55.0,167.4,58.4,43.5,80.7,62.2,15.7,27
22.0,37.7,32.2,44.2,99.3,38.2,141.1,98.1,83.7,57.0,20.8,59.2,32.7,37.0,38.5,48.3,6.3,33.0,36.9,35.2,14.5,61.5,166.2,61.1,41.0,86.5,70.7,16.0,30
21.5,35.5,30.5,45.3,102.4,38.5,135.2,94.5,78.7,64.5,18.6,55.7,30.5,38.5,39.0,45.0,6.7,33.5,37.8,34.8,12.5,56.5,161.2,63.9,36.2,87.6,68.5,15.3,21
23.3,35.5,27.8,40.3,93.6,37.8,138.9,83.6,78.1,61.0,18.7,54.0,30.3,34.7,37.5,44.7,6.5,31.4,35.5,33.5,12.5,53.6,160.5,56.2,40.4,72.3,57.1,16.1,21
24.3,36.5,38.8,50.3,118.1,41.7,132.4,111.2,70.0,68.2,19.0,57.1,31.3,40.0,41.8,42.0,5.9,36.4,40.3,31.6,13.7,50.5,156.0,70.0,42.0,105.6,84.6,15.6,32
21.2,35.9,27.6,41.4,100.1,37.1,141.4,81.4,83.8,67.0,18.9,60.3,30.8,34.4,37.8,47.1,6.1,32.1,36.4,33.6,13.2,55.8,166.4,60.6,38.4,71.1,61.8,15.3,22
21.5,36.3,33.8,45.7,97.7,37.4,142.9,94.3,79.4,64.5,19.6,57.5,31.4,35.0,38.6,45.7,5.9,35.0,37.8,32.8,14.0,53.8,166.2,59.2,43.7,78.0,67.2,15.9,31
23.6,36.2,32.6,45.4,105.5,39.2,138.4,92.4,76.3,71.9,18.9,54.2,31.6,36.8,39.8,45.4,6.7,31.7,37.5,32.4,14.0,52.8,162.0,66.7,37.2,77.8,69.2,15.4,26
19.6,35.8,24.1,37.9,88.0,33.1,132.6,76.4,73.7,63.0,17.8,55.7,28.1,33.0,37.1,41.5,5.7,31.5,37.2,32.6,12.1,51.2,156.7,49.6,37.3,63.7,46.9,14.4,20
23.5,37.9,29.8,45.5,99.4,37.7,144.9,87.3,82.7,62.5,19.3,58.9,32.7,35.5,38.5,46.3,5.6,34.2,37.9,34.8,15.0,57.5,168.9,57.7,41.8,79.0,67.4,16.7,18
20.0,31.9,27.0,40.1,90.5,36.0,135.2,84.5,80.4,58.6,17.7,56.8,29.1,37.0,38.6,45.8,6.0,32.0,35.4,32.9,11.8,55.5,157.6,55.7,37.6,71.8,52.9,14.5,21
21.9,35.8,29.3,44.4,98.1,37.7,134.7,86.1,75.7,60.3,19.3,55.6,30.7,36.5,38.6,42.4,5.8,32.2,37.3,32.4,13.2,53.2,159.6,63.0,40.0,84.0,64.4,15.6,22
23.0,37.2,38.0,49.1,108.3,40.5,144.6,102.3,78.9,60.5,18.7,57.8,32.3,38.0,41.0,45.9,6.5,35.0,39.0,34.4,12.5,55.1,168.4,65.9,48.1,102.6,81.9,16.2,30
23.0,35.9,29.0,42.3,101.4,37.4,145.5,90.8,81.1,65.0,18.8,56.5,32.6,37.2,40.0,46.9,6.7,32.4,37.2,34.2,13.4,55.0,170.2,59.5,43.0,81.7,68.3,16.0,21
20.5,35.2,27.1,42.7,93.2,35.1,149.9,85.2,84.3,64.7,18.5,55.5,30.3,34.0,36.0,47.7,6.2,32.5,37.3,36.3,12.5,57.0,174.5,54.7,42.4,68.9,58.2,15.4,23
21.5,35.2,25.9,41.5,94.9,36.2,136.9,86.1,79.9,59.7,18.9,54.0,30.3,36.0,37.1,44.4,6.1,31.4,34.7,32.5,12.9,52.0,159.9,52.7,39.3,76.4,53.2,15.3,31
22.1,38.1,30.8,46.8,103.8,37.9,138.4,98.5,75.3,67.9,19.0,56.1,31.2,38.5,40.6,42.9,5.7,32.1,36.7,32.4,14.8,54.0,162.8,60.6,41.5,85.8,70.3,15.0,23
24.8,36.3,32.3,48.3,115.0,41.2,141.4,103.7,76.5,68.4,19.0,54.8,32.0,41.5,43.2,43.7,6.7,34.2,39.5,32.8,13.1,52.1,165.1,70.3,43.6,85.5,80.7,15.9,31
19.4,33.9,27.3,42.5,97.0,33.9,135.5,88.6,73.9,63.7,19.0,53.3,28.8,37.0,37.0,43.2,5.8,32.7,37.7,32.5,11.5,52.2,159.2,54.2,41.7,82.5,56.9,15.1,42
19.9,33.5,24.4,39.9,91.2,31.4,136.2,89.7,74.5,58.7,17.8,55.0,29.3,33.0,35.7,42.6,6.1,30.6,35.7,32.4,12.2,53.7,158.7,52.2,40.2,78.7,50.4,14.2,19
22.8,39.2,33.0,48.6,103.5,39.4,139.6,95.5,78.0,62.0,19.3,58.1,32.3,34.2,36.8,43.4,5.6,33.4,37.7,32.3,13.7,53.0,162.8,63.7,43.4,94.1,74.3,16.4,21
21.0,35.3,29.8,43.7,102.6,36.3,140.2,91.8,77.5,60.3,17.6,55.4,30.3,35.0,37.6,45.3,5.7,31.9,35.7,32.5,12.8,53.5,162.7,65.4,43.8,84.0,64.8,14.9,18
21.7,38.0,31.9,46.9,96.0,38.3,137.1,94.9,76.9,58.1,18.7,55.9,29.7,40.5,42.0,43.7,6.2,33.4,37.7,33.3,14.6,54.1,161.7,58.0,42.8,84.6,65.2,15.5,25
19.9,35.3,26.7,40.5,95.7,34.6,135.5,83.0,79.0,59.2,17.3,56.5,29.7,35.6,38.1,45.3,6.1,29.5,33.9,32.2,14.0,54.0,158.2,57.4,40.6,79.0,54.8,14.4,25
19.3,34.0,28.5,42.6,93.6,33.5,131.4,89.7,76.2,54.9,17.8,56.2,29.6,36.5,37.7,44.4,6.1,30.2,33.9,31.5,11.7,51.6,153.7,59.7,39.2,77.6,56.1,14.6,33
20.3,38.3,32.5,47.0,99.6,36.3,139.4,91.6,79.3,63.7,18.7,59.8,32.0,38.5,41.5,46.6,6.5,35.0,38.9,34.8,14.5,58.0,162.9,59.0,41.7,82.3,66.3,15.3,42
20.2,35.1,26.5,41.2,97.1,33.5,141.3,90.0,81.4,62.2,16.8,55.4,29.8,35.2,38.0,44.5,5.9,30.0,35.9,33.6,12.9,53.8,164.0,58.2,39.4,72.5,57.7,14.5,20
21.7,35.8,31.3,46.3,115.0,38.3,145.2,93.4,82.7,73.6,19.8,58.8,33.2,41.5,42.7,48.7,6.8,33.5,37.9,35.2,12.4,58.7,167.5,69.7,42.5,90.8,79.0,16.0,25
20.3,36.4,30.5,44.3,101.9,34.7,136.7,99.6,79.9,59.5,18.4,57.5,30.5,34.9,38.4,45.6,6.8,36.1,39.3,35.2,13.2,55.4,159.2,61.7,40.4,90.8,67.1,15.1,31
21.2,37.0,31.1,49.0,98.0,37.8,139.7,102.0,81.1,54.3,18.3,55.7,29.6,38.2,40.2,46.2,5.4,33.7,38.1,32.6,13.1,54.1,163.3,61.0,43.9,94.2,69.1,15.0,21
22.2,38.2,32.4,45.6,112.6,38.8,150.6,91.9,87.7,71.6,19.3,58.3,32.1,38.2,41.5,50.6,6.5,34.5,39.0,36.3,14.3,59.5,173.3,65.7,42.3,86.3,77.3,16.0,37
21.0,37.7,30.8,44.1,94.5,36.2,139.3,89.3,78.3,61.7,19.0,54.3,31.0,37.7,40.1,45.8,5.5,33.6,38.8,32.1,13.2,54.0,161.0,58.0,41.6,73.3,62.2,15.9,27
19.1,36.5,29.4,45.7,96.4,33.2,135.1,94.3,77.3,56.9,18.6,58.5,29.1,36.0,39.5,44.8,6.5,32.7,35.6,32.1,13.1,53.3,156.6,60.6,39.9,85.2,62.0,14.9,27
23.6,35.2,32.5,46.4,98.7,39.7,139.8,99.0,80.4,58.4,18.3,56.0,33.3,38.5,39.3,46.8,7.3,32.5,36.9,34.0,12.5,53.6,163.9,59.2,40.8,89.8,69.1,16.3,26
19.3,33.2,28.2,42.0,105.6,35.7,135.5,88.5,76.3,59.9,17.1,57.8,28.6,38.4,40.0,43.7,5.5,30.5,34.7,33.1,12.6,56.2,158.0,61.8,43.5,87.9,62.6,14.3,26
21.3,35.8,29.7,42.5,94.0,38.5,132.6,87.3,75.9,58.5,18.5,57.4,30.5,31.5,36.6,42.5,5.6,32.3,36.4,31.6,13.4,52.5,155.7,57.3,37.5,75.1,58.7,15.4,22
22.3,37.2,31.2,44.0,103.0,36.0,142.8,91.3,80.5,64.0,18.4,58.5,32.2,38.5,41.0,45.7,5.9,34.9,38.0,34.2,13.6,55.5,168.3,61.8,44.1,86.4,69.4,15.4,24
21.4,35.0,28.9,45.0,103.4,37.7,136.2,93.0,75.3,68.0,18.3,56.7,30.3,41.0,41.2,44.3,6.4,31.9,37.4,33.3,12.5,54.7,159.7,60.6,39.5,77.9,64.7,14.8,22
22.5,33.7,30.0,43.0,99.9,38.2,136.7,88.3,77.1,59.6,18.0,56.7,31.6,33.0,35.0,44.5,6.6,33.2,37.9,32.3,11.0,53.5,159.8,60.1,42.6,88.4,62.1,15.1,19
21.2,36.8,32.3,45.4,107.7,37.2,138.2,95.6,78.7,63.6,18.5,54.1,30.1,40.0,42.0,43.2,6.6,31.2,36.2,31.7,13.2,52.5,161.3,66.0,41.6,94.0,69.8,15.2,18
25.6,34.8,28.9,41.3,101.3,40.3,141.3,83.5,78.7,66.1,20.4,55.3,32.7,32.5,36.2,45.1,7.3,32.5,37.2,32.4,12.8,53.2,164.9,61.3,42.1,76.9,65.6,16.7,19
21.6,37.0,27.8,43.5,98.6,35.4,146.2,84.7,83.3,60.6,17.6,53.5,31.1,35.0,38.1,48.7,6.9,31.1,38.0,33.4,14.0,55.5,167.2,57.6,43.8,75.7,60.2,15.8,20
23.0,37.4,30.3,41.7,108.4,39.3,144.6,89.1,82.8,66.5,19.3,61.9,33.7,36.1,39.1,48.0,6.0,34.8,40.1,34.2,12.9,57.5,171.3,67.2,41.1,78.4,74.3,16.0,17
22.0,37.1,31.5,48.4,106.9,38.2,139.8,103.2,78.1,60.9,18.1,52.6,32.1,42.4,42.5,44.2,5.7,33.1,38.0,35.9,12.9,58.1,164.1,64.7,44.8,99.1,74.4,15.4,37
21.4,37.1,29.7,43.6,98.9,36.0,137.5,92.8,75.6,64.2,18.2,55.3,31.4,38.4,39.5,44.3,6.7,31.4,35.3,32.5,13.9,53.3,161.2,61.2,40.0,78.8,63.3,14.8,18
20.8,35.0,29.5,43.7,97.0,36.7,136.6,89.2,75.2,64.5,19.0,55.8,31.0,36.8,37.4,43.4,6.0,33.3,37.3,33.9,13.3,53.9,159.6,58.8,39.8,80.7,62.1,14.7,21
18.8,28.3,27.6,38.5,90.1,32.6,123.3,82.1,68.3,52.7,16.5,51.7,27.5,30.8,31.4,37.7,4.3,30.8,34.3,29.3,11.1,46.0,144.2,53.0,38.6,72.0,46.7,13.8,35
22.1,38.0,28.7,45.3,100.1,37.7,132.9,97.8,73.2,61.4,17.7,55.5,31.4,36.6,39.9,43.2,6.2,32.1,36.8,33.9,13.7,53.1,155.5,59.4,41.3,84.9,63.9,15.5,30
19.5,34.0,28.7,42.4,101.1,35.0,128.6,91.5,72.3,61.3,17.7,54.5,29.1,35.1,36.1,41.0,5.5,32.7,35.8,31.8,11.3,49.6,149.7,61.1,38.7,85.8,57.9,14.0,24
21.2,34.6,34.2,45.3,105.8,36.6,139.0,97.3,74.2,63.3,18.5,55.0,30.4,39.3,38.5,44.8,5.9,33.3,38.2,32.1,11.8,54.0,161.2,63.8,45.0,88.9,70.8,15.2,25
21.1,35.9,32.3,44.5,103.3,39.9,144.5,91.1,82.9,64.4,17.7,56.9,30.5,34.6,37.0,46.0,6.1,31.6,38.0,35.3,12.2,57.0,169.0,62.7,40.5,75.7,69.8,14.7,26
20.4,36.2,29.1,44.3,105.4,35.0,139.4,98.1,76.4,65.6,18.6,54.8,30.2,36.0,39.0,43.9,6.3,31.2,35.1,34.1,13.4,54.9,163.4,63.4,42.0,82.8,65.4,15.2,20
20.3,34.3,27.0,41.8,91.5,34.6,129.5,90.0,72.9,60.4,18.8,53.6,29.3,33.1,36.4,41.0,5.7,31.0,34.2,30.4,13.8,50.0,150.9,57.3,39.6,82.0,54.2,15.4,18
19.6,35.5,28.6,41.6,104.7,34.5,136.3,86.2,75.4,67.4,18.0,54.4,29.6,39.6,42.1,45.0,5.2,30.0,33.7,33.3,13.0,55.0,158.2,62.3,37.5,73.9,59.3,13.9,20
19.0,33.9,27.5,42.8,90.2,33.5,124.2,90.9,67.1,60.9,16.9,53.0,27.6,37.1,37.2,38.2,5.7,30.1,32.5,29.1,12.5,48.3,146.5,53.1,35.3,78.9,49.7,14.4,32
20.3,33.0,27.8,40.9,89.4,34.3,130.8,91.3,73.4,55.0,17.7,58.0,29.5,34.5,35.1,42.2,5.9,32.2,35.5,32.5,12.2,53.0,154.5,53.6,38.2,73.3,52.6,14.5,26
20.6,32.1,27.1,38.4,90.3,34.5,126.8,82.5,69.9,55.2,18.2,53.8,27.4,28.5,32.4,38.9,5.2,30.3,33.9,28.8,12.5,47.2,147.5,54.5,39.5,74.0,48.0,14.5,22
18.8,37.5,26.6,44.8,92.6,32.0,141.4,95.1,81.3,61.4,17.7,53.5,29.5,41.3,43.5,47.4,6.1,32.2,35.7,33.9,13.2,55.0,163.3,51.6,40.3,80.8,55.7,15.2,29
19.6,35.2,31.0,47.8,109.0,36.2,140.6,97.6,79.9,65.3,17.8,55.5,29.5,40.6,41.4,45.5,5.3,33.5,38.5,33.2,13.5,54.8,163.1,66.7,41.7,96.7,72.4,14.3,30
20.5,35.2,29.6,44.9,103.3,34.4,138.7,94.5,77.4,63.0,18.7,54.2,30.5,37.0,38.5,44.6,5.3,32.0,35.8,32.8,11.8,53.4,162.6,60.4,43.6,90.9,66.1,15.4,22
23.5,38.7,34.7,51.8,111.5,40.0,131.9,105.7,73.6,70.1,18.3,57.8,31.1,43.0,44.6,41.5,5.1,35.4,39.9,29.5,15.0,50.7,153.3,70.2,37.5,96.2,79.4,15.7,22
20.6,31.3,29.8,41.5,96.3,35.4,131.3,90.4,74.1,58.6,17.7,57.5,28.5,35.6,35.9,42.3,6.0,31.5,35.7,31.1,12.0,50.5,155.3,58.3,39.2,83.4,57.2,14.3,23
21.9,40.4,32.4,49.2,105.8,37.5,150.3,94.6,87.0,60.6,18.9,58.2,32.0,39.5,41.2,49.5,6.7,32.0,37.4,36.3,15.3,59.5,175.2,63.8,45.0,94.8,78.5,15.3,28
21.6,35.6,31.2,45.2,102.7,37.5,137.6,97.6,76.8,60.8,18.2,57.0,31.2,36.9,39.0,44.8,6.6,32.1,36.5,32.7,12.3,53.6,161.8,61.6,41.3,84.8,67.6,15.8,23
21.6,36.1,27.0,41.8,90.2,34.9,138.7,88.7,77.3,59.0,17.5,53.7,29.2,38.1,40.0,44.0,5.3,29.7,33.5,32.3,13.1,52.7,163.4,52.7,41.4,72.1,53.0,14.2,23
22.4,35.8,31.1,44.0,111.6,41.1,142.6,99.1,78.9,72.5,18.5,55.3,32.0,38.3,39.5,45.2,6.7,33.0,38.7,34.3,13.6,54.1,168.9,69.0,42.0,86.5,77.7,14.8,24
19.0,33.3,26.8,41.3,97.3,32.9,132.3,87.7,72.9,61.3,16.8,53.2,27.9,36.6,37.3,42.2,5.9,29.2,32.0,32.6,12.6,52.1,153.4,56.6,41.0,79.3,52.4,13.5,36
21.3,37.8,30.0,44.8,96.8,35.5,139.7,90.0,78.7,67.2,18.3,53.1,30.3,37.2,41.0,46.0,6.7,31.9,36.3,33.6,15.1,54.0,162.9,58.6,38.3,73.1,60.1,15.2,22
19.4,36.0,27.3,41.7,89.9,34.9,140.2,89.3,77.7,57.2,17.6,55.4,28.9,40.2,41.1,43.3,5.9,31.2,36.6,33.0,13.0,52.7,162.8,51.3,44.9,75.0,55.9,14.6,28
21.0,36.6,25.6,41.3,92.8,35.5,136.3,84.5,76.2,57.7,18.9,55.3,30.8,33.1,34.1,42.5,5.6,29.0,32.4,33.3,13.5,54.2,160.3,53.6,42.5,74.4,53.0,15.0,24
21.2,33.5,31.7,43.7,99.7,37.3,130.5,88.0,72.4,60.5,17.4,56.8,29.0,32.1,33.1,40.9,6.0,29.8,34.0,31.1,11.6,50.1,154.7,59.7,38.0,78.0,57.8,14.2,23
20.8,34.2,28.8,43.5,104.5,37.0,134.9,101.0,76.4,64.5,17.9,54.6,30.4,39.0,38.0,44.3,5.8,31.6,35.0,33.3,12.7,52.5,158.5,62.0,41.7,86.0,64.4,14.5,31
19.4,36.0,29.8,45.8,107.1,36.0,141.9,101.6,82.1,64.9,19.1,52.5,29.4,42.3,42.0,45.1,5.7,32.5,36.5,34.9,14.0,56.1,163.8,63.6,41.0,90.0,69.3,14.5,22
23.9,38.4,34.2,49.8,114.3,40.2,153.1,103.3,85.8,68.6,20.2,55.5,33.9,45.0,45.5,49.5,6.4,34.6,40.7,37.8,14.4,61.1,175.4,66.7,45.5,95.5,84.9,16.5,22
21.2,36.4,29.0,43.9,95.4,35.9,137.3,89.5,74.3,62.0,17.8,57.5,29.7,35.0,37.5,41.4,5.5,32.3,37.5,31.9,12.5,51.5,162.3,56.1,41.0,75.3,60.7,15.3,24
21.4,36.2,28.4,43.9,97.1,36.8,138.6,91.9,78.3,60.0,18.3,55.3,31.2,37.0,38.5,45.7,6.0,32.0,35.7,33.2,13.0,54.2,161.4,58.3,41.2,82.5,62.3,15.0,22
21.2,37.3,28.1,43.1,94.5,36.4,145.8,87.0,80.5,59.3,19.2,58.9,31.4,34.0,36.6,44.7,6.5,32.1,37.3,33.4,12.0,54.4,167.6,53.5,45.9,77.4,60.1,15.4,25
20.2,34.6,28.1,39.1,87.7,34.7,134.7,82.5,75.9,55.3,18.7,56.4,30.6,33.0,35.6,43.4,5.8,30.6,35.1,32.5,13.2,51.9,156.0,52.5,41.7,67.9,51.6,15.2,29
20.7,34.6,26.0,39.7,93.0,33.7,140.0,79.2,79.9,63.3,18.1,52.7,29.5,32.0,34.6,45.8,6.0,30.7,33.0,33.1,12.6,54.0,163.7,51.2,38.6,71.6,50.5,14.9,42
21.2,31.7,27.3,40.9,95.7,34.7,132.0,89.2,73.3,63.0,17.3,53.2,27.9,35.8,38.1,41.5,5.3,31.0,34.5,31.6,12.8,50.6,154.2,57.8,38.0,69.9,53.2,14.2,22
20.3,36.6,27.1,43.2,97.8,34.7,131.2,90.4,69.8,63.8,18.0,53.7,30.4,36.0,38.1,41.5,5.4,30.2,34.2,32.1,14.2,51.3,153.6,60.3,40.2,81.4,56.6,14.9,29
21.5,38.9,32.2,45.6,103.0,40.6,137.5,94.5,77.3,63.7,21.3,59.5,32.9,39.5,42.3,45.0,6.0,34.5,39.0,34.0,14.0,57.1,161.3,65.1,41.9,85.3,73.2,16.2,23
20.7,35.5,29.0,40.9,93.9,35.1,138.5,90.8,77.8,54.4,18.8,55.0,30.2,34.3,36.4,44.9,5.9,33.0,36.5,32.7,13.0,54.0,159.5,57.2,43.4,78.3,57.6,15.2,24
19.6,38.3,35.0,50.4,117.8,38.6,141.0,100.5,80.5,76.0,19.1,59.2,31.6,36.5,39.6,45.4,5.9,34.1,36.3,32.8,15.1,53.2,165.9,75.7,38.0,86.0,80.7,15.3,41
21.9,34.0,31.0,42.1,103.7,39.3,134.4,89.5,74.8,61.8,18.9,54.5,29.9,35.5,38.1,41.7,5.7,31.7,36.5,33.5,13.2,52.8,156.4,61.5,40.5,75.0,62.2,15.2,22
20.3,36.5,31.1,46.7,103.9,34.6,145.5,101.4,80.8,65.8,17.9,55.2,31.5,38.0,39.0,47.9,6.1,34.1,36.6,33.5,14.4,54.4,168.6,59.4,43.5,96.0,72.6,15.2,53
21.7,37.0,29.4,44.3,103.7,38.9,143.0,97.8,79.3,65.2,17.7,56.0,29.9,34.1,37.2,45.1,6.5,31.2,34.7,33.6,14.2,54.0,167.8,61.5,43.8,87.3,71.1,15.3,25
18.0,35.0,25.4,42.8,93.7,33.5,134.8,97.5,76.2,54.6,17.7,53.5,29.9,39.5,41.0,43.5,5.9,32.8,36.4,33.0,13.5,53.1,157.3,55.4,43.3,92.3,57.2,14.3,26
22.0,34.7,30.7,42.5,98.0,37.2,136.1,88.9,75.3,62.0,18.7,54.4,29.3,35.3,37.5,43.3,6.3,33.7,37.5,31.7,12.1,52.0,158.9,60.1,40.7,79.1,62.3,15.4,20
22.3,37.9,28.5,44.6,97.0,37.7,140.2,88.4,77.8,63.8,18.8,54.1,30.3,38.4,41.0,44.1,6.5,32.7,36.5,33.1,14.7,51.6,162.1,55.4,42.7,77.1,60.2,15.4,18
20.6,37.5,35.5,48.8,109.8,37.1,143.7,113.5,83.2,64.9,18.8,56.2,32.0,39.3,40.3,47.4,6.7,35.7,40.7,37.8,13.1,57.9,167.9,63.9,41.4,98.3,80.5,15.1,46
19.4,34.3,27.0,39.4,94.2,35.7,138.8,91.4,75.5,61.8,17.8,54.2,30.0,37.3,38.5,44.0,6.5,30.1,34.1,32.9,13.2,53.1,159.8,54.8,44.0,78.7,56.1,14.6,42
19.2,37.2,25.0,41.3,92.3,31.1,146.6,76.6,86.9,61.7,17.6,54.2,30.8,33.5,36.5,48.9,5.9,29.9,34.1,34.7,13.6,56.6,171.3,53.7,37.5,65.7,52.0,14.7,26
19.2,34.3,30.3,43.6,95.5,34.8,132.2,88.0,74.2,62.6,18.2,56.5,27.8,36.2,38.2,41.5,5.2,33.6,36.3,31.5,13.8,52.0,155.0,59.4,38.4,78.1,57.8,14.2,29
21.2,38.1,29.4,43.7,97.1,35.9,136.4,83.4,80.2,60.6,18.6,57.8,30.7,38.0,42.0,45.4,6.3,31.9,36.3,33.0,13.7,53.9,158.3,58.6,39.1,74.0,58.0,14.8,24
21.1,32.9,29.8,41.4,105.7,38.6,132.5,83.4,73.9,63.7,16.9,54.2,29.7,32.7,35.2,43.3,5.7,31.6,34.6,31.0,11.6,50.0,154.0,64.9,38.9,81.9,61.2,14.7,19
20.3,33.9,31.2,42.6,96.3,37.3,131.3,93.6,69.8,58.5,19.0,55.7,29.8,37.3,38.7,39.2,4.9,35.1,37.4,30.8,12.6,48.5,154.1,56.3,42.7,80.5,58.5,15.6,47
24.8,36.1,36.2,48.5,118.1,44.6,138.4,105.2,74.8,69.0,19.5,57.7,32.3,40.5,41.5,43.3,6.5,35.0,38.5,33.4,13.3,53.2,162.2,69.6,44.2,101.0,87.5,16.4,41
22.1,36.1,31.1,46.8,105.4,36.4,155.3,101.5,87.8,70.4,19.0,57.0,32.8,38.0,39.2,50.0,7.9,35.2,38.7,36.9,13.0,57.8,179.3,62.2,44.5,90.5,77.3,17.3,42
21.5,38.3,32.8,46.7,106.1,39.2,146.7,102.6,84.6,67.0,19.8,56.4,31.8,35.0,39.0,48.9,6.1,34.5,39.0,35.5,13.3,60.8,171.3,66.2,41.0,92.0,75.5,15.5,30
20.4,36.3,29.0,45.2,103.2,35.9,137.2,104.3,74.5,68.6,18.9,55.0,29.8,35.5,37.6,43.5,5.7,32.2,35.6,32.2,13.1,52.8,160.3,60.9,41.8,92.4,67.8,14.6,29
21.9,38.3,34.2,48.5,111.7,36.8,147.7,106.2,83.1,67.8,20.3,60.0,33.7,39.0,40.1,49.1,6.0,37.5,42.1,35.1,14.4,59.0,171.1,71.5,44.0,100.3,88.8,16.3,45
22.6,36.7,31.1,46.2,98.0,39.9,140.4,92.1,79.7,60.9,18.0,55.7,30.3,38.3,39.5,46.5,6.5,32.7,36.9,32.6,13.7,53.0,164.1,61.8,41.8,78.0,66.5,15.3,23
18.2,35.0,28.3,44.0,101.5,33.3,128.0,96.3,74.9,52.3,17.1,53.6,29.3,39.8,40.3,42.9,6.6,31.5,33.9,31.4,13.0,51.1,149.4,58.3,40.7,100.3,58.0,13.8,40
20.1,37.3,28.3,45.5,98.5,33.9,145.1,102.9,80.7,65.5,19.3,56.2,30.8,39.1,40.0,47.4,6.2,33.0,36.6,34.4,12.7,57.8,167.2,57.3,43.0,86.3,66.5,15.8,19
22.0,37.7,28.0,44.4,103.0,35.4,138.7,88.4,75.5,67.0,18.8,58.2,30.7,34.5,39.5,43.2,6.3,35.2,38.6,35.5,12.5,56.4,161.6,59.9,41.5,85.6,64.9,16.0,19
21.2,36.5,32.6,47.1,102.2,37.0,135.2,98.3,75.4,60.9,18.5,52.7,30.0,36.6,37.6,45.4,6.3,32.8,36.4,34.6,13.3,55.7,158.5,61.2,41.2,90.2,67.3,15.3,25
20.5,33.7,35.3,47.6,107.5,36.4,138.0,106.5,77.7,58.5,18.9,55.3,30.6,41.3,41.5,45.9,6.0,38.5,42.0,32.9,12.6,54.1,161.2,64.8,45.4,101.0,74.4,15.1,49
20.2,36.2,27.1,41.2,98.2,36.0,142.8,86.9,81.7,58.6,17.9,54.8,29.0,34.5,38.5,47.4,6.3,30.6,33.5,34.5,14.5,54.1,166.3,54.5,43.1,75.9,57.6,14.7,41
22.5,37.4,31.2,45.8,109.3,40.0,141.1,100.4,74.9,69.8,18.6,54.7,31.3,38.0,41.0,45.0,6.2,34.2,38.4,34.3,14.0,54.2,165.6,64.8,42.9,89.3,73.5,15.9,43
19.8,34.2,31.5,44.5,103.9,34.6,137.7,94.0,77.4,65.4,18.2,53.5,29.6,35.9,37.1,45.0,6.0,34.6,40.3,32.1,12.1,51.5,159.8,62.0,42.2,84.4,63.6,15.2,37
17.9,34.2,25.2,38.2,85.1,30.2,133.2,77.0,76.4,57.1,16.2,56.0,28.3,33.3,37.2,44.4,6.1,30.5,35.1,31.8,12.6,51.4,154.5,48.1,39.6,66.5,43.2,13.5,24
22.8,36.3,32.2,48.6,108.3,39.4,139.8,107.2,76.4,63.4,17.7,54.7,31.1,41.2,41.5,44.9,6.2,32.0,36.2,32.7,13.9,52.6,163.4,65.2,43.7,93.0,74.7,15.4,23
20.5,39.2,30.0,45.6,99.1,34.2,146.9,97.1,85.4,63.8,18.9,57.3,30.3,39.0,42.4,49.3,5.7,33.9,38.0,35.1,14.0,59.0,170.4,61.0,43.2,80.7,66.9,15.3,34
23.8,37.5,33.7,50.2,111.1,40.8,142.7,110.0,80.0,67.2,18.8,57.0,31.9,40.0,40.5,47.6,6.4,34.5,37.6,34.6,13.0,56.6,166.4,64.2,43.5,95.7,82.6,15.8,43
19.6,35.6,30.8,44.3,101.5,34.3,130.4,87.3,72.8,57.7,17.0,54.3,27.7,33.0,37.2,42.3,5.7,30.3,34.0,31.9,12.6,51.0,152.2,61.2,40.5,86.8,57.8,14.2,27
21.4,37.2,28.1,44.2,101.3,37.2,143.5,90.7,80.5,66.4,18.0,56.0,31.3,35.3,37.4,44.9,5.5,31.5,36.3,33.5,13.6,54.0,164.6,61.4,43.2,78.2,63.7,15.0,30
23.3,35.8,34.0,47.8,106.0,40.8,132.3,101.9,72.4,66.2,19.0,54.3,31.2,40.0,41.5,42.0,5.3,36.2,39.0,32.5,12.5,51.5,155.7,63.8,40.7,96.6,75.8,15.3,36
20.7,35.7,26.5,43.1,102.4,35.0,139.2,95.0,75.4,65.7,17.6,54.9,29.7,34.3,36.5,44.0,6.1,31.0,35.9,35.1,13.1,55.8,162.5,58.8,42.8,77.8,59.4,14.6,31
22.9,35.1,35.1,46.7,112.0,42.7,143.8,114.3,81.3,67.2,20.2,55.0,33.9,41.5,40.0,49.0,6.7,35.7,38.1,36.0,11.8,60.7,167.1,68.9,42.7,98.0,87.2,17.0,37
21.7,36.5,32.0,48.2,108.3,39.9,130.0,97.0,73.6,60.4,18.1,56.0,30.9,42.2,42.6,42.9,5.5,32.7,37.0,31.5,13.3,53.5,153.5,65.7,39.6,85.0,69.3,15.0,42
21.0,36.6,25.0,41.1,88.6,34.7,134.7,90.3,74.5,56.3,18.0,53.8,28.9,34.0,37.1,43.0,5.3,30.8,34.6,32.7,14.0,52.0,159.1,51.6,41.9,67.0,50.0,14.9,34
21.7,35.0,29.8,42.2,96.1,36.9,133.1,91.6,70.8,63.3,17.3,53.8,29.2,30.5,33.0,42.3,6.3,31.0,35.4,30.7,12.6,50.4,156.7,56.0,39.4,74.5,56.7,14.5,27
20.2,36.2,31.1,44.7,102.6,35.3,130.8,86.8,75.2,59.1,17.8,51.7,28.3,39.0,40.5,43.7,6.3,31.0,35.6,31.8,12.7,53.0,154.0,61.1,36.2,82.6,58.9,14.6,27
19.8,34.1,30.6,44.6,97.2,33.9,134.3,98.7,75.1,63.1,18.5,54.2,30.3,36.0,37.7,43.7,5.7,33.0,36.2,31.2,12.2,51.5,157.3,60.5,40.0,86.0,64.0,15.0,30
21.0,36.1,31.7,44.3,102.9,36.5,141.4,94.2,81.1,64.0,19.6,57.3,31.7,38.0,39.6,45.1,6.6,35.1,38.0,34.1,13.0,56.0,163.7,64.1,39.4,79.7,68.3,15.7,21
21.1,34.4,26.8,41.2,94.3,36.4,136.5,90.8,74.1,62.1,18.7,54.5,30.0,34.3,35.9,43.1,5.8,31.4,36.1,32.4,12.1,49.8,160.4,55.2,39.9,70.6,56.6,15.4,42
21.4,36.5,28.6,42.2,94.5,36.1,150.3,88.1,87.5,63.2,19.4,55.0,33.0,36.1,39.6,49.3,5.2,33.0,38.2,35.0,12.9,59.1,174.0,54.4,42.5,73.0,63.2,15.8,28
21.1,34.5,29.6,42.3,93.9,37.9,133.7,88.2,77.0,62.5,18.7,55.4,31.8,37.5,39.8,44.3,6.7,32.8,36.8,32.6,14.1,54.6,156.3,60.2,37.0,74.3,59.1,14.8,27
23.0,40.2,30.0,45.9,108.1,40.5,153.9,90.7,84.8,70.8,19.5,55.5,31.9,38.0,42.0,49.6,6.9,33.0,38.7,37.6,14.1,59.5,177.3,65.0,44.1,80.5,76.0,16.0,21
21.4,37.5,30.8,45.3,100.2,34.6,144.2,96.6,82.9,60.4,19.2,54.2,30.7,39.7,42.2,47.8,5.8,31.0,35.8,34.8,14.5,56.3,167.2,60.8,43.7,91.2,66.4,14.8,25
21.5,34.3,32.0,45.2,104.4,36.7,133.3,93.1,70.3,67.3,18.0,54.6,30.1,36.8,38.7,41.6,6.2,31.6,35.5,30.2,13.0,48.7,156.4,64.0,41.0,85.3,65.8,15.3,24
23.4,37.3,32.7,45.7,108.1,39.8,137.2,96.8,78.5,63.5,18.2,53.0,31.1,40.9,42.6,44.0,5.7,31.3,34.7,32.8,14.7,54.5,160.0,65.6,40.7,84.7,71.0,15.8,21
20.2,37.1,25.8,41.7,94.7,35.9,135.0,83.0,75.0,59.3,17.3,55.2,30.6,35.3,39.0,43.1,5.4,30.9,35.3,31.5,14.3,51.2,158.6,58.8,40.2,72.6,55.1,14.8,20
22.4,35.4,30.5,43.2,98.4,35.2,133.3,88.3,76.5,55.5,16.7,54.9,31.0,33.2,34.8,43.8,5.3,31.4,33.8,32.3,13.1,53.7,156.6,58.7,40.4,79.5,59.3,14.2,23
22.3,35.9,30.2,44.6,97.1,39.3,143.5,95.9,80.6,62.4,18.3,53.4,31.7,36.4,37.2,48.0,6.6,31.1,36.4,36.0,12.3,58.5,168.3,58.8,42.6,83.7,66.1,14.6,24
22.1,35.4,31.2,43.1,105.7,40.7,137.1,91.0,74.3,68.5,17.3,53.9,30.9,36.5,38.5,42.6,5.8,31.9,37.3,32.4,13.2,52.5,161.3,63.3,41.1,81.6,65.8,15.2,27
21.5,35.8,29.7,41.4,102.3,35.8,133.4,94.0,72.6,67.8,19.5,57.6,30.1,33.0,35.6,42.9,5.7,34.1,39.1,31.4,12.1,51.1,157.2,58.7,38.2,81.4,63.4,15.8,27
19.3,35.0,24.0,41.1,87.1,31.8,136.2,86.9,75.3,59.1,17.7,53.7,29.3,33.2,35.4,42.3,5.6,30.8,35.1,32.0,12.0,51.2,158.4,49.4,39.4,69.3,48.0,14.6,24
21.2,38.5,28.0,44.3,100.5,37.5,146.9,90.0,82.0,69.3,18.5,56.1,31.4,38.0,40.5,48.0,6.7,33.2,37.4,35.4,13.4,56.0,170.6,58.6,41.4,79.8,66.0,15.7,21
19.7,37.5,29.3,44.1,97.8,34.0,139.3,88.7,74.2,66.3,17.7,55.3,29.3,39.0,41.8,44.4,6.2,33.2,36.8,31.5,14.1,51.9,162.0,58.6,45.5,80.7,60.1,14.9,32
18.7,36.2,27.7,42.2,94.3,29.7,142.0,80.7,84.7,54.3,17.7,56.5,30.7,35.3,38.0,47.9,5.6,29.9,35.0,34.8,13.4,58.3,164.0,57.1,44.6,77.8,54.6,14.2,30
23.0,38.1,40.5,55.2,126.1,42.7,149.7,126.6,85.1,71.5,20.9,57.5,34.3,47.8,46.8,49.6,5.9,41.0,43.8,35.9,13.9,58.6,171.1,78.8,50.9,130.5,116.6,17.7,31
22.4,38.3,33.9,48.7,108.0,39.3,141.5,104.2,81.9,61.9,19.6,60.2,31.3,38.6,40.0,46.5,5.9,37.0,41.2,32.8,14.4,54.5,164.1,67.8,44.0,91.9,79.3,16.3,21
18.8,34.3,25.0,39.2,85.3,32.7,133.8,79.1,72.3,57.2,18.3,53.8,28.4,33.0,35.5,41.6,5.7,28.5,32.6,30.7,12.8,50.2,156.7,47.8,41.0,61.1,45.4,14.6,23
18.8,37.6,25.8,42.2,86.7,31.0,141.3,81.4,83.1,51.3,19.0,60.5,30.7,37.6,40.5,46.5,5.2,32.4,35.6,34.5,14.0,57.0,162.9,50.6,41.8,69.8,49.9,14.7,22
17.3,34.2,21.6,36.9,79.8,28.2,125.2,69.5,69.8,53.0,16.0,53.8,26.4,30.7,34.3,39.2,4.9,28.2,32.6,29.2,12.8,47.8,147.9,46.5,36.5,61.5,35.8,12.4,21
21.9,38.6,30.6,44.3,103.7,37.6,145.3,91.2,81.3,59.5,19.6,57.7,31.4,37.2,40.1,47.1,5.7,33.8,38.4,35.2,14.5,57.8,166.3,63.8,48.5,85.9,70.0,15.3,25
21.5,37.3,31.8,46.0,108.9,38.9,152.1,93.4,94.7,57.3,17.5,60.5,33.2,35.6,39.0,54.0,6.6,33.0,36.4,38.5,13.2,63.9,174.9,67.4,45.0,88.7,77.0,15.8,22
21.0,36.5,30.9,47.1,99.8,35.7,136.2,98.4,73.5,61.9,18.5,54.4,29.8,40.4,41.5,44.3,6.1,35.5,38.2,31.6,13.1,50.6,159.2,56.5,43.7,91.1,64.9,15.2,40
21.3,37.2,26.6,42.7,93.2,35.8,136.0,88.7,75.4,61.6,18.6,55.8,29.0,36.2,40.0,42.8,5.6,32.2,36.4,32.9,13.0,52.9,159.1,53.6,40.4,73.3,55.0,15.1,21
23.3,38.9,36.5,50.1,109.5,40.0,147.4,108.1,86.9,67.6,20.7,56.3,34.7,40.0,41.4,50.5,5.6,33.3,37.2,35.7,14.5,60.4,171.0,66.5,40.5,97.9,87.5,17.0,21
21.7,38.8,31.9,46.9,105.7,38.8,145.6,101.2,84.3,59.2,18.5,57.1,32.2,38.5,41.1,48.1,5.8,34.7,38.6,36.4,14.0,60.0,168.4,61.1,46.8,96.8,76.8,16.0,26
22.2,38.0,31.7,48.5,109.0,39.5,141.4,101.8,81.8,62.0,19.0,57.0,31.2,42.1,42.4,47.7,6.1,33.9,37.1,35.1,14.2,56.3,162.5,65.6,42.0,94.1,76.3,16.0,22
21.3,38.3,28.5,44.2,98.5,37.2,142.0,93.5,79.5,68.5,19.6,54.6,31.6,37.5,40.0,46.4,6.4,32.0,36.3,35.3,13.0,56.1,166.6,58.6,39.0,73.2,65.0,15.9,28
20.0,35.5,29.4,42.2,93.3,32.9,136.4,89.6,74.0,65.3,17.9,53.9,29.6,33.8,35.3,43.4,5.6,31.8,35.3,31.5,13.3,51.8,157.6,55.0,41.2,76.0,55.5,14.8,20
23.0,35.8,31.8,44.1,108.2,39.2,145.7,103.6,81.7,63.0,18.8,55.5,31.1,36.1,36.7,46.5,6.3,32.0,36.3,35.6,12.8,56.8,168.5,64.1,47.8,90.5,75.5,15.4,22
19.5,38.2,24.6,43.0,96.4,34.8,139.7,85.0,76.6,57.1,18.7,53.0,29.0,36.2,38.7,43.1,5.8,31.2,35.7,33.5,14.7,55.0,162.9,55.7,43.3,71.5,54.8,14.5,24
21.2,33.8,32.3,44.3,105.1,38.6,140.2,92.6,80.7,62.7,17.1,56.8,32.1,35.8,37.2,47.3,6.0,33.5,35.8,33.4,12.3,54.5,163.7,65.1,42.3,87.8,70.5,15.0,25
21.0,34.9,25.9,42.0,94.2,34.3,135.3,88.8,72.6,62.8,17.7,52.3,29.6,38.8,39.5,42.3,6.0,29.3,34.0,31.4,13.0,50.0,159.7,57.3,42.5,78.8,54.8,14.5,21
22.8,39.4,30.8,49.2,106.3,40.6,144.0,96.7,82.7,63.8,18.6,57.0,33.3,40.6,44.3,46.7,5.9,35.2,38.9,33.0,14.1,55.4,167.6,64.3,42.0,90.3,76.3,15.9,24
22.7,36.6,34.2,46.2,103.6,41.2,141.8,102.6,85.1,63.6,19.0,57.0,33.8,37.0,38.6,45.7,5.9,33.7,38.5,35.5,13.7,58.3,167.2,65.6,39.0,87.0,78.4,16.0,31
20.8,38.2,30.7,43.9,106.5,38.4,146.8,92.0,83.0,61.4,18.7,55.0,30.0,37.8,39.3,47.8,6.4,32.5,36.7,35.5,13.9,57.0,170.7,64.5,44.8,84.8,69.8,15.3,32
23.3,35.6,31.5,43.0,102.7,39.1,140.7,87.9,79.4,63.5,18.3,55.2,31.3,37.8,38.8,45.2,6.0,30.8,35.8,34.2,13.5,55.3,164.9,62.9,42.3,82.5,65.0,16.1,24
24.6,35.4,32.2,45.9,118.1,41.5,138.3,97.2,74.4,68.2,18.9,56.8,33.7,38.5,39.9,43.8,5.5,32.5,36.4,32.0,13.2,52.5,161.5,71.2,45.0,95.5,79.4,16.3,20
23.1,37.2,34.9,49.0,113.0,39.4,140.3,115.7,78.3,68.7,18.8,56.3,32.8,44.0,42.5,47.1,6.1,36.7,41.0,35.2,14.0,57.5,162.9,69.4,44.9,110.5,89.7,16.3,23
19.2,38.2,25.5,41.9,92.8,31.0,139.3,85.0,75.5,60.0,17.8,53.8,29.3,40.5,42.3,44.2,6.0,31.8,35.3,32.7,13.8,54.6,161.5,51.8,45.0,78.5,52.5,14.4,20
22.0,36.4,36.0,48.2,113.4,39.6,132.5,97.6,74.7,67.8,18.3,54.6,31.1,39.6,40.5,43.4,5.8,32.9,36.6,31.0,13.7,50.0,153.7,70.2,40.2,97.2,77.2,16.1,20
22.4,38.5,27.5,45.3,98.9,37.5,144.2,89.9,78.1,66.9,18.4,55.3,32.4,35.7,39.2,44.4,5.6,33.3,38.0,33.6,12.8,53.7,166.3,60.3,42.0,79.3,65.7,15.3,22
18.8,36.0,25.7,42.8,94.2,31.7,136.3,88.8,77.7,58.3,17.1,54.0,29.0,38.0,39.2,42.9,5.3,31.5,35.7,32.1,12.5,52.6,158.2,57.2,40.7,79.8,53.7,14.2,21
22.0,34.2,30.7,45.1,106.7,39.7,128.0,101.0,68.0,61.0,17.4,55.9,30.0,34.6,35.4,41.1,5.9,31.8,35.3,29.8,12.7,45.5,149.9,62.7,43.0,95.5,66.7,14.4,41
22.2,39.3,32.0,48.3,111.2,37.9,151.6,101.0,85.1,68.0,19.2,55.6,33.3,39.6,42.3,49.5,7.0,35.3,41.0,38.0,14.1,60.3,177.1,68.5,45.6,92.0,83.3,15.9,25
19.5,36.8,29.4,44.3,96.1,33.5,133.1,96.7,73.6,61.0,17.4,55.0,28.3,37.4,39.4,41.8,5.4,33.6,36.9,32.7,13.4,52.4,154.5,56.3,40.8,85.5,59.9,14.9,27
20.2,35.3,31.1,44.2,99.4,36.1,137.8,97.5,75.5,61.4,18.8,54.4,31.7,36.2,38.1,43.3,6.5,32.2,36.3,32.0,13.0,52.2,160.3,60.4,42.1,91.4,64.9,15.4,31
22.5,35.4,35.8,48.5,110.5,41.6,136.6,106.6,74.8,71.5,19.2,53.8,31.0,38.0,38.3,43.8,5.6,33.9,37.1,32.6,12.5,53.1,158.0,67.5,40.9,93.8,78.8,15.2,24
21.5,34.2,32.3,47.3,101.6,43.0,137.6,106.2,76.4,66.7,18.5,55.2,29.7,40.0,40.2,44.8,5.9,33.7,37.2,30.9,12.4,53.0,160.8,64.0,40.6,96.0,75.2,14.8,23
19.3,35.4,30.5,46.8,100.0,34.3,132.1,94.1,73.8,60.6,17.4,54.3,27.7,36.8,38.6,41.3,5.3,31.5,35.1,32.3,13.0,54.0,156.1,63.1,40.5,90.0,64.3,14.3,31
21.7,35.7,28.0,42.9,96.5,38.7,139.7,88.0,77.3,62.0,18.3,57.4,31.0,33.5,36.0,44.2,6.5,31.9,36.0,33.2,12.5,54.5,164.2,58.0,41.3,78.0,61.3,15.4,21
23.9,37.7,35.2,49.5,116.5,42.5,138.1,102.7,74.0,66.0,19.9,58.5,32.0,37.0,40.2,43.6,6.7,36.0,41.5,32.4,14.2,53.3,160.0,74.5,43.8,93.5,84.7,16.9,20
21.0,37.2,30.7,46.1,107.7,37.5,136.0,95.3,76.5,63.0,18.3,57.7,31.7,37.7,39.0,44.4,5.8,31.8,36.4,32.6,14.2,54.5,159.1,64.2,41.5,89.0,68.7,15.0,28
22.6,38.4,30.1,45.0,98.8,37.9,146.0,99.7,80.9,65.0,19.2,57.7,32.1,39.2,42.2,47.3,6.7,33.3,39.2,34.2,14.1,55.5,169.7,59.8,45.2,82.1,69.7,16.2,37
19.6,39.2,27.0,44.6,96.5,33.5,144.8,87.0,79.4,60.0,18.7,55.7,29.7,36.2,39.7,45.6,6.6,30.6,34.8,34.0,15.0,54.5,169.1,55.5,43.7,79.3,60.2,14.8,30
21.8,36.7,28.3,43.7,106.8,35.9,134.1,95.6,72.6,68.0,18.6,50.7,30.5,34.6,38.5,41.8,6.0,31.1,36.0,32.3,14.0,51.2,156.3,63.5,39.1,77.5,63.1,15.4,28
22.5,36.7,36.5,51.4,121.0,45.3,135.6,115.2,73.7,64.4,18.2,56.3,31.1,42.6,41.6,43.6,5.8,36.1,38.8,31.9,13.1,52.6,159.8,75.8,44.5,103.4,95.2,15.7,42
20.7,32.4,26.0,38.5,91.4,33.2,139.3,79.5,79.7,59.3,18.2,54.3,30.3,34.2,37.0,44.2,5.8,30.8,36.3,33.5,12.7,54.5,163.1,52.0,40.6,66.4,51.3,15.1,20
21.7,36.8,31.9,45.3,105.0,37.4,142.4,93.7,78.9,63.5,19.0,57.7,31.3,38.0,41.0,46.2,5.7,33.2,36.8,33.0,13.1,53.1,164.8,60.6,44.9,90.7,69.4,15.4,23
19.6,34.9,27.6,42.3,90.0,35.0,126.9,82.6,72.0,55.0,18.4,54.7,29.7,34.7,37.5,41.6,6.0,31.2,35.9,31.0,13.8,51.1,149.6,54.8,40.2,76.8,50.9,15.4,21
20.3,33.2,27.0,39.8,91.5,34.2,129.7,87.8,72.3,59.9,17.4,55.0,29.2,33.0,34.1,42.5,5.3,29.9,33.9,31.3,12.0,51.8,152.2,55.0,34.5,67.2,52.0,15.0,21
20.3,39.9,35.4,49.8,111.5,38.9,152.7,104.7,89.2,66.2,20.1,58.0,33.4,42.0,43.5,51.5,5.7,35.5,41.3,35.5,14.5,59.6,176.9,69.5,46.8,96.5,88.9,16.8,31
21.7,39.0,30.1,44.7,106.9,37.5,152.6,90.0,87.0,68.9,19.8,58.9,34.3,39.0,42.0,51.7,6.1,33.6,39.2,36.3,14.3,60.4,176.1,66.4,42.5,78.4,78.5,16.6,36
20.2,38.0,29.8,45.7,107.2,35.5,137.8,97.6,78.5,64.8,17.9,54.8,31.4,37.2,39.5,45.3,6.4,32.5,37.5,32.4,13.7,52.5,161.8,64.5,41.0,90.3,67.8,15.9,21
21.1,37.6,30.0,44.0,100.7,35.1,139.0,91.2,77.7,62.0,18.7,56.0,30.4,40.2,41.5,44.8,6.4,32.2,37.0,34.2,14.3,54.7,161.2,58.4,42.3,84.1,64.4,15.6,27
21.1,37.8,29.4,46.1,99.9,37.7,140.7,94.0,80.3,64.5,17.9,55.4,30.7,39.4,40.7,44.8,6.0,33.0,39.5,34.8,12.9,55.0,165.3,57.1,41.5,87.0,65.7,15.0,26
20.5,34.0,29.6,43.3,106.3,36.5,138.0,95.5,77.3,59.0,18.5,57.3,30.0,35.6,37.0,45.7,5.4,32.3,36.0,32.4,12.2,52.7,159.8,65.1,43.9,85.2,66.1,14.5,42
23.7,36.7,35.6,50.8,114.5,41.3,152.4,113.0,83.0,70.4,20.1,55.5,33.9,42.0,41.2,48.6,6.8,35.5,40.5,36.8,12.6,60.4,177.0,69.1,46.4,99.3,92.5,16.2,29
19.0,35.4,29.8,43.4,98.1,35.0,133.5,100.1,72.9,61.0,17.3,50.2,28.0,38.9,40.1,42.4,6.1,32.6,36.7,31.3,12.0,50.6,156.6,58.8,42.2,86.6,61.1,14.6,50
21.1,35.4,29.3,42.4,97.5,36.3,143.3,96.1,80.3,67.4,18.3,56.8,30.5,38.3,40.4,46.1,6.0,34.2,38.8,34.1,12.6,55.0,166.8,53.9,41.4,75.7,61.1,15.4,39
24.7,37.8,32.0,47.2,114.3,44.5,137.5,97.3,82.6,60.4,18.8,57.1,34.5,39.8,42.0,46.3,5.8,33.6,39.1,34.5,12.7,57.4,161.4,71.2,44.6,90.7,79.7,16.1,27
20.8,39.3,29.9,46.9,96.7,34.3,142.8,102.1,79.5,61.6,20.7,58.2,32.3,40.0,42.1,45.7,6.5,34.6,39.9,35.1,13.6,57.3,167.3,58.3,44.5,85.3,68.2,16.0,38
18.2,35.5,25.5,40.4,87.5,30.5,137.0,84.0,75.8,54.3,16.5,52.9,27.7,35.5,37.4,44.0,5.7,29.5,35.7,33.0,13.0,54.2,158.8,51.4,44.1,77.9,48.9,13.3,19
21.0,35.7,29.1,46.4,99.2,35.9,132.4,105.3,75.6,58.5,19.3,55.8,32.8,38.2,39.2,44.3,6.2,33.8,37.4,31.8,13.7,52.5,153.4,61.5,41.5,92.6,66.9,15.5,40
20.5,36.2,31.8,45.0,102.3,36.2,127.9,88.8,71.3,59.5,18.9,56.1,31.0,37.9,39.1,42.1,5.5,33.3,35.7,29.5,14.3,49.5,149.0,63.4,41.5,82.5,61.7,15.5,24
21.1,37.3,33.6,45.7,105.6,37.3,138.3,95.5,76.3,63.3,18.3,57.9,30.9,39.1,39.8,43.0,5.2,32.1,37.6,30.2,13.8,52.1,161.1,65.0,46.1,93.8,70.6,15.5,34
21.0,36.7,31.1,44.2,94.9,38.6,136.7,90.9,77.3,58.1,17.5,56.9,30.2,39.8,40.1,45.4,6.0,34.3,39.3,32.5,11.8,54.5,159.9,58.6,41.5,75.5,61.1,14.9,29
22.3,38.2,31.4,46.2,99.6,35.2,141.6,100.1,76.7,64.1,19.5,57.5,31.1,36.1,39.5,44.8,5.8,34.5,37.7,33.0,13.6,52.7,164.5,56.3,43.5,86.7,66.2,15.8,36
18.3,32.9,26.6,41.6,92.5,33.3,134.5,91.0,73.1,60.8,17.5,52.5,27.6,36.0,36.5,42.0,6.4,30.6,34.1,32.1,11.0,51.1,157.1,55.5,41.7,78.4,53.2,14.8,39
20.5,36.6,27.8,43.6,95.8,35.6,141.5,93.3,80.2,61.5,18.9,55.1,30.6,37.1,40.4,46.9,5.4,32.3,36.4,33.1,13.6,55.6,165.7,57.0,40.6,75.3,61.6,15.6,29
22.5,36.1,30.8,45.7,109.4,38.2,138.6,97.4,77.3,65.2,18.5,55.0,30.5,37.0,38.6,44.0,5.9,33.7,37.8,35.1,13.1,57.0,164.1,67.4,42.2,91.4,73.7,16.7,31
22.2,32.3,28.6,41.0,103.9,34.4,143.8,94.7,80.4,65.8,18.9,54.1,31.9,33.0,33.6,45.9,5.8,32.5,36.0,34.0,11.6,56.0,171.0,59.5,43.0,82.6,65.7,15.8,35
21.0,40.0,29.3,46.4,104.0,36.8,143.7,98.6,80.4,62.6,18.3,53.7,30.7,40.5,44.0,46.6,6.8,31.2,35.4,34.0,14.5,55.5,167.4,61.0,41.9,87.5,67.1,15.4,27
21.5,36.2,37.0,49.3,112.9,37.5,134.1,118.0,72.0,67.2,19.0,55.2,29.7,42.9,42.0,43.4,5.1,37.8,41.2,31.4,12.3,50.5,156.1,68.1,45.4,109.5,83.1,15.9,54
21.0,35.9,33.8,49.2,117.9,38.9,143.1,110.0,78.3,66.4,19.0,56.3,31.0,41.5,41.5,47.0,7.1,34.1,37.2,33.5,13.5,54.1,166.4,69.5,45.3,107.6,86.6,15.6,49
23.8,36.0,39.6,51.0,127.5,45.0,151.4,110.1,83.4,75.3,20.1,56.0,31.9,39.6,41.0,48.9,6.8,36.0,40.7,35.0,13.1,58.4,174.3,77.9,49.6,108.7,105.4,17.1,31
22.5,40.4,38.1,54.0,117.0,40.5,143.8,108.0,81.1,68.7,20.2,59.5,33.0,43.6,46.0,46.6,6.7,39.0,42.2,32.8,14.2,54.3,168.1,74.2,42.8,101.1,92.0,17.2,31
18.9,33.2,32.0,45.0,103.2,37.2,129.5,91.3,74.1,56.3,16.5,52.8,27.9,36.8,36.3,41.3,5.6,32.3,37.2,31.2,11.3,51.0,149.8,64.7,40.0,93.1,61.7,13.9,28
21.0,36.7,35.1,48.1,110.5,38.5,136.2,102.6,75.7,66.8,19.4,56.3,30.5,42.7,43.0,43.7,5.4,35.4,39.9,33.4,13.4,54.5,159.5,67.8,42.4,88.8,77.2,15.6,42
21.2,36.4,30.0,45.4,108.3,36.4,152.6,104.7,85.3,67.0,19.5,55.3,32.5,38.7,39.5,49.4,6.8,34.2,37.3,34.5,13.5,57.0,177.1,64.9,45.8,97.1,77.7,16.0,43
21.3,38.9,34.8,49.8,110.5,37.3,135.7,111.3,77.8,67.1,19.5,58.0,32.6,42.7,43.0,45.4,6.4,34.3,39.0,34.2,14.7,55.0,158.5,67.9,41.0,101.5,80.2,16.3,31
21.7,41.3,36.7,51.8,122.3,39.0,158.0,108.0,89.6,73.7,19.0,56.0,33.5,45.1,46.7,52.5,6.5,37.5,40.9,38.8,14.1,64.0,181.9,75.0,47.7,99.5,95.3,15.7,37
22.0,34.7,36.4,50.1,118.5,38.6,144.1,109.4,79.5,66.6,18.8,55.3,31.1,41.8,41.3,44.8,6.9,32.8,36.1,34.3,13.7,54.6,168.3,73.5,47.8,106.7,87.0,15.7,36
20.5,35.5,29.8,45.4,106.6,37.5,144.3,97.4,80.7,68.8,19.6,56.0,30.1,39.0,39.8,45.7,5.1,35.0,38.5,35.8,12.8,59.0,168.6,62.4,40.5,85.3,73.0,16.2,23
23.7,35.7,35.5,46.6,114.2,41.4,144.7,109.6,79.3,75.7,19.8,58.1,33.2,38.5,38.8,44.7,6.2,36.3,40.4,33.8,13.6,55.0,170.3,70.9,42.0,93.7,87.7,16.4,28
22.9,39.9,33.8,49.2,112.2,38.1,146.1,97.6,81.3,65.0,20.3,58.0,33.6,39.4,41.7,48.2,5.6,36.2,41.5,35.4,14.0,58.2,170.7,68.9,47.0,96.7,82.3,17.0,40
21.0,39.3,34.5,48.9,107.8,37.8,144.6,107.8,84.7,51.6,18.8,57.7,32.4,35.8,40.4,48.7,6.3,35.1,38.4,34.6,15.7,56.6,167.8,63.6,49.5,111.2,83.1,15.9,38
20.2,35.5,30.6,40.7,96.1,33.9,142.2,88.6,80.4,63.5,19.8,55.8,30.7,40.6,40.7,46.0,5.7,33.1,37.2,32.9,12.8,56.6,164.6,56.8,40.2,70.0,59.9,15.3,28
22.1,37.6,31.3,45.6,107.4,36.9,143.9,96.2,82.0,63.1,19.8,58.3,34.0,36.5,39.7,48.0,6.8,33.9,38.0,33.3,14.1,57.4,167.6,63.9,42.2,90.7,72.5,15.9,38
19.4,37.0,26.7,42.7,100.6,32.8,148.7,87.2,88.4,60.4,17.1,55.8,31.7,32.0,35.0,49.2,6.7,32.0,36.0,35.5,13.5,59.0,170.3,63.6,42.5,81.0,63.0,15.0,28
19.6,33.9,32.8,44.3,102.5,33.9,138.9,90.1,80.3,60.7,17.3,55.9,29.7,35.0,37.0,45.0,5.5,31.3,36.6,33.2,12.0,53.6,160.9,61.9,43.6,90.0,62.3,15.3,29
21.4,37.6,34.7,49.1,113.2,40.8,138.9,110.0,79.7,63.0,18.7,59.2,32.2,43.8,43.5,46.2,6.3,35.4,39.7,32.8,13.2,53.6,163.6,71.1,40.4,93.5,82.1,15.4,28
20.2,36.2,28.9,44.0,98.2,34.4,139.9,91.0,77.3,61.2,18.5,55.7,29.8,36.1,39.1,45.1,5.7,32.5,37.4,32.9,12.5,55.9,162.5,58.5,45.6,85.8,62.4,15.0,31
19.2,36.9,27.8,42.0,99.8,34.0,137.7,88.3,78.4,57.1,18.0,55.9,29.0,34.0,37.0,43.4,5.4,31.5,36.5,31.7,13.2,52.2,161.5,59.1,42.4,79.0,56.7,15.1,42
20.5,37.1,29.9,45.3,104.9,36.0,138.1,106.0,75.5,56.0,19.0,57.7,32.2,38.0,40.5,44.0,5.8,34.4,38.3,31.5,13.5,52.4,160.3,60.0,45.0,96.0,67.5,15.8,46
19.2,35.4,28.3,42.5,99.3,34.3,142.3,84.6,82.4,67.0,18.4,57.3,30.2,35.0,37.5,47.0,5.7,32.3,36.5,34.5,13.5,56.7,164.1,61.5,39.8,77.8,62.3,15.5,27
20.5,39.7,29.8,45.3,95.6,35.4,146.5,92.0,84.6,60.4,20.2,56.5,30.8,35.7,39.6,47.9,5.7,32.1,36.4,36.4,14.6,61.0,169.7,56.0,41.0,79.1,64.4,16.3,30
18.9,34.0,28.4,42.2,100.5,36.7,134.7,92.6,74.1,65.6,17.1,53.0,29.3,37.2,39.0,42.0,5.8,31.7,35.7,31.4,11.2,50.6,157.1,59.6,40.4,83.8,62.6,14.9,27
21.7,34.5,34.5,47.0,109.7,40.3,132.2,94.6,75.3,67.0,17.9,55.2,31.0,37.0,37.6,44.5,6.3,32.3,36.7,32.0,11.8,53.0,154.8,70.3,38.7,84.5,71.3,15.1,28
20.5,36.7,28.8,44.5,99.2,34.8,141.8,89.9,79.3,66.0,19.2,53.4,30.0,37.3,39.4,45.0,6.9,32.3,37.9,34.3,12.7,54.3,163.3,59.9,42.9,79.9,63.0,15.3,27
23.8,39.2,32.5,50.2,110.2,39.9,144.0,103.2,77.7,69.0,18.8,55.0,32.7,43.1,44.7,45.1,5.7,35.1,39.3,33.5,14.2,54.8,166.7,66.5,45.2,92.2,82.0,16.0,23
22.9,36.2,32.9,47.1,106.9,41.3,136.7,104.3,78.0,65.4,18.0,54.7,31.2,39.7,41.0,43.6,5.3,33.3,38.0,32.0,12.0,53.0,158.4,65.7,39.7,95.6,76.2,15.2,25
21.2,37.7,29.8,45.3,106.8,37.6,142.4,92.9,79.6,69.0,18.8,56.2,31.1,39.0,41.5,45.1,6.3,32.8,36.9,35.0,13.3,57.3,164.2,64.4,42.0,84.3,69.7,15.8,24
23.9,39.3,34.0,49.7,120.6,40.3,150.9,109.8,87.5,66.9,20.4,55.6,33.2,40.8,43.0,50.8,6.6,36.0,40.5,37.0,13.5,61.0,173.6,70.6,45.2,106.4,91.0,17.2,22
24.0,36.5,31.2,46.0,114.3,40.7,144.3,96.5,80.4,69.4,18.2,54.7,32.1,37.0,37.8,46.1,6.7,33.7,38.3,35.0,12.0,55.5,167.1,68.6,43.7,95.7,80.1,16.3,24
20.9,39.2,31.9,46.8,106.0,37.7,137.8,91.2,79.3,63.5,17.8,58.0,29.5,41.8,42.8,44.2,5.0,33.5,37.5,31.3,14.5,52.0,159.5,64.1,40.0,82.0,68.3,14.5,21
22.4,38.7,31.3,45.7,107.1,40.8,148.4,96.4,83.3,67.7,18.5,57.5,32.2,40.5,43.0,46.6,6.0,34.5,39.5,36.9,14.3,58.0,171.6,64.2,44.0,87.5,76.9,15.6,22
21.6,35.0,29.0,42.7,97.1,37.3,133.3,87.9,73.7,60.4,18.2,57.5,30.8,35.8,37.7,42.5,6.0,33.2,37.3,30.8,12.7,49.7,157.4,60.3,40.0,76.8,60.1,15.4,19
22.8,34.5,34.2,47.0,113.4,40.9,138.2,105.4,75.3,64.3,19.3,57.1,32.7,37.0,36.5,44.8,5.6,35.2,39.4,34.1,11.4,54.3,161.0,67.3,46.2,107.3,82.1,16.4,27
21.9,35.7,33.4,43.0,116.0,46.0,142.7,94.7,79.9,63.6,18.7,53.7,31.7,36.5,38.2,44.2,6.5,33.1,35.8,34.1,13.5,55.1,164.3,70.1,49.2,91.3,84.2,15.7,37
23.0,38.4,33.3,47.4,108.3,38.1,146.4,99.2,79.9,68.7,19.2,56.0,33.0,40.0,41.5,45.7,6.7,34.1,39.4,34.9,13.1,56.0,169.7,66.8,45.7,95.9,79.1,16.0,21
20.0,34.2,27.6,42.8,98.0,32.5,128.6,94.1,68.6,60.5,16.8,54.0,29.3,33.2,36.0,38.8,4.7,30.9,33.9,29.5,13.0,48.5,150.1,58.0,41.5,84.0,57.5,14.8,21
20.5,34.0,28.0,41.8,93.5,34.4,139.2,88.4,79.2,60.0,19.3,53.5,30.5,36.3,38.0,46.3,5.9,31.2,35.7,32.4,12.5,54.2,163.2,54.8,40.2,78.7,56.8,15.5,33
21.0,39.0,30.2,46.7,103.6,36.4,143.1,101.5,82.1,61.5,19.2,55.8,33.0,40.0,42.7,47.0,6.5,36.3,41.1,36.4,14.0,59.0,165.4,62.0,43.0,89.3,72.0,16.2,37
19.9,36.1,26.0,40.6,95.1,35.6,134.5,78.7,74.7,60.3,17.3,53.8,27.5,35.8,39.0,41.5,5.9,29.6,35.4,31.3,13.2,50.1,157.1,57.9,43.0,70.6,52.1,13.9,24
21.0,35.6,30.8,45.2,99.3,38.1,137.8,103.1,80.3,63.7,17.4,56.0,29.5,35.5,37.7,44.4,5.7,33.0,38.0,33.6,12.3,55.6,159.6,60.3,39.5,85.0,68.9,14.8,23
23.0,34.5,32.1,43.2,101.6,38.4,134.2,88.1,74.8,61.5,20.0,57.6,31.5,36.0,37.2,42.8,6.2,32.6,36.9,30.3,12.0,49.8,158.9,62.9,41.6,79.6,65.2,16.4,22
22.5,35.4,34.8,47.2,110.0,40.5,141.9,113.1,78.8,66.3,18.8,54.2,31.6,40.5,41.5,45.0,5.5,35.7,38.9,32.4,12.0,52.6,165.0,67.0,45.1,101.0,82.7,16.2,43
23.2,37.7,31.4,45.6,100.8,38.7,139.6,92.7,77.4,59.3,18.8,53.1,32.6,39.3,41.2,44.1,5.9,32.7,36.9,33.2,13.3,53.5,161.1,56.4,46.0,91.0,66.2,14.8,29
20.2,35.1,31.4,45.7,109.0,34.9,142.2,97.1,80.5,59.7,19.3,55.8,31.2,38.2,38.7,45.0,6.2,33.5,36.4,33.8,12.3,55.2,163.2,61.3,45.5,101.3,71.5,15.7,44
22.5,37.1,35.6,52.3,119.4,42.6,147.3,122.0,82.4,66.7,19.1,54.0,32.6,43.2,42.5,47.2,6.2,35.7,39.5,34.3,13.2,56.2,172.9,74.8,47.8,104.6,97.3,15.6,35
17.9,35.5,25.2,40.3,85.0,31.5,131.8,80.0,76.6,55.8,17.2,52.0,28.1,35.5,37.5,44.2,5.3,30.5,34.4,31.8,12.8,53.0,153.3,51.4,37.7,65.0,45.0,13.8,19
20.2,35.5,25.2,41.2,88.4,33.5,138.5,79.3,75.8,62.9,17.5,54.0,29.4,33.5,37.0,44.5,5.6,29.0,32.9,32.7,13.7,52.1,161.1,52.2,40.9,72.0,50.4,14.3,20
19.5,37.0,25.4,40.3,94.8,33.8,142.5,84.8,81.5,61.8,18.2,56.5,30.4,35.2,38.8,46.1,5.4,31.6,35.0,33.8,14.3,57.0,165.0,57.8,42.2,74.7,57.7,14.7,24
19.4,33.2,29.3,43.7,94.9,33.6,126.2,93.2,71.4,60.0,18.0,56.2,29.5,40.5,39.8,40.3,5.5,31.4,35.2,31.2,12.3,51.5,147.3,57.3,38.7,86.7,56.2,14.8,22
22.2,39.8,32.0,46.4,101.6,37.1,145.1,94.1,85.7,62.2,18.6,59.5,31.8,38.5,41.8,47.0,6.0,34.8,39.4,33.3,15.2,57.0,170.0,63.0,39.7,81.0,72.8,15.8,25
23.8,39.9,29.4,47.4,109.1,38.9,146.3,94.0,83.6,69.8,19.9,58.8,31.9,39.2,42.5,48.1,6.8,33.8,38.8,34.4,15.3,55.8,169.2,63.8,40.2,80.7,72.2,16.2,20
20.7,35.3,28.0,40.8,94.7,35.3,140.0,82.6,79.7,58.2,17.9,57.3,31.0,34.1,37.8,45.5,6.1,33.0,37.0,33.3,12.7,54.5,161.1,54.3,42.8,73.8,56.0,15.5,27
23.0,38.6,33.5,48.0,110.6,40.8,150.5,99.0,82.6,72.4,19.0,58.1,32.9,40.0,42.5,49.5,6.9,32.9,37.0,35.8,15.4,58.3,173.4,68.2,43.5,92.0,82.4,16.3,19
23.8,39.4,32.5,47.7,109.6,41.1,147.0,104.7,87.3,66.0,20.8,61.0,34.5,38.6,40.7,48.5,6.2,35.5,39.3,36.0,14.5,59.2,169.2,66.6,43.5,91.8,82.5,16.4,20
24.2,39.8,42.4,49.9,125.7,45.2,140.0,107.1,80.7,61.8,20.0,56.8,33.2,40.2,42.2,46.6,5.7,35.6,40.4,34.9,15.8,57.0,164.7,78.2,46.0,109.3,99.5,17.0,28
23.6,35.9,38.8,50.8,121.0,42.9,138.6,122.2,77.8,59.2,19.5,55.7,32.7,41.0,41.0,43.8,5.6,39.8,45.0,33.2,12.7,53.1,159.9,72.0,50.0,114.0,98.8,18.0,38
22.9,36.0,35.3,47.7,107.4,37.5,137.0,110.2,74.3,67.4,19.1,58.4,34.0,45.3,43.7,44.8,5.6,34.0,38.8,31.8,13.2,52.8,161.4,67.5,43.0,101.7,81.5,16.3,53
20.8,32.3,33.4,45.7,114.0,38.0,133.2,95.0,76.5,65.3,17.9,54.3,31.4,37.0,38.5,44.7,6.0,32.2,36.6,32.9,13.0,54.6,154.9,69.8,39.8,94.5,72.3,15.5,23
21.7,40.5,34.4,47.8,108.5,39.3,139.3,95.7,76.9,64.3,20.0,56.8,31.7,43.0,44.5,44.0,6.0,32.6,37.6,32.8,15.3,53.5,163.4,65.9,43.4,86.8,73.6,16.3,29
22.5,37.1,30.5,45.1,102.2,39.5,150.8,95.1,86.7,63.2,18.8,54.7,31.0,40.5,41.2,48.8,6.0,32.7,39.3,35.8,13.2,59.0,176.0,59.1,44.6,80.5,69.8,15.7,21
22.7,38.4,29.6,47.7,104.8,38.8,144.0,102.6,78.4,69.0,19.4,56.0,32.5,41.0,42.0,45.5,7.1,36.0,39.9,35.2,13.5,57.0,168.3,61.8,42.0,94.4,76.6,15.6,23
20.3,36.6,30.8,45.8,106.6,36.9,137.9,90.0,78.1,62.8,18.4,54.7,29.9,37.2,39.0,44.6,6.5,30.8,35.6,34.1,13.6,54.6,161.8,64.6,39.6,81.4,65.1,14.4,23
20.6,33.4,27.6,40.4,91.7,32.4,135.0,80.0,74.4,57.6,18.2,53.9,29.1,32.0,34.3,43.6,5.7,30.6,34.0,33.8,13.2,54.7,156.5,55.3,42.0,73.5,51.8,15.4,34
19.6,34.9,27.8,42.2,93.1,34.0,138.0,86.8,77.6,56.2,17.9,56.0,29.2,36.7,39.4,44.7,6.1,32.4,36.4,33.3,12.5,52.5,159.2,54.3,42.3,81.4,54.9,14.7,23
20.5,39.3,26.6,42.7,94.5,33.5,140.0,86.2,79.4,61.2,18.7,54.6,30.8,37.0,40.7,45.3,6.3,32.5,37.6,33.9,14.3,55.1,163.6,54.5,40.7,78.7,57.6,15.8,22
21.7,35.4,29.0,45.0,95.6,35.8,130.7,91.4,73.6,59.8,17.5,54.8,30.1,39.0,40.7,41.5,5.7,32.2,35.9,30.2,13.3,48.3,153.8,60.2,38.8,80.8,58.3,15.1,22
21.8,35.2,29.5,41.9,103.6,39.2,141.2,88.3,80.0,62.4,18.5,55.0,30.8,34.8,37.2,45.8,6.7,31.4,37.0,33.2,12.7,53.5,164.8,64.7,44.0,82.2,67.0,15.3,24
19.0,35.9,29.0,44.2,101.4,35.3,141.3,93.6,79.5,63.4,18.4,53.8,30.0,34.0,37.1,45.9,6.3,32.0,38.1,35.9,12.3,56.0,164.5,61.9,42.2,80.1,63.1,15.5,24
22.2,37.1,29.4,43.5,98.5,37.7,139.1,88.0,76.4,60.4,19.3,57.5,30.5,39.5,41.5,43.8,5.7,33.8,38.1,33.2,13.5,54.5,162.3,56.6,44.2,84.2,62.7,15.7,25
23.7,37.0,30.8,44.7,101.5,39.0,139.3,94.1,79.4,66.2,19.6,54.8,31.3,39.6,41.0,44.9,6.1,33.0,37.2,34.3,13.3,55.6,161.1,61.7,41.3,84.4,67.6,16.5,21
20.5,35.3,27.0,41.0,95.8,31.5,136.0,87.2,75.2,62.2,17.7,54.3,29.2,33.5,36.5,44.2,6.3,30.3,35.0,32.5,13.6,51.9,160.2,54.9,39.3,74.7,53.4,15.3,24
21.8,38.3,31.5,45.7,111.9,38.3,142.3,100.8,78.6,65.4,19.0,55.7,31.2,38.1,41.1,45.6,6.3,32.6,38.1,34.6,14.1,56.2,167.0,66.6,45.0,87.3,74.8,16.4,24
21.7,35.2,30.9,43.5,96.4,36.8,140.9,91.5,80.2,61.9,18.3,56.7,31.3,36.5,38.8,44.7,6.9,32.5,37.8,32.4,13.5,51.6,164.3,60.2,42.1,75.7,64.4,16.0,23
21.1,36.2,32.9,46.2,100.2,38.3,139.0,97.9,77.6,60.3,19.3,54.3,31.3,39.0,41.4,44.8,6.6,34.8,39.2,32.0,13.1,51.0,162.8,59.8,42.4,85.4,67.7,15.8,23
22.0,36.5,28.4,44.3,99.8,38.0,135.2,90.4,76.0,60.9,18.3,53.5,31.6,37.0,39.1,43.1,7.2,31.1,35.7,33.3,13.0,53.6,157.5,59.3,39.8,77.8,62.0,15.9,22
20.4,36.2,26.8,40.4,95.4,34.3,138.7,83.4,77.0,59.0,17.3,55.0,29.6,36.0,39.0,43.4,5.7,31.3,35.2,34.4,14.0,55.1,161.3,53.9,41.5,71.3,53.6,15.1,20
22.0,35.8,29.1,41.7,100.8,37.0,136.5,86.8,75.9,66.9,19.3,56.5,31.6,34.8,37.0,45.0,6.2,30.9,35.9,31.7,12.0,51.5,159.8,61.5,39.7,77.1,59.9,15.3,23
21.0,36.9,30.6,44.1,98.8,36.4,138.3,89.8,77.3,56.4,17.7,55.7,30.5,36.4,40.0,44.1,5.3,29.7,35.0,33.0,13.8,52.8,161.0,61.2,46.1,85.7,64.4,15.3,23
20.5,33.3,26.6,39.9,95.5,35.2,139.1,82.2,79.3,58.8,17.5,53.4,30.5,33.6,36.1,45.1,6.9,30.4,35.2,32.5,12.5,53.5,159.7,57.8,41.8,73.9,53.6,14.4,26
22.5,38.0,37.9,50.3,115.3,41.7,137.3,108.6,75.8,69.4,20.2,57.4,32.7,46.0,45.0,43.3,5.8,38.8,44.4,32.5,14.0,52.2,159.0,72.8,43.0,97.2,88.2,16.9,40
19.0,38.6,30.0,45.2,98.9,33.2,146.4,93.0,86.4,60.8,19.0,57.3,31.2,36.0,39.3,50.2,6.1,34.2,38.8,35.8,14.0,59.0,168.8,58.1,43.0,84.0,64.6,15.6,24
20.8,38.3,33.3,47.6,99.9,37.1,130.0,93.6,73.4,58.6,18.7,57.1,29.6,44.5,44.5,42.4,6.0,37.3,40.6,31.7,13.6,53.2,150.2,62.8,39.0,87.8,66.2,16.3,30
22.5,38.3,30.8,45.6,107.2,37.0,136.5,91.5,77.3,63.8,19.3,59.0,32.0,38.0,41.1,43.8,5.3,35.0,38.5,32.0,15.1,55.0,159.3,66.4,39.5,78.8,69.8,16.5,21
19.3,35.5,30.3,45.3,105.6,36.3,136.3,103.6,76.8,65.9,18.8,53.5,29.8,42.1,42.0,44.2,6.1,30.6,37.0,32.6,12.5,53.3,160.7,64.1,39.9,89.5,67.7,14.5,20
20.0,34.1,29.0,41.5,93.5,36.0,138.8,88.1,75.5,63.0,18.0,54.3,29.9,34.2,37.3,42.9,5.9,31.3,34.9,32.2,13.4,52.8,162.5,52.6,41.7,74.0,58.6,14.8,23
20.8,34.2,26.0,42.5,90.7,34.0,129.0,88.6,70.3,59.3,17.2,56.7,28.3,35.8,37.0,39.9,6.0,30.9,35.4,30.8,13.0,49.5,152.5,54.6,39.1,76.7,52.6,14.7,23
21.0,33.7,26.8,41.6,93.9,36.8,134.9,89.4,74.4,59.9,17.8,53.4,30.4,35.2,35.8,43.5,6.0,32.9,36.5,32.0,13.7,52.5,156.3,56.8,40.2,79.7,56.4,15.2,27
21.6,37.6,30.0,47.7,112.6,40.7,148.8,92.3,84.3,67.6,18.6,57.2,31.3,39.3,41.5,48.3,5.9,32.0,37.4,35.5,13.2,57.0,173.4,69.4,42.7,84.0,76.5,15.6,25
22.3,39.5,37.0,51.2,109.3,40.1,150.6,99.6,88.0,67.1,18.6,55.6,31.5,39.0,42.8,48.6,6.2,35.3,39.5,35.8,15.0,62.4,173.4,70.6,44.0,94.7,87.1,16.6,26
20.2,38.3,27.5,43.9,100.8,37.5,148.4,92.0,81.9,68.0,18.7,55.4,31.6,36.5,40.1,48.8,6.4,32.4,38.1,35.8,14.7,57.6,172.8,59.5,43.5,81.2,68.2,15.5,35
20.1,35.5,29.0,40.9,102.1,35.6,143.5,89.3,80.4,61.7,16.8,53.1,29.5,32.6,37.0,47.0,6.2,32.2,37.8,34.4,12.7,57.0,166.1,60.7,43.4,85.6,62.9,14.5,24
21.7,38.0,25.5,42.5,96.9,33.3,148.0,87.2,81.2,63.6,17.3,54.5,30.8,35.0,37.6,47.0,6.4,31.0,35.0,34.0,13.8,54.5,170.3,55.7,45.3,73.3,56.8,15.1,28
21.4,32.9,28.9,42.3,102.0,36.6,146.8,97.1,82.3,63.6,17.3,57.0,30.1,34.0,35.1,47.5,6.2,33.7,38.6,36.5,12.0,58.0,170.2,59.6,43.5,85.7,68.0,15.2,20
21.3,39.5,27.5,43.2,99.0,36.3,151.8,91.1,84.7,65.0,19.0,57.5,32.1,42.1,44.1,48.8,6.6,32.5,38.0,37.0,13.7,60.0,177.2,57.8,45.6,78.2,66.9,15.7,32
21.2,37.3,31.0,45.4,108.5,41.9,140.8,92.8,76.8,64.2,18.7,55.1,32.0,36.3,38.0,45.1,6.9,34.9,38.0,32.8,13.0,53.0,162.6,65.9,44.1,91.8,71.2,15.2,38
22.0,36.6,30.9,45.7,111.0,38.5,143.1,99.9,76.8,69.5,18.6,54.1,32.5,36.0,39.1,45.5,6.5,32.6,36.2,34.1,13.1,55.6,166.1,67.3,44.4,87.5,78.1,16.3,32
19.3,35.3,31.6,44.6,102.1,38.0,134.1,96.6,76.8,65.0,17.1,55.4,29.7,37.1,38.5,43.3,5.8,33.7,36.6,31.0,13.1,53.2,154.9,64.0,39.5,83.5,67.5,13.7,40
21.5,36.6,31.7,43.8,101.9,36.9,142.0,93.8,80.6,63.1,18.2,55.9,29.4,37.4,38.7,47.5,5.9,33.6,38.5,34.5,13.5,55.5,163.4,62.5,44.1,79.5,66.3,15.4,28
21.6,36.6,32.8,47.4,107.7,37.3,141.2,101.6,78.1,63.2,20.8,57.5,32.2,37.4,40.0,43.4,5.7,36.8,40.6,32.9,11.8,53.0,166.1,64.2,46.2,96.7,79.3,16.5,25
21.2,34.7,31.1,42.8,96.2,34.8,133.4,94.6,77.9,53.6,17.2,53.5,31.1,37.0,38.6,43.4,5.9,32.1,37.6,29.9,12.5,48.9,156.4,60.3,41.7,90.2,60.4,14.8,29
20.5,34.9,28.6,47.2,105.9,36.0,143.5,107.5,78.4,65.5,19.6,55.5,31.5,40.3,41.2,46.5,6.4,33.2,38.0,35.2,13.0,56.0,166.4,62.4,42.8,90.2,73.2,15.5,33
21.5,34.4,33.0,44.4,104.3,36.2,134.8,104.4,67.7,67.4,18.6,54.5,30.2,40.2,40.3,40.3,5.9,36.0,38.8,31.2,11.7,48.5,155.3,61.5,47.4,98.6,71.2,15.9,50
21.3,38.3,31.2,45.8,108.5,37.9,147.0,90.9,85.0,62.8,20.6,55.4,33.0,38.5,40.7,48.5,6.0,32.9,37.3,35.8,14.7,60.4,170.0,67.2,44.0,84.0,72.2,16.2,37
19.2,35.8,30.1,44.4,98.8,34.8,133.0,92.6,77.0,55.2,18.3,60.0,29.6,36.2,39.0,42.5,5.6,35.3,38.7,33.1,12.6,53.5,154.2,58.0,41.4,82.7,61.0,15.6,27
21.0,38.2,32.9,47.6,112.8,36.3,149.8,98.7,85.7,66.0,19.4,57.2,33.8,39.7,40.7,48.2,5.9,34.4,38.8,35.5,13.7,60.1,174.3,68.2,44.8,97.5,81.7,16.4,34
21.6,39.6,35.7,49.7,110.6,44.5,140.5,98.0,82.4,62.2,18.2,56.2,31.4,41.5,43.5,45.3,5.4,33.2,37.0,33.4,15.1,55.4,162.3,70.3,41.0,90.5,79.9,15.4,22
19.7,35.9,29.6,44.1,100.7,34.8,136.8,84.5,79.9,61.1,17.8,55.1,31.2,36.5,38.5,45.8,5.3,30.8,35.2,32.2,14.0,54.5,159.0,62.1,38.1,77.0,60.2,15.3,20
20.8,38.0,28.6,43.1,97.3,36.3,137.7,88.2,75.1,60.0,18.5,52.8,29.9,33.0,34.6,43.5,6.4,31.7,36.4,32.2,13.0,51.6,160.4,58.0,41.1,73.7,58.4,14.9,23
20.5,36.0,29.3,43.2,98.1,34.1,141.0,87.2,82.0,62.9,18.5,57.3,32.0,36.6,40.0,45.8,5.8,31.5,37.0,34.2,13.8,56.5,162.7,57.6,39.3,75.2,60.1,14.7,26
20.8,40.0,32.1,50.3,109.2,39.8,149.1,101.4,84.2,67.0,17.3,60.1,31.5,41.1,44.5,47.7,5.8,36.8,39.9,36.6,15.0,60.2,171.8,66.8,47.0,91.8,83.4,15.8,24
23.9,38.2,36.5,52.2,117.9,41.0,147.0,117.3,84.4,70.8,19.8,59.6,35.3,42.3,43.5,47.7,6.9,36.9,40.4,32.7,15.0,56.0,170.5,71.5,42.5,95.7,97.3,17.1,23
20.1,35.3,29.5,41.9,92.9,36.5,132.8,85.7,71.4,61.5,17.6,54.8,29.6,36.5,37.7,40.9,5.8,30.7,34.4,30.1,13.7,49.0,156.1,57.2,41.0,68.6,55.7,15.1,25
18.6,37.6,27.9,41.6,89.7,32.1,145.7,80.3,87.2,55.0,18.7,55.5,31.8,36.0,39.0,49.0,5.9,32.6,36.2,35.6,14.7,60.2,166.1,52.5,45.1,78.2,55.3,15.3,25
19.7,35.7,26.6,40.5,87.0,35.8,139.0,84.1,81.9,56.0,18.2,57.7,31.0,33.5,36.4,45.5,5.9,31.2,36.1,32.6,13.9,53.5,162.0,52.0,39.2,70.0,52.6,14.6,25
22.2,35.3,27.6,40.8,98.3,37.0,143.1,85.7,87.1,62.0,18.9,57.5,32.3,36.5,38.7,50.8,6.9,31.2,34.5,33.8,12.9,57.0,166.0,60.2,37.0,69.0,61.4,15.4,25
22.7,37.7,31.2,49.7,114.0,41.3,147.9,108.3,84.7,64.4,18.1,58.0,32.5,41.5,43.1,48.5,6.0,36.0,39.0,36.1,16.0,60.3,169.7,70.0,49.4,103.4,89.4,15.7,25
22.5,39.8,36.0,51.5,114.4,40.2,147.2,106.6,82.9,66.8,19.5,55.0,32.4,41.0,42.2,47.1,5.5,36.0,40.8,35.1,13.7,57.9,169.9,70.1,45.0,99.0,89.3,16.4,23
22.6,38.7,31.4,44.9,106.1,36.9,150.1,90.1,83.4,69.4,19.2,54.9,31.7,37.1,40.0,47.8,6.7,34.7,39.3,34.0,12.4,56.0,174.0,62.1,44.8,80.0,70.2,15.6,21
22.2,36.3,32.3,44.8,105.8,38.4,146.4,103.0,82.5,63.4,18.7,56.3,32.5,38.8,40.2,48.2,6.4,31.5,36.5,35.9,12.8,56.2,170.1,62.8,44.5,87.9,73.8,15.5,48
20.0,37.3,28.0,44.1,92.6,33.5,146.6,90.0,83.8,62.2,18.9,59.7,30.8,32.5,37.0,47.9,5.5,31.0,35.4,35.4,13.6,58.3,170.7,54.5,40.5,72.7,60.1,15.6,22
21.6,35.3,34.0,46.9,114.8,40.9,133.7,99.8,72.4,65.1,19.1,54.1,31.6,37.9,38.7,43.9,5.6,35.3,39.7,32.0,12.8,51.3,156.0,70.2,44.3,99.1,78.2,15.9,33
18.2,33.0,24.8,39.7,87.1,30.2,127.4,78.0,70.5,58.0,16.4,51.6,27.9,32.8,35.1,39.0,5.3,29.5,34.2,29.6,11.7,49.5,148.3,51.2,36.6,64.7,44.2,13.4,26
21.0,36.8,24.7,41.3,87.4,33.2,137.7,80.2,79.0,52.6,18.1,52.8,30.5,34.3,36.8,44.6,5.7,30.3,35.5,32.5,14.5,54.0,158.7,48.9,41.0,67.8,47.6,14.3,22
19.3,35.6,30.5,45.2,103.3,35.8,136.1,90.7,77.8,57.9,17.7,57.3,29.8,37.5,39.0,46.4,6.2,33.2,36.6,32.2,12.7,55.0,157.9,64.9,40.1,84.6,64.2,14.5,27
22.3,36.3,31.3,44.3,105.5,41.8,142.3,94.0,76.9,68.7,19.2,56.3,30.3,37.1,39.5,43.5,5.8,31.9,37.0,34.0,14.5,55.6,165.9,64.3,44.4,85.0,73.7,15.3,21
21.1,37.7,32.4,47.5,113.2,38.5,146.7,97.2,84.1,67.7,18.2,56.9,32.0,40.7,42.7,47.8,6.5,34.6,37.7,34.0,13.8,56.5,168.4,71.2,44.2,85.1,77.6,15.3,27
22.0,37.6,31.4,45.4,101.9,38.5,136.1,90.0,73.8,66.0,20.2,54.6,31.5,38.2,39.8,43.5,5.9,32.7,37.9,33.3,13.1,54.0,159.3,59.0,40.0,77.0,62.0,16.2,27
21.5,36.8,28.8,46.5,98.6,37.5,136.3,95.3,79.9,58.9,18.3,55.9,30.3,36.2,39.6,44.6,5.3,33.8,37.4,35.1,14.6,56.6,158.9,60.7,39.0,84.3,64.6,15.7,25
22.1,38.0,31.0,46.3,103.5,37.9,144.3,94.5,77.6,67.1,18.6,53.9,31.2,40.5,42.4,46.0,6.8,32.7,38.2,31.9,14.0,50.7,168.3,61.3,44.1,85.6,69.7,16.1,20
22.1,38.1,31.1,47.6,105.0,37.0,145.4,95.3,81.0,72.1,18.8,57.5,32.3,37.3,41.1,46.4,6.3,34.4,40.0,35.6,14.0,58.1,170.4,60.0,38.1,79.5,72.4,16.2,28
19.8,37.9,30.6,47.2,97.5,36.6,149.8,102.2,84.5,59.3,20.5,55.2,30.8,42.6,44.0,48.8,6.0,34.2,39.0,35.3,13.8,56.5,173.6,56.3,46.0,88.3,69.7,16.0,47
21.0,40.1,28.3,45.4,98.6,36.0,141.3,92.7,80.1,58.8,20.0,58.0,32.0,38.5,41.8,47.4,5.5,32.8,37.8,33.2,15.8,55.5,163.3,57.8,40.5,76.8,62.0,16.0,26
23.2,38.6,34.1,47.9,116.9,44.3,150.7,101.3,86.1,72.3,20.2,58.5,34.8,40.8,42.9,51.7,5.9,34.0,38.0,36.5,14.5,60.6,172.4,68.5,43.1,85.7,88.4,17.0,44
20.2,34.6,36.7,45.8,110.4,37.8,127.3,100.1,69.5,67.1,18.0,53.5,28.6,40.4,39.6,40.0,5.2,36.0,38.2,31.4,12.0,50.5,148.7,70.1,41.5,98.2,71.2,15.3,47
21.0,35.7,31.1,44.8,96.0,40.1,133.2,101.8,70.9,65.3,20.9,55.8,30.2,37.8,38.2,43.3,6.5,37.9,41.2,33.0,12.2,52.2,156.0,55.9,43.1,91.5,68.4,16.8,50
20.2,34.0,29.5,42.2,100.0,34.9,135.1,97.8,75.8,59.2,18.7,56.1,30.5,38.6,39.2,45.0,6.1,34.0,37.3,33.1,12.3,52.0,156.1,59.3,42.5,92.0,62.3,15.1,43
19.3,34.7,28.3,43.0,101.0,33.7,138.8,93.0,76.7,59.5,17.8,58.0,28.3,35.0,36.7,44.2,5.1,33.9,38.8,34.0,12.7,55.7,161.8,58.9,41.5,81.6,61.4,14.6,28
21.0,35.2,27.1,41.4,94.3,37.3,136.8,93.0,75.1,63.4,18.8,54.0,31.0,38.7,40.2,43.5,6.6,31.0,36.0,31.2,13.2,50.6,160.4,54.9,40.2,66.7,55.1,14.4,24
21.7,38.6,40.9,53.1,134.1,46.1,143.4,114.1,81.6,70.4,19.5,58.0,32.7,42.0,42.7,47.0,6.8,40.8,45.0,35.1,13.2,56.0,165.8,86.8,46.8,119.8,112.1,16.3,43
21.8,37.9,31.9,47.7,110.5,40.2,141.3,97.0,76.5,68.0,19.0,56.8,30.8,39.0,41.4,43.5,5.4,34.8,39.5,33.1,14.8,54.0,165.8,65.8,44.4,88.2,74.9,15.9,35
21.9,34.8,32.7,45.8,108.1,38.5,136.3,95.6,75.7,61.1,18.7,55.0,31.0,36.3,37.6,43.2,5.4,31.9,35.1,33.3,13.0,54.0,159.1,66.7,43.5,87.0,70.9,15.6,25
21.0,35.4,29.4,40.3,96.9,34.7,140.8,87.2,78.5,60.2,18.8,56.5,30.7,32.0,35.7,44.4,6.2,32.2,35.4,34.3,12.8,54.5,163.8,53.9,42.8,78.0,58.8,15.3,31
21.2,36.8,33.2,48.1,115.2,36.4,150.1,100.3,85.3,65.9,19.8,59.0,32.1,38.0,38.5,49.4,6.0,36.5,39.4,35.3,13.1,61.5,175.1,70.6,45.5,101.6,87.6,16.7,21
20.6,35.4,28.1,40.7,99.8,35.6,136.2,85.7,75.3,59.4,17.6,53.8,29.3,36.1,38.5,41.9,6.3,30.7,35.0,32.3,13.0,51.6,158.7,59.0,43.3,75.3,59.7,15.4,20
20.8,36.7,31.0,46.0,101.9,37.4,131.0,104.4,72.6,58.6,17.7,54.7,29.3,37.0,39.2,41.9,6.3,34.8,37.1,32.9,13.2,52.0,154.0,63.1,40.5,93.7,68.0,15.4,27
21.8,35.7,32.1,46.2,107.3,38.0,134.9,100.9,72.0,61.4,17.2,54.6,29.4,39.0,40.5,42.6,6.7,30.7,35.9,30.6,13.1,49.1,157.6,68.3,46.0,94.6,70.7,14.8,22
23.3,39.9,27.7,43.3,103.4,38.6,148.0,92.0,83.7,64.9,19.6,56.3,31.8,38.5,41.2,47.3,6.2,32.7,37.2,36.2,14.8,58.5,173.7,59.7,43.0,74.5,68.6,16.0,30
20.3,38.4,31.3,44.1,99.9,37.4,133.3,90.1,75.3,60.7,19.2,55.0,30.3,34.6,38.5,44.3,5.8,31.7,36.4,32.5,14.7,53.6,157.3,61.2,39.7,82.6,62.4,15.5,27
20.2,38.1,29.3,43.3,95.3,35.2,140.1,90.3,77.9,57.5,19.0,54.3,29.5,38.0,39.5,44.6,6.2,32.0,35.8,33.7,14.6,53.2,162.2,58.6,45.5,80.5,61.0,15.2,40
20.1,36.5,27.3,43.3,96.3,35.9,136.1,89.1,76.8,63.9,17.7,53.0,28.6,35.6,37.6,44.1,6.3,32.5,36.0,32.1,13.0,50.2,158.8,58.7,38.0,77.3,58.2,14.3,20
19.8,35.5,25.5,40.3,86.3,33.5,130.1,84.3,71.9,63.1,18.3,55.3,28.0,34.5,37.1,40.6,5.6,30.3,34.5,31.3,13.0,49.0,154.8,50.4,35.7,62.4,48.9,14.0,25
22.5,38.7,29.1,45.5,102.9,39.5,142.4,93.8,77.1,64.2,18.3,55.5,30.8,37.7,39.7,45.7,6.1,33.0,37.5,33.6,13.0,53.5,166.2,62.8,43.8,86.5,69.6,15.7,25
24.1,37.8,31.7,46.7,107.6,41.1,147.9,97.6,85.7,66.9,20.1,57.0,34.7,40.1,42.0,49.9,6.3,33.8,38.4,33.6,14.0,56.9,171.8,64.7,42.5,89.5,79.5,17.0,22
20.5,36.5,28.0,44.3,104.2,36.4,131.2,88.5,68.8,64.5,17.2,54.7,29.5,37.0,39.2,39.9,5.0,30.6,34.8,31.0,13.2,51.5,151.9,62.4,41.0,80.5,60.0,15.3,29
21.5,35.2,31.1,44.3,98.6,39.4,134.1,95.0,75.9,60.7,19.0,54.2,29.7,41.0,42.5,44.5,6.1,32.4,35.7,32.8,13.2,53.0,157.3,60.1,41.7,82.6,64.0,15.4,24
21.3,34.4,35.0,44.9,108.5,41.7,133.2,93.2,73.5,63.4,18.2,53.8,30.0,37.6,39.9,41.6,6.2,33.3,36.6,33.2,13.2,52.2,156.6,66.8,41.8,88.3,71.2,14.9,39
18.4,33.9,24.8,38.4,87.1,31.5,132.4,82.0,74.0,55.3,16.7,52.3,27.7,33.0,35.1,41.7,5.1,29.0,33.1,30.8,12.5,51.5,152.9,53.3,40.5,69.6,47.5,13.5,25
22.4,36.7,32.4,45.9,110.1,43.6,135.5,90.9,72.5,66.7,18.1,55.0,30.0,37.1,40.2,41.5,5.4,32.8,38.5,31.7,14.2,51.0,158.5,69.1,40.1,82.0,73.5,14.8,26
21.5,37.7,29.5,43.0,86.9,35.9,137.9,89.3,76.5,54.4,20.0,54.6,30.6,35.5,38.4,43.3,6.4,31.5,35.2,32.0,14.1,51.2,161.1,50.5,42.8,73.0,54.6,15.7,23
19.1,35.4,27.2,42.9,94.0,34.5,137.2,92.5,76.5,61.0,17.9,55.6,28.8,37.7,38.6,43.1,5.8,31.7,36.0,32.2,13.5,52.5,161.0,56.8,40.5,77.0,56.2,14.7,21
21.5,35.8,28.1,45.0,96.6,35.1,131.8,94.7,70.8,63.3,18.6,55.7,29.5,41.5,41.0,41.9,6.3,31.5,36.1,30.6,13.2,50.0,154.1,58.3,41.2,83.0,58.2,15.8,22
22.3,42.0,32.0,49.4,109.4,38.1,152.4,99.9,86.5,70.4,18.4,54.8,32.8,40.3,44.2,51.4,6.7,31.8,36.8,35.0,16.4,60.1,176.6,67.9,40.0,87.0,81.2,16.1,21
18.9,37.5,26.4,42.9,90.0,33.5,139.7,83.8,79.0,57.0,17.5,54.0,29.4,37.5,41.0,44.8,6.5,31.2,35.4,34.0,14.7,54.2,162.6,51.2,40.5,73.8,51.8,14.6,30
19.2,33.3,26.5,39.3,89.6,33.9,141.2,85.2,78.8,59.1,18.0,56.0,29.4,31.0,32.5,44.2,6.1,31.2,35.8,32.5,12.3,52.8,164.4,52.5,43.5,70.6,52.3,14.2,27
22.1,38.3,32.7,45.9,102.3,38.5,143.8,102.3,80.2,63.2,18.7,59.5,32.1,39.0,42.0,47.0,6.1,33.8,37.3,31.6,15.0,54.6,167.9,63.5,46.0,86.5,75.6,16.1,26
20.2,36.7,28.4,44.7,104.5,34.4,151.2,91.2,85.8,62.5,18.1,55.0,31.2,39.2,40.7,48.4,6.4,33.8,37.9,35.4,14.3,56.3,174.3,62.3,46.0,81.2,67.4,15.8,24
22.4,36.4,26.0,40.3,94.2,34.3,142.3,82.5,79.5,63.4,19.0,54.0,31.4,39.5,41.2,44.3,6.6,31.1,35.8,34.8,13.5,54.5,165.8,53.0,42.0,67.0,55.2,15.2,22
22.1,36.9,31.4,46.1,101.5,37.9,138.1,103.1,74.6,64.0,18.7,54.8,31.0,38.6,41.4,43.4,6.2,34.2,38.2,33.2,14.2,53.8,161.0,58.7,43.3,90.0,69.0,16.2,21
21.8,35.5,26.3,42.0,100.1,34.7,145.3,89.3,80.4,64.6,18.6,58.6,31.3,34.7,37.0,45.2,6.4,31.7,37.0,32.7,13.8,53.3,167.5,58.7,46.3,84.0,63.6,15.4,27
21.4,36.6,30.5,43.2,103.7,36.6,141.2,95.1,79.7,61.0,19.1,53.0,30.8,33.2,34.5,44.5,5.5,30.8,36.4,33.7,13.2,54.5,163.7,60.7,42.9,78.4,64.1,15.2,32
21.5,37.8,31.2,45.7,106.2,38.0,140.8,93.4,76.7,63.6,18.6,55.0,30.3,38.0,40.3,44.0,5.9,33.6,37.8,32.4,14.0,53.0,162.8,63.9,47.1,93.3,70.1,15.4,20
22.8,36.2,34.3,46.4,109.6,41.9,141.3,100.4,75.3,70.1,19.0,55.6,30.5,42.7,41.8,44.2,6.1,35.3,40.3,32.8,13.1,52.6,164.5,67.0,44.0,97.8,79.3,16.7,22
20.4,35.6,32.0,44.4,104.1,35.6,137.1,95.7,76.1,61.2,18.0,54.2,29.5,32.0,34.0,43.0,6.2,32.6,35.8,31.3,12.5,52.0,159.5,63.6,42.8,88.3,66.0,15.2,24
24.2,36.8,34.5,49.1,117.0,41.2,148.8,111.7,80.7,69.0,20.2,57.0,33.8,39.3,40.5,47.5,6.7,36.3,41.3,35.9,14.0,57.5,173.1,73.2,47.5,103.2,93.1,16.9,23
20.8,35.9,30.5,44.3,103.2,36.9,135.2,96.0,75.9,56.8,18.9,53.9,31.3,38.5,40.2,44.1,5.5,33.1,39.0,32.5,13.3,54.0,156.7,61.7,45.2,91.2,66.1,15.0,24
18.8,36.0,25.1,39.4,92.5,33.3,138.2,78.0,78.9,59.5,17.5,55.3,29.9,33.9,37.3,44.0,5.7,30.4,34.7,34.4,14.5,55.9,162.8,53.0,40.0,67.2,51.0,14.0,28
22.5,38.1,29.8,45.7,103.0,36.3,145.1,91.6,81.7,63.9,19.0,54.6,31.6,39.0,42.0,46.5,6.8,33.0,37.6,35.1,13.0,55.6,168.8,62.3,44.6,87.7,68.6,16.0,21
19.9,33.0,34.4,45.4,116.0,40.8,148.7,106.3,82.8,65.4,17.6,53.3,30.1,37.5,38.0,46.1,6.1,32.6,38.4,36.1,11.5,57.7,170.6,69.1,49.0,93.2,83.9,15.1,42
20.7,37.2,33.4,44.4,102.8,38.2,130.8,89.3,74.6,58.2,18.9,57.5,31.4,36.0,38.9,42.3,5.5,32.7,36.0,33.4,13.1,53.9,154.3,63.6,40.8,84.0,65.2,15.0,28
21.1,37.1,37.0,51.1,117.8,39.3,144.3,110.2,80.5,66.2,18.7,55.6,31.3,42.3,41.7,48.3,5.7,36.0,40.0,34.4,14.3,56.6,166.5,70.5,47.3,103.2,92.0,16.2,27
22.5,38.2,30.6,44.1,103.5,37.2,144.5,90.0,79.3,65.0,18.5,56.6,31.2,37.5,40.0,45.6,6.1,32.6,36.8,32.8,14.1,54.5,169.0,63.1,44.2,78.3,66.7,16.2,22
19.8,33.2,26.9,38.6,87.5,33.9,125.7,82.3,69.1,57.8,16.8,53.1,28.7,33.7,35.8,40.0,5.7,29.6,32.6,28.1,13.6,46.5,147.1,54.0,37.5,66.8,46.4,13.7,24
21.6,34.2,29.7,43.6,100.8,35.9,138.5,94.3,77.4,59.3,18.3,54.2,29.7,37.0,38.7,43.8,6.1,32.5,36.6,33.3,13.0,54.3,161.6,58.9,43.8,88.2,62.7,15.2,24
19.7,36.3,25.7,40.6,92.6,32.8,151.2,90.1,88.0,62.7,18.0,56.5,30.6,33.0,36.8,50.0,6.8,31.9,36.8,38.0,14.7,60.2,175.3,53.9,41.5,72.7,59.3,15.3,28
20.4,37.0,25.3,40.4,91.9,34.2,139.7,79.5,78.2,56.0,17.7,55.2,29.8,34.0,36.4,43.7,5.8,28.5,34.5,31.8,14.2,52.5,162.6,53.7,43.8,69.8,50.8,14.8,32
23.2,38.7,31.7,44.9,104.2,42.8,145.2,94.4,80.4,59.2,18.3,56.5,32.1,35.1,38.1,45.3,6.5,32.8,37.8,33.0,15.1,54.5,169.8,60.3,46.2,86.6,72.7,16.0,29
20.5,35.1,28.0,42.9,93.2,33.8,130.9,97.0,69.8,55.9,18.7,55.8,29.0,38.4,39.8,40.2,5.3,32.3,36.5,32.6,12.5,52.5,154.5,54.7,42.0,77.7,58.3,15.3,42
21.7,37.7,29.7,42.2,102.3,36.1,149.8,94.2,82.3,68.0,19.0,55.8,32.0,37.5,40.9,47.2,6.2,33.2,37.3,33.7,14.3,55.4,175.9,60.3,44.2,78.5,66.9,16.3,23
22.0,36.9,32.5,44.6,113.2,43.0,152.5,104.1,85.7,61.5,20.0,55.3,32.5,40.7,42.5,50.1,6.2,32.6,37.2,35.9,15.5,59.0,173.2,68.3,52.4,105.5,84.2,15.7,43
19.2,38.7,29.9,45.3,97.8,34.5,137.5,88.4,76.7,56.5,17.2,55.5,28.9,35.0,39.7,43.5,5.9,30.4,35.9,33.8,16.0,54.0,158.7,60.0,44.7,83.0,60.1,15.4,32
19.9,37.0,28.5,43.8,99.3,33.7,138.7,92.0,76.6,66.0,18.8,53.6,28.8,36.3,38.9,43.2,5.6,31.2,35.2,32.2,14.6,54.0,160.5,58.6,41.0,77.3,60.9,15.3,27
22.2,35.0,33.3,44.9,103.2,39.1,130.8,94.3,70.9,67.2,17.7,56.0,29.8,39.7,40.5,41.7,5.9,34.3,38.0,30.7,12.6,48.5,153.0,63.8,39.7,87.2,68.7,15.1,29
19.7,31.7,25.6,39.5,95.8,34.3,136.2,88.7,75.7,62.4,16.4,55.5,28.1,39.5,41.0,42.5,5.2,31.8,36.3,33.0,13.4,52.6,159.8,54.9,39.8,71.5,54.9,13.6,28
20.0,29.6,24.4,36.2,89.5,33.0,131.8,82.6,74.5,57.8,15.2,50.0,27.9,29.0,32.2,43.1,5.6,28.0,33.7,29.2,11.2,48.7,152.4,52.4,39.0,67.4,45.2,14.0,20
22.6,38.2,33.8,47.0,109.5,38.9,142.9,105.5,78.0,63.2,20.3,57.2,32.3,41.0,43.1,45.7,5.7,36.4,41.8,33.4,14.0,54.0,168.3,64.3,48.6,106.6,83.5,16.3,24
22.0,35.8,29.4,42.7,95.6,38.8,132.5,90.1,77.8,58.5,19.1,57.2,31.6,38.5,39.1,44.6,5.3,31.7,36.3,33.3,12.7,55.0,157.7,59.8,39.0,82.2,64.1,15.4,21
21.0,37.7,27.0,44.0,99.1,35.1,134.4,90.6,73.1,62.4,19.1,55.5,31.2,37.1,39.2,43.0,6.4,31.0,35.7,32.3,14.5,51.1,158.3,57.4,43.0,74.9,58.8,15.4,36
20.6,36.3,29.5,42.7,93.8,34.4,135.9,87.8,73.7,61.5,17.9,54.3,28.7,36.8,39.4,41.4,6.1,31.2,35.2,30.9,13.4,50.0,158.2,56.9,43.0,75.0,56.3,16.0,30
21.4,36.8,36.0,46.0,101.1,38.8,133.9,101.6,73.4,63.0,18.3,56.7,29.5,35.6,36.6,42.3,6.3,33.2,36.6,33.3,13.2,52.6,156.9,62.1,39.7,89.5,70.2,16.0,34
21.8,39.4,32.4,47.8,107.1,40.5,143.3,101.5,82.4,63.2,20.9,58.6,33.0,41.9,44.0,46.8,6.7,36.4,41.3,35.8,15.4,59.7,165.1,67.5,44.5,87.6,77.9,16.8,24
22.6,34.5,31.0,45.2,93.8,39.8,126.0,99.8,68.9,58.9,17.7,58.2,29.5,39.2,39.5,40.0,5.2,35.6,39.0,29.5,12.1,49.5,146.3,59.5,41.2,90.2,62.6,15.9,20
25.4,37.0,37.0,51.7,120.0,42.2,143.3,119.8,78.5,72.3,19.3,57.4,33.0,42.4,41.1,45.9,6.5,38.0,39.5,33.2,13.5,53.2,165.9,75.5,47.5,111.3,99.2,18.3,24
20.4,34.0,32.2,41.7,101.9,37.0,135.7,88.3,76.5,62.3,17.2,55.7,29.6,37.5,38.5,43.8,5.9,32.7,37.6,32.6,11.8,53.0,159.6,59.2,38.8,78.4,62.6,15.1,23
22.0,37.8,31.1,45.4,105.9,37.3,136.9,105.0,72.6,66.7,18.0,53.8,29.7,40.4,41.1,42.6,6.4,34.1,36.7,31.8,14.2,52.8,160.0,63.2,42.0,90.3,71.3,15.3,28
18.3,35.8,27.2,39.1,97.0,32.8,133.1,87.2,74.0,58.1,18.4,53.8,30.8,33.0,37.0,44.0,5.1,32.0,35.9,31.4,14.3,52.5,155.7,55.1,41.0,71.5,52.8,14.6,28
20.0,35.1,29.9,42.5,92.5,35.7,134.3,89.6,77.0,57.7,17.9,55.4,28.3,36.3,37.6,44.7,5.0,30.8,33.5,31.9,12.8,53.9,156.5,54.2,39.1,78.3,55.2,14.9,23
21.2,32.0,29.8,40.9,94.7,36.2,130.3,96.2,72.8,61.8,19.7,51.9,30.2,33.0,34.2,41.4,5.9,34.4,37.7,31.4,13.2,51.5,152.5,59.8,38.0,82.7,62.2,16.3,21
21.5,36.4,28.2,44.4,96.5,35.1,139.6,86.3,81.0,54.9,18.0,53.7,30.8,38.2,40.8,44.8,5.7,30.5,35.5,34.3,14.7,56.0,161.3,57.6,42.2,86.0,61.2,15.6,21
20.1,36.6,25.1,41.4,91.5,34.2,144.4,81.4,78.6,61.3,18.5,52.9,30.0,34.5,37.3,45.3,5.9,31.8,37.0,32.4,12.4,51.5,167.4,52.5,44.8,72.7,52.9,14.6,22
20.8,36.1,29.7,44.8,115.5,37.7,138.2,99.6,74.9,67.5,20.0,56.0,31.0,34.8,37.8,43.6,6.2,31.8,36.7,33.0,13.9,51.0,161.4,69.2,45.5,92.3,74.8,15.8,29
21.1,32.6,28.2,42.1,99.3,36.3,132.3,89.8,73.4,62.7,18.0,53.1,29.5,32.2,34.5,43.0,6.1,30.7,35.5,31.8,12.2,50.5,155.8,59.6,40.2,81.5,58.2,14.8,29
22.1,40.2,30.8,47.7,107.6,39.2,152.8,94.2,85.7,65.3,20.5,54.8,33.3,42.6,45.0,50.0,6.6,33.9,39.1,35.4,14.5,58.0,177.4,66.2,47.2,90.7,79.0,16.7,28
20.5,34.4,29.6,42.2,100.6,37.0,140.2,92.2,79.0,61.3,18.3,52.0,30.0,38.5,40.0,44.7,5.9,30.6,35.0,32.3,12.7,52.6,163.3,58.6,41.0,78.5,61.8,14.7,20
20.7,34.4,30.8,45.4,102.6,34.8,138.7,99.2,73.8,59.0,17.8,54.0,30.7,32.7,33.0,43.1,5.7,34.3,36.6,33.6,12.2,54.3,161.1,60.3,45.5,100.4,71.6,15.3,28
20.4,36.1,28.4,43.0,99.5,35.8,153.6,95.8,89.3,65.4,18.6,55.0,31.4,38.1,38.7,51.5,5.9,34.1,37.7,37.8,14.2,63.1,176.8,58.8,43.6,85.8,69.2,15.3,21
20.5,36.3,29.6,46.9,102.2,36.1,134.9,97.3,76.9,59.5,17.9,54.4,27.9,38.0,39.5,44.2,5.8,31.6,36.7,33.1,12.7,53.1,157.8,61.2,39.1,85.0,63.5,14.7,28
19.5,35.4,32.0,44.8,112.8,35.7,140.3,91.7,79.7,70.3,17.8,59.5,29.7,35.5,35.8,45.4,6.0,30.8,34.5,33.7,12.3,55.6,161.9,68.3,41.0,90.1,70.4,15.0,22
21.6,37.1,29.0,44.7,99.9,36.8,142.9,94.6,79.4,63.8,20.1,55.6,31.9,40.0,41.9,45.5,6.2,32.5,37.9,34.2,14.2,54.8,168.1,59.2,45.5,89.0,66.8,16.6,21
19.4,36.1,25.1,41.2,93.8,33.3,136.5,84.1,76.1,59.0,17.7,52.5,28.2,34.7,36.6,44.2,5.8,30.2,35.3,32.7,14.8,53.1,161.3,54.0,40.2,72.8,53.5,14.1,22
21.5,35.2,29.8,45.0,96.2,35.7,135.1,96.7,75.7,63.1,18.7,54.9,29.3,40.8,40.8,41.0,5.8,33.4,36.3,31.4,12.5,51.6,157.5,55.4,40.3,80.8,61.5,15.3,23
20.3,37.2,32.7,47.5,114.6,35.4,141.2,101.8,79.4,68.7,17.4,57.3,29.8,42.5,42.5,44.1,5.7,34.2,38.0,32.6,13.7,54.6,164.8,65.2,43.5,91.8,75.1,15.0,24
18.8,36.6,28.1,43.3,90.9,32.7,134.8,86.7,75.3,58.0,17.9,56.8,29.0,35.5,37.5,43.6,4.9,32.6,37.2,32.2,13.4,53.2,159.0,54.0,41.5,69.0,54.6,14.6,20
23.0,37.8,30.6,44.9,105.3,37.3,138.6,97.3,75.4,62.5,19.0,53.8,31.6,38.5,40.5,42.3,5.3,32.8,36.2,31.2,14.5,52.2,160.9,66.7,46.2,90.5,69.5,15.5,25
21.5,37.0,30.8,47.3,111.5,39.0,139.3,99.0,80.2,68.0,19.0,58.0,33.0,39.2,41.1,45.3,5.6,33.6,37.6,34.6,15.0,58.9,162.5,68.4,42.2,91.9,77.3,15.6,31
21.1,36.6,30.6,46.1,107.8,37.1,145.6,101.2,82.0,67.5,18.7,58.0,33.5,39.0,39.6,47.8,5.9,36.5,40.6,33.2,13.5,54.5,167.6,64.0,43.6,96.0,75.1,16.0,41
21.1,35.4,29.5,45.4,105.8,36.4,139.0,104.0,74.8,63.3,18.0,54.0,29.7,37.8,38.1,43.3,5.9,32.5,36.2,32.9,13.1,53.3,162.3,62.3,43.7,94.5,70.0,15.3,27
18.6,36.9,24.5,42.4,88.2,31.3,140.3,82.9,80.7,56.7,18.0,56.5,28.8,36.8,40.0,46.4,4.8,29.4,34.7,33.8,14.8,57.2,161.2,50.3,44.5,73.5,50.2,14.2,26
21.7,38.1,29.9,46.3,106.0,37.5,148.1,98.4,80.2,69.1,19.8,55.7,33.3,40.3,42.6,46.9,6.2,32.8,37.4,34.4,14.1,56.1,172.0,61.2,44.8,86.6,71.7,16.2,42
20.3,37.3,30.0,46.1,106.0,32.9,135.4,91.0,73.8,61.6,19.1,56.9,31.0,36.0,39.4,44.0,5.1,34.7,37.2,32.1,14.8,53.0,156.7,65.3,43.3,93.5,64.4,15.9,23
22.5,41.0,36.6,55.7,116.8,43.3,153.3,120.3,85.8,68.2,20.5,59.0,34.9,44.3,46.3,48.5,6.0,40.5,45.7,35.8,14.6,60.0,177.0,73.2,49.0,107.6,107.2,18.0,24
21.2,38.3,37.1,49.7,116.1,39.4,145.4,119.6,80.7,59.3,19.8,57.4,32.8,45.1,45.1,47.3,5.5,38.8,41.6,33.6,14.3,57.7,166.8,72.5,52.0,117.6,94.0,16.7,35
22.0,34.9,36.2,44.0,110.8,42.8,136.9,96.8,76.8,66.4,18.7,55.7,32.3,38.5,40.5,44.7,5.8,35.1,37.7,32.6,13.0,53.6,158.8,69.8,40.6,88.6,76.4,14.8,29
21.8,41.3,36.1,52.7,115.7,37.6,140.2,114.0,76.9,65.5,20.4,54.3,32.7,48.1,49.3,45.9,5.7,37.7,41.3,31.6,16.1,52.1,161.6,68.3,48.3,113.5,89.7,17.0,53
22.7,37.6,35.8,49.5,104.9,37.9,136.8,109.1,75.6,62.0,19.3,54.9,31.2,38.6,40.0,44.6,5.3,35.0,38.8,32.7,14.2,55.4,159.3,66.3,42.3,97.4,77.7,16.9,44
20.3,35.0,25.6,39.9,89.6,32.6,134.4,87.0,74.7,57.0,16.9,54.3,28.1,35.0,37.2,42.4,5.1,31.0,34.0,30.9,13.6,50.1,157.2,50.8,40.5,72.1,49.7,14.3,20
20.3,37.8,29.7,45.1,97.1,37.5,144.6,91.3,84.5,58.4,18.3,59.4,31.0,33.3,37.0,48.2,5.5,32.4,36.1,34.8,13.4,58.8,167.4,59.3,42.9,83.7,66.2,15.5,21
22.2,37.9,33.8,48.0,101.8,38.3,142.8,104.9,79.8,64.8,19.5,54.0,30.8,39.8,41.5,45.5,6.0,35.5,39.8,32.9,13.6,54.1,165.2,60.9,42.0,85.1,69.6,16.3,29
23.5,35.3,33.5,46.5,112.6,39.3,142.8,107.1,77.4,64.5,18.3,56.6,32.2,34.5,36.0,46.1,6.3,38.3,42.5,35.1,12.1,55.6,166.4,68.0,47.2,99.6,84.4,16.4,26
22.2,37.3,28.8,43.7,98.2,37.2,146.6,91.0,81.4,63.4,18.0,54.4,32.0,35.2,38.5,47.9,7.1,31.6,34.3,34.1,14.6,56.4,169.1,55.5,44.4,85.2,64.7,16.1,20
22.2,35.3,33.2,46.4,104.4,38.5,141.4,101.9,78.4,64.5,18.6,60.6,32.4,40.0,39.8,45.3,6.2,35.0,37.1,33.7,12.3,56.5,165.7,64.4,43.6,93.5,78.0,15.7,25
21.2,39.5,34.1,46.8,110.4,37.6,148.1,96.5,81.4,65.9,20.3,60.5,33.0,37.0,40.0,48.8,5.7,36.5,40.0,33.9,14.0,56.2,170.4,66.9,45.0,92.7,77.3,16.2,24
22.6,36.5,31.3,45.2,109.2,38.3,143.4,95.2,79.0,65.8,19.6,57.3,31.8,34.5,37.4,45.7,6.9,34.9,37.2,33.5,13.6,53.5,165.4,65.0,44.5,92.1,73.4,16.9,21
20.0,34.7,32.5,44.4,109.8,34.1,134.2,98.2,72.7,68.7,18.3,52.6,29.4,39.4,39.0,41.8,4.9,33.2,36.8,30.5,12.7,50.0,157.8,67.1,43.5,93.7,69.5,15.6,46
20.3,36.2,30.5,45.5,102.6,35.1,140.4,103.5,76.1,66.8,17.3,55.6,29.9,38.5,40.0,43.5,6.1,34.2,37.5,33.9,12.7,55.1,164.5,60.3,43.8,87.2,70.7,15.4,26
24.9,35.4,34.4,49.7,120.8,44.9,140.7,114.2,78.1,68.9,20.0,58.7,34.0,41.5,40.2,45.9,6.0,36.3,40.5,32.9,13.6,56.5,163.1,73.1,44.5,102.5,93.6,16.8,22
21.6,35.2,39.8,49.5,117.1,38.5,134.6,105.5,76.3,63.2,19.7,56.8,32.3,44.3,44.1,43.6,5.3,35.1,38.6,31.0,13.3,53.1,156.1,72.3,45.0,110.6,85.7,16.2,31
18.8,37.1,30.5,46.3,98.7,32.8,130.4,91.4,72.8,61.9,18.2,57.4,29.3,40.0,41.5,41.4,4.7,35.0,37.7,30.2,14.8,50.0,151.6,60.2,40.4,76.7,57.3,14.5,26
20.5,35.6,29.4,41.7,103.1,36.3,151.3,93.0,86.6,65.0,18.3,54.0,31.8,33.5,37.6,48.3,7.0,32.8,36.7,35.5,12.6,57.2,174.9,60.2,44.8,82.3,67.6,15.8,25
23.1,39.5,35.2,49.2,114.0,43.3,149.3,100.6,82.3,65.8,19.5,58.6,32.6,36.0,40.0,47.6,6.8,36.2,38.7,34.8,15.1,57.3,171.5,67.9,47.8,93.3,85.5,17.0,22
20.1,34.1,27.3,40.0,94.8,32.8,137.9,92.9,75.3,64.4,17.1,56.2,29.7,38.4,39.4,42.6,6.0,30.1,35.3,33.1,13.5,50.5,160.0,55.4,42.2,73.5,54.9,14.3,20
20.2,40.5,26.0,45.0,94.6,33.3,146.0,87.2,82.6,63.2,18.6,54.5,30.4,39.0,43.2,46.0,6.5,32.1,37.1,34.8,15.0,56.6,168.3,53.2,42.8,77.2,58.8,15.4,22
22.5,35.1,34.6,45.6,107.5,39.9,133.4,98.3,74.7,64.1,18.5,54.0,31.0,35.7,38.0,43.4,5.9,35.4,38.6,31.2,12.3,49.5,155.7,66.4,42.2,98.7,71.5,16.1,25
20.4,36.6,26.6,45.1,96.0,34.9,133.4,87.3,76.6,56.2,18.1,57.3,30.9,38.0,39.0,44.0,6.4,27.5,31.1,33.8,14.2,52.6,154.8,58.0,40.0,83.7,58.0,15.4,45
21.5,37.9,33.1,44.4,103.2,36.5,146.8,93.4,83.0,64.4,19.3,54.0,31.5,35.4,40.0,47.6,5.9,33.7,38.1,34.4,14.8,56.0,171.4,59.9,42.8,87.3,69.7,16.4,39
22.8,36.6,32.4,44.7,101.0,39.3,143.0,100.6,77.1,64.3,18.7,53.8,32.7,39.0,40.6,46.0,6.7,33.0,34.6,33.1,13.6,55.0,164.9,59.5,43.1,80.3,68.5,15.5,35
21.6,34.6,28.0,42.0,102.1,37.3,131.3,90.7,75.3,57.2,17.8,53.9,29.7,35.8,37.1,42.9,6.0,31.8,35.4,31.1,11.5,50.5,152.8,59.6,40.1,80.4,58.6,14.6,32
22.4,36.9,35.9,46.5,118.1,40.8,137.9,110.1,72.3,68.2,19.3,55.5,31.5,41.2,42.5,43.7,5.3,39.2,40.7,32.3,12.7,52.0,159.6,69.3,45.5,105.5,84.2,17.2,54
22.1,36.6,36.8,48.0,124.1,42.4,142.7,106.8,82.9,74.7,19.1,55.4,32.3,43.5,43.0,48.5,6.0,34.2,36.7,34.1,13.0,59.4,165.8,77.1,39.5,90.1,90.9,16.0,35
21.0,37.7,33.0,48.9,131.4,45.2,148.2,116.8,84.9,77.9,19.3,59.5,33.1,41.5,42.5,51.1,5.7,34.9,40.7,36.0,15.0,60.0,170.1,83.2,44.7,117.2,104.7,15.7,55
21.8,38.0,30.6,44.8,100.0,36.1,145.3,89.6,83.3,66.7,19.1,53.9,31.7,36.0,39.0,48.1,5.3,32.3,35.9,35.1,15.5,56.7,168.3,60.2,41.8,79.1,66.3,16.6,42
20.7,37.7,32.5,47.7,99.9,36.2,141.1,115.4,76.2,62.0,18.0,54.6,30.2,43.3,43.5,44.0,6.0,35.5,38.8,35.7,13.5,57.5,163.4,59.3,47.3,96.2,76.6,16.1,39
22.7,39.0,32.6,46.8,103.4,38.3,146.5,94.1,82.8,71.7,19.6,57.5,31.9,42.2,44.0,48.1,5.9,32.2,37.7,34.1,15.0,56.5,169.5,62.8,38.4,74.5,71.5,16.2,22
21.3,38.8,28.5,43.7,98.4,37.4,132.3,89.8,74.5,55.0,17.7,55.3,30.1,38.0,40.6,42.3,5.7,32.2,37.0,33.3,14.5,52.4,154.8,58.0,41.5,80.1,59.1,15.3,37
19.8,38.1,29.7,46.7,101.6,35.5,136.7,95.2,74.3,56.6,19.1,55.0,30.6,39.6,41.3,44.2,5.9,34.8,39.4,31.5,14.5,49.7,158.7,62.7,46.2,95.5,66.5,15.8,37
20.1,33.0,29.5,43.8,104.5,34.7,130.7,99.1,72.3,58.2,17.6,53.2,29.5,39.7,39.3,41.8,5.5,33.8,38.3,30.6,11.0,50.1,154.9,60.7,45.0,103.2,67.6,15.3,45
21.1,38.5,34.3,51.1,114.2,37.6,138.4,109.1,74.1,68.6,17.6,54.3,29.8,40.1,42.5,45.3,6.4,35.4,39.1,33.0,14.2,55.2,160.6,68.4,42.1,104.2,79.2,15.5,33
17.9,35.1,32.1,45.3,104.9,34.3,128.3,100.5,71.2,58.9,17.6,54.3,28.3,35.6,36.6,40.8,5.6,34.3,37.7,30.6,12.2,49.0,150.8,62.7,43.0,96.6,65.2,14.9,40
21.7,39.6,31.5,45.5,111.0,39.3,149.7,93.1,85.1,64.2,19.6,58.9,32.7,35.5,40.2,48.3,6.3,34.2,39.4,35.9,15.9,60.4,173.3,67.5,44.5,84.4,75.3,16.5,25
20.1,37.9,27.8,44.7,91.8,33.7,133.2,88.6,76.2,55.8,18.0,54.0,29.4,36.0,39.8,43.0,5.8,29.6,34.5,32.7,14.7,52.6,156.0,54.2,38.2,75.2,51.7,14.4,23
21.6,39.3,32.5,46.8,116.4,39.0,150.9,106.0,84.8,71.0,19.4,57.0,32.6,43.0,46.0,49.3,6.6,35.0,39.2,36.2,14.7,61.2,173.9,71.9,45.7,95.4,86.5,16.5,36
22.9,35.2,34.0,46.3,105.8,40.2,139.6,95.2,80.8,60.4,18.9,56.5,33.3,36.4,38.5,46.0,5.8,33.7,37.5,33.3,13.6,54.7,162.9,61.8,41.1,85.7,73.2,16.7,39
22.5,38.0,31.7,46.6,110.6,40.8,137.7,92.3,78.3,67.1,18.6,58.6,31.5,42.8,45.3,45.8,5.9,34.2,37.0,34.0,15.8,55.5,160.9,67.9,40.4,84.0,74.1,15.3,46
22.4,37.1,37.0,47.2,114.0,38.6,149.7,109.3,83.4,69.0,19.4,56.4,32.6,43.7,45.2,50.3,6.3,38.5,41.0,36.6,12.8,59.0,174.0,64.1,45.7,109.0,90.6,17.6,56
23.6,36.8,33.0,45.2,115.7,41.2,144.8,94.3,77.6,72.9,19.8,57.9,32.3,36.3,39.0,46.2,5.8,36.1,39.1,34.7,14.1,57.6,167.8,72.4,44.2,96.0,84.5,16.0,34
20.2,36.2,29.8,44.6,97.7,35.3,134.3,97.4,76.4,56.5,18.4,54.7,29.3,39.2,40.0,44.2,5.7,35.8,39.3,33.9,13.2,55.6,154.5,58.8,40.1,83.0,63.1,15.2,40
22.0,39.0,36.6,49.3,111.5,41.0,155.7,111.3,84.3,69.2,20.0,57.5,32.9,39.6,41.6,51.3,6.3,37.0,41.3,36.1,14.4,61.6,180.9,68.8,46.0,100.3,89.8,16.6,38
24.0,40.1,39.0,51.1,116.4,44.3,151.9,109.0,86.7,75.8,20.7,57.2,34.0,40.1,42.0,50.9,6.2,37.0,41.1,35.0,14.4,57.2,176.4,69.7,46.1,97.7,97.0,17.6,49
21.1,37.1,31.7,44.3,103.8,36.6,139.2,94.0,75.2,65.4,18.5,54.5,29.5,34.4,37.0,43.4,5.1,33.5,36.5,31.6,14.5,52.5,160.6,63.3,43.1,85.5,66.3,15.0,32
19.5,37.2,27.8,44.0,96.3,33.8,134.8,95.2,73.8,62.3,17.2,53.6,29.2,36.0,39.8,42.3,6.0,31.5,35.8,32.7,14.0,51.7,156.7,57.4,41.4,86.3,59.4,14.2,31
20.3,37.6,27.5,48.5,88.7,34.5,136.1,105.9,73.4,58.8,18.2,55.8,29.8,40.2,41.2,43.2,5.9,34.3,37.7,33.4,13.1,54.0,159.4,51.9,42.7,91.7,65.7,15.0,27
21.0,36.3,33.3,48.6,107.0,41.2,135.8,112.5,71.6,65.4,18.1,56.8,30.6,44.5,44.5,43.2,6.3,37.2,42.4,31.6,12.4,50.1,158.7,62.2,44.6,91.9,78.6,15.9,40
20.7,34.5,27.4,40.7,95.2,34.3,134.5,83.7,75.1,58.6,16.9,53.7,28.3,35.3,37.0,42.7,5.7,29.8,36.2,31.2,13.0,50.5,157.3,55.1,40.1,69.5,52.0,14.3,35
20.5,38.6,29.2,44.6,102.7,36.2,137.6,92.0,73.1,66.1,18.2,57.0,30.5,38.6,41.6,43.3,5.8,35.4,38.4,32.3,13.7,52.4,162.4,62.4,43.6,79.2,64.1,15.7,32
22.1,35.2,33.7,43.8,112.6,36.2,139.4,103.7,77.5,64.5,19.1,56.1,31.5,40.3,41.8,43.4,6.1,35.6,39.7,33.3,12.2,53.0,163.5,69.1,46.3,101.4,79.8,15.5,40
21.0,34.5,35.0,48.4,111.2,38.4,137.5,102.1,79.1,60.9,18.6,51.8,29.0,41.1,42.0,45.1,5.4,32.9,37.3,33.7,12.8,55.5,158.0,66.4,41.2,90.6,74.0,15.0,38
21.0,34.3,27.5,41.6,99.2,35.8,145.7,93.5,83.0,62.2,18.0,54.2,32.0,38.3,39.7,47.1,6.0,33.8,38.0,35.1,13.5,54.0,169.1,59.3,42.5,79.5,64.1,15.0,41
21.0,37.8,30.8,47.3,113.2,38.7,141.0,107.2,76.8,67.3,18.3,57.7,30.1,38.0,38.5,45.2,6.5,36.6,40.7,32.4,13.4,52.3,165.6,66.4,44.2,101.2,80.3,15.5,27
20.2,36.6,29.0,47.5,108.1,33.8,139.0,108.9,75.7,63.0,17.5,55.9,30.5,39.8,41.7,45.0,6.0,35.3,39.0,33.2,13.7,54.5,161.5,64.5,45.7,96.5,71.4,15.2,38
24.2,37.1,34.9,47.4,119.1,46.0,152.0,97.3,85.3,73.8,20.4,60.8,34.9,35.0,39.2,49.6,6.1,35.7,37.6,36.6,15.8,61.1,174.9,72.5,43.3,86.9,92.4,17.5,32
21.0,34.9,32.2,46.1,99.1,37.7,133.7,104.2,73.7,61.3,18.4,55.0,30.8,39.2,39.6,43.6,5.2,34.3,38.0,30.3,12.9,49.5,156.1,57.5,40.9,90.3,66.8,15.2,52
21.9,36.2,30.2,43.5,104.6,37.3,143.7,92.5,81.5,67.4,19.2,54.7,31.5,37.7,39.8,47.0,6.4,32.8,38.1,34.0,14.8,55.5,167.4,64.0,40.7,81.7,67.8,15.8,33
20.3,38.3,24.5,42.7,90.6,34.1,149.2,86.5,88.3,57.8,18.4,54.1,31.3,33.6,37.3,49.5,5.4,29.9,34.2,35.8,15.0,60.6,172.1,54.6,42.0,68.1,57.7,15.4,34
20.0,37.8,30.5,47.6,102.5,34.5,147.8,103.0,82.1,66.3,18.2,53.8,29.5,45.0,45.8,48.0,6.5,32.4,38.0,33.8,14.2,54.5,170.4,59.3,43.7,91.5,68.7,15.5,44
23.3,36.0,31.7,46.5,110.2,39.2,141.9,103.8,78.1,73.0,17.7,54.3,31.6,37.8,40.5,44.4,6.0,33.3,38.8,33.1,13.6,52.8,163.6,67.0,42.6,87.0,75.8,15.5,26
20.4,35.7,29.4,45.9,96.6,34.6,135.8,104.7,76.7,60.9,18.4,54.0,29.5,39.1,40.4,44.5,5.1,34.2,38.4,33.6,13.1,53.4,158.3,56.1,41.8,94.1,65.2,14.3,41
21.1,36.0,33.6,45.5,105.5,38.3,136.1,99.4,72.2,66.2,17.8,53.9,29.4,35.0,37.4,41.6,6.2,34.4,39.9,29.4,13.4,48.9,160.4,65.3,42.2,84.7,69.9,15.5,30
17.7,34.3,26.3,41.0,87.8,29.3,131.3,80.2,73.3,55.0,17.7,53.0,27.1,35.2,37.7,42.0,6.0,30.4,33.8,31.3,12.2,50.2,153.3,52.3,39.3,75.5,47.4,14.0,30
21.3,36.0,26.8,43.0,99.1,34.6,136.8,93.1,74.6,61.5,16.5,52.3,29.4,36.7,39.5,43.4,5.9,30.5,33.8,33.6,15.0,54.3,159.4,56.6,41.7,74.2,55.8,14.9,32
20.7,38.5,30.5,47.1,111.0,37.5,149.3,99.0,81.2,62.3,18.1,54.7,30.8,36.7,39.2,46.7,5.8,35.4,37.6,35.1,14.7,58.7,171.9,64.7,47.8,96.0,76.8,15.0,25
22.3,36.8,29.9,47.7,108.9,37.3,145.7,108.2,77.9,73.2,19.7,58.2,32.1,37.3,39.0,46.2,6.1,36.9,39.1,35.4,14.5,55.5,168.7,66.0,44.7,104.3,83.2,16.2,51
20.2,37.8,29.4,46.8,101.6,37.5,139.0,101.6,73.2,64.7,19.6,57.0,29.6,40.0,41.1,43.3,5.8,35.9,39.9,31.8,14.2,52.5,161.3,61.6,44.6,97.1,71.7,15.7,40
21.3,36.3,33.2,46.0,106.3,37.0,141.2,109.3,79.3,60.9,19.2,55.9,31.8,40.0,41.2,45.0,5.7,35.2,40.2,33.8,13.6,56.6,164.4,64.0,44.4,98.2,76.2,15.9,40
19.9,37.6,27.6,42.6,105.1,37.0,137.7,92.2,76.3,57.5,17.7,55.8,28.0,38.3,41.8,43.2,5.8,32.6,38.0,32.1,13.6,53.0,161.6,62.3,45.0,83.7,63.2,14.6,31
21.0,36.1,28.5,43.3,97.4,34.3,140.1,90.2,78.3,53.6,18.7,56.1,31.0,33.3,37.3,44.4,6.6,32.5,38.1,33.9,13.5,54.2,164.1,59.2,46.2,89.1,61.0,15.4,27
