ankle circumference,back width (shoulder blades),biceps circumference,shoulder width (back),hip circumference,calf circumference,nape to floor (1),chest circumference,overbust,underbust,inseam,crotch length (low waist),crotch length (natural waist),elbow circumference,hand circumference (without thumb),head circumference,foot entry,back width (high),back width (low),knee circumference,knee to floor,ankle to floor,neck circumference,base of neck circumference,nape to floor (2),scye circumference,shoulder to elbow,shoulder,half back width (arms out),arm length,height,thigh circumference,distance from nape of the neck to natural waist (back),distance from nape of the neck to low waist (back),natural waist circumference,low waist circumference,distance from clavicle to natural waist (front),distance from clavicle to low waist (front),outseam to natural waist,outseam to low waist,rise to natural waist,low waist to hip distance,natural waist to low waist distance,weight,wrist circumference
22.4,40.9,36.4,49.0,102.7,40.0,151.5,105.2,105.8,97.1,78.1,70.9,95.2,29.5,21.7,57.2,33.0,37.8,38.1,40.3,50.0,6.7,43.4,46.8,149.9,49.7,36.3,13.3,22.6,59.7,173.5,62.7,38.5,50.2,94.9,98.2,31.8,42.6,113.9,102.9,29.4,15.9,10.1,88.3,17.8
24.6,41.2,32.5,48.5,104.5,40.0,161.1,102.9,105.4,95.2,90.1,69.3,84.0,28.5,22.8,59.0,37.5,40.4,39.2,39.3,54.7,8.5,38.3,41.7,159.8,47.9,39.5,14.5,22.4,62.1,183.0,61.5,41.4,50.0,91.6,97.6,34.3,42.7,121.1,112.8,29.3,16.5,8.2,86.5,18.2
20.7,43.2,30.8,50.0,97.0,36.2,147.7,99.5,99.7,93.4,78.6,66.5,79.6,26.7,21.3,57.2,31.6,38.3,39.0,36.9,47.8,6.4,37.9,41.5,147.4,45.0,35.9,15.7,21.3,58.7,172.6,57.6,39.5,46.4,83.4,84.5,33.0,40.1,108.4,102.4,28.3,16.2,6.7,71.3,16.8
23.4,42.2,31.2,48.4,99.8,41.0,155.4,96.6,97.6,87.7,83.1,67.9,83.9,27.5,21.3,59.3,34.2,41.2,41.1,39.5,48.7,6.9,41.2,43.5,153.1,44.4,38.1,14.0,21.7,61.1,178.3,61.6,43.4,51.4,82.5,88.4,32.3,40.2,113.6,105.5,30.2,17.1,6.6,81.6,17.6
21.3,37.2,33.5,47.9,96.8,38.0,144.9,103.2,100.7,94.8,78.5,65.2,83.9,27.5,20.3,54.6,31.8,35.8,36.4,38.1,48.7,7.1,37.2,39.9,144.0,43.8,34.2,14.6,18.0,55.7,166.9,58.7,38.6,47.8,91.4,96.6,33.3,41.9,107.3,97.8,27.8,14.4,9.2,75.6,16.3
20.9,40.3,29.2,47.6,87.9,32.1,154.1,93.7,93.7,85.9,90.7,59.5,70.5,24.8,20.5,55.7,34.5,38.2,37.6,34.0,54.5,5.5,34.7,37.1,153.1,41.3,37.7,15.1,22.4,63.0,175.8,48.9,39.5,45.7,75.9,74.1,29.9,36.4,116.8,110.4,25.9,16.5,5.4,59.9,16.2
21.2,41.0,34.2,50.2,103.0,36.3,153.0,101.2,106.4,98.3,82.9,69.4,87.2,29.0,20.1,60.1,33.9,40.0,40.8,40.5,52.8,7.4,39.0,41.2,153.1,45.4,35.7,16.3,22.3,58.2,178.8,59.4,38.6,47.9,95.1,99.6,36.2,46.1,115.0,105.3,31.0,15.9,9.5,84.1,17.6
23.4,39.9,31.5,47.7,102.7,38.7,160.3,98.0,100.9,92.4,85.1,72.1,85.6,27.1,19.9,54.3,35.5,39.2,38.1,39.2,52.1,6.7,36.5,39.4,159.3,46.2,39.1,15.6,19.7,63.7,182.9,60.9,43.6,51.5,88.6,93.1,37.0,44.6,117.4,109.4,28.9,20.3,8.1,82.4,16.8
22.6,39.5,31.7,49.0,101.4,36.9,152.9,101.9,104.9,96.3,82.3,66.2,83.6,28.2,21.2,56.6,35.5,44.0,43.1,38.5,49.7,5.9,39.0,42.4,151.7,46.4,37.8,17.3,22.9,61.2,174.5,61.2,41.2,50.1,90.2,92.9,33.6,41.9,113.7,103.5,28.6,16.1,8.9,82.8,17.2
22.9,39.2,34.8,51.8,106.2,37.3,144.4,106.9,108.1,104.4,79.3,62.2,84.0,28.1,22.5,56.9,35.0,39.4,39.4,41.2,48.1,6.3,37.9,40.2,143.2,46.7,35.6,14.3,22.7,59.3,164.3,64.5,38.2,49.3,97.1,92.3,30.1,42.2,107.9,97.0,27.3,13.9,9.5,83.8,17.3
22.5,38.7,32.0,48.7,102.5,39.2,146.7,104.3,106.6,100.3,79.4,70.3,86.7,27.2,22.4,57.8,35.2,45.9,41.8,39.3,48.0,6.3,41.0,45.4,145.8,44.9,35.4,12.3,20.4,58.2,169.8,60.7,37.8,45.7,96.4,96.2,32.2,40.1,110.7,102.8,29.0,17.2,7.6,83.1,18.1
22.8,39.3,38.2,52.0,106.7,39.7,150.7,106.1,110.5,99.2,83.3,67.5,84.1,30.8,21.0,56.4,33.9,39.9,36.7,41.4,50.4,5.7,38.6,40.7,148.9,48.1,37.0,11.9,21.3,60.6,172.7,69.1,37.2,45.7,92.9,92.8,33.3,41.7,113.7,105.4,27.7,13.4,9.2,90.4,17.0
23.8,39.0,32.3,48.9,98.9,39.1,149.8,104.8,107.1,99.4,76.8,63.6,77.8,27.2,21.7,55.6,35.1,42.1,40.9,39.2,48.6,7.2,37.8,42.7,147.9,43.9,35.5,14.1,24.5,57.3,173.4,57.3,40.8,48.3,92.5,93.4,34.7,42.0,110.5,102.1,27.6,15.7,8.3,78.6,17.4
20.8,38.3,33.6,48.6,95.5,36.2,146.0,104.1,105.9,97.8,77.3,64.9,80.5,26.8,20.8,56.5,31.9,39.7,38.3,38.0,47.1,6.4,36.4,39.7,144.1,48.7,38.0,13.2,20.7,59.8,168.4,58.7,39.4,47.9,87.4,87.2,32.2,40.1,108.2,99.9,28.9,15.2,8.2,75.1,17.6
21.9,39.3,31.7,45.8,96.0,38.3,144.7,89.6,92.2,83.3,76.6,58.8,83.0,25.5,20.1,54.3,33.1,37.4,38.2,39.1,46.4,6.2,36.8,38.8,143.1,41.9,33.8,15.7,19.2,55.2,166.7,55.8,38.1,50.0,83.4,90.7,30.4,42.9,107.5,96.8,29.1,12.8,12.0,69.2,16.5
22.2,40.7,33.0,51.5,98.6,35.6,145.0,107.8,111.6,101.1,76.6,64.2,85.1,27.8,20.5,56.1,31.7,38.9,37.2,37.8,47.7,6.7,39.8,45.5,143.9,47.4,36.9,14.0,23.8,58.9,168.0,59.6,39.1,50.7,98.1,97.4,31.2,42.0,108.4,96.7,29.9,13.3,11.3,79.0,17.0
24.7,40.2,35.7,51.7,102.2,40.1,155.4,102.8,107.2,97.3,88.5,68.0,80.8,29.5,21.9,55.6,36.0,39.9,39.7,41.4,52.6,7.0,37.7,41.2,153.4,48.5,37.3,14.5,23.3,60.8,178.5,63.6,40.0,47.1,86.4,88.7,34.7,41.2,116.4,109.8,29.5,17.9,6.5,84.3,17.9
23.2,40.7,33.2,50.7,99.1,39.6,165.0,99.3,102.6,93.2,92.3,70.0,79.8,29.4,22.5,57.7,35.7,41.8,42.0,39.3,55.4,8.2,38.3,41.4,162.9,46.9,40.7,14.3,22.8,65.9,188.5,59.2,43.9,49.6,84.7,87.5,36.7,42.7,122.6,116.9,31.5,19.5,5.9,83.9,18.2
24.1,41.1,32.8,50.8,95.8,36.6,160.6,99.9,102.2,94.2,89.3,71.3,78.4,28.4,22.3,56.8,34.6,37.8,37.5,38.5,52.6,7.4,37.9,41.8,159.2,45.1,38.7,15.9,22.3,63.2,184.1,57.5,43.4,47.8,83.1,84.8,36.2,41.0,118.4,113.1,27.2,18.9,4.4,76.9,17.8
24.3,41.6,37.1,51.4,103.4,39.9,147.5,98.1,105.0,94.5,81.6,66.8,84.5,30.5,21.7,57.8,36.4,41.3,42.3,39.6,50.1,5.8,38.9,42.6,146.1,47.3,36.5,15.0,21.6,58.6,170.2,62.2,38.2,46.7,91.2,92.1,33.7,42.0,110.3,101.3,27.5,14.4,8.5,85.2,17.8
24.2,40.9,39.2,53.6,109.9,43.1,150.4,114.2,115.4,104.5,82.1,77.6,87.7,30.8,23.3,57.2,36.4,43.6,42.6,40.9,48.9,6.6,40.7,43.4,147.6,49.5,36.2,14.0,23.2,60.4,173.8,69.6,40.2,47.0,98.4,99.3,34.9,40.4,112.2,105.5,28.8,17.2,6.6,97.9,18.4
20.4,39.1,31.5,46.6,92.1,34.6,150.8,95.4,98.2,90.8,85.2,61.1,72.1,27.6,20.8,57.2,32.8,37.0,38.3,35.6,50.2,6.5,36.8,40.6,149.1,42.2,37.6,15.0,21.5,61.5,173.2,54.7,41.0,46.4,83.1,85.2,35.1,40.2,111.3,105.8,26.1,15.9,5.1,69.4,18.3
21.5,40.8,32.0,47.7,91.2,38.4,149.5,100.7,101.4,97.1,82.3,66.4,72.9,26.4,21.1,56.1,32.9,42.0,41.6,38.2,48.1,6.7,37.5,40.0,150.1,42.5,35.3,15.3,21.8,58.0,173.9,55.0,40.6,43.8,80.5,80.2,36.2,40.3,108.4,105.0,26.7,18.0,4.7,71.2,16.3
22.6,42.7,37.5,48.9,96.1,37.4,163.4,97.1,100.8,90.3,91.2,67.2,77.7,29.2,22.4,55.5,35.6,39.3,41.2,37.4,53.8,6.7,38.0,41.9,159.2,44.8,38.3,14.6,22.5,64.5,187.7,56.8,43.5,49.0,77.8,76.4,34.8,41.3,120.7,115.2,29.0,20.3,5.6,77.7,17.5
21.7,36.7,34.3,46.4,100.1,38.1,150.7,98.5,102.2,90.2,83.7,64.8,86.3,28.5,21.6,58.1,34.8,38.2,37.6,40.9,51.5,6.1,35.9,39.7,149.8,46.6,36.8,14.3,21.4,60.1,172.5,59.2,40.6,50.9,85.7,88.5,31.3,42.7,112.5,102.0,28.6,15.2,10.3,78.2,18.1
22.5,38.5,32.3,46.3,102.4,39.6,146.6,93.6,96.7,90.2,83.5,67.4,83.0,26.0,20.3,56.6,34.5,39.1,38.0,38.0,49.1,5.8,36.0,38.6,146.7,42.3,35.1,13.3,20.3,58.3,170.4,62.1,35.2,44.8,84.8,86.1,29.9,39.5,113.4,105.0,28.6,15.5,9.0,75.6,16.8
23.2,39.9,33.9,52.3,104.8,40.2,151.5,102.2,103.2,96.4,80.4,70.8,79.6,29.6,22.3,56.5,35.0,37.7,37.5,39.5,50.2,7.3,39.8,43.4,149.8,48.8,38.7,12.6,21.5,62.2,174.8,62.7,41.9,46.7,92.0,94.8,34.3,39.0,110.9,106.2,27.7,19.0,4.8,84.4,18.4
22.2,37.2,32.0,47.7,97.0,36.4,142.1,98.5,100.7,93.8,77.9,70.0,82.7,27.1,20.8,58.0,32.5,39.6,39.5,38.5,45.8,5.8,38.3,40.5,140.4,44.0,34.6,14.8,22.8,55.0,164.7,58.6,36.8,43.7,85.2,85.5,32.4,40.3,105.6,99.1,26.7,16.3,7.3,72.0,17.6
20.2,37.8,28.2,44.2,89.7,32.3,146.1,87.1,88.9,81.3,79.8,60.9,69.6,25.5,20.5,56.4,31.6,35.7,36.8,35.3,46.9,6.0,34.9,38.0,145.2,41.0,36.0,14.4,20.2,59.3,169.9,55.7,41.5,46.3,72.7,76.7,35.2,40.4,106.5,101.8,26.1,17.5,5.0,60.6,16.6
23.6,39.4,35.7,51.6,100.1,37.3,152.3,104.6,108.5,95.9,83.5,69.4,86.3,29.4,21.7,57.2,34.2,46.9,44.4,39.8,50.3,6.2,40.4,43.5,150.9,47.1,37.1,13.6,22.3,58.3,176.1,61.1,41.7,49.7,87.9,89.8,34.5,42.8,112.4,104.8,28.6,17.5,7.9,83.0,18.1
22.8,39.4,32.9,48.5,98.0,37.9,144.4,100.8,106.0,95.1,74.7,70.2,82.3,27.2,21.5,59.5,33.1,42.7,41.0,36.6,46.7,6.5,37.6,40.9,141.7,46.6,35.5,13.6,21.0,58.2,167.1,59.9,39.5,46.5,82.2,85.3,33.5,40.1,106.7,99.5,28.6,16.6,7.1,74.3,17.8
22.4,39.4,35.6,50.3,104.8,39.7,140.8,101.2,102.6,91.9,77.3,62.8,80.7,28.5,21.1,54.9,31.8,39.3,41.0,40.0,44.8,5.6,36.5,41.3,139.6,45.0,33.8,14.4,19.4,55.6,164.4,65.7,36.4,45.6,85.4,89.6,31.7,41.5,105.8,97.4,27.1,14.6,9.0,79.1,16.6
23.7,38.6,33.8,49.8,101.3,38.5,151.1,107.8,108.2,102.0,85.1,65.3,84.6,28.2,20.5,57.3,35.4,43.4,42.8,38.7,49.9,6.8,41.2,44.6,149.4,47.9,36.0,14.3,24.2,59.0,173.9,59.9,40.8,50.1,95.2,94.1,32.8,41.9,112.3,103.8,29.1,15.0,9.6,81.6,17.6
21.4,41.6,30.4,50.3,93.9,33.7,151.1,90.4,93.4,84.8,82.7,61.8,72.7,26.8,22.0,57.5,34.7,37.5,39.0,37.4,49.1,7.2,35.6,38.5,148.6,41.5,36.4,15.5,21.4,59.5,174.9,55.9,41.5,47.3,78.5,83.4,35.5,41.2,111.4,105.2,27.3,17.7,5.9,68.4,17.0
24.3,42.1,41.2,52.7,106.2,43.3,161.3,108.9,111.6,101.6,92.1,69.5,80.7,32.7,24.2,58.5,39.3,42.6,43.0,44.2,54.4,6.7,40.9,45.6,158.6,48.4,39.8,13.2,22.0,66.2,184.5,69.4,42.6,48.1,93.3,94.9,35.9,41.6,120.2,115.0,26.0,14.8,5.5,101.3,19.5
22.5,41.0,33.3,51.1,111.0,39.0,169.3,108.0,109.8,97.0,91.3,69.8,91.5,30.8,22.8,60.2,37.2,37.6,36.8,42.1,54.8,7.6,39.7,42.3,167.8,48.3,42.1,15.7,23.3,68.5,195.4,64.7,45.4,56.8,97.6,103.8,35.8,47.5,126.8,115.5,34.5,15.0,11.8,101.8,18.8
23.0,38.3,34.0,45.3,94.9,38.3,161.7,95.5,100.0,90.1,93.0,59.9,72.8,28.7,23.3,58.2,35.7,37.2,37.2,38.3,52.9,5.9,37.2,38.4,160.0,43.5,39.3,14.5,21.5,62.7,184.4,58.3,41.9,49.0,79.2,77.1,34.0,40.6,120.7,113.8,26.8,13.7,7.0,77.8,17.7
20.1,38.5,29.8,45.7,88.4,33.9,137.5,90.0,94.8,86.7,77.3,52.7,65.1,26.2,20.3,57.3,32.2,34.9,36.5,36.4,46.9,5.9,35.3,36.5,135.6,39.0,33.1,14.6,20.6,53.9,160.1,52.0,36.6,43.5,78.9,78.6,31.8,37.8,102.1,96.3,24.1,12.5,6.7,58.5,16.1
22.9,41.7,34.4,49.6,101.0,37.9,160.7,94.6,99.0,89.1,90.8,64.2,79.9,29.3,22.0,57.0,35.8,38.9,40.0,40.3,52.9,7.1,38.1,40.7,158.3,46.5,39.9,16.9,22.0,63.2,184.6,60.4,41.0,49.0,86.0,88.9,33.0,41.3,121.0,112.7,29.4,17.5,7.9,83.4,17.3
19.3,40.6,34.7,49.2,96.2,35.6,145.3,98.6,102.5,94.0,77.8,65.6,79.3,27.2,20.5,55.7,31.9,39.6,40.4,36.8,49.5,6.7,37.0,41.7,142.7,45.3,36.0,14.6,21.7,59.5,167.2,57.8,38.1,45.3,91.8,92.5,31.7,39.9,109.2,100.8,27.2,15.1,6.9,72.7,16.4
26.4,39.6,35.7,53.2,113.0,43.0,168.6,103.6,108.1,99.1,94.9,70.3,84.2,30.0,22.7,60.7,39.1,40.2,37.4,44.4,56.6,8.2,39.1,42.3,167.5,50.8,41.7,13.9,21.5,66.7,193.4,69.5,45.6,53.3,95.1,102.4,36.7,44.6,125.3,118.0,29.7,18.4,7.7,105.3,18.9
21.5,40.2,32.6,48.9,99.6,37.8,162.3,95.3,99.3,91.6,87.2,69.5,80.5,27.5,22.6,56.9,34.0,38.8,37.5,38.6,52.0,7.0,38.8,43.1,159.3,45.7,39.0,14.5,20.9,64.7,186.2,60.4,45.0,50.7,82.6,86.5,37.8,43.3,118.4,112.6,28.5,18.0,5.5,81.2,17.7
20.7,39.3,32.5,45.2,91.7,34.3,147.4,96.2,96.7,91.8,82.3,60.1,72.3,27.0,21.3,56.4,34.2,35.7,38.4,37.1,49.4,7.9,37.4,39.9,145.6,42.6,36.0,14.9,20.4,59.2,169.4,52.9,38.9,45.0,81.6,81.6,30.6,36.9,109.8,103.6,25.7,17.9,5.4,66.0,17.4
24.6,36.8,32.5,48.8,103.6,38.7,151.0,103.8,106.5,97.3,83.2,66.9,81.8,27.9,21.3,58.1,35.9,41.2,39.6,39.2,49.6,6.4,38.6,43.3,148.8,47.6,37.5,13.2,21.7,60.9,174.0,62.8,39.6,47.1,94.1,97.6,32.4,40.5,111.7,104.0,28.2,14.7,7.5,84.0,18.2
23.3,42.0,39.4,53.8,107.2,41.1,151.0,102.7,107.2,95.9,80.5,70.2,80.9,31.1,22.2,58.4,35.6,43.8,43.7,40.9,47.5,5.8,40.0,42.9,149.1,48.8,36.5,15.9,22.5,59.1,173.9,68.0,39.8,45.2,91.2,94.5,34.0,39.2,112.4,107.4,27.0,18.1,5.8,92.8,18.0
22.5,39.3,36.5,50.7,100.1,39.9,149.2,104.4,105.9,96.9,78.4,69.9,77.6,29.2,22.4,59.8,35.1,40.1,39.4,41.1,47.8,6.8,41.4,44.5,148.6,47.2,35.8,14.4,22.0,57.5,171.9,62.0,42.3,46.4,85.4,89.1,34.0,39.2,109.7,104.1,27.2,17.9,4.7,82.3,17.2
22.0,38.2,31.7,47.4,94.5,37.3,150.0,93.7,99.1,87.8,81.9,64.5,77.0,27.9,22.3,57.4,34.2,37.6,38.4,37.9,47.9,6.7,39.3,42.0,149.8,45.9,38.0,14.1,21.0,61.2,172.2,58.0,38.2,45.1,85.5,88.3,31.7,38.9,113.1,105.4,27.9,16.2,6.8,73.0,16.8
22.5,40.5,32.2,51.3,102.8,39.3,156.8,108.9,109.6,100.4,83.9,64.6,79.1,27.4,21.7,55.7,36.4,43.7,43.2,37.5,51.1,6.8,37.9,42.2,155.4,48.1,38.3,16.5,22.8,62.4,177.6,62.6,46.5,55.1,95.3,102.9,36.3,43.8,113.1,104.3,26.0,13.2,8.6,86.7,17.7
24.8,42.9,37.7,55.0,114.4,42.9,168.8,109.9,114.4,104.7,89.2,76.5,93.1,31.0,24.5,60.3,36.8,46.0,44.2,42.6,52.2,6.6,42.7,46.1,165.8,52.5,40.8,18.3,23.4,66.6,189.7,67.5,48.2,56.8,102.6,105.6,38.9,48.1,122.1,113.2,32.2,17.1,9.0,107.6,19.7
21.9,40.6,34.2,51.4,99.1,38.8,149.4,104.6,109.6,100.9,80.7,66.6,80.0,26.4,21.2,57.8,34.3,42.8,41.9,39.3,48.2,6.9,37.3,40.8,147.0,46.7,37.2,14.5,20.1,60.0,173.0,60.8,39.9,46.9,88.9,92.0,34.4,41.7,110.2,103.8,28.3,16.1,6.9,78.4,17.7
22.5,40.8,36.1,50.9,99.6,41.0,147.7,102.4,104.4,97.3,72.7,70.8,85.6,28.9,22.3,54.8,33.2,41.5,42.0,38.4,45.7,6.4,40.7,41.8,145.3,44.2,34.7,16.4,21.8,56.4,168.8,61.7,42.6,52.0,95.2,99.5,37.6,46.1,107.0,98.3,28.0,16.4,9.9,82.7,18.1
22.4,42.5,40.5,53.1,107.2,38.6,145.6,108.4,116.0,100.5,77.9,70.2,86.4,29.6,22.3,59.0,33.2,43.2,43.6,37.1,47.2,5.9,39.7,40.9,144.9,47.7,34.7,15.7,22.7,56.0,169.2,65.3,37.2,45.9,94.5,95.8,31.6,40.3,109.2,100.1,27.8,15.8,9.0,88.3,18.1
23.2,41.5,34.5,52.5,104.5,39.1,155.5,112.2,113.3,104.1,86.4,65.5,77.2,28.5,21.9,56.3,34.4,42.6,43.4,41.9,51.3,6.6,36.5,39.5,153.6,46.0,38.2,15.9,23.2,61.7,177.8,65.4,40.3,46.5,89.4,92.8,37.0,43.7,115.2,108.5,26.9,15.2,6.5,88.2,17.5
23.1,39.2,33.8,48.9,93.9,37.9,158.2,92.3,97.3,86.2,88.7,67.5,77.8,27.8,21.6,57.9,36.9,39.2,41.1,40.4,54.5,6.5,37.5,40.6,156.6,43.2,38.0,14.9,20.9,63.2,182.4,59.5,40.1,50.4,77.6,79.2,36.5,41.8,118.5,112.6,26.2,15.2,5.6,77.4,17.7
20.6,39.6,32.0,47.5,93.4,35.0,150.8,94.9,97.6,91.2,86.8,64.5,79.7,26.6,21.0,56.0,33.6,38.3,39.8,37.2,51.0,6.0,37.8,39.7,149.1,43.0,37.5,13.7,21.0,60.8,174.4,57.1,38.4,46.0,84.8,84.5,32.2,41.1,113.5,106.7,27.1,13.1,8.2,72.6,16.6
22.5,39.3,35.5,51.7,100.6,40.0,154.3,108.0,111.0,103.1,84.7,64.4,82.0,28.9,22.1,57.7,34.8,38.4,38.6,40.4,50.4,7.0,38.8,39.9,154.0,46.8,39.0,14.2,23.7,63.6,176.3,62.6,41.1,50.0,91.4,93.9,35.4,44.1,116.0,107.3,27.8,13.6,9.8,86.8,17.7
22.9,39.3,33.5,47.6,104.2,38.9,163.3,101.9,101.9,94.3,92.2,66.2,87.4,29.6,21.3,55.9,37.3,35.2,35.9,44.0,55.5,6.4,36.5,39.5,161.4,46.8,39.9,16.5,19.8,66.3,185.9,62.8,40.4,51.0,93.7,98.0,32.3,44.3,125.3,114.4,30.3,14.5,11.4,91.6,18.9
20.7,37.5,39.6,53.5,105.0,39.5,145.3,115.2,115.4,102.1,78.8,66.8,88.4,30.5,22.4,56.7,31.9,43.8,40.5,39.3,46.3,6.5,39.5,42.2,145.3,52.9,36.5,11.9,23.0,58.5,166.9,63.5,36.8,47.3,99.3,105.1,29.0,40.4,110.6,98.5,28.6,14.9,12.2,89.9,17.7
20.5,38.9,30.8,47.5,90.2,34.1,146.6,94.2,97.5,88.5,80.5,59.1,71.3,26.3,20.2,57.0,31.8,43.6,43.7,36.1,46.0,6.5,38.4,40.4,144.2,43.4,35.2,14.9,21.0,59.1,170.5,55.6,41.6,48.3,78.8,80.7,35.6,41.6,108.0,101.3,26.2,15.2,6.6,66.4,16.4
20.9,38.1,32.4,46.6,94.6,36.2,150.9,88.2,95.0,83.8,84.4,64.0,75.5,27.5,21.2,58.7,34.7,36.2,37.4,38.6,48.4,5.5,37.7,41.5,149.2,43.5,35.8,13.0,21.0,57.9,175.5,59.8,40.7,47.4,74.6,76.2,33.8,40.7,112.3,105.4,27.2,15.6,7.0,73.0,16.6
22.6,39.5,36.4,51.5,107.8,37.9,153.2,102.5,110.4,98.4,84.5,76.0,85.1,29.3,22.5,56.7,34.8,41.3,40.3,39.6,49.7,7.0,41.5,45.0,152.8,47.1,35.8,14.8,21.7,58.1,175.6,62.8,40.0,45.1,91.9,97.2,34.2,39.7,115.3,109.6,29.6,21.0,5.6,88.5,18.3
22.7,41.3,34.2,48.9,101.4,36.5,163.1,102.9,106.1,96.0,87.8,73.4,83.5,29.2,22.8,56.0,34.7,40.8,40.8,40.3,53.6,7.3,39.1,40.8,160.9,47.6,37.5,16.2,22.0,60.5,186.6,58.7,44.6,50.4,87.1,90.7,39.3,45.4,119.2,114.6,30.3,20.6,5.6,86.0,18.9
25.6,41.2,36.2,52.6,109.8,42.8,158.8,107.4,111.8,99.6,88.9,68.2,85.5,29.3,21.7,57.0,35.9,44.2,43.6,44.4,52.9,6.9,37.9,41.2,156.8,46.2,38.3,13.7,23.5,62.5,183.7,67.2,38.7,47.8,94.1,99.4,33.9,43.2,120.6,111.8,30.3,15.9,9.7,98.5,17.9
22.6,39.4,34.9,50.1,101.2,39.5,152.8,103.1,106.4,98.4,86.0,62.2,75.3,27.8,22.2,57.4,34.2,41.2,41.4,38.8,51.3,6.3,40.2,42.3,151.6,47.5,37.9,15.1,22.0,62.6,175.8,61.8,41.3,48.1,89.6,91.5,34.5,41.5,114.1,107.1,28.0,16.5,6.7,83.7,18.3
22.9,40.3,40.7,50.2,102.5,38.9,161.3,100.8,102.6,91.2,94.8,70.1,80.6,30.2,23.0,57.4,36.1,40.5,41.5,39.9,53.9,7.0,37.8,41.2,158.6,45.9,38.2,14.8,21.2,62.7,183.7,61.3,39.1,44.6,78.9,80.6,32.1,38.8,123.1,116.8,28.1,16.5,5.7,86.4,18.6
22.4,39.0,31.5,46.1,90.8,35.7,158.9,85.4,89.0,80.6,93.2,58.6,71.1,26.8,20.7,54.3,36.2,35.1,36.0,37.3,55.8,6.6,34.7,38.2,157.7,41.7,38.5,14.1,21.6,65.3,183.5,53.1,38.6,45.1,70.8,72.0,34.0,41.1,120.5,114.2,27.4,13.3,6.3,67.4,16.7
21.9,41.0,37.8,50.2,106.8,38.9,151.9,102.5,105.4,96.5,83.9,68.9,87.9,30.1,22.7,58.8,35.1,41.6,41.8,42.0,50.3,6.1,40.2,44.5,149.8,46.7,38.6,14.5,21.7,61.7,175.6,67.6,38.1,48.0,90.7,88.8,30.9,42.1,115.8,105.3,30.4,13.2,10.3,90.3,18.8
21.6,44.8,33.2,52.0,104.5,37.3,164.7,99.5,107.8,94.6,88.8,67.0,84.9,28.4,21.1,57.9,33.3,42.0,43.6,40.1,54.0,6.7,38.9,42.5,163.3,45.9,39.5,18.4,22.8,64.0,188.7,67.2,47.0,55.8,94.6,103.3,35.6,46.4,120.7,111.8,30.0,14.7,9.6,92.0,17.0
22.7,39.3,40.4,53.0,101.6,41.3,158.0,109.2,111.5,101.2,84.2,74.8,85.3,32.0,22.5,59.4,35.2,45.3,44.2,41.3,52.8,6.7,40.8,44.1,156.3,50.2,37.9,13.8,22.6,60.5,181.7,61.9,42.8,49.0,92.8,90.1,33.3,40.1,118.4,111.5,31.3,18.9,6.4,92.4,18.8
22.6,38.5,32.5,46.0,95.1,37.7,150.1,96.2,99.5,90.3,84.1,61.5,74.9,27.3,20.8,55.5,34.7,35.3,36.9,37.7,49.6,6.9,36.3,39.0,149.5,43.6,37.1,14.1,22.5,60.6,172.0,58.0,38.4,46.0,80.4,78.5,32.4,40.0,112.4,105.2,26.1,15.1,7.0,71.1,16.9
23.1,43.9,35.0,53.0,106.0,38.5,159.2,105.9,109.4,98.9,86.2,66.8,82.2,27.8,22.4,56.5,35.1,44.6,45.1,40.7,52.9,7.4,37.3,41.7,157.5,44.2,37.5,16.6,22.8,61.6,183.6,64.1,43.9,51.6,92.3,100.4,37.1,46.4,117.0,108.1,28.3,15.6,7.9,91.1,17.4
21.7,37.3,33.8,45.8,91.9,35.6,140.1,90.1,94.0,83.2,76.9,61.7,70.2,26.5,20.4,54.8,33.1,36.9,36.8,36.8,47.2,5.9,38.8,44.3,138.0,43.1,34.0,12.5,19.8,57.4,161.7,57.8,36.6,41.5,76.5,77.3,29.7,35.5,104.3,99.1,24.3,14.7,4.8,65.6,16.6
20.5,36.9,29.3,43.4,84.5,34.6,142.7,85.2,89.7,81.4,75.4,58.8,70.2,25.4,20.2,55.2,30.7,35.4,36.4,34.6,45.2,6.7,34.2,38.5,141.9,41.5,34.3,13.1,19.3,56.4,167.0,48.5,40.6,46.1,68.3,69.4,34.5,40.6,103.6,97.8,27.1,15.4,5.5,56.5,16.9
24.2,38.3,33.5,46.7,98.4,39.7,157.1,94.5,100.1,88.3,84.1,65.5,77.3,28.6,21.8,55.9,34.9,40.8,41.1,39.2,51.1,6.8,36.9,38.7,154.9,43.8,35.6,13.3,22.2,59.1,179.6,57.1,45.6,51.5,80.1,83.9,37.6,44.0,114.0,108.5,28.7,17.5,6.1,77.4,18.5
23.0,39.4,34.0,51.4,98.9,35.9,141.4,97.2,101.2,92.1,72.3,65.6,76.7,28.7,21.8,58.9,33.1,41.2,40.6,38.9,43.8,6.5,37.7,41.6,139.6,43.2,32.7,13.9,21.7,53.7,162.9,60.7,39.9,45.8,81.2,83.0,34.1,40.2,102.4,96.3,29.1,16.6,5.6,72.1,18.2
20.9,39.6,28.5,48.0,93.1,34.3,149.6,91.6,96.3,86.9,83.5,62.9,72.3,27.0,22.0,54.2,34.2,38.5,38.7,37.7,50.3,6.9,36.1,39.6,147.5,44.5,36.6,13.0,21.3,58.6,173.1,52.3,41.0,45.7,77.5,79.1,34.5,40.5,110.7,105.1,27.6,15.5,5.5,66.4,17.8
21.7,40.0,33.7,51.1,97.5,38.6,147.8,100.4,104.1,94.1,81.6,63.9,79.5,27.4,20.5,56.6,33.9,42.0,42.4,39.6,51.3,6.3,38.0,40.9,148.5,46.4,36.7,14.7,21.8,61.0,171.8,62.4,35.8,44.7,86.4,86.9,32.3,40.1,113.5,104.6,29.8,12.5,8.9,79.3,16.0
22.5,42.3,34.3,49.2,98.8,39.5,159.3,97.4,103.9,92.3,86.8,64.1,72.4,28.8,23.3,54.1,34.5,41.0,42.1,39.2,53.3,6.8,37.6,41.1,157.8,46.0,37.7,15.9,21.0,61.5,184.9,60.1,47.1,51.6,79.9,82.8,39.0,43.6,114.5,109.3,27.8,16.6,4.2,80.0,17.8
22.8,41.6,33.8,51.5,102.5,39.0,159.5,105.3,110.7,98.5,88.8,66.7,79.9,29.5,22.0,56.3,35.1,44.0,43.0,40.3,52.0,6.7,38.8,41.3,159.4,47.6,39.7,15.5,22.4,65.7,185.0,62.8,42.5,48.9,88.6,92.8,36.6,43.1,119.4,112.3,30.1,18.5,6.5,87.6,18.0
22.8,38.4,33.7,48.2,102.9,38.5,147.9,103.0,102.9,99.4,77.1,70.4,82.0,27.9,21.2,56.0,33.3,41.1,39.5,38.1,47.5,6.9,39.8,42.2,147.2,45.1,35.6,12.8,22.1,58.1,169.6,63.7,41.9,48.8,88.5,91.9,33.8,40.8,107.8,101.8,29.0,15.6,6.9,82.0,17.5
21.4,40.8,30.9,46.1,89.9,36.6,161.1,92.2,95.1,85.6,90.3,60.6,72.2,26.7,21.7,56.0,33.1,38.5,39.1,36.3,51.8,7.3,36.7,40.8,158.4,42.9,37.3,15.6,21.8,61.1,185.8,50.7,44.7,51.4,74.4,74.5,33.4,40.1,118.9,112.3,29.6,18.2,6.5,64.5,17.1
22.7,42.9,31.5,51.3,101.5,39.9,155.3,103.2,104.2,96.6,86.5,68.5,73.5,28.1,22.0,55.7,35.2,45.0,46.0,40.8,52.8,6.9,36.9,39.0,154.6,43.2,38.1,16.6,25.2,62.2,179.5,63.2,43.7,46.9,85.9,87.5,40.0,43.8,115.1,110.5,28.4,21.3,3.3,82.0,17.5
23.7,41.5,36.8,54.0,106.5,41.8,161.0,112.9,113.4,101.3,90.8,69.5,80.5,29.9,20.1,59.3,35.3,46.8,45.8,41.6,53.0,7.7,37.5,40.6,159.5,48.4,41.1,15.4,23.9,63.7,185.1,65.1,42.4,48.5,93.9,96.7,34.4,41.5,120.5,114.0,28.8,17.2,6.2,96.5,17.7
24.3,43.1,37.5,54.7,109.8,44.5,154.5,108.9,114.9,105.5,87.5,63.0,78.3,29.7,23.0,58.7,36.7,47.0,46.9,41.3,52.5,6.5,41.9,45.4,153.4,46.3,38.9,15.9,22.2,63.5,176.3,68.4,40.4,49.0,99.0,96.7,32.3,40.0,115.9,108.3,27.6,14.0,8.6,100.2,18.5
23.7,39.5,35.1,50.0,106.9,39.7,156.8,100.1,102.7,92.5,83.6,69.3,94.2,29.2,21.9,58.1,35.8,41.3,41.1,40.1,51.4,7.6,39.7,43.8,155.1,44.2,36.9,14.0,23.0,60.7,180.9,65.0,40.0,52.5,89.9,99.0,32.2,46.4,118.6,105.9,33.9,14.1,13.0,89.2,18.0
23.6,41.8,38.3,50.9,104.2,39.9,152.3,100.1,102.5,88.1,84.5,65.4,82.6,30.1,21.9,56.3,37.1,39.4,41.6,42.7,54.1,6.7,41.0,45.5,151.7,45.1,37.2,16.4,20.6,62.0,173.5,68.2,37.4,46.1,84.1,89.2,28.4,38.3,116.1,107.0,27.4,13.7,8.7,87.8,17.3
21.2,41.1,31.5,48.4,99.1,36.2,154.3,98.1,102.8,92.6,82.4,64.9,82.7,27.5,20.4,57.8,34.7,40.6,40.5,37.6,53.8,6.8,36.7,43.2,153.4,43.2,35.8,14.6,20.8,60.7,177.8,61.9,40.9,50.5,87.2,91.9,31.9,41.8,115.8,107.1,29.3,14.9,9.3,76.7,17.4
23.4,39.5,32.2,50.9,99.5,38.2,147.1,98.6,104.1,92.5,78.7,67.1,81.8,27.9,21.3,56.1,33.8,41.6,42.2,40.0,48.1,7.1,39.1,43.4,146.5,43.6,35.7,14.2,22.8,59.5,170.8,60.5,38.8,46.4,88.8,92.5,32.1,40.2,110.2,103.0,29.2,14.8,7.8,78.4,17.1
25.3,40.5,38.5,49.8,98.6,41.3,158.4,99.2,101.4,94.5,87.4,65.9,80.0,30.6,22.9,57.7,36.8,39.2,41.1,41.6,54.2,7.2,40.0,42.9,155.6,48.0,37.5,14.3,23.4,61.5,181.8,62.1,43.7,52.0,83.7,84.6,35.2,44.1,116.0,108.3,27.6,12.3,7.8,86.7,18.9
23.4,41.7,33.1,51.5,109.4,38.4,164.7,103.1,104.6,96.6,89.7,67.5,86.2,28.9,22.6,59.7,35.5,43.3,43.2,40.5,55.6,7.5,41.9,43.9,162.8,44.2,38.2,15.6,22.9,62.6,188.8,65.9,46.0,56.3,93.9,100.7,35.4,45.4,121.8,112.4,32.4,15.5,9.7,95.7,18.2
24.6,42.5,37.7,53.0,107.8,41.4,164.2,107.2,109.0,100.7,89.2,74.4,92.1,31.3,22.9,58.8,37.9,43.6,44.7,42.2,55.3,7.6,39.3,43.4,162.0,47.1,40.1,16.4,23.4,66.2,187.2,68.6,38.2,47.8,96.8,99.3,30.3,39.6,127.0,118.0,31.8,16.1,9.2,103.7,19.4
22.7,40.0,34.4,50.7,100.5,39.1,148.0,106.3,108.8,98.5,79.9,67.5,78.4,28.5,22.3,58.1,34.0,45.1,44.3,38.0,46.8,5.9,38.8,41.8,145.3,46.7,36.0,13.5,22.4,58.7,171.3,60.3,42.3,47.9,88.1,91.5,32.3,39.4,109.3,102.8,29.0,17.6,5.3,81.1,17.9
20.8,36.8,30.2,42.4,92.3,37.0,149.3,91.3,94.3,88.5,79.6,61.9,70.9,26.9,21.3,57.2,34.1,35.0,37.0,36.2,49.1,6.2,34.5,37.6,148.7,39.7,34.6,15.1,20.9,55.0,174.7,51.6,43.6,48.0,74.8,74.1,37.3,42.3,107.7,103.5,27.9,17.1,4.6,63.9,17.3
21.8,39.9,29.8,47.1,92.4,35.6,149.3,95.5,98.7,87.9,78.2,67.8,76.3,26.5,20.8,55.1,32.7,39.6,41.0,37.2,46.2,6.7,38.7,41.8,147.1,40.4,35.1,14.3,22.9,57.7,172.6,55.5,43.1,47.7,76.1,76.9,35.6,40.5,108.0,102.3,28.4,18.6,4.2,67.2,17.3
21.1,38.8,31.1,47.5,96.1,34.9,154.4,94.3,101.0,90.2,83.1,64.4,77.3,26.3,20.5,55.1,33.4,43.0,44.0,36.8,51.6,6.2,40.0,44.2,152.4,44.8,37.6,14.1,22.5,59.1,177.4,58.2,43.5,50.2,81.1,84.9,36.1,43.5,113.0,105.6,27.5,15.7,6.7,75.5,16.7
22.1,41.1,34.6,52.1,102.1,38.8,148.0,107.3,109.4,98.3,79.0,67.5,80.2,29.0,22.5,58.6,33.6,47.3,48.0,39.7,47.5,6.8,39.5,42.7,146.8,46.6,37.0,14.5,25.0,58.8,171.8,60.8,40.0,46.7,94.6,96.1,36.1,43.4,109.9,103.1,27.8,16.4,6.6,82.9,18.0
22.7,41.3,38.5,53.7,107.9,40.8,150.5,109.8,116.1,103.5,83.1,71.7,83.7,29.2,22.1,60.2,35.4,45.8,45.1,40.1,50.3,7.0,42.1,45.7,150.3,47.0,36.6,15.5,22.5,60.8,174.0,68.7,39.7,45.5,95.0,96.7,33.8,40.2,111.4,105.1,28.3,17.8,6.4,95.6,18.6
25.4,38.8,35.6,47.7,98.1,40.1,150.6,96.5,101.4,88.3,86.4,63.1,76.9,30.0,23.6,60.5,38.3,39.5,40.4,41.2,52.6,7.0,39.5,42.8,150.1,44.5,35.5,13.8,22.0,58.8,175.5,62.8,37.0,43.9,77.0,87.4,32.8,40.0,114.2,107.4,28.7,16.3,6.8,81.5,19.1
22.6,38.8,33.3,47.7,94.5,38.9,151.4,94.7,97.9,90.3,85.9,57.1,70.9,27.1,20.7,55.0,32.8,41.8,40.8,37.8,51.0,6.6,35.9,41.0,149.7,43.5,36.7,12.4,21.0,60.3,173.2,59.1,40.1,47.3,81.5,86.6,31.0,38.3,112.9,106.7,27.8,16.0,6.4,71.7,16.5
20.2,38.6,31.7,45.9,93.5,35.6,145.5,92.3,96.8,85.8,81.3,68.6,74.2,25.9,20.2,55.8,31.9,38.0,39.5,37.2,49.0,6.0,35.4,39.5,144.2,41.3,34.5,14.6,23.0,54.0,168.5,56.3,39.2,43.1,70.7,71.9,31.8,35.8,109.0,104.8,26.4,17.4,4.2,65.9,16.2
23.2,40.4,30.4,48.6,94.1,37.0,153.2,93.9,98.3,88.3,84.1,67.3,77.2,25.7,20.5,55.8,33.8,43.5,43.6,39.5,49.6,7.4,36.5,42.3,151.0,42.1,37.1,14.2,22.1,59.9,176.4,54.7,41.0,46.7,77.4,79.5,33.9,39.4,113.8,108.6,29.4,17.9,5.5,71.5,17.4
22.7,38.6,38.2,49.3,123.9,43.5,149.4,114.8,113.4,107.3,76.4,70.9,97.3,30.2,21.0,55.8,35.6,42.0,42.4,45.6,48.8,7.2,40.2,42.6,148.0,46.8,35.4,13.8,23.0,57.6,171.1,78.7,40.9,56.7,103.9,117.3,33.3,48.7,110.7,100.7,32.6,12.1,10.0,106.9,16.8
23.0,38.8,33.5,48.6,93.3,38.7,150.8,101.7,104.2,96.5,81.6,62.5,73.0,28.7,21.5,56.3,34.3,42.5,43.2,38.0,49.2,7.0,38.4,41.7,150.2,43.5,35.4,14.6,24.8,56.8,176.6,56.5,41.6,47.5,79.4,80.3,36.2,42.2,110.1,104.2,27.6,16.7,5.8,75.0,18.1
25.0,40.2,33.2,48.8,95.4,39.7,144.1,97.2,100.7,90.9,75.4,69.7,75.2,28.1,20.7,55.4,35.1,38.9,38.3,38.4,46.4,6.5,36.3,39.8,143.1,44.5,34.4,12.8,22.0,55.2,167.2,58.1,41.7,44.3,78.8,80.3,33.5,37.0,104.5,101.4,27.8,20.0,2.6,72.3,16.7
25.4,40.4,36.5,51.0,107.0,44.2,147.6,105.3,110.4,97.8,76.7,69.0,86.8,28.8,21.3,59.4,35.0,45.0,44.3,42.3,47.5,7.1,37.5,40.8,145.6,45.4,35.0,15.3,22.4,56.4,171.0,67.7,40.8,50.4,89.6,93.8,32.9,42.7,108.2,99.0,30.3,15.2,8.7,89.6,17.8
23.9,38.2,36.2,51.1,104.9,40.4,149.4,108.6,111.4,102.9,80.5,74.2,83.0,28.2,20.8,56.9,34.1,44.9,41.4,40.9,48.6,6.8,41.9,44.3,148.2,48.3,36.1,14.0,23.0,58.5,172.6,66.4,41.2,45.6,95.8,99.1,37.2,42.4,110.1,105.3,28.0,20.2,5.2,90.2,17.6
20.5,42.0,31.3,48.9,92.0,33.2,158.1,95.2,99.5,88.3,87.4,59.0,69.7,26.0,21.6,56.2,32.2,38.6,41.1,37.3,53.9,6.6,36.4,42.0,155.3,43.5,39.6,14.9,23.9,64.9,182.5,54.3,44.8,50.2,74.5,77.3,36.6,41.8,115.2,110.1,26.7,15.0,5.3,68.2,17.8
23.3,41.8,36.6,51.6,106.2,41.1,154.1,109.2,113.1,102.7,81.7,64.2,73.4,30.2,22.5,59.7,35.0,44.8,44.0,42.1,51.1,7.4,41.5,45.5,153.0,48.6,36.9,14.7,24.2,61.2,178.9,65.3,43.4,51.2,96.4,100.1,36.6,45.7,112.2,103.5,28.6,14.7,8.0,92.6,18.4
21.5,37.8,32.2,47.1,97.2,36.4,143.3,100.2,101.4,95.2,75.3,66.8,80.5,26.6,21.7,57.3,32.6,40.9,39.4,37.3,47.2,7.3,37.5,40.5,143.6,43.8,35.4,12.9,20.3,57.5,166.1,59.8,40.8,48.0,86.7,90.8,33.9,41.0,105.1,97.4,27.7,16.9,6.8,73.9,16.9
22.3,40.5,33.1,49.4,98.8,37.7,149.9,99.2,101.4,95.0,83.2,62.0,78.4,27.3,22.3,57.4,35.3,41.7,43.1,39.3,50.5,7.0,39.1,40.9,148.6,44.7,34.7,15.4,21.8,57.2,173.5,60.6,40.2,48.2,87.5,91.6,33.9,43.7,112.2,102.6,26.6,14.8,8.2,79.2,17.7
24.3,40.2,37.6,49.2,96.7,40.5,164.2,98.8,101.3,89.9,92.8,69.1,75.8,29.4,23.0,59.3,36.8,37.6,39.3,40.8,55.4,7.9,39.4,42.6,161.5,45.5,39.2,14.9,21.8,64.4,187.8,58.5,45.3,49.4,80.4,81.8,36.1,40.5,121.1,117.0,28.1,17.9,3.9,84.4,19.0
21.7,41.4,31.5,49.1,96.8,37.9,151.0,100.0,102.3,93.2,80.6,64.9,75.0,26.9,21.1,57.1,33.0,44.3,44.9,38.4,49.5,6.5,38.6,42.5,149.0,42.6,37.5,16.0,24.5,62.3,174.0,57.6,45.6,51.2,89.5,90.3,37.5,43.1,108.5,103.9,27.2,18.5,5.4,74.6,17.0
22.0,40.5,31.7,49.4,96.2,36.5,150.0,92.8,97.7,88.3,83.3,62.1,76.6,27.0,21.3,58.4,34.9,41.4,42.2,38.3,52.5,6.5,38.1,41.1,148.1,43.8,37.2,16.2,20.1,62.0,173.8,55.2,39.9,46.8,81.5,85.2,30.8,38.4,112.8,105.1,29.1,12.4,6.8,74.0,17.7
23.1,41.7,34.2,52.0,102.0,38.3,159.7,109.6,109.4,100.0,87.2,68.3,85.0,27.9,21.7,58.3,35.3,40.2,41.3,41.1,54.2,6.9,39.0,41.0,159.1,46.5,39.1,16.3,24.2,63.5,183.7,62.1,42.7,51.0,91.8,96.8,37.0,46.7,119.4,111.3,31.1,17.4,8.8,88.7,17.2
23.5,38.2,34.4,48.6,102.1,39.0,151.1,101.2,104.2,96.6,81.8,67.1,85.9,26.9,22.2,58.6,33.9,44.7,43.2,38.0,48.6,6.0,40.3,43.0,150.1,46.5,36.9,14.3,23.3,59.3,174.3,63.7,39.9,49.2,89.8,94.4,33.8,43.2,113.5,104.6,30.6,16.0,8.9,83.6,17.5
23.2,41.0,35.8,49.0,103.5,39.0,162.2,98.6,102.9,91.7,90.9,65.5,77.7,29.5,22.8,55.6,34.7,38.3,39.0,40.4,54.7,7.6,37.0,43.4,159.8,46.2,39.2,15.0,21.2,63.5,186.9,63.5,44.3,51.1,81.0,83.8,34.1,41.2,120.3,113.1,28.9,18.5,6.8,84.2,18.2
23.4,42.4,32.9,51.0,97.2,39.3,160.5,99.9,106.5,93.6,91.6,65.3,77.4,27.4,21.2,58.1,36.7,42.5,43.8,39.8,54.6,7.4,36.4,40.3,158.5,45.3,40.5,15.1,24.5,66.9,183.3,56.5,40.9,46.5,83.9,84.5,34.1,40.0,120.5,114.4,29.4,18.0,5.5,81.0,17.4
19.6,37.7,35.8,48.8,95.2,34.4,142.9,100.5,102.5,93.4,76.7,65.0,80.8,28.5,20.6,55.5,31.0,38.5,38.0,37.5,47.1,6.5,37.8,40.3,141.3,44.8,35.5,14.3,20.3,56.2,164.4,59.7,37.8,46.2,85.7,89.1,31.2,40.2,107.4,98.3,29.2,13.8,8.1,71.7,16.7
22.8,38.9,34.4,49.0,102.8,38.0,152.5,99.8,102.7,93.0,79.5,68.0,80.2,28.5,21.5,58.8,33.5,39.8,39.5,38.1,47.2,6.3,39.4,41.8,150.7,44.5,36.0,13.5,19.5,57.5,177.1,63.7,44.3,50.6,83.8,87.6,35.8,42.0,110.1,103.9,29.1,17.5,6.0,81.1,17.8
24.5,42.0,38.0,54.0,104.8,40.8,153.7,109.7,109.3,101.2,84.2,64.0,78.6,30.0,24.1,58.6,36.7,44.3,43.7,42.0,50.1,6.7,39.2,43.2,151.1,48.7,38.6,14.0,22.9,62.4,177.8,62.9,42.6,50.8,94.8,95.6,36.2,43.7,112.9,105.6,28.5,17.5,7.1,92.7,19.0
23.2,42.7,33.7,49.5,99.0,39.0,167.3,102.4,106.6,92.7,93.8,64.0,72.9,27.2,21.4,57.1,36.7,41.7,44.1,40.8,56.1,6.7,40.1,44.6,163.6,45.9,40.2,16.1,24.2,68.1,190.7,61.3,49.3,53.7,83.9,86.2,36.8,41.3,122.0,117.9,28.6,17.5,4.5,86.3,18.0
21.0,41.3,30.0,47.5,89.9,34.8,157.2,91.9,96.8,87.6,89.1,60.2,65.0,25.7,21.5,55.1,34.6,41.0,42.1,36.0,53.8,7.6,37.2,41.0,154.9,41.8,37.2,15.3,22.5,62.6,180.6,49.7,45.0,47.1,76.7,76.7,36.5,38.7,114.3,112.0,26.1,14.0,2.2,65.1,17.3
24.9,42.6,33.4,49.2,104.5,41.2,165.6,99.3,105.4,95.8,92.0,70.8,83.7,29.5,22.7,56.7,37.6,36.4,39.5,43.3,55.1,7.4,38.4,43.3,165.0,44.5,39.9,16.7,21.8,63.1,191.3,62.3,44.2,50.0,83.1,85.6,36.3,42.7,123.1,117.1,31.0,21.1,5.9,88.8,19.0
22.5,41.0,31.5,50.2,94.0,36.8,163.2,102.3,103.4,93.3,90.9,65.8,76.5,25.4,20.6,57.9,35.7,37.2,38.8,38.0,53.8,7.3,36.9,40.8,160.6,43.2,38.9,16.0,21.3,64.2,187.9,55.9,45.0,50.5,78.5,80.9,37.3,43.9,120.3,115.3,29.3,17.6,5.5,74.8,16.8
21.9,38.9,30.6,47.3,98.6,36.0,158.1,102.7,104.0,97.6,83.6,73.0,83.0,26.5,21.3,57.0,35.7,42.6,42.9,37.5,52.1,7.5,37.1,39.6,156.5,44.4,38.5,15.8,21.7,63.0,182.5,55.8,43.4,49.1,86.8,90.4,38.5,44.0,116.5,110.6,31.9,18.9,6.1,80.0,17.2
21.7,38.5,29.4,45.2,91.5,37.5,144.9,89.5,93.7,81.9,79.2,63.8,74.3,25.4,20.8,55.7,32.0,41.1,42.0,37.2,47.5,6.9,35.0,38.2,143.8,40.6,34.9,14.1,21.8,58.9,169.0,53.2,38.6,44.4,76.6,80.1,32.7,39.1,108.3,103.2,27.7,17.8,5.7,63.0,16.8
23.2,36.2,33.0,47.4,106.7,41.3,154.0,105.1,106.4,99.3,86.6,66.6,81.9,28.5,20.8,56.3,34.1,38.0,37.2,41.9,51.1,6.4,37.7,41.2,153.9,45.1,38.0,13.0,20.4,62.2,178.9,65.1,37.7,45.2,93.7,98.9,33.9,43.2,117.0,109.5,29.4,16.2,7.8,88.9,16.3
21.9,42.7,32.2,48.3,94.5,36.4,155.8,92.1,100.5,86.0,88.8,61.5,71.9,28.2,21.9,55.0,35.4,37.4,38.4,38.9,53.5,6.1,37.2,38.2,155.4,44.3,37.8,15.5,22.9,61.7,179.9,55.2,41.2,46.9,72.9,72.9,35.1,41.8,116.1,110.6,28.7,18.5,5.7,71.1,17.5
22.1,42.9,34.2,49.3,100.6,38.9,156.6,104.9,106.7,99.1,85.9,61.8,79.7,28.6,22.0,58.3,33.3,41.2,42.4,40.0,51.5,7.1,39.2,42.9,155.2,45.8,38.3,16.1,21.9,60.9,179.5,58.2,42.0,51.4,91.1,92.3,33.7,43.3,117.3,108.5,29.7,17.0,8.8,83.6,18.4
23.8,41.0,32.9,50.0,104.7,40.8,150.1,101.6,103.6,95.8,82.3,69.3,82.5,27.4,20.8,57.9,34.2,38.4,40.5,40.5,49.6,6.9,36.2,39.1,148.8,45.3,36.3,15.6,23.0,60.3,174.1,66.5,39.1,45.8,91.1,94.2,33.8,40.9,112.3,106.0,28.0,17.5,6.3,84.2,17.4
23.1,42.7,33.5,49.2,96.6,36.8,155.2,98.3,100.6,89.3,87.9,64.7,73.8,27.1,21.8,59.3,35.7,39.5,42.8,38.4,51.7,6.4,38.2,42.2,154.5,44.1,38.1,16.3,23.3,62.4,177.5,58.9,42.6,48.1,80.0,79.2,36.0,41.6,114.8,108.8,27.0,15.5,5.4,76.3,17.2
22.5,38.6,31.5,46.9,92.7,36.5,148.4,95.6,96.9,89.7,84.5,57.9,71.3,27.3,21.1,57.1,34.2,33.6,35.5,36.5,49.8,6.2,36.6,39.9,148.8,44.5,37.6,14.6,21.7,61.0,172.4,52.5,37.2,44.0,80.3,80.9,32.1,39.0,112.0,105.1,26.1,16.8,6.5,69.5,16.4
21.6,41.5,32.2,49.4,101.4,37.7,145.0,105.3,105.8,99.7,75.3,64.4,75.6,27.5,20.7,57.4,32.6,41.6,43.7,39.0,45.2,6.1,37.3,40.8,142.8,43.1,36.9,15.8,22.8,60.4,167.1,57.2,41.0,46.0,87.5,89.2,35.7,41.4,105.4,99.4,29.0,18.7,5.2,74.4,16.5
23.3,40.5,33.1,49.5,101.9,38.7,155.7,101.2,102.0,92.8,84.7,67.5,82.5,27.8,20.8,55.5,33.9,38.2,39.2,40.4,50.9,6.5,36.9,39.6,153.7,44.9,38.2,15.5,21.9,63.0,178.5,65.0,41.7,49.2,85.7,89.4,32.9,41.3,115.8,108.1,30.9,17.0,7.2,81.4,17.2
21.9,41.5,31.9,49.4,91.6,37.9,154.1,90.5,95.2,85.1,84.8,65.2,72.8,28.1,21.4,55.8,34.6,38.0,41.5,38.9,50.2,5.9,37.3,42.1,153.3,43.1,35.9,14.6,23.5,61.1,179.5,56.8,42.1,46.2,75.9,75.7,38.3,44.0,113.2,108.0,28.5,16.9,4.8,72.0,17.5
20.2,37.5,30.3,47.1,90.4,32.0,151.5,92.6,94.7,86.8,84.8,61.0,67.9,25.8,20.2,57.2,32.5,36.2,36.4,36.4,49.3,6.7,36.3,39.3,149.4,42.8,37.6,13.7,21.0,62.0,174.1,51.4,43.1,46.4,79.6,81.5,33.6,37.4,111.1,107.5,26.4,16.9,3.1,64.2,16.8
21.7,38.7,32.8,47.2,90.8,35.7,146.6,91.8,97.3,86.8,84.2,59.0,69.7,26.6,21.6,55.0,34.6,43.2,44.3,36.7,50.8,6.1,37.1,39.4,146.3,42.8,35.9,14.6,22.3,60.8,169.6,55.6,36.3,42.1,79.6,74.3,31.4,37.5,111.5,106.4,26.7,15.5,5.2,68.8,17.9
24.3,42.0,32.5,51.5,105.3,43.1,154.6,103.6,105.9,98.7,83.0,72.3,85.0,27.0,20.3,57.3,35.8,38.5,40.1,41.8,51.6,6.3,38.0,40.5,153.6,42.6,35.8,15.6,21.5,59.8,179.0,63.0,41.4,48.5,92.8,98.5,35.7,44.4,114.0,105.8,30.2,17.7,6.9,88.5,17.4
22.4,41.1,38.2,48.9,97.2,38.9,153.7,100.1,101.2,91.4,86.3,61.8,81.2,29.8,22.1,55.8,35.2,40.6,39.7,38.7,51.3,6.0,41.2,43.9,153.0,48.6,38.7,16.1,22.1,60.5,176.1,59.5,38.4,49.2,80.3,78.4,30.0,40.7,115.7,106.8,29.7,14.1,8.4,81.3,18.1
20.2,33.9,26.5,42.0,86.1,33.5,139.1,84.7,88.8,80.8,73.4,61.3,72.7,23.6,18.4,53.5,30.8,38.0,36.9,34.8,44.0,6.0,34.5,37.4,138.0,38.1,32.7,12.1,18.0,50.4,161.4,51.1,38.0,44.3,73.7,75.1,31.9,38.2,101.9,96.0,27.9,16.7,6.1,54.5,14.6
25.9,41.9,38.3,52.8,109.0,43.9,160.0,110.9,111.3,103.2,84.6,76.5,91.0,31.6,23.1,57.1,37.9,43.7,42.9,43.3,54.3,7.7,39.7,42.9,159.0,49.9,36.7,15.8,23.5,59.2,186.0,67.3,41.0,49.0,95.5,99.4,33.9,41.2,120.6,113.7,33.7,20.7,7.8,102.2,18.7
22.9,37.8,29.9,45.3,93.8,36.2,149.0,88.5,91.2,82.6,83.9,63.5,75.4,27.1,21.2,53.7,33.9,38.5,39.0,39.4,50.2,6.5,35.6,38.5,147.7,41.0,36.3,14.3,20.9,61.2,172.6,55.6,39.2,45.6,75.0,80.1,31.9,38.9,111.1,104.0,26.8,15.2,6.4,66.5,17.5
22.2,39.4,28.9,45.9,94.5,37.2,153.7,95.0,94.9,88.7,87.2,60.3,75.1,25.9,20.2,55.4,33.0,36.2,37.6,36.9,52.5,6.0,38.7,41.0,153.1,41.3,37.6,15.3,21.1,61.0,177.4,56.1,39.3,47.6,84.0,87.5,33.8,42.0,116.0,108.4,27.9,17.4,7.8,71.6,16.9
22.6,36.2,29.7,43.6,93.9,35.7,152.7,96.0,97.5,91.7,83.5,66.5,72.5,27.4,21.8,59.2,34.9,38.2,36.8,37.5,49.4,6.8,38.6,40.9,151.8,42.9,37.0,13.5,21.0,59.5,176.3,53.9,44.2,47.4,74.8,77.4,35.2,39.4,112.2,109.1,28.4,20.8,3.1,72.0,17.6
22.0,42.9,35.2,52.0,103.1,38.0,157.4,100.2,104.2,88.4,88.5,63.9,83.0,30.0,22.4,57.3,34.0,44.6,46.3,40.5,51.3,6.1,38.4,40.3,156.8,45.8,36.4,16.3,24.0,60.8,181.5,63.7,42.0,51.5,82.4,88.6,35.1,45.3,116.8,107.8,29.0,15.5,8.6,86.7,18.5
24.3,40.8,35.8,51.2,101.8,40.5,148.2,106.0,107.6,98.3,78.6,66.3,82.3,29.2,23.2,59.1,35.3,42.4,42.9,40.0,49.3,6.5,41.3,43.1,147.7,47.8,35.8,15.5,23.6,57.6,172.8,63.1,43.5,49.5,92.4,92.6,35.1,44.6,108.2,99.0,28.7,15.9,8.6,85.4,18.6
22.0,41.1,34.1,49.4,98.9,36.1,149.8,97.1,101.8,92.2,78.9,60.7,78.7,27.7,21.1,58.3,32.4,41.5,42.5,38.9,48.7,6.7,40.0,42.7,146.6,44.5,35.2,14.7,22.7,57.2,170.3,59.3,43.3,52.2,85.6,88.4,32.5,41.7,108.0,99.1,29.4,15.1,8.7,77.1,17.5
23.3,40.9,36.5,50.4,103.8,40.6,153.6,93.6,99.8,89.6,84.3,72.0,85.2,28.5,21.3,59.6,35.2,39.8,40.9,39.5,50.1,6.6,40.4,43.3,151.7,45.5,38.4,14.2,21.1,62.0,177.0,64.4,38.5,46.4,86.6,88.1,31.2,40.1,115.9,107.7,30.3,18.9,7.6,88.1,17.9
21.7,42.2,30.8,49.5,100.8,37.1,147.5,104.2,107.0,98.1,80.1,61.2,81.8,27.5,21.5,57.7,33.1,42.4,44.5,39.8,49.2,6.6,37.9,43.4,146.4,44.1,36.2,14.2,25.0,59.6,170.4,60.7,37.0,47.6,94.3,95.3,30.3,40.5,113.1,101.6,29.6,15.2,10.3,78.8,17.2
23.7,41.6,33.2,52.5,102.4,39.6,151.4,102.8,105.1,94.3,80.7,67.2,80.6,28.3,20.4,59.2,35.2,42.5,43.9,39.6,50.6,7.0,38.2,45.0,150.3,42.6,36.1,14.9,23.2,56.9,175.7,62.5,42.3,49.4,88.8,92.8,35.5,42.8,110.9,103.7,29.0,17.5,7.1,83.0,17.9
22.7,37.5,33.2,50.1,103.5,38.1,152.2,101.6,105.6,94.7,77.7,70.6,89.5,28.1,21.6,56.1,34.4,46.0,44.4,38.3,49.6,6.4,40.2,42.3,150.3,45.8,36.7,12.9,22.6,58.6,175.0,61.2,41.1,51.4,92.1,94.9,33.5,43.6,112.6,102.5,32.5,15.9,9.8,81.9,17.8
19.9,41.1,31.6,47.7,92.0,34.4,154.6,89.8,94.0,84.3,83.5,63.9,74.3,26.4,20.9,55.4,30.9,41.1,42.6,37.5,50.3,6.0,35.2,40.0,152.3,41.3,35.5,14.5,23.6,59.6,179.8,52.6,43.4,48.7,76.3,77.7,36.6,42.2,112.3,107.6,28.6,17.7,5.0,67.8,16.7
25.2,40.1,36.0,49.5,105.7,41.9,157.3,107.2,107.5,98.8,87.8,66.5,78.9,29.3,22.9,57.7,37.1,40.0,40.9,44.6,53.8,7.0,39.8,43.1,155.9,46.0,37.8,15.4,22.3,62.5,180.7,65.8,42.5,49.0,90.0,92.5,35.5,41.7,116.6,110.1,29.3,18.3,6.2,91.4,19.4
20.6,37.5,27.1,45.0,82.7,33.8,138.4,89.1,94.1,84.2,77.8,53.0,62.7,24.5,19.9,53.4,32.0,39.7,40.2,34.9,46.5,6.0,35.4,39.6,136.0,38.1,33.6,13.5,21.8,54.1,162.3,47.1,38.4,43.3,70.3,69.4,34.2,40.0,100.4,94.8,24.7,14.2,4.7,54.0,16.1
21.9,37.1,31.9,49.0,96.1,37.0,142.3,99.1,103.6,93.7,77.2,65.1,78.8,27.5,22.1,57.4,33.1,40.4,40.4,39.9,46.4,6.5,36.5,38.6,141.6,45.2,35.8,14.4,21.5,56.4,165.4,59.3,37.3,44.8,81.7,85.4,32.2,39.5,107.1,99.3,29.6,15.2,7.0,73.4,17.7
23.5,41.4,28.3,49.0,100.1,40.0,160.6,91.5,98.1,86.1,92.3,64.6,78.8,27.0,20.6,56.4,36.9,39.0,40.0,40.9,54.3,6.4,35.2,37.5,158.3,41.5,39.1,14.7,21.3,65.1,184.7,59.9,39.6,47.2,79.7,82.6,33.5,41.5,122.4,114.3,30.6,16.6,7.8,79.2,16.4
21.9,37.2,32.4,46.7,95.3,36.0,145.8,94.5,96.7,86.9,81.5,60.8,75.3,26.7,21.1,57.1,32.2,36.6,37.0,37.6,49.7,6.4,36.0,38.9,144.7,41.6,35.0,13.1,20.2,55.8,170.3,59.8,36.0,43.9,76.3,78.5,30.7,38.8,111.4,103.0,28.2,16.1,8.1,69.4,16.1
24.1,43.0,32.7,49.8,99.6,38.8,155.6,94.6,99.8,87.0,83.0,69.9,82.7,27.9,23.6,54.9,35.7,42.5,43.6,39.2,52.5,6.2,39.0,43.1,153.1,43.4,36.4,15.2,22.4,59.1,177.1,57.8,40.2,46.5,83.4,85.8,32.3,39.2,116.7,110.1,31.0,18.2,6.5,79.7,18.5
21.2,41.1,32.4,51.2,98.9,35.8,151.1,107.9,107.4,99.5,81.2,72.3,84.9,27.3,21.0,58.1,31.8,36.9,37.7,37.0,49.8,6.4,39.3,41.6,150.4,45.3,36.6,15.4,20.4,61.7,173.9,58.3,41.9,48.3,91.6,96.5,33.5,40.1,111.8,104.2,28.4,20.7,6.4,80.9,16.5
21.6,41.0,32.5,50.6,100.5,36.0,154.0,97.6,103.8,93.1,86.5,71.6,81.9,27.7,21.1,54.5,33.8,38.1,40.2,40.0,53.0,6.8,35.8,39.8,153.8,41.9,37.0,16.3,21.9,61.6,177.5,62.9,38.0,44.5,84.4,87.3,33.7,40.4,116.8,109.7,27.1,14.8,6.6,79.1,16.5
22.7,39.6,38.5,51.4,103.8,39.0,146.6,106.4,111.4,100.0,80.9,70.5,81.7,28.8,22.3,57.9,33.3,41.7,41.2,39.5,48.3,6.4,42.6,46.9,144.9,49.0,34.8,12.1,21.1,59.5,170.1,68.9,38.2,45.3,92.6,99.6,31.5,39.0,110.0,102.7,27.4,13.4,7.1,89.8,16.7
23.0,39.2,29.5,45.2,93.2,37.1,152.7,92.5,95.3,86.5,83.8,66.7,75.5,26.0,21.0,57.8,33.6,38.6,38.1,37.5,50.4,7.1,35.6,39.5,150.8,41.9,37.7,14.7,21.4,60.7,176.6,53.7,41.5,46.6,76.3,76.9,34.0,38.9,113.3,108.3,29.0,19.7,5.0,67.2,16.6
23.2,40.4,33.6,50.3,103.7,38.6,157.1,111.2,110.6,105.0,86.6,73.0,85.2,27.8,20.5,58.2,34.5,47.5,46.5,37.0,51.6,5.9,41.1,44.4,155.3,46.4,38.5,14.9,24.2,62.9,179.7,62.7,41.1,48.3,96.5,97.8,33.5,40.4,118.3,111.0,29.0,17.7,7.4,89.0,17.7
22.3,40.4,33.6,50.7,102.3,38.6,160.2,99.2,104.2,92.1,89.3,66.7,83.3,27.8,22.4,59.7,35.3,41.1,42.2,39.2,52.5,6.4,37.5,40.9,159.4,46.5,38.5,16.2,23.6,62.2,185.6,60.7,40.4,49.6,89.1,90.3,34.8,44.1,121.1,111.2,30.0,13.0,9.7,85.5,18.0
21.9,39.9,31.8,48.5,97.6,39.6,160.5,101.1,102.2,96.4,91.6,67.2,74.6,27.5,21.9,56.7,34.8,40.3,39.1,37.9,56.6,6.7,36.9,41.5,157.7,46.1,38.5,13.1,24.0,63.0,183.1,60.3,43.1,47.0,82.5,84.3,33.8,38.0,119.3,115.4,26.8,15.9,3.8,78.5,17.4
21.5,41.6,31.1,51.1,97.2,36.8,150.0,97.6,103.3,90.1,78.2,69.9,82.1,27.2,20.5,56.8,32.4,40.5,43.4,38.7,48.0,6.7,39.5,42.2,148.7,44.5,36.8,14.6,22.1,58.9,174.2,58.2,40.6,46.7,84.4,88.6,37.4,44.3,109.9,103.6,30.6,16.2,6.1,75.9,17.0
24.3,38.3,33.8,51.0,98.5,39.1,149.0,105.3,107.8,97.2,83.3,64.9,71.8,29.0,22.6,56.5,35.6,46.1,44.7,39.4,48.5,7.0,36.4,41.2,146.4,45.3,34.7,13.1,22.5,57.9,173.9,61.1,42.0,45.7,85.0,85.7,34.6,39.6,108.6,104.7,26.5,20.5,3.4,79.4,18.5
22.3,41.7,34.5,50.7,104.1,40.3,159.1,100.1,105.2,92.2,89.0,68.2,84.0,30.4,22.7,55.8,36.2,41.2,41.8,41.5,52.6,6.4,40.5,44.9,157.8,46.2,38.9,14.6,20.9,62.1,181.1,64.0,41.0,48.9,87.5,88.5,31.9,40.7,120.6,112.5,30.5,18.4,8.5,89.4,17.6
23.8,42.1,32.7,50.1,106.4,41.2,162.0,98.2,100.1,91.8,90.0,67.7,80.4,28.0,22.4,60.2,36.8,41.7,42.4,42.6,54.9,7.7,38.6,42.3,161.0,43.9,40.3,16.3,21.9,67.1,187.0,63.4,41.1,51.3,86.0,91.1,33.7,40.6,120.9,113.9,29.6,19.7,7.1,89.0,18.5
22.6,39.9,34.3,50.1,97.6,39.7,148.9,102.0,104.1,94.3,83.6,68.8,79.8,27.6,21.1,58.2,33.7,41.9,43.3,38.9,51.0,6.3,39.4,43.9,148.6,43.7,33.7,14.6,23.7,58.1,172.9,61.5,37.8,44.2,84.1,86.9,33.1,39.8,110.8,105.5,27.8,14.0,6.1,79.0,16.7
20.9,36.2,31.4,44.2,90.3,36.9,146.0,93.3,99.5,90.8,83.6,61.0,69.1,25.8,20.1,58.0,32.7,35.8,36.1,35.2,49.8,6.5,36.9,39.2,144.8,42.0,35.9,13.2,19.5,58.1,169.5,54.8,38.6,42.9,79.2,79.6,31.6,36.4,110.2,105.9,24.9,15.4,5.0,65.1,16.0
22.5,35.4,31.8,47.3,98.2,36.3,157.5,98.9,99.0,92.8,87.3,68.5,83.3,27.7,21.2,56.6,34.9,40.8,39.8,38.6,51.7,6.2,36.0,38.7,155.8,46.1,38.0,13.8,21.0,58.9,182.6,56.3,39.9,47.3,91.0,90.1,35.0,42.6,118.5,110.0,29.5,18.4,7.6,78.1,17.6
21.6,40.3,31.5,46.6,92.8,38.0,143.8,91.3,95.9,87.8,77.1,61.9,69.1,26.3,22.0,56.8,33.0,39.4,41.5,39.4,45.9,5.3,37.4,40.4,142.8,43.0,35.8,15.7,20.9,59.4,167.5,57.8,40.8,46.6,77.3,75.0,35.0,39.0,103.8,99.7,26.8,18.2,3.9,68.7,17.5
22.2,42.3,29.8,49.4,88.3,34.7,153.6,88.0,94.0,83.5,85.4,61.6,76.0,25.8,21.5,57.4,34.5,40.3,41.4,36.4,50.3,6.1,33.5,37.0,153.1,40.8,37.3,15.8,20.2,61.4,179.1,51.6,39.6,47.7,71.8,70.4,33.0,41.2,115.5,107.8,31.4,16.9,7.7,66.2,16.9
22.2,35.7,33.2,47.2,95.5,35.8,147.2,94.0,98.7,88.3,79.8,65.0,74.4,26.1,20.3,56.7,32.1,34.7,34.2,37.2,48.3,6.3,36.3,39.4,147.2,42.6,35.2,11.8,22.0,58.1,171.1,59.1,40.3,45.1,77.8,79.5,35.0,40.9,108.2,103.0,28.3,18.0,4.9,69.8,16.4
21.0,38.7,35.8,48.7,97.3,38.7,148.4,102.6,104.6,94.2,78.7,61.3,77.4,28.3,22.5,57.3,34.0,41.1,40.8,39.2,48.9,6.6,38.4,39.9,148.1,44.6,38.2,15.0,22.4,59.6,173.0,57.1,40.8,49.3,90.6,92.4,35.0,44.3,110.1,101.3,28.4,16.9,8.1,77.6,17.9
21.5,37.5,31.4,45.0,91.3,36.0,157.1,93.1,93.5,89.2,85.9,60.8,70.6,27.0,21.3,57.7,32.6,37.0,38.0,37.4,51.0,6.4,36.4,41.0,152.4,41.3,37.9,13.5,20.9,62.5,177.3,53.5,41.7,46.4,76.2,76.9,35.2,39.8,113.2,108.3,26.2,16.9,4.4,69.0,16.7
23.3,42.4,33.2,50.3,96.8,41.0,143.3,94.2,100.0,87.7,74.7,65.7,77.7,26.4,21.3,56.0,33.2,42.6,43.9,39.2,45.4,5.7,38.6,41.6,141.8,45.4,34.4,16.5,23.0,56.9,167.6,58.9,41.4,47.4,78.4,77.3,31.7,37.9,105.3,98.7,31.0,18.6,5.6,72.7,16.8
23.9,37.7,34.4,48.0,98.6,37.7,161.3,99.2,102.1,95.2,91.4,63.3,77.3,28.5,21.7,57.5,36.7,40.8,40.0,41.3,57.6,7.3,40.2,43.5,160.5,44.8,38.1,12.4,21.1,62.4,185.3,60.9,43.6,51.0,89.6,91.5,32.9,41.2,121.3,113.0,28.4,15.3,7.3,83.5,18.1
20.9,41.4,32.0,48.3,95.8,35.8,159.7,92.7,95.3,87.9,88.0,61.8,82.3,27.4,21.4,57.8,34.8,36.6,37.4,39.7,52.8,6.4,35.9,39.9,157.3,42.3,39.2,15.2,19.6,64.6,182.4,57.6,41.9,52.3,83.9,83.3,32.6,43.1,120.0,109.7,31.8,16.2,10.0,75.7,17.3
22.0,39.5,34.9,48.7,95.4,39.9,148.1,100.2,103.3,88.8,80.4,59.9,75.4,26.9,20.7,55.3,33.4,42.2,42.4,38.3,50.6,5.9,36.8,40.8,148.0,43.3,35.5,14.2,20.4,58.9,172.8,60.2,37.2,44.5,82.1,79.7,32.0,39.8,112.4,104.1,28.1,15.2,7.6,75.4,17.0
22.8,41.7,32.2,50.6,94.7,36.6,146.3,98.5,103.6,93.3,79.5,65.1,77.2,27.4,21.5,60.2,34.8,40.8,42.0,38.6,48.6,6.6,39.1,43.2,145.0,44.3,36.0,15.0,22.4,57.5,171.0,58.7,39.7,46.2,85.5,85.3,34.2,41.2,108.4,101.4,28.8,16.0,6.6,76.4,17.7
22.2,39.3,34.4,48.0,92.0,35.6,153.1,95.8,100.8,86.2,82.1,63.1,73.1,26.7,20.7,55.5,33.3,39.1,38.5,36.6,49.3,7.3,37.9,43.1,151.0,44.0,36.1,12.3,23.5,56.4,177.7,55.2,45.1,50.2,76.2,75.6,36.2,41.3,110.6,105.0,30.1,18.2,5.0,69.6,16.9
23.0,39.2,35.7,50.5,104.6,39.9,155.1,103.5,104.7,97.9,84.6,65.7,83.8,28.4,22.1,57.3,35.0,41.6,42.4,42.3,53.8,7.3,40.3,44.3,152.9,45.4,37.9,12.6,23.0,62.1,178.9,63.2,40.5,49.5,87.9,93.8,33.5,43.4,116.5,107.7,27.3,15.3,8.3,87.9,17.0
24.9,38.8,34.7,50.4,104.2,39.4,147.3,110.9,109.8,103.4,76.7,65.1,81.1,28.4,21.9,58.4,36.8,41.4,40.3,41.4,48.4,6.2,38.5,41.7,145.6,44.3,34.7,13.6,22.9,55.9,170.8,62.3,42.8,51.0,92.0,95.9,32.5,41.4,107.0,98.6,30.5,16.5,8.4,91.0,18.7
22.6,39.8,32.1,47.3,93.0,34.8,148.6,90.7,96.3,83.8,80.3,62.5,71.5,26.2,20.0,54.4,34.2,38.7,40.4,38.5,48.3,6.7,34.7,38.1,147.3,40.8,37.1,14.9,22.0,58.5,174.6,56.1,40.8,46.3,75.7,78.3,36.0,41.1,109.2,103.0,29.1,18.3,5.5,68.0,17.2
25.7,41.0,36.8,52.3,104.0,41.7,147.0,114.4,117.5,108.5,76.3,70.2,82.2,30.0,23.9,60.2,36.3,44.2,43.8,41.7,45.9,7.5,41.3,43.2,146.2,46.0,34.9,13.8,24.0,55.5,173.8,63.1,40.1,46.8,97.0,96.5,40.2,46.0,107.9,99.5,28.7,18.4,6.0,95.7,19.2
23.7,39.5,31.9,49.9,100.6,37.5,149.2,98.3,100.3,90.4,81.8,61.3,77.7,27.8,21.7,55.6,33.9,41.8,41.9,40.6,50.1,7.0,34.2,37.5,146.4,42.5,35.2,13.6,23.0,57.5,171.9,64.0,38.1,46.4,86.5,91.0,33.2,41.5,112.0,103.0,28.9,17.0,7.9,77.6,17.2
20.5,38.0,29.8,46.8,93.9,34.6,149.1,92.7,94.5,89.4,82.1,62.2,74.9,25.8,20.2,55.2,32.3,37.0,37.1,37.6,49.6,6.0,36.1,39.3,148.1,41.8,35.6,13.4,20.8,56.9,173.5,53.8,39.1,45.3,84.0,86.9,36.1,42.6,110.7,104.0,28.3,16.9,6.6,68.2,16.8
22.4,38.4,35.4,47.5,94.7,37.7,153.4,98.1,104.0,91.0,88.5,55.9,69.0,29.0,22.2,53.7,34.9,39.9,40.3,35.8,54.6,6.1,38.3,40.6,153.9,44.5,36.1,14.0,24.4,60.2,177.2,57.8,40.2,46.9,79.7,78.4,35.0,41.5,115.4,109.1,27.0,13.6,6.6,75.5,17.3
22.8,41.8,40.7,54.4,107.7,41.9,163.4,107.6,113.3,100.9,91.2,67.8,84.4,29.9,23.2,59.3,36.4,44.6,44.0,42.5,55.1,6.6,42.7,45.7,162.6,49.4,39.4,14.5,23.2,66.8,187.3,66.1,42.0,50.9,94.3,94.4,35.5,45.1,123.1,114.1,29.7,15.0,8.8,102.6,18.9
22.5,41.0,32.0,48.8,87.9,37.4,145.5,96.8,98.8,91.1,82.5,56.5,67.9,24.7,20.0,57.5,31.9,38.8,39.7,35.6,48.3,6.1,35.3,39.1,145.2,43.3,35.9,14.6,21.2,59.2,169.7,52.0,37.4,43.0,76.5,73.4,31.9,37.6,109.2,103.7,26.6,15.8,5.9,64.9,16.0
22.9,39.5,33.2,47.2,96.2,37.9,152.1,95.4,97.7,85.5,86.6,65.2,76.3,28.2,21.2,57.1,35.4,43.1,43.0,40.5,51.5,6.3,35.9,39.5,150.1,41.4,37.0,14.9,23.4,61.6,175.8,57.3,38.6,44.9,79.1,82.4,32.1,39.9,114.6,107.9,27.2,14.8,6.4,74.9,17.9
23.3,38.3,35.2,48.9,99.4,38.0,158.0,103.1,105.3,93.1,87.6,66.4,75.4,27.7,21.2,56.0,34.9,39.1,40.0,41.1,53.2,7.1,36.6,39.6,157.3,46.4,38.8,15.4,20.9,62.6,181.7,63.2,42.8,47.7,84.0,89.8,37.8,42.6,118.0,111.3,29.3,17.0,6.0,83.0,16.7
23.2,42.5,37.8,54.5,111.4,42.3,163.8,117.1,117.5,108.8,90.1,69.1,87.4,29.8,22.2,57.9,35.9,44.0,44.2,42.8,55.9,7.6,38.8,42.5,162.6,47.1,38.7,17.4,25.2,63.0,187.0,68.9,43.5,53.0,101.3,105.1,36.5,46.6,122.3,111.6,29.5,16.5,9.9,104.9,18.1
24.1,42.0,34.7,53.3,105.9,39.2,163.2,103.7,108.8,97.2,87.2,73.8,84.9,30.0,23.5,55.9,37.4,41.6,40.7,42.9,54.9,6.9,37.3,39.5,162.9,47.2,38.1,14.9,23.1,64.9,186.8,64.6,46.1,51.9,89.6,93.7,37.9,43.6,120.3,113.5,31.0,18.7,6.5,93.5,18.3
21.0,40.1,28.9,46.0,97.8,35.6,154.6,93.4,96.5,87.5,84.4,59.8,77.4,26.0,20.1,55.7,33.6,36.0,37.9,38.2,49.5,5.6,35.6,39.6,152.6,41.5,37.5,15.0,20.3,62.7,178.4,57.3,42.1,51.6,80.8,82.6,34.2,44.2,115.1,105.9,30.4,16.6,8.9,70.9,16.9
23.0,39.7,34.3,49.0,100.0,39.5,153.5,103.7,106.2,96.4,81.5,68.5,80.1,28.8,21.7,56.7,35.0,42.8,42.7,39.6,50.0,6.0,37.5,41.0,150.8,45.4,36.2,14.0,23.1,59.8,176.3,62.6,44.6,50.1,82.7,86.0,36.6,43.2,111.8,105.4,28.0,18.9,5.7,80.5,17.6
24.1,39.9,32.0,49.2,100.8,39.7,152.3,98.4,104.4,92.9,80.5,66.6,84.0,26.8,21.8,58.3,37.1,39.7,40.2,41.3,48.6,6.3,37.3,40.7,151.0,44.1,36.4,14.9,20.5,60.2,174.9,63.0,39.7,48.6,87.6,91.0,33.4,43.0,114.1,104.4,31.2,18.9,9.1,80.4,18.0
21.5,39.6,31.2,48.1,97.9,38.6,151.3,94.8,98.8,88.1,82.5,61.9,78.5,26.9,21.0,57.8,34.7,40.5,40.9,39.3,50.4,6.9,37.3,42.6,150.3,43.3,36.9,15.2,21.7,60.3,175.2,61.9,40.7,49.4,81.3,87.0,32.0,40.7,112.8,103.9,29.2,14.8,8.6,77.6,17.2
21.9,40.3,33.2,48.4,95.1,36.1,155.6,101.6,103.9,95.5,83.8,64.5,80.3,26.9,19.8,56.8,33.7,40.0,42.0,36.5,52.6,6.5,36.8,41.0,155.3,44.0,37.7,15.8,21.6,61.7,178.4,57.3,41.3,49.5,85.7,88.3,31.1,39.0,116.0,108.2,30.0,17.5,8.1,74.5,17.0
22.4,39.6,30.3,46.6,91.8,34.9,152.9,90.5,91.4,86.1,84.9,60.7,73.5,26.1,20.8,56.4,34.3,36.5,38.3,37.6,50.1,6.6,35.8,38.9,152.0,41.5,37.3,15.9,21.7,60.9,176.9,54.2,42.3,48.3,77.9,79.5,34.4,40.9,112.8,105.5,28.8,16.1,6.7,68.1,17.9
24.0,40.1,34.4,51.1,103.5,40.4,153.1,104.3,105.4,96.0,79.1,66.0,84.7,28.8,23.2,57.0,35.3,42.1,41.2,41.3,47.8,6.9,39.0,41.2,152.3,49.5,36.7,14.8,23.5,59.8,177.6,64.6,44.0,53.7,93.5,99.9,37.5,48.4,111.0,100.0,30.1,15.3,10.6,88.3,18.2
21.7,39.4,32.2,46.9,95.8,36.7,148.3,92.8,94.4,90.5,76.8,63.3,76.0,26.6,22.4,56.2,32.9,37.1,38.0,37.0,46.2,6.3,37.7,39.8,147.9,43.6,33.9,13.1,21.5,56.0,173.3,54.6,42.8,50.4,85.1,87.4,34.5,41.9,107.9,100.9,29.8,16.6,7.2,71.8,17.8
23.3,38.9,33.5,47.9,101.2,40.0,156.7,95.5,96.6,88.9,88.0,62.5,76.9,27.4,21.3,55.7,36.0,36.8,39.0,40.0,51.7,6.7,35.0,38.1,154.6,43.5,38.1,15.6,20.0,63.2,178.4,61.2,41.8,49.0,78.8,80.7,32.5,40.2,117.2,109.6,29.9,17.0,7.2,79.9,17.5
22.3,37.4,31.0,45.8,91.8,37.3,148.6,93.1,93.8,88.6,82.7,61.8,74.5,26.4,21.1,57.1,32.9,39.0,40.2,37.7,49.9,6.4,34.5,39.2,146.7,43.2,37.3,15.0,21.5,61.0,171.5,58.3,40.5,48.0,80.8,81.9,31.7,39.5,111.0,103.0,28.7,14.8,7.7,67.8,17.0
22.0,41.3,28.5,49.6,94.9,37.0,154.2,91.8,95.7,86.6,86.4,64.5,73.9,26.4,20.5,54.4,33.9,39.3,40.3,37.5,54.1,6.2,35.5,38.8,153.5,41.8,38.7,16.5,23.6,63.8,177.8,53.8,40.5,45.4,75.1,76.5,32.5,37.5,115.8,110.9,27.9,18.1,5.0,68.7,16.7
23.6,41.4,36.2,52.6,107.8,40.6,152.5,109.8,115.1,102.9,85.4,66.8,78.6,29.5,22.1,58.9,34.4,49.8,47.0,41.5,52.7,6.7,41.5,43.5,151.4,49.6,37.9,15.3,24.0,63.0,175.7,67.8,41.7,48.4,96.7,101.0,34.4,41.9,114.0,105.5,28.6,15.2,7.5,93.3,18.1
21.6,40.6,33.2,48.2,105.9,35.8,155.4,105.1,106.5,99.4,82.5,71.5,81.7,27.6,22.1,56.3,34.1,41.2,43.2,39.2,50.4,7.8,37.7,40.8,153.7,44.4,37.3,15.4,24.2,60.0,178.0,63.3,44.0,49.5,90.6,95.3,35.3,41.7,114.7,108.8,28.8,21.1,5.7,83.5,18.0
22.0,38.5,28.8,44.4,87.1,35.0,155.0,88.3,94.5,82.7,88.7,58.2,68.8,27.1,21.1,56.5,35.8,39.0,40.0,37.3,53.2,7.0,36.2,39.6,154.3,40.4,36.7,14.7,22.0,60.6,179.4,54.2,41.5,47.1,73.4,73.5,37.0,42.9,114.6,108.8,26.8,12.6,5.8,66.1,16.8
23.9,40.2,33.7,49.1,96.4,38.1,150.2,97.6,99.5,93.6,77.5,65.7,80.9,28.8,20.9,58.1,33.2,43.9,44.8,40.4,47.1,7.3,38.6,42.2,148.3,45.4,34.8,14.3,21.6,56.9,175.2,59.6,41.4,49.3,80.4,82.0,34.9,42.5,109.3,101.9,29.8,15.7,7.6,76.5,17.3
21.6,40.5,26.8,45.7,92.0,35.8,155.9,91.2,93.4,83.7,82.5,61.5,76.6,26.2,21.8,60.2,34.5,39.4,41.8,38.1,49.5,6.5,36.8,40.2,154.5,43.1,36.9,15.6,22.2,61.3,180.5,51.2,43.5,50.8,71.8,75.0,35.2,43.4,113.7,106.3,30.2,18.3,7.1,66.0,17.2
22.2,39.2,33.3,49.7,101.6,37.6,158.0,96.7,103.2,89.5,93.3,65.3,73.4,28.0,21.2,55.5,34.7,39.2,40.5,40.2,56.4,6.4,34.8,38.4,157.8,44.3,39.5,14.5,21.6,65.5,180.3,64.6,39.4,44.2,81.1,85.2,33.1,38.3,120.7,115.0,25.5,16.4,4.9,81.3,16.9
22.8,40.6,37.1,50.7,95.5,37.3,161.7,104.5,107.9,95.4,94.2,63.6,71.0,29.2,23.4,56.3,36.2,44.4,45.0,38.0,57.6,6.5,40.0,45.8,159.7,45.0,40.1,13.7,24.3,66.0,185.5,58.5,40.1,44.6,84.7,84.4,34.7,40.1,122.7,116.8,25.9,14.4,4.8,80.9,18.7
21.9,43.7,30.3,48.0,94.2,35.3,160.9,88.7,91.6,84.3,87.9,63.7,72.8,25.8,22.4,57.9,34.6,39.1,41.0,37.8,52.5,6.9,34.9,37.1,160.5,42.3,38.6,18.5,22.3,63.6,186.4,52.9,46.2,50.7,77.8,80.9,39.6,44.0,117.0,112.0,28.4,20.5,5.1,70.2,17.8
21.6,39.2,29.2,45.8,89.1,34.2,146.3,90.5,94.0,84.5,79.9,58.9,65.6,25.7,20.0,57.1,32.2,34.6,36.5,34.7,47.6,5.9,35.0,38.1,146.3,39.2,36.4,15.4,20.9,56.8,171.4,52.2,43.0,46.7,72.7,74.2,37.5,41.8,104.6,100.7,24.9,18.2,3.9,61.5,16.4
23.6,39.3,37.5,47.3,103.9,39.0,157.2,101.7,102.1,93.6,86.5,63.2,83.1,29.1,21.6,55.1,34.0,41.2,42.1,40.7,53.0,7.4,38.4,42.1,155.5,45.1,37.3,13.7,20.2,60.8,180.3,62.9,41.9,52.5,84.5,93.3,32.0,42.6,117.7,108.1,30.5,16.2,10.5,87.2,17.5
21.8,41.6,32.8,49.9,99.4,39.7,153.9,100.4,101.7,91.3,86.3,69.8,80.3,26.3,20.3,58.0,35.0,42.3,43.0,39.7,53.6,6.1,39.4,42.8,152.8,42.4,38.2,15.5,22.2,64.0,176.2,62.8,42.9,48.3,82.5,85.3,30.1,39.2,114.5,108.4,28.7,18.0,5.7,79.7,16.8
25.3,41.8,35.6,52.6,108.0,42.3,157.6,112.8,115.4,107.0,80.9,78.0,92.8,31.4,22.4,61.4,36.6,49.2,47.4,43.4,48.7,6.8,41.8,44.3,155.6,47.8,36.4,16.5,23.0,58.2,182.3,67.3,44.0,51.6,100.6,104.7,35.5,43.7,116.5,108.8,33.4,21.1,7.9,104.2,19.0
20.6,39.6,31.0,48.9,95.0,35.6,153.7,99.8,105.2,90.3,86.5,59.0,71.7,26.0,21.0,56.8,34.2,41.2,42.1,36.8,51.1,6.5,35.6,39.0,152.4,45.2,37.7,16.5,22.4,60.9,177.9,52.2,39.2,45.5,77.0,77.9,35.2,41.6,115.0,108.4,28.9,16.6,5.9,68.3,16.8
25.1,40.0,33.4,49.5,103.6,41.3,164.7,99.3,103.4,93.6,90.6,72.3,82.2,27.7,21.5,57.3,36.2,42.3,42.7,39.3,56.0,8.1,37.2,40.0,162.7,44.0,38.3,13.9,21.9,63.6,189.4,62.5,44.0,49.0,85.3,91.7,35.9,41.7,123.1,116.7,29.6,21.5,6.4,86.5,17.3
22.9,40.7,37.1,51.8,107.2,39.9,153.8,112.3,112.1,104.2,82.6,66.1,85.9,28.6,21.3,58.7,35.7,43.7,42.4,42.5,52.0,7.3,40.4,45.0,152.4,48.5,38.1,14.3,23.1,62.5,176.2,65.9,40.9,51.4,100.2,104.3,28.6,39.2,116.6,107.0,31.1,16.2,11.0,92.0,18.2
24.2,44.1,41.8,54.0,98.5,40.4,162.7,111.9,118.2,99.9,92.8,68.0,79.3,31.8,22.7,58.3,36.3,43.5,44.0,40.9,56.6,7.8,39.3,41.7,161.2,48.9,38.0,15.9,24.9,62.2,188.2,58.9,44.5,49.9,87.2,87.9,36.0,42.3,122.0,115.5,29.4,17.4,6.0,90.8,18.9
23.3,40.4,31.0,46.6,97.1,37.5,158.0,91.9,96.5,86.3,87.2,62.9,76.1,27.4,21.5,59.1,34.7,40.1,42.1,40.7,53.1,7.2,35.3,39.0,157.4,42.9,37.9,16.4,21.5,63.7,183.6,58.3,42.1,48.5,76.0,81.3,34.3,41.3,117.7,110.6,29.3,19.6,6.8,75.5,17.4
23.2,37.0,30.7,45.3,95.2,38.0,142.3,89.2,93.1,86.2,72.4,61.7,75.1,26.8,20.9,56.0,32.4,40.1,41.8,37.9,44.6,6.5,37.1,40.8,141.3,43.1,33.2,14.1,21.0,54.2,166.0,57.4,42.7,49.5,79.6,80.7,34.9,41.6,101.1,94.4,27.6,17.7,6.4,68.0,16.8
22.4,38.8,32.5,47.3,92.0,38.7,145.5,96.6,99.9,91.6,76.2,57.7,72.9,26.8,21.1,54.8,32.4,40.5,40.3,36.9,46.6,5.9,38.6,41.1,143.6,42.9,35.6,13.9,21.8,58.1,167.3,56.1,40.9,49.7,84.1,85.2,32.7,42.3,106.1,96.5,28.2,15.8,7.3,69.8,17.6
22.9,40.5,31.7,47.9,98.4,37.6,163.5,93.5,97.1,87.1,91.3,66.1,75.5,27.7,21.5,58.8,35.7,38.2,39.7,40.1,53.5,6.5,36.9,39.6,161.0,44.2,40.0,15.6,20.7,67.1,187.1,59.3,46.4,52.4,78.9,84.2,35.1,40.8,120.4,114.4,29.8,18.3,6.1,80.6,17.6
22.4,42.8,34.2,50.3,101.4,38.5,151.8,101.1,103.8,96.6,82.0,60.3,80.6,28.2,21.5,57.5,33.9,44.4,46.0,39.7,49.8,7.3,41.8,44.5,151.7,45.2,34.4,16.5,24.3,56.8,174.6,64.2,42.8,54.6,93.8,98.5,34.6,46.5,111.4,100.6,28.9,12.3,10.2,85.3,17.2
22.9,38.8,33.8,47.3,95.7,37.5,151.8,95.8,100.6,89.1,83.9,64.8,74.3,27.3,20.7,57.1,34.6,38.8,40.1,37.9,51.7,6.7,37.5,39.6,150.8,43.5,36.4,16.1,20.3,59.0,174.9,58.7,42.1,47.1,76.6,78.2,32.4,37.7,112.0,106.6,27.7,18.0,5.0,73.2,17.2
23.3,40.5,34.3,48.8,101.2,39.0,151.0,97.7,101.2,91.3,81.3,63.1,77.5,27.8,21.9,55.9,32.9,37.4,38.2,39.4,48.6,6.7,37.4,40.1,150.0,45.9,36.2,14.8,21.5,58.5,173.0,60.6,41.9,49.4,85.5,87.8,34.8,42.5,111.6,104.0,31.0,19.2,6.4,80.6,17.3
21.5,36.8,32.9,45.4,100.2,38.3,154.1,93.9,96.9,91.8,88.7,65.1,81.5,26.6,21.7,57.7,34.1,35.5,36.9,38.1,52.0,6.3,37.7,39.7,153.3,43.4,38.0,14.2,20.8,63.1,177.2,62.1,39.1,47.1,83.4,88.2,31.3,40.2,119.0,110.0,29.8,14.4,7.8,79.4,17.1
20.0,37.1,30.0,45.3,89.5,33.5,138.4,86.5,92.2,82.9,71.3,59.0,66.8,24.7,20.1,56.0,31.8,36.3,37.0,37.3,44.5,5.8,37.1,40.5,138.0,40.2,32.0,14.5,19.2,54.0,162.9,53.7,43.3,47.1,74.8,75.1,35.3,39.8,97.1,92.2,25.5,16.2,4.1,60.3,16.6
21.2,37.2,30.9,46.4,90.0,34.5,142.0,92.9,95.5,86.6,76.0,54.1,66.1,26.1,20.4,54.9,30.8,36.3,36.9,34.8,45.4,6.0,37.0,40.8,140.7,44.1,33.5,12.4,21.7,54.0,165.4,52.5,41.9,47.4,75.0,74.5,34.4,40.9,101.7,95.4,26.2,15.0,5.9,60.8,15.9
22.8,41.9,34.0,51.6,101.4,38.2,157.3,103.9,104.1,94.8,89.6,61.8,77.1,27.2,22.5,57.6,35.1,40.6,41.2,41.4,54.1,6.0,37.4,40.4,155.9,47.0,40.0,15.7,22.5,64.6,179.2,63.8,39.6,47.5,90.2,100.6,32.1,40.2,118.5,110.4,28.4,18.8,8.5,87.9,17.2
23.6,41.6,31.5,48.9,97.0,38.5,160.5,92.8,99.4,87.5,90.3,64.4,77.0,26.9,21.6,55.5,37.0,38.7,41.2,40.5,54.3,8.0,37.3,40.4,159.5,42.6,39.7,15.8,23.6,64.9,183.9,57.5,44.3,51.4,79.3,82.2,37.5,44.5,118.7,112.6,28.9,16.8,7.1,76.8,17.8
21.1,38.7,33.4,48.7,96.8,37.5,146.7,103.3,103.1,98.5,82.7,59.4,72.6,26.9,20.7,57.2,32.8,37.2,38.8,37.9,48.2,6.1,36.1,38.2,146.6,44.0,35.6,15.6,22.8,57.7,168.9,59.6,38.9,45.4,84.2,84.2,32.4,40.1,108.9,101.1,24.9,13.9,7.4,74.1,17.5
23.8,38.5,30.0,47.3,96.0,34.6,153.7,95.6,100.0,91.5,84.8,65.0,73.9,27.2,22.5,55.9,36.1,40.6,38.8,38.3,50.5,6.8,36.5,39.7,152.2,42.5,37.0,14.5,23.3,60.6,176.2,54.3,42.1,46.5,78.4,81.3,34.2,39.0,113.0,108.2,27.7,20.0,4.4,69.6,17.4
21.7,38.4,32.5,47.7,94.4,34.6,153.4,95.6,99.2,92.1,84.0,59.7,76.3,27.4,20.1,56.2,32.2,39.9,40.8,38.2,50.4,6.1,37.5,39.6,152.2,44.6,35.8,14.2,21.1,58.1,175.6,56.9,39.9,48.6,84.3,88.5,35.2,45.4,115.7,105.7,29.3,16.0,9.1,74.0,16.2
20.9,38.1,31.2,46.9,93.0,35.8,145.9,95.0,96.4,89.7,80.3,62.4,72.0,25.8,20.1,56.4,33.1,34.8,37.0,37.2,47.5,6.0,34.5,38.0,145.7,41.4,36.7,14.6,21.1,61.3,170.4,54.8,39.1,44.3,80.4,83.1,33.2,39.2,108.8,102.4,27.2,16.2,5.5,67.6,15.8
23.5,41.2,33.3,50.6,104.8,41.1,158.3,101.0,104.7,93.2,86.5,67.8,80.2,29.3,22.7,56.9,35.2,44.1,45.5,41.3,53.3,7.2,41.1,43.7,156.7,44.0,37.3,16.0,22.9,61.6,182.6,62.6,42.5,48.9,83.0,85.7,36.3,42.3,116.7,110.2,30.3,18.3,6.4,84.6,18.3
21.9,43.7,33.9,51.3,96.9,37.6,149.4,109.5,112.5,99.1,80.7,60.8,84.5,28.0,22.7,58.9,34.2,43.4,44.5,37.6,48.8,6.4,39.8,44.0,149.0,45.0,36.5,17.8,23.4,57.5,172.3,55.0,40.5,52.8,94.5,96.3,31.1,43.5,112.7,100.4,32.2,14.4,12.2,80.0,18.3
22.1,40.2,31.7,48.7,101.7,38.5,152.4,103.9,105.4,96.9,84.2,62.7,78.6,26.5,20.2,57.0,33.3,38.8,39.6,39.1,49.5,5.7,37.4,39.6,152.5,44.1,37.0,15.6,21.5,59.5,175.7,62.7,41.1,50.0,89.8,95.9,35.6,44.2,113.3,105.2,28.5,17.2,8.9,81.5,16.2
23.7,39.5,34.0,48.2,108.0,41.8,160.5,102.9,104.3,95.5,88.3,71.0,84.4,27.7,20.6,55.8,34.4,44.8,44.8,41.1,53.7,7.3,37.9,41.0,159.3,46.5,38.2,16.4,24.0,62.7,183.4,65.0,43.1,50.3,87.6,90.7,33.3,40.8,119.6,112.3,30.0,17.9,7.2,88.2,17.2
22.8,41.6,30.7,46.3,91.7,36.7,150.4,86.4,91.5,82.5,82.7,60.3,66.7,25.6,21.2,57.9,33.9,37.5,40.3,36.0,49.0,6.5,35.6,39.8,149.0,40.4,34.5,17.2,21.9,57.0,175.1,52.1,44.1,47.6,72.5,75.9,34.8,38.5,108.0,104.7,27.3,17.0,3.2,64.9,17.5
24.9,40.5,37.2,50.2,100.9,41.0,145.2,106.2,110.7,96.6,79.0,65.7,80.7,29.5,20.9,60.6,35.4,43.5,43.2,41.7,49.8,7.2,38.7,41.3,143.8,45.5,34.3,14.9,20.8,54.5,167.8,64.3,39.0,47.3,90.0,90.8,31.1,40.1,108.8,99.8,28.6,14.1,8.5,85.4,17.8
22.2,40.8,34.0,48.4,91.4,36.0,152.3,96.8,102.9,92.7,86.7,61.9,74.5,28.4,23.2,55.8,36.7,39.8,41.7,38.5,52.1,6.2,38.2,42.1,151.8,45.1,38.2,15.3,23.5,60.6,175.8,57.1,37.9,44.5,82.1,78.5,31.7,39.6,114.5,107.8,27.0,15.8,6.5,74.6,18.3
21.2,40.2,33.0,49.1,90.9,34.5,141.5,97.5,99.5,91.2,74.0,59.3,70.7,25.6,20.5,54.1,31.4,41.5,42.2,35.4,44.9,6.4,35.4,39.3,139.4,41.9,33.7,14.8,20.2,55.4,163.8,53.1,39.2,44.8,77.6,79.2,32.4,39.0,104.6,98.2,27.3,17.1,5.3,63.1,16.2
21.1,36.5,27.4,44.0,88.5,34.2,140.0,84.6,89.8,81.6,74.3,61.0,70.9,23.3,18.4,58.6,30.4,35.3,37.1,35.1,45.3,5.7,34.4,37.7,139.4,37.6,33.3,14.3,20.7,53.3,165.1,54.7,38.6,44.3,70.2,72.7,32.8,38.2,102.4,96.9,26.3,15.6,5.2,56.9,14.7
20.4,37.8,29.3,44.4,91.6,33.3,150.2,88.2,91.7,86.1,81.8,61.5,73.8,25.4,20.3,56.0,31.2,36.4,37.3,35.4,48.4,5.8,35.3,39.0,148.1,40.8,35.3,13.7,19.2,58.2,171.5,53.9,42.6,48.8,74.4,75.9,32.7,39.2,110.6,104.8,29.2,16.1,5.8,63.9,15.5
21.9,40.7,31.0,49.5,97.0,38.6,145.6,92.6,96.8,85.5,85.5,58.9,74.1,25.3,20.5,54.1,33.3,41.2,43.6,38.6,50.2,6.1,34.7,38.2,143.5,41.9,38.0,14.9,20.9,62.6,167.1,59.1,36.8,46.7,78.8,87.5,28.1,35.9,111.7,104.5,26.3,14.5,7.6,69.7,15.5
23.1,40.3,35.2,51.0,103.8,40.7,153.5,101.3,104.9,95.7,85.3,66.2,82.3,29.3,22.1,58.6,36.1,39.5,39.9,40.8,50.6,7.1,39.3,42.5,152.1,47.1,37.2,14.2,22.3,61.5,175.4,63.9,39.9,48.4,90.0,91.8,31.2,39.6,114.9,106.8,29.3,14.3,8.2,88.0,17.7
24.5,40.1,37.0,50.5,107.3,41.4,155.6,104.7,110.9,96.7,87.7,67.0,81.1,31.2,23.2,57.5,35.9,40.2,41.2,42.4,53.2,6.7,37.8,41.3,155.3,46.2,38.4,15.7,23.0,61.6,178.6,68.9,40.1,47.5,89.4,92.7,30.6,38.5,118.4,111.2,30.4,16.9,7.2,94.0,18.0
24.5,41.0,40.5,53.7,113.1,42.5,172.4,118.2,117.3,110.5,94.8,73.2,95.6,31.9,22.6,62.7,38.2,42.5,41.6,44.4,56.7,7.4,46.0,49.5,171.2,55.3,41.2,14.9,22.8,65.8,194.2,69.0,45.2,55.6,106.4,108.8,35.5,45.4,129.2,119.8,32.5,16.3,10.3,121.7,20.0
19.7,37.0,30.0,45.5,94.6,33.7,145.6,95.8,100.6,91.5,79.1,68.0,77.1,24.4,19.8,56.0,31.0,38.1,37.9,36.1,47.6,6.5,35.3,37.3,145.9,42.4,35.2,13.7,21.8,57.9,168.5,56.0,37.8,42.9,78.4,80.5,34.4,39.4,109.2,103.9,28.2,18.0,5.0,65.7,15.9
22.4,34.6,30.5,45.2,96.0,37.5,155.3,93.3,97.5,86.6,89.1,60.9,75.9,26.9,19.0,55.4,31.7,33.8,33.3,38.4,53.1,7.3,33.4,35.6,154.8,42.3,38.0,13.4,20.1,62.8,180.4,56.5,39.4,46.9,79.9,89.2,34.5,42.7,117.8,110.1,26.8,16.2,7.7,71.9,16.5
21.5,41.5,32.9,51.6,99.4,37.3,152.5,103.8,106.4,98.6,80.4,64.2,81.9,27.6,21.3,58.4,33.5,41.5,43.3,37.9,48.6,6.4,38.2,41.8,150.9,47.9,37.9,16.1,23.2,58.9,175.9,61.5,41.7,51.0,94.8,94.9,35.0,45.0,112.6,102.8,29.9,15.2,9.4,82.3,18.0
22.5,40.5,33.9,49.6,97.8,38.0,142.5,95.1,98.6,86.0,78.5,64.4,75.1,26.9,21.4,53.5,33.9,39.6,41.4,39.5,46.5,5.7,36.1,40.2,141.0,42.7,35.0,14.4,20.4,58.0,167.1,64.5,37.3,43.2,80.8,80.8,33.4,40.0,106.1,100.3,27.2,15.4,5.9,74.2,16.8
20.9,37.2,31.7,46.1,92.0,36.2,155.0,96.1,95.8,87.9,89.5,65.5,77.2,27.0,21.5,58.1,34.0,35.5,36.9,37.0,53.9,6.7,37.6,41.4,152.8,46.6,39.4,12.5,20.6,65.3,176.9,55.1,40.8,47.0,79.6,78.9,29.9,36.4,117.4,111.5,28.8,18.6,6.3,71.4,16.9
22.9,40.8,34.2,47.5,95.8,37.7,145.4,94.6,97.3,88.4,78.1,66.5,76.4,26.5,21.2,55.3,33.1,38.1,38.8,39.0,47.8,6.4,37.6,40.4,145.0,42.3,33.8,14.8,20.6,55.4,168.3,61.2,41.7,47.0,78.5,82.2,33.7,39.9,106.9,100.4,30.0,17.9,5.3,71.9,17.5
23.4,38.5,31.8,46.0,87.9,39.4,145.8,89.7,93.5,83.4,80.1,63.4,73.9,26.6,21.1,56.8,33.9,41.2,41.7,37.3,48.7,5.9,36.4,38.7,143.8,41.2,35.4,14.2,21.9,57.0,169.2,55.0,39.1,41.9,73.7,74.5,30.2,36.2,109.3,102.8,29.0,18.0,6.1,65.1,17.0
20.6,37.2,33.2,45.2,92.9,35.4,147.8,92.8,94.0,90.0,81.5,55.9,76.5,26.7,20.2,57.5,31.9,35.3,37.5,37.0,49.2,7.0,37.3,39.7,146.9,41.5,35.6,14.1,18.3,58.9,172.2,56.2,38.3,49.1,84.7,87.4,34.1,45.2,111.5,100.5,29.1,12.0,10.2,68.3,16.5
18.7,37.1,27.5,42.8,80.8,30.8,141.1,86.9,88.1,81.5,81.6,51.1,64.1,24.3,20.6,56.0,33.1,28.5,31.3,33.1,49.5,5.6,32.7,34.9,140.5,36.9,34.5,13.1,19.6,54.7,162.8,45.8,36.1,43.4,72.0,70.1,29.0,36.9,106.5,98.9,25.0,12.1,6.8,49.9,15.3
21.3,37.4,30.6,46.3,93.8,36.4,144.1,90.7,93.9,86.5,75.1,63.0,77.1,26.2,20.1,56.1,32.4,38.2,39.3,36.9,47.1,6.5,37.2,39.7,142.3,41.1,34.3,13.3,21.0,54.5,165.9,57.0,39.1,46.5,80.8,81.9,33.0,40.4,106.2,98.3,27.9,16.1,6.8,66.8,16.4
21.9,40.8,32.0,47.1,95.5,38.0,154.8,97.3,97.5,94.0,85.4,65.3,78.1,27.0,20.5,55.7,32.8,36.6,38.3,39.3,52.1,6.6,36.3,40.3,153.5,42.3,35.2,15.2,22.2,58.5,178.4,58.7,40.1,47.2,88.3,89.6,33.9,40.9,116.4,108.8,27.8,17.1,7.3,76.7,16.5
22.3,37.7,33.1,48.0,100.2,38.0,148.7,96.5,97.2,92.2,80.7,64.8,74.9,28.5,22.0,57.7,34.1,37.9,38.4,37.0,48.8,6.7,38.4,41.0,148.3,45.2,35.9,14.0,21.2,55.8,172.7,59.1,40.5,45.8,87.2,88.2,36.8,43.6,109.2,103.0,28.9,17.2,5.7,65.6,18.0
20.7,42.3,33.5,50.8,98.6,34.1,162.2,97.6,102.4,89.4,90.7,64.4,76.5,28.5,21.4,58.1,34.6,41.2,43.2,39.8,54.1,7.6,37.7,41.9,161.0,44.2,36.9,16.7,21.4,61.0,186.9,58.5,44.0,50.4,84.4,88.3,35.9,42.2,120.1,113.6,28.5,16.6,6.2,79.4,18.0
22.8,39.4,32.4,47.4,95.6,39.4,155.0,96.4,99.7,90.7,89.2,61.2,74.5,27.9,20.6,59.0,36.0,36.2,37.9,39.4,53.1,7.0,36.9,39.5,153.0,44.5,37.8,15.2,20.5,60.4,178.8,56.6,38.2,44.9,83.2,80.5,33.5,40.6,118.6,111.3,29.4,17.5,6.9,77.0,17.5
22.3,41.2,30.6,48.0,94.5,34.6,160.0,99.6,102.7,92.4,89.4,63.0,73.0,26.5,22.0,57.3,34.4,40.7,40.7,38.2,53.5,6.4,36.1,37.8,158.5,43.7,38.4,16.7,22.2,61.9,183.0,52.7,45.0,50.9,80.3,81.4,36.1,42.0,118.1,112.1,29.7,16.3,6.1,72.6,16.9
23.0,38.2,33.2,47.8,109.5,39.2,148.2,106.6,100.5,101.1,78.7,69.8,89.2,27.6,19.7,57.7,33.9,38.8,38.8,41.7,47.0,6.3,36.9,38.0,147.2,43.8,34.8,14.0,22.1,58.1,170.1,65.9,41.0,50.5,95.1,104.0,32.5,43.0,110.8,100.8,30.5,17.3,9.9,88.0,16.7
20.2,36.7,34.2,46.0,98.0,38.6,144.3,94.5,98.6,88.9,81.7,65.0,71.0,27.0,20.8,56.9,32.0,35.5,36.7,39.0,49.5,5.7,38.2,40.9,145.0,43.5,34.8,13.9,21.8,59.1,167.0,61.9,38.4,42.0,83.0,84.1,32.5,36.9,108.1,103.4,24.6,18.0,3.3,73.5,16.6
22.0,39.5,33.7,48.6,96.8,37.1,150.9,99.3,101.3,91.1,82.8,63.6,77.0,26.5,19.4,57.1,33.4,38.5,39.6,38.3,50.9,6.2,36.9,39.9,150.2,43.7,36.4,15.2,21.3,59.7,172.9,59.4,41.4,48.4,82.2,85.5,34.0,41.7,111.2,103.7,28.5,14.9,6.8,74.6,16.5
22.7,37.0,33.0,49.3,98.5,37.5,145.7,96.2,99.5,92.3,77.7,67.5,76.8,26.8,20.6,56.5,32.9,37.0,37.4,37.6,48.0,6.9,36.5,39.6,145.6,43.3,34.8,13.1,21.0,55.2,170.2,60.4,40.0,45.3,83.8,88.9,35.1,40.8,107.5,101.5,26.4,17.2,5.4,72.6,16.3
22.5,38.4,33.0,48.6,97.4,38.0,152.2,97.2,100.8,89.6,85.2,63.8,75.4,26.6,21.7,58.1,34.0,39.2,38.8,40.0,51.8,7.5,37.1,39.8,152.1,43.1,35.8,13.9,23.0,59.3,176.2,59.2,38.7,45.7,81.7,84.9,34.5,41.5,114.1,107.5,28.0,14.8,6.8,75.3,16.4
20.2,33.0,31.6,42.8,95.9,34.3,149.0,96.5,95.4,90.6,81.0,65.5,80.1,26.8,21.2,55.9,33.3,36.0,35.1,36.5,50.3,6.8,35.2,36.7,148.2,43.7,36.0,12.0,20.6,59.4,170.6,54.2,37.7,45.7,82.5,87.8,32.8,40.9,112.5,104.3,29.2,17.7,8.1,67.1,16.2
21.4,38.3,33.3,47.6,95.4,37.9,149.0,101.4,102.2,96.9,87.3,61.6,71.0,27.7,21.6,60.4,35.5,36.4,38.2,40.4,53.5,6.9,38.2,41.5,148.9,43.2,37.1,14.1,21.9,61.5,171.1,59.4,36.7,41.7,86.3,83.5,30.2,36.1,113.8,108.3,24.7,12.1,5.1,76.7,17.1
21.0,37.3,30.3,46.1,92.0,35.7,153.2,92.8,95.1,87.9,84.6,62.1,74.1,25.4,20.5,55.5,30.8,32.0,33.9,36.5,49.6,6.2,34.7,37.6,152.7,40.8,36.1,13.9,21.3,59.7,178.6,55.8,38.9,44.6,76.6,77.3,35.6,42.1,114.7,108.4,28.9,16.6,5.5,67.3,16.3
23.7,37.5,31.1,45.1,98.1,38.5,155.8,97.9,103.5,90.9,84.5,71.0,79.0,26.8,21.3,56.3,34.3,41.8,39.5,39.2,51.3,6.3,36.9,40.3,155.2,43.2,37.3,14.2,22.2,61.1,180.6,58.9,43.7,49.0,80.5,83.7,36.3,41.4,114.7,109.3,29.1,20.4,4.6,77.4,16.9
22.8,40.2,35.4,51.7,106.6,38.5,156.1,100.8,106.9,93.5,87.5,69.0,83.4,28.7,22.5,57.1,35.3,39.7,39.8,40.5,51.1,5.7,37.9,42.3,154.0,47.0,38.3,14.2,23.0,58.0,177.7,67.4,41.0,48.6,86.4,91.7,32.7,40.9,116.4,108.5,28.1,17.8,7.3,87.3,17.3
21.0,41.5,31.8,48.2,95.4,35.9,150.6,90.5,97.9,85.6,82.6,64.2,73.7,27.5,20.4,53.9,32.3,42.5,44.6,37.3,48.5,6.2,36.0,40.2,149.0,40.9,35.2,16.7,22.0,58.7,173.7,57.0,41.0,46.2,74.8,77.8,33.7,39.2,111.5,106.0,28.4,19.2,5.5,69.9,16.3
22.7,39.7,39.8,49.9,105.4,38.8,157.1,105.4,106.4,97.3,83.8,73.7,90.3,29.2,21.6,57.4,35.7,37.3,38.8,41.8,51.0,6.7,41.2,42.6,156.0,49.0,37.9,15.5,24.3,60.4,180.4,65.8,39.8,48.6,91.7,94.3,32.4,42.2,118.9,110.4,33.8,21.5,8.4,89.1,18.2
24.1,43.3,36.2,54.0,111.8,41.9,162.1,113.3,115.5,105.9,85.3,73.2,87.4,30.0,21.3,58.2,34.5,49.0,45.8,40.9,52.9,6.4,42.0,45.1,160.6,49.8,39.0,15.6,23.6,63.8,186.4,70.5,44.5,53.0,96.7,104.2,37.4,46.5,119.5,110.8,32.1,17.5,8.7,103.8,18.3
21.4,39.5,36.1,48.4,89.8,37.5,146.4,98.7,103.2,86.3,78.8,62.0,70.9,27.5,20.8,53.6,32.4,37.8,38.2,37.9,46.7,6.1,38.7,39.6,145.9,46.5,34.9,15.3,21.0,56.6,169.8,55.3,40.3,45.3,75.9,75.2,34.5,39.4,106.7,102.1,27.9,17.5,4.4,70.4,17.0
22.7,39.0,30.2,46.1,92.2,37.8,146.7,95.5,97.6,90.0,76.0,60.6,74.6,26.5,21.3,56.6,33.2,39.7,39.7,36.1,47.0,6.2,37.9,40.9,145.2,40.3,34.2,14.6,20.1,57.2,171.0,53.0,43.4,50.4,80.0,80.1,33.9,41.1,106.3,99.2,30.0,17.5,7.0,68.1,17.2
24.0,45.1,35.8,53.9,108.8,41.3,163.8,109.8,112.2,100.4,89.4,71.1,85.6,29.7,22.2,56.8,38.1,42.0,44.1,39.8,56.4,7.1,39.2,44.0,162.5,47.4,40.7,18.2,24.0,68.1,185.5,66.8,44.0,51.7,96.1,97.9,33.0,42.1,122.7,113.8,27.4,17.4,7.6,98.5,18.5
22.6,42.8,39.1,53.2,101.4,39.9,153.4,109.5,112.9,99.0,87.2,63.4,81.0,29.5,22.8,57.9,35.8,44.5,45.5,40.8,52.6,6.3,42.2,45.8,152.2,48.6,36.8,15.2,26.0,61.0,176.7,64.6,40.0,48.8,91.3,90.3,33.5,42.4,116.1,108.1,29.9,15.2,8.8,90.7,18.3
22.5,37.0,31.8,47.0,101.3,37.5,159.9,103.2,101.3,95.6,89.9,65.1,81.6,27.2,21.2,55.2,34.4,39.9,40.5,40.6,53.9,6.3,34.7,37.7,159.1,44.7,39.1,13.4,22.2,64.2,184.2,57.8,40.8,49.0,88.9,92.5,37.5,45.0,119.6,111.5,29.6,17.7,8.1,80.1,17.1
23.1,40.2,33.6,49.4,102.4,40.4,146.6,104.3,100.3,98.4,79.3,72.1,84.0,28.3,21.4,54.4,35.1,40.8,41.1,40.2,48.6,6.5,34.2,37.2,146.3,41.3,34.4,15.0,21.5,57.2,167.5,62.3,39.2,45.9,93.6,95.4,31.2,38.1,109.7,103.4,31.2,19.9,6.2,81.3,17.2
22.1,38.1,30.0,45.8,94.1,35.5,152.2,96.5,100.3,91.1,83.9,60.4,73.2,26.1,21.4,58.0,34.3,38.0,38.7,37.4,50.6,7.2,36.9,38.9,151.8,43.6,37.1,14.9,21.6,58.0,176.4,54.9,43.0,49.2,81.2,84.4,36.2,42.9,112.4,105.8,28.6,14.6,6.5,70.6,17.8
19.9,41.8,31.8,48.4,92.2,33.3,152.3,100.6,102.7,91.3,85.5,57.6,73.4,27.2,20.0,55.8,33.7,39.2,40.3,37.4,52.5,5.3,36.8,40.4,151.3,42.2,37.0,14.5,23.2,62.3,172.4,55.1,41.6,49.8,85.6,84.6,30.6,38.7,114.3,105.9,26.9,12.2,8.1,72.4,16.0
22.9,39.3,33.5,49.7,102.8,38.6,155.8,98.4,100.8,93.7,82.0,69.8,83.0,28.4,23.3,59.2,35.6,39.5,38.8,40.9,51.8,6.5,38.7,41.7,154.4,46.4,38.2,14.4,20.3,63.3,178.6,62.5,45.9,51.9,86.6,89.7,35.7,43.1,113.8,106.7,31.9,15.3,6.7,85.0,18.0
23.7,42.1,30.7,51.7,102.9,39.3,156.2,105.3,109.5,97.5,85.5,69.0,84.3,27.8,20.4,58.9,34.1,45.0,45.0,40.5,52.2,6.5,37.8,40.0,155.5,45.9,36.6,16.4,24.1,59.4,179.5,60.7,41.0,49.1,88.8,95.3,35.9,43.8,117.2,108.3,29.8,16.2,8.2,86.0,17.4
20.7,40.0,33.7,48.7,103.2,36.3,148.6,98.0,100.6,86.8,78.9,69.8,81.2,27.9,20.7,58.0,33.4,35.8,35.8,40.8,47.2,5.5,34.5,38.6,148.0,45.4,35.8,14.8,21.1,61.7,173.1,64.9,39.7,46.9,80.8,85.0,36.1,42.2,109.7,102.5,28.6,14.0,6.9,78.5,16.2
21.5,40.7,30.5,47.7,98.4,37.1,155.0,94.5,98.3,88.5,88.2,66.8,80.5,27.3,20.2,58.8,33.8,36.0,36.7,39.1,53.8,6.1,37.5,40.8,154.6,42.0,37.7,14.2,20.7,61.8,178.1,57.0,40.2,47.5,83.8,85.9,30.4,38.3,117.8,110.2,30.3,17.1,7.6,74.5,17.4
23.3,40.9,35.1,49.3,108.7,40.6,151.5,109.1,109.2,103.8,78.9,66.2,87.4,29.0,21.6,58.3,35.7,41.5,42.2,40.6,50.0,6.0,39.1,42.7,148.8,47.0,37.2,14.2,22.4,59.3,173.8,63.8,40.4,51.4,99.2,103.0,32.8,44.2,113.2,101.8,30.9,14.4,11.6,91.0,18.4
23.0,35.7,33.8,45.7,99.8,37.4,151.7,103.1,105.6,94.9,82.4,62.7,76.1,26.9,20.9,58.5,32.7,40.3,39.6,38.5,49.4,5.5,38.8,40.9,150.8,43.5,36.4,14.0,21.4,60.2,176.3,61.3,43.3,50.9,85.8,88.5,36.4,44.0,111.5,104.2,28.8,16.6,7.9,78.8,16.5
22.9,41.0,32.5,52.1,104.5,40.6,154.3,104.6,104.5,99.0,81.3,64.9,88.2,27.8,20.7,55.8,33.4,39.2,41.4,39.5,49.9,6.3,41.0,43.8,153.8,46.0,36.7,16.0,22.9,59.2,177.5,66.0,42.7,54.3,97.4,103.7,35.6,48.4,113.8,102.1,29.9,12.0,11.5,91.3,16.8
23.2,39.7,33.8,48.7,101.2,37.6,154.2,111.9,109.1,102.4,81.7,67.6,86.3,29.1,22.4,56.9,34.5,41.8,41.7,40.4,49.4,6.5,38.6,40.9,153.0,47.5,37.5,14.3,22.8,59.0,178.5,63.8,42.7,51.8,92.5,96.7,33.5,45.6,114.0,104.5,32.7,16.1,9.2,86.9,17.8
23.0,41.5,33.3,50.5,93.7,38.1,157.8,103.7,107.2,97.6,88.2,62.8,74.8,27.5,21.4,56.5,34.6,41.8,41.8,37.8,52.4,6.2,38.3,42.6,157.0,44.2,38.9,17.9,24.9,64.3,182.2,58.5,42.8,49.1,80.6,80.9,34.6,40.8,116.9,111.1,28.8,18.4,6.4,80.3,17.6
22.2,40.1,33.9,47.8,98.5,36.7,147.0,99.1,100.1,91.5,78.1,63.8,77.0,27.6,20.3,57.5,34.1,40.6,41.9,36.9,46.2,6.4,36.1,38.3,146.3,44.7,34.7,16.0,23.4,54.8,170.2,56.9,41.6,49.3,83.2,83.0,35.5,42.6,107.8,100.9,29.8,15.7,7.6,73.0,17.4
23.4,41.1,32.7,50.1,99.7,40.4,143.3,99.9,104.8,95.6,75.5,61.5,77.1,27.3,21.7,55.4,33.2,39.5,40.4,38.4,45.1,6.2,38.7,40.0,142.5,44.2,35.5,15.5,22.0,57.2,166.1,59.6,37.8,45.9,89.7,88.8,33.5,42.1,105.8,98.3,30.4,16.1,8.0,78.9,17.3
20.7,41.0,32.2,48.8,94.3,32.7,146.9,105.6,104.7,96.2,82.4,65.9,73.7,25.7,21.0,56.7,33.3,43.3,42.8,36.2,49.3,5.7,39.3,43.7,146.2,43.0,36.8,14.3,23.2,60.5,169.5,57.5,38.7,43.3,84.6,85.4,32.3,38.3,109.8,104.9,27.1,19.8,4.3,71.5,17.0
22.0,40.6,30.7,46.8,100.5,35.8,164.8,99.2,99.4,89.9,91.6,66.4,82.8,27.2,20.5,56.9,33.9,39.6,40.2,37.4,55.5,7.5,36.7,40.3,162.9,44.5,39.8,15.9,22.2,65.0,187.3,58.8,43.8,52.5,84.3,83.5,32.8,41.7,124.5,115.5,32.9,16.6,8.8,77.7,16.8
24.1,41.7,36.2,53.0,109.2,41.4,162.4,108.5,116.1,103.8,89.1,71.1,82.7,30.0,21.9,58.1,35.7,43.0,43.1,42.3,53.4,6.9,37.8,40.8,160.9,48.3,39.1,14.5,25.1,64.6,188.6,66.6,43.6,49.3,92.5,96.9,38.0,43.8,120.9,115.3,30.1,20.7,5.7,98.8,18.0
22.2,41.6,32.7,48.6,98.5,37.6,155.7,100.7,101.4,93.5,87.2,65.0,79.6,27.2,20.8,57.4,33.2,43.2,44.5,37.9,52.1,7.0,39.2,41.6,155.5,43.2,36.4,16.1,22.8,59.9,181.9,57.7,41.0,48.7,81.3,81.3,34.4,42.2,117.1,109.8,32.2,16.5,8.0,76.0,17.1
22.6,38.7,35.2,48.7,98.5,39.5,150.3,98.1,102.1,89.8,82.3,62.1,76.8,29.0,21.9,56.2,31.9,37.7,38.3,38.2,49.1,7.1,38.2,40.3,150.0,48.1,36.0,13.1,22.0,60.0,175.5,59.2,39.6,48.0,82.7,84.8,35.4,44.1,111.7,104.7,30.2,16.6,8.2,77.5,17.4
20.9,40.2,31.5,48.6,93.5,35.7,146.3,99.1,102.6,92.2,77.6,64.2,78.7,25.5,20.8,56.3,33.2,39.3,40.2,34.4,49.5,6.3,36.5,39.3,147.1,43.2,34.9,16.1,22.0,58.1,169.2,58.6,37.7,45.8,86.0,89.6,33.1,40.9,110.2,102.3,28.0,17.2,7.2,71.3,16.7
22.6,40.0,32.8,49.1,95.1,38.1,152.1,93.8,99.6,87.2,83.6,66.1,79.9,27.5,22.2,58.1,34.4,40.4,41.5,38.0,50.7,7.7,36.8,39.9,150.7,44.2,37.9,15.3,24.0,59.4,176.1,57.9,40.9,47.6,79.5,78.3,33.5,40.5,114.2,107.7,31.3,19.1,6.2,75.4,17.5
21.5,41.6,32.3,48.3,92.3,38.1,150.5,95.6,100.1,90.0,81.5,61.6,72.2,27.4,21.2,56.3,32.2,43.8,43.5,36.5,48.8,6.6,37.0,41.3,149.1,39.7,35.8,16.8,23.5,59.6,175.5,55.2,42.7,48.8,79.9,78.9,34.2,39.8,110.7,105.7,27.4,17.4,5.5,71.8,17.9
21.5,41.0,31.3,48.6,92.2,35.9,149.1,97.5,100.2,89.3,77.6,64.0,75.8,26.6,20.2,58.4,33.1,45.4,44.7,36.5,48.3,5.4,37.5,40.7,146.8,42.2,37.0,15.7,22.5,59.7,172.0,55.6,40.8,46.8,81.2,80.6,32.0,38.9,110.8,104.1,29.1,18.5,6.3,70.5,17.1
24.0,39.2,33.0,48.7,99.1,41.4,159.5,95.9,99.9,89.7,88.6,63.2,77.2,27.8,23.4,55.9,36.4,36.9,37.8,39.6,53.7,7.1,38.1,40.7,158.5,45.2,39.7,14.8,21.4,65.4,184.2,61.4,41.2,48.6,80.2,83.6,37.5,44.4,118.0,111.0,29.2,18.0,6.3,82.5,18.3
20.0,40.7,30.1,47.6,88.0,32.4,149.7,89.5,97.3,85.9,80.8,59.0,71.7,24.9,20.8,56.3,32.2,40.2,41.7,33.8,49.6,6.1,36.3,40.0,148.2,42.2,36.4,15.6,21.3,59.2,172.7,50.0,41.1,48.1,75.2,78.2,35.2,42.2,109.5,102.9,28.1,17.4,6.8,62.1,17.1
22.8,41.1,33.1,50.1,99.3,38.9,153.5,102.0,105.1,97.3,80.9,65.5,75.3,28.0,21.4,55.7,34.2,40.0,41.2,39.0,49.1,7.4,37.6,40.6,151.3,44.5,37.2,15.1,21.2,58.1,174.9,61.3,44.3,49.4,84.2,87.3,36.4,41.8,111.0,105.5,29.4,19.0,5.6,82.7,17.2
21.7,42.9,34.2,52.7,97.6,37.6,147.1,105.0,107.5,96.7,80.4,63.9,73.0,28.3,21.2,56.5,31.4,45.5,46.5,38.4,48.1,6.6,38.8,40.6,146.0,44.3,35.9,17.8,24.3,58.8,169.3,60.0,41.3,46.8,87.6,87.7,33.5,39.0,107.8,102.0,26.9,18.4,5.6,78.7,17.0
20.1,37.8,29.3,44.5,85.8,32.0,141.6,85.0,91.2,78.5,80.6,57.2,66.7,25.3,20.0,55.7,30.5,37.6,39.3,33.5,47.4,5.9,35.1,37.7,139.9,40.0,34.9,14.6,19.0,57.6,164.7,48.2,37.4,42.7,67.5,68.1,30.4,36.3,105.8,100.3,26.3,16.0,4.8,56.5,15.8
24.7,42.1,31.5,48.3,98.2,40.3,154.6,95.4,97.8,90.1,87.0,61.8,75.6,28.1,21.7,55.1,34.3,39.8,42.3,38.8,52.7,7.8,36.2,40.5,153.1,42.7,37.2,16.5,22.1,62.2,177.3,60.1,42.0,48.9,76.0,81.4,34.2,40.8,115.8,108.6,30.5,19.6,7.1,77.5,18.0
25.2,41.4,35.2,51.6,109.7,44.9,156.9,106.1,108.2,99.1,83.0,67.7,85.5,31.2,23.0,58.3,37.3,41.4,42.0,43.6,50.6,7.1,40.5,43.1,156.4,47.4,38.1,17.5,22.5,61.6,179.6,67.0,43.7,53.2,95.5,101.7,36.3,45.8,115.3,106.4,31.2,17.4,9.0,98.3,18.8
23.1,39.0,33.4,49.5,104.3,37.8,155.4,97.6,103.5,93.1,83.2,69.1,80.3,28.2,22.0,57.4,35.1,36.0,36.9,40.5,49.9,7.2,37.9,40.2,154.2,45.5,36.8,14.3,23.2,59.0,179.4,62.0,42.9,48.5,85.5,90.3,37.3,44.0,115.0,108.0,31.0,18.5,6.0,84.0,17.4
21.8,38.0,33.8,48.0,92.4,36.0,148.4,93.1,97.8,88.4,85.1,62.4,76.0,27.1,21.7,57.0,33.6,33.0,35.1,37.3,52.1,6.4,36.9,39.5,148.9,43.9,36.2,14.4,19.9,60.6,172.6,59.6,37.3,44.6,74.8,75.3,30.5,38.0,112.5,105.0,26.0,13.2,7.2,70.4,16.7
20.9,37.2,32.5,45.1,90.7,34.3,150.5,88.2,90.7,82.9,84.8,58.7,69.7,26.2,21.0,53.9,33.3,36.5,38.3,36.0,50.5,6.6,36.2,39.2,150.0,41.9,35.7,14.8,22.4,57.8,173.6,52.1,40.0,45.6,79.6,82.5,35.3,40.9,112.0,106.4,25.5,15.4,5.2,63.9,16.4
21.4,39.6,32.1,46.9,90.1,34.5,143.2,94.7,97.4,90.5,79.7,57.5,68.5,26.0,21.2,57.3,32.6,40.1,40.8,37.2,47.7,6.7,38.0,39.8,142.2,41.9,35.5,14.8,22.3,58.9,164.9,51.5,38.6,44.0,82.3,80.3,31.3,37.1,106.4,101.0,26.5,16.7,5.6,65.5,17.4
20.8,37.0,30.8,45.3,89.6,36.0,143.7,91.4,95.4,85.9,78.9,58.8,69.6,25.7,19.1,56.1,31.6,37.5,38.2,35.6,47.2,6.9,33.4,36.2,143.0,42.0,33.8,14.7,20.3,56.1,167.4,54.4,38.1,43.5,74.1,73.7,33.6,39.3,106.5,100.1,27.8,16.9,5.0,60.9,15.8
21.3,39.2,34.3,50.2,99.8,37.9,146.5,103.6,104.0,94.0,77.5,66.8,76.9,27.0,20.5,55.7,31.3,42.9,41.2,37.0,44.6,5.5,38.7,43.4,145.7,44.3,35.2,15.0,23.9,57.1,170.3,58.9,41.4,47.4,87.9,93.2,34.4,40.7,108.2,101.6,30.5,20.0,6.1,77.1,16.7
21.4,38.1,31.1,47.8,100.1,37.4,147.9,97.2,98.8,93.6,82.0,63.5,76.3,28.2,22.9,58.5,33.2,36.5,36.7,38.2,50.3,6.7,37.2,40.1,148.9,47.2,37.2,14.8,20.7,60.4,173.7,62.5,39.4,46.3,83.7,88.3,33.0,41.0,111.3,104.6,30.2,16.4,7.6,77.0,17.5
21.2,41.0,33.2,48.1,97.0,37.3,146.8,97.9,98.7,92.1,78.1,66.6,78.6,27.7,21.8,57.4,32.1,36.4,38.5,38.8,48.1,6.5,37.6,39.1,146.0,45.1,36.7,16.0,22.3,60.5,171.1,59.2,40.7,46.8,81.6,85.0,35.7,42.2,109.0,102.2,29.2,17.3,6.1,73.9,17.0
20.4,36.3,33.7,45.3,89.1,35.7,140.2,91.5,94.5,83.9,79.1,55.2,69.2,26.3,20.0,56.2,30.5,36.3,36.5,37.3,47.3,6.0,36.1,38.0,139.8,41.0,34.5,12.7,20.7,56.5,161.5,54.2,37.4,44.8,77.3,80.2,30.0,37.9,104.4,96.8,26.1,15.3,7.5,62.6,16.4
22.6,37.1,31.2,49.3,99.9,39.9,144.9,99.5,102.2,91.9,79.5,68.6,79.5,26.4,20.3,58.7,33.2,44.2,42.8,38.3,47.3,6.2,36.6,39.1,143.9,43.9,35.4,13.7,22.3,58.5,169.4,61.4,37.1,42.9,85.9,91.1,32.6,39.4,109.9,102.8,28.6,19.9,5.9,77.3,17.1
23.1,39.8,41.0,51.2,102.9,41.6,135.2,114.4,117.5,102.6,71.0,69.5,79.6,29.2,20.9,61.5,33.8,42.5,41.9,39.9,45.8,6.1,42.2,45.1,136.4,49.0,32.1,14.0,22.9,52.9,157.7,65.8,34.5,40.0,90.2,91.5,30.4,35.5,102.6,96.8,28.1,18.8,5.6,85.5,17.6
21.6,43.8,33.5,52.9,103.6,36.6,157.5,106.4,109.9,98.0,83.6,66.6,81.1,27.4,20.7,57.4,33.3,45.1,45.2,39.4,50.3,6.5,40.4,42.1,155.5,46.5,38.2,18.0,26.2,62.8,179.3,60.9,43.2,50.2,89.4,93.9,35.5,43.7,116.7,109.3,31.7,17.3,8.6,84.0,17.4
21.9,43.4,36.6,52.6,104.9,36.7,150.9,108.2,112.4,102.6,79.0,68.3,80.5,28.1,21.9,58.1,33.8,42.2,42.2,41.0,49.2,7.5,40.1,41.9,148.8,47.3,37.6,16.9,23.4,61.7,174.6,64.2,44.4,50.3,93.1,96.6,36.6,43.2,110.0,103.3,30.3,18.1,6.6,88.0,18.2
24.3,42.8,36.8,51.3,105.4,41.8,158.3,112.4,112.4,106.9,88.6,64.2,79.6,30.2,23.5,56.4,36.2,42.3,41.6,41.1,53.5,6.6,39.8,42.8,156.8,49.2,38.5,15.3,23.2,64.0,180.8,63.1,42.7,50.1,93.9,96.2,35.2,43.1,118.1,110.5,28.9,16.2,7.7,94.6,19.5
23.4,40.1,33.2,48.7,97.4,37.9,147.9,100.8,103.4,94.6,80.2,61.7,79.1,27.4,21.2,57.1,33.3,42.6,42.6,37.8,50.3,7.0,36.4,39.5,146.2,45.1,36.9,14.6,23.2,60.9,171.2,59.8,39.9,49.7,87.8,86.9,31.8,42.4,110.8,101.4,30.6,16.9,9.9,73.9,17.1
23.5,39.9,35.2,50.9,102.0,40.5,151.1,101.4,104.6,95.0,80.0,69.6,78.5,28.5,21.2,59.2,34.5,45.0,45.3,39.6,48.3,6.9,41.2,43.2,149.9,44.6,34.2,15.5,25.0,54.8,174.0,60.8,44.5,49.4,85.9,88.4,37.6,42.6,109.2,103.5,28.6,18.2,5.0,84.3,17.7
22.8,41.1,33.6,48.9,94.9,38.8,159.4,94.5,99.5,84.8,90.4,60.2,75.3,28.6,20.8,55.5,34.3,41.6,43.7,37.5,53.8,6.2,37.3,40.4,158.0,42.7,37.9,16.3,22.0,62.8,182.9,59.3,42.5,50.5,77.2,78.1,35.2,43.7,119.5,111.3,30.8,15.2,8.1,77.7,17.2
21.9,38.1,33.8,47.5,89.8,36.0,142.1,92.4,97.1,84.1,77.0,60.3,69.1,27.2,20.9,55.7,31.9,37.3,38.0,35.9,46.0,6.9,37.0,38.3,141.5,43.7,35.2,14.8,21.1,56.0,165.2,54.6,39.6,43.9,73.1,74.0,33.9,39.1,104.4,99.5,29.1,18.1,4.7,64.3,16.5
22.7,42.2,33.0,51.3,97.2,37.2,151.8,100.2,104.6,92.8,82.9,60.1,75.5,27.5,21.6,56.4,34.2,40.7,41.7,36.8,49.3,5.6,39.5,41.8,151.3,42.5,37.2,17.3,23.2,60.5,176.3,57.3,41.6,49.2,83.2,83.3,35.0,43.5,111.9,103.9,29.1,15.3,8.4,76.0,17.2
24.4,41.6,37.8,51.5,110.1,43.7,164.0,107.9,110.1,96.8,92.4,72.2,87.5,31.3,23.0,58.8,37.5,44.7,45.7,44.6,56.9,7.0,39.6,42.6,162.2,48.2,38.8,15.8,22.4,64.5,188.8,70.6,41.4,49.8,92.9,96.1,32.8,41.2,125.6,117.0,30.8,16.2,8.3,103.2,18.3
22.2,38.4,31.0,46.2,92.7,36.4,149.2,89.8,92.9,85.8,82.8,57.8,69.7,26.8,21.4,56.4,34.1,37.0,39.5,37.8,49.1,6.5,37.6,40.2,147.8,42.5,35.4,16.6,20.0,57.7,172.5,56.3,43.0,49.2,79.0,80.1,35.0,41.2,109.0,102.8,26.0,15.9,6.3,68.8,17.2
23.7,37.3,37.6,48.8,103.8,39.5,153.0,104.0,106.8,94.9,84.9,65.0,79.3,28.5,21.1,52.7,33.9,42.3,42.0,40.2,49.8,7.9,37.9,40.0,151.9,47.1,36.5,13.6,22.0,60.3,176.2,67.1,38.3,46.5,84.7,87.2,33.0,41.0,115.9,107.7,31.1,15.5,8.2,85.9,17.6
24.0,40.7,33.5,50.0,102.9,40.6,153.2,97.8,103.9,92.5,82.6,63.7,77.9,28.0,21.1,55.3,34.4,39.9,40.5,41.3,50.5,6.9,37.1,40.0,153.0,44.0,36.1,16.5,22.2,58.7,178.2,63.3,40.7,48.7,83.9,84.2,33.4,41.8,114.2,106.3,31.0,17.8,8.0,82.2,17.4
24.4,41.4,36.0,51.9,101.8,42.6,155.0,101.6,105.8,93.9,87.2,65.5,78.8,29.0,21.6,58.5,35.5,41.0,42.9,41.9,52.2,7.7,38.9,41.5,154.3,46.6,37.2,16.2,23.9,60.0,179.8,63.5,39.9,47.5,86.3,91.0,33.8,41.9,116.8,108.8,28.2,17.5,7.6,88.5,18.0
21.1,40.4,31.5,47.8,102.7,37.0,156.4,97.0,101.3,89.6,87.0,62.9,76.3,27.8,20.5,56.7,33.2,38.4,39.1,40.2,51.9,6.9,35.4,38.8,154.8,42.0,38.2,16.3,24.6,63.1,178.8,61.2,43.4,51.2,82.3,85.9,35.7,43.7,115.5,108.9,28.1,17.3,7.6,76.6,16.8
22.8,39.3,34.0,48.9,99.9,38.3,157.2,99.8,102.1,95.2,87.4,67.1,76.5,27.8,21.4,58.7,33.8,38.9,38.6,41.2,53.3,7.3,39.5,40.7,156.3,46.2,39.1,13.9,22.6,61.1,179.6,61.9,41.9,46.9,84.8,87.7,35.4,40.1,117.0,111.6,28.5,20.4,4.6,82.2,17.2
22.1,40.3,32.3,49.4,97.2,37.5,152.5,97.5,102.6,92.6,79.2,66.2,81.0,28.4,22.8,56.5,33.1,40.8,41.0,39.5,47.1,6.5,37.4,39.2,151.6,43.8,35.2,15.3,22.2,57.2,175.8,56.9,44.0,51.1,81.1,84.5,38.0,46.3,111.8,103.6,32.2,20.2,7.6,75.8,18.3
22.7,43.0,36.2,54.9,105.0,39.7,157.0,111.5,113.3,103.9,86.2,70.6,87.0,28.3,20.8,59.6,33.9,46.7,47.1,39.0,53.5,7.0,40.6,43.8,156.7,48.4,38.1,16.2,24.9,62.6,181.4,66.3,38.3,47.4,95.4,98.2,34.3,43.1,118.9,110.7,31.6,18.8,8.6,93.3,17.2
22.7,41.1,33.0,50.4,102.0,38.4,146.8,100.4,103.2,93.5,82.3,68.5,76.1,27.0,21.8,57.1,32.5,41.7,42.3,39.6,49.6,6.1,36.3,37.9,146.9,43.6,36.6,15.7,24.0,59.8,170.0,63.8,38.9,43.4,88.2,91.0,35.2,39.9,109.5,105.8,27.7,18.2,4.5,78.8,16.7
21.8,37.6,32.9,45.1,90.8,35.9,139.7,94.4,97.2,87.8,78.6,57.2,69.4,26.0,19.8,56.4,32.1,35.7,36.8,37.6,46.5,5.8,35.3,38.8,138.7,42.1,33.5,14.2,18.4,54.1,163.3,56.8,37.0,43.2,74.1,72.6,30.8,38.2,104.0,97.1,26.7,15.6,6.5,62.1,16.6
21.6,39.2,32.0,47.8,100.8,37.8,146.8,98.3,98.4,95.0,81.0,66.8,77.6,26.1,21.0,52.3,33.1,41.5,41.2,37.5,49.0,6.3,36.7,39.4,145.3,42.5,37.3,15.8,22.5,61.6,168.4,60.6,40.1,45.8,92.5,97.9,33.8,39.8,109.4,103.0,28.6,19.0,6.3,74.9,17.4
21.5,43.4,32.5,50.7,98.8,39.8,158.9,100.9,108.5,96.0,87.5,64.2,78.0,28.0,21.5,56.9,33.8,40.7,42.0,37.9,51.7,6.4,36.7,39.5,157.4,46.5,38.6,17.0,22.3,62.5,182.3,59.6,41.7,49.4,82.2,85.5,35.2,42.8,118.4,111.3,30.4,19.5,7.4,81.5,17.0
21.3,36.2,29.5,43.3,92.5,35.9,150.8,90.3,94.1,86.5,84.2,61.6,72.0,26.3,20.1,54.8,32.9,34.5,34.8,37.3,50.3,6.3,35.9,37.0,150.9,42.1,35.4,14.2,19.8,56.6,174.6,53.5,41.2,46.1,77.9,80.2,34.4,40.4,112.8,107.5,27.5,19.0,5.8,65.8,16.6
22.6,40.1,36.5,50.5,93.7,37.1,150.6,101.1,104.6,91.8,82.4,64.1,77.0,28.1,21.6,56.4,32.4,38.5,38.0,38.8,49.7,6.3,37.8,40.8,150.1,48.5,36.4,14.5,24.2,58.4,174.6,58.4,40.7,47.9,77.9,77.2,33.3,40.1,112.0,104.9,30.0,18.4,7.7,75.4,17.7
22.3,39.9,33.5,48.5,96.5,38.3,164.8,98.3,102.0,90.9,93.5,58.8,72.5,26.7,20.3,58.2,34.1,35.0,36.1,37.1,56.1,6.7,36.3,39.4,162.9,46.1,38.3,13.7,22.4,63.9,187.6,61.1,44.7,51.9,81.4,80.4,35.0,41.6,122.1,115.1,28.3,16.0,6.8,77.7,17.1
22.4,38.7,33.4,47.3,93.8,35.8,156.9,92.9,100.5,87.7,86.6,61.3,68.4,27.3,22.1,58.3,35.1,40.1,40.8,38.2,51.6,7.2,36.5,39.8,153.8,44.8,38.7,13.8,21.9,61.5,182.0,54.5,46.2,50.2,78.2,80.5,38.2,42.3,112.6,108.6,26.6,18.4,4.0,71.9,17.7
22.5,38.2,32.5,48.1,95.5,40.0,153.4,96.6,101.4,90.4,85.5,60.6,73.5,28.4,21.9,58.3,34.7,38.2,38.6,39.3,50.0,6.6,38.0,40.4,153.2,46.5,36.3,14.6,21.5,59.1,179.8,59.0,41.6,48.7,78.5,83.1,35.8,43.2,113.6,106.9,29.1,16.0,6.8,79.0,17.2
21.4,38.3,33.5,49.1,98.6,37.4,154.1,105.7,107.1,102.0,85.8,62.5,76.9,26.6,21.5,56.1,31.6,41.7,40.7,38.8,52.2,6.6,40.4,43.1,153.7,48.7,38.2,14.0,22.5,63.0,176.2,59.3,42.1,49.2,90.8,93.5,34.2,41.6,115.1,107.7,27.7,16.0,8.2,82.3,17.7
21.2,40.8,35.7,48.7,98.3,36.9,147.7,102.1,104.3,96.3,82.2,61.9,80.7,27.8,21.0,57.1,34.3,39.4,40.1,38.8,50.4,6.9,39.8,41.7,147.6,47.1,35.7,16.2,22.0,57.1,169.6,60.0,39.0,48.7,92.7,94.0,32.3,42.6,111.0,101.2,28.5,13.5,9.1,78.6,17.3
21.2,38.2,32.2,47.1,94.6,36.8,141.3,94.3,98.2,89.4,77.0,56.4,68.6,26.2,20.3,54.9,31.6,38.5,39.6,36.7,45.9,6.1,35.5,38.1,140.4,42.0,33.7,15.4,22.2,55.5,164.3,56.5,39.5,45.4,76.4,77.0,35.2,41.5,102.8,96.5,26.1,15.3,5.8,64.6,16.6
23.9,40.0,36.4,49.7,100.3,39.6,150.7,103.3,104.8,96.7,84.4,61.6,75.3,28.9,22.7,60.2,36.8,39.3,40.3,41.8,52.2,5.7,39.0,40.3,151.4,45.9,38.5,15.5,21.9,66.0,173.6,63.4,40.5,47.2,85.3,85.3,34.4,40.3,112.8,105.8,27.4,16.0,6.6,84.9,18.9
21.8,42.0,33.0,50.4,99.0,37.9,152.3,100.7,103.2,94.9,83.8,60.2,75.8,27.9,22.9,56.3,34.2,39.3,41.9,40.0,51.3,6.5,37.9,40.7,151.6,45.4,36.3,16.4,22.5,59.4,175.5,58.4,41.3,48.7,85.6,88.3,33.7,41.9,113.1,105.1,29.5,17.8,7.5,77.0,17.7
22.9,42.6,31.9,51.4,102.8,39.0,155.7,103.4,105.5,97.3,83.7,71.6,85.7,26.9,21.1,58.7,33.0,44.4,45.9,40.4,51.2,6.7,38.9,42.4,153.6,43.9,38.1,18.0,23.1,61.3,179.1,61.8,41.6,48.9,91.2,95.6,34.6,42.1,116.4,108.1,31.7,20.3,7.5,85.2,17.6
22.5,38.3,37.4,49.4,104.1,38.6,148.0,96.9,103.5,92.7,83.1,69.1,81.4,29.2,22.0,57.2,34.5,38.5,39.4,40.8,52.4,7.2,37.8,40.7,148.5,45.9,36.3,14.5,20.2,58.7,170.0,62.9,36.5,42.5,88.1,89.6,31.0,37.1,112.3,106.3,28.3,17.1,5.9,81.8,17.0
21.3,40.0,32.4,47.6,101.9,37.9,146.0,95.4,97.3,90.3,75.9,62.3,79.4,27.0,20.6,58.8,32.9,37.8,40.9,38.9,47.4,6.9,36.5,39.0,145.4,43.2,35.1,16.8,20.3,56.3,170.5,64.0,39.5,48.8,85.5,92.1,33.4,43.4,107.3,98.4,30.5,16.7,9.6,77.9,17.3
20.5,39.9,31.2,48.4,94.5,34.2,151.0,95.8,97.1,92.8,84.3,60.9,70.1,24.8,18.9,56.0,31.4,34.6,36.4,36.2,50.3,6.9,34.3,36.6,150.8,42.0,35.4,15.2,22.5,58.5,175.2,56.4,41.0,45.6,79.3,78.2,36.2,41.7,111.2,106.8,26.4,17.5,4.5,67.2,16.1
20.3,37.4,36.5,48.8,92.9,35.4,142.5,98.8,102.2,87.2,79.0,61.5,73.5,26.5,20.8,55.1,30.9,40.1,40.8,35.6,46.8,5.8,37.4,40.8,142.2,44.4,33.8,14.4,22.5,56.7,166.0,59.7,36.3,42.4,79.9,78.5,30.3,36.7,108.2,101.4,27.2,16.7,5.9,70.3,16.4
22.5,38.7,35.7,50.7,101.1,39.5,144.4,103.5,106.6,99.0,75.0,65.1,76.8,29.4,21.3,56.9,33.7,39.5,39.5,41.0,44.2,5.9,40.8,42.1,143.7,48.5,34.5,14.5,23.4,55.0,166.6,63.3,42.0,48.3,90.0,91.3,37.2,43.1,103.6,96.2,28.8,15.5,6.7,82.8,17.8
19.8,40.0,29.0,45.4,90.2,34.1,143.6,89.2,93.2,83.8,79.1,56.7,69.3,25.3,19.7,56.6,30.5,36.5,40.0,36.7,47.0,6.9,35.3,38.5,142.9,39.0,33.4,16.7,22.3,55.3,167.7,52.0,39.4,46.1,73.0,73.5,33.2,40.1,106.2,99.7,28.3,15.6,7.2,59.7,15.8
21.0,35.8,31.0,45.0,93.8,34.6,143.7,92.6,94.4,87.5,82.4,54.0,74.7,26.3,20.6,53.9,31.6,35.0,35.7,37.5,49.5,5.9,35.4,38.1,143.3,42.2,36.7,13.1,19.9,62.0,165.2,54.2,35.3,45.4,82.3,84.6,28.8,39.5,109.8,100.3,26.0,12.8,10.6,67.3,16.8
22.4,39.0,29.6,44.9,92.1,36.6,158.9,87.4,91.8,81.5,89.7,66.9,74.3,25.8,20.5,55.8,33.5,37.2,37.6,36.7,53.7,6.9,34.3,36.4,158.3,38.8,38.9,15.3,21.5,63.3,182.8,49.6,43.3,46.6,76.5,77.1,34.6,38.7,117.3,112.8,29.9,21.5,3.2,65.2,16.5
22.9,38.8,32.8,49.7,101.4,38.7,161.9,106.2,107.7,99.6,87.5,65.8,80.1,28.3,22.8,57.0,34.9,39.0,38.3,41.6,55.9,7.7,37.8,40.7,160.8,48.3,40.8,14.7,23.7,64.5,186.2,60.0,43.6,51.3,92.4,98.0,39.0,47.2,118.3,111.0,29.4,18.0,7.1,87.7,18.5
21.3,39.8,32.5,47.7,92.2,36.1,153.7,89.2,93.8,80.6,84.3,62.8,71.7,26.5,20.7,57.4,32.5,41.3,42.6,38.2,50.5,6.9,37.3,39.1,151.0,42.3,37.5,13.9,22.7,62.3,177.4,52.7,43.1,48.5,72.8,75.3,34.4,39.8,111.7,106.8,28.0,16.3,6.2,68.4,17.1
22.5,39.1,34.5,48.8,93.3,39.8,148.6,93.8,97.3,88.1,82.7,59.0,72.8,28.2,21.3,57.1,33.6,37.0,39.0,39.3,50.9,6.3,38.1,39.2,148.5,45.3,35.5,14.3,20.5,58.0,171.4,59.7,38.1,46.0,82.9,82.4,34.5,42.7,111.0,102.3,27.5,12.7,7.5,77.2,16.7
22.2,39.8,32.4,48.4,93.1,36.2,144.9,94.9,99.5,89.2,75.9,60.6,70.4,26.8,20.6,57.2,33.0,38.1,39.7,37.3,45.9,6.8,37.8,40.2,145.1,42.7,34.5,15.5,23.1,53.2,168.2,52.8,42.3,47.9,77.6,78.1,34.6,40.5,104.4,98.7,27.3,18.0,5.8,68.5,16.7
22.2,40.0,33.0,48.7,95.8,37.8,142.4,95.3,100.8,89.2,78.4,62.1,73.7,26.2,21.8,58.0,34.6,42.8,42.5,37.9,47.7,6.0,36.0,39.5,141.8,42.7,34.8,15.2,20.7,57.9,165.3,58.7,38.1,43.9,80.2,81.5,32.3,37.5,106.5,100.9,27.0,17.6,5.9,70.3,17.2
24.5,42.7,33.5,50.8,101.8,42.3,154.0,103.6,106.6,98.3,82.5,73.2,79.8,28.0,22.7,59.1,34.4,43.0,44.0,40.7,50.5,6.9,39.2,41.2,151.3,44.5,36.8,15.5,25.8,59.3,176.3,60.6,43.8,48.3,95.2,95.5,36.8,41.4,113.4,109.4,28.5,20.8,4.6,86.8,17.8
22.4,40.3,37.5,50.4,97.7,38.2,148.0,99.9,103.4,88.5,78.3,66.0,79.4,29.2,21.8,55.2,33.2,37.5,39.8,39.2,49.8,6.0,38.5,41.4,147.3,45.0,34.9,15.0,23.1,57.5,171.5,62.0,39.1,46.4,84.1,84.5,32.1,39.5,110.4,103.4,29.6,19.7,7.5,78.4,17.2
21.8,38.7,32.1,51.3,98.5,36.8,152.4,108.6,108.6,100.6,82.1,64.7,77.2,27.2,21.1,59.0,35.3,42.8,42.2,40.9,51.1,6.2,37.9,41.0,153.2,46.4,38.7,13.8,23.8,61.2,177.5,56.5,41.3,47.4,90.7,91.4,35.3,41.9,112.2,105.5,29.4,16.7,6.3,82.8,17.3
23.8,41.8,37.0,51.6,104.4,41.2,150.7,99.6,103.3,92.0,82.8,67.5,77.9,28.0,21.8,55.8,35.8,42.0,43.2,40.1,50.3,6.6,37.2,40.0,149.5,46.7,36.3,16.7,22.8,59.6,174.1,62.4,40.7,46.3,88.4,94.7,34.7,40.6,112.1,106.2,28.6,19.4,6.1,84.2,18.2
19.9,36.6,30.8,43.7,84.8,33.1,133.7,87.8,91.5,82.9,74.5,55.6,68.9,24.8,19.9,54.9,30.3,39.4,39.2,33.8,45.0,6.4,34.1,36.5,133.2,40.4,31.9,13.0,22.2,53.5,157.0,51.2,36.8,43.3,74.7,75.0,31.1,38.0,99.9,93.3,24.8,13.5,7.2,55.0,16.0
23.3,41.3,35.0,50.9,103.4,38.6,153.9,99.0,105.4,95.1,83.1,64.4,78.6,28.8,22.4,57.4,34.5,43.5,44.3,41.5,51.7,7.6,40.9,44.2,152.0,46.8,37.2,15.5,24.2,59.5,178.4,62.4,41.8,49.6,88.6,92.3,35.9,44.0,113.0,105.5,30.3,19.6,8.3,83.7,18.1
22.2,37.9,36.0,52.1,96.8,37.0,143.2,105.5,108.7,100.6,78.7,60.1,70.8,27.5,20.3,56.4,32.4,41.7,41.0,38.6,47.0,7.0,36.5,41.5,141.8,47.2,33.8,13.5,21.9,58.3,165.1,59.1,41.3,47.3,94.3,95.5,33.7,40.6,105.0,99.2,26.4,15.9,6.5,76.0,17.3
22.1,37.7,35.9,50.2,100.2,40.1,149.3,105.9,106.4,99.3,80.4,68.2,79.1,30.1,21.8,57.8,33.9,36.2,36.5,39.5,48.1,7.0,37.7,40.0,148.1,47.2,35.0,13.5,22.4,58.2,172.8,61.4,39.8,45.2,86.3,87.7,36.2,41.9,109.7,104.2,27.4,17.3,5.6,82.0,18.0
22.1,38.5,32.0,48.7,94.6,36.0,142.8,100.6,102.5,97.0,79.5,60.6,76.9,26.0,19.8,55.1,31.9,39.3,40.2,34.8,47.7,6.7,36.5,39.4,142.4,44.5,33.9,13.5,22.5,56.7,165.8,56.8,36.2,44.3,85.4,87.2,34.0,43.0,107.8,98.8,28.3,16.1,9.0,69.7,15.8
21.4,35.9,31.7,45.1,94.6,36.1,140.3,97.2,100.4,91.4,75.8,61.8,77.2,25.7,20.0,55.3,32.4,35.2,36.2,37.0,48.0,6.3,36.2,38.5,140.0,43.8,33.5,13.8,20.1,56.9,163.8,56.9,36.3,43.3,80.5,84.0,32.4,40.3,105.3,97.9,28.5,18.4,7.5,65.2,16.4
22.3,41.9,34.5,53.0,108.0,39.3,161.0,114.5,112.5,106.2,87.0,64.0,87.2,29.1,21.8,56.4,35.2,42.3,41.4,41.0,51.6,6.6,38.3,42.1,160.4,49.2,40.2,15.2,22.7,64.1,186.8,61.8,44.0,55.7,94.9,103.7,38.3,50.1,119.7,107.2,32.8,13.7,13.3,95.9,18.6
19.5,39.4,32.0,46.3,93.4,33.1,153.5,96.7,98.7,89.5,85.6,62.5,74.4,26.6,19.3,55.5,31.9,34.5,37.2,36.6,51.4,6.3,36.2,38.4,153.8,45.6,37.7,14.7,21.2,60.2,177.2,56.0,40.8,47.2,79.3,79.4,35.1,41.2,115.5,109.8,28.2,18.0,6.4,68.5,15.8
20.7,38.7,30.5,45.8,92.0,35.3,144.0,89.9,94.1,82.2,80.0,58.1,70.6,26.5,20.2,56.2,32.1,35.3,36.8,37.7,50.1,5.7,35.3,36.4,144.4,41.4,36.3,15.1,21.3,60.1,166.0,55.0,38.5,45.1,73.9,78.1,32.2,39.2,107.5,100.7,26.7,15.3,7.1,62.0,16.6
20.0,37.1,29.2,44.5,87.1,33.8,141.9,87.0,92.1,79.9,79.3,57.2,64.6,24.8,20.3,55.0,31.5,34.1,35.8,33.9,47.5,5.5,33.0,35.0,140.5,38.4,36.0,14.0,19.5,61.0,164.3,53.4,39.0,42.9,71.9,72.0,35.2,38.8,103.3,99.1,23.3,15.0,4.2,57.2,16.0
20.8,37.4,28.7,44.7,94.2,35.0,151.2,92.7,99.2,87.1,82.3,62.0,72.1,26.0,20.6,57.6,34.3,38.5,40.5,37.6,50.2,7.1,36.9,39.1,150.2,42.5,39.5,16.0,21.7,62.6,176.5,52.7,42.3,47.3,77.5,78.8,36.9,42.9,111.2,105.6,28.4,18.3,5.9,65.3,17.2
21.7,39.9,34.5,48.6,98.2,39.1,151.5,101.6,103.6,94.2,82.2,67.4,75.5,27.1,21.8,57.8,34.5,45.0,43.0,39.3,50.3,6.6,37.0,39.3,150.5,44.3,37.2,15.7,22.1,61.4,175.0,59.5,43.4,47.3,85.1,89.5,36.9,41.5,110.5,105.8,29.4,21.1,4.5,77.5,17.3
20.4,40.3,40.7,50.4,103.2,38.5,142.5,105.6,106.8,94.3,76.4,60.5,76.6,28.4,21.3,59.8,31.8,39.0,41.1,41.0,47.6,6.1,35.8,40.4,141.5,47.3,34.4,15.9,22.0,57.4,165.2,60.7,39.8,48.2,92.0,90.7,32.8,41.6,104.6,96.3,28.5,14.7,9.0,84.1,17.3
23.4,39.7,32.3,49.2,98.6,38.3,155.5,97.7,100.9,91.8,83.4,66.6,78.2,26.4,21.3,57.4,35.0,37.2,38.8,38.8,53.2,6.6,38.7,42.7,153.9,44.2,37.5,13.3,20.9,61.3,179.8,60.0,42.7,49.2,86.0,89.9,35.2,42.0,114.2,108.2,30.1,17.8,6.8,80.3,18.1
23.0,42.1,36.7,51.5,104.9,41.7,151.0,98.5,103.2,89.9,80.9,66.5,82.0,30.3,21.9,58.5,35.0,39.2,41.2,41.5,51.0,6.5,41.3,43.6,150.4,48.2,37.5,16.4,22.9,61.3,175.3,66.0,41.4,49.2,86.4,88.3,31.7,40.6,113.0,104.3,29.8,17.5,8.6,86.4,18.5
23.2,43.1,34.3,50.7,102.9,40.6,162.0,103.2,106.6,94.1,91.8,65.8,80.8,29.1,23.1,60.5,37.2,46.5,46.7,41.0,54.9,7.1,39.0,40.8,161.8,45.4,40.2,16.5,24.9,67.2,187.0,62.1,40.8,49.1,90.2,90.0,32.3,40.5,124.9,116.8,30.7,17.1,7.6,91.4,18.6
20.1,39.0,32.7,46.7,95.6,36.4,148.6,92.5,95.0,88.1,81.2,61.2,73.0,26.6,20.8,57.0,33.0,38.3,40.8,39.0,51.2,7.0,36.5,39.0,147.3,41.5,35.1,15.8,19.9,56.4,171.7,59.0,40.2,46.2,79.4,85.9,34.6,41.0,110.2,103.3,27.4,18.6,6.7,69.4,16.4
21.3,39.3,31.2,45.7,91.1,35.3,153.3,89.7,93.8,84.4,86.1,61.9,69.5,26.4,20.6,56.0,31.8,37.2,39.2,36.8,50.2,7.0,35.8,38.3,151.9,43.2,36.8,15.9,20.9,59.2,177.9,53.3,41.9,46.7,75.4,73.9,36.4,41.3,112.8,107.7,27.6,18.6,5.7,65.3,17.0
23.1,40.6,34.5,50.0,100.5,39.0,156.0,102.7,105.1,98.7,84.4,61.6,75.5,28.4,21.5,57.8,35.0,39.3,40.8,40.8,52.6,6.9,38.2,40.9,154.8,46.4,36.4,16.2,20.5,61.6,178.4,62.2,44.0,50.7,88.4,89.4,37.0,45.0,114.5,107.2,28.5,16.7,6.9,85.4,17.9
22.4,42.2,34.5,51.3,93.2,37.0,146.6,99.8,102.1,93.1,83.8,58.8,76.3,27.5,22.2,56.8,35.2,42.0,42.2,38.5,49.4,6.8,38.1,39.9,145.3,44.0,35.7,16.0,23.0,60.1,167.2,54.7,37.1,45.6,87.6,89.0,30.5,39.4,111.2,102.8,28.0,17.1,9.2,74.3,17.8
21.6,38.4,37.0,50.2,104.2,38.9,149.0,103.7,107.1,95.7,83.5,66.3,79.0,28.3,21.2,58.0,34.8,39.6,40.0,41.2,51.3,6.4,39.0,42.6,148.9,46.3,36.2,15.3,20.3,58.8,171.7,67.0,37.3,44.8,86.1,92.5,32.4,39.3,112.5,105.8,28.2,17.5,7.6,85.2,17.5
23.5,40.0,34.0,51.0,101.3,38.3,150.7,104.6,105.8,98.1,80.7,68.9,83.0,28.5,21.3,57.6,33.5,39.2,40.0,39.6,46.8,6.5,39.4,42.3,150.7,42.8,35.2,14.8,23.2,56.2,176.8,62.1,40.9,47.8,88.6,92.3,35.9,43.8,112.2,104.8,31.1,19.0,7.6,84.4,17.0
20.3,39.3,33.7,48.2,95.2,35.4,146.7,95.1,98.5,88.3,81.4,60.8,72.8,27.2,20.1,57.3,32.7,37.0,38.8,37.1,48.5,5.4,37.2,39.7,147.0,44.4,34.8,15.1,23.0,57.5,170.3,56.6,41.5,47.0,78.8,77.2,35.0,41.0,109.1,103.0,26.9,15.4,6.5,70.9,15.9
21.3,38.4,32.2,49.3,97.2,37.0,150.5,96.7,99.8,94.1,82.2,64.8,79.4,27.2,22.1,56.9,33.8,37.5,38.5,37.0,49.1,5.8,37.6,40.9,150.3,46.9,37.0,13.6,20.4,60.7,174.4,57.5,40.5,47.9,86.2,86.7,32.7,40.9,113.7,104.5,31.3,18.7,9.2,74.4,17.6
24.5,38.2,38.2,53.8,113.3,42.4,160.7,114.5,116.2,109.8,88.8,72.8,94.2,31.2,22.1,58.0,36.5,45.6,43.7,45.6,53.8,7.6,43.6,44.8,159.9,51.5,38.4,14.3,24.3,62.4,182.8,72.3,43.4,52.3,101.2,107.4,33.5,44.2,120.5,111.9,33.2,18.4,9.5,108.3,18.9
23.9,41.8,37.8,53.6,108.3,38.9,165.1,111.0,110.1,101.3,91.5,64.1,81.2,30.5,23.5,57.4,34.7,40.2,40.7,41.4,54.1,7.8,41.0,42.3,163.7,50.8,40.8,17.1,22.0,66.2,188.5,69.2,46.7,55.3,92.1,95.5,35.5,46.7,121.8,111.3,30.4,17.1,9.1,98.8,17.8
21.8,36.7,34.0,47.4,98.9,37.2,152.5,95.5,99.7,91.3,83.5,65.4,80.9,27.9,21.1,56.5,33.8,34.5,36.9,38.0,50.1,6.2,37.1,40.2,151.0,43.2,37.6,14.5,20.0,62.2,175.3,60.5,40.7,48.6,83.1,83.9,33.1,41.5,113.9,105.5,28.8,16.0,8.5,77.1,17.3
20.4,35.9,31.2,44.3,89.2,34.2,147.3,93.1,95.4,89.5,84.3,56.9,68.7,26.5,21.8,54.7,33.7,36.1,36.9,37.3,51.0,6.3,35.7,37.1,147.1,42.8,37.7,13.1,21.3,61.0,170.6,54.9,38.6,45.1,73.8,72.7,32.0,38.1,111.5,105.7,27.0,13.2,6.5,65.6,16.9
21.0,37.6,32.2,44.7,91.9,34.2,152.1,91.2,93.1,85.5,85.5,57.8,68.0,26.5,21.5,57.1,32.2,39.7,39.4,37.5,50.2,6.8,35.4,37.3,150.1,42.4,36.8,15.3,20.8,59.6,174.1,54.2,42.5,47.7,76.2,80.2,35.9,41.1,111.6,106.4,26.6,17.1,5.1,65.4,17.2
20.2,37.7,32.8,46.3,95.8,36.1,142.0,94.6,97.9,88.8,77.0,60.1,75.6,26.6,20.7,57.2,31.4,37.5,38.7,38.4,46.8,6.2,39.4,41.9,142.1,42.2,35.5,14.5,22.0,57.3,163.2,59.8,38.4,46.6,84.0,85.7,32.1,41.0,105.1,96.8,28.2,14.3,8.7,70.8,16.9
22.5,36.7,32.5,50.0,98.1,37.6,155.5,106.5,107.2,97.2,81.0,69.8,80.3,27.8,20.3,54.3,33.4,42.3,39.3,38.4,50.6,6.4,37.8,41.2,153.9,47.5,36.8,13.6,22.7,61.4,179.2,56.9,42.7,48.2,89.8,90.0,36.9,42.9,113.8,108.5,30.0,20.5,5.3,81.8,16.9
23.5,41.2,31.5,50.8,100.6,40.1,159.5,101.4,107.7,95.1,87.0,65.9,80.9,27.1,20.7,56.2,35.0,43.8,44.5,41.2,52.2,6.8,37.4,41.8,158.6,41.8,38.0,16.1,22.9,63.4,183.7,61.3,43.8,51.3,86.0,87.8,35.9,44.2,117.8,110.4,31.0,17.4,8.4,82.5,16.9
20.9,40.7,34.5,49.9,90.6,34.7,145.9,96.3,101.2,87.1,84.1,57.7,71.3,26.9,20.8,54.8,32.2,43.5,43.9,34.3,51.3,5.8,37.6,41.1,145.2,43.4,35.7,14.3,24.4,58.8,170.2,54.2,35.9,43.4,75.2,71.5,29.6,37.0,111.7,104.7,27.7,15.5,7.3,64.4,16.6
21.6,38.2,33.3,47.9,97.2,37.8,154.0,98.3,101.5,93.6,84.8,59.8,74.5,28.2,20.9,57.5,33.7,38.5,39.1,39.1,51.1,6.3,38.2,41.5,153.4,45.5,38.9,15.3,21.7,62.6,178.2,59.5,40.1,48.2,87.3,87.6,32.7,41.5,115.6,106.7,27.2,16.4,8.5,79.2,17.7
22.4,37.7,31.5,45.9,93.8,38.5,144.1,93.7,98.0,86.1,78.9,62.0,72.8,26.5,21.6,56.0,34.3,40.0,39.6,37.1,47.3,6.0,38.5,41.3,144.3,42.5,34.7,14.1,22.0,57.0,168.3,57.5,38.2,43.9,79.6,80.4,33.2,39.4,107.7,102.0,28.4,16.2,6.0,70.8,18.0
24.1,41.6,34.2,49.7,94.1,38.9,176.7,96.1,103.0,90.6,106.7,65.0,77.0,28.9,22.2,57.4,39.0,44.2,44.0,40.1,62.0,9.3,37.9,42.9,174.4,46.5,44.6,13.9,21.7,74.5,201.2,55.5,43.2,47.8,77.9,80.0,36.1,41.0,134.8,130.5,28.4,19.3,5.0,84.6,18.1
23.7,39.9,35.8,53.1,106.5,42.0,159.5,114.0,114.9,106.9,86.3,70.4,85.3,29.4,21.5,59.6,35.2,47.3,45.1,42.6,53.5,6.6,41.7,43.9,159.4,49.7,37.1,15.3,24.6,61.9,185.4,65.1,42.9,50.8,100.3,105.1,35.7,43.9,118.7,111.3,30.2,20.3,7.9,101.1,17.8
22.3,39.9,35.2,50.3,100.5,38.1,152.6,103.3,104.6,96.5,83.0,66.2,83.5,28.4,22.4,56.6,34.5,40.6,43.3,38.8,50.5,6.1,39.7,42.5,152.3,45.4,40.0,16.1,24.2,65.2,176.0,64.2,40.7,49.2,87.3,90.8,34.1,43.6,114.6,104.3,28.4,16.1,9.2,85.0,18.0
20.3,41.3,30.2,48.7,92.7,35.4,156.7,98.6,102.9,90.9,87.4,65.8,73.8,26.2,20.9,54.7,32.7,46.3,45.0,35.5,51.5,7.2,37.1,40.3,155.8,42.0,38.7,15.4,23.6,63.6,180.2,49.8,44.7,49.2,82.1,83.2,34.2,39.1,116.2,111.0,27.8,20.0,5.0,69.6,17.4
24.2,40.1,36.0,51.5,106.9,38.5,150.3,107.2,110.9,101.6,81.1,66.1,79.8,28.9,22.1,55.3,34.5,42.5,42.6,41.8,50.8,7.1,39.2,41.5,149.7,45.4,35.9,14.8,23.0,60.3,174.4,65.9,41.3,48.5,93.9,98.7,34.9,42.2,111.2,103.7,27.8,15.7,8.1,88.0,17.5
22.9,40.5,35.0,50.3,106.3,42.0,162.7,101.2,104.7,95.3,92.1,62.7,80.5,29.5,21.9,57.4,36.1,41.2,41.6,42.8,57.2,6.4,39.4,42.3,161.3,48.7,38.5,14.6,23.6,65.1,187.2,67.5,40.1,50.2,89.4,85.2,31.1,42.1,124.0,113.4,30.5,18.1,10.0,93.2,17.8
24.4,40.7,35.2,51.4,102.0,40.9,147.2,107.3,109.0,100.8,79.5,66.6,79.5,27.6,21.2,57.5,33.5,38.0,39.8,40.1,48.5,7.0,38.8,42.0,146.1,47.0,34.8,16.4,21.1,58.5,169.7,61.8,39.4,45.5,90.4,93.5,33.4,40.2,109.8,103.3,29.7,17.3,7.8,83.8,17.5
20.1,39.7,31.2,47.3,95.5,34.3,160.5,87.7,93.2,83.1,87.1,62.7,77.3,26.2,20.7,56.3,31.5,37.4,39.0,36.8,51.6,7.0,35.6,40.1,158.4,43.5,38.4,14.5,21.5,61.6,186.7,56.3,42.6,50.2,77.8,80.5,35.6,43.6,119.6,111.8,31.2,18.8,7.7,71.3,16.5
20.5,36.9,34.5,47.7,93.2,35.4,148.5,100.3,105.4,92.0,84.4,58.0,65.6,26.7,21.5,57.7,33.8,42.2,43.0,37.0,50.2,6.6,38.6,41.5,148.3,42.4,34.6,15.9,21.7,58.6,171.8,57.0,41.3,45.4,79.5,76.2,33.0,37.6,110.3,105.2,25.1,16.6,5.0,72.1,17.6
25.0,43.1,38.7,53.9,114.0,42.1,162.8,116.1,115.1,105.9,88.0,70.2,89.8,30.7,23.0,55.9,35.8,43.5,44.9,43.5,54.8,6.9,40.2,44.3,161.7,49.0,38.3,17.5,22.8,63.0,187.7,71.3,43.7,53.9,98.8,108.7,34.0,43.8,122.4,112.0,32.5,18.8,10.5,106.5,18.6
24.3,38.6,36.2,51.5,106.3,43.0,148.8,106.6,108.8,100.6,80.4,66.0,78.5,29.3,22.1,56.6,35.0,42.5,41.5,42.1,49.9,7.7,40.5,43.6,148.0,47.3,36.8,13.1,23.4,59.7,170.4,63.9,42.4,49.6,91.2,93.3,33.8,41.2,109.7,102.4,29.0,18.1,7.8,85.6,18.7
21.4,41.9,31.5,47.5,91.4,34.9,159.4,92.0,97.9,84.4,89.9,59.0,71.9,26.7,21.6,58.0,32.7,36.0,37.6,36.7,53.3,7.0,37.5,40.1,158.8,42.4,38.2,15.5,21.9,62.9,182.8,52.1,44.8,51.9,78.2,83.5,37.3,44.3,117.2,111.2,28.9,17.5,7.1,70.5,17.4
23.4,41.1,34.7,50.8,102.2,38.5,150.4,99.6,103.7,92.5,81.8,67.9,83.0,28.0,21.4,58.8,34.6,38.8,39.7,40.0,49.3,6.5,37.5,40.2,150.3,45.2,37.5,14.6,22.4,61.2,175.0,62.4,39.5,47.8,86.1,92.9,33.5,42.4,113.3,105.5,30.9,19.3,8.6,81.7,18.1
23.0,41.0,36.5,48.3,100.0,37.1,149.4,93.0,94.5,88.2,80.6,66.8,78.8,28.2,21.0,57.5,34.7,39.0,40.5,42.0,49.4,6.5,37.6,41.5,148.1,45.3,34.2,15.0,21.7,54.8,170.9,60.0,43.1,50.1,84.4,86.4,32.2,39.5,110.3,102.7,29.8,16.1,7.8,77.7,17.8
21.6,38.6,36.0,47.1,90.6,34.7,146.2,97.8,99.1,88.9,79.9,57.8,70.0,28.2,21.4,53.9,31.6,35.7,36.0,36.3,46.9,6.7,37.6,41.9,145.7,45.1,34.9,12.9,20.2,56.2,169.4,53.2,42.4,48.2,79.0,78.2,33.9,40.3,107.6,101.0,27.7,18.0,6.4,66.9,16.8
21.5,37.6,32.0,45.0,91.8,36.1,154.7,93.1,96.2,86.2,85.1,64.0,75.5,26.9,20.8,57.7,34.2,35.2,37.4,38.1,49.5,6.3,38.8,40.5,155.5,44.7,39.6,14.2,21.6,62.5,181.8,53.0,39.8,45.5,74.6,74.2,36.3,42.5,116.9,110.8,32.3,21.7,6.0,70.9,16.8
20.7,41.0,32.9,50.8,96.1,35.3,156.1,100.6,105.4,88.1,88.6,63.2,74.2,26.9,21.4,58.1,33.9,41.7,42.9,37.0,54.6,7.3,37.2,40.8,155.2,44.7,39.8,15.8,22.8,63.5,178.7,58.6,41.1,46.4,81.1,83.8,33.5,39.2,116.8,111.0,26.8,17.3,6.6,73.6,16.8
19.0,38.9,28.0,46.1,85.1,31.8,146.8,85.5,90.4,78.7,82.1,59.0,71.5,24.4,20.4,56.4,31.5,39.4,41.2,34.1,49.0,6.1,34.9,39.0,146.5,37.1,35.0,15.7,23.1,58.7,170.5,49.2,39.3,45.3,71.8,69.0,32.1,38.4,110.3,103.8,28.2,18.7,6.4,56.2,16.0
21.6,41.8,35.2,49.3,100.7,36.1,145.4,96.7,99.8,88.1,82.2,64.6,73.7,27.0,21.0,57.0,35.4,36.8,39.1,38.9,49.5,6.4,38.5,41.4,144.6,42.8,35.8,14.8,21.5,59.0,167.8,60.8,39.2,44.1,79.3,80.1,32.9,37.8,108.8,104.6,26.7,19.0,5.5,74.2,16.9
22.4,38.3,33.6,48.9,98.1,38.5,140.7,97.2,101.7,91.0,75.7,65.7,77.0,25.9,19.7,57.6,31.2,39.1,40.1,37.2,44.6,6.0,36.8,40.3,139.9,46.8,34.6,15.2,23.0,56.0,164.2,60.1,38.7,44.2,82.5,86.4,33.7,39.9,104.0,97.8,28.4,18.8,6.5,72.9,16.3
20.5,34.1,31.7,44.6,87.1,35.3,139.5,91.2,95.7,85.2,74.3,57.9,71.5,26.2,20.6,55.4,30.5,36.6,36.2,35.3,43.3,5.2,36.6,39.4,139.1,41.9,34.2,12.9,19.8,58.2,163.4,50.6,39.4,46.2,75.0,77.1,33.7,41.0,101.7,95.2,28.1,16.5,7.0,61.0,16.8
21.3,39.3,32.7,46.5,93.4,37.1,148.5,98.6,102.4,91.3,81.8,60.8,69.9,27.6,21.4,58.7,34.3,37.8,39.1,38.0,48.5,6.2,36.3,38.6,147.8,43.5,36.5,15.6,21.8,60.3,171.8,55.7,43.5,47.7,77.5,80.1,35.8,40.7,108.6,102.9,26.4,16.8,4.9,71.1,17.9
22.2,39.3,32.8,47.4,95.7,37.5,151.7,94.5,97.8,87.6,81.4,63.3,77.8,27.0,21.0,56.7,32.9,40.8,42.0,38.9,49.2,6.7,39.9,42.6,150.3,43.7,36.8,14.5,21.7,60.0,175.4,57.7,41.0,48.7,82.2,85.8,32.7,40.7,112.2,104.6,30.0,17.6,8.4,73.8,17.0
21.7,40.4,31.6,46.3,96.6,37.1,153.9,90.1,95.2,84.2,82.0,64.2,75.0,26.0,20.4,53.1,31.9,38.5,39.6,38.2,50.8,7.0,37.4,40.3,152.7,42.8,37.1,15.8,21.4,60.2,176.3,58.2,43.4,49.3,76.8,80.9,33.5,39.1,113.2,107.3,28.1,20.1,6.3,71.0,16.8
22.2,39.2,33.2,48.8,94.3,37.0,155.8,97.4,102.1,91.1,86.0,65.1,77.8,26.9,21.1,58.7,33.2,43.5,43.1,36.4,51.1,6.9,38.6,40.7,154.5,42.5,35.7,15.6,21.6,57.7,179.0,56.6,40.8,47.9,86.8,81.9,33.8,41.2,116.7,110.0,31.0,18.4,7.5,76.1,17.3
21.6,37.2,37.0,48.5,99.6,38.5,143.5,99.4,103.4,94.0,78.8,62.3,77.7,27.9,21.7,55.7,34.4,40.1,39.0,39.8,46.9,6.2,37.9,40.5,142.5,46.5,34.4,12.3,21.2,56.5,162.3,62.8,38.6,47.2,89.8,93.5,32.3,41.0,107.5,99.3,27.0,17.1,9.2,78.1,17.4
22.7,43.9,38.5,54.5,103.6,39.5,168.9,109.1,112.8,98.5,98.5,59.0,78.0,31.5,24.7,60.8,36.4,44.4,46.0,43.1,59.2,7.0,42.0,44.7,168.9,50.4,43.1,17.2,25.1,69.6,193.5,63.5,43.2,52.2,89.8,95.0,36.8,46.6,128.0,118.2,30.6,13.5,10.0,100.3,20.4
22.0,40.4,36.0,51.2,100.1,37.0,153.9,102.3,108.0,93.3,82.5,63.2,75.5,29.5,22.1,55.3,34.5,42.6,41.5,40.7,49.9,6.7,40.0,42.4,153.7,46.9,36.7,13.8,25.2,60.2,179.6,61.2,42.8,49.7,83.1,83.4,36.9,43.8,113.0,105.8,28.8,19.2,6.8,82.2,18.0
24.9,41.1,37.6,51.0,107.8,39.7,157.8,107.8,111.6,101.2,87.1,70.7,82.3,30.5,22.6,58.3,35.6,47.6,47.4,41.1,51.3,6.9,43.3,45.8,156.3,49.0,37.9,15.7,24.1,60.0,180.6,64.9,44.6,51.9,92.1,92.3,34.5,41.2,116.2,108.2,30.0,20.9,7.8,94.2,18.3
23.8,41.1,38.5,53.6,109.7,42.1,153.3,116.8,117.5,111.0,82.7,69.1,86.0,30.0,22.7,60.3,35.4,48.1,46.9,43.4,51.2,6.8,41.5,44.4,150.9,47.5,37.9,14.7,24.4,62.3,176.5,69.2,40.4,50.9,102.5,107.6,35.0,44.7,114.3,104.2,30.0,16.2,10.7,101.6,18.8
21.8,40.5,29.8,49.3,92.5,36.7,153.9,90.7,96.1,84.8,89.7,62.2,75.2,25.8,20.2,57.2,34.5,42.0,43.5,37.8,52.7,6.9,35.9,38.9,152.8,42.5,38.5,15.8,21.6,63.0,176.5,55.1,37.8,44.4,77.1,78.6,29.3,35.8,118.0,111.3,30.3,18.9,7.2,71.4,16.5
22.4,39.9,38.8,53.0,111.3,39.1,157.3,110.5,114.3,101.7,87.8,69.9,91.3,31.0,23.2,60.4,36.8,42.4,43.2,40.3,54.8,6.9,42.2,44.5,156.3,52.3,38.0,14.0,22.4,64.2,180.4,69.6,38.0,49.4,99.5,108.5,32.5,43.8,119.9,109.2,29.2,12.2,12.4,100.5,18.7
23.5,41.0,34.7,50.9,103.5,40.8,158.6,102.6,106.8,97.2,85.0,63.2,77.7,28.7,21.8,57.3,34.9,42.3,43.5,39.5,52.0,7.3,40.4,44.8,156.7,47.8,39.1,14.6,24.5,62.7,182.5,62.0,44.3,51.5,88.5,90.7,35.2,42.7,116.0,108.3,29.0,17.4,8.0,87.9,18.2
22.5,40.3,35.5,50.7,103.1,41.4,164.2,107.9,111.6,101.3,93.8,69.4,76.0,29.0,22.4,58.3,35.2,43.7,41.8,40.1,56.4,7.1,37.3,43.0,163.3,48.3,41.0,15.2,23.5,67.7,188.0,63.1,44.5,49.0,88.7,90.1,35.5,40.4,123.0,118.8,28.7,18.1,4.6,83.3,18.0
19.2,37.2,28.7,45.0,83.5,30.5,143.3,84.0,90.5,78.6,82.7,55.9,67.0,25.3,19.4,55.4,31.1,34.8,35.4,33.4,50.0,6.4,33.2,36.3,143.6,39.8,35.5,12.8,20.4,59.2,167.3,48.1,37.2,46.2,68.7,69.8,33.0,38.2,107.6,101.0,25.2,16.0,6.1,52.3,15.7
21.9,40.4,32.3,49.3,97.9,37.9,149.5,93.4,98.7,87.9,78.6,65.0,76.5,27.3,21.7,56.4,33.0,39.2,40.3,37.0,47.5,7.2,38.1,41.5,148.4,44.2,35.2,15.3,23.3,55.9,173.4,56.0,40.8,47.1,81.8,84.6,36.0,42.3,108.7,102.3,28.5,18.2,6.5,73.1,17.4
22.8,39.3,34.2,47.6,96.6,37.2,147.2,96.7,100.4,92.3,80.8,62.8,75.0,27.7,21.5,56.9,34.2,41.1,43.0,38.3,47.4,6.7,37.7,40.6,146.0,46.4,36.5,13.8,21.7,59.3,171.8,58.0,41.6,48.1,79.9,81.2,33.1,39.6,108.6,103.0,27.8,18.6,6.6,74.5,17.4
23.5,39.9,35.0,50.9,99.8,40.9,145.0,105.0,106.1,99.3,74.6,67.0,82.9,28.4,22.9,54.9,33.9,45.4,45.2,40.5,46.2,6.6,37.8,42.7,143.2,46.5,34.0,15.5,22.5,54.5,167.5,61.9,42.5,50.3,91.8,97.4,34.6,42.1,105.0,98.2,29.2,18.6,8.1,84.0,18.0
22.2,39.8,36.9,50.3,104.5,40.0,154.3,99.6,103.3,90.2,86.3,64.4,78.0,29.6,22.2,58.2,34.7,41.5,42.8,40.3,52.5,7.1,42.1,45.2,154.2,46.2,38.9,15.3,22.3,63.3,177.8,67.3,39.7,48.0,87.1,88.4,32.6,40.3,116.8,109.8,29.8,17.9,7.7,88.7,17.8
23.0,42.4,40.0,53.1,108.3,40.4,158.9,107.3,108.8,98.4,90.4,74.3,84.5,31.8,22.5,59.4,37.0,41.3,43.4,42.5,56.0,6.9,38.9,41.2,158.1,49.0,39.1,16.9,23.3,63.5,182.8,66.7,41.3,46.1,92.0,93.1,33.6,39.0,119.7,115.4,29.6,20.5,4.9,97.7,18.6
22.7,40.1,32.6,47.5,100.5,36.7,151.7,91.7,95.5,84.7,82.1,65.7,78.3,27.0,21.3,56.9,33.8,38.1,39.4,39.0,50.1,7.1,37.0,39.8,151.1,41.8,34.4,15.2,21.6,58.1,175.6,61.6,43.0,49.7,80.8,86.2,34.0,40.8,111.3,105.0,30.1,19.1,7.1,72.9,17.1
21.8,40.7,31.7,46.7,94.0,35.6,144.6,91.5,95.8,84.5,77.2,60.2,68.3,26.8,21.6,58.2,32.9,41.0,43.0,35.1,47.2,6.5,37.3,39.0,143.0,39.3,35.2,17.3,23.0,55.7,168.5,52.6,43.8,48.2,75.9,77.3,35.0,39.8,103.2,99.1,26.6,16.9,5.0,65.7,17.4
23.6,42.2,35.2,52.6,104.0,38.8,151.1,104.5,108.8,94.3,83.0,65.9,82.3,28.5,20.1,55.8,35.0,44.4,44.0,38.1,49.8,6.5,38.7,41.0,149.4,46.9,37.4,16.1,22.7,61.5,173.0,61.5,38.2,43.5,91.0,98.1,32.8,42.1,113.6,104.5,29.2,18.3,10.2,85.1,17.7
21.2,41.6,31.2,47.9,92.3,34.9,144.7,94.4,98.5,88.2,81.0,60.6,68.0,28.0,20.7,57.4,31.5,39.2,41.1,36.5,48.4,6.6,38.5,41.0,143.7,41.5,36.0,15.9,21.3,59.4,167.2,52.6,40.4,44.6,79.6,79.9,33.1,37.1,106.7,102.6,26.0,17.9,4.6,66.3,16.4
21.4,41.4,34.2,48.2,95.2,36.0,150.8,100.3,103.6,92.1,89.3,60.1,71.0,27.5,21.8,59.5,34.5,38.1,39.5,37.7,51.3,6.0,38.4,40.4,149.6,44.5,38.0,14.8,22.4,62.2,174.9,58.0,40.2,45.6,81.5,79.5,31.5,37.0,114.3,108.9,27.0,19.4,5.4,75.4,17.7
23.2,38.4,30.4,47.1,92.8,38.8,138.4,89.2,93.4,84.1,75.9,58.6,68.2,26.9,20.5,56.3,32.3,37.2,38.7,36.7,44.6,6.9,36.7,39.9,136.7,41.0,34.9,14.5,22.4,54.4,162.7,55.6,38.7,44.3,75.7,77.8,32.8,38.3,100.3,94.2,27.3,15.3,5.3,66.0,17.2
25.7,40.8,39.8,53.0,111.2,42.9,154.1,110.7,111.2,101.4,84.9,68.8,91.6,31.0,24.0,58.7,37.6,42.5,43.3,43.6,50.9,7.1,39.3,42.2,153.1,50.5,38.0,14.5,24.3,61.8,178.1,67.8,39.6,49.7,99.3,102.4,33.0,45.2,117.0,105.7,33.6,16.0,12.3,100.8,19.5
20.0,38.0,30.8,44.7,85.2,32.4,143.1,84.9,87.4,79.4,79.1,56.5,68.3,25.0,20.6,54.1,30.0,36.0,38.9,33.7,46.3,6.1,34.9,36.5,143.0,41.2,36.8,14.2,21.3,58.0,166.7,48.2,40.7,46.7,67.6,67.9,33.1,39.5,106.2,100.8,28.2,17.9,6.2,54.8,15.6
23.0,41.2,36.8,51.7,103.0,40.1,152.6,102.3,107.8,95.0,82.7,62.8,77.1,30.9,23.3,58.2,35.3,39.3,41.2,41.7,49.7,6.1,40.6,43.2,150.8,46.4,36.7,14.6,25.2,61.5,176.2,65.6,40.6,48.6,90.3,94.1,32.9,41.1,113.5,105.4,30.1,18.7,7.8,88.8,18.9
24.1,40.8,39.0,52.3,104.5,41.0,157.4,114.3,117.6,110.3,84.7,66.5,83.6,29.7,22.6,60.4,35.1,49.8,48.7,42.6,51.8,7.3,42.4,44.4,156.0,48.5,36.7,15.2,25.0,60.0,181.4,65.6,44.9,54.3,103.5,103.9,36.8,46.1,115.0,105.3,28.0,15.1,10.0,101.6,18.9
22.4,39.0,35.6,50.8,107.4,41.0,147.9,104.9,108.5,99.0,81.8,64.0,76.4,29.7,21.8,61.7,35.3,42.1,43.1,41.8,50.5,6.5,39.7,41.6,148.2,47.0,35.5,15.2,22.0,57.6,174.2,60.5,39.9,45.1,88.7,89.8,34.7,41.3,110.5,103.6,27.7,16.6,7.1,86.9,17.9
19.5,38.5,32.9,44.3,89.2,34.0,152.8,87.0,90.1,80.9,86.9,63.0,72.5,25.5,19.8,55.3,31.8,34.0,36.8,37.4,51.8,6.6,34.2,38.2,152.4,40.9,37.8,14.8,21.1,63.5,176.5,52.4,38.5,43.5,72.2,71.8,32.2,37.3,116.0,111.4,29.3,19.3,5.0,63.3,16.0
22.7,41.7,32.5,50.4,97.1,37.9,164.0,98.5,105.1,93.1,93.9,67.3,79.6,27.6,22.6,58.1,36.1,45.4,44.7,39.3,55.2,8.1,38.0,41.7,162.8,44.5,39.2,15.5,24.3,65.0,189.2,56.5,42.5,49.3,85.5,87.8,35.1,42.3,124.0,117.5,30.2,21.1,7.4,81.5,18.2
23.2,40.8,33.8,50.1,106.1,39.2,157.8,105.2,109.8,97.8,89.3,69.3,83.4,27.5,21.0,55.9,36.1,43.3,43.1,41.2,55.2,6.6,36.3,39.4,157.1,46.0,38.5,15.2,22.3,62.7,182.3,64.1,41.8,48.9,88.6,90.1,33.3,41.5,120.5,112.4,31.4,21.0,7.7,85.6,16.9
22.5,37.5,35.1,49.1,102.0,40.1,149.8,100.9,103.9,96.8,82.2,66.8,73.9,28.3,22.1,57.1,33.6,43.0,43.3,38.7,48.3,6.6,39.5,40.8,149.1,45.8,35.5,14.0,22.8,57.9,172.3,63.6,42.7,46.8,83.6,86.2,36.5,40.6,108.8,104.4,27.9,20.5,4.5,80.1,17.7
20.0,41.1,33.0,49.0,92.7,35.8,152.8,95.8,98.7,90.3,86.9,60.0,70.6,27.0,22.1,56.7,33.5,40.0,42.2,37.3,53.1,6.4,38.7,40.9,152.2,42.5,36.7,16.3,22.2,59.5,174.8,56.3,39.2,45.1,81.0,77.4,32.7,39.0,114.6,108.8,27.0,17.0,6.6,71.1,16.4
19.0,37.6,32.5,44.7,86.8,32.1,145.6,86.5,90.9,78.9,82.7,59.2,69.4,26.1,19.5,55.6,31.1,36.2,36.6,34.5,48.7,7.0,35.5,37.9,145.2,41.4,35.5,13.5,22.6,57.0,169.6,51.7,36.9,41.5,68.2,67.5,31.6,37.1,109.6,103.3,26.1,16.8,5.6,57.7,16.3
23.2,38.0,35.7,51.4,102.0,37.8,149.2,111.6,114.0,104.5,78.4,69.0,85.6,28.8,21.2,57.7,34.5,44.8,42.3,40.4,49.7,7.0,39.6,42.3,149.0,48.7,36.1,12.9,24.6,57.0,172.4,63.4,39.3,48.4,95.8,102.1,32.4,42.0,112.4,103.0,31.2,19.8,10.0,88.0,18.0
19.5,35.2,30.4,44.0,82.1,32.6,147.6,90.0,91.9,81.3,86.4,56.2,61.5,24.2,18.8,52.9,30.8,36.2,36.7,32.5,51.1,5.2,32.9,35.9,147.1,38.0,35.7,13.0,21.5,58.5,171.5,46.5,36.2,38.5,70.8,69.7,34.0,36.9,111.1,107.2,23.5,17.1,3.0,54.2,15.7
21.5,38.8,32.0,48.3,95.0,36.0,155.9,92.5,96.1,86.2,84.5,61.0,72.0,27.0,21.4,59.5,34.1,39.0,39.6,36.5,50.6,6.8,38.4,41.5,154.7,43.6,37.5,15.1,23.8,62.4,180.7,53.0,45.6,50.7,74.8,76.6,35.8,41.6,112.7,107.0,29.1,20.4,5.2,72.4,17.0
20.7,35.7,31.7,44.0,92.9,35.5,146.6,88.7,92.6,85.0,80.8,57.7,71.2,25.3,19.7,54.8,32.5,36.1,36.7,36.0,47.7,6.8,35.1,37.3,145.3,41.2,34.7,13.5,20.1,57.1,170.5,56.9,39.5,46.9,74.8,77.5,31.8,39.7,109.3,102.2,28.4,16.8,8.0,64.0,16.1
21.6,36.0,29.0,45.5,99.3,38.1,153.8,101.5,100.6,96.6,83.8,67.4,77.1,27.5,21.7,56.9,33.7,35.5,35.0,38.8,51.4,7.8,36.2,39.6,153.0,43.7,37.5,13.1,21.2,60.6,177.1,55.4,43.3,48.8,84.7,89.5,33.5,40.0,113.6,108.3,27.9,18.8,6.1,76.2,17.4
22.1,41.4,34.6,49.9,100.7,40.6,149.0,94.1,98.3,87.6,80.5,61.8,74.7,28.4,22.3,54.5,32.0,37.0,39.7,39.2,49.8,6.4,39.0,41.2,148.0,47.4,37.6,16.4,22.8,62.9,172.5,62.9,41.3,48.2,86.8,91.1,34.7,42.1,109.8,101.9,27.6,16.9,7.1,80.3,17.5
22.2,38.7,33.7,48.6,102.9,38.7,156.8,96.6,99.5,92.7,87.1,71.9,86.7,27.5,21.6,57.5,34.9,36.3,37.2,39.5,52.8,6.1,39.4,42.8,156.7,45.2,37.8,13.5,21.0,62.1,181.3,67.0,40.0,47.6,87.1,92.3,32.1,42.6,118.4,110.3,29.4,17.6,8.2,85.6,17.6
20.8,37.9,30.9,45.3,89.6,33.7,143.8,88.7,94.4,83.9,79.4,58.5,67.9,26.1,20.7,55.4,33.1,35.7,39.4,36.5,47.9,5.7,36.5,38.6,142.7,42.2,34.5,15.0,21.4,55.5,165.6,56.2,40.0,45.0,70.7,72.0,32.4,38.5,105.7,100.1,26.7,16.5,5.4,60.8,16.8
22.3,38.0,32.6,46.8,96.5,36.5,136.8,95.3,97.4,89.4,72.8,60.3,71.8,27.1,21.6,55.3,32.6,39.5,39.6,37.0,43.4,6.2,38.6,42.1,136.8,44.0,34.4,14.4,22.1,55.4,161.4,58.2,38.6,44.5,82.2,83.5,33.3,40.2,99.9,93.2,26.3,17.6,6.2,69.2,17.6
23.2,40.0,34.2,49.4,102.7,39.5,157.6,96.5,100.0,90.4,87.3,66.8,75.4,27.1,20.6,56.7,34.3,42.0,41.8,39.3,50.4,6.8,36.7,39.2,156.6,43.3,36.0,15.4,19.4,59.2,181.7,60.5,44.4,49.0,77.1,80.6,36.3,41.4,115.8,111.5,28.9,19.2,5.5,80.0,17.3
22.8,41.7,35.5,51.3,103.8,41.5,160.8,97.4,99.7,89.1,93.5,62.5,76.9,29.0,22.4,58.4,35.0,40.6,41.8,40.4,54.7,6.7,38.4,41.0,159.6,46.4,39.4,15.8,23.2,65.6,185.7,67.3,40.6,47.8,81.8,88.5,33.0,40.5,121.9,115.7,29.0,17.4,8.3,90.8,17.5
20.5,36.6,28.6,46.0,87.0,36.1,150.8,95.3,98.5,89.8,85.9,58.9,68.5,26.0,20.3,54.5,32.9,40.1,40.8,35.9,50.7,7.1,36.0,37.1,150.7,41.8,36.8,14.3,22.5,59.6,174.2,51.7,39.4,44.8,79.6,77.7,33.7,39.5,113.6,107.8,28.1,20.3,5.8,63.2,16.3
21.9,40.2,33.0,48.5,94.7,37.7,149.0,95.7,99.7,89.5,81.4,63.0,72.5,27.0,20.8,56.1,34.6,41.4,43.3,37.7,48.9,6.5,37.0,40.8,147.8,43.3,36.0,15.5,23.3,59.2,172.3,55.7,42.5,47.6,78.7,80.7,35.3,41.5,109.0,103.5,28.0,18.7,4.9,73.0,17.4
23.0,38.7,35.1,49.5,104.1,38.2,146.6,97.3,102.4,91.9,80.5,67.0,81.2,28.7,21.9,56.1,33.0,38.6,40.9,39.4,48.2,6.9,39.8,41.7,146.2,45.4,35.7,13.5,22.8,59.3,168.7,63.0,38.1,45.4,86.0,87.9,30.1,38.5,111.2,103.3,28.8,17.3,7.3,80.8,17.2
21.4,40.4,31.8,48.0,93.8,35.0,156.9,95.8,97.3,88.7,88.8,59.4,69.4,27.3,20.1,55.2,34.5,40.3,42.2,38.7,54.1,6.0,36.3,41.2,155.1,42.8,38.5,14.7,22.3,62.0,179.2,56.8,41.5,47.9,78.4,78.8,34.9,40.5,116.0,109.7,27.1,15.4,6.6,71.3,16.8
22.1,39.2,31.8,47.5,95.7,35.2,156.4,97.0,101.7,93.1,87.2,64.4,76.6,26.0,21.1,55.8,33.8,41.0,42.2,37.8,52.3,6.8,38.2,40.0,155.0,42.3,38.8,14.1,21.2,63.3,179.9,54.9,40.4,47.2,84.8,87.5,35.2,42.0,118.5,111.5,29.2,17.7,7.1,74.1,16.9
22.7,41.6,34.8,50.1,102.1,39.0,143.6,106.6,108.0,101.7,77.0,68.1,80.0,27.3,21.8,55.9,34.7,43.1,44.5,36.6,47.2,6.8,40.4,42.1,142.7,45.0,36.5,15.7,24.3,57.7,165.7,63.0,39.6,46.4,92.8,94.5,34.6,41.1,105.9,98.6,28.4,16.3,6.6,82.4,17.7
22.9,42.5,38.0,51.6,100.2,39.1,149.4,101.3,103.2,94.3,83.2,61.7,75.9,29.3,21.1,56.1,34.8,39.9,42.2,37.9,48.8,6.1,38.5,40.1,148.3,45.4,36.1,17.0,21.7,62.2,171.8,62.1,42.0,49.4,83.4,83.4,34.7,42.2,109.8,103.3,28.4,17.3,7.7,81.6,18.2
22.8,39.3,37.8,50.1,104.5,40.3,161.0,109.5,109.5,103.4,85.0,61.8,84.0,28.8,22.0,57.9,35.3,43.4,44.4,42.2,52.0,7.2,41.8,43.5,159.0,47.1,37.2,14.3,24.0,59.0,183.8,64.5,46.1,57.1,101.2,98.3,39.9,52.1,117.4,105.6,30.4,15.8,12.0,96.5,19.0
22.1,38.2,31.9,44.7,95.5,36.6,151.4,88.3,91.9,84.2,81.9,62.7,74.4,26.8,20.4,54.6,34.5,38.4,40.5,37.5,48.9,7.1,37.4,39.7,149.5,42.1,35.5,13.8,22.3,57.6,176.4,56.0,42.1,48.6,77.6,80.3,37.5,44.8,110.9,103.7,28.7,18.3,7.2,69.2,17.1
22.1,38.8,33.8,47.7,92.2,38.5,149.3,96.6,98.9,91.9,83.1,63.5,68.9,27.5,22.5,56.7,33.2,41.4,40.9,36.8,49.0,7.1,37.9,39.8,148.2,45.7,36.4,14.5,24.1,58.7,172.6,54.3,43.1,46.0,82.9,81.9,36.0,39.2,108.5,105.4,26.7,20.6,3.1,70.9,18.3
23.4,43.3,33.0,50.5,102.1,40.8,162.0,96.5,98.8,87.3,93.0,64.8,79.3,29.0,23.1,56.5,35.1,38.0,41.8,40.6,56.2,6.2,38.9,41.0,160.6,47.2,40.4,16.9,23.3,67.5,184.5,64.0,42.5,49.8,83.9,83.1,34.5,42.2,121.4,115.2,28.3,18.8,7.1,85.3,17.8
24.0,39.6,37.2,51.6,108.8,40.9,148.3,106.9,108.3,100.6,79.0,67.0,84.0,29.8,22.3,57.4,33.3,42.2,42.7,41.5,47.5,6.1,42.0,43.7,147.2,49.3,37.1,14.6,23.2,59.3,170.4,67.2,42.0,50.3,94.0,94.9,32.5,41.6,109.7,101.0,30.4,17.2,9.3,90.9,17.7
20.9,38.1,30.7,47.1,98.2,38.0,145.7,101.0,101.1,96.8,80.1,60.4,71.0,26.2,20.7,57.4,33.7,39.9,39.9,39.5,50.6,7.0,37.8,40.0,145.3,43.6,36.3,14.6,21.7,58.4,169.8,60.0,39.9,45.9,84.9,87.1,32.2,39.0,108.9,103.4,27.4,16.9,6.9,74.7,16.7
22.5,39.3,32.5,46.3,91.6,36.9,151.8,91.0,95.7,84.2,81.6,61.8,73.2,28.7,22.9,57.3,34.0,35.5,37.5,37.4,48.1,7.0,37.5,38.5,151.0,44.9,37.7,15.1,22.6,60.1,176.3,52.0,43.1,48.5,75.1,75.2,36.2,42.8,110.5,104.6,30.4,20.3,6.2,68.7,18.1
21.1,38.4,33.9,47.3,98.2,36.8,146.8,98.6,98.6,93.3,79.2,60.3,75.0,27.0,20.7,55.0,31.7,38.8,41.0,37.1,48.5,6.5,36.9,39.7,146.2,42.5,34.8,16.5,22.4,56.0,171.5,60.5,41.5,48.0,83.7,89.8,33.3,41.7,109.2,100.3,28.0,18.1,8.4,73.9,16.3
24.3,43.7,36.2,55.7,103.8,42.1,155.3,114.7,118.6,107.8,82.7,74.4,79.8,29.1,22.3,58.6,36.7,49.1,49.0,42.1,50.1,7.4,42.2,43.7,153.6,48.2,38.9,17.0,27.5,63.8,179.3,64.0,44.9,47.4,95.1,96.1,41.1,44.9,112.8,109.2,30.0,22.3,3.2,99.4,20.4
23.2,39.1,40.8,52.4,106.6,41.8,146.5,106.5,109.4,101.3,82.2,66.8,85.8,31.2,22.3,56.5,34.5,43.3,43.7,40.9,49.4,6.5,42.9,45.9,145.5,48.5,34.2,13.5,22.8,57.2,169.7,67.3,37.2,46.6,96.8,99.4,31.5,40.5,111.3,102.2,28.9,19.0,9.2,93.4,17.5
22.2,40.5,34.7,51.1,102.4,36.0,157.7,101.6,105.3,95.2,89.8,67.0,78.7,29.3,21.3,58.0,35.5,38.1,39.8,39.0,53.6,6.5,37.8,41.7,156.6,47.7,41.7,12.9,22.8,65.0,181.8,60.3,40.2,45.6,83.5,83.3,33.6,40.0,118.9,112.5,29.5,20.1,5.6,81.9,18.0
22.3,41.5,35.8,50.5,98.2,39.1,154.8,106.5,109.9,99.7,84.5,67.0,75.4,30.1,21.9,56.7,36.3,40.0,39.0,41.7,50.0,6.7,38.4,43.0,153.5,47.5,37.1,14.3,21.5,58.3,179.3,61.1,43.6,48.7,83.3,85.7,35.5,40.4,113.1,108.2,28.4,22.0,4.8,85.3,18.5
20.7,42.4,38.0,52.4,105.5,37.1,147.8,109.1,109.9,99.1,80.1,61.3,78.7,29.1,21.0,56.7,34.4,45.0,46.4,39.3,49.9,6.8,40.3,44.1,147.1,44.5,35.8,16.2,23.6,59.5,170.8,63.5,39.8,49.1,97.4,98.8,34.0,43.1,111.7,102.5,28.7,15.0,9.4,89.0,17.0
20.4,36.8,37.0,47.5,99.6,36.1,146.8,100.0,100.6,93.2,81.2,67.0,79.0,28.8,20.8,54.8,33.7,36.1,36.8,40.5,49.6,7.1,36.0,38.6,146.7,43.3,34.8,13.7,20.6,58.5,170.7,61.4,38.0,44.6,84.8,89.8,32.5,40.0,111.1,104.3,27.7,19.5,7.4,76.4,17.2
21.6,38.5,31.5,46.5,102.2,38.8,157.6,95.5,96.1,89.2,89.2,64.1,73.8,28.3,21.1,55.6,34.1,37.6,36.9,40.0,52.4,7.4,36.0,40.2,157.1,45.2,39.0,13.7,23.6,64.2,182.7,62.8,42.9,48.4,75.5,77.8,36.0,40.7,115.7,111.6,27.7,20.9,5.3,79.9,17.4
23.2,37.1,34.3,47.3,103.2,41.0,144.7,101.8,104.8,95.7,80.2,65.1,73.9,28.0,21.2,56.9,33.7,40.3,39.9,38.8,48.5,7.2,37.6,41.2,142.9,43.5,35.0,14.2,21.9,56.1,165.8,63.4,39.4,44.1,87.9,91.4,33.2,38.3,107.7,102.8,26.5,18.6,5.0,79.1,17.0
20.8,42.0,34.2,50.2,98.9,36.9,145.9,100.6,104.5,94.5,82.4,61.2,69.9,28.1,21.2,55.6,33.7,42.0,44.7,37.5,49.5,6.0,39.4,41.9,144.8,42.9,36.9,16.1,24.1,59.6,167.1,59.6,39.0,43.9,81.3,77.3,31.5,37.0,109.1,103.5,24.5,16.8,5.3,65.4,17.4
24.5,38.6,42.4,52.9,122.0,42.7,155.2,119.9,123.0,109.8,84.8,79.1,92.9,30.7,24.1,58.5,38.2,44.0,43.4,44.5,51.5,6.8,43.2,45.3,154.5,51.7,38.5,16.0,23.9,62.7,179.3,75.4,40.0,47.5,103.8,113.7,35.1,43.0,118.1,108.8,29.8,21.5,7.2,117.0,19.0
20.6,37.0,32.0,45.2,92.5,36.0,150.8,93.1,95.3,86.2,83.7,59.9,70.6,27.1,21.1,54.2,34.4,37.3,36.7,37.0,50.7,7.4,36.6,38.8,149.8,41.7,36.4,14.0,21.1,60.6,175.7,56.7,43.9,49.6,79.0,81.2,36.0,42.3,110.0,103.9,27.4,18.5,5.7,68.1,17.6
22.6,35.7,30.6,45.5,97.2,39.3,141.7,97.1,98.2,92.5,76.8,63.8,75.2,26.5,20.2,54.8,31.1,38.6,38.6,38.7,45.8,5.6,37.4,39.4,141.2,42.2,34.4,13.1,20.7,56.4,164.4,56.6,39.6,46.0,83.1,86.1,34.3,41.0,104.4,98.3,26.4,18.0,6.0,70.5,16.8
22.9,38.6,34.7,47.2,99.4,38.8,150.8,93.9,98.8,87.9,82.1,65.2,75.5,28.7,22.0,55.3,35.6,36.3,38.5,40.3,48.4,6.8,38.0,40.4,150.1,45.7,36.1,15.1,20.2,58.9,174.1,60.8,41.1,47.2,79.7,81.3,34.7,41.5,111.5,104.5,30.6,20.1,6.5,78.0,18.2
20.9,36.9,29.2,44.6,91.6,32.6,147.0,90.4,92.6,84.6,80.2,60.4,69.2,25.5,20.6,54.7,32.0,33.4,33.1,36.4,47.8,6.5,35.8,38.8,146.2,40.8,35.6,13.5,22.2,59.1,170.3,50.6,42.5,47.0,75.5,77.8,34.9,40.8,107.0,101.5,27.3,17.6,5.7,61.7,17.4
21.0,37.9,29.8,46.5,93.0,35.1,153.4,92.2,92.9,86.6,88.9,59.7,70.2,26.9,21.5,56.9,34.2,36.5,37.3,37.4,53.0,5.6,35.2,39.8,153.3,42.7,38.9,14.9,20.9,65.2,177.2,55.8,38.0,44.0,71.9,73.8,31.3,36.6,116.7,111.0,26.3,17.4,6.0,68.3,17.3
23.8,40.8,34.5,52.3,102.5,41.3,151.3,100.6,104.6,94.6,80.1,66.2,78.7,29.0,21.8,58.0,33.9,44.3,42.3,39.4,48.0,7.3,38.0,40.6,150.5,44.8,36.6,15.8,24.7,60.5,176.2,63.3,42.6,49.7,86.6,93.2,36.8,43.8,110.7,104.0,29.5,19.7,7.7,86.6,19.0
21.1,36.5,31.5,45.5,89.3,34.6,144.1,90.8,92.1,86.0,79.0,60.0,69.5,25.7,20.2,56.6,31.7,34.2,36.5,35.5,46.8,6.6,36.4,39.5,143.7,41.6,34.7,13.7,19.8,57.0,169.0,56.0,39.8,44.9,75.6,76.4,35.0,40.6,106.0,100.4,26.6,19.0,5.4,63.2,16.7
23.9,41.4,35.1,50.5,103.8,42.7,157.9,100.4,104.3,94.5,87.8,61.2,73.3,27.7,20.7,54.9,34.3,39.4,41.4,41.4,52.9,7.2,38.2,42.2,156.9,45.5,40.0,13.7,22.9,64.8,181.4,65.5,42.1,48.6,85.6,91.5,36.0,42.5,117.5,110.6,27.8,18.7,6.6,85.4,17.4
21.0,39.8,29.0,47.7,92.4,34.2,144.8,91.6,96.1,86.9,81.7,57.5,67.2,27.1,20.6,55.4,32.7,40.5,41.7,35.7,47.0,6.2,36.9,40.3,143.7,40.8,35.8,14.2,21.8,56.6,168.9,53.6,39.4,44.4,79.3,78.1,32.7,38.2,107.6,102.0,26.6,17.7,5.3,65.2,16.2
20.3,38.7,27.8,45.8,90.9,34.0,157.9,86.4,89.4,77.6,87.0,61.4,74.9,25.5,20.5,55.9,33.7,37.6,38.5,36.7,53.1,7.8,36.3,39.4,156.4,42.1,37.8,15.1,20.6,60.7,181.5,51.5,42.7,50.8,73.9,77.0,33.7,42.1,116.7,109.1,31.1,17.7,8.2,65.4,16.5
23.6,37.6,33.6,49.1,102.6,42.4,152.9,100.8,102.9,94.7,81.3,70.5,79.7,27.4,20.9,57.5,33.9,45.0,44.1,39.2,48.4,6.7,38.5,40.5,151.4,44.5,36.7,14.4,23.0,59.7,176.2,66.4,42.8,47.3,85.2,89.9,35.2,40.5,112.8,106.7,28.4,21.7,4.6,86.3,17.0
22.1,38.2,37.2,49.4,102.4,39.9,143.2,99.9,102.7,94.7,79.6,65.4,76.8,28.8,20.5,58.3,33.5,36.0,37.5,39.1,47.6,6.6,39.9,43.9,143.7,47.5,35.1,13.2,22.2,58.4,168.5,64.2,36.1,42.5,87.1,90.9,33.6,40.5,107.7,99.9,26.9,16.8,7.0,82.6,16.8
22.0,42.5,32.8,52.8,106.5,36.4,151.8,103.5,107.3,95.7,81.6,66.8,85.2,28.1,21.2,59.8,33.8,44.5,45.5,40.1,48.6,6.9,39.7,43.4,150.5,45.6,35.7,16.1,24.7,59.9,175.5,63.6,41.0,50.2,88.5,93.6,32.5,42.4,114.1,103.7,32.6,20.9,10.2,85.0,17.7
21.5,40.0,34.2,51.5,102.8,37.6,168.0,109.2,107.8,103.1,89.2,69.1,84.6,29.1,22.3,60.5,34.9,41.4,39.9,41.8,55.9,7.6,41.8,46.2,165.5,48.1,40.7,12.4,24.1,66.0,192.0,60.4,47.6,55.8,99.7,104.5,37.7,46.5,123.7,113.6,29.9,17.4,8.5,98.0,18.3
22.6,38.3,33.8,47.1,98.6,40.3,157.8,95.9,98.0,92.1,91.5,63.9,72.7,27.4,21.1,56.5,34.5,40.0,42.3,40.3,54.8,7.5,38.0,41.5,158.6,44.4,37.9,14.0,21.3,62.3,184.8,59.9,40.0,44.7,82.9,85.7,34.5,40.0,120.3,115.5,28.2,20.9,5.0,79.2,17.3
23.1,37.6,31.1,47.5,109.7,39.2,156.2,104.5,104.2,95.5,87.4,69.2,84.4,28.0,21.9,55.1,35.3,36.7,36.8,38.5,51.7,8.0,35.2,38.8,155.3,46.3,39.2,14.5,19.9,64.7,179.3,67.1,41.9,50.6,87.9,100.9,34.5,44.1,117.1,108.5,28.2,18.3,9.6,88.2,17.3
21.1,37.7,35.2,49.1,96.0,36.9,146.2,104.3,106.7,97.1,77.8,65.5,79.7,27.3,19.7,55.1,31.4,45.0,43.7,36.2,46.2,6.1,36.9,40.6,146.0,44.1,33.1,14.2,21.6,54.3,171.2,58.9,40.4,47.1,87.9,87.8,33.4,41.2,108.3,101.8,29.9,19.3,7.7,75.5,16.5
20.8,41.5,32.8,48.5,87.7,35.5,151.5,93.0,99.8,86.3,86.0,54.7,66.3,26.5,21.5,55.9,32.4,45.0,46.0,36.0,50.0,6.6,39.5,41.6,149.8,42.2,37.5,16.3,23.2,60.8,176.5,49.1,42.6,48.6,74.0,74.9,33.5,39.1,111.3,106.0,27.6,18.3,6.1,63.4,16.2
20.8,39.2,33.8,49.0,102.2,36.6,157.1,104.7,106.9,99.6,88.5,64.7,78.6,27.4,21.0,56.4,33.7,41.3,40.8,36.8,51.8,6.5,38.0,41.0,156.3,44.9,38.5,14.3,23.3,62.8,180.2,60.7,43.5,51.6,88.0,92.8,35.3,44.0,116.3,108.8,29.0,17.8,8.8,82.8,16.8
24.5,43.1,33.5,50.3,102.7,42.4,150.3,107.8,107.1,100.6,81.4,69.7,80.6,28.1,21.3,57.4,35.3,38.6,40.5,40.0,48.8,6.6,37.8,40.8,148.6,44.3,35.4,16.5,24.3,59.0,173.7,62.3,40.8,47.1,87.3,90.0,34.2,40.9,111.5,104.2,30.1,19.6,6.5,83.5,17.5
23.3,38.9,33.7,47.1,94.9,37.1,148.7,96.1,98.7,88.9,82.3,63.5,72.8,27.5,20.9,57.1,32.8,37.6,38.3,38.9,48.3,7.1,37.8,41.0,147.0,44.4,35.9,13.9,22.1,59.0,173.3,58.0,41.4,46.5,79.9,80.0,34.7,40.2,109.3,104.2,27.6,18.2,5.5,74.2,17.2
21.1,36.8,33.0,46.9,91.3,36.4,153.1,97.7,100.2,93.0,84.9,59.8,68.0,26.6,21.1,58.0,32.0,42.1,41.7,35.9,50.7,6.6,37.0,39.2,152.5,45.0,36.5,14.0,24.4,61.1,177.8,53.1,43.0,46.8,78.9,76.9,34.9,39.0,112.0,108.1,27.0,18.8,3.8,68.6,16.8
23.5,41.9,39.5,53.7,110.8,40.4,151.8,111.6,115.6,104.1,85.5,70.5,83.6,31.2,23.0,61.0,37.1,46.4,46.4,41.8,50.1,6.6,40.9,42.8,151.0,49.6,38.0,14.8,26.2,59.9,174.7,67.8,36.9,44.1,94.4,95.7,33.0,40.7,116.2,110.0,31.4,19.3,7.8,96.9,18.5
22.1,37.5,33.3,48.4,102.5,38.0,154.4,107.3,105.5,102.0,83.9,61.0,83.5,28.3,21.4,58.0,34.5,39.7,39.0,38.8,50.5,7.5,38.5,42.0,154.3,48.0,38.1,13.5,21.5,62.7,177.7,61.6,40.5,51.5,97.1,97.9,32.9,44.7,115.9,105.6,31.3,14.6,11.5,87.7,17.8
24.0,40.3,36.1,50.7,108.0,40.5,152.6,112.6,114.2,106.9,81.9,64.4,82.5,29.1,22.3,57.3,33.7,43.8,42.8,40.2,49.1,6.8,39.3,41.9,152.1,48.7,38.3,15.2,24.3,60.7,175.1,65.6,41.6,50.5,99.8,104.7,33.3,43.0,114.2,105.5,29.6,18.2,10.2,95.8,17.6
21.4,39.4,32.7,48.5,90.0,35.5,134.8,97.5,99.8,91.0,73.3,55.0,69.8,26.8,19.7,55.5,31.8,39.8,41.2,34.5,44.1,6.5,36.0,39.4,134.4,41.8,32.5,15.6,21.7,53.3,158.0,56.4,37.4,45.9,80.0,75.4,30.7,38.8,100.2,91.5,27.1,13.3,8.6,63.7,16.7
24.1,42.5,34.9,51.2,97.9,39.4,155.6,108.1,111.9,99.5,84.4,68.5,78.8,29.0,22.4,56.7,34.8,44.0,43.9,40.0,49.4,6.8,38.6,40.7,156.1,43.9,36.0,17.3,24.5,58.1,181.5,59.6,43.8,49.2,86.4,86.9,38.1,44.0,114.2,108.8,28.5,19.2,5.6,82.3,17.7
22.6,38.8,32.0,46.8,92.9,38.6,148.3,90.3,96.1,84.0,82.3,59.7,71.6,28.0,20.9,53.1,34.1,39.2,40.6,38.0,48.8,6.1,36.6,40.9,147.4,42.3,38.4,14.3,20.9,63.8,173.1,56.1,39.1,45.9,75.8,73.3,33.2,40.5,110.3,103.8,28.3,18.0,6.7,68.8,17.0
22.7,40.7,32.2,51.1,95.0,38.1,148.6,97.6,102.1,90.8,78.9,68.1,78.8,27.8,22.2,58.1,33.2,36.1,37.3,38.6,49.0,6.8,39.8,44.0,147.8,47.5,35.0,13.4,21.7,58.3,172.7,57.5,39.4,45.3,82.8,84.3,32.9,39.9,110.0,104.1,30.4,20.5,5.7,76.3,17.7
23.8,43.6,37.2,54.2,106.4,39.7,155.0,111.4,111.0,105.8,87.3,75.9,88.1,29.7,21.8,57.7,36.2,42.0,43.9,41.3,51.2,6.6,40.0,43.2,153.5,47.9,39.1,15.5,23.0,62.6,180.0,65.8,41.6,48.0,93.9,97.7,33.3,40.3,116.8,110.0,29.0,18.0,7.1,96.4,18.4
21.9,39.0,35.9,51.1,101.4,39.9,151.2,108.3,110.8,103.7,84.6,60.5,77.3,29.8,21.7,57.5,34.4,40.8,39.5,40.3,50.1,7.1,41.5,45.2,150.1,50.0,40.0,14.5,21.6,64.9,172.1,60.2,41.2,50.0,99.9,98.7,34.6,43.5,112.2,103.1,25.6,13.5,9.4,89.5,17.9
24.1,41.5,34.6,51.1,97.9,41.2,159.1,108.9,112.6,102.6,86.7,63.1,70.8,28.4,22.1,58.2,35.1,41.8,42.3,39.9,52.2,7.2,38.3,41.1,158.3,46.7,38.4,16.7,23.5,62.3,183.4,59.5,47.9,52.5,87.3,90.3,39.0,43.7,114.7,109.8,28.7,18.4,4.5,85.3,18.1
21.0,37.3,32.7,44.8,95.8,36.2,146.2,92.3,92.5,86.7,79.5,60.6,71.1,27.9,21.6,56.1,31.9,36.6,37.5,37.8,48.8,7.5,38.5,41.5,145.6,44.8,36.1,13.0,21.9,59.1,169.7,59.0,39.6,45.8,78.2,83.6,34.9,41.4,107.9,102.1,26.4,18.5,6.6,69.1,17.8
22.6,37.4,32.0,48.3,96.3,34.8,148.8,97.6,102.3,90.1,79.5,62.7,73.8,27.0,21.1,56.3,33.0,36.2,36.0,36.8,48.7,6.0,36.4,40.8,147.0,45.3,37.1,12.7,17.5,59.8,173.0,55.0,40.6,46.4,79.3,83.2,35.0,41.4,109.5,103.7,29.2,18.0,6.0,70.5,17.1
22.7,37.8,32.0,46.6,94.6,36.7,148.5,97.2,96.5,90.5,80.6,63.8,77.1,27.4,21.4,56.6,34.2,39.1,39.6,36.5,48.6,5.9,37.4,39.5,148.0,41.5,33.6,13.9,22.7,56.4,171.2,54.2,42.1,48.6,82.6,81.9,35.0,42.1,108.9,101.1,29.7,17.1,7.5,68.8,17.5
22.6,40.1,33.2,47.8,97.7,38.7,151.5,95.4,100.8,90.3,85.3,65.2,75.0,27.5,20.7,55.2,32.7,36.5,39.0,38.4,51.1,6.8,36.5,39.4,150.7,45.6,37.2,15.9,21.4,60.4,175.2,60.3,40.9,46.2,76.5,78.1,32.8,38.3,113.4,107.7,28.2,17.8,5.7,74.6,17.1
21.7,37.7,31.8,46.3,95.9,34.2,149.1,92.2,97.4,86.1,80.4,61.8,71.8,27.0,22.2,55.6,32.7,39.0,39.5,36.8,48.3,6.9,36.5,40.4,147.6,43.3,35.8,13.5,21.7,58.2,173.5,56.6,42.6,48.2,74.0,74.9,36.2,41.5,107.9,102.7,27.2,17.8,5.5,68.6,17.5
22.7,39.9,34.0,50.1,98.5,39.1,153.8,98.5,103.6,91.8,85.3,62.7,75.6,29.0,22.1,57.0,34.9,37.3,37.7,39.2,51.3,7.2,40.3,42.8,153.5,46.0,37.3,14.4,21.5,60.0,177.0,60.6,40.8,47.4,83.6,87.5,35.8,42.9,115.1,108.0,27.8,18.2,7.1,82.1,18.1
24.0,41.5,36.7,51.4,105.5,39.7,153.2,106.5,110.4,97.7,79.4,74.7,85.0,29.3,22.8,57.5,35.5,41.5,42.4,39.4,48.3,6.1,38.8,42.0,152.3,48.5,37.7,15.2,24.1,60.7,177.1,64.2,42.6,47.3,91.1,96.9,36.2,41.8,112.5,106.8,31.6,22.2,5.2,91.9,18.7
21.7,39.2,34.1,47.4,99.8,35.9,153.0,98.7,101.7,91.6,84.5,65.7,75.8,29.0,21.5,54.8,34.0,37.4,39.5,38.3,51.6,7.0,37.7,41.2,152.3,47.2,36.0,14.4,22.5,59.7,177.5,60.1,41.6,47.1,79.1,82.2,35.6,41.5,113.1,107.5,28.6,17.7,6.2,78.4,17.5
22.7,40.4,35.8,50.1,99.1,37.6,156.2,102.3,106.5,91.4,86.3,61.6,76.6,28.2,20.8,56.4,33.7,42.2,42.8,39.1,52.0,7.4,36.7,40.3,155.0,44.2,37.5,16.9,22.1,60.6,179.2,61.5,40.6,50.1,82.1,85.2,34.9,43.1,116.6,109.1,30.5,18.7,8.0,80.5,17.3
20.3,38.8,32.5,46.0,93.3,33.8,148.2,98.3,98.6,89.0,87.2,60.2,68.3,26.5,21.1,57.4,34.1,41.0,41.2,37.0,51.4,7.0,38.1,41.5,146.8,41.3,36.2,14.2,20.1,58.5,172.1,57.0,39.4,43.9,77.6,77.3,30.0,34.8,113.5,108.0,26.8,18.3,5.2,70.0,16.6
23.4,41.8,38.2,53.9,104.8,41.8,157.9,103.4,109.7,93.7,88.4,64.7,80.7,31.0,22.2,60.6,37.7,45.5,45.5,40.2,53.2,7.9,42.5,45.8,157.8,50.2,38.4,16.0,22.0,62.2,184.9,61.7,41.4,49.5,86.7,85.1,35.3,43.8,118.8,110.4,29.7,17.5,8.4,93.7,19.1
23.5,37.2,33.8,48.3,97.8,40.5,145.0,96.4,100.4,89.6,80.0,60.3,72.0,27.4,21.2,58.6,34.2,37.3,37.7,39.5,49.2,7.5,38.5,41.5,144.6,44.1,36.2,14.3,20.2,60.0,170.2,59.6,39.0,46.2,75.5,79.6,34.2,41.7,107.1,100.4,27.3,17.9,7.0,74.1,17.0
23.7,40.1,32.7,47.2,96.8,36.3,157.3,98.7,101.5,90.2,88.1,63.7,75.8,27.8,21.8,56.5,35.3,45.0,44.7,39.4,52.4,6.7,38.9,41.3,155.4,44.0,38.8,15.1,23.0,62.3,181.1,55.5,44.4,50.6,80.2,80.4,32.7,39.5,117.1,111.0,30.4,19.3,6.8,77.1,18.1
23.9,43.2,37.0,54.7,102.5,42.9,158.6,110.7,115.3,97.8,86.8,62.3,73.8,29.1,23.0,59.1,36.0,44.0,44.5,41.0,52.2,6.7,40.7,43.3,157.4,47.7,39.8,16.8,24.0,64.2,184.4,64.0,45.0,51.1,87.8,89.5,34.5,41.0,116.9,110.6,28.8,18.0,6.8,91.9,18.9
20.0,35.0,33.6,42.6,84.7,32.9,143.7,87.5,90.1,81.8,85.6,52.6,65.2,25.7,20.7,54.4,30.5,37.5,37.5,32.8,49.5,5.9,34.3,36.1,144.0,39.3,34.0,13.9,19.2,55.9,166.7,53.4,36.7,42.2,71.9,71.9,31.3,37.5,108.9,102.8,24.1,14.3,6.7,56.7,16.3
22.6,39.7,37.5,51.6,107.9,39.5,149.7,101.8,105.5,92.7,80.1,69.5,81.8,30.5,23.3,59.7,35.6,44.0,42.9,40.6,49.6,6.5,42.0,44.8,148.0,47.1,36.6,13.9,23.3,60.4,171.7,67.2,42.2,49.9,83.9,84.0,33.2,40.5,109.9,102.7,30.3,16.9,7.7,88.6,18.8
20.7,39.9,32.4,49.2,96.0,38.5,150.8,96.3,99.5,91.6,85.2,60.4,74.2,26.6,20.3,56.0,32.5,41.2,43.0,37.0,49.4,7.5,36.1,38.8,150.5,43.0,36.6,16.8,21.7,58.1,175.0,56.0,40.0,47.3,83.5,83.7,35.0,43.1,112.8,105.6,28.6,16.4,8.0,71.7,16.6
22.2,41.9,34.5,49.6,97.3,36.1,157.2,98.5,101.8,87.6,90.4,61.2,71.5,28.2,21.5,56.1,35.6,35.4,37.4,37.7,53.3,6.8,35.0,37.8,156.4,46.2,39.5,15.6,20.8,66.1,179.5,57.1,41.3,46.4,77.8,79.2,33.5,39.0,117.8,113.0,28.1,20.6,5.2,75.9,18.4
23.5,39.3,37.2,51.5,108.5,40.5,155.8,110.1,110.4,105.2,82.3,66.7,83.4,30.7,22.4,56.3,36.8,43.5,43.5,41.5,50.4,6.9,38.8,42.1,155.2,49.0,36.8,14.6,22.2,58.8,179.4,69.2,43.0,52.4,98.5,99.8,37.7,47.0,114.2,105.5,28.7,16.0,9.5,98.2,18.2
23.0,39.5,32.2,47.5,94.9,39.0,147.3,93.4,94.2,88.3,82.9,60.2,72.1,27.2,21.4,55.1,33.9,38.2,38.7,38.4,48.2,7.3,37.2,40.9,145.2,42.4,36.2,15.3,22.2,59.6,169.6,56.9,41.1,46.8,78.6,80.9,31.5,38.0,108.7,103.4,27.0,16.0,6.6,71.5,18.1
22.6,40.0,36.3,52.1,97.1,40.1,155.9,102.5,105.8,94.2,88.8,63.8,78.0,28.8,21.8,56.4,34.7,40.5,40.6,39.0,53.2,6.9,37.9,41.7,155.2,45.3,36.8,15.3,23.3,62.1,178.8,62.1,39.7,46.5,86.2,86.3,32.1,39.1,118.0,111.3,29.2,17.6,6.3,83.9,17.8
23.6,38.0,34.4,48.5,102.0,40.1,145.8,93.8,97.7,86.9,78.9,63.1,75.0,28.3,21.7,56.2,33.6,34.0,35.9,39.2,48.0,6.8,37.4,40.4,146.0,44.8,34.7,15.5,21.8,55.8,170.0,64.0,40.9,46.5,79.0,84.8,32.6,39.7,108.6,101.8,29.0,17.5,6.5,77.3,18.2
22.4,39.8,31.5,47.0,91.8,35.3,148.2,85.9,91.6,80.5,80.4,62.3,74.2,26.2,20.8,53.4,33.8,37.5,39.2,35.1,48.0,5.8,36.0,39.5,149.3,41.5,36.6,15.5,22.5,60.5,171.9,54.6,39.0,45.9,76.9,76.5,32.3,39.5,110.9,103.8,29.2,19.0,7.0,65.9,17.0
22.1,39.8,33.4,48.9,99.9,37.5,158.4,95.8,101.2,89.3,86.8,66.0,78.1,27.9,22.3,56.7,34.6,41.0,41.4,39.5,51.4,6.6,37.0,40.5,156.9,46.5,38.6,14.8,20.7,62.3,183.4,58.1,38.8,49.7,82.6,86.6,35.6,42.3,117.0,111.0,31.0,19.1,6.7,80.6,17.8
22.2,40.5,32.3,48.4,96.2,36.2,154.9,100.4,102.9,96.3,87.4,60.4,73.0,26.7,21.5,56.6,33.5,42.0,43.3,37.5,51.6,6.5,36.8,38.7,154.4,41.7,38.1,17.0,23.3,62.5,179.0,58.6,42.7,49.4,87.4,87.1,35.3,42.1,115.9,108.7,27.7,17.0,7.4,77.7,18.1
20.1,39.4,33.3,48.2,91.7,36.2,152.6,92.7,99.9,86.0,88.4,61.4,72.8,26.5,20.6,58.4,33.3,41.9,42.6,34.3,52.2,6.2,36.5,39.4,152.3,43.4,37.7,14.5,23.2,63.2,177.7,57.4,37.5,44.2,78.5,77.1,35.0,41.1,115.8,109.8,28.5,18.5,6.5,71.5,16.9
21.7,38.1,32.2,48.5,88.0,33.3,149.0,92.4,97.9,85.8,82.8,62.8,72.1,27.3,21.5,57.1,32.7,37.5,38.1,36.7,47.6,6.5,35.6,38.3,148.3,43.2,34.4,14.5,22.6,56.9,171.9,54.4,40.6,45.6,76.0,77.6,32.9,38.3,109.8,103.9,27.6,20.9,5.3,64.6,17.7
22.5,39.7,31.5,46.9,95.6,37.8,142.2,91.8,95.2,86.2,77.1,66.8,76.1,26.6,21.0,54.8,31.5,39.2,39.8,36.0,43.6,6.3,35.4,38.3,141.0,41.6,35.8,15.0,20.3,57.0,165.5,59.0,39.3,45.0,80.2,82.4,33.0,38.4,104.9,99.7,28.2,20.1,5.2,67.7,17.4
22.7,39.5,35.7,50.4,103.3,40.5,149.2,103.1,106.1,95.0,81.8,69.5,81.0,28.8,21.3,56.3,34.5,38.0,38.9,40.4,50.9,6.3,38.3,41.1,148.6,47.3,36.1,13.8,22.0,59.2,172.5,66.5,39.0,45.3,88.2,89.0,34.6,41.2,112.2,106.2,27.6,20.2,6.9,86.8,17.8
21.3,37.9,30.5,45.6,93.4,36.6,152.6,91.4,95.5,86.5,85.8,60.7,73.5,26.0,20.9,57.0,33.3,37.3,39.2,37.5,51.4,6.4,35.8,37.7,151.5,42.1,37.1,14.8,19.3,60.1,177.1,55.1,40.0,46.9,79.3,80.8,36.1,43.3,113.5,106.2,28.5,17.7,7.3,69.4,16.4
20.1,35.8,30.5,45.5,86.3,33.7,138.0,84.0,89.8,79.3,74.5,55.3,71.5,26.3,20.1,53.8,29.1,36.0,37.8,34.4,44.3,6.5,35.3,37.8,137.4,41.2,31.7,13.3,20.5,52.9,161.9,54.1,38.0,46.3,73.1,73.5,32.0,40.6,102.1,93.6,28.1,15.2,8.9,56.9,16.3
22.5,40.6,32.4,48.8,94.8,38.0,152.2,97.4,102.5,90.2,82.4,63.9,72.7,26.6,21.5,56.3,33.3,40.1,41.1,37.5,48.6,6.7,36.4,39.4,151.3,44.8,36.2,15.8,22.9,58.8,177.7,55.7,43.1,47.8,75.4,75.9,36.0,41.0,110.6,105.8,29.3,19.1,4.9,72.8,16.7
20.6,39.8,36.7,50.9,96.5,37.4,154.5,97.9,102.4,90.3,90.5,58.5,74.5,28.6,21.7,57.5,33.6,40.0,40.3,37.2,54.5,7.0,40.1,42.4,154.8,44.9,39.6,12.7,22.2,66.6,178.2,59.6,36.2,44.6,83.2,82.6,30.2,38.9,120.0,111.2,27.3,15.6,8.9,79.3,17.8
22.8,39.8,34.5,50.8,107.2,40.4,156.3,103.4,102.6,97.3,83.3,71.4,83.6,27.7,21.6,55.8,34.4,38.8,40.7,40.5,51.1,6.9,36.8,39.5,154.8,45.8,38.4,15.3,20.0,61.0,179.7,64.7,42.3,49.5,88.6,93.1,37.5,44.9,115.1,107.5,30.3,19.3,8.2,90.4,17.3
24.5,38.1,35.5,48.5,104.6,42.4,152.4,99.8,104.3,95.9,80.7,72.7,81.0,29.5,21.3,56.7,34.3,36.8,37.2,42.1,51.2,6.9,37.7,40.3,151.0,47.8,37.3,14.0,21.2,59.7,176.8,65.8,43.3,47.6,83.2,86.6,37.5,42.4,110.6,105.5,29.3,22.8,4.3,87.3,17.9
23.1,39.6,36.0,48.0,98.5,38.5,160.4,100.0,102.7,92.0,92.0,63.5,74.5,28.4,21.5,59.2,36.2,39.5,40.3,41.0,56.1,6.9,39.2,41.9,158.5,44.0,38.9,14.7,21.0,65.3,184.0,60.1,41.4,47.8,82.8,79.4,32.3,38.3,120.8,113.8,28.6,18.2,7.0,83.2,17.4
22.1,38.3,33.0,48.7,98.0,36.7,140.6,99.0,101.3,95.4,73.8,62.6,79.5,28.3,21.4,57.9,33.3,36.8,38.1,38.1,45.4,6.4,37.4,39.0,139.2,44.4,35.0,15.0,21.8,54.4,162.2,58.9,38.9,47.9,93.5,95.6,32.8,42.0,104.2,95.2,29.0,16.9,9.8,74.1,17.2
23.3,42.0,34.9,51.8,101.7,40.2,156.3,100.1,106.7,94.1,86.3,67.7,76.5,27.8,22.1,59.1,36.2,42.8,43.0,39.0,52.1,7.6,38.8,40.3,155.7,46.9,37.5,16.2,24.3,62.8,181.0,61.5,42.5,46.8,84.0,86.3,35.7,40.6,115.8,111.2,30.1,21.6,4.3,84.5,18.1
20.9,38.8,33.1,46.4,90.1,35.0,143.1,89.9,94.5,84.5,78.7,54.6,72.0,26.7,20.9,55.2,32.7,38.0,39.7,36.4,47.9,6.9,37.8,41.0,142.1,42.8,34.5,14.3,21.0,53.5,166.2,54.6,38.6,47.8,78.2,81.6,32.5,41.7,105.0,96.4,26.8,15.2,8.5,65.5,17.6
20.8,40.0,30.1,46.9,90.2,36.8,149.0,89.1,93.3,83.8,82.1,59.4,69.0,24.7,20.2,55.1,32.2,39.0,40.9,34.7,48.8,6.2,35.3,38.1,148.2,39.1,36.6,16.1,22.0,60.0,172.4,50.4,43.6,48.3,73.6,74.8,36.7,41.5,108.3,103.5,27.5,19.1,5.2,63.0,16.1
21.2,42.2,36.2,50.9,99.9,36.4,150.4,97.7,102.7,88.5,84.1,60.1,76.1,27.5,21.3,55.2,33.6,39.0,42.3,40.4,50.2,6.1,38.5,43.7,149.8,47.2,37.7,16.6,21.9,61.0,173.8,62.6,39.2,47.0,80.5,84.4,32.7,41.1,113.0,104.0,29.0,17.1,9.0,79.3,17.6
21.7,38.2,33.5,49.6,95.1,37.1,139.8,97.4,99.2,94.0,73.5,65.6,75.0,26.7,20.7,55.3,31.5,38.8,39.5,36.2,43.9,5.9,37.4,40.0,139.8,42.9,33.2,14.8,21.9,53.9,163.8,58.6,39.3,45.6,82.7,84.4,34.4,40.1,102.4,95.7,27.6,19.4,5.8,69.0,17.0
21.7,40.4,33.5,50.9,99.4,36.5,153.7,102.9,106.7,95.4,86.4,59.0,74.8,27.4,20.9,57.6,34.3,40.8,40.5,37.9,51.9,7.2,36.9,39.9,153.7,45.5,36.9,15.1,23.8,61.9,179.7,60.1,40.6,48.6,83.0,85.0,34.8,43.6,115.3,106.8,29.1,15.5,8.6,79.5,17.3
21.2,38.6,31.0,47.7,96.5,35.3,150.9,92.3,95.8,86.6,81.6,63.2,79.4,26.6,20.7,56.1,31.7,37.6,39.3,37.6,49.9,6.6,35.7,38.3,150.8,44.5,37.9,15.4,21.4,59.3,176.7,58.2,39.1,47.6,80.6,83.3,33.8,42.3,113.9,105.0,29.9,16.8,8.9,71.7,16.8
23.2,44.0,36.8,52.7,103.9,38.7,154.2,107.6,113.2,99.9,87.2,61.2,75.2,29.3,22.0,59.4,35.7,48.3,49.4,39.8,53.5,6.2,40.7,43.9,153.8,44.0,38.0,17.3,26.1,61.5,179.2,62.9,39.7,46.7,91.9,93.5,36.5,44.3,116.5,107.5,27.6,17.1,8.3,88.1,18.3
20.5,38.7,33.1,45.0,88.6,33.6,146.2,90.5,93.5,84.0,84.0,57.3,66.4,25.8,20.4,56.4,33.4,35.4,36.4,35.3,49.9,5.9,34.1,37.2,145.5,42.5,37.2,15.6,19.6,61.4,169.5,54.0,36.6,41.3,74.5,75.2,30.5,35.6,111.8,106.2,25.6,17.7,5.2,62.0,16.7
24.7,39.7,41.0,52.8,102.5,41.1,155.3,108.4,113.2,101.1,86.1,64.7,73.1,30.0,23.2,57.7,34.9,43.2,41.5,40.2,51.0,6.9,39.4,42.0,155.5,50.4,38.1,15.2,22.5,63.5,178.5,63.3,43.9,48.9,85.2,86.5,37.1,42.0,114.0,109.2,27.1,21.0,5.1,90.8,19.0
22.2,40.8,34.8,50.2,99.2,37.6,147.2,104.3,107.0,97.1,79.1,67.3,76.8,28.0,21.5,56.7,32.7,48.2,46.3,38.5,48.1,6.9,36.5,38.7,145.3,43.5,34.4,16.4,24.7,56.1,169.6,60.2,41.0,45.9,83.8,86.3,34.2,39.3,108.6,103.7,26.8,20.2,5.5,77.6,16.8
22.3,39.1,33.8,47.8,98.2,37.9,152.8,96.9,99.0,90.6,86.0,58.9,73.7,27.6,21.7,57.9,33.8,38.5,39.8,39.7,50.8,6.9,39.1,41.5,151.0,44.9,39.6,15.1,22.1,64.2,173.3,59.6,42.9,50.3,84.4,85.3,30.9,39.5,114.4,106.0,28.1,17.2,8.1,77.9,17.9
23.3,40.0,32.4,48.9,100.8,38.2,155.5,97.7,102.3,91.4,86.2,58.2,78.8,27.0,20.5,55.0,35.6,38.4,41.3,39.2,52.5,6.6,38.4,42.3,154.7,44.0,40.0,15.9,21.9,64.5,180.3,61.6,37.9,47.8,86.5,84.4,29.7,40.6,119.9,108.6,30.7,16.5,10.2,81.5,17.1
23.9,38.5,37.0,50.1,105.5,39.6,158.8,102.9,105.3,96.1,87.7,66.3,82.8,28.8,21.3,55.2,35.0,41.2,42.5,39.5,54.6,6.3,39.8,42.5,157.2,45.2,38.9,15.0,23.1,61.8,181.2,64.2,42.0,51.5,94.7,99.7,35.2,44.5,119.2,110.3,29.0,16.1,9.4,91.4,17.5
22.3,39.5,32.0,48.3,106.5,37.3,158.8,102.9,103.8,96.8,87.4,69.5,84.3,28.0,21.3,56.2,33.6,41.0,41.1,39.9,52.2,6.6,37.2,40.9,158.3,45.1,38.2,15.7,22.2,63.0,182.5,65.1,42.7,50.3,95.1,103.6,35.1,42.8,118.3,111.6,29.9,20.5,7.7,90.7,16.7
22.1,42.0,34.5,51.4,100.4,37.8,162.2,101.5,104.5,93.4,93.5,66.2,80.5,29.5,22.5,56.8,35.5,42.2,43.1,39.4,55.7,6.7,38.9,43.5,162.7,44.1,40.0,15.0,23.5,63.6,187.5,61.1,40.3,48.0,88.0,89.6,33.9,42.0,124.8,115.9,31.1,20.3,7.7,85.1,17.9
23.3,42.0,32.2,46.5,95.8,39.6,163.2,100.2,102.9,92.9,89.0,67.0,75.8,27.4,22.3,56.5,35.4,40.0,41.1,39.1,53.7,7.5,38.2,41.1,161.5,44.1,38.8,17.2,23.0,64.5,186.2,57.9,46.8,52.3,77.3,79.7,35.7,41.4,119.6,114.5,29.8,20.3,6.3,78.8,18.1
20.0,35.8,26.6,41.0,81.2,31.5,133.9,77.5,80.7,72.3,71.9,53.3,66.6,21.9,18.6,56.2,29.1,31.0,33.1,32.5,43.1,5.6,33.8,36.4,133.0,36.0,31.6,13.8,19.8,51.6,157.5,47.7,37.5,44.4,64.7,66.4,31.4,39.3,97.5,90.6,27.0,16.9,7.1,47.6,14.5
22.5,40.3,33.5,48.9,99.0,36.6,149.3,97.5,99.3,94.5,80.9,64.9,79.3,27.6,20.9,55.7,33.9,38.5,39.7,40.1,48.7,6.7,39.2,41.1,148.2,44.3,36.2,14.7,21.8,59.4,173.1,59.5,39.9,47.8,84.2,86.0,32.6,40.3,111.8,104.7,30.3,17.9,8.2,77.3,17.5
20.0,41.4,35.9,50.6,97.2,36.3,144.7,105.5,108.4,97.7,78.0,64.3,77.1,27.8,19.3,54.9,31.8,43.0,45.2,37.1,48.6,6.6,37.0,38.9,144.0,44.9,35.1,17.0,21.5,56.6,169.2,61.6,40.4,47.1,85.6,86.9,32.6,39.9,107.6,100.4,28.5,17.0,7.4,75.7,16.3
22.4,38.0,29.2,45.2,94.2,36.3,160.6,92.8,96.7,88.2,90.0,66.2,78.0,26.7,21.3,54.5,36.5,37.7,39.2,38.6,55.3,8.2,35.2,39.6,159.4,42.7,38.7,14.6,20.6,63.5,184.7,53.4,41.2,47.6,79.0,80.5,35.1,41.7,120.8,114.3,29.4,20.7,6.6,71.5,17.5
20.8,38.9,31.1,45.7,89.1,35.4,142.6,89.3,90.0,82.5,79.1,58.7,65.0,25.7,21.2,55.4,32.4,34.4,35.9,36.5,46.4,6.3,34.3,36.1,142.2,38.4,34.5,15.3,21.7,57.7,165.3,49.4,39.2,42.8,70.4,71.0,33.5,37.0,105.5,101.5,26.2,19.1,4.0,61.0,16.7
21.6,40.6,32.2,47.0,93.0,35.1,156.0,92.2,95.7,84.2,94.0,57.0,71.6,25.8,20.1,55.2,33.3,36.5,38.9,36.4,55.3,6.0,36.7,38.3,156.0,42.1,39.2,15.0,21.9,65.1,177.8,54.6,35.7,43.0,77.2,76.8,28.7,36.5,121.3,113.3,28.3,16.5,8.4,69.3,16.2
21.6,40.5,30.8,49.8,105.2,35.7,155.7,97.4,99.9,92.9,84.2,67.7,88.2,26.6,21.2,55.5,33.3,41.0,41.8,40.6,52.2,7.0,37.7,40.8,155.7,42.5,37.2,15.6,20.4,63.5,181.7,63.0,40.7,52.5,89.0,95.8,35.1,46.0,116.6,106.6,30.4,14.4,10.8,83.4,17.2
23.5,39.2,34.8,48.6,96.2,39.1,144.4,101.6,104.9,97.3,78.5,66.8,82.2,27.9,21.1,55.0,33.5,38.2,39.3,39.8,48.4,7.1,38.7,42.7,144.5,45.3,34.7,14.2,22.9,56.2,166.3,61.7,39.1,46.5,88.2,86.9,32.8,41.0,107.5,99.4,30.0,17.3,8.0,78.7,17.6
22.3,40.5,32.0,47.1,96.0,37.5,156.2,99.1,98.5,92.8,85.8,60.7,78.1,27.7,22.5,57.5,33.1,40.7,42.1,38.5,51.3,7.0,37.2,39.9,155.4,43.7,38.0,15.2,22.8,63.1,181.1,57.5,42.5,52.1,85.2,85.4,36.0,45.3,116.7,106.4,29.6,17.6,9.5,79.1,18.0
21.6,40.4,31.0,47.1,92.3,34.8,157.6,95.4,97.3,89.0,87.3,58.8,69.0,27.4,22.2,54.9,33.5,39.0,40.2,37.9,51.2,7.4,38.2,41.8,155.8,41.5,38.3,14.5,22.3,61.8,182.4,51.0,45.2,50.7,74.9,73.9,35.7,41.0,110.3,108.7,27.8,17.0,6.1,68.6,17.7
21.2,39.6,33.4,46.8,92.3,33.7,150.7,95.1,95.4,86.6,82.0,57.7,76.2,26.7,20.1,55.5,34.4,38.0,39.2,36.9,51.7,7.2,35.3,37.9,149.5,42.2,36.8,15.9,20.2,60.7,173.4,55.7,40.7,50.4,81.7,81.8,33.2,43.7,112.1,102.6,28.7,15.2,10.0,70.1,16.9
22.2,38.4,34.0,48.4,95.0,39.1,145.9,99.2,102.5,90.6,82.5,59.5,69.8,27.6,21.3,56.5,34.0,39.9,40.8,39.1,49.1,6.8,37.1,40.4,145.6,45.1,36.3,13.6,24.4,59.7,170.0,60.7,38.6,44.5,77.9,83.3,34.6,40.2,108.8,103.4,26.2,16.3,6.3,73.4,17.8
21.4,39.3,34.0,51.0,100.9,38.2,156.2,104.5,105.2,94.7,88.5,63.2,80.2,28.0,21.0,56.3,33.2,40.0,39.8,38.2,50.9,7.2,36.9,39.4,156.0,46.2,37.2,15.4,23.0,58.2,180.0,61.1,41.3,50.2,88.2,88.3,32.2,41.2,117.6,109.2,30.3,16.7,9.0,83.6,17.2
23.7,41.7,34.8,51.1,100.4,39.8,151.7,99.1,102.4,93.5,83.5,66.2,75.7,28.0,21.2,55.4,33.9,41.2,43.5,39.2,51.7,7.2,39.3,42.2,150.4,44.1,35.1,15.1,23.0,57.2,175.2,62.0,42.1,47.5,82.9,85.3,32.8,38.6,112.2,107.4,29.1,19.1,5.8,79.0,17.5
23.4,37.3,32.2,46.7,98.4,41.0,160.7,97.8,100.5,92.0,91.0,62.6,74.7,27.8,22.2,57.8,36.3,41.1,40.8,38.1,55.0,7.4,37.1,41.4,159.3,44.7,38.5,15.4,23.5,62.2,185.7,59.1,41.9,49.6,84.4,88.2,35.0,41.2,119.5,113.1,27.6,18.4,6.7,82.8,17.8
24.2,40.6,33.0,49.0,105.6,41.2,159.3,99.3,99.8,95.1,85.9,64.3,82.4,27.5,21.0,57.6,36.2,36.7,38.5,41.0,52.2,6.9,38.0,41.9,158.3,45.0,37.7,15.7,20.4,62.4,183.5,62.2,45.3,54.4,86.4,89.5,39.2,48.5,115.7,107.3,30.1,15.6,10.3,89.3,17.3
22.5,41.1,34.4,52.9,99.9,38.8,143.0,109.2,110.4,103.1,78.4,65.2,77.3,26.5,20.5,55.5,32.5,45.2,44.5,37.7,48.2,6.8,37.8,41.5,143.2,44.5,35.0,16.3,25.2,57.5,166.7,61.0,39.8,45.6,94.6,97.1,32.0,38.4,106.2,100.5,28.1,18.2,7.0,80.9,17.0
20.1,38.1,31.4,45.7,89.2,35.0,136.0,86.3,90.7,81.7,76.5,55.2,69.0,25.0,19.1,55.7,32.2,33.3,35.8,35.0,45.3,5.6,35.6,38.7,135.5,39.5,33.8,12.9,20.8,56.8,159.1,54.6,36.2,43.4,74.9,74.4,30.4,38.3,102.0,95.1,25.3,14.0,8.4,58.9,15.7
23.8,36.7,35.3,47.1,99.5,39.5,143.0,96.9,99.6,89.8,78.8,59.9,75.4,28.2,21.9,56.6,35.1,36.3,38.1,42.8,50.1,6.8,38.5,41.1,142.1,44.2,36.3,15.0,21.9,60.2,165.6,63.2,37.6,45.6,85.7,86.1,30.5,38.3,107.7,98.9,27.8,15.1,8.0,79.0,18.3
21.5,39.8,34.0,49.5,96.4,35.5,153.8,97.4,101.4,90.2,85.7,67.2,77.2,27.3,21.7,55.5,35.2,41.6,43.3,36.0,52.0,7.0,37.0,40.2,152.5,43.8,36.7,16.4,24.8,59.8,177.7,59.9,42.4,47.7,82.3,81.1,35.5,40.7,113.8,109.5,29.3,20.6,5.8,75.7,17.8
22.9,37.9,31.8,48.5,99.4,37.9,152.3,103.9,103.4,98.9,82.6,63.8,81.8,27.0,21.2,56.1,33.9,37.0,38.2,38.9,49.6,6.9,37.8,40.9,152.5,45.3,37.7,14.1,20.5,60.0,176.7,58.4,40.6,51.0,94.0,96.4,37.1,47.3,113.7,103.7,30.9,17.8,10.5,82.7,17.2
23.0,40.0,34.2,49.0,98.8,40.2,158.5,95.6,98.9,89.4,87.8,62.5,70.0,26.9,22.5,61.5,35.5,39.5,39.5,39.9,54.3,6.1,37.2,40.5,157.5,45.4,37.2,13.8,20.4,61.5,184.5,59.4,44.5,48.4,79.8,81.9,35.8,40.0,116.2,111.8,27.1,20.0,4.6,81.7,17.2
22.6,38.6,32.8,47.0,98.2,37.9,144.3,93.1,95.1,89.6,78.8,54.3,72.7,27.2,21.4,57.6,33.2,34.5,36.4,37.6,47.9,6.7,38.0,41.4,142.8,44.0,35.8,14.3,19.9,58.7,168.3,59.2,39.4,49.3,83.7,86.4,32.5,42.3,108.3,97.6,29.0,15.6,9.5,75.0,17.8
20.4,38.1,31.7,44.9,88.9,35.8,157.5,91.3,91.6,86.1,85.2,60.0,72.5,26.3,20.7,57.3,31.7,33.7,35.8,34.9,51.6,7.3,35.6,39.4,157.0,40.4,35.7,13.7,21.5,58.5,181.8,51.9,42.3,49.3,72.6,74.1,35.3,42.4,117.0,110.0,30.2,18.3,7.2,65.3,16.7
22.9,41.5,36.9,53.0,106.3,40.3,147.0,106.9,112.6,98.3,76.2,69.2,81.5,29.4,21.7,57.1,33.0,43.1,43.2,41.6,46.5,6.9,39.7,43.7,145.8,47.3,36.0,15.4,20.5,57.4,172.0,64.3,42.4,48.5,95.4,99.4,37.2,44.1,107.3,99.5,29.3,19.3,6.7,91.6,17.9
21.6,38.5,33.5,47.8,100.0,35.4,149.8,97.8,101.4,89.9,87.2,61.1,72.5,28.1,21.1,56.9,33.7,41.5,41.7,39.0,53.9,7.0,38.7,41.3,149.8,42.8,37.2,14.2,21.4,61.1,174.0,59.1,37.2,43.0,78.8,77.9,30.1,36.9,115.2,108.6,28.2,17.6,6.8,73.9,17.3
22.4,37.2,36.2,49.6,100.7,36.0,153.3,102.1,107.7,95.6,82.9,67.9,76.6,27.9,20.3,58.2,33.2,39.5,40.3,39.1,48.9,7.0,39.1,42.9,152.3,47.4,38.8,14.4,22.1,62.3,175.8,63.5,43.8,48.5,83.5,85.9,35.9,40.8,112.2,107.3,28.3,21.2,5.2,82.2,17.6
22.4,38.8,36.7,49.2,100.6,36.9,146.7,101.5,107.3,99.6,78.3,64.5,78.5,29.1,20.5,57.4,32.6,39.6,37.6,38.1,47.9,6.4,39.3,41.6,144.8,44.8,34.2,13.9,20.2,56.5,170.7,62.3,41.2,48.6,85.6,90.2,33.7,41.0,107.5,100.5,27.9,16.2,7.3,79.0,17.3
21.5,39.1,33.2,47.9,99.4,36.3,148.2,96.1,98.6,86.7,82.9,63.8,72.0,27.5,21.2,57.2,33.4,36.0,36.4,39.0,50.3,6.4,37.6,40.2,147.8,44.0,37.8,15.4,21.0,64.1,170.6,60.7,40.0,45.0,80.6,82.3,32.5,36.9,111.0,107.3,27.9,19.2,5.5,75.5,16.5
22.6,41.2,36.6,53.6,107.9,39.6,149.4,108.5,113.9,102.6,80.4,65.8,82.5,29.7,21.9,55.7,33.3,46.0,45.6,40.6,48.9,6.5,40.2,43.4,148.9,48.3,37.9,15.2,23.8,61.1,174.5,66.7,39.8,48.4,94.4,98.7,34.9,43.7,112.2,102.7,29.9,18.2,9.5,92.7,18.0
20.8,39.7,34.2,52.1,98.9,35.4,150.1,106.5,108.6,100.7,81.2,68.7,84.3,27.1,20.2,58.6,31.9,39.4,39.1,38.7,47.9,7.0,39.6,42.3,149.2,46.0,36.8,15.9,22.6,58.8,173.3,59.5,39.6,48.1,94.9,99.2,35.2,43.6,112.5,103.8,30.7,19.2,9.0,83.6,17.2
21.0,37.5,31.2,47.0,98.8,35.2,149.1,98.5,98.4,92.3,81.8,63.7,74.0,26.4,20.4,56.3,32.8,36.9,36.9,37.3,49.5,6.9,36.5,39.9,148.6,43.7,35.7,15.1,21.0,58.3,174.0,60.3,42.5,47.9,83.7,87.9,33.7,39.3,110.3,104.5,29.3,21.4,6.5,74.0,16.3
22.1,40.4,32.5,47.5,92.8,36.0,150.2,92.0,94.9,85.4,82.5,63.8,70.0,27.5,21.7,56.6,32.5,35.3,37.3,37.7,49.2,6.0,36.0,40.8,150.1,43.4,36.5,15.6,22.5,61.1,176.8,55.4,40.8,43.8,74.6,75.4,36.9,40.4,110.4,106.7,28.7,22.3,3.1,70.5,18.2
23.0,40.0,35.8,50.2,96.1,38.3,154.4,101.8,103.9,93.7,85.3,64.5,73.7,28.0,22.9,55.8,35.2,41.9,43.2,39.4,51.2,6.7,39.9,41.3,154.3,46.3,37.0,16.0,22.7,60.7,180.0,58.1,40.8,45.4,80.8,82.8,36.4,41.6,114.4,109.9,29.2,20.4,4.9,79.9,18.3
21.6,41.3,31.6,48.7,93.9,36.7,152.9,92.7,96.5,87.1,84.3,57.6,71.0,26.4,22.6,56.5,34.0,39.0,41.6,38.4,52.8,6.6,38.6,39.6,152.3,41.9,37.2,16.3,22.5,62.3,175.6,56.5,42.8,50.2,80.4,81.9,33.7,41.2,113.5,106.6,28.2,18.2,8.0,71.0,17.6
21.7,39.1,27.6,45.7,89.5,36.5,150.7,87.5,93.3,83.5,80.8,59.9,71.1,25.7,20.7,53.6,32.9,40.0,40.5,36.9,47.9,7.2,34.6,39.4,149.2,40.1,35.0,15.2,21.9,58.6,175.8,51.0,42.1,48.5,76.4,76.4,37.0,43.6,109.8,103.6,30.4,19.1,6.8,64.2,16.8
23.5,40.2,38.7,53.3,107.4,40.2,156.6,103.0,106.5,98.1,86.4,68.9,84.0,30.4,23.3,59.0,36.4,40.8,40.3,42.8,53.1,6.1,42.1,45.6,156.2,48.8,37.8,13.3,23.9,63.0,181.8,68.0,39.8,47.6,90.2,92.3,32.8,41.4,118.7,110.5,31.8,19.5,7.5,95.2,19.0
22.9,43.7,36.2,55.5,102.2,40.0,155.2,117.2,120.4,110.7,81.1,73.9,85.5,29.5,22.7,60.4,33.8,45.4,46.7,39.8,50.1,7.2,43.0,45.0,155.6,47.5,36.2,16.7,26.4,56.1,179.7,62.1,44.4,49.9,101.7,101.6,40.5,46.2,113.1,106.8,30.7,21.5,6.3,98.0,18.0
21.9,39.6,33.2,46.9,92.5,37.4,166.5,91.7,95.8,85.6,97.1,59.5,74.6,26.7,20.5,57.1,36.3,38.0,40.7,37.7,57.2,7.0,36.7,39.6,165.5,44.3,41.8,14.8,20.7,65.5,189.1,57.6,41.4,49.3,79.1,77.7,33.2,42.2,127.1,118.7,29.3,15.8,8.8,77.7,17.2
24.4,43.8,36.0,52.3,97.4,40.4,161.0,100.5,105.5,94.5,91.2,62.0,76.7,29.7,23.5,58.9,37.7,43.0,44.5,41.1,55.4,6.4,40.1,43.7,161.0,46.9,40.0,17.4,25.3,67.0,185.8,59.7,42.6,50.3,86.7,84.6,36.5,44.4,121.7,114.4,28.6,18.9,8.8,89.0,18.2
23.7,39.9,37.2,50.6,103.6,39.5,160.4,107.6,112.9,99.9,91.3,69.7,85.8,30.1,23.5,60.8,36.5,44.0,44.2,39.5,57.0,7.6,41.1,44.0,161.5,46.7,38.8,16.2,23.3,61.8,187.3,64.3,39.1,46.7,91.9,85.8,35.2,45.0,124.9,115.0,32.2,21.5,8.8,94.2,18.2
21.1,41.7,35.5,51.0,92.9,36.8,141.1,96.6,99.5,90.3,77.4,58.7,73.0,25.8,20.0,56.1,31.7,37.9,40.5,36.0,47.4,6.1,36.9,40.2,141.1,42.5,34.5,15.8,21.6,57.1,167.2,56.3,36.4,43.9,78.4,76.7,34.4,42.1,105.2,98.1,29.0,18.8,7.2,67.9,16.5
24.0,38.5,34.1,50.2,102.6,40.2,142.5,105.0,104.1,95.8,77.3,59.2,73.3,27.5,21.1,56.9,34.4,41.7,41.1,40.3,47.4,6.7,37.7,39.7,141.5,45.9,34.0,15.2,23.8,56.2,165.9,62.9,40.8,48.5,87.9,92.5,33.7,41.1,104.8,97.0,28.0,15.9,7.9,79.7,17.5
22.1,37.9,34.4,46.1,96.1,37.2,148.1,93.4,97.3,88.1,82.4,56.5,73.0,26.8,20.6,56.3,32.9,32.8,33.7,37.5,50.4,6.8,37.5,40.4,147.9,44.6,36.0,13.3,20.2,57.4,171.1,58.4,40.0,48.3,80.8,80.2,30.9,39.5,111.4,102.2,28.0,18.0,8.6,72.6,16.6
22.9,41.8,43.6,56.3,107.1,37.7,150.2,119.5,123.1,106.8,80.4,68.3,82.2,31.3,21.8,57.8,35.1,48.2,47.2,42.8,49.3,6.0,42.5,44.7,148.7,52.7,37.0,15.0,24.9,60.7,173.5,68.8,41.1,49.4,98.1,101.6,34.6,42.9,111.4,103.5,27.8,16.6,8.4,100.5,18.6
21.6,39.2,30.4,45.9,91.1,34.1,155.0,91.9,93.2,86.0,83.7,61.6,71.6,25.5,20.9,57.1,33.6,39.1,40.4,35.9,49.9,6.7,36.3,39.6,155.1,42.0,37.7,15.6,22.7,59.6,180.7,52.9,46.6,52.0,77.0,78.5,38.2,43.7,112.4,107.1,28.2,21.2,5.4,67.4,17.1
19.4,38.9,29.9,46.3,87.0,32.7,147.1,90.8,94.4,83.4,77.9,57.7,69.0,25.5,20.5,55.3,32.5,37.1,37.9,35.1,49.1,6.5,36.4,40.1,146.3,44.0,39.2,15.1,19.7,63.8,170.0,47.9,40.7,46.4,71.8,70.8,31.5,37.4,108.6,102.9,27.8,17.2,5.8,59.8,16.7
21.6,38.5,30.5,47.2,95.4,36.5,147.3,95.9,97.8,91.4,79.4,63.1,74.0,26.5,19.8,55.2,33.0,38.9,38.0,38.8,48.7,6.3,36.8,39.4,145.7,41.7,35.8,14.3,19.7,59.2,170.2,56.3,42.0,47.4,80.7,80.9,33.4,39.4,108.0,102.2,28.0,19.2,6.2,70.6,17.3
20.9,40.4,31.0,48.6,93.8,34.8,155.6,91.7,96.5,85.2,84.8,57.6,70.8,27.9,20.3,55.9,31.7,39.7,41.8,38.1,49.0,6.5,35.6,40.3,154.3,42.5,39.2,15.5,23.0,62.6,181.0,52.3,43.6,50.8,74.7,78.1,36.5,43.8,113.4,105.9,30.1,16.9,7.1,69.8,17.1
24.7,38.8,34.2,49.8,103.2,41.3,156.4,104.3,106.6,98.4,84.6,69.5,82.8,29.0,22.6,56.5,36.8,39.6,39.3,41.1,54.2,7.2,39.0,40.8,156.7,45.1,36.2,13.8,24.6,59.2,180.7,62.6,40.6,48.0,89.7,93.2,37.9,45.4,117.4,109.6,29.7,19.1,7.8,89.0,18.3
20.9,38.3,31.5,48.0,95.5,37.4,146.0,96.3,99.0,91.8,78.5,63.0,72.5,26.3,19.8,57.8,32.3,36.8,37.8,39.4,47.5,6.9,37.5,39.9,146.2,41.4,33.8,14.0,21.9,54.0,171.0,58.0,39.3,45.1,78.8,81.5,35.7,41.4,108.7,103.2,28.2,18.1,6.0,71.1,16.8
22.4,38.8,37.7,52.3,104.3,38.5,155.3,108.4,111.9,98.6,88.8,67.1,75.7,28.6,22.6,57.9,35.9,40.8,41.4,41.3,54.6,6.8,39.9,44.9,155.5,47.9,40.9,14.6,22.8,66.4,180.4,62.9,39.6,44.4,90.4,89.2,35.7,41.3,117.7,111.5,28.2,20.1,5.4,89.8,18.6
22.8,39.7,34.7,50.5,102.8,39.4,152.5,105.4,107.3,97.9,82.5,72.3,84.0,28.6,22.1,57.1,35.4,39.6,40.9,40.1,50.3,7.8,39.6,41.7,151.9,46.1,36.3,15.3,22.7,59.7,173.8,61.3,41.5,48.0,91.3,91.3,33.6,40.7,113.4,106.8,29.9,20.7,6.3,85.6,18.1
21.4,39.5,32.2,46.0,97.1,36.7,160.3,95.2,98.8,87.8,89.0,57.2,76.8,26.6,20.5,53.9,35.2,38.0,39.5,38.0,55.5,6.7,37.9,40.1,159.2,43.3,38.7,14.9,22.8,63.5,181.4,59.3,41.1,51.8,79.8,83.1,33.3,43.7,122.1,111.1,30.3,15.5,10.8,75.3,16.3
20.6,41.5,29.8,48.5,90.7,35.5,155.5,92.7,96.6,85.8,88.9,62.4,71.0,25.8,20.9,53.2,33.9,39.8,40.2,35.8,53.4,6.9,36.3,39.5,153.9,42.9,39.0,16.5,21.4,64.3,179.5,52.6,40.9,45.1,76.7,75.5,34.2,39.3,117.0,113.2,28.5,21.2,4.2,67.1,16.8
22.4,37.4,35.2,50.1,99.4,39.3,142.8,103.5,103.1,94.9,76.6,62.0,78.1,27.3,21.0,56.9,33.1,40.0,39.5,38.5,45.6,6.0,37.7,41.8,142.2,45.0,33.8,13.9,22.1,56.1,165.2,62.0,38.1,46.9,84.0,89.1,33.2,44.2,105.2,97.0,29.6,17.3,8.4,76.4,17.0
22.2,39.1,34.4,47.1,94.0,39.5,148.5,98.5,99.2,91.6,85.4,68.0,78.1,28.2,22.0,57.1,34.7,38.6,40.2,38.8,53.1,7.5,37.0,40.3,148.6,43.5,38.5,14.6,22.3,63.0,172.1,57.6,36.1,41.2,82.1,82.3,30.5,37.1,115.0,108.7,27.5,17.7,6.4,74.9,17.6
20.8,39.1,32.2,46.8,93.0,34.4,144.1,91.0,95.3,85.2,79.1,59.0,71.6,27.5,20.6,56.8,32.9,39.8,40.3,36.2,49.2,5.9,39.3,41.2,143.2,41.7,34.9,14.2,23.3,55.0,167.4,57.9,37.7,44.5,78.1,75.3,31.5,38.5,107.0,100.9,27.6,16.5,6.8,66.5,16.7
21.0,40.9,37.0,50.1,102.5,38.7,158.5,99.4,105.5,89.6,88.7,69.3,84.8,30.0,22.4,58.9,35.2,36.4,39.2,38.5,54.6,6.2,38.7,42.5,159.0,47.5,37.9,15.8,23.7,60.3,184.3,62.8,38.6,46.4,84.4,86.9,34.0,42.7,121.2,113.4,32.0,20.1,8.3,87.5,18.4
24.0,39.5,33.9,49.4,98.0,41.5,154.0,100.4,105.6,94.6,84.6,67.0,76.0,27.5,22.4,60.6,36.0,42.1,41.7,39.7,52.2,7.2,37.5,40.0,153.7,44.9,39.0,15.4,22.2,62.5,180.1,60.9,40.9,46.3,85.8,86.2,33.6,39.3,115.0,109.1,29.5,21.0,5.5,82.9,18.6
22.1,40.5,32.5,47.9,91.0,35.3,154.3,90.1,93.7,83.1,88.3,57.1,68.0,28.0,21.2,54.7,34.0,36.1,37.4,37.0,52.5,6.6,38.5,41.1,153.3,41.5,38.2,14.1,20.8,64.2,178.0,53.7,39.2,45.3,71.9,72.5,34.0,39.7,116.0,109.8,27.9,17.5,6.2,68.7,17.4
21.0,36.9,30.3,45.5,92.9,37.5,143.4,92.7,94.0,89.5,77.4,56.9,72.7,23.8,19.1,55.2,31.7,37.7,38.3,36.3,48.6,6.4,34.6,37.5,142.5,40.3,35.1,13.4,20.9,58.1,166.2,59.3,38.2,46.7,83.2,87.8,32.5,40.5,107.6,99.0,26.9,12.5,9.0,69.2,16.0
22.1,38.5,33.3,48.8,99.9,38.7,147.6,99.5,102.7,92.8,82.0,61.2,77.7,27.7,20.6,54.1,33.0,40.8,42.2,38.1,49.0,6.8,36.6,39.3,146.7,44.1,36.5,15.9,25.1,58.5,171.2,59.2,39.2,47.5,85.7,88.1,32.0,40.8,111.4,102.4,29.3,18.2,8.7,77.2,16.9
22.2,40.3,35.0,50.6,104.1,38.4,154.8,108.9,107.4,103.7,82.3,67.1,86.4,28.5,22.5,57.2,33.8,43.0,42.6,38.5,51.0,6.8,40.1,42.7,153.0,45.7,37.3,16.0,24.0,59.1,177.8,61.2,42.1,49.6,98.3,101.5,37.6,45.5,115.3,107.3,29.9,19.5,8.3,88.6,18.0
21.2,41.6,31.5,50.4,97.2,34.4,152.4,95.3,98.6,90.4,83.6,64.6,73.0,28.2,21.3,55.6,33.4,41.7,43.2,38.9,50.9,6.3,38.0,39.1,151.4,43.4,36.8,15.9,21.8,59.5,177.1,57.7,43.2,47.0,82.1,82.8,38.0,42.9,111.0,107.7,28.3,18.8,4.3,74.5,18.4
22.3,38.2,34.2,44.9,95.1,36.3,136.8,86.0,90.3,81.1,76.2,60.2,73.0,27.5,20.5,57.3,32.0,33.6,37.2,38.1,45.0,6.7,35.4,38.5,136.1,39.4,32.7,15.0,19.4,54.2,160.8,57.9,36.5,43.5,75.3,74.9,31.2,38.8,103.1,96.2,26.0,16.5,7.6,64.8,16.7
22.7,39.5,37.2,50.4,103.3,38.2,147.1,100.2,106.9,95.3,80.5,65.5,77.4,29.3,22.8,56.7,35.8,39.5,40.5,40.2,50.1,6.2,39.0,42.5,146.7,47.4,34.5,15.5,23.9,55.7,168.2,62.6,36.7,46.1,91.0,92.1,33.8,41.0,110.1,103.4,27.8,16.2,7.3,84.0,18.7
22.5,40.8,34.2,50.4,96.8,37.8,153.2,100.0,106.5,94.4,80.2,70.5,78.4,26.9,21.7,55.7,33.2,41.4,42.0,38.2,48.7,6.2,39.0,41.6,152.4,44.5,36.0,14.9,23.9,59.0,177.8,55.7,45.0,49.0,85.2,86.1,37.5,42.1,111.0,105.3,30.7,24.0,4.5,78.8,18.8
26.7,41.2,37.0,53.6,109.3,43.5,162.5,114.3,113.1,104.8,85.8,71.9,86.7,30.4,23.9,59.3,39.7,47.5,47.5,44.5,54.5,7.1,39.3,43.0,161.3,48.5,38.2,15.0,25.6,65.2,185.7,70.2,45.2,52.8,96.8,105.0,37.0,45.4,120.5,112.0,30.1,16.7,8.7,109.5,19.9
21.5,40.6,33.9,49.3,97.0,37.2,151.1,95.3,98.2,90.9,82.0,61.6,79.8,26.9,22.3,57.5,34.9,40.4,42.5,38.2,51.9,7.0,38.6,42.3,150.8,43.3,35.8,15.2,22.3,59.2,174.4,56.9,40.2,50.0,84.9,85.2,33.0,43.2,114.5,105.0,29.4,13.8,10.2,76.2,17.7
23.2,42.1,37.1,54.2,112.0,40.0,161.0,117.4,120.3,112.3,83.8,76.6,94.6,28.2,21.8,58.6,34.9,47.1,46.2,42.1,51.9,7.0,42.7,46.1,159.2,54.2,38.3,15.2,23.7,63.6,183.2,68.0,46.4,55.2,111.2,116.9,38.4,47.6,118.3,109.6,30.6,20.0,9.0,111.2,18.2
22.8,37.0,32.0,45.6,94.1,36.9,138.5,91.9,95.6,86.6,74.8,63.0,70.5,26.0,21.9,54.4,33.5,36.8,37.5,37.3,46.6,6.8,36.1,38.7,137.8,41.4,33.4,13.4,21.1,56.1,162.2,56.1,38.2,42.0,76.5,77.2,32.6,36.2,102.0,98.0,27.0,19.8,4.0,64.5,17.0
22.8,40.3,34.0,47.7,95.6,37.2,150.8,94.8,98.1,86.8,81.7,63.5,71.7,27.8,21.7,54.2,33.2,44.2,42.7,38.5,49.7,6.2,37.4,42.1,148.8,42.2,35.0,13.9,21.8,59.4,174.2,56.7,44.6,48.8,75.6,77.8,34.7,39.6,109.3,105.5,28.5,19.8,4.9,71.4,18.2
24.1,44.3,34.8,54.6,110.9,39.3,153.2,102.4,106.6,94.7,81.9,68.7,82.5,29.1,22.1,58.9,34.2,42.5,44.3,40.1,50.2,7.4,39.4,42.0,152.5,45.0,37.3,17.2,24.9,61.2,177.7,67.4,42.6,49.9,89.5,97.3,36.3,44.1,112.2,104.6,30.3,19.3,7.8,90.2,17.9
24.3,41.3,33.9,53.9,107.9,41.2,157.0,108.9,111.6,98.3,82.0,71.4,92.5,28.6,20.9,57.5,34.4,43.4,43.7,38.9,48.4,7.4,39.0,42.1,155.9,45.9,36.6,16.1,23.8,59.6,182.2,64.5,43.7,53.5,93.4,102.8,34.7,45.7,115.4,105.2,33.4,17.8,10.5,93.7,18.2
22.4,35.9,34.0,49.1,102.0,37.3,150.3,103.6,107.1,100.4,80.1,65.1,75.0,27.6,20.8,56.2,34.1,39.4,38.0,40.2,48.4,7.0,39.2,43.6,150.1,47.4,35.2,13.0,22.1,55.7,174.8,61.8,44.7,50.5,92.8,91.3,36.2,41.6,109.4,103.4,29.2,19.8,5.8,81.3,18.0
23.0,36.4,37.3,49.3,100.4,37.0,158.4,100.4,106.4,94.1,86.3,66.6,76.8,29.2,21.5,55.2,32.7,38.0,39.2,39.3,53.0,6.5,38.1,41.0,156.5,46.5,36.5,13.3,23.8,58.1,183.6,60.1,44.4,49.1,78.4,83.9,38.4,44.4,115.5,110.2,28.3,20.3,5.3,82.1,17.9
24.6,40.8,37.2,54.2,109.4,42.7,153.2,112.4,113.0,105.7,78.9,68.1,91.5,30.6,23.3,58.4,35.6,42.4,41.9,40.4,48.3,7.2,41.6,43.3,151.3,51.2,38.1,15.2,23.4,59.5,174.8,65.9,42.0,54.5,103.4,105.0,35.5,47.1,113.5,101.7,32.7,15.7,12.0,101.4,18.4
22.6,38.0,35.5,47.8,100.9,37.8,147.8,100.4,102.5,93.5,79.6,65.6,79.1,28.7,21.6,56.1,33.7,41.0,41.5,38.7,47.5,6.4,38.5,40.5,148.0,45.6,36.1,14.9,22.2,58.1,171.2,60.1,40.1,47.2,84.6,86.5,35.7,43.3,110.2,103.2,29.6,19.1,7.5,79.5,18.1
22.0,38.4,34.0,47.4,99.2,37.2,159.5,101.1,102.9,93.4,90.0,66.7,77.7,28.3,22.4,56.6,35.8,39.2,39.2,38.9,55.8,7.2,38.3,43.2,158.5,44.9,37.5,14.6,22.6,63.1,182.0,61.5,42.9,48.5,87.7,89.4,31.9,37.6,120.4,114.4,28.1,20.5,6.4,81.1,17.2
21.6,40.3,32.8,47.3,94.4,33.3,157.4,95.8,98.7,87.8,86.6,58.5,71.8,26.7,20.9,55.7,33.4,41.4,41.9,37.3,51.8,7.5,36.9,39.8,155.3,42.9,37.8,14.7,22.3,62.3,182.3,56.3,44.4,51.4,74.5,77.4,37.5,44.8,115.0,107.4,29.4,16.7,7.7,70.8,17.4
22.4,38.2,33.1,48.6,90.7,37.2,145.9,97.6,101.3,91.4,81.0,56.0,68.0,26.4,21.2,56.2,33.1,37.4,37.9,37.3,49.4,6.1,37.2,40.7,144.7,43.0,36.2,13.8,22.6,58.8,169.0,56.8,39.8,46.2,78.8,79.0,31.8,38.1,108.3,102.0,25.7,15.5,6.9,69.5,16.9
21.6,37.9,31.1,46.3,98.3,36.5,134.0,93.9,95.9,89.5,70.7,58.1,78.5,26.0,21.3,55.5,31.9,36.8,38.7,37.8,44.6,6.0,36.5,39.3,133.2,42.4,34.7,13.7,20.1,56.6,157.2,57.4,36.9,48.0,87.6,91.5,28.4,40.7,100.6,89.3,28.3,12.2,10.8,67.4,17.2
23.3,44.1,35.0,55.9,105.3,40.3,162.3,108.0,114.1,101.5,87.8,75.5,83.0,28.9,22.6,57.0,34.2,48.4,49.3,42.4,55.6,8.1,42.9,46.5,162.6,48.5,40.0,16.3,26.7,63.8,187.5,66.2,44.0,47.6,90.4,94.4,40.8,45.1,120.0,115.6,30.7,21.8,4.0,98.5,18.2
23.1,39.8,34.7,50.0,95.4,39.7,156.6,91.9,97.7,86.0,87.7,67.4,74.3,28.6,21.5,57.4,34.8,40.1,41.0,37.4,52.8,6.0,38.4,41.9,155.3,45.3,38.0,15.4,23.3,61.1,181.1,55.7,42.2,45.3,73.7,74.7,36.3,40.4,115.3,111.4,27.1,19.6,3.7,78.1,17.7
21.8,39.5,34.2,48.3,98.1,36.9,138.0,99.5,101.4,91.7,75.1,62.0,76.3,26.2,20.6,55.5,31.2,39.3,41.3,37.8,44.0,6.4,37.5,40.0,136.8,43.7,34.6,14.1,22.8,57.3,159.9,59.1,37.0,45.0,86.8,91.6,33.1,41.5,104.0,96.2,29.3,17.2,8.6,73.4,17.0
24.6,41.3,35.4,54.0,106.5,41.1,153.3,113.1,116.0,107.3,81.7,68.2,84.8,30.1,21.5,57.8,34.8,44.1,43.9,40.6,51.1,6.6,41.3,43.6,153.7,49.7,36.2,15.4,23.7,59.5,177.7,65.1,41.2,50.8,100.5,101.5,38.0,46.9,113.7,104.5,30.0,14.0,10.0,97.7,18.3
22.4,38.7,35.2,49.3,101.4,39.5,150.5,97.4,102.5,91.2,84.2,67.0,76.8,27.4,21.5,55.7,34.7,40.3,41.1,40.2,51.1,6.8,37.6,40.0,149.5,45.0,37.3,14.3,21.9,62.1,173.0,65.2,37.9,43.1,84.7,86.4,33.1,39.5,113.2,107.3,28.0,17.4,6.2,80.6,17.8
22.9,40.5,34.4,50.6,102.1,39.5,154.5,105.0,109.6,98.0,83.2,69.0,81.5,28.3,21.8,55.2,32.8,42.8,43.8,40.2,50.3,6.4,37.9,41.3,153.8,45.0,38.7,15.8,26.0,61.2,177.8,63.5,41.8,47.7,88.7,92.2,35.8,43.2,115.6,107.7,29.7,20.3,7.0,86.6,17.7
20.0,36.8,30.5,44.7,87.6,35.3,145.0,91.2,93.0,87.8,80.5,56.5,70.7,25.7,21.4,54.4,32.4,33.0,34.8,35.5,48.5,6.1,36.7,39.6,144.8,39.8,34.4,13.1,22.4,56.5,169.2,52.8,39.8,47.5,77.4,77.9,34.2,42.1,108.2,100.4,28.0,15.0,8.2,63.9,16.9
22.4,40.1,31.9,50.6,96.3,38.0,159.8,97.2,102.3,92.1,89.0,63.6,81.2,28.0,21.5,56.7,35.1,37.3,39.6,40.5,53.7,6.9,38.3,42.1,159.5,46.0,37.8,14.7,23.2,60.2,185.0,57.9,40.5,49.3,83.0,84.1,34.5,44.0,119.8,110.3,31.5,18.1,10.2,80.0,18.0
23.8,41.8,36.0,53.4,99.9,41.3,152.2,105.7,112.7,100.0,83.6,70.4,82.9,29.5,22.3,58.6,34.5,41.0,41.8,40.0,51.1,7.2,38.2,40.5,151.6,46.8,38.4,15.7,25.6,63.4,175.1,63.0,41.6,47.6,90.1,92.1,35.1,41.8,114.5,107.4,30.5,19.4,7.4,89.3,18.7
22.1,41.2,34.1,49.4,92.2,38.5,153.1,96.4,101.5,91.7,83.6,62.2,72.5,28.0,22.1,56.1,33.4,40.3,41.7,37.2,51.1,5.5,39.2,41.7,151.9,44.5,36.8,16.3,22.3,58.1,176.4,55.2,41.7,47.4,81.8,82.5,35.1,40.8,112.9,106.6,28.7,18.5,5.9,74.1,18.5
22.5,39.4,33.8,49.1,99.8,38.8,158.2,99.9,104.4,92.5,94.2,60.0,73.7,28.2,21.3,56.8,35.1,41.2,41.9,37.1,56.7,7.0,38.0,42.3,157.5,44.5,40.7,15.1,21.7,68.2,181.3,61.0,38.8,45.5,82.1,80.4,32.2,39.0,121.3,114.6,27.1,18.0,6.8,81.1,17.0
21.7,38.6,34.8,51.0,103.6,38.4,153.4,107.2,111.3,99.9,84.8,66.9,82.0,28.3,22.2,57.9,34.7,40.4,39.8,40.4,50.8,6.9,35.8,38.6,153.3,45.9,38.6,15.2,25.2,62.7,177.2,61.7,40.4,48.5,95.5,95.9,36.0,44.8,115.3,107.2,31.2,20.8,8.0,85.1,17.2
22.4,41.8,35.5,51.2,100.8,37.9,156.8,103.6,108.4,95.7,86.5,65.4,78.9,28.7,22.4,57.4,34.8,40.7,41.1,40.9,52.1,7.0,38.7,41.9,155.3,44.8,36.8,14.2,23.0,61.9,180.2,60.5,41.6,48.8,84.3,85.8,33.3,41.1,117.3,109.8,30.6,17.6,8.3,81.6,18.5
20.3,40.5,33.8,47.9,97.9,36.8,150.0,92.5,96.6,87.6,81.4,64.2,82.1,28.1,21.6,57.7,35.3,37.8,40.4,38.2,49.6,6.3,36.4,38.6,149.3,43.5,36.1,15.9,21.3,60.4,172.2,57.9,40.2,47.6,81.5,78.3,35.1,44.0,112.0,103.2,28.6,17.3,9.0,74.1,17.6
22.4,41.8,34.2,50.1,102.7,39.0,159.9,101.6,106.8,95.1,88.4,65.8,79.1,28.2,22.3,58.6,35.1,43.5,44.5,42.1,53.0,5.6,40.2,42.5,158.6,44.6,39.3,15.5,23.9,64.5,182.9,63.3,41.2,47.8,85.1,86.2,36.0,43.5,119.9,112.7,29.9,17.5,6.6,87.5,17.5
21.3,40.1,30.8,47.3,98.4,34.9,165.5,97.9,100.1,90.1,90.5,67.3,78.2,27.1,22.9,56.4,33.7,40.5,41.0,39.1,53.5,6.8,38.1,40.1,164.4,42.2,40.0,16.3,22.1,67.1,189.0,56.4,47.2,53.4,85.1,90.1,39.8,46.1,120.8,114.5,30.7,21.6,5.7,80.8,17.5
23.6,41.8,37.5,53.4,103.0,41.4,156.7,106.6,112.0,98.4,87.6,67.7,83.5,30.0,22.5,60.0,34.3,43.0,44.2,41.6,52.2,7.3,40.6,43.4,155.7,48.4,38.3,15.8,23.6,60.5,180.7,65.8,38.7,47.4,88.0,90.5,32.2,40.9,119.7,111.4,31.7,17.7,8.7,93.3,18.3
21.5,39.8,35.1,49.6,98.1,37.8,141.9,97.5,103.1,90.1,77.7,61.6,75.0,28.1,22.1,56.7,33.0,40.3,43.2,37.2,45.7,5.7,37.4,38.8,142.3,43.6,34.7,16.4,23.1,58.9,164.0,61.5,36.9,45.5,79.2,79.9,34.1,39.4,105.2,98.7,27.1,17.9,5.9,72.7,17.3
22.3,40.2,35.5,49.0,104.0,40.1,154.6,98.0,100.8,87.3,91.7,67.7,80.0,27.9,20.5,54.9,34.3,39.6,41.9,42.6,53.5,6.6,37.9,41.5,153.5,44.7,39.7,15.3,21.5,65.9,175.2,65.3,37.6,44.2,85.1,86.3,29.0,36.9,119.7,112.0,28.2,18.9,7.5,86.9,16.7
22.1,38.7,35.0,47.8,93.9,37.1,145.1,94.7,97.8,87.4,84.6,58.6,70.9,26.9,21.6,56.4,34.8,40.2,41.3,38.4,50.4,6.6,38.9,41.6,144.8,42.3,34.2,14.6,21.7,57.1,167.5,57.2,37.9,44.7,80.9,77.0,29.2,36.6,110.0,102.8,26.9,14.8,7.6,70.6,16.7
20.5,38.9,34.6,49.9,104.6,35.0,154.8,105.0,106.9,99.8,85.4,63.5,79.7,27.5,20.0,58.5,32.8,39.3,38.3,38.7,52.1,6.3,40.2,42.7,154.0,46.1,38.4,13.3,22.0,62.5,178.2,64.7,42.5,51.3,92.4,91.7,34.6,43.7,115.4,105.9,28.3,16.6,9.1,87.2,16.4
21.6,40.5,33.3,48.2,93.9,33.7,164.3,97.6,102.4,92.1,90.6,64.5,75.8,27.7,22.4,54.4,34.5,35.8,37.6,36.7,55.6,7.8,38.3,41.3,162.9,45.4,39.4,15.0,21.9,64.0,188.1,54.8,44.1,50.4,81.5,85.6,38.5,45.0,121.0,114.5,29.4,18.7,6.2,74.6,18.0
24.1,40.5,34.7,51.0,99.0,41.8,158.6,98.8,103.8,91.9,86.6,65.0,76.2,29.1,21.9,59.0,36.0,42.1,43.0,40.7,54.6,7.2,39.1,40.4,158.0,47.1,38.6,16.5,22.7,62.5,183.1,61.0,44.2,50.1,83.6,86.5,37.9,44.1,116.8,111.1,30.5,20.5,7.1,84.1,18.7
22.0,40.4,35.9,49.4,99.5,37.1,156.4,99.4,105.3,91.4,85.9,63.6,77.8,27.6,20.6,58.5,34.0,39.4,39.9,38.6,50.3,7.1,40.4,43.5,156.0,45.0,36.8,14.8,22.4,60.2,180.6,58.4,41.4,48.7,82.3,84.5,33.6,41.3,117.0,109.5,32.3,22.0,8.2,80.3,17.1
22.2,44.1,31.1,51.7,98.5,37.2,162.1,94.5,98.3,88.4,93.0,62.2,74.6,25.5,21.8,55.4,35.9,40.8,41.4,41.6,54.6,7.6,36.7,38.6,161.1,43.9,40.2,17.7,21.8,66.5,184.9,56.8,42.7,49.9,80.0,82.7,34.8,41.5,121.5,114.6,29.6,16.5,7.4,78.5,17.6
23.6,41.4,33.0,51.5,99.8,41.7,149.2,107.5,112.4,102.2,82.0,70.3,81.6,27.5,20.7,56.0,34.8,46.0,45.5,40.9,50.6,6.9,37.2,40.3,148.6,44.2,36.7,16.5,24.0,59.2,172.8,62.1,39.6,46.0,92.1,93.6,33.3,39.9,112.0,105.5,27.9,17.3,7.1,83.7,18.0
22.9,40.8,34.6,51.1,100.6,38.1,150.5,103.2,108.5,96.9,81.6,69.6,77.0,28.2,20.9,57.1,33.8,43.5,42.6,38.9,49.0,6.6,39.2,41.3,149.4,44.5,37.1,14.8,23.3,60.2,174.1,60.8,42.6,46.2,83.9,86.7,33.7,40.9,109.2,103.2,27.4,21.4,3.5,80.4,17.8
21.4,37.3,31.5,46.5,91.8,35.5,145.4,94.7,96.4,89.4,83.0,60.1,68.9,27.3,20.7,56.6,32.0,41.3,40.3,36.4,45.0,6.5,37.3,39.2,146.0,43.8,36.3,14.1,22.3,60.3,168.7,54.2,39.1,44.0,79.2,80.5,34.1,39.8,109.0,102.8,27.7,17.0,5.9,66.4,17.2
20.3,37.9,31.3,46.2,93.0,35.6,153.4,95.2,97.9,90.6,83.7,61.3,74.2,26.4,21.4,57.5,32.7,37.3,38.2,37.1,49.7,7.3,35.6,38.2,152.2,42.3,35.1,14.9,22.4,57.4,177.8,52.3,43.7,50.8,81.8,81.9,35.2,42.3,112.9,104.7,29.7,17.6,7.8,70.8,17.1
22.5,39.3,40.3,50.5,98.4,38.8,142.1,101.6,105.5,91.3,77.7,63.1,73.8,29.3,22.2,55.6,33.3,45.0,45.0,38.4,47.4,5.6,41.4,43.6,142.5,46.6,34.1,14.5,23.5,54.6,165.1,61.2,39.3,45.4,81.9,82.3,33.2,39.6,104.6,98.2,27.4,15.8,6.9,79.5,17.3
24.6,41.3,38.2,53.0,108.7,40.6,157.3,107.6,113.8,102.4,83.5,69.5,82.3,30.4,22.2,60.3,36.8,42.9,44.2,42.5,53.5,7.4,39.7,40.9,157.7,48.1,37.5,16.9,25.3,59.8,182.7,69.0,44.5,51.4,93.0,99.2,37.6,46.5,115.2,108.1,29.6,20.0,7.2,100.0,18.8
23.9,42.2,38.1,55.4,111.0,40.7,156.9,119.0,119.3,111.1,83.5,70.9,89.0,29.3,22.4,58.4,36.0,47.9,46.7,41.2,51.2,6.4,42.4,42.9,155.9,50.9,36.5,15.6,25.8,59.9,180.6,67.7,41.8,50.6,104.7,109.7,36.9,46.4,116.3,107.8,32.1,21.1,10.0,104.4,18.4
22.8,38.6,33.0,48.9,103.8,40.3,153.8,103.3,104.1,97.9,85.7,65.9,79.9,28.3,21.7,58.2,33.7,39.8,40.3,41.3,50.7,6.4,37.6,41.7,153.2,46.9,38.0,14.1,23.6,61.9,178.8,63.0,40.5,48.3,89.1,93.9,35.5,43.3,115.3,107.7,31.0,19.1,8.3,88.1,18.1
20.0,37.7,29.2,43.3,89.9,32.1,150.3,82.4,85.3,76.6,89.2,58.3,70.0,25.5,20.6,54.4,32.9,31.2,34.5,36.5,52.2,6.8,36.5,39.8,149.9,41.5,36.2,14.3,18.2,59.1,173.3,53.9,37.5,43.4,73.5,75.7,31.5,37.5,114.4,108.7,26.9,16.0,6.8,60.3,16.2
22.7,43.1,34.5,49.8,102.0,38.3,164.2,95.2,99.7,87.9,90.0,64.0,77.2,28.8,21.2,58.6,34.7,40.1,40.5,41.0,55.0,6.4,37.3,40.0,163.0,44.7,38.6,16.8,23.8,63.2,188.6,57.2,44.7,51.0,75.5,76.2,37.1,44.5,120.8,113.6,30.8,19.1,7.2,82.3,17.3
20.2,42.2,33.1,51.1,99.5,32.9,155.8,92.8,97.1,85.1,84.5,66.0,78.1,26.3,20.9,56.0,33.9,37.6,39.7,36.7,49.0,5.6,35.8,39.5,155.2,44.5,39.2,16.2,21.4,64.7,180.7,57.8,43.5,50.5,76.6,76.6,36.3,43.1,114.6,107.5,29.8,21.0,6.8,75.5,17.0
22.1,39.2,33.6,50.0,101.2,38.9,156.7,101.3,106.0,97.1,86.5,65.6,75.9,27.7,21.1,57.0,33.0,45.2,44.6,39.4,51.9,6.9,37.5,40.8,155.2,45.0,37.0,13.9,23.0,61.0,182.6,61.4,43.2,48.8,83.2,88.1,36.9,42.5,115.5,109.6,28.9,19.6,5.9,81.9,17.6
22.1,41.5,30.0,47.6,91.1,37.0,148.8,90.3,95.4,84.3,80.7,59.3,70.2,25.3,19.2,57.0,32.8,39.2,40.4,36.1,49.1,6.6,37.1,40.7,146.8,42.0,35.0,15.1,22.2,57.0,174.0,54.9,42.7,48.9,74.5,77.0,35.4,42.2,107.8,100.5,28.6,16.8,6.7,65.9,16.4
23.8,40.6,32.2,51.3,98.3,39.8,165.0,105.4,107.9,101.5,86.8,67.7,83.3,27.1,21.8,57.2,34.7,44.6,44.8,39.6,54.6,8.0,38.6,41.1,163.7,43.8,38.6,17.0,22.8,65.1,191.1,59.2,46.0,54.0,93.2,100.4,42.2,52.0,120.2,111.8,31.0,19.3,8.6,89.3,18.2
19.9,36.6,34.0,46.6,98.3,33.2,153.5,100.6,102.7,94.9,87.9,63.0,76.1,28.1,21.1,58.3,34.2,38.2,39.0,37.5,52.8,6.7,39.8,42.9,153.3,44.7,38.7,14.5,21.2,61.3,177.0,57.5,40.0,46.6,87.2,87.2,33.1,40.5,115.5,109.2,27.7,18.0,7.1,77.2,17.1
22.0,38.6,31.0,47.9,86.7,35.8,151.8,87.2,91.4,80.1,83.2,58.0,71.4,24.6,20.6,56.1,32.5,35.5,37.4,36.2,49.3,6.9,33.8,38.8,151.2,41.3,37.1,13.9,21.5,60.1,178.5,48.5,41.5,48.6,70.3,71.3,33.8,41.2,110.9,104.2,29.5,17.1,7.8,61.3,16.1
22.4,40.0,35.7,50.7,97.4,39.6,148.2,102.7,105.0,99.0,78.4,65.2,71.4,28.8,22.0,58.9,36.1,42.9,43.5,39.6,49.0,6.4,38.3,40.8,146.8,46.8,36.7,14.6,22.5,59.8,171.3,60.2,42.7,46.1,80.7,82.5,37.5,40.8,106.6,103.1,27.2,21.0,3.1,78.9,17.9
22.6,40.3,38.0,52.5,106.6,40.9,156.3,103.8,107.5,94.5,84.3,69.9,89.0,29.2,21.7,57.4,34.6,42.4,43.7,41.7,51.4,6.9,37.1,39.6,155.2,45.5,35.5,16.0,23.8,58.9,178.2,67.6,41.0,50.7,88.9,96.5,33.7,43.4,118.3,108.8,32.6,18.6,10.6,90.5,17.4
20.1,38.1,34.2,46.5,86.4,31.9,145.5,91.9,93.2,85.0,81.7,60.0,70.7,26.5,20.7,53.6,32.3,33.9,36.3,33.8,49.2,5.9,36.0,38.8,145.3,43.3,36.5,14.9,22.4,60.5,168.5,51.8,37.9,44.0,71.8,68.8,31.4,38.2,109.2,103.3,25.5,15.9,5.9,60.5,16.6
22.6,39.9,33.9,51.0,96.2,37.4,162.6,101.1,104.1,94.6,87.2,63.2,75.7,29.0,22.5,56.7,36.6,39.8,40.2,37.7,54.2,7.5,40.0,41.8,161.5,48.8,38.6,15.0,22.4,64.6,187.3,56.0,46.8,53.1,79.4,78.7,39.8,46.1,118.4,111.3,30.8,21.0,6.9,79.2,18.9
24.5,41.3,37.8,53.7,105.8,42.5,150.8,105.3,109.9,99.7,82.4,66.1,79.8,28.6,23.2,59.0,34.5,44.1,43.8,42.5,49.0,6.9,41.1,44.4,149.7,47.5,37.1,15.0,25.3,59.9,176.3,65.7,41.8,48.9,89.6,93.9,34.8,42.9,111.4,104.5,28.6,18.2,7.0,92.2,18.1
21.7,40.6,30.4,49.2,98.3,38.6,154.3,90.8,95.8,85.4,89.3,59.0,75.0,27.1,21.8,55.9,34.2,41.5,43.6,38.2,54.4,6.9,38.3,41.2,154.3,42.1,36.8,16.4,22.6,61.9,177.8,60.4,37.2,45.8,80.6,80.2,31.2,41.3,119.8,110.1,29.6,15.6,10.1,74.7,16.3
22.0,40.1,33.7,49.6,98.2,37.8,158.5,98.6,101.3,91.0,87.2,66.4,81.3,27.9,21.9,54.5,34.3,38.3,39.4,37.5,51.6,7.5,37.5,41.5,157.4,45.9,38.5,14.3,21.5,62.2,182.7,59.3,42.1,49.5,82.1,87.8,35.4,44.1,118.5,110.3,31.9,18.5,8.7,79.8,17.0
23.2,38.8,35.3,49.0,92.0,39.5,155.9,95.9,101.4,90.2,87.4,58.0,74.3,27.8,21.8,56.2,35.2,40.3,39.5,36.8,52.5,7.4,38.8,41.9,155.7,44.2,36.6,14.7,23.3,61.1,179.7,53.9,41.3,49.7,80.9,79.1,33.3,41.5,116.6,108.3,30.5,17.5,8.8,69.8,17.8
24.3,41.3,37.1,52.3,112.1,46.6,157.4,111.5,112.3,104.3,82.7,69.9,91.0,29.2,22.4,58.3,35.3,41.2,40.9,43.5,51.3,7.0,39.1,42.2,156.2,48.8,38.1,14.3,21.7,61.8,182.1,72.7,42.0,52.3,97.7,102.5,37.7,49.2,117.8,106.5,32.4,16.3,11.8,106.7,18.7
20.7,41.0,30.7,47.5,95.0,33.3,150.6,92.4,96.4,86.3,80.5,61.0,71.0,25.7,19.7,55.0,32.7,38.8,39.0,37.4,49.1,6.7,35.5,37.4,149.6,42.1,36.7,16.2,21.9,58.4,174.6,53.0,42.9,48.2,80.2,81.5,36.8,42.6,109.5,103.2,28.0,19.7,6.0,67.0,16.3
23.3,42.0,35.5,53.3,102.4,40.1,158.6,110.3,113.6,105.6,84.5,68.8,86.3,28.3,22.1,56.6,34.0,40.0,40.8,40.5,52.7,6.3,41.1,42.2,158.3,45.9,40.1,15.8,24.9,65.9,181.9,66.2,42.4,51.5,96.4,98.6,38.0,46.9,117.8,108.6,29.5,19.1,9.8,95.4,17.9
24.2,42.6,41.8,51.0,112.4,42.4,154.0,105.0,107.4,99.1,85.7,64.8,85.2,30.7,22.7,58.7,35.4,44.2,46.0,42.6,52.3,5.5,38.6,41.3,153.3,49.7,38.0,16.0,24.3,61.0,176.6,70.1,41.1,51.2,92.4,98.5,32.9,43.7,115.4,106.1,29.0,16.3,9.8,101.1,18.3
22.8,40.5,36.8,53.2,91.9,39.0,152.1,99.4,107.8,90.1,86.3,54.5,70.5,28.7,22.1,55.6,33.9,39.3,39.2,36.6,51.2,5.9,37.0,40.5,151.4,46.6,38.5,15.0,25.6,62.5,176.5,57.1,41.1,49.1,81.0,77.3,32.0,40.5,115.4,107.2,29.1,15.0,8.5,74.4,17.4
21.4,37.1,33.2,45.6,92.8,34.3,145.1,92.8,94.9,87.2,79.2,63.8,73.2,26.8,20.1,55.6,31.4,36.0,37.9,37.9,47.9,6.5,35.5,38.2,144.5,41.1,34.6,15.4,19.4,57.3,169.6,56.6,39.9,45.7,77.2,79.4,32.5,38.9,107.1,101.5,27.7,18.4,5.9,67.8,16.9
23.5,42.2,41.2,52.8,106.4,42.8,150.4,107.9,115.3,97.5,84.1,69.0,79.6,30.2,22.4,58.3,34.5,46.8,46.5,41.5,51.0,6.3,40.1,43.3,150.4,47.1,36.4,15.8,24.9,60.5,175.2,65.5,38.2,44.8,89.3,90.3,33.0,39.4,114.5,107.9,30.4,19.2,7.0,93.9,18.3
21.6,37.3,34.1,46.8,95.8,37.6,144.9,95.3,99.6,91.5,77.5,64.0,77.8,27.6,20.6,55.0,32.9,38.5,38.5,38.3,48.6,6.5,38.9,42.3,143.9,42.6,33.8,14.3,21.1,54.6,168.9,56.8,38.8,47.2,82.8,83.9,33.0,40.6,108.3,100.0,31.2,17.2,8.2,71.5,17.6
24.0,43.0,40.2,55.2,112.4,40.4,148.4,115.6,120.4,109.4,79.1,72.5,87.2,29.2,22.2,56.2,35.3,49.5,49.1,41.9,50.0,6.8,40.6,42.9,148.0,50.0,36.6,16.6,24.2,59.2,173.3,72.9,40.6,47.5,93.3,103.0,37.6,44.1,109.1,102.0,29.2,17.3,7.6,100.5,18.3
22.8,38.2,32.4,49.0,95.5,39.3,148.4,98.0,98.6,92.0,80.7,64.7,73.3,28.3,22.4,54.9,34.4,39.2,40.5,37.0,50.1,7.3,35.6,39.0,146.8,42.5,36.6,13.7,22.5,58.8,172.6,56.1,42.1,47.2,83.3,84.1,35.2,40.5,108.2,103.8,27.4,18.4,5.6,74.2,17.9
22.7,40.9,35.2,52.0,100.9,39.5,154.1,106.1,110.0,98.5,84.4,60.8,80.8,27.4,21.7,57.2,33.8,45.8,45.6,39.7,54.0,7.5,38.8,42.2,153.8,47.8,38.1,15.7,24.2,61.9,180.2,64.7,39.3,49.1,90.4,97.6,34.4,44.5,116.8,106.6,29.7,16.5,10.9,87.3,17.6
22.5,39.0,33.0,45.7,96.0,36.7,148.5,93.4,95.9,86.0,85.5,54.6,66.6,28.2,21.2,54.4,35.1,37.3,38.1,40.0,52.5,6.1,36.4,39.6,146.7,40.9,36.4,14.7,20.0,59.6,171.5,57.7,40.0,45.8,75.9,72.7,32.5,39.6,110.8,104.0,25.5,17.5,6.0,70.8,17.8
22.0,38.6,32.0,48.4,96.2,35.4,151.9,96.8,101.4,87.6,83.9,62.9,75.5,26.8,21.3,55.2,33.5,39.0,38.8,38.8,51.7,7.2,35.5,38.2,151.9,43.6,37.5,15.3,23.0,60.8,176.7,56.9,39.5,46.2,79.0,83.3,35.0,41.0,113.7,107.4,27.8,19.0,6.7,72.9,17.7
24.3,37.8,31.9,46.4,95.6,36.4,152.4,91.6,95.6,87.1,84.9,60.6,73.3,26.8,21.5,55.3,30.2,36.0,37.1,38.3,51.5,6.7,35.3,38.2,151.5,40.9,36.7,13.8,22.4,60.3,177.0,58.9,40.2,47.8,74.1,76.4,34.0,41.3,113.0,106.3,29.1,19.8,7.5,69.6,17.4
20.9,37.2,31.1,44.0,89.1,36.5,150.6,85.6,91.2,80.1,91.2,55.3,65.2,26.0,20.7,57.1,33.8,36.4,38.4,35.7,53.0,5.6,35.5,37.3,150.8,39.4,37.2,15.3,21.3,62.8,173.0,53.3,36.3,41.5,73.0,71.9,32.6,37.0,115.4,110.1,24.4,18.9,5.5,65.7,16.5
21.8,41.0,34.2,48.6,96.5,38.5,143.1,94.3,100.0,88.4,78.0,63.5,72.7,27.4,21.2,57.8,33.4,39.8,42.1,39.1,47.3,6.0,37.7,40.2,142.4,42.2,34.7,16.3,23.8,56.9,165.5,58.5,38.9,43.9,78.1,78.9,32.0,37.1,106.4,100.7,26.8,18.3,5.7,72.4,16.4
22.1,42.4,38.2,51.5,98.0,39.4,146.5,101.5,109.4,93.7,82.1,58.8,73.0,29.1,22.2,55.3,34.4,41.1,42.5,39.4,52.6,6.5,39.2,42.7,145.3,45.5,37.6,16.8,23.4,61.2,169.9,59.8,38.7,45.4,86.8,89.0,33.2,40.9,109.6,101.9,25.7,13.7,7.7,79.4,17.7
23.6,42.4,37.6,52.8,110.8,41.1,156.5,110.1,113.5,101.2,86.1,65.0,88.0,30.0,22.9,57.7,38.2,43.5,44.3,43.0,52.3,6.0,42.0,43.9,154.4,47.7,39.3,16.2,22.1,62.5,177.1,70.2,41.6,53.7,96.4,101.4,30.6,42.1,118.5,107.1,30.9,15.4,13.0,99.8,19.4
21.7,40.5,35.6,48.8,98.7,38.0,142.0,97.6,105.4,88.9,76.7,62.7,78.5,28.1,21.9,57.7,34.3,41.0,41.5,37.9,46.2,6.3,38.1,42.0,141.3,43.9,36.0,15.0,23.2,58.9,166.0,61.5,37.2,45.1,87.4,90.1,30.4,38.1,107.8,99.7,27.7,18.6,8.5,77.8,17.7
22.0,40.1,30.2,46.9,90.9,34.7,165.8,90.0,94.2,83.3,96.3,61.2,71.1,26.6,21.0,58.3,35.3,39.1,39.8,39.0,57.8,7.1,37.7,42.3,162.9,42.5,40.4,13.2,20.7,66.5,190.3,52.6,43.3,48.4,71.6,71.4,34.6,39.6,125.1,119.4,28.3,20.4,5.7,71.4,17.3
22.5,38.4,31.3,46.5,94.0,37.7,151.0,96.4,101.1,89.0,82.7,63.8,75.3,27.0,21.0,56.0,33.3,42.1,41.5,37.4,50.4,6.4,37.5,41.9,149.5,43.7,35.2,14.3,22.4,59.6,175.2,53.2,41.5,47.1,78.0,77.5,34.2,39.8,111.6,106.0,28.8,19.9,5.4,71.0,17.4
23.0,40.0,34.9,49.7,102.5,39.6,148.1,103.9,106.2,98.5,77.9,60.5,76.5,28.5,21.6,56.9,35.4,36.5,39.1,40.0,48.7,7.3,39.7,42.6,147.3,47.0,37.4,14.7,22.4,59.9,171.4,64.0,42.7,52.8,87.8,88.6,35.8,44.1,108.0,98.9,28.7,16.0,9.1,83.4,18.4
23.2,43.4,37.6,53.0,105.4,41.7,158.9,101.6,104.2,94.7,90.4,65.8,86.9,30.5,22.4,57.9,35.8,40.3,41.3,41.5,53.3,6.8,39.8,43.0,157.9,47.3,37.6,17.6,21.5,60.5,182.4,65.3,40.6,51.2,88.5,91.3,30.6,41.5,121.0,110.5,30.0,16.8,11.5,93.7,17.8
22.7,36.5,33.0,47.0,96.8,39.3,154.0,99.7,102.4,92.3,86.5,55.5,71.0,28.3,22.0,56.9,34.0,38.9,39.9,40.1,51.6,6.5,37.1,40.7,153.4,44.5,36.4,14.0,23.2,59.2,178.7,58.2,42.3,50.1,81.6,90.9,34.1,42.5,114.0,105.7,27.2,13.9,9.0,79.3,17.5
22.9,42.9,38.8,53.3,100.5,41.8,157.5,105.8,108.1,92.9,89.8,66.1,79.5,29.1,22.9,57.4,35.8,40.2,41.4,39.6,53.3,6.0,39.1,41.8,157.2,47.6,39.0,15.0,23.5,64.5,180.9,63.0,40.0,46.4,84.6,87.9,31.8,39.5,119.2,110.6,30.2,18.4,7.8,90.5,18.4
23.7,40.7,32.7,49.5,94.0,37.5,145.3,97.9,102.4,90.5,79.0,63.7,75.4,26.3,21.6,57.6,32.3,43.0,44.3,37.5,47.6,6.5,35.7,38.8,143.7,42.8,34.8,15.9,22.4,55.5,169.1,57.0,39.2,45.3,80.6,81.2,33.7,40.0,107.5,102.4,30.3,19.0,6.2,70.5,17.4
24.7,40.3,36.3,53.0,110.5,43.3,157.7,111.1,113.8,106.1,84.7,68.8,88.8,30.2,22.9,56.5,36.1,42.2,42.5,41.8,51.5,6.9,40.2,42.7,155.8,48.0,38.0,14.9,22.5,62.6,180.2,68.7,41.1,51.3,99.8,102.5,35.7,46.0,117.7,107.7,30.5,18.0,10.7,100.2,19.1
23.1,39.5,35.1,53.3,103.3,40.0,152.1,108.3,110.1,100.6,80.3,64.5,86.5,28.7,21.0,55.7,33.8,49.4,47.8,40.6,48.1,6.8,40.5,43.1,151.1,48.0,35.5,14.7,26.3,56.4,174.0,67.1,41.7,53.0,95.8,100.1,33.8,45.5,112.5,100.2,32.3,16.5,11.0,91.5,17.9
21.4,40.2,33.7,51.7,97.1,35.6,145.8,100.2,105.0,92.3,80.7,63.5,70.5,27.8,21.5,57.4,32.1,45.7,44.3,37.0,48.9,6.5,38.6,42.3,145.4,45.9,36.0,16.1,23.4,58.5,169.2,56.9,40.7,43.4,79.9,80.5,32.5,35.6,107.7,105.3,27.1,20.6,3.7,73.5,17.4
21.6,38.7,32.2,47.5,87.8,36.1,148.8,100.7,102.0,92.1,82.1,60.5,67.9,26.4,20.5,56.8,32.1,44.4,43.3,36.2,49.4,6.5,35.7,38.7,147.6,43.3,36.4,15.1,22.8,57.9,173.2,49.5,45.2,49.0,72.6,72.6,36.3,40.0,108.5,104.6,27.9,18.6,4.0,65.1,17.1
22.0,40.3,35.0,52.0,101.8,37.6,151.9,100.5,107.2,95.2,85.2,62.5,73.5,27.0,21.5,57.0,34.7,41.5,41.9,39.4,51.6,6.3,38.2,40.3,151.2,45.9,36.9,15.3,24.9,60.2,175.9,62.5,39.3,45.0,86.7,85.5,33.7,40.3,113.6,107.5,27.4,19.0,6.2,82.2,17.9
23.5,41.6,36.0,50.4,108.0,39.6,164.2,106.2,106.1,98.5,92.8,68.5,87.0,29.2,22.7,57.5,35.9,40.7,41.3,40.7,56.5,7.7,39.2,42.1,163.5,45.6,40.2,15.6,24.0,66.0,188.6,67.2,40.7,50.5,92.9,100.3,33.2,43.2,126.4,116.4,31.9,18.2,10.5,94.6,18.3
20.6,40.2,33.7,47.2,97.4,36.5,158.8,94.8,98.9,88.8,89.6,63.0,75.2,28.0,21.4,56.6,33.1,38.8,39.7,37.4,54.4,5.5,40.1,45.0,158.0,43.3,36.0,14.5,20.3,59.1,182.8,60.6,41.2,48.1,84.2,83.6,34.3,41.4,119.2,112.1,29.9,18.2,7.1,78.8,16.7
19.7,39.4,33.0,48.0,94.2,37.6,142.7,94.4,99.0,89.3,78.2,57.7,78.0,26.6,20.3,55.8,30.1,41.2,41.5,36.7,46.6,6.2,38.2,42.3,141.4,43.2,35.2,15.0,22.0,57.0,166.4,58.2,37.9,48.3,86.6,88.7,28.7,39.4,107.2,96.9,30.5,14.5,10.7,70.7,16.7
20.8,38.2,34.4,49.4,100.8,36.3,151.9,98.1,102.7,89.2,86.7,66.4,77.7,27.6,19.8,57.2,32.2,35.9,37.3,37.7,51.4,6.1,37.2,39.8,151.0,44.3,36.4,13.0,22.2,58.2,175.0,61.4,38.0,45.1,79.8,83.6,32.1,39.0,115.7,108.3,28.0,18.0,7.1,76.8,15.8
23.1,43.4,31.5,49.5,95.6,38.1,163.3,88.8,93.9,83.4,93.0,61.2,75.6,27.5,23.0,55.7,35.5,36.3,40.4,38.4,54.9,6.5,37.9,40.2,161.0,42.2,40.6,17.1,22.7,66.0,185.7,58.1,43.9,51.6,74.8,75.4,36.2,44.2,122.0,113.6,29.1,19.0,7.6,78.0,18.1
23.3,39.8,35.0,51.4,105.8,43.1,155.3,101.9,106.2,96.5,85.7,69.5,84.8,28.7,22.3,57.3,35.8,41.0,40.6,39.4,53.8,6.9,38.5,40.9,154.5,45.5,37.1,13.9,23.2,61.5,177.5,66.2,40.1,47.9,89.5,91.0,33.1,42.2,117.1,108.7,29.5,17.1,8.3,90.1,17.8
23.0,39.7,32.5,48.3,96.9,38.9,152.5,92.9,98.5,87.6,78.7,67.6,79.0,27.4,21.3,56.7,34.7,37.4,37.4,37.9,47.7,7.1,38.7,41.4,150.5,44.6,36.8,15.3,20.4,60.5,178.3,59.5,43.1,48.9,78.2,80.7,37.8,44.4,110.3,104.0,30.6,19.0,6.7,75.7,18.0
23.8,44.2,34.7,54.1,108.0,41.2,166.5,108.9,114.1,100.9,93.6,71.6,85.8,30.6,24.1,59.0,39.0,44.2,45.9,42.0,57.3,7.8,42.0,44.5,165.3,48.2,42.0,17.5,23.9,68.6,190.8,66.1,42.3,50.0,97.8,95.9,37.3,45.9,125.7,117.8,32.2,21.1,8.5,103.3,20.2
21.0,40.0,31.2,46.4,90.4,33.0,149.8,92.6,96.5,87.8,83.3,62.5,73.1,26.6,20.1,57.3,30.8,37.3,38.3,35.6,48.1,6.2,37.5,40.4,148.2,39.9,33.3,13.7,21.0,55.7,174.8,52.7,40.0,45.8,75.9,75.9,35.3,41.0,110.5,105.5,28.5,18.7,6.2,65.8,16.2
23.3,39.1,34.0,49.2,99.2,40.6,146.7,103.5,105.6,97.2,76.1,67.4,84.4,29.1,22.2,58.7,34.5,41.0,41.2,40.7,47.8,6.6,43.2,46.5,145.6,47.6,37.1,13.9,23.6,60.5,168.2,62.2,40.0,48.8,93.1,93.9,32.2,41.0,108.4,99.3,30.5,17.2,9.1,86.0,18.6
23.3,41.8,36.5,50.9,105.4,40.3,164.0,103.1,108.5,95.9,90.3,68.8,81.0,29.9,23.3,58.5,36.1,44.5,44.6,41.5,55.9,7.3,40.2,43.7,160.9,47.2,39.0,14.2,23.6,63.5,189.1,62.2,45.1,51.3,84.5,89.7,36.3,42.8,120.7,113.2,30.5,21.4,6.6,90.7,18.8
21.3,40.2,33.4,47.3,95.1,38.0,148.0,97.8,100.9,91.3,79.4,61.8,73.9,27.4,21.3,57.1,33.3,39.6,40.8,38.9,48.4,6.7,37.4,41.0,147.5,40.2,34.9,15.9,23.6,58.4,172.8,59.3,40.6,47.0,78.4,80.8,34.6,41.4,107.8,101.0,28.9,19.1,6.7,72.5,17.1
24.0,39.2,36.1,46.6,92.5,38.7,148.3,91.0,93.5,86.2,83.0,60.8,71.5,28.1,22.8,57.4,36.2,37.3,39.5,38.7,49.8,6.5,39.0,41.1,148.1,43.5,35.8,16.4,20.3,58.2,172.0,57.3,40.5,46.2,75.3,73.0,34.5,40.8,110.0,104.0,28.0,18.2,6.5,74.2,18.0
21.6,37.7,28.5,47.5,95.7,36.2,156.3,90.2,90.1,86.2,89.3,64.5,74.3,24.8,20.6,54.8,34.2,36.4,37.6,37.1,54.2,6.3,35.6,38.0,155.6,41.0,38.3,13.7,20.7,63.9,180.4,58.0,40.1,45.2,80.2,83.4,33.5,38.6,117.4,111.9,29.0,20.4,6.2,70.8,16.6
24.1,40.1,31.5,47.6,97.4,40.3,152.0,93.7,96.7,89.6,84.4,61.4,77.4,27.3,21.4,55.4,34.4,43.3,43.7,40.7,51.8,5.7,37.6,41.0,151.2,39.9,36.1,15.4,22.5,61.4,176.0,60.2,39.9,48.8,82.4,83.7,32.8,41.1,113.7,106.2,29.6,17.5,8.0,75.8,17.3
20.0,39.8,30.2,47.8,87.5,32.8,145.8,97.8,102.7,91.1,82.7,59.8,68.3,25.7,21.8,57.2,33.1,44.0,43.6,35.3,48.2,7.2,35.4,38.7,145.6,42.4,35.6,16.6,24.4,60.0,170.0,52.1,40.1,44.7,76.7,74.2,33.1,37.7,108.3,104.7,28.3,18.9,4.5,61.3,16.7
20.6,40.4,32.4,50.1,99.2,35.8,144.8,104.1,107.3,97.1,78.8,65.5,77.7,27.6,21.2,58.0,32.2,43.0,43.4,38.1,48.1,7.0,38.3,41.0,143.6,45.7,34.9,15.6,25.3,55.9,167.9,61.4,40.3,46.6,87.9,90.8,33.1,39.9,107.7,100.0,29.5,16.6,7.8,75.6,17.4
21.9,36.4,32.2,46.0,98.0,38.8,147.6,98.3,99.9,93.2,83.1,65.7,77.6,27.2,20.1,56.3,32.9,39.5,40.2,38.1,49.7,6.7,36.5,40.5,146.3,43.3,36.1,12.9,20.9,58.9,170.7,62.8,38.1,44.8,84.4,88.2,32.8,40.0,110.5,104.2,29.0,17.7,7.3,75.7,16.8
20.6,39.5,31.5,46.7,92.3,35.8,145.8,96.6,99.8,91.7,81.2,60.6,67.9,26.7,21.3,57.1,32.7,38.1,39.2,36.7,50.2,6.4,35.3,37.2,144.7,41.9,36.6,15.0,21.3,59.6,169.8,53.8,40.8,45.4,80.9,81.4,36.8,40.9,106.7,102.3,25.0,15.8,4.4,66.4,17.3
20.7,39.7,32.3,47.0,90.9,39.2,141.4,94.1,99.4,87.3,81.1,59.6,65.6,25.8,18.9,54.4,30.7,37.5,38.7,37.0,48.8,6.7,36.0,37.8,141.7,39.0,35.2,14.8,21.9,58.6,164.3,56.2,37.0,39.5,76.4,76.6,31.6,34.0,106.2,103.5,24.9,18.8,3.2,65.6,15.4
19.5,37.0,28.0,43.2,88.5,32.5,137.3,87.3,89.9,82.9,73.7,57.0,69.4,25.8,20.5,54.7,29.9,37.3,37.9,34.3,43.5,6.1,34.5,39.4,136.2,39.1,32.3,14.6,20.1,52.3,159.7,50.0,39.4,44.9,76.5,75.9,31.1,37.5,101.3,94.2,27.8,18.5,6.3,55.0,16.5
19.3,38.4,31.0,45.3,84.8,31.5,146.8,91.8,95.4,84.6,85.6,56.3,66.1,25.4,20.2,53.7,31.8,42.0,42.0,34.6,50.9,5.9,34.5,37.0,146.7,40.8,37.3,13.9,21.5,61.8,169.3,49.4,40.1,45.1,70.8,70.1,32.2,38.0,110.2,104.8,25.8,15.9,6.3,57.2,17.7
23.3,38.2,33.0,48.7,97.9,39.0,156.8,98.3,99.6,91.2,86.3,66.7,78.0,28.7,21.2,55.3,35.1,38.8,39.5,39.9,52.8,8.0,36.9,39.3,155.3,43.5,37.0,14.2,22.2,61.4,180.1,60.5,43.2,49.4,82.1,86.5,35.5,41.8,116.0,110.1,29.6,20.5,6.6,78.3,18.0
20.9,41.2,30.5,48.9,90.3,34.6,150.8,89.9,95.1,84.2,84.5,60.9,71.6,26.4,20.2,55.7,32.4,40.0,41.8,36.8,49.1,6.2,37.1,40.0,150.0,41.0,38.0,16.5,22.8,60.6,176.0,49.3,41.3,46.9,74.4,75.4,32.1,38.3,111.5,105.5,28.3,17.9,6.1,63.7,16.9
20.4,38.6,36.7,50.6,107.0,38.1,151.3,114.2,114.6,105.3,81.8,67.3,83.5,28.4,20.2,54.7,31.8,43.0,41.8,39.1,50.8,6.6,39.4,42.0,150.7,47.9,37.3,14.7,23.5,59.6,174.1,66.8,40.7,49.4,93.2,93.4,35.2,43.5,113.0,104.6,29.5,16.1,9.2,88.1,16.8
21.0,40.8,32.2,46.6,93.7,36.8,148.2,91.2,95.2,83.7,85.3,56.1,69.0,26.4,20.9,56.1,34.6,35.0,37.9,37.4,51.6,6.2,35.5,38.9,147.1,39.8,36.4,17.5,22.4,62.4,170.2,57.4,38.2,45.2,73.5,73.6,31.0,37.5,112.8,105.8,27.9,16.5,6.7,68.1,16.9
21.7,38.8,31.8,46.2,94.0,37.2,149.2,94.3,97.6,88.2,82.8,61.5,71.6,27.7,20.1,55.1,32.9,35.7,37.0,38.0,49.3,6.7,37.2,40.7,147.0,41.6,35.8,13.2,22.0,56.2,172.8,55.1,41.9,47.3,78.2,78.1,33.5,38.4,109.3,104.2,28.2,17.9,5.9,69.0,17.0
24.4,40.7,36.0,51.5,106.5,39.0,170.4,106.0,109.1,97.4,94.6,72.2,88.5,30.8,22.5,58.3,36.8,39.8,40.5,42.3,56.5,8.1,41.3,42.8,169.3,49.0,41.3,15.8,23.6,66.2,195.5,66.4,43.5,52.6,90.1,93.8,38.6,47.5,128.5,118.9,34.3,20.0,9.0,99.4,18.5
22.1,37.5,34.3,46.9,95.6,37.0,143.5,94.0,97.2,87.6,81.5,61.1,71.7,27.1,19.6,55.0,34.3,38.0,38.2,37.7,49.8,6.7,36.0,38.1,143.0,41.1,33.3,15.1,21.5,56.4,166.7,57.4,36.7,42.8,81.8,79.4,32.8,38.3,108.1,102.3,26.5,17.8,6.5,70.2,16.5
21.1,39.6,34.7,49.8,94.1,37.4,151.3,104.3,108.7,92.7,85.8,61.9,68.9,27.2,21.1,58.4,32.2,42.5,42.5,37.0,50.7,7.3,36.0,38.0,150.6,44.9,37.0,15.2,22.2,61.9,176.4,58.8,41.6,45.5,74.6,76.8,35.9,38.7,111.7,108.2,26.4,19.5,3.7,76.6,17.3
22.0,40.1,33.0,48.2,93.8,39.0,149.2,95.4,99.8,90.5,82.3,58.8,72.4,25.8,20.4,58.3,32.9,41.9,42.2,36.3,49.9,7.3,38.6,41.0,147.7,42.4,36.1,15.1,23.5,59.7,174.4,55.1,40.4,46.7,81.5,79.1,35.3,42.5,110.1,102.8,29.2,17.2,7.6,70.1,16.3
21.9,38.6,31.0,46.2,94.7,36.0,162.5,91.1,97.6,87.5,92.2,62.2,75.2,27.5,21.7,55.2,33.5,37.1,38.2,38.0,54.5,6.4,38.0,40.9,161.4,45.4,41.1,14.4,22.4,67.6,187.7,55.0,43.6,50.7,77.2,81.5,35.4,42.3,120.7,113.3,29.1,18.2,7.3,75.2,17.6
24.4,40.6,36.0,51.8,106.0,40.2,163.4,112.2,112.7,106.2,89.7,71.2,85.0,29.6,22.7,58.3,36.9,43.2,42.9,41.9,54.8,8.0,37.5,40.4,162.3,49.3,39.6,15.5,25.9,65.1,187.8,64.1,43.3,50.4,96.4,101.4,37.4,45.4,122.5,114.9,31.7,19.2,7.8,97.8,18.3
24.7,39.5,40.8,51.2,100.5,39.1,155.0,102.9,104.3,96.1,87.6,64.1,75.5,31.4,22.6,58.6,36.3,44.0,43.8,41.5,51.4,6.5,40.7,42.8,153.2,48.7,38.1,12.9,23.5,61.4,179.2,63.6,42.5,48.3,81.1,83.8,35.8,42.6,114.5,108.5,29.4,18.6,7.0,88.2,19.0
23.4,38.3,35.1,49.0,111.6,41.2,165.5,98.4,100.3,95.3,90.6,65.7,85.4,29.2,22.2,54.8,36.3,32.7,33.2,43.7,54.8,7.4,37.6,41.6,164.8,46.0,39.0,13.9,22.4,64.9,189.5,66.0,44.0,54.2,92.4,98.9,36.2,47.1,124.1,113.1,31.3,17.5,11.2,95.9,18.3
23.1,38.7,33.5,47.8,93.6,37.9,138.2,102.0,103.5,95.1,74.5,62.6,71.2,27.3,19.6,57.2,31.6,39.6,40.5,36.3,46.5,6.2,38.0,40.9,137.2,45.7,34.3,14.8,20.2,56.1,162.8,55.7,38.8,43.3,80.2,81.3,36.2,41.3,101.6,96.5,26.2,16.5,6.3,72.2,16.4
22.1,38.0,33.0,49.1,97.4,35.9,148.7,101.0,103.1,94.7,83.0,62.0,74.6,26.8,20.6,54.6,32.7,37.8,37.9,38.5,48.9,6.2,34.8,36.7,147.6,42.0,36.2,14.6,23.1,57.9,171.7,61.6,39.7,46.0,80.9,84.6,33.6,40.0,111.2,104.7,27.6,18.5,6.9,73.7,16.8
20.1,34.8,36.2,50.0,92.6,36.7,145.8,95.9,100.3,86.6,82.5,55.7,69.7,28.4,21.8,57.1,33.0,42.7,44.1,37.7,49.9,7.1,39.4,41.6,144.5,46.0,35.3,14.3,24.0,55.8,167.3,56.4,37.1,44.6,80.9,76.1,30.5,37.9,110.3,102.1,26.5,15.0,8.0,72.0,16.5
22.1,39.9,31.0,48.4,95.2,39.3,149.5,97.5,98.9,91.4,84.3,59.9,77.8,27.2,20.3,59.1,33.3,36.2,37.3,38.2,51.6,5.7,36.4,38.3,149.9,43.3,36.5,15.9,20.7,59.7,173.2,60.9,37.6,46.5,81.8,82.8,31.8,41.5,114.4,105.5,28.6,14.6,9.7,77.8,16.8
22.6,37.7,33.3,49.3,101.1,38.5,147.0,100.9,101.1,95.2,79.7,57.2,77.4,27.4,20.7,56.9,32.8,39.5,39.8,39.0,49.2,6.4,36.0,37.7,145.7,44.1,36.8,15.0,21.2,59.6,169.3,60.5,41.2,51.6,89.7,98.4,33.7,44.0,108.8,98.8,28.7,13.5,10.7,80.9,16.8
21.8,39.9,33.7,49.5,100.1,40.1,154.0,101.4,103.8,95.2,85.3,65.0,75.7,29.0,21.3,57.0,32.8,42.9,42.1,40.0,52.9,7.0,39.3,42.3,152.4,44.8,37.3,14.0,23.9,59.9,178.3,61.2,41.6,46.2,89.7,89.4,34.5,40.8,115.4,109.2,30.1,18.5,6.8,83.7,17.8
23.1,37.8,34.6,51.1,105.4,41.8,156.9,104.8,105.2,96.7,85.1,73.2,85.8,27.9,21.1,60.1,34.3,44.1,42.9,39.4,53.1,6.6,39.4,40.7,155.9,48.0,37.6,14.9,22.7,60.8,180.2,66.3,42.2,49.3,93.0,99.1,36.0,42.8,117.4,109.5,29.2,20.4,7.6,91.7,17.8
22.6,38.6,32.0,48.2,100.9,39.8,156.4,104.5,105.9,99.2,87.3,67.7,77.2,27.0,22.9,57.7,36.4,42.8,42.2,39.4,52.9,7.7,37.7,38.8,155.1,43.8,38.0,16.0,22.5,61.4,180.1,61.9,43.9,49.5,92.4,96.7,36.7,42.2,116.3,110.8,29.7,20.0,6.1,85.8,18.2
21.5,39.4,34.0,48.6,97.4,36.1,151.7,100.7,103.2,90.9,86.4,58.2,75.0,28.4,21.7,56.9,34.5,43.3,42.3,39.5,51.7,5.6,38.0,41.3,150.4,45.5,38.5,14.9,22.9,62.9,174.7,58.6,39.0,47.4,81.7,83.5,32.0,41.0,114.1,106.1,29.1,16.4,8.6,77.7,17.5
19.7,39.6,30.7,49.4,100.0,34.4,154.9,100.9,101.8,97.2,86.3,63.5,79.9,26.9,19.7,56.6,31.8,38.9,39.8,38.1,49.4,6.0,37.8,41.0,153.4,45.3,38.7,15.3,21.9,61.1,177.5,59.9,41.4,49.3,95.8,97.3,33.8,44.5,116.1,106.0,30.0,16.9,9.6,81.0,16.5
21.0,40.7,32.2,50.8,97.5,38.5,150.2,96.6,104.4,89.9,82.8,61.7,75.7,27.0,20.3,55.4,32.8,39.7,40.4,36.8,49.8,6.7,38.7,40.6,149.4,43.7,35.3,16.4,24.2,58.6,175.3,57.7,40.3,47.7,83.3,87.4,35.9,43.7,112.3,103.8,28.8,17.1,8.7,76.5,16.6
23.7,42.2,35.9,52.0,102.9,42.4,151.3,104.0,105.6,98.3,85.3,66.5,77.1,28.0,22.2,59.0,34.8,41.8,44.1,39.7,50.5,7.3,38.6,40.9,150.5,47.4,37.5,16.4,24.4,61.4,176.0,64.5,40.8,46.7,88.4,90.8,35.0,41.2,112.3,106.8,28.1,18.7,6.2,87.7,18.0
22.5,41.7,36.5,50.7,96.0,36.5,155.0,104.5,106.9,95.6,88.2,64.9,78.5,30.2,22.2,57.7,36.3,42.7,43.0,40.7,54.8,6.3,39.4,41.5,154.7,45.8,37.0,16.6,22.3,61.2,178.8,61.4,39.7,47.7,81.7,81.7,32.9,41.1,117.1,109.8,28.2,18.0,8.5,82.9,18.3
21.5,40.1,28.2,46.5,91.8,35.0,159.4,93.9,96.8,86.8,91.7,65.6,69.6,26.0,20.7,53.6,33.5,35.4,35.8,36.2,53.9,6.8,33.3,36.8,158.3,41.4,38.7,15.5,21.1,64.6,183.7,52.7,43.2,45.7,71.9,73.2,37.8,40.6,117.5,114.3,27.1,20.4,2.8,65.8,16.3
22.8,40.4,31.8,52.7,102.1,40.5,150.0,104.9,107.2,94.8,82.1,67.1,81.6,27.8,20.7,58.6,33.7,43.1,43.5,39.0,49.2,6.9,38.6,40.8,148.8,43.5,37.1,15.6,23.7,60.8,173.5,64.2,39.1,47.3,86.6,93.0,32.1,39.8,113.8,106.4,30.2,19.1,8.0,83.4,16.9
23.4,40.6,36.2,51.8,105.2,38.5,151.8,104.1,108.5,101.0,83.8,63.7,81.8,29.4,21.2,57.7,33.0,41.7,42.8,41.3,51.2,6.9,38.6,41.2,151.0,48.5,36.7,15.5,23.6,59.0,175.6,66.1,42.4,51.5,92.9,94.7,34.3,44.0,112.2,102.9,28.1,16.0,10.3,89.0,17.7
24.2,40.1,38.0,50.8,98.4,40.1,163.2,107.3,109.4,100.8,93.3,67.7,77.6,29.9,21.8,57.6,35.8,45.5,44.9,41.3,56.9,6.7,37.6,40.5,162.8,45.3,38.5,15.8,24.1,65.0,188.3,59.6,42.8,48.9,81.9,88.2,40.2,45.8,120.7,116.0,29.0,20.4,4.3,88.7,17.6
22.3,40.0,37.2,48.3,108.1,39.0,148.8,99.1,103.2,93.1,81.4,65.2,83.3,29.2,22.6,57.5,34.7,41.2,43.5,41.5,48.5,6.5,40.1,41.6,147.2,43.2,34.6,16.2,22.2,56.7,172.2,67.4,39.4,49.6,86.5,94.3,32.5,40.9,110.3,102.2,28.6,15.0,9.1,86.8,17.9
22.1,38.8,34.5,49.0,96.3,37.8,149.0,97.0,102.3,89.6,82.8,63.8,73.6,27.3,20.8,57.4,32.7,38.5,38.7,37.0,48.8,6.2,38.9,40.8,148.1,43.8,37.7,14.5,24.7,61.1,172.5,57.5,40.9,46.1,77.3,78.0,33.0,38.2,109.7,104.3,28.1,19.5,6.1,74.8,17.3
24.2,37.9,35.7,50.8,107.6,40.9,152.5,106.9,110.7,100.2,82.4,69.8,82.9,29.1,22.7,57.7,35.2,40.4,38.6,42.7,51.9,6.7,40.2,42.6,150.5,49.4,37.7,11.4,23.0,62.0,176.2,65.9,41.7,47.7,93.4,98.8,36.3,43.1,113.1,105.7,30.8,21.6,7.5,92.1,19.0
23.4,37.3,34.0,49.8,102.2,40.1,146.5,104.4,106.3,98.0,81.6,62.0,75.5,27.7,20.5,56.8,33.0,42.5,41.9,39.7,48.9,6.5,38.5,41.7,144.5,47.0,36.8,13.5,21.6,59.5,169.4,63.4,39.7,46.6,91.9,96.8,34.0,41.3,108.8,101.3,26.4,14.3,7.8,82.5,17.1
20.7,41.0,33.5,52.3,102.0,37.0,158.7,98.2,103.6,90.7,84.5,65.2,82.2,27.8,21.6,56.5,34.0,41.3,43.2,39.4,51.4,5.9,39.0,41.7,156.9,44.5,40.0,17.0,25.1,65.1,183.4,62.4,40.2,49.7,89.5,90.3,33.9,42.6,119.6,110.3,32.8,19.0,10.0,85.8,17.4
21.7,37.7,34.3,48.2,94.3,33.7,149.8,96.9,99.6,90.9,83.2,63.0,70.5,27.1,21.0,57.6,33.7,36.6,37.5,37.0,49.4,6.3,38.6,40.4,148.6,44.0,36.6,13.6,21.1,61.6,173.7,56.2,41.0,45.0,80.2,81.6,35.5,40.1,108.8,104.4,26.4,18.9,4.6,73.0,17.4
22.8,41.7,37.1,55.0,108.0,40.1,147.5,113.8,116.3,105.8,78.4,65.7,81.9,29.9,22.0,58.1,35.2,47.1,47.0,40.8,48.0,6.3,41.2,44.6,147.0,49.3,37.1,16.7,26.3,60.1,169.7,65.5,39.7,48.9,98.4,99.7,33.1,42.1,109.6,100.4,30.3,13.6,10.1,94.5,18.2
23.1,39.4,37.1,53.5,106.1,40.0,154.0,110.4,114.1,102.8,82.0,63.9,83.0,29.5,21.0,55.9,33.7,42.5,42.8,41.4,49.6,7.7,41.5,43.7,153.1,47.0,38.0,15.4,25.9,61.8,176.8,63.7,42.3,51.9,98.8,100.4,35.5,45.0,114.4,104.8,30.6,17.0,10.9,94.5,17.3
22.1,40.6,32.4,48.0,91.8,34.4,165.7,91.5,94.8,85.8,92.9,66.7,77.8,28.8,21.8,57.6,33.0,38.7,39.7,38.4,53.6,7.5,38.1,40.8,164.5,43.2,38.6,16.3,21.0,63.6,191.2,54.1,43.9,49.9,76.8,80.1,37.0,43.1,122.6,117.2,31.4,19.6,6.2,75.4,17.5
21.8,40.1,37.0,47.9,90.5,35.4,154.8,98.6,103.2,88.6,86.9,59.4,71.0,28.2,21.6,54.5,34.6,39.4,40.5,37.1,54.5,6.4,37.0,40.0,153.2,44.3,37.5,15.9,22.2,63.1,176.5,56.0,42.9,49.0,76.2,75.6,33.4,39.4,115.8,109.3,26.9,16.9,6.1,73.2,17.4
23.0,40.0,33.3,50.0,98.9,37.2,147.8,98.9,104.1,94.4,77.7,67.4,81.7,27.8,21.3,55.5,33.8,40.2,40.8,39.7,48.5,6.8,38.5,40.8,146.8,44.0,36.0,14.1,23.6,58.2,172.4,62.0,40.4,47.3,84.1,86.5,33.5,40.2,109.1,102.2,31.1,18.5,7.2,77.4,17.3
22.3,37.8,33.0,47.8,95.0,36.2,155.4,101.8,106.5,92.8,88.7,63.0,73.0,28.0,21.0,55.5,33.7,37.1,37.7,39.1,53.0,7.0,36.1,40.7,155.3,46.2,38.4,15.3,21.6,61.1,179.9,56.2,40.2,45.8,78.8,80.8,31.2,37.9,117.9,111.2,27.8,18.1,6.1,73.9,17.8
23.4,40.6,40.0,55.5,113.5,44.6,156.8,112.4,117.3,104.2,86.7,69.7,88.0,29.7,22.2,61.0,36.5,46.2,45.8,41.4,53.6,6.6,40.0,41.8,155.7,49.4,38.8,14.9,23.8,63.6,178.6,71.0,38.4,47.9,96.5,98.4,30.9,41.8,120.5,110.3,30.9,17.9,9.5,106.7,18.8
19.1,39.1,31.5,46.0,86.2,32.7,142.1,88.4,93.9,81.9,79.2,59.2,75.7,27.1,22.4,57.4,31.4,36.5,38.0,33.3,46.6,5.4,38.1,39.5,141.6,40.9,35.7,14.8,22.1,59.5,165.5,51.8,36.5,44.8,77.8,72.4,31.2,39.6,107.4,98.7,28.3,15.3,9.0,61.9,17.0
20.8,41.4,34.3,48.8,92.9,36.9,154.5,93.2,95.5,82.2,89.1,58.1,71.2,27.1,21.2,55.7,33.3,38.3,40.3,36.2,53.3,7.0,37.7,39.6,153.4,43.0,37.4,17.2,21.6,60.1,177.4,58.1,39.0,45.5,74.2,72.2,32.0,38.9,117.3,110.7,26.8,15.9,6.3,72.1,17.6
20.6,39.6,31.8,48.2,92.3,34.5,153.9,100.0,101.4,94.2,85.8,64.6,82.8,26.7,21.2,55.6,31.8,43.2,43.7,35.6,52.6,6.4,37.1,40.8,152.1,42.9,37.4,15.1,23.2,59.1,177.0,57.3,40.3,50.4,88.4,91.6,32.7,42.6,116.4,107.0,29.7,16.7,10.5,73.9,16.8
25.9,43.4,43.3,58.2,123.5,47.0,159.2,122.9,126.7,115.2,82.5,74.0,98.2,33.7,23.9,58.7,37.2,48.4,47.4,43.5,52.1,6.5,47.0,49.2,157.1,54.8,38.8,15.3,25.8,63.8,181.5,75.9,44.2,55.8,107.4,109.1,32.4,43.7,119.9,108.7,33.9,17.1,12.5,127.8,19.3
22.4,39.7,34.2,51.1,105.2,39.1,161.0,111.2,110.5,103.1,88.6,67.9,85.8,28.0,21.5,55.9,35.4,40.5,40.8,41.6,53.3,6.5,38.8,40.2,160.2,47.6,39.0,15.4,22.3,62.8,183.2,64.6,45.9,56.6,95.4,100.8,36.1,45.5,119.3,109.8,30.8,15.5,9.8,94.0,18.2
21.8,40.7,35.8,51.2,101.7,36.6,153.3,105.4,110.0,100.6,88.0,64.1,78.8,28.2,22.1,56.0,34.1,40.7,41.5,39.2,53.4,5.9,38.6,40.0,153.1,45.4,38.8,14.9,25.1,63.9,176.7,61.1,37.7,45.8,93.4,92.3,32.3,40.5,117.9,109.3,28.9,16.7,9.1,85.2,17.3
22.4,37.9,34.5,48.6,104.7,38.7,156.4,99.7,101.8,95.1,85.2,66.1,81.8,27.7,21.0,56.7,33.4,41.4,40.1,39.7,52.1,7.0,39.9,42.7,155.6,47.0,36.7,14.0,21.9,63.0,179.0,65.6,43.1,53.1,90.8,96.7,34.5,42.2,115.4,108.2,29.7,15.6,8.0,89.4,17.3
22.2,38.8,30.3,48.0,94.4,34.4,146.6,93.2,97.4,84.5,78.9,68.9,75.1,26.1,21.2,56.5,32.5,42.2,42.4,37.4,47.5,7.2,38.0,40.8,145.3,42.9,36.3,14.5,23.3,59.1,170.6,54.8,40.9,44.1,76.2,78.2,35.2,38.6,106.5,103.9,28.2,20.6,3.5,67.5,17.0
20.0,38.4,31.5,45.5,91.2,36.4,141.9,86.4,91.7,80.6,79.2,55.5,67.8,26.2,20.1,54.7,32.9,36.8,37.5,36.6,47.8,5.6,34.8,38.1,141.5,39.6,34.5,14.4,21.6,57.6,167.1,54.0,37.3,44.1,73.3,70.7,32.6,39.3,106.3,99.5,28.4,15.9,7.7,60.5,15.7
20.2,41.4,29.9,48.3,90.5,34.9,148.0,94.1,98.2,87.1,79.2,58.5,70.6,26.5,21.7,53.6,32.5,43.0,42.5,35.8,46.9,6.6,34.5,38.5,146.5,41.8,35.7,16.2,23.0,56.1,171.8,50.9,42.2,48.0,73.5,74.5,36.0,42.2,107.3,100.9,29.2,17.9,6.3,62.7,17.2
20.4,37.1,31.3,45.0,91.1,32.8,152.7,91.4,92.9,84.0,84.0,61.1,73.4,27.0,20.5,56.1,32.5,37.5,37.2,35.3,50.5,6.2,38.8,40.2,151.8,42.8,37.1,12.1,18.9,61.3,178.1,51.8,41.4,47.6,76.3,77.1,35.2,41.4,113.4,106.7,30.2,18.7,6.5,66.7,16.3
19.7,38.5,29.7,46.0,89.8,32.3,138.9,92.8,95.1,88.7,75.7,54.3,67.7,24.7,20.0,53.8,31.3,38.2,38.6,34.8,44.8,5.7,34.9,38.7,138.2,39.2,35.0,15.2,23.0,55.6,162.0,54.4,41.1,48.6,79.8,79.1,32.9,40.3,100.6,93.2,26.3,13.3,8.0,60.8,15.8
21.4,39.4,32.5,47.2,97.5,35.1,151.2,94.7,99.6,89.1,82.9,58.7,75.0,27.9,21.4,57.0,34.2,36.2,38.4,36.6,51.1,6.3,36.9,38.9,149.4,42.9,36.8,15.6,21.3,60.7,172.8,58.8,40.0,48.2,81.0,83.4,33.5,42.7,112.6,104.0,29.9,15.3,8.5,70.8,17.5
20.5,39.0,31.5,47.6,90.9,34.2,152.8,93.1,96.6,87.0,87.2,59.9,70.0,25.8,21.6,56.3,32.5,39.1,41.7,35.5,51.7,5.8,37.1,39.6,152.0,39.5,35.2,14.9,20.8,58.5,177.6,53.9,41.7,47.1,76.8,75.9,35.6,40.7,112.7,107.7,26.6,17.0,5.6,68.3,16.4
20.3,41.1,28.7,47.2,87.4,35.1,149.9,87.8,92.3,83.3,78.9,62.0,71.8,24.8,20.3,55.2,31.4,38.6,39.5,34.6,47.1,6.1,35.8,39.4,147.2,40.0,37.5,17.1,21.0,59.5,172.7,51.4,45.1,50.5,75.3,75.5,35.2,40.5,107.7,101.8,28.6,20.3,5.8,63.5,16.4
21.8,39.8,32.8,49.7,99.1,37.7,148.6,98.8,102.5,91.4,83.0,61.2,71.5,26.6,21.1,56.8,33.5,45.1,44.3,37.3,50.0,5.2,37.9,41.4,147.9,45.3,36.9,15.1,22.4,60.0,172.0,60.0,40.0,45.5,83.4,84.9,33.0,38.8,111.0,105.0,26.6,17.9,6.3,76.2,16.8
20.7,36.1,32.5,46.6,93.1,37.1,136.8,97.4,99.2,90.4,74.5,62.1,76.1,26.2,20.3,57.1,31.0,41.4,41.4,36.7,45.5,6.5,37.8,39.5,135.8,42.9,33.0,14.0,21.9,53.4,158.8,56.2,36.0,43.6,85.7,87.8,31.3,38.7,102.1,94.3,27.1,15.0,8.0,67.2,16.8
24.1,40.3,37.2,53.3,108.0,40.0,151.8,107.6,110.7,100.5,82.5,67.8,83.5,29.5,22.5,56.7,36.2,38.0,38.0,43.1,51.8,5.8,40.4,43.4,150.7,49.4,37.2,14.4,22.2,61.2,172.5,69.8,41.1,49.4,94.8,97.4,32.5,40.0,112.3,105.0,28.4,17.2,8.6,97.0,18.5
23.0,40.4,36.7,48.1,95.5,36.8,145.4,92.8,98.0,87.9,80.0,63.0,75.8,27.9,22.3,54.4,34.3,40.5,41.2,38.2,47.6,6.1,37.2,39.3,143.9,44.0,36.1,15.1,22.0,59.2,168.5,59.9,38.7,46.0,79.2,78.7,33.4,39.5,108.0,101.4,30.2,18.6,6.8,71.9,17.8
23.3,40.6,37.0,52.5,103.6,39.5,155.6,107.5,114.4,95.8,88.2,70.2,82.4,29.1,21.6,56.1,36.5,44.0,44.0,38.8,52.8,7.0,40.2,43.8,154.5,48.0,37.9,14.9,25.2,65.9,179.6,63.2,38.4,46.3,92.3,91.7,31.0,38.6,119.5,110.6,31.0,17.8,8.1,89.6,17.7
23.4,40.2,33.2,49.2,102.9,38.8,158.4,99.3,103.1,90.9,89.2,63.6,72.1,28.2,21.5,56.4,37.5,42.2,43.1,40.7,53.5,6.6,36.7,39.5,157.7,44.3,39.0,17.0,22.9,66.7,181.5,60.5,44.0,48.8,84.8,83.4,37.8,42.4,116.2,110.7,26.6,17.9,5.3,85.8,18.3
22.6,41.5,32.6,49.7,100.5,38.8,158.1,101.1,102.2,94.5,86.0,65.7,81.6,28.2,21.4,56.2,33.8,42.6,43.5,40.1,51.9,7.7,39.5,41.8,156.4,44.9,36.8,15.9,21.8,62.0,180.5,62.2,44.1,52.3,90.7,96.8,34.9,43.0,116.2,108.7,30.8,16.2,9.5,86.8,18.2
21.9,40.3,36.0,52.4,103.8,36.9,162.2,105.4,107.6,101.2,87.4,69.9,89.7,28.3,21.4,59.0,34.7,38.6,39.6,39.0,54.8,7.2,42.9,45.4,161.5,48.9,38.2,14.9,22.9,61.2,187.5,61.5,42.5,52.7,94.6,99.0,36.0,46.4,122.8,112.7,31.8,17.5,10.6,93.2,18.3
24.3,41.4,38.0,52.3,106.6,42.7,159.0,108.5,111.7,104.1,86.9,71.9,84.7,31.2,23.4,59.5,38.3,47.1,45.8,43.2,54.7,8.0,41.3,44.7,158.6,47.5,37.7,16.4,23.9,60.8,183.7,67.4,44.4,50.8,93.3,99.0,37.1,44.1,117.7,111.0,29.5,22.0,7.0,102.4,19.3
23.7,41.7,34.8,51.8,101.4,38.7,159.9,96.9,100.4,88.4,90.7,65.5,81.6,28.0,20.8,56.4,35.3,42.4,43.6,41.2,54.0,6.6,37.9,40.3,157.6,44.5,40.4,17.0,23.4,65.4,183.9,62.4,38.1,46.5,83.5,87.8,32.5,40.5,123.1,114.5,32.1,17.8,9.0,84.0,17.8
20.3,39.1,31.2,46.4,90.5,37.0,144.4,94.1,97.3,89.1,78.1,59.8,73.4,25.8,19.7,58.1,32.0,35.3,36.9,36.0,47.1,6.0,35.5,38.6,143.3,40.9,35.3,14.9,21.4,55.7,167.7,53.2,41.0,48.2,84.0,82.7,33.5,41.0,106.2,98.5,26.9,14.5,8.2,66.6,16.2
21.2,38.0,31.5,47.7,94.2,36.3,143.0,97.3,99.2,92.4,74.9,61.2,75.4,25.2,20.2,56.7,30.8,39.5,39.4,36.7,46.7,6.2,38.3,41.1,142.6,42.2,33.7,13.9,23.1,55.2,166.8,57.0,41.5,50.0,85.0,85.6,32.6,42.0,105.2,96.3,29.5,14.5,8.9,70.0,17.0
21.9,38.8,33.1,48.8,96.5,38.5,147.2,93.2,96.9,89.2,82.2,59.0,73.0,26.6,21.6,56.9,33.8,37.0,38.4,35.5,50.7,7.2,36.1,37.9,146.7,44.2,37.4,14.6,20.8,61.6,170.5,61.0,38.3,44.9,83.0,81.0,33.3,40.2,110.5,102.9,28.1,16.8,7.9,73.8,17.2
23.0,41.3,38.0,53.0,103.2,40.0,149.1,105.4,109.9,99.1,80.8,64.7,81.3,29.0,21.8,58.1,35.3,47.6,46.8,40.3,49.2,7.0,42.8,45.9,148.8,48.2,36.3,15.8,24.7,58.4,173.2,63.6,39.9,48.4,92.3,95.8,32.0,41.1,111.0,103.6,28.8,16.3,8.8,88.3,18.1
22.7,39.6,35.2,50.9,104.3,36.3,150.1,102.8,104.6,94.2,83.0,65.6,84.2,29.4,22.1,56.7,34.1,39.0,39.8,40.6,51.1,6.5,38.7,40.1,151.7,47.3,37.2,15.0,23.1,61.5,173.7,62.0,37.4,46.6,88.6,93.7,30.8,40.2,116.8,106.7,31.1,18.5,10.0,84.2,18.3
22.3,39.0,32.0,47.0,94.5,37.6,145.7,93.7,96.8,87.5,78.9,60.6,72.0,26.7,21.1,54.9,32.5,36.0,38.7,37.3,47.0,6.1,36.3,40.2,145.1,42.2,35.5,14.8,21.6,58.2,169.9,56.7,40.7,46.5,78.1,80.8,34.3,40.2,106.7,101.2,28.3,17.1,6.4,67.8,17.1
23.5,42.1,31.5,48.7,93.9,39.0,159.0,94.4,99.1,87.1,85.8,64.8,73.3,27.7,22.3,56.9,34.6,33.1,34.6,39.4,52.3,6.9,36.9,41.2,157.1,43.5,38.9,15.5,21.6,62.4,183.6,54.7,41.5,49.4,77.5,78.9,35.8,40.8,116.6,111.0,30.3,19.8,5.3,74.8,18.3
22.1,39.5,34.4,49.6,101.9,38.4,154.3,102.7,106.4,94.7,86.5,61.4,79.1,27.0,21.4,56.1,34.5,40.5,41.8,41.1,52.6,6.7,37.8,40.4,153.5,43.4,36.5,15.8,23.1,58.8,178.2,63.2,41.2,51.1,87.5,91.5,34.1,43.3,114.8,106.2,29.1,15.0,10.1,83.8,17.0
23.3,40.9,33.3,50.5,105.6,37.9,156.9,105.1,109.2,100.3,84.5,67.9,86.5,27.5,20.3,56.5,34.8,46.4,44.4,41.6,52.3,7.4,40.3,42.5,156.5,45.4,37.3,15.4,23.6,59.6,180.2,65.8,41.8,51.7,94.2,99.3,35.5,45.3,117.1,107.3,31.9,16.4,10.6,90.3,17.4
23.0,38.0,33.7,48.8,96.6,38.1,153.4,96.7,101.1,88.9,83.9,65.4,76.5,28.0,22.1,56.9,34.3,33.9,34.5,37.9,51.1,6.9,37.1,40.4,152.5,45.6,37.7,15.0,22.9,62.1,176.9,59.5,43.0,48.7,79.2,79.4,34.1,40.2,113.0,107.1,30.8,20.1,6.5,76.6,18.0
20.4,38.7,32.4,48.9,94.9,35.9,147.5,95.6,100.2,89.1,79.4,62.0,77.1,25.5,20.0,54.4,32.4,43.6,43.3,37.2,50.2,6.1,36.1,38.7,146.6,42.2,34.8,15.7,22.6,60.7,168.2,60.7,39.7,48.3,83.9,84.3,31.2,39.7,110.9,102.7,29.2,15.7,9.2,69.6,16.1
21.3,40.5,36.0,51.8,100.7,37.5,157.8,103.7,106.7,96.8,87.4,61.9,76.8,29.1,22.1,55.8,34.1,38.7,39.3,40.1,55.1,7.5,38.1,40.8,157.1,47.3,37.4,15.8,22.5,61.2,181.3,61.7,42.9,50.7,88.1,89.7,36.0,43.5,117.2,109.8,28.9,17.2,7.8,84.2,17.2
22.2,41.3,42.1,54.5,102.2,39.0,150.2,114.9,121.5,103.8,82.6,64.3,72.8,30.6,21.4,55.3,32.8,45.8,46.3,37.5,48.7,5.7,40.5,43.2,149.0,49.5,36.1,16.5,23.9,57.8,171.6,65.0,44.0,48.5,86.7,86.8,35.1,40.0,109.8,105.9,27.6,18.0,4.8,87.7,17.5
20.1,37.8,37.5,51.9,97.3,35.0,144.3,105.5,109.5,94.4,81.9,62.5,72.8,28.2,20.1,57.4,31.4,44.0,43.2,36.4,46.8,6.2,36.0,38.4,144.7,47.0,35.8,14.6,25.3,60.2,167.3,61.4,38.0,43.5,77.7,78.0,33.0,38.2,108.1,103.3,27.3,18.6,5.3,75.1,16.5
21.8,39.5,30.4,47.4,96.4,37.1,154.4,94.9,96.6,92.5,83.4,65.4,75.0,27.0,21.4,56.6,33.8,39.2,41.0,38.0,50.9,7.2,37.3,40.6,153.6,44.1,36.8,14.8,22.0,58.6,180.8,55.6,42.0,46.8,84.3,85.8,37.9,42.9,112.5,107.2,28.9,19.8,5.3,75.6,17.5
23.6,40.6,36.2,50.5,99.5,41.1,152.4,95.9,101.4,90.3,84.6,64.2,79.6,29.2,23.4,55.5,35.2,37.5,39.7,41.7,50.9,5.9,38.0,41.1,151.7,46.4,36.2,16.5,23.8,59.6,176.4,64.5,39.3,47.1,81.3,82.5,34.5,43.1,114.8,106.2,29.9,17.1,8.6,84.1,18.1
21.3,38.6,31.6,46.7,94.8,36.9,147.0,94.8,97.4,89.5,80.4,64.0,74.0,25.9,20.6,56.9,32.5,41.3,40.7,37.3,48.0,6.8,37.5,39.5,145.3,41.8,36.1,14.8,21.4,57.5,169.9,58.4,41.6,46.7,80.4,81.4,33.7,39.1,108.3,102.5,28.3,17.1,5.4,71.0,17.3
19.9,37.1,33.8,47.8,90.0,35.1,152.5,95.2,97.9,87.2,90.1,57.5,70.9,26.7,20.9,57.2,33.0,41.6,41.1,37.1,52.1,5.9,35.0,37.4,151.6,44.5,37.7,14.7,23.0,63.3,174.3,54.9,39.5,45.8,74.4,72.7,32.2,38.5,115.4,108.6,27.1,16.6,6.5,69.5,16.8
19.9,40.7,30.6,47.7,92.3,34.9,146.1,94.6,98.6,89.2,79.5,59.6,68.0,26.6,20.3,56.4,31.5,42.5,43.4,35.9,48.6,6.9,36.8,38.4,146.2,42.1,35.3,16.5,22.3,57.1,168.5,53.0,42.0,46.7,79.8,79.5,35.6,40.0,106.4,101.9,26.5,16.9,4.6,64.3,16.7
20.3,36.2,31.9,48.4,95.7,35.3,149.6,93.3,96.2,88.4,85.8,61.5,78.2,26.1,20.5,56.7,31.9,38.2,39.0,38.7,50.5,6.5,40.4,42.6,149.0,43.2,37.0,14.4,21.4,62.0,170.6,59.1,35.6,44.9,83.8,81.9,30.5,39.1,114.9,106.0,28.8,12.9,10.1,73.0,16.5
21.3,40.0,34.4,51.5,103.2,37.0,159.6,100.9,102.3,92.0,85.2,70.8,86.8,29.5,21.9,57.8,34.6,37.0,37.1,40.3,51.6,6.9,39.1,41.7,159.0,46.8,38.8,14.7,23.1,64.0,183.8,60.2,42.2,50.6,86.7,92.4,36.1,44.6,119.1,110.8,33.5,20.3,8.5,85.2,18.2
20.9,39.6,30.2,46.0,92.2,34.5,154.5,94.3,96.1,88.2,87.5,59.6,74.5,25.7,20.5,54.0,34.4,38.5,40.2,37.2,53.3,6.2,36.1,39.1,153.0,42.6,38.8,15.5,21.9,62.9,178.6,55.1,41.7,48.5,80.2,82.4,33.3,40.8,115.7,109.1,28.5,16.1,8.0,68.7,17.2
21.0,38.1,27.4,45.1,88.9,33.4,152.4,88.0,90.4,82.8,86.5,60.1,69.0,24.4,19.7,54.6,32.3,34.4,36.2,36.5,51.1,6.8,33.7,36.5,150.8,40.4,36.7,15.5,19.7,60.2,173.8,51.2,40.8,45.6,72.0,75.3,32.9,37.8,114.5,109.3,27.8,19.1,5.4,59.4,16.2
22.2,39.0,33.7,47.0,93.3,38.3,148.2,93.1,97.2,87.9,85.3,60.4,70.7,26.7,21.6,56.0,34.3,36.2,38.6,36.7,50.4,7.0,36.7,40.3,146.7,42.3,35.8,15.1,19.5,58.9,170.8,58.0,39.2,45.3,79.8,76.1,30.9,37.2,111.8,105.7,27.6,17.3,6.3,70.3,17.3
22.4,40.0,32.8,47.0,89.0,36.4,148.8,91.6,95.5,85.0,84.2,59.6,70.3,26.2,21.0,54.3,33.5,38.0,40.2,36.5,51.4,6.0,35.6,37.7,149.0,42.2,36.6,16.3,22.4,60.5,172.4,55.5,38.8,44.8,75.8,74.4,33.2,39.3,111.9,105.9,26.5,15.1,6.5,66.3,17.1
21.5,38.3,35.0,50.4,96.8,35.8,146.9,97.5,101.5,92.3,77.0,62.7,77.4,28.0,20.7,55.6,33.3,41.6,41.5,38.4,47.7,6.5,37.7,39.8,146.1,45.7,36.9,14.5,20.9,59.4,170.0,59.4,41.8,49.5,85.4,90.7,36.4,45.5,108.9,99.7,27.6,15.1,8.7,76.2,17.2
21.7,39.1,34.7,48.4,93.4,35.5,150.4,97.0,99.0,89.3,82.1,65.8,75.4,28.4,21.6,58.2,32.9,40.0,41.4,38.2,51.6,6.8,37.3,40.0,149.1,42.2,36.5,15.7,22.3,57.9,175.1,58.7,42.7,47.1,75.6,77.5,35.0,39.7,110.5,104.7,29.0,17.8,5.6,71.5,17.8
23.9,39.1,37.5,51.7,109.3,41.4,158.4,110.1,111.4,102.5,82.6,67.3,90.5,29.8,21.2,57.8,35.2,41.9,41.2,43.1,50.8,7.6,38.8,42.0,156.2,48.8,39.2,13.8,23.1,62.4,182.5,66.3,41.8,54.0,96.5,102.4,36.2,48.7,117.6,106.0,33.4,16.5,12.2,98.8,18.4
23.2,40.7,42.6,53.2,110.8,42.5,146.0,106.2,107.9,100.7,81.2,64.9,83.5,30.4,22.8,56.3,33.4,44.8,45.1,43.1,47.9,6.8,40.4,42.7,145.4,47.3,34.5,15.8,23.8,56.9,169.1,72.2,35.1,45.6,94.8,96.4,31.2,40.6,111.7,101.5,30.4,13.2,10.9,95.9,17.4
22.1,40.2,34.8,49.4,101.9,39.9,149.5,104.6,105.8,97.7,79.4,72.4,80.5,28.5,21.5,56.5,33.0,41.8,42.0,40.4,47.4,6.8,38.5,40.8,147.7,45.2,35.8,15.6,24.2,58.4,170.7,61.5,45.3,49.5,88.1,91.4,34.8,39.3,107.3,103.2,28.0,19.9,4.7,81.7,17.5
20.9,40.6,35.0,49.0,97.9,34.7,151.2,101.2,104.4,95.7,84.5,66.7,80.6,28.8,21.5,57.8,32.6,42.2,42.8,37.8,51.7,6.4,39.3,41.0,150.6,45.9,37.5,15.5,23.0,62.7,172.8,60.5,39.7,46.9,83.6,85.5,31.4,38.8,113.7,106.8,29.3,17.1,7.8,78.4,18.1
22.5,43.1,38.5,51.6,102.4,40.3,165.2,103.7,107.7,96.7,89.8,70.6,80.8,30.1,22.9,59.8,36.1,43.3,43.8,40.4,55.0,7.6,41.5,44.3,163.3,46.5,39.1,16.3,24.5,63.2,190.4,62.4,45.5,51.3,84.5,84.9,37.6,43.5,121.1,115.3,30.7,21.7,6.1,91.3,18.9
23.2,38.7,38.6,48.4,98.9,40.6,149.8,99.6,105.9,90.7,82.8,67.6,73.8,28.3,21.5,55.3,34.0,41.5,41.0,37.6,50.2,7.4,41.0,43.6,149.3,46.2,35.0,14.7,23.7,58.0,172.7,63.0,40.9,43.6,77.1,76.7,35.1,38.0,110.8,107.4,27.0,19.9,3.0,79.2,17.4
23.9,40.4,36.2,50.3,108.2,44.5,160.6,109.0,110.4,100.9,85.1,74.9,85.4,30.0,21.6,57.0,34.7,43.5,44.3,41.5,53.7,7.4,39.5,44.1,159.4,47.1,39.7,15.7,25.4,63.6,185.6,65.6,44.5,50.1,90.6,96.0,38.1,44.7,118.0,112.2,31.6,20.6,6.5,98.8,18.0
22.2,41.3,36.5,51.5,106.2,38.4,149.8,99.7,104.6,92.1,81.4,68.0,85.7,29.0,22.1,55.7,34.2,41.7,43.3,41.3,50.1,6.8,40.0,41.8,149.1,47.3,37.1,16.8,23.1,58.6,173.1,66.0,37.2,46.7,89.6,92.9,31.7,41.5,113.7,104.2,32.3,17.7,10.2,87.6,18.0
21.1,37.3,33.9,47.4,93.7,36.5,141.4,90.7,95.1,83.7,79.3,62.2,74.4,26.4,20.7,59.3,32.8,37.1,37.8,36.6,48.6,5.9,37.6,40.0,140.9,41.9,35.2,13.2,20.5,55.9,165.3,57.4,36.0,42.8,76.6,76.4,31.1,38.1,106.6,99.5,26.1,14.2,7.3,67.8,17.4
20.2,39.2,32.5,50.3,102.5,37.9,148.5,99.9,102.2,95.2,79.9,57.5,77.2,27.4,21.0,54.9,31.6,39.1,38.2,38.6,52.4,6.5,38.9,42.8,146.6,43.4,38.6,13.0,22.0,62.5,169.9,65.1,41.5,51.4,89.4,89.1,32.3,42.1,110.4,100.4,28.4,15.4,10.8,80.1,17.2
24.2,42.4,35.0,51.3,110.0,43.4,170.8,104.1,108.5,96.5,95.6,75.0,88.7,30.0,23.7,57.9,38.2,44.5,44.6,41.4,59.0,8.1,41.3,44.9,169.4,48.8,41.5,16.4,26.0,67.6,194.0,68.0,43.1,51.3,91.4,94.6,33.7,41.6,129.6,121.3,31.0,19.0,7.8,104.3,18.8
21.7,40.2,32.2,50.4,99.4,38.2,144.8,103.4,103.9,96.6,77.4,61.7,75.0,27.0,21.7,56.4,34.0,41.0,40.7,38.2,48.3,6.0,37.3,39.5,143.7,44.8,35.7,13.2,23.3,58.3,168.7,58.9,42.5,49.7,86.9,87.7,34.5,41.9,105.3,98.4,27.2,14.6,7.8,77.7,17.2
21.9,40.6,31.7,48.0,92.0,38.5,149.2,91.2,97.1,83.8,83.5,60.4,77.7,26.9,21.1,55.7,33.9,37.1,39.6,37.2,49.5,6.7,37.2,40.3,147.5,42.1,35.9,15.6,21.5,57.4,172.5,56.5,39.4,48.4,79.4,79.6,33.1,42.2,111.6,102.6,29.8,16.5,8.6,70.9,17.8
22.8,37.8,33.6,45.4,93.8,37.0,150.4,91.2,96.3,85.2,85.9,60.3,69.2,27.8,22.1,57.3,35.0,37.0,40.7,38.9,51.4,7.0,35.8,38.9,149.5,42.6,36.4,15.4,21.0,59.6,175.9,54.0,38.3,43.0,76.4,75.1,33.3,38.0,113.3,108.3,27.5,19.2,5.0,70.6,17.1
20.7,39.3,30.3,46.3,93.7,33.5,154.3,94.4,99.0,87.5,83.8,63.8,73.7,27.0,22.3,55.1,33.1,40.2,40.2,37.5,50.3,6.5,34.8,36.4,153.1,42.3,38.4,16.2,22.3,62.1,179.2,50.1,43.1,47.4,78.8,81.2,38.1,43.4,112.9,107.7,29.2,19.8,5.6,67.1,17.8
23.6,39.2,33.3,47.9,98.5,37.5,146.9,98.5,102.1,92.8,81.4,61.3,71.9,26.4,20.6,58.6,34.8,40.0,40.5,38.6,49.4,6.1,39.7,42.5,146.1,44.8,38.7,14.5,22.8,62.5,170.0,59.4,40.3,45.7,83.1,84.7,32.0,38.2,108.9,102.8,27.1,17.7,6.3,76.4,17.3
21.5,37.8,32.5,48.1,98.5,38.7,148.5,97.4,102.6,91.8,82.7,67.4,77.6,27.5,21.4,58.2,32.5,41.8,41.4,38.4,49.7,6.2,37.5,40.2,147.8,43.5,38.0,13.7,22.3,63.1,174.3,60.5,38.5,43.8,79.2,80.2,33.8,39.4,112.2,106.1,28.9,19.4,6.0,77.2,17.0
22.3,36.3,36.6,50.1,106.0,39.8,148.8,100.5,104.4,93.9,78.0,66.9,84.6,28.5,21.2,54.6,32.7,40.2,40.0,41.5,48.3,6.7,37.8,39.7,146.3,44.6,35.1,14.5,23.0,58.3,171.5,65.8,40.6,49.7,89.7,93.6,32.1,41.8,110.0,100.4,32.5,17.4,9.8,82.4,17.0
21.3,41.8,31.0,48.3,91.8,35.4,164.0,97.2,101.7,91.9,90.4,64.7,75.0,26.4,20.3,55.8,33.1,37.8,39.4,36.6,55.0,6.9,38.6,40.9,162.0,42.4,39.1,15.5,22.7,64.4,187.5,52.6,45.3,51.1,77.7,78.5,37.7,43.6,119.8,114.0,29.8,19.6,6.0,73.3,16.9
23.1,39.0,36.7,52.7,107.7,41.7,142.6,108.2,113.6,102.1,77.0,58.4,79.3,28.7,22.4,55.6,33.8,44.3,42.7,42.8,48.5,6.3,41.2,43.9,143.0,46.8,36.1,13.8,24.3,58.5,165.0,68.7,37.4,49.2,92.6,97.7,33.4,44.1,107.3,96.2,29.5,13.1,11.6,88.1,17.2
23.4,38.7,36.0,48.8,97.5,39.1,150.7,100.1,103.9,96.1,80.7,67.8,80.6,28.5,22.9,59.7,35.0,34.9,35.2,39.0,48.9,6.5,39.2,41.5,150.9,45.3,36.3,13.9,22.8,59.1,174.7,58.2,41.9,48.2,84.2,83.5,37.0,43.7,109.9,103.5,30.4,18.8,7.0,80.6,18.8
21.0,37.2,36.5,47.6,95.2,36.7,151.3,96.9,100.5,90.9,82.5,62.0,71.3,26.6,21.1,56.3,33.9,40.1,39.7,36.0,50.0,6.6,39.0,40.3,150.2,44.3,36.8,13.5,21.8,59.7,174.8,59.1,43.3,48.3,80.1,78.5,35.5,41.2,110.8,104.2,27.3,17.7,6.4,73.8,16.7
23.9,40.5,36.0,48.3,102.0,40.8,157.5,98.4,102.9,89.9,89.2,72.1,79.3,29.0,22.2,55.9,36.3,40.4,42.4,41.9,55.3,7.3,39.4,42.3,156.9,42.7,36.6,16.1,23.1,60.1,180.3,64.7,40.2,45.0,79.4,81.4,32.1,38.2,119.5,113.9,27.7,19.0,5.3,85.4,19.0
22.5,41.3,31.8,50.0,102.7,40.4,152.0,100.0,102.2,92.8,85.1,63.5,73.8,28.0,22.1,55.9,34.1,42.9,43.6,40.1,52.3,6.6,37.2,41.0,150.6,41.9,37.5,16.5,22.5,62.5,177.5,61.2,42.3,47.3,84.1,84.6,35.1,41.5,112.2,107.0,27.6,16.2,5.4,79.7,18.5
25.5,43.6,38.5,54.7,113.0,44.4,160.1,114.3,118.1,106.9,88.0,66.5,81.6,30.8,22.4,58.0,37.1,47.2,47.0,44.3,53.4,6.9,40.0,43.1,158.8,49.4,39.1,17.2,24.8,64.3,184.0,71.4,43.9,50.7,99.2,104.3,37.1,44.3,118.4,111.8,30.3,18.0,7.7,108.2,19.2
22.7,40.7,35.4,49.0,98.8,37.7,151.5,98.4,105.2,90.1,83.4,66.4,75.0,28.4,21.6,55.9,34.3,41.7,42.0,38.1,52.0,7.1,39.6,41.9,151.0,46.6,37.0,15.7,21.7,58.4,176.3,60.9,40.4,45.4,81.9,82.9,36.2,40.8,112.2,106.7,27.6,18.6,4.9,78.3,17.9
22.2,41.5,29.5,47.3,87.6,36.8,148.8,87.4,92.5,83.1,83.2,56.4,67.8,25.4,20.7,56.7,33.1,36.4,39.0,34.8,51.4,7.0,35.3,38.4,148.0,40.0,35.7,16.0,22.9,56.8,173.6,50.3,39.5,45.9,72.1,77.0,35.4,41.5,109.5,103.6,27.2,16.8,6.5,61.2,16.8
21.7,41.5,34.0,49.5,101.5,36.3,150.7,98.9,104.7,89.9,80.9,64.5,78.8,27.2,20.2,55.2,33.0,42.1,43.6,38.7,48.5,6.5,35.0,38.3,148.3,43.0,35.4,17.7,23.0,57.1,173.2,59.2,41.7,49.0,77.9,81.1,36.1,43.8,110.4,103.7,30.0,18.2,7.6,75.0,16.8
23.1,39.6,36.0,51.9,99.5,39.3,150.5,105.6,108.2,93.9,81.9,65.3,83.5,29.5,21.3,55.4,34.1,38.2,39.5,40.0,49.0,7.8,38.6,40.6,150.1,47.9,37.2,14.7,22.1,59.6,173.2,61.0,39.9,49.0,88.2,90.6,34.6,43.9,113.1,103.6,31.0,15.7,10.0,82.9,17.4
22.5,40.3,36.2,52.3,104.3,39.1,150.6,111.5,113.4,103.8,81.8,65.6,84.4,27.8,20.8,56.6,35.0,45.4,44.0,38.7,50.3,7.0,39.6,41.6,149.8,50.0,35.2,15.0,24.3,57.7,171.4,62.7,39.5,49.0,98.8,100.2,31.7,41.7,113.8,104.1,29.8,16.9,9.5,88.2,17.7
22.3,39.3,35.5,49.9,97.7,37.9,152.8,97.1,100.7,90.7,86.6,61.7,78.8,27.4,20.5,58.6,34.9,35.2,36.1,38.9,52.8,6.5,40.1,42.2,152.5,46.6,37.6,14.1,21.5,62.6,176.3,60.9,37.0,46.4,83.7,81.9,31.5,41.3,117.2,107.8,30.2,17.2,10.2,79.7,17.1
19.4,39.7,30.5,48.5,94.1,35.1,141.4,96.0,98.8,90.9,75.6,60.2,70.5,24.6,19.4,57.0,31.5,37.5,38.5,35.2,45.4,6.5,36.0,38.4,140.3,41.4,34.2,14.7,22.5,54.9,165.0,57.0,39.4,44.7,79.6,79.9,34.0,40.4,103.3,97.2,27.3,16.7,6.0,64.4,15.6
21.3,36.7,34.3,47.7,100.7,37.3,143.3,101.1,102.6,95.3,76.5,66.7,84.1,26.7,20.4,55.7,31.7,39.9,40.7,37.7,47.3,6.6,39.4,41.5,142.4,45.6,35.0,13.5,21.1,56.2,165.4,62.4,39.3,48.7,90.2,94.9,31.2,39.9,106.4,97.2,29.9,13.9,9.8,78.5,16.7
20.5,37.4,31.3,46.9,97.0,36.3,149.6,95.4,97.9,89.5,81.5,60.0,75.2,26.3,19.8,54.2,32.5,37.4,37.0,37.1,48.9,6.8,34.8,37.1,148.7,42.3,36.7,15.0,22.2,60.5,172.6,57.5,40.8,48.6,82.3,84.6,34.0,41.6,110.9,103.6,29.2,16.4,8.0,69.4,16.6
21.2,40.5,34.7,50.8,101.2,38.2,160.6,100.5,107.8,95.5,89.0,68.9,83.4,28.5,22.0,56.9,34.8,41.3,43.3,39.5,57.0,6.9,37.1,41.4,159.3,46.2,36.6,16.4,23.4,61.7,184.3,63.2,40.1,47.8,88.5,90.2,34.5,41.8,121.6,114.5,30.5,19.5,7.5,87.4,17.6
21.3,40.8,35.2,49.3,99.0,39.0,161.4,99.1,103.7,90.0,90.6,62.2,79.0,28.2,21.8,58.1,34.6,38.3,39.0,38.4,53.7,6.9,39.5,41.9,160.3,44.7,39.9,14.5,23.0,66.4,185.8,59.9,41.3,50.1,82.3,83.1,33.5,42.6,121.8,113.3,30.1,16.1,9.6,83.3,17.3
22.4,37.1,35.9,49.4,95.0,37.9,146.5,98.0,103.4,92.6,79.0,66.6,76.0,27.9,21.5,57.1,32.9,44.2,43.5,39.5,49.1,6.4,38.4,41.0,145.7,45.5,34.7,13.4,23.1,55.9,170.5,59.5,39.0,44.3,79.5,82.6,33.9,39.3,108.2,102.6,28.1,19.6,5.2,74.4,17.7
21.4,38.1,33.7,47.5,97.2,38.1,151.9,103.3,105.9,94.0,81.3,62.0,77.2,27.4,21.0,57.9,32.4,37.6,38.4,37.2,49.6,6.7,38.9,40.5,151.1,44.9,36.9,16.0,21.0,59.5,176.0,59.1,41.3,49.7,88.8,92.2,36.0,44.4,112.4,103.6,30.2,16.5,8.5,79.7,16.5
22.3,40.0,31.0,48.5,97.9,34.0,153.6,99.9,102.0,91.2,83.2,67.5,81.4,26.7,22.4,57.1,34.0,38.7,40.3,39.6,49.6,6.3,38.1,41.4,152.4,44.1,37.2,14.9,23.1,61.3,178.2,56.6,41.8,49.3,79.0,80.5,31.5,42.2,114.4,107.7,32.6,19.7,7.7,76.5,17.3
20.8,40.0,33.5,50.0,94.6,37.3,150.4,93.3,97.2,84.7,85.0,62.0,74.0,26.5,19.9,55.8,32.9,38.6,38.5,37.5,52.0,6.3,37.0,41.4,149.3,45.0,37.6,15.3,20.5,62.1,172.7,59.5,38.2,44.8,76.9,76.9,29.6,36.8,114.5,107.2,28.4,17.8,7.2,71.3,16.2
22.6,37.4,35.0,52.3,104.0,37.8,146.0,102.1,105.0,95.5,79.0,64.4,78.9,27.8,20.9,58.4,33.2,39.7,38.7,38.7,47.8,6.6,40.3,43.1,146.3,46.1,35.2,12.4,24.0,57.8,171.3,65.0,37.8,45.4,85.5,83.2,33.7,41.2,109.7,101.8,29.3,19.6,7.9,81.6,17.2
24.5,40.0,40.2,52.2,114.2,46.1,148.6,118.7,117.5,110.0,81.2,70.8,84.8,30.6,22.3,57.0,35.3,44.4,42.3,43.5,51.0,5.9,37.4,39.3,147.1,48.3,34.0,15.7,24.3,58.6,171.4,70.3,40.3,46.5,103.8,108.6,35.5,42.2,110.5,103.8,27.3,15.9,6.8,104.1,17.8
22.1,37.7,30.3,44.8,91.0,37.8,144.8,85.1,88.5,81.0,77.6,62.5,72.2,25.0,19.4,55.1,32.6,34.8,36.0,36.7,47.0,5.6,32.9,35.0,143.8,39.1,33.0,15.9,20.4,56.1,166.8,53.2,40.5,46.3,75.7,76.4,35.4,41.5,104.6,99.3,28.3,16.4,6.5,62.4,16.2
22.6,38.4,34.5,49.6,101.2,37.8,156.4,99.0,102.2,91.3,87.0,65.8,81.8,29.0,22.4,55.9,36.2,38.4,38.8,42.2,52.0,7.2,36.9,39.2,155.9,44.0,37.9,14.9,21.3,60.4,181.4,61.4,38.3,47.2,88.3,90.4,36.0,44.7,118.5,109.9,27.8,14.8,9.3,86.0,18.4
19.4,37.7,28.5,42.7,80.5,33.2,138.5,83.5,85.6,78.5,79.0,56.7,67.0,23.8,19.2,55.0,30.5,32.5,35.1,33.3,46.8,6.7,33.3,35.0,136.8,38.0,34.2,13.7,20.0,56.4,161.2,46.4,37.5,42.3,69.2,66.9,31.0,36.2,103.3,97.7,24.9,14.5,5.8,52.0,15.1
20.8,39.1,30.8,48.0,91.9,35.6,154.8,89.4,92.8,83.5,86.3,65.9,76.2,26.9,20.7,54.9,32.4,36.1,37.3,37.1,51.0,7.2,37.8,40.0,153.7,43.8,37.4,14.8,19.5,62.5,179.3,54.6,39.6,45.5,78.4,80.8,34.2,40.0,115.8,109.6,29.8,19.1,5.6,68.8,17.2
21.8,39.0,37.7,49.5,101.6,39.3,153.2,99.9,105.3,95.7,87.4,59.5,75.4,29.0,21.9,56.4,33.5,39.1,37.9,40.0,51.8,6.6,39.9,42.7,152.9,44.2,36.5,14.7,20.8,63.1,176.2,64.7,38.8,46.8,84.6,83.1,31.8,40.1,115.6,107.2,26.1,15.3,8.0,82.9,17.9
20.2,39.5,29.4,47.4,91.5,32.9,162.2,90.8,95.3,85.7,89.0,62.1,71.4,26.0,21.6,53.9,33.2,39.4,39.4,37.2,53.2,6.8,36.2,39.0,160.1,42.5,38.8,15.5,22.3,62.3,186.0,50.5,47.0,52.1,76.2,78.5,37.6,42.8,117.6,112.7,29.0,20.7,5.4,65.8,17.6
23.7,38.0,34.1,48.2,101.1,41.4,151.4,96.5,99.1,90.2,83.8,66.5,80.7,27.9,21.7,54.9,34.3,41.8,40.8,39.5,50.8,7.0,37.5,41.2,150.4,44.1,36.6,14.5,22.1,58.7,174.1,62.6,40.1,47.3,85.7,89.7,33.0,40.8,112.7,105.5,29.1,17.7,7.0,80.5,17.4
20.6,38.4,31.2,47.5,91.8,34.7,143.7,90.9,97.2,85.2,78.5,61.6,74.2,26.7,20.6,55.2,31.2,39.5,39.5,35.3,48.1,7.1,37.6,40.1,142.5,42.3,35.0,13.9,22.8,56.7,167.2,55.3,39.9,46.6,78.4,82.3,31.2,38.0,107.2,100.3,29.5,17.6,7.0,65.1,16.9
23.0,38.3,35.2,51.1,104.2,39.3,154.2,106.6,109.0,97.7,84.4,67.0,81.2,28.6,22.1,58.7,35.6,41.7,42.0,41.2,50.8,7.1,39.3,41.3,153.9,46.3,38.2,14.9,23.3,61.5,180.0,61.8,41.0,48.6,87.8,93.4,37.5,44.5,114.0,106.2,30.4,19.2,8.0,88.3,17.8
21.9,38.5,38.8,54.2,104.5,39.7,146.7,117.1,117.8,111.7,74.4,77.6,82.6,29.2,22.9,57.0,33.5,42.3,39.5,40.0,47.9,7.0,42.1,43.8,146.5,50.5,35.3,12.8,26.3,55.6,170.3,65.1,43.4,46.3,99.3,100.9,39.0,42.1,105.9,102.2,28.0,19.3,2.5,91.9,18.4
22.8,38.7,37.3,51.7,98.9,37.8,154.3,103.8,106.5,97.4,84.0,67.2,78.4,28.8,22.0,57.2,34.1,43.4,43.1,39.4,50.1,7.0,38.9,42.1,152.5,47.9,37.4,14.4,21.6,61.1,177.3,60.0,41.7,47.6,87.5,88.8,34.1,39.7,114.3,108.1,30.9,20.1,6.2,83.0,18.0
21.6,39.9,32.6,52.2,103.5,37.0,154.2,107.8,111.3,99.5,82.8,66.8,90.3,29.5,21.1,55.6,33.8,41.2,42.3,39.1,53.4,6.6,39.0,41.3,152.4,47.5,39.1,13.9,23.3,63.8,177.2,66.3,36.3,48.9,91.1,95.9,31.3,44.3,119.1,106.8,32.0,14.3,13.0,87.6,17.5
22.7,41.8,36.4,50.3,101.5,40.2,159.2,97.9,104.3,89.0,92.8,62.1,77.4,30.1,22.0,58.4,34.9,36.8,38.9,39.7,54.6,7.0,40.8,43.8,158.4,47.9,40.8,15.0,22.7,67.3,183.5,61.9,40.8,49.7,83.1,85.6,35.5,43.8,119.9,111.3,28.2,16.1,7.7,86.0,17.8
24.0,41.3,36.2,51.3,107.7,41.5,146.8,97.9,105.6,90.9,79.6,73.8,86.7,28.5,22.1,55.1,34.5,44.0,45.3,40.6,48.0,6.7,40.0,43.6,146.3,45.3,33.6,16.6,23.1,56.6,168.7,67.7,38.5,46.0,87.9,88.5,33.9,39.9,110.0,102.2,29.1,17.6,7.6,85.9,17.3
21.1,36.7,33.0,49.0,101.2,37.5,153.8,94.5,98.4,87.7,88.3,59.7,75.1,27.2,20.0,55.8,34.2,41.0,41.5,38.9,54.0,7.1,35.6,39.2,152.3,43.4,37.1,15.8,22.2,61.2,176.5,61.7,39.1,47.3,81.1,85.9,33.2,42.0,115.4,106.3,27.4,16.0,8.7,85.6,16.4
19.3,36.4,29.1,43.6,87.2,33.5,143.0,84.4,87.9,78.8,77.5,56.6,72.8,24.5,20.0,57.3,31.1,35.2,36.7,34.1,46.3,5.7,33.6,36.5,142.5,40.5,34.6,13.8,20.0,57.1,168.4,51.9,38.6,47.0,72.6,74.5,32.5,41.1,105.6,96.6,29.8,13.4,8.8,57.4,15.5
22.8,40.8,34.0,48.6,92.8,39.7,151.3,95.1,98.9,92.1,84.5,62.3,74.2,28.2,22.9,57.6,34.3,40.4,42.2,38.5,52.7,6.8,38.3,42.2,149.8,42.2,37.1,15.3,24.2,58.9,174.2,55.0,41.1,47.1,80.5,81.9,32.2,38.8,112.7,105.8,28.1,17.3,6.8,73.3,17.7
20.1,36.3,34.5,45.8,87.6,36.6,136.0,90.9,97.1,81.1,76.7,55.4,67.0,27.0,19.6,53.5,31.9,36.7,37.7,34.7,47.9,6.2,37.2,38.9,135.2,41.8,32.8,14.7,20.6,53.9,158.4,53.4,34.5,40.1,73.4,69.9,29.4,36.1,102.0,95.4,26.0,15.2,6.8,60.0,16.2
21.0,40.0,33.7,47.6,89.0,34.5,159.1,90.0,95.2,84.7,92.5,57.7,71.9,26.7,21.2,54.6,32.0,38.6,39.7,34.1,53.9,6.4,37.2,39.6,157.6,42.6,38.4,15.2,20.5,63.0,180.5,52.8,40.0,47.9,75.1,75.8,32.7,39.3,120.0,113.4,27.7,14.9,8.0,69.3,16.4
22.3,37.8,35.8,52.1,104.8,40.3,150.6,110.8,112.8,105.2,82.8,67.0,81.4,28.5,21.2,57.0,34.1,44.1,41.9,43.3,51.5,7.1,36.9,39.4,149.5,46.4,36.4,13.9,22.4,59.7,172.7,63.8,41.6,49.3,96.9,102.2,33.4,40.8,112.3,104.5,29.4,17.1,7.7,90.0,17.3
22.7,39.1,32.0,47.3,94.5,36.0,151.6,95.1,98.7,89.2,85.2,66.9,75.6,26.0,21.2,56.1,34.7,40.6,40.4,37.3,51.5,7.3,36.6,38.7,150.8,42.4,38.9,14.5,21.7,63.8,174.3,58.6,37.7,42.5,78.5,79.0,32.1,37.5,114.7,109.3,27.9,19.1,5.6,72.3,17.3
21.6,41.0,34.3,50.3,96.6,36.8,151.4,98.6,100.6,92.5,82.7,61.2,73.4,27.1,20.0,55.7,32.9,40.4,41.5,37.2,49.4,6.4,38.7,41.3,150.2,43.5,37.1,15.1,23.9,58.7,174.3,58.2,41.3,47.5,86.9,87.9,34.1,41.1,111.6,105.1,27.9,17.2,6.7,75.7,16.6
22.2,38.2,33.4,49.1,95.4,35.5,148.7,94.7,100.2,87.4,82.0,61.2,75.0,27.3,20.7,57.7,33.5,39.8,41.5,38.7,50.1,6.4,36.1,39.3,148.1,43.2,35.9,13.8,21.1,56.9,172.6,59.7,39.6,47.1,80.4,85.1,34.9,42.0,110.0,102.7,28.9,14.8,7.5,72.6,17.1
20.8,40.0,28.5,46.5,89.6,35.6,146.0,94.4,96.8,88.0,80.4,57.4,72.1,24.3,19.7,58.0,32.0,39.8,40.1,36.4,49.0,6.6,37.1,39.5,144.5,42.1,35.5,14.1,22.0,57.1,170.8,53.9,39.2,47.5,81.4,80.3,34.2,41.1,108.0,100.7,26.1,13.8,7.9,63.6,16.0
23.2,38.7,39.9,51.8,98.8,40.5,153.1,103.6,109.0,94.1,82.1,65.5,76.3,29.5,21.7,56.0,34.8,41.5,40.8,40.0,51.1,7.4,38.9,41.7,152.5,50.4,37.8,13.8,23.7,61.1,178.3,58.6,41.9,47.8,84.0,86.3,36.3,42.4,113.0,106.2,29.8,18.5,6.7,85.6,17.9
21.0,41.4,34.4,51.8,102.8,38.5,156.2,103.9,106.4,96.7,84.6,68.2,80.3,29.1,20.8,56.0,33.3,44.2,43.5,39.5,50.4,6.5,39.0,40.8,154.8,47.0,38.1,16.0,24.5,60.8,179.5,61.8,42.8,49.1,89.4,93.2,34.9,41.6,116.0,109.9,30.5,19.2,6.8,86.1,17.6
22.2,39.7,34.5,49.5,105.0,37.1,158.3,101.6,102.2,94.3,86.5,65.4,82.7,28.2,22.8,56.7,34.2,38.3,39.3,38.3,51.5,7.0,40.0,42.1,157.3,47.0,38.2,14.8,22.7,60.7,182.7,63.6,43.4,52.6,88.9,98.7,37.7,46.8,116.3,108.0,30.6,17.7,9.2,86.4,17.9
21.5,36.4,27.8,44.0,92.8,36.1,150.4,89.1,88.7,83.6,85.3,63.0,73.9,25.0,20.0,54.1,33.7,36.0,35.8,38.7,51.5,6.7,34.0,37.8,149.3,38.8,36.8,14.2,19.8,59.9,172.5,53.2,41.3,47.0,72.7,73.1,33.9,39.7,111.7,106.0,28.5,18.8,5.8,64.2,16.4
21.2,36.4,31.0,45.3,92.8,36.5,156.0,90.6,93.9,85.5,84.2,65.1,74.4,26.7,21.0,55.7,33.3,36.5,36.9,37.1,50.9,6.7,36.6,38.2,154.5,44.7,37.4,13.4,19.4,59.9,180.5,55.3,45.5,49.7,76.7,79.6,36.5,40.6,113.1,109.0,29.6,19.2,4.0,70.1,17.1
21.0,39.1,32.1,47.3,98.9,36.4,153.8,96.3,102.5,90.6,82.4,66.0,81.8,26.5,21.0,54.9,33.3,41.0,40.8,40.1,49.3,6.9,36.7,39.5,152.7,44.6,36.8,15.1,23.4,60.1,178.1,60.1,42.9,50.8,81.4,81.8,34.9,42.9,113.8,105.8,32.0,19.0,7.7,74.7,16.8
21.0,38.6,31.2,49.5,98.7,37.2,141.2,95.7,100.2,88.3,79.1,57.1,71.8,26.6,21.4,55.8,32.8,40.1,40.8,38.5,46.6,6.3,33.5,37.4,140.4,42.0,34.8,14.6,21.9,57.6,164.1,59.6,36.5,43.6,85.7,88.4,30.1,38.2,106.0,98.3,26.3,15.9,8.0,72.4,16.5
23.9,41.1,38.2,52.8,109.2,40.6,157.0,115.3,115.9,111.2,84.7,69.8,82.6,29.8,21.2,57.1,36.1,44.0,42.9,42.1,52.7,6.8,38.4,40.9,156.3,48.9,37.9,15.9,22.7,61.5,180.3,67.0,44.5,52.0,102.8,106.5,36.9,44.6,115.7,108.2,30.4,18.3,8.1,100.6,18.2
22.2,37.6,34.8,51.4,100.4,39.7,152.2,102.1,105.4,94.0,84.4,64.6,75.3,29.1,21.4,56.5,33.3,42.1,41.0,39.5,51.5,7.3,39.3,40.8,151.6,48.0,38.7,14.3,24.7,62.8,175.4,58.6,40.1,45.7,87.0,88.1,35.1,40.3,114.4,108.7,29.0,19.5,5.8,81.2,17.4
24.5,41.3,37.3,52.4,102.9,40.1,148.0,115.2,116.7,107.5,82.1,60.8,79.7,29.2,22.7,57.3,34.5,44.7,44.6,41.9,49.9,7.2,41.0,43.2,147.3,48.9,36.2,15.9,24.3,58.8,170.8,66.5,38.5,48.2,99.7,103.5,32.1,42.2,111.2,101.3,29.1,13.7,10.7,92.4,18.4
25.2,42.8,37.2,51.8,103.5,43.3,167.8,100.3,103.8,92.9,97.5,66.0,78.0,29.0,22.6,56.8,40.2,41.6,43.6,43.3,58.6,8.0,36.9,41.2,166.8,45.4,39.5,17.5,22.5,66.8,192.8,65.5,40.5,47.5,82.9,82.5,34.8,40.5,127.8,122.5,29.0,18.3,5.9,95.4,18.5
22.9,41.2,32.7,50.7,97.4,38.3,149.3,97.1,100.6,90.2,82.2,65.4,75.9,27.5,20.6,54.9,32.8,41.1,41.1,38.9,48.5,6.5,38.1,41.4,147.5,44.4,36.0,15.5,22.0,58.2,172.4,60.7,40.2,45.9,83.3,81.9,32.8,38.7,111.0,104.4,29.7,18.5,6.7,75.4,17.3
22.2,40.6,40.3,53.3,112.8,40.2,156.5,107.6,110.8,102.4,87.1,67.2,89.0,29.9,23.1,56.8,36.8,44.1,43.6,42.4,53.9,6.6,40.3,43.1,155.5,49.7,37.1,15.6,23.4,60.8,181.1,74.5,40.0,50.2,97.1,102.2,34.0,45.7,119.3,108.2,31.2,13.4,10.8,101.7,19.1
21.8,41.0,33.5,50.3,96.1,38.6,151.7,98.1,101.8,91.8,82.6,63.7,75.0,27.5,20.7,56.9,31.7,39.5,40.3,37.8,49.4,6.8,37.7,40.0,150.7,43.5,36.4,16.5,24.4,58.6,174.5,58.2,43.7,49.2,79.9,74.4,35.5,41.2,110.0,104.1,28.5,17.3,6.0,74.3,17.1
19.8,38.2,31.2,46.2,87.1,34.4,150.8,87.6,89.6,82.3,86.7,59.3,66.4,25.2,20.5,55.7,32.6,35.0,35.0,33.6,49.6,6.4,35.2,37.5,149.6,41.4,37.7,13.9,23.1,60.5,173.2,48.3,40.9,44.5,73.2,71.0,33.6,37.3,111.3,107.2,25.4,19.6,4.2,61.0,16.0
22.6,38.8,38.5,50.3,107.9,40.7,153.4,112.7,112.8,104.4,87.4,68.0,80.7,29.9,21.9,57.4,34.9,42.8,43.3,43.1,52.5,7.1,41.4,43.1,152.2,47.0,38.2,14.2,22.1,61.0,175.3,67.0,40.0,46.2,98.5,101.8,31.8,38.8,117.2,108.7,29.4,18.5,7.4,95.6,17.8
22.0,39.2,33.6,49.6,97.4,37.1,157.5,100.6,102.0,96.4,85.9,63.6,80.1,28.6,21.9,59.7,34.5,41.2,41.9,41.2,55.1,6.3,40.6,41.9,155.5,46.2,39.8,16.0,22.1,65.0,179.5,61.9,42.3,51.0,92.9,97.2,34.5,43.2,118.0,109.0,28.0,17.0,9.4,85.0,17.3
22.8,39.9,34.0,50.4,100.7,39.8,153.0,103.1,106.2,97.2,82.0,67.6,78.4,27.2,22.1,58.9,33.8,40.6,41.6,40.1,49.7,7.4,38.9,42.7,151.5,45.7,37.0,15.6,23.1,60.0,177.1,59.8,42.9,48.9,91.1,92.1,36.8,42.6,111.5,105.5,27.8,18.4,6.1,84.5,17.4
21.4,37.8,29.0,44.0,89.3,34.7,149.4,87.6,90.5,82.4,81.3,61.4,70.3,25.0,21.3,56.6,33.7,35.8,37.5,35.6,49.0,6.4,35.8,38.7,148.0,41.0,35.3,14.3,20.5,59.4,171.7,51.9,42.6,47.1,72.7,75.2,35.0,40.0,108.8,103.7,27.4,18.2,4.8,62.5,16.8
21.6,36.2,33.2,45.5,89.2,36.0,140.3,89.1,93.8,82.2,78.2,53.8,69.6,26.5,21.0,54.9,32.3,32.4,34.1,35.3,48.1,6.7,37.5,39.3,140.0,43.3,35.4,14.4,20.8,57.1,163.9,57.2,36.7,45.1,74.3,73.8,31.1,39.4,105.0,96.6,27.2,13.0,9.0,65.1,16.8
22.5,41.1,35.0,50.8,96.0,38.2,144.8,99.2,103.5,91.8,78.0,62.8,80.9,27.1,20.5,57.1,33.4,38.9,40.0,38.4,47.9,6.7,38.9,41.8,144.8,46.2,35.2,15.1,24.4,57.3,168.6,58.6,37.9,46.8,85.8,87.4,33.1,41.8,108.1,99.1,30.0,15.6,8.8,76.5,16.8
19.7,37.8,27.0,44.5,89.4,34.7,153.4,91.5,91.0,86.0,81.3,63.3,73.3,24.7,19.7,56.3,32.1,32.2,35.1,34.8,51.8,7.0,33.9,36.2,151.8,40.2,38.2,15.8,20.1,61.8,177.0,52.2,43.4,48.6,77.8,80.3,35.6,40.2,111.0,106.3,27.7,18.0,5.4,64.2,16.5
22.9,38.0,37.1,51.8,110.5,37.9,156.9,109.8,111.8,104.7,86.3,67.9,84.6,29.6,22.2,56.2,34.5,40.7,41.7,41.3,54.4,7.4,40.4,42.8,156.1,51.0,38.3,13.8,25.2,61.4,181.3,66.8,43.3,51.8,101.5,106.0,35.9,44.5,116.6,107.1,28.7,17.0,9.5,96.3,17.7
23.6,42.1,40.2,53.1,106.8,41.9,157.9,112.8,118.5,106.4,86.7,68.8,73.1,30.9,21.8,56.5,35.3,43.2,42.8,42.3,53.7,8.1,39.6,41.9,157.0,48.1,38.2,14.9,24.4,59.1,181.8,66.4,48.4,51.4,91.5,91.0,38.6,41.9,113.7,110.8,25.7,19.4,3.0,94.9,18.9
23.4,38.8,37.7,52.8,109.2,41.7,168.6,112.0,114.3,107.8,93.4,75.8,87.4,30.2,22.9,57.6,35.9,43.4,42.2,42.2,57.7,8.4,42.9,46.5,167.8,50.4,40.8,14.7,23.3,64.3,193.4,66.3,46.9,53.5,97.6,99.8,39.1,45.1,125.3,118.8,30.6,19.8,6.5,105.7,18.7
22.3,40.1,33.5,49.1,92.2,36.4,153.2,97.2,100.5,91.2,83.5,63.7,72.2,26.4,20.0,57.9,32.5,44.4,44.3,36.8,48.8,6.6,37.0,39.9,152.7,43.7,36.2,15.6,22.4,59.1,178.2,54.2,43.2,47.3,79.7,79.4,39.3,43.9,111.4,107.1,28.1,18.9,4.0,72.5,16.4
21.0,36.8,32.4,44.4,94.9,36.0,145.7,90.1,92.8,84.5,78.4,66.8,75.3,26.4,20.2,54.9,32.8,35.5,36.9,36.9,46.8,6.1,36.2,37.8,144.5,41.7,34.6,13.5,20.3,55.7,169.8,59.1,41.4,45.8,77.7,78.9,34.5,39.3,106.9,102.9,29.6,19.5,4.8,65.9,16.6
21.2,39.8,31.0,47.6,90.3,34.3,158.5,88.2,91.0,81.6,92.7,60.9,70.6,26.0,21.2,56.0,33.4,34.0,36.6,35.9,55.0,6.7,37.4,39.5,156.2,41.0,36.6,15.3,21.3,62.4,181.2,55.1,39.9,44.8,73.2,72.3,33.5,38.6,119.5,114.8,27.3,18.9,5.1,67.0,16.6
21.7,37.8,34.8,50.3,98.2,37.9,139.7,103.5,106.0,96.5,71.3,64.5,82.9,27.2,21.5,57.7,32.4,41.9,40.8,39.0,44.1,6.4,37.7,39.7,138.2,43.2,32.3,14.5,23.8,52.1,162.5,61.3,38.7,48.9,90.5,92.9,32.8,42.7,103.1,93.0,31.4,16.3,9.8,78.0,17.3
22.3,37.6,37.2,49.5,102.7,36.9,151.5,99.0,102.9,92.3,82.2,61.5,79.8,28.9,21.5,56.2,34.3,33.9,34.9,39.3,49.6,7.0,37.2,40.2,150.6,47.9,37.2,13.5,21.5,61.0,174.5,62.3,39.6,48.9,90.5,95.4,34.1,43.5,113.3,103.8,29.3,14.7,10.1,81.0,17.5
23.8,39.6,33.8,49.7,96.6,40.8,154.5,99.2,105.7,94.2,87.6,65.9,78.2,27.1,23.4,56.0,36.0,43.1,42.9,40.3,55.1,7.5,40.2,43.5,154.8,43.5,39.1,14.0,21.7,64.4,178.9,61.4,38.6,45.1,82.3,79.0,34.0,40.0,117.6,111.3,29.1,17.5,6.5,83.0,17.4
19.5,38.4,30.2,45.0,88.0,33.7,148.1,84.7,90.3,79.2,81.0,59.7,69.0,25.7,20.1,56.3,34.1,35.6,37.3,37.4,49.6,6.9,34.7,37.5,146.2,39.6,34.5,14.4,21.0,57.4,171.5,51.1,41.4,45.9,67.8,69.1,34.3,38.5,107.7,102.3,26.2,16.6,4.6,59.7,16.0
21.8,40.3,32.2,49.2,93.0,37.6,145.7,95.2,97.1,89.5,77.5,62.6,73.2,25.3,20.7,56.1,31.6,38.2,38.8,36.0,45.9,7.0,37.0,40.8,143.8,41.0,36.1,16.2,22.4,56.6,168.6,55.1,44.2,50.0,78.3,78.4,35.1,41.0,104.8,98.7,28.3,17.2,6.0,68.3,16.8
21.0,36.8,31.8,45.1,95.0,35.4,142.2,91.6,93.1,86.4,78.1,67.0,77.3,27.2,22.0,55.2,32.5,37.2,37.7,39.1,47.5,6.4,37.2,39.3,141.1,43.0,35.0,13.5,21.5,57.2,164.0,55.7,39.0,44.2,83.1,86.1,31.7,37.5,105.6,99.7,27.7,19.5,6.0,68.8,17.3
20.7,39.6,35.2,49.3,96.3,37.5,143.8,99.3,102.3,91.3,77.4,67.3,78.1,27.1,20.4,56.1,31.3,42.0,41.5,37.6,47.5,6.9,37.8,40.8,143.2,43.4,33.1,15.3,22.0,53.6,168.5,58.9,39.0,44.9,85.7,88.1,32.8,39.8,107.8,100.6,29.9,19.1,6.6,74.3,16.8
18.7,36.5,31.2,45.5,90.0,31.9,150.5,88.8,93.3,83.8,85.6,56.6,67.6,26.0,21.0,57.0,32.2,36.3,36.4,35.0,51.5,6.5,36.5,39.2,149.5,43.4,38.1,14.1,22.0,62.0,172.9,50.7,40.1,46.1,76.6,78.7,31.6,37.9,113.1,106.6,27.7,17.5,6.9,61.9,16.3
20.4,41.0,33.0,47.2,96.3,35.5,139.5,95.3,96.4,87.5,79.0,56.8,68.7,25.4,20.3,57.6,31.3,37.7,39.8,35.5,47.6,6.1,35.6,38.3,138.6,41.3,35.0,15.7,23.9,57.3,161.5,58.5,37.9,43.8,80.3,76.9,30.8,37.3,104.1,98.0,24.5,14.8,6.3,65.8,16.0
20.3,38.0,27.9,43.6,87.8,33.0,149.8,86.0,89.9,79.6,85.4,59.3,68.2,24.8,19.5,55.3,33.7,37.6,38.0,35.4,51.2,6.5,35.1,36.3,148.4,39.3,37.8,16.0,21.4,60.6,171.8,48.8,42.1,47.0,73.3,74.6,32.0,36.9,110.7,105.4,26.4,17.8,5.0,57.5,15.6
22.1,39.0,35.0,50.8,103.8,38.2,155.2,103.4,107.7,97.5,83.7,64.1,83.8,28.8,21.1,56.4,33.2,42.4,41.3,39.3,51.6,6.8,39.7,42.0,154.2,48.7,39.3,14.3,23.6,64.5,177.6,62.5,40.5,50.6,93.3,95.8,32.6,42.2,116.6,106.1,29.8,16.5,10.3,85.8,17.5
21.5,41.6,31.2,48.9,93.7,36.3,157.9,96.4,96.6,91.5,88.4,62.9,76.9,27.7,20.7,55.2,34.9,38.5,41.4,37.7,53.5,6.9,35.7,38.3,157.0,43.3,38.9,17.9,21.4,61.3,182.1,52.6,43.7,50.8,81.5,86.1,35.2,42.5,117.3,109.4,29.5,17.5,7.5,72.5,16.9
21.5,39.7,35.4,51.7,94.9,37.9,151.4,106.1,111.0,95.6,85.7,70.6,81.9,28.8,21.3,54.3,34.5,43.0,41.6,38.5,52.8,6.6,40.2,43.7,150.1,46.7,36.6,15.0,24.6,57.6,174.0,59.4,39.1,43.8,85.9,85.6,30.9,35.6,114.3,108.3,28.5,18.4,4.9,81.4,17.3
21.2,39.5,33.2,49.6,93.7,35.1,155.0,94.1,97.6,83.8,88.7,63.5,75.5,26.4,20.9,55.2,32.8,39.2,40.4,37.0,52.3,6.9,36.4,41.3,154.1,45.6,38.3,14.8,23.1,63.5,177.7,56.1,39.2,46.1,75.4,79.6,33.3,40.4,116.3,109.3,29.5,18.5,6.6,71.5,17.3
22.1,42.1,32.6,51.1,99.7,38.1,155.3,108.3,111.4,101.1,85.5,67.8,80.3,28.4,21.9,55.8,34.0,43.8,44.8,40.8,54.1,7.1,39.5,44.8,153.1,44.8,38.4,16.0,22.3,63.8,177.8,63.6,40.5,48.7,92.0,96.4,32.2,39.4,116.6,108.0,28.2,14.5,7.6,85.7,17.4
21.9,37.8,32.4,48.6,100.1,37.0,147.4,93.6,97.2,86.6,79.0,70.3,83.2,27.0,20.8,54.3,31.3,37.2,38.4,38.6,49.1,5.9,37.6,39.4,146.0,44.3,34.8,13.5,21.0,56.2,169.8,62.7,38.0,43.5,83.2,88.0,31.2,38.4,110.3,103.5,29.7,19.8,7.2,74.9,15.8
21.9,39.8,29.5,47.3,94.0,36.5,159.1,90.4,94.2,85.7,90.5,55.9,71.2,26.8,20.7,55.6,34.1,42.7,42.9,36.9,54.6,6.9,34.8,37.7,156.4,41.7,38.2,15.6,23.8,62.2,183.1,56.2,45.0,51.5,74.5,81.0,33.7,41.6,118.3,110.8,28.0,15.8,8.5,70.2,16.8
25.2,40.5,36.2,52.3,107.1,40.5,159.3,107.6,107.7,101.4,88.1,66.3,82.7,27.8,20.7,58.6,35.2,40.6,41.2,42.5,54.3,7.3,38.3,40.5,157.8,46.6,37.9,15.7,23.8,61.4,182.6,68.8,43.1,48.6,94.0,102.6,33.4,41.6,120.4,112.1,30.2,18.7,8.8,94.8,16.8
23.8,39.8,33.7,49.8,95.0,40.5,139.4,101.4,105.6,95.2,74.1,64.4,77.2,27.4,22.6,57.5,34.2,45.9,46.5,37.6,45.6,6.5,37.9,39.7,137.6,44.1,33.3,15.4,24.4,55.1,162.8,58.5,38.6,44.8,82.4,82.1,31.9,39.4,102.2,95.9,30.0,17.2,6.7,72.2,18.3
21.4,39.4,33.4,48.4,94.3,36.1,146.8,94.4,97.2,89.9,80.4,62.6,72.2,26.7,21.2,57.8,32.1,37.7,39.0,37.4,47.6,7.3,38.3,40.3,145.7,43.2,36.2,14.8,21.7,58.5,171.2,56.9,40.3,46.0,80.1,81.3,34.3,39.7,107.8,101.8,29.1,17.4,6.1,72.2,17.1
23.6,39.2,34.1,52.2,106.8,38.4,155.4,109.4,109.8,103.8,86.5,70.0,87.0,28.6,21.4,57.4,35.3,44.0,42.5,39.6,52.4,6.7,39.9,43.0,154.0,47.8,38.0,14.6,22.5,61.1,179.4,66.0,40.3,49.2,95.7,98.5,33.1,41.9,117.7,109.1,32.1,17.6,10.2,90.9,17.8
21.4,40.5,37.0,52.0,104.3,37.2,150.7,105.9,111.3,99.2,81.7,65.5,81.3,28.4,21.6,57.3,33.6,44.2,43.7,38.7,48.7,6.1,41.0,42.4,150.4,47.0,36.4,16.3,24.5,59.6,172.1,63.1,41.9,48.7,88.3,91.0,34.0,41.2,111.5,104.0,29.1,16.4,6.8,86.7,17.1
23.0,38.0,33.8,50.0,100.4,37.2,155.5,98.2,102.9,90.4,88.5,63.1,80.7,28.8,20.4,58.0,33.7,39.3,40.4,39.2,52.2,6.4,38.2,40.6,155.4,44.0,36.4,15.2,23.9,60.6,179.7,62.8,39.6,48.7,84.7,87.5,31.8,40.7,118.8,109.5,31.0,16.0,9.6,82.9,16.8
21.9,40.1,32.2,47.6,97.0,35.1,151.2,97.3,100.8,90.8,82.8,65.3,74.7,26.5,21.5,55.8,34.8,42.1,42.1,37.5,50.9,7.3,36.0,39.4,150.1,41.0,36.6,15.3,17.9,58.9,174.8,60.1,44.6,49.3,83.9,86.4,34.9,40.0,111.3,106.3,29.2,19.3,4.8,72.6,18.1
21.7,37.8,29.5,45.4,90.8,34.1,153.4,93.3,96.9,86.8,84.5,62.0,73.6,26.0,21.2,55.9,34.8,39.3,39.7,36.7,52.9,7.9,35.5,39.2,153.2,42.5,37.2,15.3,21.5,60.5,178.5,54.3,39.5,46.5,75.2,73.8,33.2,40.3,116.0,108.8,30.5,19.0,7.3,65.2,17.0
20.1,38.3,28.2,45.7,91.5,33.3,146.5,93.5,92.8,90.4,78.0,59.5,71.8,25.4,20.2,54.8,31.2,38.3,39.0,34.7,47.0,6.8,35.5,38.1,144.0,40.3,36.3,16.2,21.1,56.6,168.6,53.6,43.8,50.1,84.1,87.3,34.3,40.7,105.5,98.6,27.5,16.0,6.7,65.3,16.3
23.4,40.2,38.0,52.6,107.1,43.2,158.9,107.5,110.8,99.2,90.0,69.8,83.4,30.5,21.4,55.7,36.0,37.5,38.5,41.2,54.6,6.9,40.7,42.9,158.8,47.9,39.2,14.5,22.7,64.3,180.7,67.9,39.7,47.7,86.0,89.9,33.1,40.7,122.0,113.8,30.2,19.2,8.6,93.9,17.9
20.4,40.0,32.8,50.0,98.5,34.7,145.5,106.0,106.8,97.3,77.8,62.0,78.5,27.0,20.8,55.7,32.3,43.0,42.8,38.2,46.9,6.3,39.1,41.3,144.8,46.0,35.0,14.5,24.8,53.3,166.8,62.3,40.1,49.4,89.9,91.2,34.2,43.7,106.8,97.5,28.1,13.2,9.6,77.1,16.8
22.0,39.1,35.9,49.4,90.6,38.5,159.9,95.7,100.5,89.1,92.5,60.1,74.8,27.2,20.3,58.6,33.3,44.1,43.1,36.0,55.6,6.5,38.7,41.3,159.2,44.4,40.3,15.8,21.9,64.2,182.9,56.0,41.0,49.2,79.2,76.9,33.9,41.6,121.3,113.5,28.9,15.3,8.1,77.9,16.5
22.0,42.5,34.3,48.7,100.8,35.3,158.3,94.5,101.1,85.3,90.6,65.3,81.8,29.2,22.1,59.2,35.3,39.3,41.8,39.6,53.4,6.6,38.5,41.8,156.6,43.0,38.7,17.2,24.7,61.7,182.9,62.2,38.7,47.5,78.6,80.7,31.7,40.9,121.4,112.7,32.1,17.3,9.6,81.3,17.9
21.3,38.6,32.8,47.7,97.7,36.0,140.1,94.0,97.8,85.6,73.7,61.8,79.2,26.6,20.4,54.9,33.1,37.0,38.1,38.5,46.3,6.0,35.0,37.3,138.8,41.4,33.6,15.0,21.2,53.2,162.5,62.0,36.9,45.9,79.7,81.6,30.3,39.7,104.5,95.1,29.3,14.6,9.4,69.6,16.5
21.6,38.6,31.0,49.4,100.0,37.7,147.8,105.8,103.5,99.4,78.0,65.4,80.1,25.8,20.0,57.1,32.1,43.1,41.6,38.1,48.9,7.3,38.6,41.3,146.8,45.3,34.6,14.3,23.7,56.9,170.4,61.5,39.8,47.2,93.0,95.6,32.2,39.5,110.0,102.0,29.1,17.4,8.6,80.0,16.4
23.1,41.0,35.8,52.3,102.1,41.1,151.3,103.3,109.2,96.1,81.2,69.3,79.3,30.3,21.7,58.8,34.5,42.8,42.3,40.8,49.6,7.8,40.9,43.1,150.1,47.5,35.5,14.8,23.8,59.0,174.0,62.9,43.3,48.0,89.4,91.4,34.8,39.6,111.5,106.2,29.5,21.8,4.5,87.0,18.3
20.6,40.0,32.5,48.0,98.2,36.4,149.2,92.6,93.8,85.6,83.6,64.3,76.0,27.0,21.1,56.6,34.7,37.2,39.9,39.1,50.6,7.4,37.9,39.8,148.2,44.2,37.4,15.8,19.9,61.8,173.1,61.9,36.3,42.8,79.6,80.2,32.3,38.6,112.9,106.2,28.9,18.4,6.9,73.8,17.1
23.7,39.0,31.9,46.1,99.4,40.9,151.5,98.1,99.3,93.8,85.0,65.3,78.0,27.3,20.4,56.9,34.8,41.5,40.9,40.9,50.6,6.9,35.9,39.0,150.5,44.2,35.8,15.2,23.0,56.5,176.1,62.1,39.6,45.8,83.2,82.1,32.9,39.1,113.5,107.7,29.0,17.2,7.4,77.4,17.0
22.2,40.2,32.7,49.6,101.4,39.1,153.7,103.1,104.2,97.7,86.3,64.4,76.4,27.6,21.9,55.1,33.9,44.0,43.8,40.2,50.1,6.4,39.6,40.3,152.5,43.8,39.5,15.4,23.0,62.7,176.2,63.1,44.3,50.6,88.6,91.1,36.2,42.0,114.0,107.0,29.0,18.8,6.5,85.4,17.0
22.0,38.4,31.7,48.1,94.1,39.3,145.6,93.0,98.0,88.9,79.0,63.9,76.0,26.6,20.9,57.4,33.0,39.8,39.3,37.2,47.2,6.9,35.6,38.6,145.1,41.6,34.5,15.0,22.8,57.8,171.3,56.7,39.8,47.0,78.3,77.9,35.3,42.5,107.0,100.2,28.3,17.0,7.0,71.3,17.2
20.4,41.2,30.9,48.9,92.7,35.1,158.5,96.0,98.8,91.7,88.4,62.4,73.5,27.1,21.8,57.9,33.5,40.3,39.8,37.7,52.0,7.1,36.6,39.4,157.6,42.7,39.4,15.7,23.6,62.8,184.5,53.2,43.4,49.8,81.7,80.0,38.5,44.3,116.6,110.7,29.7,19.0,6.3,72.9,17.6
21.9,38.2,34.2,47.1,91.9,39.3,152.8,89.5,94.7,84.6,83.9,62.5,73.0,27.6,22.2,59.3,34.3,36.0,36.8,38.9,50.3,6.8,35.2,37.0,152.5,43.6,36.6,14.5,22.3,58.4,179.3,57.4,41.4,46.8,76.2,75.5,36.3,41.4,113.0,107.8,28.7,18.8,5.7,73.8,17.4
19.7,40.0,35.0,47.3,91.5,34.7,148.1,93.0,101.9,83.1,82.5,59.8,71.0,27.4,20.3,52.5,32.8,35.4,36.7,36.1,49.2,6.4,33.3,36.6,146.1,44.8,36.8,16.7,19.8,61.3,169.5,56.8,38.9,45.5,76.5,78.5,31.5,38.4,111.0,103.6,27.4,15.1,7.2,66.5,16.9
21.8,39.5,33.0,52.6,100.1,38.3,148.6,101.8,105.1,96.8,79.0,62.8,77.6,27.8,20.5,57.6,32.8,37.6,39.7,37.7,48.0,6.9,37.9,40.3,147.5,44.2,36.0,15.7,23.1,57.6,173.3,62.9,40.3,47.9,87.5,85.9,35.7,43.1,110.2,101.8,30.3,17.6,8.2,78.2,16.8
22.1,42.5,36.0,53.5,98.9,40.1,156.7,105.8,106.8,93.6,86.4,63.3,77.6,27.8,21.3,57.2,34.1,41.5,41.8,39.2,52.3,6.5,38.0,40.5,155.8,46.6,37.5,16.3,25.5,62.3,180.2,61.4,42.2,49.8,85.5,86.2,35.9,42.6,116.0,109.3,29.9,16.0,7.6,84.0,18.0
21.7,38.8,39.2,50.6,97.6,38.0,149.5,105.3,109.2,94.3,84.4,61.9,76.4,29.5,21.5,56.2,34.0,41.8,41.4,39.0,50.9,5.9,39.2,41.5,148.5,45.7,36.8,14.3,22.6,62.0,172.7,60.0,38.0,45.3,85.2,83.8,33.2,41.4,113.3,105.0,27.3,14.7,8.7,81.3,16.8
21.7,40.4,35.0,51.1,94.8,38.2,153.8,100.9,105.3,93.8,83.3,68.1,78.0,26.5,19.7,57.4,33.0,38.7,39.7,36.5,50.0,7.2,38.4,40.6,153.7,45.0,36.0,14.7,23.3,58.2,177.7,60.1,42.1,48.0,82.5,84.4,36.1,41.9,113.4,107.6,30.0,20.5,6.2,75.2,16.0
22.5,35.8,31.1,44.0,99.4,38.6,145.5,89.7,92.1,84.5,77.7,59.9,81.2,26.4,20.7,58.5,31.8,33.5,35.6,40.2,48.6,6.7,35.8,38.3,144.1,42.2,34.2,15.3,18.9,55.6,166.7,61.0,37.8,48.8,84.1,89.1,27.8,38.6,110.0,98.2,30.5,14.7,11.6,73.1,16.5
22.2,40.3,35.8,48.8,93.1,36.6,159.6,95.2,100.1,88.1,94.3,61.1,73.5,28.4,23.8,57.9,36.7,41.6,41.5,36.0,56.7,6.8,38.6,42.8,157.5,45.1,40.3,14.2,22.9,68.1,183.8,54.0,40.6,47.6,81.0,78.2,31.7,38.6,120.3,114.0,27.0,16.9,6.9,75.6,18.0
20.1,38.8,34.8,49.3,98.8,34.6,146.7,105.8,104.7,98.0,80.6,64.3,83.9,27.1,20.3,57.0,31.7,40.7,40.7,38.4,47.9,6.0,38.8,41.5,144.8,46.5,34.9,13.8,22.4,57.2,168.2,63.9,39.3,50.4,88.3,95.3,30.7,40.4,109.5,99.5,30.4,13.2,11.5,79.0,16.4
23.2,41.5,32.2,50.3,101.9,38.2,160.3,94.7,99.2,89.4,91.6,66.8,77.9,27.0,21.2,56.8,34.5,39.0,40.8,40.4,54.9,6.7,37.4,40.1,160.1,42.3,38.5,15.9,20.8,64.7,184.4,63.4,40.1,46.4,84.3,85.7,36.5,43.1,121.2,115.3,27.4,19.0,6.2,84.9,16.5
21.4,38.2,36.4,48.2,98.7,36.9,152.5,100.3,103.1,94.2,82.9,62.5,86.0,29.0,21.9,57.6,33.9,36.2,37.3,39.5,52.0,6.6,37.0,40.1,151.7,44.2,37.5,15.1,21.9,61.6,174.8,59.5,39.6,51.6,92.2,91.5,31.0,43.0,116.1,104.2,29.5,14.4,12.8,83.8,18.3
23.7,40.8,35.3,50.0,100.6,41.1,150.0,100.9,102.4,92.7,83.8,61.5,77.2,27.9,22.0,57.4,35.1,39.5,39.9,38.1,50.0,6.1,38.5,41.8,149.3,42.5,35.4,16.4,23.0,58.9,173.2,64.0,39.3,47.5,84.2,80.5,31.7,40.8,112.2,103.5,30.1,16.0,8.8,79.7,17.4
21.7,36.3,33.4,47.7,95.9,38.3,148.4,98.5,101.5,89.5,84.1,61.5,70.4,27.9,21.0,57.1,33.3,38.6,39.3,37.1,49.2,7.1,36.3,40.3,147.3,45.3,36.8,14.3,23.6,59.8,173.3,58.9,40.9,45.3,74.7,77.2,34.7,39.5,109.0,104.6,27.1,18.5,4.7,72.1,16.7
22.6,38.3,36.3,49.4,100.6,39.6,142.9,103.3,105.5,93.5,76.2,58.4,77.4,28.2,20.7,55.8,34.0,42.0,41.5,39.0,48.2,6.2,38.9,42.2,142.4,44.5,34.6,14.4,22.0,55.5,166.5,65.0,39.7,49.4,86.4,85.3,32.3,41.6,105.6,96.2,27.5,14.2,9.8,81.2,16.8
21.6,39.3,28.3,46.4,96.1,34.2,159.6,90.4,92.3,84.6,91.1,63.4,77.7,25.9,20.2,57.9,33.8,36.0,37.6,37.3,53.3,7.3,35.5,38.5,158.6,41.5,37.5,15.2,22.0,61.7,184.3,57.2,40.1,48.2,77.9,84.0,33.0,40.6,120.7,112.3,31.4,16.8,8.4,69.6,17.2
21.4,35.7,33.8,46.7,95.8,37.7,154.2,99.2,100.4,91.6,87.9,63.7,77.9,27.7,20.1,54.1,34.1,35.1,34.7,38.2,52.4,6.5,36.2,39.7,153.7,44.5,37.7,12.1,20.3,59.1,176.2,57.7,38.3,46.7,85.3,88.3,30.7,38.4,118.0,110.0,30.0,18.1,9.0,75.1,16.9
23.7,40.5,39.5,52.4,113.5,40.9,157.1,108.7,113.7,103.3,89.8,77.4,89.9,29.5,21.7,58.1,36.4,46.2,46.0,40.9,53.6,7.2,40.5,42.1,155.9,49.3,36.6,15.5,25.8,62.1,180.0,71.1,39.2,46.2,97.1,105.2,35.0,42.2,119.7,112.4,30.4,18.2,7.3,101.4,18.2
20.7,39.7,31.2,49.5,92.1,36.7,150.4,96.7,98.8,88.7,83.8,59.3,69.6,26.4,21.1,57.0,32.5,41.7,41.5,34.5,50.7,7.4,36.9,39.3,148.0,44.2,38.5,14.7,23.9,61.2,172.5,54.6,41.0,45.8,78.9,79.1,33.8,39.0,110.7,105.5,27.3,15.9,5.0,67.2,16.4
22.7,41.1,36.7,51.2,102.5,38.0,159.8,99.7,104.6,90.9,91.0,68.2,79.8,28.5,21.6,57.0,35.5,42.0,42.7,40.5,53.7,7.0,39.1,41.6,158.5,46.0,38.6,15.7,21.9,64.9,180.7,65.8,40.9,47.3,82.5,85.7,35.2,40.8,119.1,114.0,28.3,18.8,6.3,86.7,18.0
24.3,39.7,37.0,51.8,108.3,44.7,164.7,109.0,110.0,103.9,93.9,67.0,82.1,29.5,22.5,58.9,37.9,40.2,39.9,40.6,56.3,8.8,40.9,45.4,164.7,47.9,40.0,14.0,24.2,66.7,188.0,68.0,44.3,52.5,97.0,98.5,37.2,45.1,122.5,114.8,30.4,17.6,8.2,101.3,18.8
20.1,37.9,27.2,45.1,90.5,32.2,160.0,91.9,95.2,83.3,92.6,60.8,71.7,26.0,19.9,54.1,32.9,40.9,41.1,36.1,53.7,7.4,35.9,37.6,159.5,43.5,40.0,14.2,22.9,64.5,185.3,50.8,41.5,46.7,74.6,78.0,34.9,40.6,120.8,115.7,29.6,18.4,5.7,65.2,16.2
20.0,41.8,33.5,50.3,97.3,37.0,146.8,100.6,104.2,95.0,78.1,67.5,79.7,26.7,19.6,54.3,31.3,41.7,43.5,38.1,47.9,6.8,41.3,43.7,145.7,45.3,35.2,16.0,23.3,57.1,169.0,59.2,41.6,47.9,86.3,90.5,34.3,41.1,107.5,101.6,30.1,20.0,6.2,73.8,16.5
20.1,38.4,27.8,45.8,92.2,32.8,158.3,91.6,93.3,85.9,89.3,61.1,73.8,25.6,21.3,56.6,32.0,36.4,36.9,37.6,51.6,7.3,36.2,39.6,156.3,41.0,39.7,16.3,21.8,64.5,182.3,53.1,44.6,50.9,77.0,80.5,35.3,42.2,115.8,109.2,29.3,18.1,6.8,66.5,16.9
18.8,35.7,30.8,45.6,92.7,33.7,140.1,96.2,102.3,88.4,76.3,60.2,72.2,25.4,19.9,54.5,31.5,42.3,41.4,34.7,46.9,5.9,36.8,40.2,139.2,41.5,33.9,13.4,21.5,54.5,162.8,55.5,37.1,43.0,79.6,79.8,32.0,38.0,104.0,97.8,27.0,16.8,6.2,62.4,16.1
23.5,39.0,34.1,47.5,95.1,39.0,151.8,96.8,98.5,91.5,84.1,61.5,70.9,27.5,21.2,58.0,35.5,42.4,40.9,38.5,50.5,7.1,39.2,41.0,150.7,43.6,37.0,14.2,23.6,60.8,175.5,54.8,42.9,47.2,77.8,78.9,35.5,39.3,111.9,107.3,29.8,19.3,5.0,71.6,17.5
23.2,40.4,32.8,49.7,105.4,40.6,160.2,104.2,106.3,96.4,87.8,65.7,85.2,28.2,21.6,59.7,35.5,45.0,44.4,42.3,55.8,6.9,39.6,42.3,158.4,44.2,37.8,16.7,23.5,60.4,185.6,65.8,41.5,51.8,90.1,99.1,33.8,44.5,121.3,111.5,31.5,15.2,10.8,93.5,18.3
23.1,39.0,33.2,50.6,101.9,39.9,158.6,101.2,103.1,96.0,87.3,66.4,79.1,28.5,20.7,56.8,34.7,39.1,37.8,39.9,53.4,7.5,38.3,41.0,157.5,46.7,37.5,12.7,24.5,62.2,181.4,63.0,43.5,49.0,86.1,91.3,35.3,42.3,117.2,109.6,30.2,20.0,7.6,85.9,17.2
21.8,37.1,30.5,46.1,90.5,36.7,151.3,89.4,92.4,83.7,84.6,61.2,70.6,27.4,21.9,56.5,33.2,35.5,36.3,37.0,49.9,6.7,37.6,40.1,151.1,44.8,37.6,13.5,21.9,61.8,176.7,52.3,41.9,46.9,75.9,77.2,35.5,41.2,110.9,104.8,27.8,18.9,5.6,68.3,17.2
22.8,39.7,36.2,52.2,108.7,41.9,156.8,106.7,112.1,101.4,84.1,71.9,87.3,28.2,21.7,58.0,34.3,38.2,37.8,40.2,52.0,7.0,39.1,41.3,156.3,48.0,37.8,14.5,21.9,63.4,179.6,68.9,41.9,50.5,95.2,98.7,37.0,45.0,117.0,108.3,31.3,19.3,8.5,89.9,17.4
23.9,41.4,37.5,53.7,113.2,44.7,161.7,115.0,116.5,107.1,87.2,72.8,86.4,31.4,22.7,60.7,37.2,48.5,45.6,44.7,53.8,7.8,44.2,46.1,159.8,49.0,39.4,15.0,26.0,62.3,184.6,71.6,44.8,51.2,100.8,109.3,35.5,42.5,120.4,112.2,32.0,20.2,8.5,109.4,19.2
23.8,42.5,38.3,54.2,102.8,40.7,158.1,108.2,113.5,97.6,85.5,68.3,80.0,31.5,24.3,58.4,36.8,41.1,42.6,40.2,51.2,7.2,39.5,43.9,157.5,51.7,39.7,15.1,25.3,63.3,183.0,59.9,42.4,48.7,88.4,91.5,37.3,44.2,117.2,110.5,30.0,19.8,7.4,92.8,19.5
23.3,38.3,32.2,45.6,92.3,36.8,150.8,95.2,97.9,88.8,84.7,59.0,73.3,27.0,21.2,57.3,34.4,38.3,38.8,36.9,50.4,6.3,35.3,38.6,148.6,43.1,38.1,16.2,19.8,60.8,172.8,55.5,40.5,48.4,79.6,84.6,33.1,40.3,112.5,104.7,27.8,14.7,8.5,71.5,16.4
19.9,39.0,34.2,46.3,90.6,34.2,144.8,91.9,93.8,84.6,78.5,56.9,70.1,26.3,20.1,55.0,32.1,35.7,37.8,35.9,47.6,6.5,38.8,40.5,144.0,45.3,34.2,15.6,21.1,54.3,166.8,53.6,41.8,48.6,76.6,76.3,33.1,40.2,105.4,98.6,27.2,14.0,7.5,65.4,16.5
22.1,39.0,33.8,50.1,100.5,40.0,145.7,97.5,103.2,90.7,80.5,66.1,76.0,28.2,20.9,55.6,32.6,37.3,39.1,38.8,49.5,6.4,37.3,40.4,145.7,45.6,36.0,15.1,22.0,58.9,170.5,62.0,38.4,43.8,84.3,85.6,33.3,39.2,109.3,103.1,29.0,19.7,6.1,76.5,17.5
23.6,41.3,37.7,52.1,105.2,40.1,163.2,104.5,107.9,97.6,95.5,70.1,81.7,30.7,21.8,58.8,36.0,39.3,40.9,40.6,58.5,7.0,41.1,43.9,163.2,46.8,40.9,15.9,24.1,66.9,187.0,64.1,40.2,47.0,91.3,90.9,34.3,41.4,125.1,118.0,29.0,17.6,7.2,96.5,19.1
23.4,39.5,35.3,51.0,100.0,40.3,141.3,98.0,98.8,90.0,72.5,66.0,77.3,29.5,21.5,56.0,32.0,40.6,40.8,41.0,44.4,6.9,38.0,40.9,139.3,48.0,34.4,14.5,22.8,53.5,161.9,62.4,39.1,45.8,81.0,87.2,32.5,39.3,103.2,97.0,30.7,17.8,6.8,77.0,18.3
20.6,39.5,31.3,47.3,91.6,34.5,152.7,93.9,97.3,88.7,84.7,60.8,73.8,25.5,20.7,56.0,32.7,39.0,39.1,34.9,49.3,6.9,35.3,38.8,151.0,40.9,37.0,14.4,22.3,59.4,176.2,51.4,41.4,48.2,74.2,75.0,33.8,40.4,113.1,106.8,29.7,18.4,6.8,66.0,16.8
20.5,39.8,29.0,45.7,92.8,36.1,148.5,89.7,92.1,84.5,79.4,63.1,74.9,25.6,20.9,55.7,33.7,39.7,40.9,37.0,48.3,6.8,36.2,39.4,146.6,40.1,35.3,15.6,23.1,57.2,171.1,56.0,42.9,49.1,74.5,76.4,35.0,41.8,107.5,101.3,27.8,16.6,6.7,67.0,16.6
21.7,43.3,35.9,52.4,98.4,36.1,154.0,100.3,105.1,91.6,84.6,66.8,77.5,28.3,20.8,55.7,33.6,40.0,41.3,38.0,51.4,6.6,39.1,42.7,153.2,45.4,36.6,16.9,23.6,57.6,178.3,59.5,42.5,48.5,81.4,85.0,34.5,41.6,113.6,107.2,28.2,19.2,6.5,77.1,17.9
22.0,38.1,31.2,46.9,95.4,35.2,155.0,97.0,101.1,89.4,85.9,63.6,74.2,27.3,21.7,56.7,33.7,39.1,39.3,37.4,51.2,6.8,37.3,40.0,153.4,44.1,37.5,14.7,23.6,61.6,178.3,56.6,43.0,48.2,83.8,85.1,34.9,40.1,115.1,109.0,26.9,17.7,5.4,74.6,17.1
23.1,38.9,37.3,51.3,98.6,39.9,151.3,114.5,115.9,101.5,81.4,62.2,81.9,29.2,19.7,55.4,34.3,44.1,43.4,39.6,49.8,7.2,41.1,43.9,150.5,48.3,35.8,14.2,23.3,56.3,174.2,59.9,40.1,50.2,92.0,93.5,32.3,42.7,113.1,103.4,32.8,16.2,10.6,84.6,16.9
23.2,37.5,31.7,47.3,95.1,38.5,152.8,94.6,97.3,89.2,86.2,58.8,75.5,26.9,22.1,57.8,35.4,38.0,38.4,39.8,52.4,6.9,36.5,39.5,152.2,42.1,35.7,14.4,20.4,60.1,175.8,57.6,40.1,49.1,77.8,76.2,30.4,39.7,115.3,106.7,29.7,15.7,8.8,73.9,17.5
22.4,41.1,37.8,53.7,104.9,41.3,155.8,111.3,113.5,103.4,85.8,64.9,81.3,30.5,22.6,59.1,35.5,46.3,44.8,39.7,51.3,7.0,39.9,42.7,153.2,49.1,39.4,14.7,24.4,64.5,178.3,65.6,43.0,52.1,94.6,95.5,33.7,42.0,116.0,107.5,30.0,15.2,9.1,95.0,18.9
21.7,40.2,33.8,50.0,101.9,37.7,152.5,103.3,104.0,94.3,85.5,67.4,80.5,28.1,20.8,59.2,33.5,42.4,43.0,38.9,51.3,7.2,39.5,41.7,151.2,47.8,38.4,15.4,23.4,62.7,176.1,64.4,40.6,47.2,88.3,94.1,34.1,41.9,114.8,107.1,29.7,18.8,7.6,84.1,17.6
21.8,40.4,36.2,50.3,101.7,39.0,155.3,104.2,108.8,96.6,91.3,66.9,76.7,28.8,21.2,57.6,34.0,42.6,41.8,38.5,53.8,6.3,39.2,41.9,154.5,42.8,38.1,14.9,21.2,64.1,180.1,64.2,40.6,46.3,86.1,88.6,34.0,39.7,117.4,112.0,28.2,17.2,6.1,84.7,16.8
24.0,43.9,37.9,54.1,110.7,40.6,160.3,108.4,110.0,101.4,90.1,66.3,85.7,31.0,22.9,58.3,35.8,43.4,42.9,41.5,52.9,7.1,39.8,43.1,158.8,48.7,40.2,16.1,22.1,66.6,183.1,70.4,42.9,52.6,95.8,96.4,34.9,45.3,119.8,110.0,29.9,15.5,10.6,100.9,18.6
20.3,36.1,30.1,44.7,91.0,35.7,147.4,87.8,90.2,81.4,79.0,60.8,74.8,26.4,21.1,53.8,32.2,36.6,36.5,37.6,47.2,6.1,35.1,38.4,145.5,41.4,35.7,12.7,20.3,57.4,170.7,52.2,42.0,49.0,71.1,73.2,33.0,40.4,107.2,100.0,29.2,17.0,7.4,61.5,16.3
21.2,38.1,28.5,43.8,92.8,34.9,159.1,90.2,93.0,85.2,87.0,62.7,77.5,25.8,21.0,58.6,34.5,36.8,36.3,37.3,52.5,6.3,35.0,37.1,156.7,40.3,38.2,13.3,22.8,61.9,181.1,52.0,45.4,52.4,75.8,82.2,33.7,41.3,117.5,110.1,30.6,19.2,7.6,68.2,17.3
20.6,38.0,30.4,46.9,85.9,34.8,143.1,85.2,89.4,80.6,77.7,57.6,71.7,25.8,20.3,55.1,32.3,36.1,38.0,35.5,48.2,6.6,36.2,38.4,142.1,41.0,35.6,14.0,19.9,58.0,166.1,52.7,37.9,45.5,72.8,71.5,31.4,39.5,106.2,98.3,28.0,14.6,8.2,59.1,16.6
20.5,37.4,36.0,48.2,92.9,36.1,147.8,95.7,99.5,86.0,84.2,61.0,75.5,28.0,21.2,59.5,33.5,38.3,38.8,35.3,51.1,6.2,38.5,40.8,146.6,45.8,36.8,13.5,22.3,61.8,172.7,58.0,36.1,44.1,80.8,79.5,29.2,37.4,113.0,105.2,29.0,15.4,8.9,72.3,17.6
21.6,39.0,33.4,46.1,89.5,34.1,147.8,94.2,98.7,88.0,80.9,61.2,70.7,26.7,20.8,55.8,33.8,36.0,37.3,36.1,48.2,6.1,37.0,38.6,146.5,43.8,34.4,16.1,21.9,54.1,171.2,51.6,42.6,47.5,75.4,74.5,35.3,40.5,107.1,101.6,27.9,19.0,5.7,64.0,16.6
22.7,42.0,32.0,49.2,94.5,38.6,160.7,95.4,100.6,89.0,86.9,64.2,76.0,27.9,21.1,54.8,33.4,43.7,43.7,37.3,50.8,6.7,36.8,40.9,157.8,44.5,37.9,15.3,23.3,61.6,185.0,55.5,46.8,52.7,79.6,81.3,36.1,42.8,117.0,110.7,30.7,20.5,6.6,75.8,16.9
20.7,39.8,34.3,51.9,103.9,36.5,152.0,106.8,107.1,102.1,83.3,69.1,82.9,27.0,19.8,54.2,32.3,40.5,40.6,37.1,49.4,6.3,35.4,39.6,150.5,45.4,36.9,15.0,24.9,60.2,174.5,62.4,42.4,50.5,93.8,96.5,35.0,42.9,113.1,105.7,30.3,15.1,8.2,82.2,16.6
22.0,39.5,32.7,49.0,93.3,34.9,153.9,95.5,98.9,88.2,87.3,60.0,68.7,28.0,21.7,58.4,33.4,41.0,40.7,36.2,52.1,7.0,37.8,39.5,153.2,44.0,37.4,15.3,22.7,62.1,177.6,55.1,41.7,46.5,75.3,76.8,35.3,40.2,114.0,109.3,27.1,17.6,5.2,70.7,17.6
22.9,42.3,32.8,51.7,98.5,39.2,160.8,105.0,110.3,99.7,88.0,63.7,75.9,28.5,23.0,57.4,36.4,41.1,42.2,38.9,55.3,7.3,40.9,44.6,160.0,46.4,38.3,15.3,22.5,62.5,185.3,57.6,44.5,51.2,91.3,92.1,37.4,44.5,118.2,111.3,29.9,17.3,7.5,86.0,19.3
23.0,39.7,33.0,49.4,96.8,40.0,155.8,98.8,101.9,91.5,88.2,63.2,74.0,27.6,21.6,56.7,34.9,37.3,37.5,39.8,52.5,6.0,37.7,41.1,154.6,44.8,38.4,14.1,21.4,63.4,177.2,57.8,43.7,49.1,80.2,82.1,32.4,41.6,115.6,109.3,29.2,18.0,6.0,78.6,17.4
21.4,37.5,33.5,48.3,96.0,39.1,149.2,100.5,99.2,91.6,82.7,62.4,72.7,27.3,20.7,58.0,34.1,40.3,39.3,38.9,49.9,6.4,37.5,41.3,148.0,42.9,36.3,14.7,23.2,60.6,170.5,59.8,43.5,49.6,81.6,82.5,32.7,38.6,110.3,103.8,27.1,15.7,6.4,76.6,17.0
22.0,39.9,34.8,51.6,103.5,39.1,158.7,101.2,105.9,94.3,91.5,68.1,79.9,28.8,21.5,58.0,33.9,44.0,43.2,39.9,55.4,6.3,41.4,46.2,156.5,45.5,40.2,13.4,23.4,64.5,182.1,66.0,40.1,47.0,88.0,91.2,31.4,36.3,120.9,113.9,29.1,18.6,7.2,89.5,17.4
23.2,39.6,38.0,50.3,103.6,42.1,148.3,103.9,108.2,99.1,78.8,68.7,85.8,29.3,22.9,56.5,34.3,41.2,41.5,39.9,49.9,6.9,38.6,42.0,146.8,46.3,36.0,15.3,21.6,57.7,170.6,65.4,37.7,47.4,93.5,96.1,31.9,42.3,112.3,101.6,30.4,15.5,10.4,88.5,18.1
22.3,39.5,38.6,53.6,110.8,41.7,153.5,110.4,113.1,103.5,87.3,71.0,83.2,30.7,22.9,56.8,37.1,43.8,43.3,42.1,54.1,7.0,39.7,43.3,152.3,48.4,37.4,14.4,24.6,60.4,176.9,70.3,38.1,44.0,95.1,101.3,35.0,40.5,116.0,110.5,28.9,16.9,6.9,97.6,18.7
21.1,42.6,32.4,52.7,102.6,36.6,159.6,110.1,112.2,102.4,85.6,72.6,90.1,26.4,20.9,57.3,32.2,45.0,45.3,38.0,51.0,7.4,38.2,41.8,159.2,46.2,38.0,16.5,25.7,61.7,185.8,62.9,41.0,50.9,95.0,98.1,36.6,47.1,120.4,110.8,34.7,21.0,9.4,89.1,16.6
22.5,38.0,33.8,47.7,95.7,38.1,147.6,98.4,100.1,90.3,81.0,59.5,73.0,26.7,20.3,57.7,33.7,38.1,37.5,37.6,47.6,6.8,38.7,40.6,146.6,45.0,35.5,14.4,21.7,57.2,171.6,55.4,41.6,48.6,78.6,80.2,35.5,43.1,108.5,100.9,28.4,16.3,7.5,73.6,18.0
19.5,36.5,31.8,46.0,91.1,33.7,143.0,94.7,98.4,90.1,80.4,55.9,69.5,25.6,20.6,55.3,30.3,41.0,40.8,35.9,47.8,6.2,35.8,39.3,142.0,41.9,34.3,14.4,21.7,57.2,167.3,56.1,41.1,47.0,79.3,83.0,32.8,39.5,105.4,99.2,25.4,13.6,7.5,65.3,16.0
21.2,41.1,29.5,48.3,92.0,35.2,149.8,96.7,100.7,91.2,84.1,60.2,70.6,26.1,21.0,57.0,32.5,41.3,42.2,36.5,49.6,6.7,36.8,39.5,148.8,42.7,36.7,15.2,22.1,59.7,174.7,51.9,41.9,47.3,75.5,76.8,36.8,42.7,109.2,104.4,28.6,14.4,5.9,66.5,16.4
20.9,36.7,31.1,44.2,91.7,34.6,149.9,92.1,93.4,86.0,82.8,64.2,73.4,26.3,20.6,54.7,32.0,37.2,37.0,35.7,49.5,6.9,36.4,38.5,148.4,43.7,36.5,13.1,23.1,59.5,174.2,54.5,41.8,46.7,72.6,71.1,34.1,38.9,110.3,105.5,27.6,20.3,5.1,64.1,17.6
23.4,39.2,35.5,50.4,103.0,39.4,156.0,100.6,104.4,94.1,84.8,72.5,84.7,29.5,21.4,57.5,35.8,39.1,38.5,40.6,53.0,8.1,37.6,39.9,155.0,47.0,37.7,13.5,22.7,62.4,181.1,65.4,42.5,49.6,85.6,92.0,36.3,42.7,115.5,108.7,30.4,20.2,6.8,86.3,18.2
23.7,39.6,35.0,49.8,97.9,38.9,155.3,100.6,105.5,93.1,85.2,62.7,73.6,28.0,21.4,57.1,35.0,43.0,42.4,39.2,50.3,6.5,39.0,41.8,153.8,45.9,36.0,13.6,24.1,58.5,180.7,60.7,44.9,49.8,78.2,80.4,36.5,42.3,112.8,107.5,29.8,18.1,6.1,81.8,17.4
21.1,36.8,29.9,44.8,85.2,33.1,133.3,86.4,89.4,81.3,70.5,59.5,72.2,24.4,19.4,54.7,29.8,36.0,36.0,34.6,42.8,6.1,35.0,37.2,132.4,39.0,31.4,16.4,20.5,51.3,156.0,53.1,36.2,43.8,74.2,75.8,31.9,38.3,98.0,91.6,27.4,16.2,6.8,54.2,15.8
23.4,40.5,35.8,51.2,103.0,41.0,156.2,104.2,106.8,100.0,85.0,60.0,77.1,29.3,22.0,58.7,32.1,41.5,41.4,39.6,50.9,7.2,39.6,42.8,154.6,47.6,38.2,14.5,26.3,61.8,179.7,64.0,42.2,51.3,89.1,95.5,36.2,45.2,115.0,106.2,29.6,15.5,9.4,89.5,17.0
22.4,38.6,30.9,48.1,95.8,36.3,149.2,96.7,99.5,89.0,80.4,61.3,79.4,26.5,21.5,54.3,32.8,37.7,39.0,36.9,48.1,6.7,37.2,39.5,148.2,43.4,35.0,14.2,22.3,55.6,172.0,58.8,41.0,51.3,83.5,86.5,34.5,44.0,110.0,100.7,30.0,16.0,9.8,71.6,17.3
21.5,40.0,30.5,47.9,92.8,35.0,155.7,94.1,98.3,88.7,92.8,55.1,69.2,27.4,21.6,57.4,34.6,40.0,40.1,36.2,54.2,6.9,38.1,40.4,155.1,44.3,38.0,15.6,21.8,62.6,180.5,55.1,40.8,48.6,78.4,78.0,34.1,40.8,117.8,110.4,27.9,13.6,8.8,70.7,16.7
20.4,38.6,31.7,49.6,93.9,34.7,146.0,99.9,102.0,94.3,80.7,62.5,73.5,27.8,20.7,54.9,31.7,40.5,40.6,35.9,47.1,7.3,39.0,42.5,144.4,44.6,37.1,15.0,25.4,59.7,167.6,57.2,41.4,47.4,83.7,85.5,32.8,38.8,107.7,101.7,27.7,17.4,6.5,71.2,16.8
21.4,40.7,33.0,48.8,100.6,37.5,153.2,103.3,104.4,97.5,84.0,66.5,80.7,28.0,22.2,58.6,35.0,40.8,40.8,38.0,50.4,7.3,39.1,42.5,152.3,43.4,37.4,15.2,23.2,60.7,176.1,60.6,41.5,49.4,93.8,96.0,33.3,41.6,114.4,106.0,29.4,16.3,8.6,83.6,18.3
22.5,38.8,35.3,47.2,97.9,40.6,151.9,97.6,100.9,92.0,80.2,67.2,79.8,29.0,21.2,55.3,33.4,40.0,40.6,39.8,49.2,6.6,37.8,40.1,150.5,44.5,35.5,15.1,20.6,58.6,175.2,58.4,41.9,48.7,82.8,85.0,37.3,43.8,111.7,104.4,30.2,18.2,7.5,80.6,17.8
22.0,39.4,32.8,46.7,94.5,40.8,156.1,97.9,101.3,90.5,91.4,59.3,70.8,27.1,21.9,56.9,35.6,41.0,40.2,39.1,55.4,6.7,37.9,40.2,154.7,43.1,38.5,15.6,23.1,65.1,178.5,57.3,39.4,45.4,78.9,77.8,31.5,37.1,119.0,113.3,26.5,16.9,6.1,76.8,17.6
20.5,41.4,32.2,51.7,98.8,35.6,158.4,104.9,108.6,99.4,87.5,69.1,81.3,27.6,21.8,58.0,34.1,43.1,43.2,38.7,53.7,7.6,38.6,41.7,157.8,46.5,38.9,15.3,24.5,61.1,182.1,59.8,39.3,46.1,90.7,91.2,35.4,41.5,119.5,112.7,30.0,20.8,6.9,83.1,17.6
23.9,39.5,35.0,49.0,99.0,38.8,145.0,105.7,109.1,100.7,78.5,64.8,74.0,28.1,21.5,56.8,32.5,40.5,39.6,38.2,47.6,6.6,38.6,40.5,144.0,43.7,34.5,14.4,22.8,55.6,168.5,60.8,41.6,48.1,93.8,92.8,33.9,40.5,106.2,100.4,28.2,17.6,6.5,80.7,17.8
23.5,38.4,34.0,50.3,103.2,41.3,151.5,109.8,106.9,105.1,80.8,65.1,79.9,28.0,21.8,55.2,34.4,40.8,40.1,40.6,52.4,7.3,39.4,41.9,149.8,47.6,36.7,14.7,20.0,58.9,171.0,62.8,42.6,50.1,96.3,102.8,36.7,44.0,112.0,104.5,28.6,16.9,8.0,88.0,18.4
22.6,42.3,36.0,51.7,97.0,40.4,155.6,104.8,108.1,99.7,86.3,60.9,72.4,29.0,21.9,56.0,34.8,42.8,42.9,39.7,52.6,7.5,38.8,42.7,154.4,47.3,37.1,16.2,23.4,59.1,179.7,60.4,43.8,50.0,84.5,84.2,36.8,43.8,113.8,106.8,29.7,17.3,7.0,83.7,17.8
22.6,39.4,30.9,48.1,95.0,36.3,155.5,97.1,99.3,91.9,85.5,60.3,76.9,27.5,23.5,56.4,34.5,41.2,40.9,38.1,51.5,6.4,38.6,41.2,153.0,43.5,38.1,14.7,22.5,61.0,178.8,58.2,43.1,51.5,86.8,89.3,34.6,42.4,114.7,106.6,28.3,15.0,8.7,76.1,17.5
22.2,38.4,33.3,49.3,97.5,37.0,148.0,95.6,100.0,88.3,82.7,65.5,75.0,26.5,20.7,56.8,31.6,38.3,37.7,37.0,48.7,7.4,37.2,40.1,148.1,43.6,34.9,14.1,24.4,55.7,172.3,59.4,40.4,45.1,79.9,82.8,33.9,39.1,109.3,103.9,28.2,17.7,5.3,72.2,16.7
21.5,39.1,30.4,46.4,91.8,34.3,155.7,93.3,96.1,84.3,86.3,58.1,67.5,26.4,20.9,53.8,32.8,36.9,37.2,35.5,50.2,6.5,36.5,41.1,153.7,41.6,38.0,15.0,21.7,59.3,180.2,54.1,45.9,50.9,70.5,75.1,37.8,42.7,111.9,107.2,27.0,16.6,5.5,65.1,17.4
21.4,38.0,32.7,47.7,96.3,38.1,142.6,98.6,101.5,93.8,77.7,61.1,73.2,25.8,20.1,55.2,32.3,39.0,38.3,37.4,46.9,6.7,35.8,39.1,141.1,43.8,34.7,14.3,21.3,54.5,164.2,59.7,38.0,44.4,83.8,88.3,33.7,40.4,106.0,99.8,27.5,17.0,6.4,72.5,16.5
23.4,39.0,37.1,52.9,110.8,41.4,154.2,113.0,113.0,106.4,81.9,71.3,83.4,29.5,20.5,58.7,34.0,46.4,44.9,41.9,50.0,6.7,41.7,43.3,152.8,49.5,37.8,14.1,25.8,60.4,177.5,68.9,43.5,49.6,97.9,99.9,38.0,44.2,113.1,107.1,30.3,19.1,6.1,96.9,17.6
24.0,35.7,36.2,46.4,99.6,37.9,152.6,97.6,99.9,88.0,86.4,62.0,75.9,29.5,22.7,56.6,34.4,36.6,37.6,39.0,51.1,6.9,39.4,42.4,152.5,46.1,38.1,15.4,21.5,60.4,177.5,57.6,38.4,46.0,79.8,78.4,32.0,39.8,115.0,107.6,30.7,16.9,8.3,77.6,18.9
22.7,40.1,37.9,50.5,100.3,40.1,156.0,104.7,109.0,97.5,85.0,62.0,74.6,29.9,22.4,57.1,34.2,44.5,44.0,40.0,50.7,6.8,40.3,41.3,155.3,47.2,36.6,16.4,25.3,60.5,179.2,61.5,45.1,51.6,85.8,86.7,37.8,44.3,113.3,107.2,28.4,18.2,6.0,86.6,18.4
20.8,38.3,31.0,46.2,94.1,35.5,153.3,93.9,100.0,86.0,86.7,61.7,78.5,26.3,21.2,57.2,31.7,41.6,41.6,36.1,51.7,6.1,38.2,42.6,152.2,44.4,38.3,15.8,24.0,61.1,176.2,54.4,39.1,48.2,76.9,76.5,31.3,40.1,115.5,107.0,30.8,17.5,9.3,70.1,17.0
21.0,38.2,32.4,47.2,93.0,37.3,154.4,98.5,101.0,92.8,82.6,63.4,79.4,27.9,22.1,55.7,32.9,42.6,41.6,37.7,48.9,6.8,36.8,38.7,153.3,42.5,36.9,14.7,22.9,59.7,178.9,54.8,43.3,51.6,85.2,89.0,38.2,46.5,112.2,104.5,31.0,18.5,8.1,73.3,17.4
21.2,38.2,32.5,48.5,100.5,34.4,152.3,101.1,101.6,95.9,83.0,61.0,85.7,28.2,20.8,55.7,33.6,35.8,36.8,38.4,51.0,7.7,38.3,41.0,151.2,45.3,36.7,14.2,20.5,59.6,175.9,59.5,39.5,52.5,94.9,99.3,33.5,46.4,114.5,102.8,29.8,12.1,13.0,82.0,18.3
20.5,38.9,30.5,49.6,98.9,37.1,150.8,100.5,102.4,94.3,85.3,60.2,76.5,25.9,20.1,57.0,32.4,41.0,41.5,37.6,50.8,7.5,35.8,38.8,149.3,43.9,36.6,14.8,23.8,59.0,172.6,61.9,40.0,49.5,85.6,88.4,31.4,39.5,113.8,105.8,30.9,17.2,9.0,75.6,16.4
21.0,35.8,29.8,47.2,88.2,35.2,145.9,89.3,94.7,83.2,81.5,60.4,69.6,27.8,20.5,55.3,32.8,34.8,34.7,35.6,48.3,6.6,36.6,39.7,145.6,42.6,35.2,13.3,21.8,57.1,170.2,50.5,40.2,44.7,71.8,72.6,33.4,37.8,107.2,101.9,27.3,19.1,4.5,61.8,16.8
22.4,37.9,32.2,48.7,95.0,38.2,146.6,98.7,100.9,95.0,80.5,64.5,75.9,26.8,20.6,58.1,34.4,42.1,41.6,37.7,48.6,7.5,37.6,40.0,145.0,42.8,36.0,13.7,22.3,58.7,170.0,58.4,39.9,46.5,88.9,90.9,34.5,41.9,108.7,101.8,29.1,17.0,6.7,75.4,17.2
22.0,40.6,37.6,50.5,99.6,38.5,155.7,102.9,107.4,96.0,88.5,64.7,72.2,29.2,21.1,56.4,34.4,38.7,39.9,40.6,50.7,6.4,39.0,42.0,154.3,47.6,38.3,15.5,22.2,61.0,179.5,60.1,40.7,45.0,87.2,87.5,34.6,39.7,117.1,112.5,29.0,20.2,5.0,84.9,17.7
20.8,36.4,33.5,44.6,94.8,36.7,158.7,95.7,97.6,88.7,87.5,63.6,77.2,27.9,21.7,56.7,34.3,37.3,38.8,39.9,51.2,6.5,38.2,41.3,158.8,47.1,37.4,13.8,21.2,59.1,184.0,59.3,43.6,50.1,80.8,81.7,37.5,44.7,116.1,109.3,29.5,18.0,7.1,75.5,18.2
21.2,39.8,32.4,47.9,99.9,38.2,159.3,95.2,98.4,90.8,86.4,60.2,78.9,28.1,22.3,56.1,34.4,34.1,35.4,41.4,53.7,7.4,38.4,41.9,157.8,44.7,38.3,14.6,22.6,60.2,183.1,60.9,42.8,51.7,84.4,90.9,37.2,46.9,116.7,107.6,30.4,17.1,9.8,79.6,18.2
22.2,39.0,33.5,48.7,94.5,38.2,145.5,99.7,104.7,90.6,79.8,61.4,73.4,27.7,21.3,55.4,32.5,39.1,39.3,38.7,47.2,6.7,37.4,40.6,144.6,44.3,36.2,15.0,22.1,57.6,169.8,57.2,40.1,46.1,76.5,80.3,33.0,39.3,107.5,100.5,28.0,17.8,7.0,71.7,17.4
22.6,38.1,34.0,51.1,101.4,40.3,146.6,107.2,105.3,98.2,78.9,72.2,84.7,27.2,20.7,58.2,33.9,40.7,40.6,41.2,46.8,6.5,36.3,38.2,146.3,45.6,33.5,13.3,21.7,55.4,170.8,67.1,39.2,46.5,88.0,93.8,34.5,40.9,109.6,102.0,31.4,18.2,7.5,85.6,16.8
21.6,39.3,33.2,48.0,95.4,37.4,145.3,96.1,100.4,87.6,82.2,57.9,67.2,27.4,20.8,57.5,32.6,40.8,40.7,36.5,48.4,6.1,37.5,40.3,145.0,43.5,35.7,15.3,24.3,58.1,170.3,57.6,38.8,44.7,78.5,79.7,35.3,40.6,107.0,101.9,26.4,17.2,6.2,71.3,17.1
24.4,40.9,35.7,52.1,108.1,43.3,155.5,113.4,113.7,105.2,84.9,62.7,84.3,29.1,22.1,59.3,35.5,42.2,43.3,40.5,51.8,7.3,39.1,43.4,155.4,48.7,38.5,15.7,24.7,63.6,181.0,66.4,42.4,54.6,97.5,101.8,36.6,48.8,114.7,102.6,30.5,16.2,12.8,99.0,18.1
22.0,39.9,37.5,51.1,100.2,38.3,153.8,103.2,109.8,95.3,82.2,68.5,79.2,29.3,22.2,57.5,33.8,39.8,40.2,40.0,48.7,5.5,38.4,41.4,153.6,48.0,37.0,14.2,23.2,59.2,179.2,60.6,42.9,48.1,81.2,81.6,37.3,42.5,111.9,106.5,30.8,20.0,5.6,82.5,18.5
21.2,36.9,35.2,49.2,101.9,37.6,147.3,100.4,104.4,92.5,82.8,69.0,80.3,27.1,21.7,55.0,33.4,40.8,40.3,39.1,50.4,5.8,36.4,38.9,147.1,45.5,37.1,14.5,22.3,60.1,171.0,64.9,35.4,42.4,81.5,83.0,32.8,39.1,111.7,105.4,29.1,19.8,6.5,78.8,16.7
20.1,36.9,36.2,47.6,96.6,35.5,145.1,96.4,99.8,91.2,81.6,69.0,78.3,27.8,20.3,56.9,31.8,37.1,37.7,36.8,48.7,6.1,35.6,40.0,144.4,44.3,35.4,13.5,21.3,59.1,168.8,62.6,36.4,42.4,83.5,86.7,33.6,39.6,110.2,103.8,27.9,16.5,6.2,73.8,17.3
21.5,39.0,33.2,48.7,92.4,37.6,147.2,92.7,96.8,89.0,85.3,62.5,73.7,27.0,21.1,56.4,33.6,37.6,37.9,37.4,50.9,6.9,37.4,40.3,147.3,42.8,36.4,13.8,20.9,61.4,171.2,59.1,36.5,42.2,77.0,76.0,33.1,39.3,111.6,105.4,27.8,16.2,6.3,71.6,17.5
22.4,40.5,32.8,49.0,98.7,37.9,153.4,97.4,100.3,92.2,85.8,63.9,74.5,27.6,20.8,56.5,33.6,39.4,39.6,36.7,49.9,6.7,39.3,41.6,152.8,44.8,37.5,15.2,22.3,60.3,176.2,57.4,41.9,47.5,86.0,87.9,36.3,41.9,113.6,107.8,28.7,18.5,6.0,77.1,17.3
22.2,41.6,34.4,50.2,100.8,38.5,154.1,97.5,100.5,92.6,82.7,66.9,83.7,28.4,22.0,58.0,34.8,43.1,43.6,38.1,50.6,6.7,38.7,42.2,153.8,46.0,36.4,15.7,23.7,58.3,179.3,59.4,41.6,51.0,87.4,90.5,35.2,44.1,113.8,104.6,30.3,16.4,9.8,82.0,18.0
22.2,38.7,35.4,50.4,104.2,38.5,150.4,104.8,108.7,98.5,80.2,66.5,82.7,29.0,20.8,57.2,33.1,41.1,41.2,39.7,47.9,7.2,40.8,44.7,148.8,47.5,36.8,13.8,25.1,58.9,174.6,63.6,40.0,48.1,90.9,95.5,34.5,43.1,110.6,102.4,30.8,15.8,8.6,86.2,18.1
24.6,40.3,34.5,49.0,106.7,39.4,160.3,96.3,102.1,90.4,90.6,64.6,77.0,29.6,21.6,55.9,36.3,37.2,38.3,41.5,53.0,6.7,38.7,41.3,160.1,47.7,41.1,14.6,23.4,66.2,184.6,63.8,43.4,50.1,81.1,87.3,37.5,43.8,118.0,111.6,29.9,20.0,7.5,87.9,19.4
20.7,36.5,31.3,43.6,92.7,34.6,151.7,88.4,92.2,84.2,83.3,62.3,73.6,25.5,20.5,58.8,31.7,37.3,36.0,36.7,51.2,7.7,37.0,37.9,150.1,41.8,36.6,13.9,19.8,58.3,174.7,54.0,41.9,47.8,80.7,84.4,35.7,41.8,111.7,105.5,28.0,18.3,6.4,64.6,16.7
21.3,36.7,36.5,48.7,95.8,36.7,152.2,102.1,106.0,93.9,88.3,59.5,69.4,27.5,21.4,56.3,32.9,40.7,40.2,37.2,51.2,7.1,38.0,40.4,150.8,46.7,36.6,13.3,23.3,61.7,175.5,59.5,40.9,46.0,79.3,80.7,34.7,40.2,112.8,107.5,26.2,16.1,5.5,75.1,18.3
23.8,41.2,36.0,50.5,102.4,42.2,144.4,102.4,104.9,95.5,76.1,66.8,75.5,27.6,19.6,58.9,34.0,39.4,41.0,40.8,46.7,6.3,38.7,41.5,142.7,44.8,35.0,15.0,23.0,57.6,167.6,64.7,41.4,45.9,84.6,87.8,35.5,40.6,104.8,100.0,27.1,20.0,5.3,81.8,17.4
21.8,40.2,34.4,51.3,97.2,36.5,157.8,103.5,107.4,95.6,88.6,68.6,76.2,27.8,21.2,59.2,34.1,44.9,45.3,39.0,52.6,6.7,38.8,41.4,156.3,44.8,38.6,15.1,24.1,61.8,183.0,58.6,41.2,45.8,80.0,82.5,36.2,40.7,117.7,114.1,27.6,22.2,4.5,79.4,17.7
21.6,41.4,33.8,48.7,96.2,37.8,145.3,96.3,101.3,90.6,77.9,61.2,75.9,26.8,21.2,56.3,33.3,42.1,42.8,36.4,45.5,6.1,38.9,40.2,144.4,43.4,35.1,16.7,23.2,55.8,168.3,58.8,41.2,49.5,84.3,81.8,34.6,43.5,106.7,98.3,29.8,16.8,8.9,73.3,16.8
21.7,38.6,31.1,47.0,89.8,35.8,149.3,91.9,95.4,86.7,82.9,60.6,73.9,25.2,20.5,56.0,32.2,39.1,39.9,34.2,49.3,6.8,36.7,38.6,147.3,42.8,38.5,14.7,21.2,62.7,172.5,52.0,38.9,49.5,77.5,78.9,34.6,42.0,111.7,103.9,29.5,18.3,7.2,66.2,17.0
21.8,41.0,33.2,51.7,105.5,39.1,157.5,104.6,109.9,100.9,88.6,66.6,85.1,28.3,21.0,60.3,33.3,43.2,43.3,40.4,53.2,6.9,38.3,41.8,155.8,46.9,38.1,14.9,23.9,62.9,182.6,64.5,40.8,50.0,91.4,94.8,34.7,43.9,118.8,110.1,32.9,19.5,9.6,88.8,17.8
22.3,38.5,33.8,48.9,99.6,37.3,151.1,103.4,107.5,96.8,85.0,62.4,74.3,27.2,21.5,53.7,32.8,41.6,40.8,38.6,49.0,6.2,38.3,41.5,149.6,44.0,36.2,14.4,22.6,59.4,174.4,59.8,40.9,46.8,79.0,79.8,34.0,40.2,112.2,106.2,29.1,18.8,6.1,75.4,17.3
21.4,40.6,35.0,50.0,96.5,37.7,151.1,96.6,102.4,88.9,84.5,63.7,72.7,27.7,21.8,56.4,33.7,40.8,42.2,36.9,50.5,7.4,37.3,40.5,150.2,42.5,37.0,17.4,22.6,59.8,174.3,58.0,42.1,46.7,80.5,84.0,34.2,39.3,111.4,106.5,28.5,19.1,5.2,74.2,17.7
21.8,37.8,32.7,47.7,94.4,38.3,150.3,94.2,98.5,87.5,83.6,64.2,72.5,27.0,21.1,57.4,32.9,41.1,40.5,38.7,48.3,6.5,37.2,40.3,149.8,42.9,36.0,15.2,21.9,57.5,175.5,57.9,42.2,45.8,77.3,77.2,36.8,40.9,109.5,105.8,27.8,19.1,3.5,72.2,17.5
21.5,39.8,36.5,52.0,106.1,40.7,149.7,109.0,112.5,101.7,85.0,64.8,81.0,28.8,21.5,56.0,34.2,41.4,41.4,40.0,50.3,6.8,38.9,40.4,149.0,48.0,38.8,16.4,21.9,63.1,172.2,62.7,39.0,48.7,93.6,96.7,33.8,42.6,113.8,104.6,28.2,16.0,10.7,88.8,18.7
20.9,41.6,32.2,48.6,92.8,33.2,150.0,95.8,99.6,87.9,84.9,60.7,71.4,25.5,20.4,56.8,31.3,39.4,42.0,34.3,48.2,5.9,36.8,41.0,148.2,41.9,36.0,16.5,22.5,59.6,172.3,53.4,41.0,47.4,81.2,82.4,31.8,38.3,111.6,104.8,28.1,15.1,6.8,66.8,16.5
19.3,39.1,26.0,46.0,83.2,32.0,145.2,85.7,88.9,82.2,84.7,55.5,65.9,23.0,18.8,57.1,31.8,35.9,37.3,32.7,49.1,6.2,34.3,37.2,145.0,36.5,37.0,15.6,18.5,60.2,169.0,49.2,37.5,42.6,71.9,71.2,31.9,37.5,109.0,103.2,25.3,15.4,6.0,54.6,15.7
19.9,37.4,29.7,46.5,93.7,32.8,148.4,93.9,96.4,84.3,84.2,62.5,71.8,26.5,19.8,55.8,32.2,40.6,41.1,36.8,48.7,7.6,36.6,39.9,147.2,43.1,36.3,14.0,21.2,57.6,172.7,53.7,38.3,43.2,74.5,78.3,33.8,38.8,110.6,105.7,28.6,18.5,5.5,65.4,17.3
19.7,38.1,29.4,47.9,92.2,34.5,147.8,92.3,95.9,85.8,82.8,61.7,72.0,25.5,19.8,53.5,32.0,39.3,39.2,36.2,49.5,7.2,34.9,37.9,147.2,41.8,36.2,14.4,21.8,57.2,170.1,57.1,39.5,45.5,77.1,80.4,33.2,38.6,110.4,104.6,27.5,17.9,6.2,66.3,16.4
21.2,40.9,32.0,50.2,95.6,39.5,151.6,102.0,104.4,93.6,82.6,68.0,74.7,26.7,21.0,56.2,33.3,43.5,42.9,37.2,49.2,7.1,37.3,41.0,151.5,42.4,36.7,15.6,24.2,60.6,175.7,56.3,41.4,45.2,82.2,82.4,36.5,40.5,111.5,107.5,28.6,20.1,4.0,76.0,17.3
22.2,38.1,37.4,49.9,95.2,36.8,146.9,97.6,103.2,89.4,80.6,62.0,74.8,28.7,21.2,54.4,32.0,38.8,39.8,37.1,48.5,6.4,35.7,38.5,145.4,47.5,36.5,15.3,19.6,59.2,170.3,57.5,39.8,46.2,77.2,78.9,33.5,40.6,108.5,101.0,29.1,18.7,7.0,71.1,17.3
23.8,40.6,37.0,54.8,107.9,41.4,162.8,111.1,113.4,101.6,92.0,70.7,86.2,29.2,21.1,57.4,34.3,44.5,44.2,41.3,55.9,7.9,39.3,43.5,162.2,50.6,39.4,15.7,25.2,63.6,185.7,69.3,42.4,50.6,90.8,99.2,36.3,44.5,122.5,114.3,30.6,18.0,9.3,99.4,18.1
22.3,40.3,35.4,51.1,99.9,39.4,150.3,99.5,105.6,95.2,83.4,65.5,76.7,28.8,21.6,58.0,34.4,40.2,40.3,39.8,48.7,6.5,38.9,42.6,149.1,45.9,37.2,14.3,23.3,59.9,173.7,62.6,40.8,47.0,87.8,88.5,33.6,39.4,111.4,104.6,28.1,20.4,6.6,81.8,17.9
21.8,38.0,33.0,47.8,94.7,38.2,142.3,96.5,101.5,90.5,78.1,62.7,73.0,26.8,21.4,56.2,32.0,35.4,37.1,37.0,46.3,6.9,36.7,38.6,141.5,43.3,35.0,14.5,23.0,56.4,164.7,57.0,39.9,45.4,82.2,86.3,33.4,39.2,105.0,99.0,27.2,18.0,5.6,71.6,17.2
21.9,38.8,30.8,48.2,98.0,34.8,160.0,96.4,99.1,90.4,92.1,68.0,76.5,27.7,21.4,57.2,34.7,38.6,39.4,39.6,53.6,7.2,36.7,38.9,158.2,46.5,41.2,15.3,22.5,65.8,183.6,57.3,43.4,47.8,80.3,86.5,37.6,42.1,118.2,113.8,28.3,20.1,4.9,77.8,17.4
21.3,40.4,36.0,53.8,109.7,40.5,157.5,115.9,116.2,108.0,88.5,68.0,83.6,29.5,21.0,58.7,34.3,47.5,45.7,42.9,53.0,6.5,39.4,40.1,156.8,46.4,38.7,15.5,23.6,63.2,180.5,65.5,41.0,48.8,98.3,103.2,35.9,45.4,117.9,109.6,28.7,14.6,9.1,97.6,17.6
22.0,39.6,34.3,50.5,99.5,38.8,148.7,101.7,104.2,95.5,80.3,68.7,82.1,27.8,20.7,60.0,33.6,38.5,39.1,37.8,49.4,6.6,40.5,43.9,148.2,44.5,36.5,15.0,21.0,60.1,172.6,60.4,41.3,48.3,89.4,92.3,34.9,42.8,110.6,102.8,28.9,18.0,7.6,79.7,17.4
22.8,39.3,33.4,49.2,100.1,39.3,150.3,100.6,102.3,96.0,81.4,63.6,79.2,27.2,21.0,58.1,33.5,39.3,40.0,37.8,48.7,6.4,38.5,41.4,150.5,45.2,35.3,15.0,22.5,57.1,176.5,59.3,39.4,47.9,88.1,87.5,37.5,45.8,111.1,102.2,30.1,18.4,9.2,79.6,17.6
18.8,39.6,25.9,44.0,86.3,30.6,149.2,84.5,88.3,79.1,82.7,57.3,69.1,23.5,20.2,53.9,31.5,35.6,38.5,34.5,49.8,5.9,33.0,36.0,147.8,39.5,36.2,16.0,21.1,59.4,172.5,50.4,41.5,48.1,71.9,73.4,35.3,42.2,109.8,102.8,28.0,15.6,7.6,54.3,15.8
21.2,38.3,33.5,49.0,100.1,36.0,147.2,97.2,99.4,91.1,79.7,63.6,74.9,28.3,21.6,55.7,33.6,37.6,37.8,39.2,47.7,6.5,36.8,39.7,146.3,44.1,35.8,14.4,21.2,57.8,171.3,57.8,41.6,47.2,80.3,86.8,34.8,40.8,106.9,101.2,27.6,17.0,6.7,74.2,17.8
22.1,38.2,37.2,50.6,100.4,37.0,150.8,108.9,109.2,103.3,82.6,63.6,83.7,28.8,22.1,58.4,34.1,41.1,40.4,38.1,51.9,7.9,42.3,46.1,150.2,49.8,37.1,12.6,21.2,60.3,175.1,60.4,39.0,50.3,99.2,97.0,33.9,45.2,114.2,102.2,30.1,14.5,12.0,89.5,18.2
23.2,40.7,35.3,49.3,96.7,39.3,147.5,99.4,102.8,92.1,78.7,64.0,75.0,28.1,21.7,55.4,32.2,41.4,41.8,37.5,45.9,6.5,39.7,41.6,146.1,42.7,35.1,15.6,23.9,57.7,172.3,60.4,42.0,48.1,79.9,81.7,36.8,42.7,107.1,100.5,29.1,18.3,6.5,76.5,17.7
22.8,40.2,34.7,51.5,99.0,37.4,144.7,104.6,106.5,95.8,76.6,67.0,78.8,26.8,20.9,54.9,32.3,44.0,43.9,37.9,46.5,7.1,38.9,42.2,143.3,44.4,35.1,15.6,23.5,56.5,167.1,61.3,41.0,47.2,88.4,89.0,33.3,40.3,106.5,100.0,29.5,18.5,6.4,74.3,16.9
22.0,38.7,38.8,50.6,102.6,41.5,159.6,107.3,109.7,98.5,90.5,68.3,79.8,28.6,20.8,58.0,33.4,40.9,41.4,38.8,51.4,6.8,37.8,40.9,158.1,46.9,39.1,14.0,23.1,61.4,184.3,62.7,42.1,47.5,91.5,92.0,36.0,41.8,119.7,113.5,30.0,20.5,6.3,89.7,16.8
23.1,40.9,40.5,59.3,113.9,40.9,158.6,127.3,129.8,118.2,85.8,73.6,87.1,30.9,22.3,57.9,35.9,48.0,46.1,43.3,51.9,7.5,40.2,42.7,157.6,51.3,40.1,15.8,25.5,64.4,181.2,71.6,42.4,49.8,104.2,109.2,39.0,46.0,118.1,109.5,31.7,19.0,8.8,108.2,19.4
21.5,40.5,30.8,48.8,100.3,35.2,151.5,97.0,97.4,90.5,82.4,64.1,79.2,25.1,19.6,56.4,31.6,41.9,42.4,37.7,49.2,6.8,35.8,39.8,149.0,43.2,37.4,15.4,21.5,60.7,174.5,58.9,43.7,51.3,83.1,91.6,33.2,41.5,110.6,103.1,29.2,15.4,8.3,74.0,16.3
22.1,42.1,35.8,51.3,104.3,40.5,146.5,102.1,102.4,95.2,80.2,62.3,76.7,28.3,20.7,56.9,34.4,43.7,44.7,40.1,48.4,5.4,39.5,43.3,145.4,43.9,34.7,17.3,22.9,57.8,170.7,64.5,39.4,46.8,90.4,91.9,34.1,41.3,108.3,100.3,28.9,17.9,7.6,85.4,16.7
22.8,38.0,38.2,49.9,98.7,39.1,149.9,102.2,105.7,95.3,79.1,64.4,75.1,29.0,21.6,57.5,33.1,44.3,43.2,39.8,48.9,6.5,40.4,42.6,148.7,48.2,35.5,14.7,22.3,59.4,173.6,60.5,42.8,48.2,86.1,85.4,34.3,40.2,108.6,103.2,27.2,18.8,6.1,80.9,17.9
20.8,41.0,31.9,49.0,96.2,33.5,159.0,92.1,95.5,86.5,92.5,64.4,76.0,26.4,20.3,56.8,34.6,39.9,42.2,36.8,54.6,5.6,37.4,39.5,157.6,42.2,39.7,15.5,21.2,64.8,183.5,58.2,40.3,47.2,79.4,79.6,34.9,42.1,120.7,113.6,28.5,18.4,7.4,74.5,16.3
23.0,41.9,36.2,49.3,94.9,39.0,159.1,91.1,93.4,84.9,91.5,61.7,73.9,28.0,21.8,56.8,35.8,37.9,40.8,39.3,53.8,6.8,37.2,39.8,156.8,44.9,38.6,17.1,20.9,63.4,182.5,57.3,40.9,46.5,79.1,81.4,32.9,39.4,119.9,113.1,28.4,20.0,6.3,76.8,17.9
22.2,39.4,35.6,51.3,99.0,37.1,151.6,100.5,106.7,93.4,82.1,59.0,73.5,28.0,21.0,55.8,32.4,40.4,40.2,38.7,49.8,6.4,39.3,42.2,151.2,46.9,36.4,14.6,24.2,59.6,177.0,58.7,41.5,48.5,79.2,83.3,36.0,43.4,111.6,104.3,28.9,15.0,7.5,77.5,17.2
21.8,40.3,36.0,52.8,98.0,38.2,148.1,106.0,105.7,101.0,80.5,64.5,76.2,29.5,22.3,56.7,34.5,38.7,39.4,37.9,48.6,6.6,39.2,41.8,146.4,48.3,35.2,14.6,21.4,55.7,172.7,59.6,40.6,47.3,87.9,87.9,35.3,42.3,108.9,101.4,29.9,18.1,6.9,82.4,17.8
21.5,39.1,36.2,49.9,96.6,39.6,153.1,99.4,102.7,94.6,85.6,67.9,77.8,28.4,21.6,57.5,33.3,42.6,42.5,37.9,51.3,7.4,39.2,42.5,152.1,45.0,36.8,15.5,23.8,59.5,177.8,59.3,39.5,44.9,87.8,91.4,34.3,39.8,114.2,108.8,29.9,18.8,5.7,79.9,17.7
22.4,41.8,36.5,53.2,100.6,40.6,147.3,112.0,116.0,103.2,80.3,69.4,75.2,27.7,21.1,57.6,32.9,47.7,46.4,37.9,48.6,6.4,39.8,42.5,145.8,47.9,37.5,15.9,25.9,59.2,171.1,62.9,41.3,44.3,94.8,94.8,33.6,36.5,109.5,106.3,27.7,20.7,3.2,84.2,17.2
21.8,41.9,34.7,52.5,103.0,37.7,165.7,104.2,107.2,99.5,91.1,65.1,80.5,29.4,21.3,56.5,34.2,40.7,41.8,39.4,54.4,8.2,39.1,42.0,164.5,48.6,39.2,15.7,24.8,64.4,190.2,61.0,45.9,54.0,97.4,101.0,39.0,47.8,121.0,112.8,29.5,16.5,8.6,91.2,17.2
21.9,38.7,31.5,47.7,105.7,38.7,149.1,92.6,96.1,86.4,82.2,65.0,82.0,26.7,20.0,56.3,32.3,36.2,38.2,39.9,50.0,6.2,37.2,40.4,148.4,44.6,37.4,13.7,20.3,60.2,172.8,65.5,39.2,47.9,82.4,86.1,32.4,41.6,111.6,102.1,30.2,16.1,9.7,79.9,16.5
22.3,41.0,32.2,48.4,97.9,39.3,160.0,96.8,101.2,92.0,88.2,64.8,76.0,28.3,22.5,56.6,33.4,39.2,39.9,38.8,53.6,6.9,38.8,41.3,159.6,43.6,38.9,15.7,22.3,62.5,186.2,57.7,44.3,49.9,79.5,83.7,37.6,43.6,117.1,110.9,29.6,18.4,5.5,78.7,19.0
23.5,39.2,36.0,49.0,99.9,41.7,153.1,102.0,101.8,93.0,82.6,65.2,81.0,29.9,22.3,54.3,35.0,40.8,40.8,39.3,51.1,8.1,40.6,43.3,152.3,47.2,37.3,14.9,20.6,58.2,176.2,61.7,41.8,50.2,84.9,93.3,35.0,43.7,113.6,105.0,29.7,17.0,9.1,84.7,18.0
20.8,39.4,30.5,48.1,94.1,35.0,157.6,92.4,94.2,87.9,85.7,60.7,71.4,25.2,20.8,55.8,32.4,39.5,39.7,36.9,51.9,7.4,36.5,39.7,155.8,41.1,36.7,15.8,21.8,61.2,181.2,56.2,45.5,50.8,79.7,80.2,39.5,44.6,113.6,108.7,28.1,19.6,5.8,70.7,16.8
22.8,39.4,32.1,47.6,101.5,42.4,152.6,93.4,96.9,85.5,88.1,64.2,75.8,26.1,20.4,58.1,34.6,37.1,37.8,39.8,53.0,6.7,35.4,38.2,151.4,41.4,37.7,13.9,20.7,62.8,177.3,63.2,39.4,45.5,77.3,80.5,33.8,40.1,114.6,108.3,26.0,18.4,6.1,77.1,16.6
21.4,38.7,32.5,46.9,98.8,36.2,152.6,94.3,96.7,88.0,82.3,61.9,76.8,27.6,20.8,57.2,32.7,39.2,38.9,37.8,50.4,7.8,39.1,42.7,150.4,43.2,37.5,15.0,21.3,59.5,176.6,58.8,42.7,50.9,82.9,90.2,35.0,43.3,112.4,103.6,30.4,18.8,7.9,77.3,17.0
20.9,40.9,33.0,49.9,97.4,36.5,147.0,98.5,99.4,87.9,78.6,66.0,76.1,26.0,20.5,57.1,32.4,37.8,39.2,38.2,45.0,6.2,36.4,39.6,146.1,42.8,34.6,15.3,22.2,55.5,171.5,58.4,44.9,49.7,83.4,85.9,36.0,41.5,105.0,99.4,27.0,16.3,5.4,74.4,16.8
21.8,40.4,35.8,51.5,96.4,39.0,143.8,96.7,103.2,88.9,80.7,61.9,75.6,29.3,21.6,57.2,34.3,42.2,42.5,39.1,49.1,6.1,40.9,45.2,142.5,43.9,36.0,14.5,22.7,58.3,166.3,61.9,37.5,44.3,77.9,78.9,29.8,37.9,107.8,99.8,27.3,15.0,7.6,75.4,17.6
21.8,40.0,33.4,49.5,101.1,37.2,151.8,99.8,102.3,93.2,80.8,65.0,78.8,28.3,21.5,57.3,34.3,41.8,42.3,38.2,48.3,7.0,39.3,42.8,151.3,45.5,37.6,14.9,23.3,59.2,175.4,60.4,42.5,49.9,85.0,89.0,33.6,41.5,111.3,103.8,30.0,17.7,7.4,83.0,17.5
23.3,39.2,34.4,51.0,100.9,37.7,155.4,98.6,103.9,93.6,85.6,69.7,80.5,28.0,21.4,56.3,34.2,40.7,40.6,39.4,51.3,7.0,36.8,41.4,154.7,45.7,36.1,14.0,24.4,59.3,179.7,62.0,40.7,46.7,84.7,88.3,35.5,41.3,116.3,109.6,30.3,20.0,6.4,81.4,17.7
21.1,40.4,32.7,48.0,95.9,35.5,152.5,90.4,96.4,84.5,87.7,66.9,73.2,28.4,21.3,57.8,35.6,35.6,37.2,37.2,53.2,7.3,38.0,41.7,151.3,43.2,38.1,14.2,21.8,61.2,174.9,59.3,39.1,42.6,75.0,76.4,31.8,35.9,114.3,110.4,25.7,19.0,3.6,73.5,17.8
24.3,43.2,35.8,53.0,106.7,39.2,162.1,102.9,106.6,95.7,87.5,66.6,83.2,28.8,22.8,58.1,36.3,39.1,39.0,41.6,54.3,8.1,40.6,43.8,161.0,47.6,39.8,15.1,23.9,64.0,184.6,65.7,43.6,51.8,88.9,95.8,35.0,43.9,118.9,111.1,31.8,16.6,8.5,93.9,18.4
21.4,41.0,35.6,52.0,105.9,36.0,155.9,104.5,108.4,96.5,91.5,64.8,79.4,28.4,21.0,57.9,35.5,44.7,44.9,39.2,54.1,6.6,38.9,42.8,154.4,46.7,38.2,15.4,23.5,62.4,178.5,65.0,37.0,45.1,90.4,93.9,29.7,37.5,119.6,112.0,27.7,16.9,7.9,87.7,17.5
21.9,41.4,34.3,50.6,94.6,39.2,147.4,104.4,108.6,100.0,81.8,58.1,71.5,28.3,21.3,54.5,34.2,42.8,43.1,37.1,50.4,7.0,37.8,40.7,146.5,47.3,37.4,15.9,23.1,59.3,170.7,57.8,40.7,48.1,86.9,92.0,36.7,43.8,107.4,100.2,27.3,16.0,8.1,78.3,17.5
19.8,39.9,32.3,48.0,96.6,34.4,150.1,95.4,96.8,90.8,84.8,60.5,74.7,26.6,20.0,57.2,31.4,39.4,40.6,36.7,50.7,7.2,37.8,40.8,148.9,44.3,36.0,14.5,21.2,59.9,175.5,56.2,38.5,45.5,87.3,88.0,33.5,43.3,111.7,104.2,27.4,16.8,7.5,72.4,17.1
23.2,41.1,35.2,51.2,105.8,39.9,159.6,107.4,108.2,98.8,92.4,64.8,77.0,27.4,19.7,60.2,34.6,46.3,46.2,38.4,54.2,6.4,40.2,44.5,156.8,44.6,38.6,17.0,23.8,61.7,180.6,65.0,43.0,49.4,92.2,94.8,32.5,39.5,120.5,113.8,30.1,17.0,7.9,89.6,16.7
20.6,39.5,33.7,51.3,96.1,37.2,141.9,99.3,104.8,92.1,75.5,61.7,76.3,26.2,19.1,55.3,30.9,40.4,40.9,35.4,47.0,6.8,37.8,40.1,140.0,44.5,33.3,14.7,23.5,54.5,162.8,62.6,39.5,47.4,86.5,89.3,31.5,39.9,104.4,95.6,28.2,15.1,8.6,71.2,15.8
22.2,40.2,33.1,50.1,103.4,38.1,152.9,99.8,102.5,93.7,81.7,64.1,77.4,27.3,21.5,57.3,34.3,41.4,42.6,37.5,50.3,6.9,37.4,41.8,151.9,44.1,36.7,14.2,22.7,58.3,176.7,65.5,42.3,48.8,85.1,92.5,34.5,41.2,112.3,105.6,28.9,18.1,7.5,82.8,17.6
20.8,40.5,33.0,49.0,97.8,36.5,156.4,95.3,97.8,92.0,85.3,63.8,79.0,27.8,23.6,58.2,33.2,43.1,44.8,36.6,51.2,6.9,38.4,43.4,155.4,43.8,38.5,14.5,22.7,62.8,181.1,59.1,43.1,51.4,86.5,86.8,36.4,44.6,114.4,106.2,28.7,17.9,8.1,79.1,18.2
20.9,37.4,34.2,49.4,90.8,35.0,146.2,100.6,104.8,93.7,80.8,63.0,67.7,26.5,20.0,54.9,31.2,40.3,40.6,36.5,47.5,6.3,36.5,39.1,145.1,44.6,37.1,16.0,23.3,57.6,168.3,57.5,42.0,44.9,82.9,84.2,37.4,40.5,106.0,103.0,25.3,17.5,3.1,68.8,16.0
21.1,40.4,33.4,49.2,96.8,38.8,147.0,99.1,103.3,91.0,82.8,61.8,69.0,27.0,21.0,56.9,33.2,41.1,40.5,38.0,48.3,6.3,36.6,40.8,146.0,44.8,37.5,15.1,22.9,61.3,170.3,57.9,41.5,44.6,78.2,79.3,35.0,38.9,107.7,104.0,25.1,18.5,3.5,75.1,17.3
21.0,37.7,35.2,48.5,95.6,36.3,146.5,94.0,101.0,88.2,83.3,62.5,78.2,28.4,21.6,55.0,33.3,35.2,37.8,38.4,48.3,6.3,39.2,42.2,147.0,45.0,36.7,14.5,20.9,60.1,169.4,57.6,38.8,47.6,82.6,88.3,34.4,43.1,109.1,100.2,27.6,14.7,8.7,73.9,17.5
23.9,41.4,36.4,54.7,103.8,41.5,164.9,109.6,110.9,104.9,93.3,64.2,78.7,30.3,23.9,57.6,38.2,46.0,45.5,40.5,55.9,6.5,40.3,42.9,163.0,49.5,41.7,14.6,23.9,67.2,187.2,64.0,43.1,50.9,98.2,103.8,38.6,45.8,123.7,116.1,28.8,17.0,8.3,100.0,19.5
20.7,39.1,32.6,47.5,87.3,34.6,138.2,90.9,93.4,85.5,75.6,55.4,63.3,25.8,21.5,56.0,30.8,35.7,38.1,35.2,45.3,6.1,35.0,37.8,138.0,41.2,34.3,15.2,21.7,54.2,162.7,52.8,39.5,43.2,72.8,74.5,34.8,39.0,100.2,96.1,25.4,16.5,4.2,60.4,16.8
22.3,39.4,33.3,48.2,99.7,35.6,154.3,97.0,98.5,90.9,83.3,60.6,76.2,28.0,21.1,55.9,34.6,39.0,38.7,38.7,49.9,6.3,37.4,41.3,151.8,46.9,37.4,15.8,21.6,60.1,177.3,60.5,43.3,51.3,83.8,89.9,34.9,43.1,112.8,104.6,28.6,17.0,7.7,78.9,17.5
21.7,41.5,34.4,47.5,91.7,37.2,149.3,92.2,95.5,86.9,85.9,54.0,65.6,27.5,21.5,54.3,32.3,36.3,39.1,39.2,50.3,6.6,35.8,37.2,148.4,44.0,36.0,16.5,21.6,60.5,171.2,55.9,41.5,47.0,78.3,82.4,34.0,39.5,111.9,106.1,26.8,17.9,5.8,68.0,16.9
19.7,38.2,32.5,46.3,89.6,32.9,155.9,94.3,97.6,87.3,92.2,62.0,72.4,26.8,21.0,56.7,31.8,41.3,41.2,34.2,52.4,5.2,37.3,40.4,154.9,42.0,37.6,14.9,22.3,60.4,179.2,55.6,40.3,46.2,76.0,76.4,33.7,39.9,117.3,110.9,26.4,16.2,6.3,68.4,16.2
22.9,37.1,35.0,49.7,101.6,37.8,153.8,104.6,105.3,97.8,83.6,59.0,76.9,27.3,21.9,56.6,34.1,41.2,40.5,38.5,50.2,6.6,39.3,42.8,151.5,48.0,38.1,14.0,22.4,58.2,175.6,60.0,43.2,51.5,93.4,95.9,34.1,42.7,113.0,104.2,29.4,16.3,9.2,84.8,17.3
20.8,42.3,31.5,49.7,92.6,36.6,154.5,96.0,100.9,89.3,86.5,58.2,70.8,27.7,22.1,56.7,34.5,42.2,41.8,37.5,52.3,6.7,37.2,39.9,153.2,43.7,38.5,16.2,24.1,62.7,178.8,53.1,43.0,49.5,80.0,83.0,35.6,42.4,113.4,107.3,28.0,16.1,7.0,74.0,18.6
22.5,40.1,31.0,50.1,100.0,40.3,144.2,97.3,101.1,91.1,77.3,65.1,74.6,26.5,20.4,56.0,32.6,39.7,40.8,37.8,46.2,5.9,36.9,38.7,143.6,43.1,35.4,15.6,24.0,55.8,166.4,63.5,40.2,45.2,82.9,86.1,35.0,40.1,103.8,99.0,28.7,18.7,5.2,75.4,17.1
24.0,41.5,34.6,52.4,102.6,40.1,152.2,101.2,105.1,96.0,81.0,63.2,76.4,29.4,21.3,54.6,33.3,41.3,42.8,41.2,49.3,6.6,35.8,39.7,150.6,46.4,38.1,16.0,23.9,59.2,176.0,60.7,42.7,49.0,87.0,92.0,37.5,44.2,110.8,104.4,28.6,21.5,7.2,83.4,17.6
22.5,39.0,33.5,50.0,103.0,40.1,148.8,99.3,102.9,94.2,80.9,65.0,78.2,27.0,20.3,54.9,32.7,42.7,42.3,38.4,49.0,7.3,37.1,41.1,147.6,44.9,37.2,14.3,23.1,58.4,172.8,64.2,40.1,47.4,86.2,89.3,34.0,41.1,109.5,102.4,28.4,18.7,7.6,81.3,16.5
23.8,41.9,33.0,48.8,92.9,39.4,153.0,94.0,98.1,87.4,82.3,67.2,78.1,27.4,21.9,56.5,34.5,36.8,37.8,39.0,50.0,6.5,37.4,40.0,152.1,42.5,37.6,16.0,22.3,60.9,178.4,53.4,42.2,47.5,77.2,79.9,37.0,43.4,111.4,105.7,29.5,20.9,5.2,73.8,17.8
21.8,39.7,34.0,49.7,101.6,35.7,155.7,104.2,105.1,98.9,88.4,64.5,74.2,27.6,21.6,55.8,33.3,44.0,42.5,39.9,52.9,6.8,39.5,42.9,154.3,44.9,38.9,14.2,23.5,63.4,179.1,60.5,44.4,48.7,85.1,90.5,36.9,42.2,114.7,110.1,28.3,20.0,5.1,83.2,17.4
23.5,40.1,39.6,53.0,110.2,41.2,151.6,112.5,113.2,104.9,83.3,67.4,82.6,30.9,22.9,56.4,34.8,47.2,45.9,41.9,50.4,6.7,39.5,42.8,150.0,47.6,37.2,16.5,22.2,59.2,175.9,67.2,42.6,50.3,98.7,103.4,34.9,42.1,111.8,104.0,30.3,17.4,8.3,97.7,18.2
21.2,35.1,36.7,45.3,87.8,35.3,136.9,88.9,93.7,79.8,76.4,58.6,70.4,26.5,20.7,55.4,31.4,34.2,35.0,34.8,46.3,6.2,35.5,38.3,135.9,43.0,32.7,12.8,20.0,55.0,161.3,52.1,34.9,40.5,70.6,70.6,30.9,37.5,103.1,96.5,26.3,16.8,6.6,59.3,16.9
22.1,37.8,30.0,45.0,96.3,37.3,149.3,88.8,92.3,84.3,82.0,66.2,74.7,27.2,20.5,55.4,32.0,36.8,38.3,36.3,48.4,5.9,36.6,39.1,148.6,41.4,36.4,15.3,22.3,59.4,173.3,57.5,41.4,46.3,76.0,76.8,35.4,39.3,109.3,104.7,27.7,19.1,4.0,69.3,16.8
23.1,37.7,33.5,48.3,97.0,39.9,150.0,96.0,99.7,89.9,81.8,67.5,70.2,28.5,21.5,57.0,34.3,41.7,41.4,37.8,48.7,6.7,38.3,41.3,148.3,44.0,36.7,13.8,22.2,58.0,172.3,58.4,43.9,45.8,83.5,84.6,34.4,36.0,108.0,105.7,24.8,21.2,1.6,75.7,16.8
23.0,39.7,38.2,52.1,106.0,39.8,148.2,112.8,114.9,104.6,80.4,65.7,78.5,29.6,21.4,55.8,33.9,46.4,45.3,40.2,49.1,6.5,40.4,43.9,146.9,48.3,37.4,14.0,25.9,58.9,169.9,64.1,43.6,51.0,96.5,100.7,34.0,40.7,108.8,101.4,27.7,17.7,7.2,90.7,17.1
21.4,38.7,31.5,48.5,95.7,36.2,141.4,97.8,99.4,92.6,77.4,54.9,71.1,26.4,19.8,52.2,32.0,38.8,39.4,36.3,47.0,6.1,36.5,40.5,140.4,43.5,36.6,13.9,23.6,56.4,163.6,56.2,37.9,45.8,85.6,87.0,30.2,39.5,105.7,97.0,27.5,15.0,8.4,69.1,17.2
21.8,38.5,34.5,48.5,104.0,39.8,149.4,102.1,103.4,94.2,81.0,68.1,85.7,28.3,21.5,54.6,32.6,38.6,38.3,39.7,50.6,6.7,36.4,38.8,147.9,44.4,36.2,14.8,22.9,58.7,172.1,66.1,39.3,49.2,87.8,98.4,31.9,41.4,112.5,102.1,30.4,16.4,10.8,83.7,17.3
23.1,41.0,34.2,50.8,103.8,39.5,163.3,104.3,105.4,99.0,93.2,65.1,77.3,28.4,22.1,56.5,37.5,40.4,40.5,38.7,55.9,6.6,35.9,38.1,161.5,46.5,41.4,15.4,21.7,67.5,187.3,64.8,44.3,51.8,88.5,96.5,37.8,44.3,121.2,114.7,27.0,19.5,7.6,92.4,18.5
21.9,38.5,32.5,48.0,90.2,37.3,150.3,90.3,96.0,82.3,86.6,56.0,69.8,26.3,20.6,56.2,33.9,35.1,36.3,38.3,51.7,6.3,36.0,38.3,150.0,42.0,37.1,14.5,22.2,61.3,172.4,56.3,37.7,45.0,74.4,74.4,32.8,40.2,113.6,106.4,25.6,14.9,7.7,69.8,16.7
21.8,38.0,35.1,47.3,100.6,39.9,144.5,93.1,94.1,88.4,80.9,59.6,74.7,26.4,19.9,57.5,33.4,34.5,35.3,39.0,48.7,5.8,35.6,39.3,144.0,42.9,36.4,13.5,20.3,58.4,167.9,62.1,38.6,46.0,77.8,82.0,31.5,39.5,107.5,100.0,27.7,15.4,7.6,76.3,16.3
22.2,39.0,36.5,49.6,109.4,38.9,160.4,107.3,108.6,101.8,90.1,66.2,81.1,28.4,21.8,55.7,34.7,38.5,38.6,39.7,53.0,6.5,36.9,39.6,159.4,46.3,40.5,14.8,22.3,64.5,185.3,66.6,42.5,50.0,92.5,101.4,38.7,47.4,119.5,110.4,28.4,18.5,9.0,91.3,17.5
21.2,39.8,30.8,48.2,98.9,34.3,156.7,102.8,104.8,95.8,82.0,69.4,83.3,26.5,20.7,57.0,33.2,42.1,41.3,38.1,49.0,6.5,36.4,40.4,155.1,42.5,38.3,16.0,23.3,60.5,182.1,55.2,44.6,51.3,89.2,94.3,36.5,43.9,113.6,107.2,30.3,23.1,7.0,79.0,16.5
19.8,37.0,31.1,45.7,85.6,33.8,147.5,94.0,96.3,85.6,83.3,55.0,69.8,25.4,20.9,57.8,31.3,37.8,37.4,35.1,50.9,6.5,37.3,39.5,147.1,41.0,37.0,14.5,21.4,60.2,170.9,52.3,39.5,46.9,76.3,74.4,31.1,38.4,111.5,104.2,28.3,16.8,7.5,61.0,16.4
21.5,39.8,33.3,48.6,100.7,36.4,159.3,107.6,106.6,102.2,86.1,61.1,79.2,27.9,21.2,56.7,33.7,41.3,40.5,38.1,51.6,6.8,39.6,42.0,157.4,43.2,36.5,15.7,22.8,61.0,183.2,59.7,47.1,56.1,93.3,97.3,38.5,48.0,115.7,106.8,30.0,16.2,10.0,88.5,17.4
24.0,44.0,38.8,52.8,99.0,40.2,160.4,108.5,114.8,96.0,91.4,61.6,74.0,29.5,22.3,58.3,36.6,46.0,45.5,39.8,53.3,6.3,41.2,44.4,158.8,46.7,40.4,17.4,24.5,65.5,184.7,59.8,43.0,49.2,83.0,81.4,33.8,40.0,119.8,114.2,29.2,20.3,6.9,89.3,18.3
22.0,42.0,34.1,48.5,95.2,37.2,160.4,100.9,104.8,90.1,90.7,63.1,73.9,28.2,21.6,58.8,34.9,43.0,44.9,36.9,53.1,5.9,39.6,42.4,158.9,43.1,40.0,17.4,24.3,67.1,183.4,57.4,43.2,47.9,79.5,78.5,36.1,41.1,118.5,113.6,26.7,19.1,5.3,79.1,17.7
25.7,38.5,33.5,52.4,106.3,42.6,149.5,107.5,109.6,101.6,80.3,69.7,85.2,29.5,20.9,59.0,35.7,44.3,44.2,42.4,50.3,6.9,39.1,42.1,148.2,46.5,36.5,14.4,25.6,57.9,173.2,66.0,40.6,48.6,96.3,101.6,35.4,43.5,111.4,102.6,29.7,15.7,8.5,93.5,18.3
22.2,40.8,35.6,52.8,101.6,38.5,154.5,105.0,108.4,95.0,84.9,66.2,75.0,28.8,23.3,55.9,34.4,42.1,42.0,39.4,52.1,7.0,40.3,44.2,153.6,48.6,38.9,15.8,24.3,63.8,179.5,61.9,44.9,49.5,81.7,82.5,36.8,40.7,112.0,107.7,27.9,20.1,4.5,82.7,18.1
23.0,39.7,39.0,50.3,104.4,41.9,145.3,102.7,105.8,95.0,83.3,65.6,72.4,29.3,22.3,56.5,34.4,40.7,41.4,41.7,49.6,6.6,36.7,40.7,143.7,45.6,36.3,15.3,22.6,58.5,167.3,68.2,38.3,42.4,83.7,87.2,30.8,35.4,109.3,106.1,25.3,19.3,3.6,85.4,17.5
21.2,39.3,34.5,50.2,104.1,37.2,146.3,105.3,106.5,98.8,77.8,64.2,77.6,27.2,20.0,56.6,31.8,42.9,42.2,38.2,45.5,6.3,38.9,42.0,144.2,46.0,34.0,15.0,23.5,54.3,167.4,63.6,43.0,50.2,92.1,96.0,34.0,41.4,106.0,98.3,29.5,15.1,8.0,82.5,16.4
22.4,41.0,32.0,51.5,101.7,39.8,156.2,96.9,101.4,89.1,85.2,69.0,80.5,27.7,20.4,57.3,35.1,38.2,38.8,39.6,51.5,6.9,38.3,42.0,155.0,47.0,37.6,14.1,24.7,61.7,180.2,63.9,41.6,47.5,81.8,87.5,34.5,40.5,115.6,109.3,31.3,20.1,6.4,82.3,17.2
22.0,38.2,31.8,47.8,92.8,37.8,147.8,96.9,100.4,92.3,80.3,61.3,69.8,27.2,21.1,55.7,34.8,40.4,39.9,37.6,49.2,6.3,37.5,41.2,147.2,43.0,36.5,14.8,23.2,59.5,172.1,54.4,41.8,45.9,76.7,77.5,34.7,39.3,107.3,103.4,27.0,18.5,4.3,69.8,17.2
23.9,40.3,41.1,55.0,110.3,40.2,161.1,128.1,129.1,118.2,86.7,69.4,88.0,33.9,23.6,60.2,36.9,54.1,50.5,42.6,52.8,7.4,46.8,50.5,160.3,54.3,39.0,14.1,25.1,63.7,184.4,67.9,44.5,55.1,105.4,108.0,37.8,46.9,119.2,108.8,30.0,16.1,11.2,116.9,19.9
21.1,38.7,31.5,46.6,91.5,36.0,148.8,89.5,93.4,84.7,82.8,60.0,69.8,25.7,20.1,54.4,33.1,35.6,36.9,36.3,48.4,6.2,33.3,37.3,148.0,41.0,35.3,15.8,23.4,55.9,172.8,52.1,40.4,45.5,72.6,72.6,34.5,39.6,110.5,104.8,29.2,19.5,5.5,62.8,17.0
23.2,39.2,35.0,48.9,96.2,38.1,146.2,99.1,102.1,92.4,80.4,66.1,73.0,27.4,20.6,55.1,32.9,39.7,41.1,38.8,49.0,6.1,36.5,39.4,145.3,44.3,35.6,15.0,23.3,58.4,169.4,59.6,40.0,44.4,80.0,81.5,35.8,40.1,107.5,102.8,27.4,19.0,4.4,74.1,17.6
21.1,40.3,34.0,49.8,97.4,35.4,147.2,96.9,101.2,92.3,77.8,62.9,71.5,27.4,21.5,57.0,32.3,39.4,39.1,37.1,47.1,6.1,38.3,41.5,145.6,46.2,36.4,15.5,23.2,57.8,170.8,58.7,43.5,47.3,78.7,79.3,36.6,41.3,105.4,100.4,27.7,20.5,4.4,73.8,17.3
22.3,41.4,32.2,48.3,94.2,36.3,150.9,94.3,96.2,86.0,85.0,66.2,71.0,27.0,21.7,56.3,34.0,38.8,40.0,37.7,50.0,6.6,35.8,38.9,150.3,43.3,36.9,16.7,23.4,60.2,176.0,53.9,41.3,44.0,75.8,76.3,35.4,38.3,110.9,107.9,27.9,21.7,3.3,69.7,17.5
22.7,38.4,32.9,47.5,100.9,37.2,153.2,95.5,97.2,89.4,84.6,65.1,76.0,27.6,20.2,55.8,33.8,35.2,36.0,38.9,49.5,6.7,36.8,40.0,152.8,43.8,37.8,13.7,23.4,62.5,177.4,59.5,43.0,48.5,82.9,87.0,36.0,42.2,113.2,106.5,30.5,19.0,6.3,76.3,17.2
21.8,41.3,37.2,52.8,102.5,40.8,160.2,108.0,111.9,101.2,88.8,65.6,76.5,29.1,22.1,57.4,34.5,44.3,44.9,38.3,53.3,6.2,41.1,43.4,158.9,46.5,39.7,15.7,24.8,65.0,184.4,63.5,46.2,51.3,89.7,94.3,37.4,43.6,118.2,111.2,30.2,18.3,6.5,91.0,18.0
24.5,39.4,35.5,48.9,97.8,40.5,150.3,97.5,99.8,91.3,84.1,60.1,73.3,27.1,21.1,55.9,36.5,42.0,41.7,39.2,50.6,7.5,38.4,40.7,149.8,44.9,36.4,15.4,21.5,57.4,174.2,61.4,41.1,47.8,82.6,86.2,32.6,40.0,112.2,105.1,29.4,17.2,7.4,78.1,16.8
22.3,41.3,33.4,48.9,90.8,36.2,153.9,94.6,99.1,86.0,85.5,61.9,74.3,27.9,22.4,55.1,34.7,37.2,40.0,35.7,50.5,5.7,36.3,40.5,153.5,42.3,37.1,16.5,23.4,59.2,177.4,54.5,40.7,46.9,74.8,74.3,35.1,41.2,115.0,108.3,28.4,19.2,6.3,70.7,17.2
20.5,39.2,31.4,47.9,97.9,36.8,149.2,95.2,99.1,90.0,79.3,63.5,74.6,26.4,20.0,56.1,32.8,41.5,41.3,36.2,47.1,6.6,37.8,40.6,147.9,42.8,35.5,13.9,22.9,56.1,174.3,57.7,42.8,48.8,78.3,79.2,36.4,42.6,107.4,101.0,29.6,18.8,6.2,71.3,17.2
22.7,39.8,34.0,50.4,103.4,37.5,155.4,103.2,105.2,95.7,87.7,68.9,76.7,27.8,21.3,58.3,34.4,41.3,40.9,38.7,51.2,7.0,39.6,42.7,154.3,46.4,37.0,13.7,23.8,60.2,179.8,59.8,42.3,47.0,87.0,89.5,36.7,41.4,115.1,109.8,28.8,20.6,4.8,84.8,17.8
24.5,42.5,37.5,52.8,103.6,40.9,157.9,104.0,108.0,96.2,86.6,66.4,79.2,31.0,23.0,58.0,36.9,41.6,41.5,41.5,51.6,7.0,39.6,43.0,156.8,45.4,38.2,17.3,24.3,62.5,183.2,61.1,44.1,50.3,89.2,91.5,37.1,44.0,116.0,109.3,29.5,19.7,7.0,91.5,19.7
22.2,43.2,36.7,51.5,106.0,40.5,156.0,108.3,108.9,102.5,84.4,75.8,82.5,29.4,22.9,57.0,34.0,41.6,42.8,41.0,51.0,7.1,38.5,40.8,155.7,46.4,36.4,16.8,23.8,58.6,179.7,66.1,45.9,49.5,94.8,99.3,38.2,41.9,113.1,109.5,28.9,20.7,3.9,95.6,18.0
23.0,39.6,40.5,52.5,108.7,40.8,154.5,107.4,112.2,100.2,86.8,61.5,78.9,31.2,21.6,58.2,35.1,39.5,41.4,41.8,51.9,5.8,41.0,43.5,154.0,48.2,37.8,14.3,23.5,61.2,179.2,69.5,40.8,49.8,89.1,89.1,35.5,45.5,115.7,106.7,30.4,16.2,9.9,95.6,18.2
22.1,40.6,36.0,51.6,104.1,38.1,148.8,106.7,107.7,101.5,79.6,67.6,79.8,28.7,23.3,59.0,35.1,40.4,41.4,38.8,48.8,6.6,40.2,43.1,147.7,47.7,36.4,15.5,25.8,57.3,171.3,62.2,43.2,49.4,93.2,95.8,36.1,42.2,108.1,102.4,29.4,17.9,6.5,86.1,18.3
20.4,36.7,30.1,45.1,89.9,33.5,147.2,91.2,93.8,86.8,81.2,61.3,71.8,25.5,20.8,58.2,32.3,39.3,39.8,35.0,49.1,6.8,37.4,40.8,146.3,40.7,35.0,14.1,21.8,57.0,171.5,54.7,38.0,43.4,76.4,77.0,32.9,38.2,109.5,104.2,28.9,18.2,5.6,63.8,16.4
19.5,38.5,31.0,46.8,86.4,34.0,135.3,93.0,96.2,86.0,77.3,55.7,60.1,25.6,19.3,55.0,30.5,39.8,39.5,34.8,46.6,7.1,35.6,39.0,134.9,39.5,35.0,15.1,22.2,56.2,157.9,51.4,39.5,41.3,75.8,76.1,31.6,34.1,99.3,96.5,23.1,16.6,2.6,57.3,15.7
21.1,40.5,34.4,51.3,96.2,37.5,150.3,102.8,106.8,94.9,85.0,60.5,71.5,27.5,21.8,56.4,33.0,42.7,43.2,39.3,51.1,7.4,35.5,38.9,149.3,44.4,37.1,15.8,23.9,58.3,174.4,58.8,41.4,46.5,82.4,84.6,34.4,40.3,111.2,105.7,27.3,19.0,5.8,76.0,17.1
23.3,39.2,35.2,48.6,101.0,38.7,152.0,101.7,103.7,97.5,81.1,66.1,80.6,29.0,22.7,60.1,34.5,40.7,41.6,39.9,48.3,7.1,41.2,42.3,151.4,44.0,36.2,15.3,22.2,58.9,175.7,61.5,43.2,50.8,89.7,94.0,36.0,44.0,111.0,103.1,29.9,19.0,8.0,84.9,17.8
20.7,37.4,29.1,45.0,87.1,33.3,144.7,88.5,92.7,84.2,78.6,55.9,73.0,24.7,20.5,54.3,30.5,37.3,38.0,34.8,45.8,5.8,35.6,38.4,143.4,39.0,34.4,14.1,22.9,57.1,168.4,51.3,40.4,49.2,73.3,73.4,33.7,42.6,106.7,97.5,29.3,14.4,9.0,58.7,16.0
23.0,38.4,34.0,47.2,102.6,41.7,148.2,103.4,105.1,97.8,80.0,61.2,80.1,28.5,22.2,57.1,33.9,37.1,37.4,39.9,47.5,6.8,37.4,39.0,148.4,45.7,35.3,15.0,22.2,59.3,171.4,61.9,42.7,51.8,91.4,101.6,35.2,45.2,108.5,98.8,28.2,16.5,10.3,84.8,18.0
23.1,41.8,35.0,53.7,102.8,38.8,158.0,109.9,110.4,104.8,84.1,70.5,83.9,29.2,22.5,59.7,35.1,46.2,45.3,39.9,53.1,7.3,41.5,42.8,155.2,48.7,39.0,14.7,25.2,63.8,181.7,64.0,43.5,50.1,97.0,97.5,36.5,43.5,115.7,108.6,29.8,18.7,7.2,93.1,18.8
22.5,38.2,31.2,45.9,85.1,37.5,143.6,91.4,95.1,82.4,78.5,60.8,69.4,25.5,19.8,56.5,32.8,38.5,38.7,36.2,46.6,6.3,33.8,37.2,143.8,38.9,34.4,15.3,21.7,57.3,167.8,50.6,39.0,43.1,70.5,69.4,34.1,38.1,106.3,101.4,28.1,18.8,4.4,62.1,16.5
21.8,39.9,37.2,52.7,102.0,38.6,156.3,106.1,113.3,95.9,86.8,66.5,75.8,28.5,21.1,57.3,34.1,43.0,42.1,39.7,50.7,6.2,39.3,43.1,155.5,46.9,38.6,14.4,24.1,64.2,179.8,65.1,42.1,46.6,85.8,88.4,36.8,41.6,115.8,111.6,28.8,20.2,5.1,89.0,17.5
22.2,38.4,36.5,49.6,94.9,39.9,147.1,102.5,106.5,95.5,80.0,59.1,70.0,28.6,22.7,56.3,34.3,44.2,43.3,37.8,47.1,5.9,38.0,39.9,146.4,45.3,35.4,14.2,23.7,57.5,170.2,57.2,42.0,46.8,78.5,79.3,36.8,42.5,106.6,101.2,28.6,17.5,5.1,76.3,18.0
20.9,40.6,30.8,47.5,95.5,35.0,154.1,99.6,101.7,91.9,85.4,64.4,75.5,26.3,20.3,58.2,32.0,39.5,41.2,36.4,50.1,6.7,35.5,40.1,152.6,42.9,36.8,16.9,21.0,60.5,179.3,57.0,41.7,47.5,82.0,85.1,36.0,41.4,113.7,108.0,29.5,19.6,6.2,74.6,16.4
19.4,37.5,31.2,46.3,88.6,35.2,145.4,89.2,94.0,83.9,80.6,56.5,69.5,25.5,19.9,54.1,31.2,34.6,37.0,35.5,48.9,7.1,36.0,38.8,145.0,40.2,36.3,15.2,21.4,60.4,169.4,52.9,39.0,45.3,78.1,80.4,34.6,41.5,107.3,100.5,27.1,14.2,6.9,63.8,16.3
21.9,38.3,31.2,48.0,93.6,35.7,144.8,93.9,97.8,86.8,79.0,61.4,72.0,25.5,20.2,56.0,33.3,38.5,39.0,37.4,46.4,7.1,35.9,39.7,144.2,44.2,35.6,13.5,20.4,58.2,169.8,54.7,41.1,46.2,77.6,82.1,33.8,38.8,106.5,101.4,26.4,18.3,5.5,67.2,17.0
21.6,42.0,36.5,53.3,108.5,36.8,160.8,104.9,109.2,96.1,87.3,71.6,86.5,29.1,22.4,58.3,35.3,44.1,43.8,41.2,53.4,6.8,42.0,45.6,159.7,48.9,39.5,15.4,27.5,64.0,185.4,69.0,42.6,50.8,88.2,91.3,36.2,43.8,119.1,111.1,30.7,18.5,8.3,97.5,18.0
22.8,37.9,32.5,47.3,103.2,39.5,154.4,96.4,98.3,88.6,84.0,65.2,78.0,27.2,21.8,56.4,35.5,38.0,39.4,41.9,50.3,6.6,36.6,39.6,153.0,44.2,37.4,14.5,21.3,61.2,179.6,65.2,42.6,49.1,80.8,88.2,35.0,42.0,114.1,107.2,30.4,17.9,7.0,82.5,17.9
22.5,43.3,36.2,54.4,104.4,37.9,160.5,114.2,113.6,106.6,88.1,65.4,80.3,30.2,22.4,57.5,35.9,45.0,44.4,41.6,52.9,6.8,41.9,46.8,158.5,48.2,37.6,15.3,24.9,63.4,185.8,63.4,44.6,52.5,96.5,100.1,35.5,43.2,118.2,110.2,29.4,16.8,8.8,97.1,18.4
24.7,41.6,37.0,52.3,111.8,43.0,160.1,106.2,110.5,99.3,88.3,67.5,82.4,31.0,21.9,58.0,35.6,45.5,45.1,43.5,53.8,7.0,40.6,43.8,158.8,50.2,38.8,14.7,25.1,60.8,184.2,69.2,44.2,51.9,93.3,99.3,35.5,43.0,118.5,111.0,30.6,19.8,7.6,99.5,19.3
20.8,42.2,33.9,52.4,93.0,37.0,149.6,97.1,100.8,88.0,81.0,62.7,77.4,27.0,20.2,58.7,32.0,39.4,41.8,36.8,47.9,6.7,37.1,39.9,148.2,47.0,36.4,15.9,23.9,60.2,173.2,56.8,41.5,49.2,85.8,89.0,35.6,44.4,109.5,100.8,30.2,17.9,8.1,76.1,16.6
20.8,40.3,30.0,46.6,90.4,36.3,147.0,90.3,92.1,85.1,78.2,61.8,71.3,24.8,21.2,55.3,32.0,36.9,38.0,37.3,46.1,6.0,36.2,38.4,145.5,41.3,35.7,16.2,20.9,57.6,172.2,52.3,42.0,46.8,74.4,76.0,35.6,40.9,105.7,100.7,27.6,17.7,5.5,64.6,16.8
19.6,37.0,32.0,45.3,89.1,34.0,144.0,90.9,94.2,85.9,79.5,58.5,65.5,26.2,19.7,56.8,30.4,34.2,34.7,35.0,46.9,6.5,37.0,39.0,143.4,41.1,34.0,12.6,20.6,55.7,167.5,53.1,41.8,44.9,74.8,74.9,35.1,38.8,104.6,101.0,26.0,18.3,3.7,63.0,17.0
23.1,40.5,34.4,48.2,96.6,37.2,155.4,94.7,96.5,89.3,86.0,62.9,76.1,28.4,22.2,58.0,35.0,38.6,39.3,38.7,50.5,7.4,38.1,41.2,154.0,43.5,36.7,16.2,22.5,59.6,180.9,57.3,44.0,50.8,79.7,83.1,36.8,44.5,113.3,106.0,28.5,16.7,7.5,77.3,17.8
22.9,40.2,33.8,50.2,100.3,37.8,160.3,100.4,104.0,92.1,87.5,68.2,76.3,28.4,22.8,53.3,34.8,42.7,42.0,39.5,53.1,7.1,37.0,40.4,158.7,45.9,40.2,14.8,23.6,64.5,185.1,60.1,44.5,48.4,79.2,78.3,40.4,44.4,116.8,112.7,29.6,23.8,4.0,80.7,18.3
19.6,39.2,31.6,47.6,87.5,32.3,152.7,92.3,96.1,86.3,88.1,62.6,70.7,26.1,20.8,52.8,31.1,42.2,42.3,33.3,51.0,6.3,35.0,37.4,151.9,39.4,36.1,16.3,24.1,56.7,175.8,51.3,39.4,44.7,76.2,75.1,33.4,38.6,114.7,109.7,26.7,16.5,5.4,61.6,15.6
19.7,38.2,32.7,47.2,92.9,33.6,147.4,90.1,94.1,83.2,81.0,58.5,70.9,26.8,20.8,54.8,33.1,35.6,37.4,37.7,48.9,6.8,36.0,39.0,145.6,42.5,35.8,14.6,22.1,59.1,169.4,57.2,39.9,46.6,77.4,79.8,31.8,39.1,108.4,101.4,28.3,15.8,7.3,65.8,16.2
22.8,37.7,37.3,46.9,97.5,41.3,149.0,92.8,94.8,87.0,81.3,58.2,76.2,28.7,22.6,54.0,33.2,38.8,38.5,40.1,48.3,7.1,39.2,41.3,149.2,45.2,34.3,13.5,20.2,56.9,173.0,58.5,40.6,49.1,81.8,87.2,35.2,44.4,110.0,100.8,30.3,16.0,9.4,77.4,17.9
20.3,39.1,31.9,47.6,91.8,34.5,149.5,92.0,96.0,86.9,83.4,61.3,71.5,26.9,21.2,55.2,33.2,39.1,39.6,36.7,51.3,7.3,35.8,39.3,148.4,41.2,35.5,14.3,22.3,59.4,174.0,56.2,40.9,46.4,78.6,81.8,34.4,39.9,110.3,104.0,27.0,18.5,5.8,67.7,17.0
23.5,41.1,29.5,48.9,91.6,34.9,162.8,97.2,99.1,94.6,94.7,58.2,68.4,27.0,22.8,59.3,36.6,40.5,40.5,36.5,55.2,6.7,38.6,40.4,161.4,40.0,39.2,16.8,24.1,63.7,186.7,52.9,44.3,48.6,83.0,79.8,37.8,42.3,120.2,115.2,27.2,16.2,4.7,73.6,16.8
20.5,40.4,35.5,52.0,95.3,37.0,137.4,100.6,105.5,94.3,74.3,59.2,72.1,27.2,20.4,56.4,31.4,42.7,43.2,37.2,46.0,6.0,38.0,41.8,136.2,43.0,33.7,16.0,24.1,56.6,161.3,59.7,37.5,43.8,83.7,84.9,33.0,39.1,101.3,94.4,27.9,15.9,6.4,72.1,16.8
22.7,41.0,36.6,51.4,100.6,37.7,150.6,102.3,104.4,95.4,84.9,61.5,71.1,29.6,22.0,56.3,35.3,41.7,42.9,40.1,52.6,6.1,41.1,44.8,150.4,46.6,35.6,16.1,23.0,60.2,173.4,61.5,41.3,47.0,90.0,86.4,34.4,39.0,111.6,106.1,26.2,16.6,5.8,84.1,17.8
22.7,39.3,32.4,48.2,93.9,38.7,153.0,90.0,94.6,84.5,84.0,65.2,72.2,27.5,21.1,57.7,32.9,37.7,38.4,37.0,50.4,7.2,37.5,39.8,151.9,43.2,37.2,14.9,22.2,59.6,176.3,56.3,42.7,46.0,74.8,76.6,36.7,40.7,111.6,107.6,28.1,21.1,3.7,72.0,17.5
21.2,41.1,30.5,47.5,89.5,37.1,153.2,90.8,95.0,84.2,85.1,63.4,71.1,26.1,20.5,57.1,31.5,39.0,40.0,35.6,51.7,7.3,35.4,38.1,151.3,41.0,38.5,16.8,22.3,62.4,176.8,51.7,42.9,47.2,75.0,77.2,36.0,40.1,111.9,107.8,27.0,18.2,4.5,66.0,16.8
22.4,39.3,34.2,47.3,98.1,40.1,155.7,97.2,100.4,90.1,88.6,67.4,78.6,28.7,21.4,59.0,33.8,42.4,41.4,39.0,52.6,7.4,39.5,42.4,154.5,43.8,37.6,14.1,22.4,62.5,179.0,59.1,39.5,45.5,81.5,87.8,32.7,39.1,117.9,111.2,30.0,20.6,6.5,79.7,18.4
23.2,43.1,41.0,56.3,110.6,39.1,154.0,117.0,120.6,108.6,86.8,69.9,88.2,30.5,21.6,58.3,35.8,43.1,43.5,41.9,52.3,6.7,41.7,43.5,154.4,51.0,38.2,15.8,25.8,60.0,177.8,68.4,39.3,49.7,101.3,104.2,34.0,44.7,117.2,107.2,29.8,14.6,10.6,104.3,18.2
21.9,41.0,35.1,49.0,95.1,35.6,155.0,95.2,100.2,86.7,86.9,60.7,72.3,27.5,21.9,56.9,35.0,38.2,39.5,37.8,50.8,6.8,35.9,38.7,153.8,42.6,36.7,16.4,21.6,61.3,180.5,57.6,42.2,48.5,78.7,79.0,35.7,42.3,115.6,108.4,28.2,18.2,7.5,74.0,17.7
19.8,38.1,32.2,46.8,88.6,32.9,149.5,84.0,92.2,78.8,86.3,58.1,67.4,27.5,21.1,55.6,33.4,38.4,39.5,35.4,49.3,6.1,34.2,36.6,148.3,41.5,36.1,15.2,22.1,61.4,173.4,52.1,39.9,44.4,67.6,68.4,34.5,39.3,111.5,106.1,26.7,17.5,5.3,61.7,16.3
23.5,41.1,37.1,51.0,98.8,39.2,162.2,100.8,105.1,93.3,87.8,68.3,77.1,29.3,21.6,59.7,34.9,43.5,43.2,38.6,54.2,6.5,40.8,43.6,161.4,45.4,37.6,15.9,22.6,61.1,186.8,58.1,46.1,51.0,84.3,84.0,36.0,40.4,119.0,114.3,30.3,22.0,5.0,86.6,18.4
23.3,40.7,32.4,48.9,97.0,39.4,152.8,102.0,102.1,95.4,84.5,61.1,72.6,27.4,22.3,58.2,32.8,42.5,41.9,39.4,52.0,6.7,39.2,41.6,151.4,43.9,37.7,15.0,22.5,61.5,174.6,58.1,42.0,47.7,85.4,90.1,33.4,40.0,112.8,106.6,27.8,17.2,6.2,78.5,18.2
19.9,34.6,32.5,44.3,90.7,35.3,126.7,87.6,88.4,80.9,67.5,57.4,68.0,26.0,19.5,53.7,29.0,39.3,39.4,35.0,40.6,6.0,36.4,39.9,125.4,42.3,29.7,12.2,20.8,48.1,149.7,56.2,36.6,41.6,73.8,76.7,32.5,38.0,91.7,86.0,25.9,14.7,5.5,55.9,15.6
21.3,37.3,32.9,46.5,94.5,36.5,150.6,96.3,98.5,89.9,82.0,60.2,75.7,26.4,20.9,56.7,32.5,40.5,39.9,37.4,50.8,7.2,36.7,39.8,148.9,42.9,33.9,14.0,23.0,56.2,174.8,59.1,41.7,50.3,81.1,88.7,34.5,43.3,110.9,101.7,28.4,15.4,8.9,71.9,16.5
24.6,43.0,43.4,57.8,113.4,42.9,161.2,118.0,121.9,108.3,88.5,71.5,85.0,31.8,22.2,60.8,38.4,42.7,42.0,44.5,55.2,7.0,42.9,46.9,161.3,51.5,39.1,13.7,24.2,65.4,186.7,71.4,43.6,50.4,94.5,97.2,38.5,45.8,119.9,112.2,30.0,20.3,7.3,111.4,19.2
21.8,39.0,33.0,48.0,99.7,36.7,144.2,99.1,99.0,94.5,80.1,62.0,74.8,26.7,21.2,57.2,31.5,38.1,38.5,37.7,47.6,5.9,38.2,39.5,143.6,42.5,34.2,15.2,21.4,56.4,167.0,62.7,41.3,48.0,87.1,92.4,34.6,41.3,106.2,99.2,27.0,17.5,7.6,78.0,17.0
24.8,43.4,38.8,55.3,111.2,42.1,160.8,112.1,114.9,106.8,82.1,71.4,93.6,32.2,22.7,56.2,35.9,45.5,47.6,43.3,51.2,8.6,45.8,48.5,159.3,52.1,38.4,16.5,24.3,60.7,182.8,67.1,44.3,55.4,107.2,113.9,37.0,49.1,117.6,105.8,33.6,16.3,12.0,112.1,19.3
21.4,40.7,32.2,47.6,100.7,37.4,150.8,90.6,93.0,85.1,81.8,64.5,76.0,26.2,20.9,57.7,31.7,37.8,40.2,38.2,48.5,6.3,35.9,39.0,150.2,41.0,36.0,16.2,21.3,59.1,175.8,59.8,41.4,47.2,74.3,79.7,35.0,41.4,110.8,104.7,30.1,20.1,6.3,72.4,17.2
23.7,38.3,33.3,47.6,95.9,39.8,144.4,101.7,103.8,95.5,80.1,58.6,71.9,27.7,21.7,57.6,33.9,40.7,40.3,40.4,48.5,6.5,36.8,39.8,143.7,44.3,36.3,13.3,23.3,56.6,167.3,57.2,39.6,46.4,87.8,90.0,36.6,43.5,106.2,98.8,26.4,15.3,7.3,75.0,17.8
23.3,42.3,31.8,50.1,99.8,38.1,159.6,98.1,102.3,93.4,88.2,66.5,78.8,27.8,22.5,55.8,35.6,45.1,43.7,40.1,52.7,7.6,38.9,41.0,158.7,43.7,38.0,16.1,23.8,62.1,183.0,62.8,44.5,51.5,79.7,83.4,35.4,43.4,118.0,111.2,30.5,18.5,7.5,84.0,17.8
23.8,44.0,34.0,50.4,101.0,38.4,161.0,103.5,107.2,96.7,90.2,67.2,75.5,28.0,22.2,57.6,35.6,45.1,44.9,38.8,54.7,7.6,37.7,41.2,159.8,44.0,38.4,18.0,24.2,63.8,185.9,58.9,44.7,49.2,81.0,83.2,38.1,42.3,118.4,113.1,29.0,21.1,5.1,83.6,18.3
21.2,38.2,30.5,47.6,93.1,38.5,149.8,92.3,94.9,86.7,82.7,64.4,77.9,26.8,21.0,57.9,33.6,37.0,38.4,37.1,49.9,7.0,36.6,38.9,149.5,43.0,37.3,13.7,23.3,60.2,173.8,54.6,38.7,45.6,82.8,83.6,33.2,40.9,112.8,105.6,30.0,19.6,8.1,70.1,16.8
21.2,38.6,32.3,47.9,91.6,37.0,142.5,94.9,96.9,90.8,80.9,60.3,72.0,27.2,20.0,56.8,31.4,40.7,40.6,38.1,47.3,5.5,37.2,40.0,141.6,40.8,35.4,15.0,22.7,59.0,165.8,56.3,39.0,45.0,84.4,86.9,34.1,40.4,105.4,99.3,24.9,14.8,6.9,69.9,17.5
20.3,37.0,32.0,44.9,82.6,35.1,142.0,83.6,86.5,77.1,82.6,52.0,64.8,24.3,20.1,56.2,32.1,36.3,39.1,34.3,48.3,6.7,33.5,36.9,141.1,39.2,34.1,15.9,20.9,57.0,163.8,50.6,36.0,42.4,67.4,67.7,30.1,36.5,106.6,100.9,26.1,15.1,7.2,57.1,15.4
22.5,40.3,37.0,52.2,101.2,39.9,152.7,104.2,108.3,95.4,83.8,62.0,73.0,28.8,22.5,58.5,34.8,39.1,40.0,39.6,50.9,6.2,38.5,40.6,151.7,46.0,38.5,15.4,24.8,60.9,176.9,61.4,41.1,46.4,83.1,83.8,36.5,42.3,112.3,106.8,28.8,19.8,5.8,84.3,17.6
21.4,40.5,33.0,50.3,91.6,34.0,156.4,91.8,98.2,87.3,90.7,62.2,72.1,27.4,21.3,56.7,33.3,38.6,38.9,36.5,52.0,5.9,36.2,39.4,156.0,44.6,38.6,14.9,23.2,62.1,179.6,53.7,41.0,46.4,75.0,75.6,35.4,40.7,117.4,111.7,28.9,18.8,5.8,71.0,17.1
21.3,36.1,31.8,46.0,91.2,34.6,143.5,93.7,94.9,88.1,79.3,60.3,72.1,25.6,21.0,55.8,32.3,31.0,32.0,35.8,48.1,7.0,36.0,39.3,142.3,42.2,34.4,13.0,21.8,56.0,165.8,53.9,41.1,46.8,77.7,81.4,34.7,42.0,104.2,97.2,26.1,16.3,6.3,63.9,16.3
22.2,38.4,33.9,49.1,97.9,36.3,145.6,100.1,103.2,92.5,77.8,69.9,76.2,27.1,20.4,54.4,31.7,40.1,39.7,39.2,45.6,6.8,37.3,39.3,145.1,43.1,33.8,14.2,23.7,54.1,167.0,56.9,42.8,46.3,82.6,85.3,34.5,37.7,105.5,102.0,27.2,20.2,3.4,73.2,16.9
21.3,38.9,29.9,46.4,91.9,34.0,162.1,94.7,96.1,88.3,94.7,60.2,70.4,26.0,20.3,57.2,33.2,37.4,38.1,37.0,55.5,7.8,36.0,38.2,160.6,43.7,38.2,15.0,20.9,60.8,186.3,52.9,44.4,49.6,83.1,83.2,34.5,39.7,121.3,115.5,28.4,17.5,5.5,70.8,16.3
21.5,35.9,31.9,46.0,95.4,36.8,144.7,95.3,96.5,92.2,76.7,60.8,73.7,26.7,21.1,57.1,31.8,38.8,38.8,36.9,47.0,6.5,37.4,40.6,143.7,42.5,34.6,13.8,21.2,54.8,166.9,56.6,42.5,49.3,87.8,88.3,33.5,40.7,105.2,97.6,29.0,17.0,7.8,72.0,17.0
23.3,38.2,37.2,50.0,103.2,40.3,145.7,99.9,104.0,93.9,81.2,61.8,75.6,29.2,21.3,55.8,34.7,37.8,37.5,41.3,49.3,6.0,39.3,41.4,144.4,44.6,36.1,14.2,21.4,59.6,166.5,66.1,39.9,46.9,81.9,84.0,31.4,38.5,108.6,101.7,26.8,16.0,7.6,83.5,17.6
18.5,39.5,30.2,48.0,89.4,33.7,146.2,91.0,95.5,84.2,81.0,59.8,69.5,24.8,20.1,55.5,31.4,36.1,37.4,35.3,49.0,6.2,36.0,38.8,144.8,42.1,35.6,14.5,22.0,59.4,170.1,52.2,39.5,44.5,75.0,77.5,33.9,38.7,107.4,102.5,26.9,18.6,5.2,61.5,15.7
22.5,37.3,32.0,48.0,94.3,37.1,149.2,99.0,101.2,93.0,81.8,61.5,74.5,26.6,20.4,57.1,33.0,40.2,39.7,37.6,49.8,6.3,36.6,38.5,147.5,44.2,36.6,13.9,23.6,59.9,172.3,57.0,40.7,47.4,85.0,88.2,35.5,42.4,110.0,103.0,28.2,17.4,7.3,74.2,17.2
22.4,41.0,33.7,51.4,99.9,38.1,149.4,105.2,107.1,98.1,83.0,64.1,74.2,27.2,21.2,58.1,32.7,39.8,41.2,38.7,48.2,6.4,38.5,40.9,148.8,45.5,36.4,15.9,24.3,58.5,174.4,61.3,41.0,46.3,85.9,86.2,36.3,42.3,109.3,103.9,28.1,19.3,5.7,79.5,17.1
19.8,40.7,30.5,48.6,97.7,35.5,150.8,97.3,98.8,91.1,82.6,61.6,74.0,27.1,21.1,55.8,31.8,43.1,43.3,36.4,49.0,6.0,38.1,41.4,148.2,41.8,36.8,15.9,21.5,60.1,173.2,56.6,44.0,50.6,83.8,81.1,35.1,41.5,109.2,103.2,27.6,16.7,7.1,72.7,16.8
22.0,42.2,37.0,51.7,104.1,37.5,155.7,101.4,106.4,92.1,88.9,63.4,78.7,28.5,21.4,57.7,35.2,42.1,42.6,42.0,52.8,6.9,39.2,40.8,154.8,45.5,38.4,16.6,23.7,63.4,179.2,66.6,39.6,47.9,84.5,88.8,34.7,42.7,116.3,107.8,28.4,16.9,8.7,87.4,17.2
21.4,40.3,33.3,49.8,95.4,38.5,147.3,98.4,103.6,92.6,82.0,64.9,73.2,27.0,22.0,57.7,33.7,38.7,40.0,36.4,49.8,6.4,36.9,39.3,145.8,42.4,35.8,15.2,20.5,58.5,170.5,57.6,41.9,46.3,81.9,82.7,34.0,38.5,107.5,103.0,26.6,18.3,5.1,73.1,17.2
21.9,38.0,28.8,45.8,97.2,38.3,153.3,90.1,93.5,84.2,85.1,58.3,72.2,26.5,21.1,56.5,33.9,35.3,36.0,37.9,49.2,6.6,38.3,40.2,152.3,41.9,36.8,14.5,21.4,61.0,177.5,55.6,42.9,50.5,75.4,77.5,35.8,43.2,112.5,104.5,29.1,17.7,8.4,71.0,17.5
21.9,39.2,35.4,50.2,100.1,39.1,144.5,99.9,104.7,96.0,79.0,61.7,70.4,29.0,22.7,55.5,34.6,36.6,37.7,39.6,47.0,6.1,38.1,40.1,143.5,46.8,36.9,15.3,23.1,59.1,167.6,59.3,44.2,49.3,87.8,89.9,36.4,40.6,103.2,98.4,25.1,15.3,5.1,80.3,18.3
23.3,37.9,33.3,49.5,102.2,41.7,153.6,102.1,104.3,99.2,86.2,63.9,78.8,27.7,22.1,56.9,34.4,39.2,38.0,40.2,52.3,7.0,36.0,37.9,152.8,44.9,38.7,13.4,23.7,63.4,176.5,63.0,39.9,47.7,82.5,88.8,35.1,42.7,115.2,107.8,28.6,18.3,8.1,83.4,18.6
20.8,39.0,33.3,51.2,100.8,37.2,150.5,108.4,110.1,103.8,81.4,65.2,77.3,26.8,20.4,55.6,32.1,43.8,42.2,37.1,48.4,6.4,37.2,39.8,148.6,43.8,36.2,14.2,23.4,58.2,173.2,59.5,42.0,48.0,86.2,87.4,35.7,42.1,109.3,103.8,29.9,19.9,6.1,77.3,16.8
21.5,42.7,30.8,50.3,99.9,37.8,177.6,95.2,101.2,89.3,102.1,65.8,78.7,27.3,22.3,56.8,36.3,45.0,45.2,39.5,61.1,8.0,36.4,39.6,177.1,43.5,44.5,16.1,24.6,73.6,204.2,56.6,45.4,52.0,75.9,78.8,41.1,47.6,134.0,127.7,32.7,18.8,6.9,85.0,18.5
22.1,36.8,33.3,47.6,101.4,38.6,148.6,96.7,99.1,91.9,78.4,62.4,80.7,26.7,20.7,58.0,34.4,33.3,33.1,37.2,49.1,6.7,38.3,40.8,147.4,42.7,35.4,13.7,22.6,61.4,171.9,60.4,39.7,49.5,90.5,92.7,34.0,43.3,110.6,100.9,31.6,16.3,10.1,79.0,17.1
20.6,42.0,33.9,52.7,100.6,36.3,150.7,108.1,110.3,100.8,81.1,65.9,78.7,27.4,21.0,57.9,33.3,42.0,42.4,40.5,50.0,7.9,37.9,41.6,149.1,46.2,37.0,15.2,23.5,59.8,175.5,61.3,43.0,49.2,93.7,97.1,35.4,41.5,109.8,103.3,27.9,18.6,6.4,83.5,17.2
22.6,40.7,34.5,51.4,97.6,36.4,163.8,101.6,104.5,93.7,96.6,61.4,75.7,29.1,22.2,56.5,36.8,39.1,39.4,38.6,58.3,7.9,38.6,42.3,162.7,45.4,40.1,14.6,21.2,67.2,188.0,61.1,42.5,50.0,85.3,87.0,34.0,42.2,123.9,115.6,27.9,15.7,8.5,81.7,18.5
23.0,39.9,35.6,50.8,99.7,40.4,162.2,96.2,101.7,87.8,93.1,63.5,76.1,30.2,23.1,58.2,36.5,42.0,42.8,40.9,54.5,6.7,39.0,42.2,161.9,49.3,41.2,16.2,21.9,67.1,188.0,59.1,43.2,49.7,80.8,82.8,38.2,45.0,120.5,113.5,30.1,18.5,7.2,88.0,18.2
21.1,40.1,33.3,50.0,98.5,38.2,143.7,105.3,105.4,100.4,78.1,63.3,80.5,27.1,20.8,57.2,32.2,41.8,40.8,38.2,48.9,5.9,38.8,40.8,142.6,43.7,35.3,15.3,23.6,57.2,165.2,61.7,39.0,48.0,92.0,98.0,30.0,39.6,107.0,98.2,29.4,14.0,9.8,79.5,17.1
22.1,40.2,36.6,52.8,108.1,39.9,153.3,113.4,112.4,103.4,81.1,67.6,87.0,29.2,21.5,58.0,33.8,41.6,41.0,40.5,49.2,6.8,39.7,41.0,152.3,47.9,36.5,14.3,22.5,59.5,176.7,64.6,41.0,51.4,97.4,105.7,35.1,45.2,114.6,104.8,30.2,14.4,11.3,95.1,17.6
23.1,43.0,40.4,54.9,107.3,42.7,160.0,107.6,108.9,99.3,91.8,67.4,81.1,30.2,23.2,57.3,36.9,40.7,43.2,44.1,54.5,6.6,39.0,41.1,158.9,46.4,38.8,16.6,23.2,63.2,183.1,69.3,43.1,51.2,88.4,93.9,37.9,45.2,119.0,111.9,29.0,16.5,7.8,100.0,18.8
22.9,40.5,33.5,50.5,105.7,40.6,159.5,104.8,110.1,97.6,85.3,67.5,83.0,28.8,22.0,57.4,34.5,42.6,42.1,40.3,52.3,6.4,38.1,41.0,158.1,44.8,38.3,14.8,24.2,61.7,183.2,64.3,42.6,51.7,93.6,97.4,38.7,47.1,116.7,110.7,31.0,17.0,7.8,91.5,18.2
23.0,39.5,33.5,50.5,101.4,39.7,158.3,98.3,102.5,91.4,83.1,70.4,81.0,28.0,22.8,59.3,35.8,41.6,42.3,40.6,52.7,6.8,38.7,40.8,157.2,45.2,38.2,14.6,24.9,63.2,184.3,62.4,44.5,49.5,83.7,85.8,38.3,45.2,115.1,109.0,30.5,20.4,5.8,84.9,18.1
23.1,39.8,36.5,51.2,108.5,43.1,162.2,108.4,110.1,101.7,88.7,70.3,87.1,29.5,22.7,58.2,34.2,40.3,40.8,42.5,55.5,6.3,40.3,42.2,160.6,47.2,40.6,15.1,24.0,65.1,185.0,65.8,42.4,51.7,98.5,103.8,36.8,45.3,121.0,112.1,30.3,17.3,9.4,98.8,18.2
22.2,39.3,33.0,49.5,102.5,39.2,147.7,110.0,110.4,101.1,78.2,67.9,77.5,27.5,21.4,58.8,34.3,45.5,44.4,38.9,49.7,6.7,42.0,43.6,146.2,43.8,35.1,14.3,21.7,58.5,169.3,59.1,43.3,47.9,94.7,97.7,34.6,40.0,108.7,103.7,27.3,18.8,5.1,81.4,17.0
24.7,41.8,34.2,53.9,113.3,42.5,160.6,108.7,111.3,100.7,87.6,70.3,84.7,29.8,21.9,56.2,36.3,46.1,45.8,42.2,52.5,7.1,40.0,43.9,159.3,45.0,38.1,15.4,24.1,61.0,185.6,68.9,42.5,49.6,97.9,104.2,38.3,45.2,118.8,110.8,31.2,17.8,6.9,101.4,18.7
21.1,41.2,33.0,50.1,95.6,37.6,156.8,98.1,101.2,87.5,85.8,65.0,72.8,27.5,20.6,55.6,33.2,40.3,40.8,37.3,51.1,6.7,35.9,37.8,154.7,42.3,36.4,16.6,23.0,60.2,180.7,57.9,45.0,49.5,81.5,81.0,37.4,41.7,114.6,111.3,29.5,20.3,4.3,74.2,16.2
24.3,41.0,33.5,51.2,103.2,41.0,157.0,102.5,106.1,91.2,85.8,67.8,81.0,27.7,21.3,56.1,35.7,43.7,43.1,40.4,51.1,6.9,36.8,39.9,154.8,45.5,37.3,15.1,23.4,60.3,179.6,64.1,44.0,50.5,84.0,86.7,34.3,40.7,116.0,109.6,31.5,20.3,7.0,85.1,17.8
22.3,39.4,35.0,49.4,96.6,37.3,155.0,100.6,105.3,94.4,83.5,68.0,76.2,28.9,21.7,56.9,34.4,39.9,40.3,38.9,49.9,7.1,38.7,41.0,155.5,46.5,37.0,14.9,24.6,59.0,181.7,56.5,45.9,48.9,80.4,81.2,38.8,42.8,111.9,108.1,29.5,21.1,3.9,78.4,18.0
21.4,39.8,29.3,45.6,87.5,34.5,145.7,88.6,92.3,81.0,82.7,59.4,66.6,25.6,21.0,55.1,32.5,35.8,38.2,35.8,48.2,6.4,34.2,37.4,145.7,38.7,35.9,16.6,22.3,59.5,170.5,49.2,39.1,42.9,69.5,70.9,37.3,41.0,106.3,102.5,26.2,18.4,4.7,58.5,16.4
23.6,39.8,34.8,50.8,101.4,38.6,150.2,96.6,102.9,91.1,82.1,65.5,72.2,29.9,22.6,56.2,35.0,39.0,38.8,41.4,47.8,6.6,37.9,41.1,150.3,45.6,35.6,15.5,24.3,58.1,175.7,61.2,40.9,44.6,82.8,82.8,36.3,40.0,109.7,105.7,28.5,19.2,4.3,81.5,18.7
21.2,37.0,30.3,45.6,92.4,37.0,153.5,95.1,97.8,88.9,88.4,57.5,72.1,26.0,20.1,56.5,33.8,40.0,39.8,37.8,54.5,7.0,36.5,39.2,152.6,42.7,38.8,15.2,23.2,63.2,173.7,56.9,40.6,48.0,81.0,84.5,31.0,39.2,115.8,109.3,28.2,15.0,7.8,70.6,16.5
21.6,38.6,37.2,52.0,107.3,39.1,158.6,112.3,111.7,105.5,83.2,73.0,86.9,28.8,21.6,59.2,34.7,46.0,45.1,42.0,51.1,7.3,39.0,41.6,157.3,48.5,37.1,15.3,25.8,60.1,181.2,68.8,43.8,50.8,97.6,102.3,37.8,44.3,117.1,110.1,31.3,21.3,7.4,99.8,18.2
19.8,37.5,29.0,44.3,93.6,33.0,147.6,88.6,89.9,85.0,81.0,61.2,71.2,25.4,20.9,57.5,31.2,35.6,35.5,34.5,49.1,5.7,36.3,38.8,146.3,42.0,36.1,14.7,21.2,58.1,170.1,55.0,42.7,48.2,79.1,81.4,33.6,39.2,106.8,101.5,27.5,17.3,5.6,63.4,16.4
22.1,39.2,31.4,47.6,93.0,36.5,147.1,96.6,99.8,90.6,82.3,61.0,70.5,27.2,21.2,53.5,33.1,38.7,39.6,37.2,49.4,6.9,34.6,37.5,145.8,42.4,34.3,16.1,21.3,54.8,170.8,56.0,41.5,46.3,77.8,79.6,34.7,39.9,108.1,103.0,26.4,17.2,5.3,67.0,17.1
23.8,40.1,37.4,53.1,112.8,44.3,155.0,113.1,111.5,105.5,80.4,72.0,86.0,29.1,21.5,55.6,35.5,46.4,45.5,43.8,50.0,7.8,40.1,42.9,153.9,50.4,36.4,16.8,26.7,59.1,178.0,70.3,45.2,53.0,98.0,106.5,37.0,43.8,112.3,105.2,30.7,18.9,7.8,101.6,17.9
22.4,41.1,37.4,50.0,98.4,39.0,152.5,101.2,105.1,90.5,83.5,64.0,70.9,27.9,21.1,57.3,35.0,45.7,45.3,39.0,49.7,6.6,40.5,43.4,151.3,44.4,35.6,15.6,24.4,58.4,175.7,62.2,45.8,49.6,79.8,81.9,35.5,40.7,110.8,107.3,28.1,20.0,3.9,81.6,17.7
23.0,41.0,37.0,53.2,108.5,40.6,153.9,113.0,115.8,105.6,81.5,73.6,84.0,28.2,22.0,58.8,34.2,44.7,43.5,39.7,49.4,6.6,42.1,44.0,152.8,49.2,37.8,14.5,23.6,60.9,178.5,67.6,42.4,48.9,92.3,95.2,37.3,44.5,112.5,106.1,28.1,20.2,6.6,95.5,17.6
24.1,37.0,37.0,49.1,106.8,41.5,154.5,100.5,104.1,95.1,85.4,68.4,81.2,30.2,23.2,57.5,35.5,39.5,38.7,39.3,51.1,7.0,38.0,40.1,154.1,48.8,37.4,14.4,23.3,60.5,176.2,65.7,43.5,49.9,85.2,89.2,35.8,43.2,113.2,107.2,29.1,19.8,6.8,88.4,18.6
23.3,38.8,36.2,51.1,104.5,40.7,143.8,102.4,105.7,96.3,79.4,63.9,78.5,27.8,22.6,58.2,35.3,38.8,38.1,40.3,46.2,6.3,36.4,37.8,143.2,45.2,35.8,14.2,24.3,55.1,166.8,64.7,40.9,48.4,88.5,88.7,34.9,42.9,105.6,97.8,28.2,14.5,8.4,84.0,17.7
20.1,41.1,34.6,49.3,99.5,35.5,163.6,98.8,102.6,92.1,92.8,62.8,77.2,27.6,21.6,56.4,34.0,42.1,42.9,37.3,53.8,6.4,37.1,41.0,162.7,45.8,39.7,15.2,23.3,64.4,189.3,59.1,42.5,49.5,82.1,85.2,37.4,44.3,121.6,114.3,30.8,17.0,7.6,79.7,17.6
20.1,37.0,31.5,44.8,89.9,34.4,145.0,93.7,96.7,86.2,81.1,59.5,66.8,26.1,20.7,54.4,30.0,40.0,39.4,34.7,46.6,6.5,35.2,37.9,144.0,41.4,35.5,13.7,20.6,58.2,167.0,53.6,41.0,44.9,75.2,76.4,32.5,36.8,107.0,101.8,25.9,16.0,5.0,62.5,16.6
22.8,40.9,33.5,49.8,102.2,38.5,159.2,99.5,101.5,92.9,85.5,67.5,78.7,28.0,22.2,57.0,35.8,41.1,40.9,38.7,53.0,7.6,38.1,40.7,158.0,44.2,38.8,17.0,21.9,62.3,182.6,60.2,44.9,50.5,82.0,85.9,36.8,42.5,116.8,110.8,29.6,21.3,5.6,82.5,18.4
22.8,41.2,32.2,47.7,92.8,36.4,161.4,95.9,98.0,90.7,89.9,65.7,73.0,29.0,24.1,58.2,35.2,43.4,41.4,40.1,53.0,6.8,39.5,41.6,159.5,44.5,39.2,15.6,22.5,64.1,184.8,51.1,47.8,52.3,81.5,81.6,37.3,41.7,116.5,111.8,29.0,18.5,4.2,75.0,19.2
22.4,39.9,32.4,48.5,101.6,39.0,147.7,97.5,100.4,89.0,80.6,61.1,75.7,26.8,21.2,57.2,32.2,39.0,40.0,38.1,46.6,6.4,38.8,41.3,146.4,42.0,35.5,15.8,21.7,58.5,170.2,60.9,42.7,50.3,82.8,88.2,33.3,40.5,108.0,101.2,28.2,17.3,7.5,77.3,16.7
21.6,40.1,31.0,46.7,93.6,36.5,159.0,90.7,92.0,84.4,90.7,64.5,74.1,27.0,22.0,57.1,35.5,37.0,38.1,38.6,52.8,5.9,37.7,41.3,158.8,42.3,39.5,15.1,21.8,62.9,184.1,57.2,43.3,48.3,75.1,73.8,35.9,40.7,117.5,112.2,29.2,18.8,5.4,73.5,17.2
20.9,39.3,29.7,47.3,88.8,34.8,142.8,89.0,92.5,84.3,80.5,53.7,64.8,26.5,21.2,57.8,33.3,38.5,39.3,37.5,48.8,5.6,34.3,37.1,142.3,39.8,36.6,15.5,21.5,58.7,167.4,52.9,38.1,43.8,75.7,75.8,34.1,40.1,105.5,99.1,24.8,12.9,6.3,63.2,16.6
21.8,39.4,37.0,48.2,102.5,38.7,149.4,96.9,98.8,92.4,79.7,70.5,80.5,28.7,21.0,58.1,32.0,40.1,40.4,39.2,49.7,6.4,40.0,42.1,147.7,44.5,35.6,14.8,23.1,57.6,172.5,62.5,41.2,46.7,87.9,91.0,35.1,40.8,109.5,103.7,28.8,19.5,5.4,80.9,17.2
22.5,40.4,34.2,51.2,94.9,39.0,149.1,102.4,104.7,96.7,81.3,67.2,71.3,28.4,21.6,56.9,32.4,42.7,42.2,37.4,49.1,6.3,36.5,38.6,148.1,45.4,35.7,16.1,23.6,58.2,173.0,56.9,43.7,45.7,86.0,86.3,37.3,39.6,106.6,105.5,27.2,19.5,2.0,76.6,17.4
22.2,38.4,36.8,49.7,91.7,38.4,148.5,102.8,106.8,96.7,86.9,60.3,71.9,28.5,22.1,56.7,33.6,40.5,39.8,36.6,53.0,6.1,39.5,42.1,148.5,46.0,37.2,14.3,22.3,62.9,170.1,59.8,38.6,45.4,85.8,81.8,32.0,39.0,113.0,106.4,26.9,14.7,7.1,77.9,17.2
20.8,39.6,32.0,49.7,97.4,37.0,148.8,95.2,96.9,88.2,78.0,66.0,80.3,26.4,20.5,57.3,32.6,41.5,41.7,38.0,47.2,6.6,37.5,39.6,147.6,42.5,36.7,15.9,22.2,60.8,172.4,60.1,41.2,47.9,83.9,85.4,34.1,41.4,109.8,103.4,31.5,21.0,6.8,75.6,16.8
21.7,39.2,33.7,48.9,105.3,38.8,155.5,97.9,103.2,93.0,88.4,64.7,76.9,27.7,20.6,55.4,34.4,39.0,39.3,40.1,54.1,6.6,38.7,41.6,154.4,44.5,38.5,15.0,23.3,61.8,178.6,65.2,40.5,46.5,83.5,83.6,33.7,40.0,116.5,110.2,27.2,17.4,7.2,82.1,17.0
22.6,38.4,33.9,49.4,100.2,40.3,154.5,100.5,101.3,94.7,85.2,64.8,77.8,28.2,22.2,56.4,35.0,38.5,37.2,39.0,52.4,6.7,36.0,38.2,153.5,44.1,38.1,14.3,22.7,62.9,177.4,62.6,43.9,50.2,79.2,85.7,35.9,42.6,113.6,107.3,27.9,19.0,6.6,81.3,18.1
23.2,40.3,40.8,54.4,112.4,41.5,152.7,111.6,114.9,103.1,81.8,76.2,84.9,30.8,22.7,58.2,35.0,44.0,43.5,43.5,49.4,6.8,40.4,42.7,151.8,50.1,36.9,14.8,26.9,59.5,174.6,72.6,44.2,48.4,93.3,97.5,38.0,42.9,110.7,104.8,28.3,19.6,4.9,101.5,18.2
22.5,40.0,38.0,53.2,112.9,43.0,146.8,112.7,114.4,107.1,78.1,68.9,85.6,30.5,21.7,56.6,33.9,40.8,40.2,41.2,48.9,6.9,42.4,45.2,147.0,49.5,35.2,13.7,23.3,56.4,170.2,71.4,39.8,49.2,101.7,108.3,36.4,46.3,109.2,99.0,29.4,14.1,10.7,98.9,18.6
22.3,41.7,32.2,50.0,100.1,37.1,160.0,98.4,102.6,91.2,89.6,64.5,78.5,28.2,21.0,57.7,35.1,38.8,40.6,39.0,53.3,7.2,38.8,42.0,159.5,43.7,38.1,16.1,24.1,60.8,184.5,58.8,42.1,50.0,87.7,88.3,35.7,44.0,119.3,111.5,32.3,16.6,9.2,82.6,17.1
21.2,41.5,35.4,51.1,100.6,36.3,154.1,102.4,103.9,93.9,88.3,63.4,74.8,28.8,22.0,54.7,33.3,40.3,41.7,38.7,51.5,6.2,36.8,39.2,153.0,47.8,39.0,15.7,23.2,63.4,177.4,61.4,41.6,47.5,85.7,92.0,32.7,39.1,114.7,109.1,28.0,19.6,6.3,82.3,17.4
20.3,40.1,34.5,50.8,96.1,35.7,153.7,106.6,109.0,99.2,81.9,63.0,76.8,29.2,22.3,56.7,33.2,40.6,41.7,38.1,49.6,6.5,38.3,40.9,153.2,47.0,37.7,15.8,23.0,62.2,177.7,57.0,42.4,49.9,89.1,88.7,36.5,43.8,113.0,106.3,29.1,16.5,7.0,78.5,17.8
22.0,40.5,37.5,51.4,102.1,39.0,147.9,108.0,110.6,100.3,76.7,67.7,79.2,28.9,21.7,54.5,33.7,43.2,42.1,39.5,47.7,6.2,41.0,44.2,148.4,47.0,36.0,16.0,23.9,58.4,171.9,62.9,43.5,49.4,90.1,89.6,37.1,44.4,107.4,100.6,29.8,16.6,6.6,85.1,17.7
21.8,43.1,35.0,51.0,99.9,38.0,151.0,97.8,104.2,92.3,81.6,67.8,74.3,27.5,21.6,56.2,32.9,41.8,43.1,39.0,49.9,6.9,35.3,39.0,150.1,44.5,36.2,17.5,23.8,59.9,175.6,61.8,42.2,45.2,79.9,81.0,36.4,39.3,110.5,107.0,27.8,20.8,3.1,76.7,17.1
20.7,36.4,33.0,47.0,92.3,35.1,146.1,92.5,95.8,87.8,81.7,62.3,70.3,27.2,20.4,58.1,31.3,35.9,37.5,36.7,48.9,6.5,37.3,39.1,145.5,41.5,34.0,14.2,21.7,53.4,169.2,58.7,39.5,43.4,75.6,77.0,34.1,38.6,108.0,103.4,27.1,17.0,4.5,67.3,16.3
23.3,40.4,38.0,51.9,106.3,42.7,154.3,102.7,108.4,93.4,83.8,66.0,79.2,29.4,23.2,57.8,36.3,41.6,43.3,39.6,51.6,6.3,40.2,43.2,154.1,46.8,38.4,15.8,24.5,62.6,178.4,66.8,43.0,48.8,85.0,86.4,36.3,42.3,113.5,107.6,29.3,19.3,6.2,91.6,17.6
21.4,39.3,30.2,46.3,94.1,35.9,165.4,93.9,99.2,88.5,95.3,61.0,70.6,26.1,21.7,56.2,34.9,39.4,39.9,35.8,56.3,7.8,36.8,39.2,164.4,43.0,39.3,16.5,22.8,63.8,190.2,55.2,45.6,50.1,77.5,79.9,37.6,42.7,121.6,116.3,28.2,17.6,5.2,73.3,17.9
23.5,40.0,32.5,48.5,98.4,39.1,155.7,94.9,96.3,90.0,82.5,63.8,73.9,28.0,21.8,60.0,35.8,39.3,40.5,38.9,52.3,7.8,37.8,39.7,153.6,42.3,35.3,15.4,24.0,59.9,180.4,57.3,46.4,52.1,78.9,80.0,39.0,43.7,110.0,105.4,29.8,20.6,5.3,76.4,18.4
21.1,40.5,33.7,48.8,98.4,37.8,151.5,95.7,99.4,88.4,84.3,65.7,75.3,28.4,21.9,57.3,33.5,40.2,40.9,39.2,49.2,6.4,38.0,40.7,150.5,42.9,36.7,14.8,22.5,61.0,175.5,59.9,41.5,46.5,80.6,81.1,34.5,39.7,111.4,106.2,28.8,21.1,5.4,77.3,16.8
19.9,40.2,32.5,46.8,90.5,36.1,150.7,98.1,103.4,92.3,80.3,62.8,70.3,26.6,21.2,55.2,32.3,44.4,42.6,35.6,49.2,5.4,36.2,38.3,149.7,41.4,36.5,17.2,25.1,58.4,173.6,53.5,46.3,49.8,75.7,79.0,35.7,39.9,108.4,104.5,28.4,18.7,4.0,67.3,16.5
20.9,36.3,31.2,45.3,95.6,35.5,146.4,90.9,95.4,85.3,80.5,61.8,73.2,26.7,21.0,57.0,31.9,35.2,36.0,35.8,47.2,5.8,36.3,38.1,145.1,40.8,34.7,14.7,20.6,58.6,169.0,56.9,39.5,45.4,81.1,83.5,35.6,41.8,108.2,101.6,27.1,17.5,6.9,68.4,16.8
19.4,35.4,30.0,43.2,82.0,34.2,148.1,87.1,90.0,79.6,82.3,60.3,73.6,24.5,20.6,56.4,31.7,35.8,35.5,32.7,50.1,6.5,34.0,36.5,148.2,38.6,35.7,14.2,21.2,60.7,173.5,50.9,36.9,43.8,69.9,70.0,31.6,38.6,112.5,105.2,29.0,17.8,7.1,58.5,16.0
22.1,39.3,33.7,50.4,102.1,36.7,150.8,106.4,109.1,100.6,84.6,64.3,77.7,27.4,20.5,58.5,33.2,38.5,38.2,38.8,51.5,6.4,36.8,39.0,150.7,44.8,35.8,14.5,22.3,59.2,174.5,62.9,40.4,47.7,85.6,94.6,35.0,42.0,111.9,105.7,27.9,16.4,7.7,81.2,17.5
22.2,38.8,35.0,51.0,102.3,38.5,146.2,109.9,111.4,101.2,76.7,64.3,76.8,28.5,21.1,57.7,32.1,47.3,46.0,39.0,47.4,6.5,40.8,43.0,145.3,47.2,33.3,13.3,24.6,55.1,170.0,61.7,40.0,46.8,92.2,95.9,35.8,41.7,108.0,100.8,28.3,16.6,7.1,85.4,17.0
24.2,40.4,36.2,52.5,109.0,43.8,155.1,104.0,106.9,96.6,82.1,69.3,83.7,29.3,22.4,59.4,35.0,40.7,41.1,42.6,50.3,7.4,41.0,43.6,154.4,48.7,36.2,16.6,23.5,57.2,178.6,67.9,43.4,50.2,89.3,96.5,34.7,42.6,114.3,106.9,31.0,19.9,7.4,93.4,17.8
26.2,41.0,39.5,52.6,111.5,42.8,157.8,105.4,107.1,97.8,84.6,70.0,82.1,30.6,21.6,60.7,37.1,40.3,40.8,45.2,53.8,7.9,37.5,40.2,157.2,48.7,38.1,15.9,22.7,64.8,183.4,70.8,41.5,48.2,88.8,97.0,37.1,44.4,116.6,110.2,29.4,19.3,7.3,102.1,19.5
22.5,37.8,36.0,50.0,101.8,39.2,152.7,103.5,105.4,97.9,84.5,61.6,77.5,29.1,22.0,55.8,33.7,39.6,40.2,40.3,51.2,6.6,41.1,43.6,152.1,46.3,38.9,14.0,23.0,60.2,175.4,61.5,40.2,48.1,88.8,92.4,34.7,42.6,114.1,106.6,29.9,18.7,7.8,86.5,17.8
23.0,44.2,36.0,53.0,102.4,39.6,159.1,100.5,106.0,91.7,90.6,65.5,79.5,29.2,22.8,57.3,35.1,41.5,42.1,40.8,54.5,6.0,39.7,42.7,158.6,44.0,38.5,17.5,24.3,64.1,183.2,62.8,40.0,47.1,82.1,80.7,35.1,42.8,121.8,113.2,29.3,17.8,7.6,89.2,17.8
22.2,38.4,31.3,44.8,88.0,35.9,140.8,83.3,88.2,76.7,77.5,54.9,67.2,25.8,19.5,51.4,32.2,30.7,32.2,35.6,46.4,6.1,35.7,38.0,140.3,40.8,33.8,14.8,20.5,56.7,162.8,53.8,40.4,46.7,73.5,75.8,33.7,40.1,103.1,96.5,27.9,15.3,6.8,58.7,16.2
18.8,38.1,29.3,44.8,85.8,32.0,145.2,89.1,92.7,83.8,79.8,56.0,64.0,24.4,20.3,55.8,31.5,33.8,34.9,34.3,46.3,5.4,33.9,36.3,144.0,40.9,35.8,13.5,20.0,60.0,168.0,48.7,42.1,45.8,69.9,70.4,31.7,38.9,105.0,100.7,27.0,18.3,4.0,57.7,16.6
20.5,38.8,34.0,50.7,100.2,38.5,149.3,102.9,105.2,97.4,82.2,61.8,75.7,27.1,20.6,55.2,31.8,36.8,37.2,36.1,49.4,7.1,36.8,39.2,149.0,44.6,37.2,14.7,21.6,60.5,172.8,63.2,41.4,48.2,89.4,92.6,36.5,43.4,110.5,102.7,27.3,14.7,7.6,80.0,15.8
22.1,40.1,35.0,49.1,97.8,37.8,154.3,98.7,102.9,91.1,88.1,61.4,74.0,28.5,22.6,58.6,33.2,41.5,42.0,37.2,53.0,7.2,40.4,42.3,153.8,45.0,37.3,15.8,23.9,60.4,176.8,59.3,39.9,46.5,83.7,81.3,32.6,39.7,115.7,109.9,28.7,19.8,6.6,76.5,18.3
23.3,41.4,36.6,50.6,96.6,38.8,159.3,102.8,106.4,95.1,93.1,70.8,78.0,29.3,22.4,57.3,35.5,47.6,47.9,38.2,54.8,7.1,40.3,44.2,158.3,46.8,38.7,15.2,24.8,63.4,184.0,59.0,42.5,47.0,80.9,79.7,33.5,38.1,119.5,115.4,27.5,18.7,4.6,84.0,17.8
21.7,39.7,36.3,50.2,104.1,39.5,151.3,97.2,100.1,90.8,88.5,61.8,72.4,28.4,21.5,56.7,34.4,39.2,40.7,39.2,52.3,7.4,39.1,41.5,150.5,45.1,38.5,15.8,20.7,64.5,174.1,65.3,38.3,43.9,81.3,88.2,32.2,37.5,114.7,109.3,25.9,17.5,5.9,82.8,16.8
23.8,42.5,30.8,50.8,100.6,39.8,159.8,106.4,108.9,102.5,92.7,63.7,71.8,27.0,22.3,58.5,37.1,45.8,45.7,39.7,56.2,7.2,39.6,43.0,159.2,45.8,39.6,15.9,25.0,65.1,184.3,61.1,42.3,46.8,93.2,95.2,37.8,41.5,119.5,115.1,27.1,20.9,4.8,88.2,17.8
22.7,40.3,35.0,46.9,93.1,40.7,142.7,92.4,95.3,84.6,76.4,57.3,72.1,27.3,21.8,57.3,33.9,36.7,38.9,37.0,47.1,6.8,37.3,40.2,140.8,41.9,34.3,16.5,19.8,54.2,165.7,58.7,39.2,47.1,77.8,79.2,33.3,41.9,104.6,96.7,26.9,13.3,9.4,71.3,16.4
22.3,40.6,36.1,53.2,107.4,40.7,161.4,103.3,106.8,95.9,90.0,66.0,79.7,28.3,20.5,57.6,34.0,43.3,42.9,41.0,53.3,6.8,37.8,41.1,160.7,47.1,39.4,16.2,23.0,63.4,186.2,68.8,43.0,50.1,87.9,97.4,36.3,43.6,120.4,112.6,30.0,17.5,8.5,92.4,17.1
22.6,38.6,32.7,45.8,91.2,36.7,155.4,91.4,92.2,87.0,89.7,59.9,71.5,26.7,21.5,55.3,34.0,39.5,40.8,36.3,52.7,5.8,36.6,38.1,154.2,42.2,38.9,14.8,20.7,62.4,178.7,54.4,41.7,48.3,77.0,80.9,33.9,40.3,115.3,110.0,27.9,18.0,6.1,70.8,17.6
22.0,37.5,33.9,48.1,100.4,37.4,159.0,97.2,99.6,92.9,85.0,72.7,83.0,29.2,22.7,57.8,34.8,37.8,38.6,38.9,51.7,7.4,37.1,39.5,157.8,45.6,37.7,13.7,23.1,61.5,183.5,58.3,44.9,49.5,90.2,93.9,37.8,43.2,116.6,112.0,31.4,21.2,5.0,84.2,18.0
20.1,36.8,32.3,44.5,91.6,35.0,154.9,94.9,95.5,88.8,88.0,60.6,70.2,26.0,21.5,53.7,32.9,37.1,37.5,37.2,50.5,6.6,37.2,39.5,154.3,40.8,37.7,15.1,20.4,63.0,177.6,55.7,41.4,47.1,77.9,77.3,32.6,38.6,116.1,110.0,28.2,16.8,6.3,69.8,16.7
22.6,41.4,33.5,50.2,98.5,40.8,158.3,95.8,101.7,90.0,85.2,70.0,80.4,28.5,21.5,57.3,34.0,39.5,40.3,38.0,52.5,6.9,39.6,42.5,157.1,44.3,37.7,16.0,23.8,62.7,182.6,60.6,42.8,48.5,84.9,88.0,36.8,42.1,117.2,111.1,30.2,21.0,5.7,85.1,17.6
19.9,38.4,30.3,45.7,86.2,35.7,140.4,87.2,91.0,81.6,77.1,53.7,68.1,24.5,18.6,55.3,30.5,38.0,38.3,35.0,47.2,6.0,35.1,38.2,139.8,38.6,33.2,15.7,21.3,56.7,162.0,52.0,40.3,47.3,75.6,75.8,32.3,39.4,103.7,96.4,27.5,14.5,7.6,59.2,15.2
20.9,41.0,33.0,47.9,92.5,34.1,160.5,93.9,97.2,87.6,88.8,66.0,73.9,27.8,21.7,56.1,33.3,38.1,39.1,35.8,52.8,6.7,36.7,39.2,159.0,44.5,39.3,16.4,21.1,62.9,184.7,55.0,43.5,47.9,73.2,76.2,36.1,40.9,118.9,114.1,29.4,21.1,4.3,70.3,17.5
21.6,40.2,35.0,51.7,105.4,37.9,156.6,102.3,106.4,91.8,87.3,69.6,77.4,27.5,21.2,54.0,35.3,39.7,39.3,38.6,52.7,6.7,36.6,39.0,155.3,43.3,39.2,14.6,22.8,64.2,179.6,64.1,43.1,47.2,81.8,87.2,36.4,41.4,116.2,111.1,27.5,17.9,5.2,85.5,17.3
23.5,41.0,37.0,51.6,103.3,38.7,154.5,104.0,107.2,99.6,83.4,63.5,80.2,28.7,22.9,58.3,34.8,41.9,42.5,39.5,50.9,6.4,41.3,44.1,154.2,47.9,37.3,13.9,23.6,62.6,181.8,61.4,42.4,50.2,94.2,93.8,38.7,47.5,114.2,105.1,29.4,15.8,9.7,91.1,18.5
20.5,40.0,31.5,47.8,94.2,35.4,155.0,91.8,94.8,85.7,83.9,62.0,74.5,27.0,21.7,57.8,33.5,37.4,39.3,39.3,52.2,6.9,38.5,41.4,153.6,43.8,36.5,15.0,21.4,58.9,178.3,58.2,44.9,50.9,79.6,84.1,35.8,42.2,113.6,107.2,29.6,18.0,7.1,72.8,17.3
20.6,38.5,30.5,47.5,91.2,34.3,146.7,88.3,93.8,79.9,81.7,59.9,72.5,27.3,21.7,58.2,32.0,36.8,38.2,36.2,47.8,6.6,38.1,40.3,146.1,43.1,35.5,14.3,21.8,59.1,170.7,56.1,39.6,46.8,72.2,74.0,33.0,39.2,108.6,102.1,29.0,17.2,6.6,64.5,17.2
21.7,38.9,35.2,49.1,92.2,35.8,153.4,91.3,97.3,82.3,86.7,61.4,71.9,27.4,22.0,57.5,32.4,38.4,39.0,37.7,52.3,6.9,39.8,43.1,153.3,43.5,38.4,14.8,24.2,64.1,179.1,54.7,40.4,45.6,73.8,73.6,34.1,39.1,115.0,110.0,26.8,18.4,5.5,71.8,17.3
20.2,35.6,27.2,42.6,81.7,33.2,136.7,80.2,85.0,74.9,75.4,54.7,61.8,23.6,21.0,54.4,31.1,34.5,35.5,35.0,45.1,6.3,33.9,37.3,136.4,37.5,32.6,13.7,20.7,54.6,161.5,50.7,38.4,41.8,66.0,65.4,34.7,38.0,99.0,95.5,24.8,17.2,3.3,51.1,15.8
21.7,40.3,30.3,47.7,92.8,37.1,151.1,92.0,94.1,89.3,82.2,62.6,71.2,25.5,19.7,54.7,33.1,37.1,38.1,37.0,48.9,6.3,34.7,37.5,149.6,42.8,36.5,16.0,19.9,59.3,173.5,55.6,43.5,48.0,77.2,79.1,35.2,39.4,109.9,105.2,28.9,18.5,5.0,68.8,16.3
23.3,41.4,33.9,48.7,97.6,38.4,150.7,96.2,100.0,92.6,82.8,59.0,68.3,26.4,21.0,58.0,34.0,40.9,41.8,38.4,47.8,6.4,36.4,39.0,149.7,42.8,36.7,16.8,22.3,60.8,176.3,58.5,45.0,49.4,75.3,77.1,41.1,46.0,107.2,102.5,27.0,16.7,4.8,74.8,16.6
19.5,38.5,34.8,48.7,95.3,35.3,145.4,99.1,100.4,90.9,82.6,60.0,73.0,26.6,20.5,55.6,31.6,36.3,38.2,36.6,47.9,6.7,37.0,39.4,144.4,43.8,35.5,14.7,23.0,56.5,168.3,60.0,39.7,46.4,83.2,85.3,32.9,40.5,108.1,100.7,27.5,15.8,7.4,71.3,16.0
18.0,37.9,30.0,46.8,94.0,31.6,148.3,91.9,93.6,85.8,82.2,61.6,76.2,25.7,20.5,55.7,30.7,37.8,38.5,36.5,48.8,6.3,35.2,37.8,147.3,40.2,36.2,15.9,23.0,59.1,172.4,53.2,41.8,48.7,80.3,85.8,32.8,40.5,110.2,103.0,28.5,16.6,7.7,65.1,16.3
23.4,41.7,32.0,50.1,102.7,35.5,153.6,100.6,103.5,92.8,82.8,65.5,77.7,27.0,21.0,56.5,34.8,43.0,42.9,40.1,51.4,7.6,37.4,40.7,153.2,41.5,36.0,15.8,23.1,56.3,178.5,61.4,43.4,50.5,84.6,91.6,38.4,45.0,112.1,106.0,29.0,18.3,7.5,78.6,17.2
21.0,36.5,32.0,45.5,89.3,37.0,143.6,91.6,95.2,86.3,80.4,59.2,67.9,27.3,22.5,55.2,32.8,37.9,37.0,38.3,46.2,6.5,35.5,38.5,144.7,44.0,35.4,13.9,23.1,57.0,169.3,53.5,40.1,44.5,75.5,75.8,35.2,39.8,104.7,100.1,27.2,18.1,4.8,65.3,18.3
20.0,41.1,31.1,46.0,86.0,33.6,147.8,89.8,93.7,82.8,84.4,56.8,66.8,24.7,21.1,54.3,32.0,37.5,38.2,33.3,51.3,6.4,37.0,41.1,146.8,40.5,37.0,16.6,22.4,61.5,169.4,52.2,38.6,43.9,72.0,70.2,29.8,34.6,111.3,105.8,26.7,15.8,5.5,60.2,16.7
21.2,39.5,31.5,46.4,96.4,36.5,148.2,94.8,98.5,86.9,84.8,58.1,74.4,27.5,20.6,56.6,33.8,37.2,38.5,36.8,51.0,6.2,37.6,40.0,148.3,43.0,36.0,14.2,22.4,60.0,171.8,61.0,37.1,45.5,82.0,78.8,32.5,41.2,112.6,104.0,28.8,16.8,9.2,72.0,16.6
20.7,40.4,37.3,52.6,97.9,35.3,151.3,107.7,110.3,101.1,83.0,63.3,78.1,28.3,20.7,57.5,33.6,46.2,46.2,39.3,50.3,6.9,38.7,40.4,149.7,47.0,36.5,14.9,24.2,60.2,173.3,62.1,41.3,48.8,92.8,94.0,35.5,43.8,110.9,104.1,27.1,14.3,7.7,84.6,16.7
19.9,36.9,30.5,45.8,95.0,33.6,139.3,91.9,93.9,85.3,77.9,60.7,72.5,25.3,19.3,53.8,32.0,31.4,32.6,35.2,48.0,5.5,35.1,38.0,138.9,43.3,36.2,13.0,21.1,58.9,161.3,55.4,36.5,42.5,82.1,86.4,31.0,37.2,104.6,98.5,26.9,16.6,6.3,63.3,15.7
20.5,38.1,33.0,45.8,96.7,34.6,156.1,90.2,95.4,84.6,89.4,63.7,76.3,26.7,21.6,55.6,33.4,40.7,40.7,35.6,54.1,6.1,35.7,38.5,154.2,41.5,38.3,15.0,21.7,64.6,177.6,58.0,42.7,48.7,80.8,85.9,34.1,40.7,117.6,110.9,28.5,17.7,7.1,72.2,17.2
21.4,37.3,32.0,46.2,90.2,36.5,146.0,93.3,98.5,85.0,83.0,57.0,71.6,25.3,20.4,55.5,32.8,40.5,40.0,35.0,50.0,6.7,36.2,39.2,145.3,40.5,35.4,14.2,19.8,57.9,170.0,56.6,36.5,43.3,73.3,71.3,32.6,40.0,110.7,103.1,29.2,15.6,7.7,65.6,16.5
21.8,39.2,32.5,48.2,94.6,38.4,147.1,93.7,97.8,87.3,78.2,59.1,73.0,26.8,20.0,54.0,32.0,38.8,40.0,38.2,46.8,6.5,38.3,41.3,146.0,41.6,35.3,15.1,22.5,58.5,170.5,57.9,41.8,48.4,81.2,87.1,33.8,40.7,107.1,100.8,28.8,17.2,7.3,71.9,16.3
22.7,40.9,35.1,51.9,103.4,39.1,149.9,98.7,103.2,93.3,81.5,64.4,81.5,28.4,22.2,58.2,34.1,40.7,41.0,38.6,49.8,7.8,40.4,43.8,149.9,46.4,36.3,15.3,23.2,57.6,175.6,63.1,39.2,47.5,86.5,91.2,35.3,44.0,111.4,102.9,30.3,18.1,9.3,83.4,18.2
22.0,42.7,33.2,50.2,94.3,36.2,160.0,100.6,104.0,96.5,88.5,61.2,71.8,26.5,21.1,58.8,33.8,39.5,40.8,37.7,54.8,6.8,38.9,42.1,158.0,41.4,37.2,16.4,23.6,64.2,185.0,57.0,45.7,51.3,87.2,89.5,37.7,43.4,116.5,111.3,27.3,20.1,5.4,78.6,17.6
23.9,39.0,33.8,48.3,98.7,39.1,154.8,96.9,99.3,91.5,85.8,65.1,77.6,28.2,21.8,57.7,34.5,38.5,40.3,41.1,52.8,6.2,37.7,40.2,153.4,44.3,36.2,14.3,23.3,60.1,178.5,59.1,41.9,48.1,84.1,87.3,35.5,42.3,115.2,108.3,30.6,19.2,7.0,80.8,18.1
20.7,37.9,31.0,45.1,93.5,33.6,144.7,87.7,91.0,84.4,80.8,62.0,70.5,25.4,21.3,58.0,30.0,34.5,36.2,35.5,48.5,6.0,37.5,39.7,144.2,38.8,33.1,14.7,21.0,55.2,168.8,55.2,39.9,44.7,72.3,74.7,34.3,39.0,106.8,101.6,28.3,16.7,5.2,63.3,16.3
21.8,35.8,31.1,45.9,89.9,36.0,142.8,91.4,94.4,85.8,76.4,59.1,68.1,25.5,20.8,54.9,33.4,36.4,36.8,36.4,46.7,6.6,35.7,37.5,142.6,41.2,35.8,14.2,21.5,57.4,166.1,54.0,40.3,45.6,74.8,74.9,35.0,40.0,103.6,98.7,26.3,17.0,5.2,63.7,16.7
22.1,42.7,35.5,53.4,102.5,37.9,161.1,104.5,107.7,101.0,87.7,66.2,80.0,28.9,21.6,60.3,35.0,44.0,44.6,39.0,52.3,6.6,40.4,43.0,158.2,46.3,38.6,16.3,23.3,63.1,183.0,61.9,46.3,53.7,92.1,94.8,37.5,44.8,117.0,109.4,30.6,19.4,7.7,88.6,18.3
23.3,41.1,32.0,51.1,101.5,38.9,166.0,97.0,99.2,90.5,93.8,67.4,78.0,28.0,21.8,57.2,36.0,37.7,38.8,40.1,56.1,8.2,38.9,42.7,164.3,45.0,39.6,15.3,22.1,64.7,191.0,60.7,42.2,50.0,79.3,85.8,36.3,42.2,123.8,117.8,31.0,20.9,6.2,85.7,18.0
20.8,41.3,36.5,50.2,98.4,35.7,151.8,98.4,102.1,90.5,81.0,65.0,76.3,28.5,22.4,57.2,33.3,43.1,43.5,39.4,49.3,6.5,39.8,42.9,151.0,45.2,36.7,15.4,24.1,59.5,176.2,57.8,43.6,49.9,79.3,81.2,36.3,42.6,110.8,104.5,29.5,17.7,6.6,78.3,17.6
24.9,39.6,40.7,52.7,99.3,43.6,158.7,106.3,113.1,94.0,91.4,65.1,74.6,31.1,23.0,60.0,36.3,44.3,42.7,40.1,53.9,6.4,37.6,40.8,157.5,48.4,38.5,14.4,25.1,62.1,183.4,61.2,41.0,45.7,82.6,83.1,36.7,42.3,119.3,114.0,27.0,18.0,5.6,90.9,18.7
20.4,41.2,32.0,48.9,91.3,35.6,151.8,90.4,97.1,83.9,81.8,59.2,72.0,27.2,21.9,57.7,33.1,39.1,40.3,35.7,50.3,7.5,37.3,40.6,150.3,43.0,36.4,16.3,22.9,59.8,176.7,53.8,43.2,49.6,74.4,76.9,35.6,42.5,110.2,102.5,29.3,17.2,7.3,66.7,17.0
22.0,39.2,34.8,49.2,94.4,37.5,147.9,95.6,101.0,88.3,82.5,59.1,70.8,27.9,22.2,56.4,33.4,39.0,40.3,37.8,49.7,6.0,37.9,40.8,147.0,42.9,36.0,15.0,22.3,60.2,170.6,57.7,39.1,45.0,81.1,83.5,33.2,39.1,110.4,104.6,27.3,16.3,6.2,74.7,18.4
22.3,40.7,34.2,50.5,99.3,37.3,153.6,100.1,103.9,93.6,85.2,62.6,75.3,28.5,21.7,57.7,34.6,43.1,44.2,38.9,51.1,7.8,40.0,42.5,152.6,44.8,37.2,16.9,24.4,61.9,177.5,60.4,42.6,49.4,87.8,89.1,35.5,42.0,112.6,106.9,28.1,15.7,7.5,81.7,18.6
20.5,38.9,32.7,46.4,87.7,34.2,146.1,86.8,90.6,79.8,82.0,56.5,69.2,26.3,21.3,55.9,31.8,39.0,40.5,34.0,47.2,6.8,35.8,39.5,144.5,41.4,36.3,16.1,22.2,59.2,169.3,51.9,38.9,46.0,73.0,72.8,32.5,39.0,108.3,102.1,28.5,17.1,7.9,62.8,16.7
21.4,38.4,32.4,47.4,91.5,35.6,143.3,94.9,97.8,89.6,75.9,62.2,70.6,25.4,20.8,55.4,32.6,39.4,39.0,35.9,45.1,6.0,36.4,38.6,142.4,39.0,33.0,15.5,22.3,53.6,167.3,54.9,39.2,43.7,75.3,76.0,34.3,39.6,104.1,99.9,27.0,20.9,4.0,65.6,16.5
19.8,37.3,31.8,46.0,89.5,34.5,149.2,91.0,94.6,86.0,81.3,63.7,73.0,26.5,19.9,54.2,31.5,38.5,39.0,33.6,49.6,6.8,36.6,39.7,147.9,41.4,34.9,14.6,21.8,55.2,171.5,53.6,41.7,46.8,74.9,74.3,32.6,37.5,110.0,104.5,27.7,18.9,5.6,63.3,16.6
21.5,37.1,33.5,46.4,95.3,36.1,150.0,94.0,95.8,86.9,85.8,57.3,67.7,26.8,20.8,58.7,33.2,37.5,38.0,37.1,51.7,6.1,37.0,39.7,149.3,42.0,37.5,14.4,19.9,62.6,174.7,56.6,40.4,45.4,77.9,77.4,33.8,39.0,112.3,106.8,25.4,16.0,5.7,72.3,17.2
21.1,39.1,32.0,46.9,92.0,36.5,155.8,92.2,95.1,85.6,89.0,59.1,68.4,27.8,20.9,54.9,32.3,37.9,38.8,36.8,52.9,6.5,36.0,39.5,154.2,45.3,37.7,15.0,21.1,62.9,178.7,54.3,41.9,46.5,73.9,77.0,36.4,41.1,114.5,109.7,26.6,16.9,5.0,70.1,16.4
23.0,41.0,37.2,53.7,106.4,39.6,153.2,110.4,111.3,104.7,83.6,69.0,83.7,30.0,22.3,57.2,33.0,42.5,42.4,39.8,50.0,7.4,42.5,44.5,152.3,49.2,36.1,14.2,22.6,59.3,174.3,66.2,43.6,51.8,94.4,100.5,34.9,42.8,112.0,103.8,31.1,19.2,8.6,94.2,18.6
21.4,39.2,33.8,48.9,99.0,36.9,148.3,101.4,103.5,96.7,82.8,62.9,77.5,26.9,21.0,55.7,32.6,40.0,40.0,36.7,49.7,6.5,38.1,39.3,147.3,43.7,35.4,15.0,23.3,58.8,169.3,58.9,39.9,47.7,92.6,96.2,35.1,43.8,110.6,101.4,28.4,16.3,9.1,79.4,16.8
24.3,42.5,39.5,53.0,105.1,42.1,152.2,102.1,107.6,95.2,82.2,68.5,79.0,29.5,22.0,59.6,35.3,39.2,39.4,40.6,49.5,6.2,41.6,43.8,150.8,46.1,36.2,16.4,22.6,59.9,176.2,66.0,41.9,47.6,81.5,85.0,35.1,40.5,111.6,106.0,27.5,21.2,6.0,89.2,18.6
21.8,38.7,35.6,49.7,95.0,36.5,148.4,101.8,104.8,97.0,78.6,67.0,79.2,28.2,22.7,56.4,33.2,41.4,41.5,35.8,47.9,6.9,40.6,42.8,147.2,46.0,36.3,14.0,23.5,57.6,170.9,55.8,42.0,48.4,88.8,92.8,35.7,42.4,107.9,100.1,27.7,17.2,6.7,76.0,17.6
23.2,40.9,37.5,50.8,98.7,41.5,158.2,100.5,104.4,92.4,93.5,60.5,74.7,28.5,22.5,57.7,35.5,41.2,42.8,37.9,55.4,6.5,38.6,40.5,156.9,46.0,40.1,16.8,23.2,67.1,181.0,61.1,38.8,45.5,83.5,84.5,32.5,40.3,120.8,113.0,28.2,16.2,7.7,85.3,17.9
19.7,40.6,31.8,49.3,90.0,34.4,146.0,91.8,97.4,84.9,77.4,61.1,68.3,25.8,19.4,56.2,29.8,40.0,41.2,34.9,46.9,6.4,39.8,42.1,144.1,42.7,34.6,14.2,22.5,57.3,169.4,56.9,42.5,47.0,77.0,77.9,35.7,39.8,104.4,99.6,26.4,19.9,4.8,65.3,16.5
23.5,40.8,31.8,49.4,105.6,42.2,154.2,102.0,104.4,97.1,84.7,66.3,77.5,28.2,21.6,56.1,33.4,43.3,42.3,40.1,50.1,6.9,39.0,41.3,152.5,44.2,38.5,14.8,24.8,61.9,177.4,64.6,44.1,50.2,91.3,94.2,36.6,43.0,112.2,106.0,28.5,18.2,6.5,86.7,17.5
21.5,40.6,33.1,49.2,96.6,36.0,154.2,96.6,99.5,89.5,84.2,62.9,74.9,27.5,21.7,56.7,33.2,39.5,40.5,36.9,51.9,6.2,38.0,40.8,153.8,45.7,37.2,16.1,21.9,61.1,178.8,57.7,42.9,48.8,76.4,80.3,37.5,43.6,112.8,106.5,27.8,18.0,6.1,74.5,17.2
23.6,40.6,36.2,51.4,103.7,40.4,160.5,104.3,107.9,97.8,88.1,69.7,80.2,30.5,22.9,58.7,36.3,43.6,43.4,40.2,53.1,7.4,41.1,43.0,158.8,47.4,39.8,15.2,25.1,64.0,184.7,64.3,44.2,50.0,89.3,95.2,37.5,43.5,118.0,112.5,30.1,20.6,5.7,94.3,19.2
21.4,38.4,35.7,48.0,100.5,37.7,152.5,99.2,103.9,91.9,86.8,58.9,72.1,28.1,22.3,55.1,33.8,36.6,37.8,37.5,50.2,6.2,37.4,39.4,151.7,46.5,39.3,14.7,20.9,64.3,175.9,61.8,41.0,47.5,82.8,85.1,34.7,42.0,113.3,106.4,27.8,17.4,7.2,79.1,16.8
22.2,39.0,32.5,46.2,93.6,36.1,149.2,94.4,99.4,88.8,81.5,62.3,73.3,26.8,21.1,56.9,32.8,40.7,41.5,36.1,48.3,6.3,37.4,39.4,148.0,42.2,34.7,14.9,22.4,57.8,172.5,56.3,41.9,47.7,77.4,79.3,36.1,41.5,109.2,103.6,29.7,18.1,6.5,69.0,16.6
21.5,41.0,35.0,48.9,94.2,39.1,155.8,98.5,101.1,89.4,88.4,59.7,71.5,27.4,22.2,56.7,34.1,37.8,39.3,39.8,53.4,6.7,36.8,39.4,154.4,43.7,37.2,17.5,20.7,60.7,179.5,56.4,41.0,47.3,82.5,82.5,34.8,41.1,116.2,109.6,26.6,17.7,7.2,78.2,17.8
22.7,39.6,32.8,48.9,95.3,38.7,153.5,96.5,101.3,90.8,85.3,65.6,73.5,27.6,21.3,54.0,33.8,38.6,38.0,38.0,50.7,7.2,39.4,42.4,152.8,44.9,38.7,15.6,23.6,60.7,178.1,57.4,42.7,46.8,82.0,81.8,35.5,39.8,112.7,108.1,29.5,20.9,4.5,76.2,17.4
22.7,38.5,37.5,50.5,102.9,40.0,148.8,103.3,106.4,95.4,83.9,60.0,75.6,29.5,23.6,57.8,35.8,43.2,42.3,38.3,52.5,6.6,39.7,41.5,148.1,46.8,36.7,14.2,22.4,61.2,170.5,62.2,40.8,48.8,89.1,89.6,34.6,42.3,110.5,102.5,28.4,15.3,8.5,85.0,18.8
21.0,36.9,32.0,45.0,94.7,36.4,153.3,94.3,98.3,88.4,85.7,61.2,69.7,26.5,20.3,58.1,32.9,37.6,38.4,36.7,50.5,6.8,38.5,41.0,152.7,41.6,37.9,15.1,21.5,61.2,176.8,56.9,43.1,48.2,78.1,78.6,35.4,39.5,112.4,107.2,27.2,19.0,4.7,71.3,16.6
21.1,40.5,29.5,46.6,84.8,35.1,143.5,87.7,91.2,80.7,78.4,57.3,66.0,25.8,21.9,54.2,31.0,40.6,40.7,33.9,47.4,6.5,35.7,37.8,141.8,39.9,34.2,16.5,22.4,58.2,166.4,47.5,40.6,44.7,70.4,70.7,34.2,38.1,105.0,100.2,27.0,18.8,4.8,56.2,16.8
22.0,40.7,32.8,51.3,103.6,36.8,151.0,100.8,103.8,94.2,79.4,68.3,79.5,27.0,20.3,58.2,32.7,41.3,41.9,38.1,47.4,6.6,38.4,41.6,148.8,44.1,36.4,14.9,22.1,58.2,174.4,61.8,42.8,48.5,90.7,96.7,36.0,41.3,109.6,103.0,29.9,21.1,5.7,81.3,16.7
24.1,43.0,36.0,54.7,105.9,37.6,162.1,114.5,115.9,105.9,89.4,71.8,84.6,29.7,22.8,57.8,35.8,45.0,44.5,39.9,53.0,6.3,41.0,44.0,161.5,46.4,38.8,16.3,24.5,62.5,185.8,63.0,44.6,51.2,97.5,100.3,37.6,45.0,120.7,113.5,30.5,20.2,7.0,98.0,19.2
21.8,40.6,33.8,49.8,100.8,37.1,161.8,101.2,106.6,94.8,90.3,70.1,81.5,29.3,21.7,56.5,35.0,36.6,37.0,37.9,54.1,6.8,40.1,41.2,161.2,47.0,39.3,14.7,23.9,62.9,187.0,61.0,43.9,49.3,87.6,91.6,39.9,46.2,119.4,113.4,31.1,20.5,5.6,86.3,18.0
20.2,39.5,31.5,47.2,90.8,33.6,153.4,96.0,97.8,90.4,83.5,59.2,71.1,26.8,23.0,56.6,32.6,40.8,40.9,34.8,50.3,6.7,37.0,38.8,152.3,42.4,37.9,16.1,23.6,63.1,177.5,52.8,42.4,48.4,78.5,78.3,35.1,40.6,112.4,106.2,28.0,17.3,6.1,68.4,17.2
23.8,41.0,36.2,52.8,108.5,40.7,153.7,109.0,111.7,101.2,82.0,67.7,79.6,30.5,23.1,56.3,34.4,41.2,42.4,40.7,49.3,6.6,39.2,42.1,151.5,45.0,36.5,15.8,23.3,57.1,176.3,67.2,44.9,50.7,89.4,96.1,36.0,42.9,111.0,103.5,28.4,18.4,7.3,92.0,17.9
22.3,39.8,34.0,51.6,107.4,40.5,152.9,107.6,108.1,100.6,82.6,63.4,75.6,28.2,21.3,59.4,34.5,41.1,41.4,40.2,50.4,6.6,38.3,41.2,152.3,45.4,37.2,15.6,23.0,61.3,177.2,64.7,44.6,51.1,92.2,97.5,39.0,45.1,110.4,104.3,27.3,19.0,7.0,89.1,17.5
22.0,40.9,37.0,51.2,97.5,36.7,162.7,98.8,105.9,89.5,93.0,61.0,75.9,28.7,21.2,59.2,35.3,39.5,39.6,37.6,55.7,6.5,38.3,41.5,161.9,45.8,39.5,15.6,22.4,64.5,186.8,59.7,42.1,50.0,80.6,82.0,34.1,42.9,122.6,115.4,30.0,16.0,8.9,82.1,17.3
22.1,41.3,33.7,50.2,106.0,38.8,158.5,101.9,105.7,94.4,86.8,67.4,75.7,28.0,21.4,58.3,35.8,43.3,44.8,38.8,50.5,7.1,37.8,40.4,156.8,43.4,38.0,16.7,23.6,61.9,182.5,63.0,45.3,49.3,82.3,87.2,38.4,43.1,115.2,110.2,28.5,19.9,4.8,84.4,17.5
21.0,39.2,31.0,47.0,91.1,35.2,149.3,95.1,99.7,89.8,80.2,62.3,72.6,25.2,20.6,56.6,32.1,40.4,41.3,35.1,48.0,7.0,38.8,41.7,148.2,43.3,34.5,14.3,21.4,56.4,174.2,54.4,44.6,50.1,82.8,84.3,40.0,45.5,106.2,101.0,27.0,16.1,5.8,71.6,17.0
20.3,42.3,29.6,48.4,89.7,34.2,159.4,93.0,96.8,86.1,91.8,57.4,68.3,25.7,21.2,56.3,33.2,40.1,42.0,35.7,54.4,6.8,36.6,38.8,157.5,40.1,39.9,17.5,22.4,62.0,183.5,51.5,43.1,48.4,75.7,78.5,36.4,41.3,118.5,112.9,27.4,17.5,6.4,66.2,17.0
22.2,37.3,36.4,49.1,102.7,40.3,149.1,105.0,105.0,97.0,82.0,63.1,78.9,29.3,21.7,55.9,33.3,39.3,39.5,40.3,49.5,6.7,38.5,41.5,149.0,46.0,36.3,14.0,22.4,57.5,172.8,63.2,40.0,48.2,89.5,96.5,34.3,43.6,111.3,103.2,29.3,16.5,9.3,87.0,17.8
20.8,37.0,32.0,46.3,91.8,34.7,138.5,95.3,96.5,87.3,77.0,57.2,67.5,25.5,19.5,56.5,31.5,39.1,38.2,37.3,46.4,6.8,35.4,37.3,137.8,42.2,33.7,14.1,22.2,54.4,160.0,57.5,38.5,43.3,81.4,86.0,33.3,38.6,102.7,97.7,25.7,16.1,5.0,64.7,16.0
23.1,38.9,31.7,47.5,102.7,38.3,153.4,98.2,100.3,90.9,85.0,63.1,75.5,26.5,20.6,55.6,33.1,39.2,38.3,37.8,51.4,6.7,38.0,40.6,150.7,43.6,36.1,14.1,22.9,61.1,176.2,60.8,44.5,50.9,78.7,86.5,36.0,43.1,112.7,105.5,29.2,17.0,7.6,78.1,16.7
23.3,44.1,36.0,50.8,101.6,40.9,159.3,99.1,101.1,91.9,88.9,65.4,76.0,29.4,24.7,56.7,35.3,42.2,46.1,40.1,53.9,7.0,42.0,45.3,158.2,46.2,37.7,18.2,23.0,65.0,184.5,62.8,41.7,46.8,84.9,80.2,35.9,41.4,118.3,112.2,28.7,19.6,6.0,90.2,19.0
24.1,41.9,35.5,53.7,104.8,40.7,158.2,105.9,109.2,100.1,86.6,66.7,79.0,29.4,23.3,58.5,36.9,44.0,43.6,42.0,53.9,7.4,40.2,43.3,157.1,46.9,38.4,15.5,25.3,62.6,182.2,63.9,44.8,51.5,92.1,95.7,36.5,42.4,115.0,109.0,27.5,16.7,6.5,92.0,19.3
21.1,41.2,31.9,50.8,102.5,35.3,152.8,104.5,107.2,97.7,83.5,64.5,82.7,27.6,21.0,57.1,33.6,42.3,42.8,39.8,50.7,5.9,37.7,39.8,151.8,43.3,38.2,16.2,23.8,61.6,176.9,63.2,41.8,51.7,87.0,96.3,37.9,47.4,112.1,102.5,29.8,16.2,9.8,84.7,17.7
23.6,41.1,41.8,56.0,115.2,43.6,155.1,111.0,115.4,102.6,86.3,71.8,85.8,30.8,23.0,57.4,36.3,43.5,42.2,41.4,53.0,8.4,39.8,41.1,154.0,50.4,38.0,14.3,22.4,64.3,177.0,75.8,40.3,47.0,92.4,93.6,32.1,39.2,117.1,109.8,28.3,19.3,6.9,105.9,18.8
23.2,42.7,32.2,50.1,98.5,37.5,152.8,105.7,109.7,98.0,83.4,66.8,74.0,27.2,20.3,57.7,34.9,46.5,47.2,40.4,51.8,7.5,40.7,41.6,152.5,43.7,36.0,17.6,24.1,59.0,176.5,58.1,43.3,47.2,86.9,89.9,37.5,41.1,112.4,108.4,27.8,19.2,4.0,79.9,18.0
24.2,38.7,32.7,46.7,95.0,40.1,152.6,94.3,97.0,90.1,85.6,60.0,72.2,26.7,21.1,56.3,35.0,40.0,39.6,39.0,50.8,6.9,37.4,39.3,151.1,44.4,37.0,15.8,23.6,60.1,175.9,56.2,42.6,48.7,82.2,85.2,34.7,41.5,113.2,105.7,28.0,18.2,7.2,73.2,17.2
20.1,38.6,32.4,47.1,86.7,34.1,141.1,93.1,97.8,85.4,77.8,56.8,64.5,25.8,18.9,55.0,30.6,41.9,42.1,35.0,45.4,6.8,37.2,39.4,139.8,41.3,35.4,14.9,22.8,58.1,164.6,48.7,39.7,44.3,71.7,71.4,33.3,37.5,103.0,98.4,25.9,17.2,4.2,59.6,15.5
21.4,41.2,33.5,49.1,99.1,36.4,149.4,101.4,104.0,95.4,83.2,65.0,75.7,25.4,20.2,55.3,33.5,35.6,38.0,38.9,50.0,6.6,35.5,37.8,148.7,42.8,35.5,15.8,21.8,58.3,172.3,59.9,39.6,45.5,79.5,82.9,35.8,42.6,111.0,104.0,27.6,18.9,6.6,74.3,16.2
21.4,40.8,35.5,50.5,98.2,36.0,150.6,99.3,104.1,90.3,86.0,60.7,72.9,28.5,22.1,58.6,35.4,37.6,39.0,37.3,50.3,6.4,37.3,40.4,149.5,45.1,37.1,15.8,24.3,62.4,174.3,60.2,38.6,45.6,81.6,83.3,33.9,40.7,112.0,105.0,27.7,16.2,7.0,77.9,17.6
24.0,41.2,30.5,48.1,95.9,37.5,149.3,94.6,99.1,88.4,79.2,62.8,73.8,26.3,21.2,56.4,33.4,37.1,37.7,39.3,47.7,6.1,37.4,40.3,148.2,41.5,35.7,15.5,23.5,58.0,173.7,57.8,42.9,48.7,77.3,83.1,37.5,43.0,107.3,101.3,28.2,17.6,6.3,73.0,16.6
22.8,40.5,36.8,49.4,102.5,39.3,157.4,103.5,106.2,97.8,88.4,62.7,76.4,30.5,23.8,57.2,35.4,39.2,40.6,41.1,51.7,6.3,39.1,41.1,155.8,47.8,39.5,15.4,21.5,63.0,181.1,61.5,42.5,49.6,86.2,87.0,34.3,41.9,116.7,108.4,28.6,18.2,7.6,89.0,19.1
21.3,41.7,32.0,50.4,98.2,37.8,149.3,99.0,101.5,91.1,77.5,61.8,76.3,27.7,23.0,56.6,34.3,41.7,41.8,39.3,48.9,7.2,37.3,39.1,148.0,43.8,35.8,16.9,21.2,59.8,172.3,60.1,43.1,51.4,80.8,85.0,35.5,43.5,108.6,101.3,29.9,18.0,8.7,76.3,18.3
23.4,39.7,34.0,48.1,99.8,39.8,147.5,98.7,103.9,94.8,77.0,63.1,73.0,28.1,21.8,56.5,34.4,39.2,38.4,39.4,47.5,5.9,37.7,40.3,147.1,43.0,35.1,15.9,22.0,57.2,171.1,62.6,43.9,49.2,82.1,86.2,35.5,41.6,106.8,101.0,27.8,18.4,5.6,78.4,18.1
22.1,37.8,35.0,47.2,95.7,36.8,149.5,96.2,99.9,90.3,79.1,61.4,74.0,28.8,22.2,58.0,35.2,37.5,37.5,38.4,49.4,5.9,38.3,40.8,149.4,43.0,35.4,14.9,23.4,58.0,174.5,57.3,42.8,49.3,79.4,81.4,36.8,43.5,107.9,101.6,28.5,15.9,6.3,73.7,18.5
19.7,37.8,32.7,45.3,90.2,36.2,138.5,87.0,90.6,80.9,79.2,54.9,65.1,24.7,20.5,53.2,31.5,33.9,36.5,35.1,47.6,5.8,35.0,39.3,139.0,39.8,33.3,14.9,20.1,55.5,161.5,55.4,35.9,41.5,75.1,73.4,31.8,36.8,104.3,98.7,24.7,15.3,5.2,61.9,15.8
22.1,39.8,34.9,49.3,95.7,38.0,152.2,97.3,101.8,90.4,84.6,64.7,71.2,28.2,21.9,54.7,34.3,40.3,40.1,37.4,50.5,7.6,37.3,40.4,150.9,45.7,36.7,15.2,24.1,59.1,177.5,56.5,42.6,46.3,77.3,78.8,37.3,41.0,111.5,107.1,28.2,18.5,4.0,76.5,17.2
20.5,38.5,33.4,47.7,104.1,36.7,145.5,105.7,103.7,99.0,78.8,64.2,75.0,26.6,20.1,55.8,31.7,40.8,39.6,39.1,47.7,5.4,36.9,38.6,145.0,43.2,36.3,14.9,23.7,60.3,168.7,62.1,41.2,46.5,91.8,98.7,35.5,42.0,107.3,101.0,26.7,18.2,5.6,79.4,15.8
23.0,38.3,33.8,49.6,98.2,38.3,153.2,100.6,103.1,95.5,82.5,64.5,76.8,27.4,21.5,56.2,35.8,37.5,37.2,39.8,50.1,6.4,38.8,40.1,153.3,45.9,37.9,14.4,22.7,63.1,178.6,60.9,42.0,48.8,84.3,88.0,38.9,45.3,113.0,106.8,30.4,17.2,7.1,81.2,17.8
18.6,37.8,27.0,44.2,84.6,30.4,142.2,87.6,91.9,81.4,79.8,55.7,63.2,23.0,19.6,54.3,30.5,38.2,38.7,31.7,47.1,6.7,34.7,37.7,141.3,38.3,35.4,14.8,21.5,57.3,164.7,48.6,39.7,44.0,70.0,69.8,32.3,36.3,105.2,101.0,26.1,18.5,4.3,53.8,16.2
21.1,38.2,31.6,49.6,100.4,36.2,155.0,104.2,108.2,97.6,82.5,68.5,80.6,26.6,20.2,56.9,32.9,37.4,38.5,39.2,50.1,7.2,35.7,38.4,153.1,45.0,37.3,15.1,22.5,58.5,176.5,61.2,42.1,49.2,89.3,94.4,36.5,43.0,113.1,106.8,28.3,18.6,7.1,81.2,17.0
22.5,41.4,31.6,50.6,99.4,36.8,157.3,99.4,101.7,92.4,86.0,66.9,78.5,26.8,21.7,56.6,34.7,41.5,43.0,37.3,53.5,7.3,38.7,40.7,155.7,43.3,38.2,17.2,24.8,62.0,179.5,61.3,43.8,49.6,82.4,88.0,37.1,43.0,115.5,109.4,28.0,19.3,5.4,78.7,17.4
22.5,38.8,33.0,49.6,101.1,39.3,144.4,100.6,102.7,94.3,77.8,68.1,81.5,27.3,20.3,57.3,33.7,41.5,40.8,38.1,47.8,6.8,38.9,41.0,143.4,42.6,34.8,14.7,23.1,56.1,167.1,61.5,40.2,46.9,85.1,90.2,33.6,40.6,107.4,100.5,30.3,17.5,7.7,75.9,16.8
23.3,41.7,31.7,49.2,96.2,35.5,159.3,96.3,99.3,90.0,85.9,66.3,79.8,27.8,22.3,56.5,33.6,38.7,40.5,39.0,50.4,6.8,36.2,38.8,157.0,43.7,38.8,17.2,22.9,61.6,182.5,57.9,45.7,52.8,77.8,82.4,36.8,43.7,115.7,108.6,31.8,22.0,6.6,74.3,17.1
23.4,41.5,34.8,50.3,105.2,39.0,162.2,102.7,103.2,91.8,93.0,66.2,76.2,28.2,21.4,57.3,37.5,42.2,42.8,39.3,54.8,6.4,39.0,41.6,161.8,44.9,40.5,16.8,23.9,68.6,187.9,64.5,42.0,47.2,84.5,84.7,37.7,43.1,121.6,115.0,28.2,18.3,5.7,90.0,19.1
20.6,38.3,30.5,44.8,90.6,36.4,146.8,90.5,92.5,84.1,79.1,59.1,69.6,25.8,20.7,55.1,31.8,36.7,38.4,36.2,46.9,6.9,35.6,39.2,145.1,38.3,35.7,15.6,21.9,57.8,169.5,52.5,43.5,49.5,76.5,79.0,35.7,40.1,105.7,99.5,27.2,17.0,6.4,63.3,16.1
22.7,41.3,33.1,51.5,99.4,38.4,153.3,102.8,104.8,95.7,85.4,61.6,74.7,27.8,21.0,55.5,34.7,42.1,41.8,40.7,52.0,7.0,37.2,40.8,152.2,42.3,37.0,16.4,25.2,62.1,176.8,61.5,45.0,51.3,86.5,90.4,36.0,42.6,112.2,105.0,28.1,18.1,7.2,81.0,18.4
21.5,38.0,33.5,49.7,100.6,38.6,150.4,100.7,103.2,95.3,86.3,64.5,71.3,27.3,21.1,54.8,32.8,39.7,40.0,38.4,50.8,7.3,38.6,40.3,149.6,43.2,36.6,14.7,23.2,60.4,173.4,62.0,41.7,45.3,84.8,86.1,36.9,40.7,110.4,106.7,25.2,17.3,3.9,77.9,16.2
22.6,39.3,33.5,50.7,99.2,39.3,141.5,100.0,103.7,95.5,75.7,66.0,79.5,27.3,21.9,55.5,31.4,37.8,38.3,37.3,45.1,6.1,39.0,42.4,141.7,44.3,34.4,14.1,25.4,54.8,164.9,60.2,38.6,45.0,85.5,87.3,33.9,40.9,104.4,97.8,28.9,17.6,7.3,77.4,17.2
24.1,41.0,36.0,50.3,103.5,41.8,161.2,100.8,104.3,94.1,90.7,64.6,76.0,29.6,22.7,58.6,37.5,40.1,40.8,41.6,52.9,7.6,39.7,43.4,159.7,46.2,39.6,15.8,23.2,64.3,184.8,62.0,44.7,51.2,86.2,90.5,37.5,43.8,118.4,111.9,29.4,17.6,6.7,91.5,18.8
20.4,40.3,30.0,48.6,95.5,34.8,160.5,96.7,99.6,90.8,91.3,60.2,75.2,26.3,20.3,55.9,33.6,40.8,41.1,37.8,54.2,7.1,37.3,40.8,159.2,41.0,38.5,15.7,25.2,63.1,183.7,60.2,42.2,49.9,81.8,80.4,36.0,43.7,119.6,111.5,28.1,16.8,8.6,75.4,16.5
22.7,43.1,36.0,51.4,104.7,38.8,158.2,102.8,103.5,97.1,91.0,63.4,77.7,29.7,21.8,60.6,38.0,41.2,43.3,43.0,54.1,6.2,42.2,44.2,155.7,45.6,39.2,16.2,24.3,64.1,179.2,63.7,43.3,51.1,94.6,95.2,34.8,43.0,117.8,110.1,27.7,16.2,7.8,93.7,18.7
22.5,40.0,31.5,47.6,97.6,37.8,151.0,100.7,99.6,95.8,81.7,65.8,78.0,27.0,20.5,56.7,33.3,37.0,38.3,38.3,48.7,6.9,36.0,37.4,150.4,43.8,36.5,15.0,22.2,59.1,174.4,57.7,43.5,50.5,82.9,85.7,37.9,44.0,110.3,103.4,29.7,18.7,7.3,75.3,17.3
17.7,35.2,26.8,41.5,84.6,31.1,141.6,79.7,83.8,75.6,79.6,55.0,66.3,22.3,18.2,51.8,28.8,32.5,33.9,31.9,46.6,6.5,33.9,36.6,142.2,35.8,32.3,14.6,20.6,55.0,165.2,47.2,37.8,43.1,65.3,68.4,33.5,39.5,105.7,99.1,27.4,16.2,6.2,49.8,14.3
20.4,39.5,31.5,46.4,92.7,37.1,137.1,96.8,98.7,89.4,71.6,58.2,74.9,25.3,19.5,56.8,30.0,38.6,40.7,36.0,44.3,6.4,37.7,40.4,135.2,42.5,33.0,15.5,21.9,53.9,159.6,56.6,41.0,48.9,83.9,88.3,32.5,41.1,99.0,90.0,27.9,15.0,8.8,67.3,16.6
23.8,39.2,39.5,53.3,112.8,42.8,159.4,116.3,113.5,110.3,87.3,72.4,90.2,29.7,22.1,59.2,35.5,45.5,44.3,43.3,52.9,7.5,42.6,44.2,158.5,49.0,39.1,13.4,24.5,63.6,184.4,70.9,43.2,51.9,99.7,109.6,38.3,47.1,118.3,109.1,31.3,19.0,9.3,109.2,18.3
23.2,38.8,38.0,50.6,102.4,39.3,158.4,111.8,111.8,106.3,83.3,69.5,84.0,30.3,23.5,59.9,34.8,40.8,41.0,41.7,51.5,7.0,41.4,43.8,157.0,50.7,37.7,13.7,22.4,61.1,182.1,60.6,47.0,54.1,101.4,103.4,41.4,47.8,114.1,106.4,29.6,18.1,7.8,99.2,19.3
20.1,40.5,31.2,46.6,96.8,36.0,143.2,93.7,95.0,88.4,75.8,63.3,74.4,25.3,19.7,56.8,31.0,37.0,38.6,37.6,46.6,5.6,35.7,39.3,140.8,41.9,36.2,15.9,21.3,59.0,165.6,59.2,42.1,47.7,83.0,87.7,34.5,40.2,103.3,97.5,25.4,15.5,5.8,68.5,16.5
22.2,41.0,34.5,50.8,100.6,39.4,149.7,104.3,108.6,97.2,80.7,63.5,80.3,28.7,21.5,53.6,34.0,40.9,41.3,37.8,48.9,6.2,37.8,40.7,148.0,46.3,36.6,15.5,24.8,59.6,172.2,60.9,40.7,48.9,87.0,89.9,33.0,42.0,111.1,102.2,30.2,18.3,9.3,80.5,17.4
22.1,40.2,35.1,48.4,96.0,36.7,158.5,98.3,101.5,92.3,86.2,63.8,77.0,28.5,21.4,56.6,34.9,38.4,39.9,37.5,52.4,6.8,37.1,39.8,156.0,46.7,38.7,15.3,20.6,62.7,180.4,58.5,45.2,52.0,82.3,84.8,36.0,43.2,115.9,109.1,28.7,19.6,7.6,77.6,17.4
22.3,38.3,31.2,47.2,96.0,36.1,145.5,101.9,102.2,95.5,81.1,65.9,74.7,26.7,21.6,56.5,33.5,40.7,40.9,36.8,47.4,6.2,36.6,38.8,145.4,43.0,35.0,14.5,23.4,55.9,168.2,56.0,40.0,44.1,85.4,85.1,33.9,38.0,108.6,103.6,28.9,21.1,4.9,72.5,17.3
24.0,40.4,36.5,50.5,106.0,39.8,157.7,98.0,101.3,91.9,85.2,65.0,81.7,29.0,23.4,57.4,35.7,45.0,45.0,40.5,52.1,7.2,41.2,42.5,155.5,45.3,37.1,14.4,22.4,63.6,182.0,65.4,43.7,52.7,82.9,87.8,37.1,46.5,115.6,106.0,31.8,16.8,9.9,89.5,19.4
22.7,40.0,34.0,49.5,99.2,36.9,148.0,99.6,102.7,93.1,80.3,63.0,74.2,27.8,22.4,56.5,33.1,42.0,41.1,36.8,49.0,6.4,38.8,42.3,147.3,46.2,35.8,15.3,24.8,59.0,172.1,59.4,41.3,47.0,86.1,90.8,34.9,41.2,108.7,102.5,27.6,17.7,6.3,77.9,18.0
24.5,42.6,35.7,50.9,103.2,38.9,150.6,100.6,104.6,91.8,83.6,66.8,81.4,28.9,23.0,54.5,36.8,42.3,43.1,41.2,50.5,7.1,37.2,40.6,150.7,43.8,36.2,15.9,25.1,61.0,175.0,64.3,37.9,44.5,85.7,86.6,34.7,42.0,114.5,106.8,30.1,19.4,6.9,84.2,19.1
21.9,40.0,34.4,50.0,99.2,35.1,145.8,98.5,102.2,92.7,79.1,65.1,77.4,28.1,21.2,55.4,32.0,40.5,42.0,38.3,48.1,7.5,38.3,40.7,145.0,45.7,35.2,15.0,23.6,56.2,169.4,59.8,40.2,46.1,82.8,88.2,34.3,40.7,107.3,100.6,28.9,17.5,6.8,76.7,17.4
21.8,39.7,29.0,48.3,96.4,35.7,147.3,92.8,97.5,87.4,78.1,64.5,73.7,26.0,20.9,59.0,33.4,38.7,40.1,35.3,46.8,6.1,38.2,40.7,146.3,43.0,36.4,15.2,23.0,58.4,171.2,55.8,41.4,46.1,78.7,79.3,36.3,41.4,106.7,101.4,28.9,21.0,5.3,69.1,17.2
22.6,42.2,36.4,50.6,101.1,37.7,157.0,100.8,105.1,93.6,92.2,58.4,75.2,29.5,23.3,56.2,35.3,38.6,39.4,40.0,53.8,6.0,39.1,42.6,155.9,44.6,39.7,16.0,24.4,64.2,180.1,61.9,38.5,47.2,83.9,82.4,32.3,41.1,119.7,111.0,29.3,15.0,9.5,84.8,17.6
21.7,39.1,35.5,48.0,95.4,38.1,149.4,98.8,103.5,90.3,80.2,66.7,74.2,27.2,20.9,59.6,32.9,36.5,37.1,38.4,48.6,6.0,37.9,40.9,148.1,42.6,35.4,15.3,21.5,57.4,171.3,60.0,42.6,46.3,79.8,81.1,35.1,38.9,109.7,105.4,27.6,21.4,3.6,77.1,17.3
19.9,37.8,27.1,43.5,85.1,33.3,149.8,81.4,85.7,75.2,85.5,60.5,66.5,23.0,20.0,53.2,31.5,37.1,38.2,34.5,50.5,6.8,31.6,35.1,147.7,38.6,36.2,15.2,21.0,59.3,173.5,48.7,42.0,45.0,67.0,68.8,35.2,38.1,109.6,106.7,27.0,20.6,3.4,53.6,15.9
21.0,37.6,36.0,52.6,103.2,38.5,147.6,107.2,110.5,103.5,76.9,70.3,79.7,28.2,21.0,53.6,32.9,39.6,39.8,38.5,47.9,6.5,39.7,41.8,148.4,46.9,36.2,13.4,25.4,58.2,170.2,62.6,40.3,45.3,94.4,95.3,36.1,40.7,108.1,103.2,28.0,19.0,4.9,84.0,17.1
22.4,40.2,33.0,50.4,96.0,37.8,146.7,97.2,103.0,88.8,80.7,62.8,74.4,27.5,21.3,55.7,32.3,38.7,40.0,39.2,47.7,6.4,37.5,40.3,146.0,43.2,35.7,15.5,23.3,57.3,172.0,56.8,38.1,44.2,79.0,83.5,33.2,39.8,111.2,104.0,30.3,18.7,7.6,71.4,17.6
23.2,40.1,37.0,51.2,102.7,39.4,147.8,102.8,104.7,97.8,83.0,70.5,80.5,29.0,20.2,57.8,34.1,39.1,41.0,39.9,48.9,6.4,36.7,39.8,147.7,45.3,34.8,16.1,24.1,57.9,173.3,62.7,38.5,44.7,86.8,92.1,35.8,42.3,111.5,105.4,28.4,18.3,6.6,85.2,17.8
21.4,43.2,33.5,48.8,95.4,34.9,160.2,98.3,102.0,92.2,92.0,63.4,75.9,26.6,21.1,58.1,34.5,39.2,40.5,37.6,53.7,7.0,38.9,41.6,158.0,45.3,38.9,18.4,21.1,62.6,183.8,57.2,43.2,50.1,84.2,85.5,34.7,41.5,118.8,111.3,28.5,18.3,6.6,75.7,16.7
21.3,37.8,32.0,48.4,98.9,35.4,152.4,100.5,102.9,96.9,85.4,64.5,82.0,27.9,21.3,57.6,34.6,38.9,40.1,38.5,52.8,6.6,38.2,41.9,150.9,44.2,38.4,13.2,21.8,61.5,176.5,62.4,38.4,47.3,91.8,93.7,37.5,46.4,115.0,105.5,28.6,16.3,9.1,82.3,17.0
21.6,39.9,29.3,48.5,93.3,34.1,158.9,94.1,97.4,89.3,88.7,63.0,73.4,26.4,21.4,56.9,33.6,40.0,39.5,36.7,52.1,6.9,34.5,36.6,157.8,41.6,38.2,15.6,22.7,61.6,183.7,52.2,43.9,48.8,73.2,75.0,36.4,41.8,117.0,111.6,29.1,18.9,5.2,68.4,17.3
20.0,39.2,30.0,45.9,90.3,35.0,147.5,89.1,93.8,82.2,81.3,61.4,69.2,24.8,19.3,54.5,30.7,36.7,38.2,34.7,48.9,7.1,35.1,39.5,146.0,38.9,35.2,15.0,22.0,56.4,170.4,51.9,40.4,44.6,70.8,71.1,33.4,38.0,108.7,104.1,28.1,18.6,4.9,59.6,16.0
22.1,39.5,34.7,48.6,92.6,36.7,148.0,95.0,102.1,85.9,81.9,58.5,68.2,27.8,20.4,55.0,31.7,37.7,39.2,37.3,48.3,6.9,36.7,39.2,146.6,44.7,35.8,16.1,24.0,59.1,170.0,55.3,42.6,47.2,76.2,78.0,34.7,39.5,108.0,103.3,26.4,17.5,4.8,70.2,17.0
19.4,37.2,30.4,45.9,89.4,32.6,147.5,88.2,93.8,82.9,84.5,55.3,65.7,25.5,19.8,57.7,30.7,37.2,37.7,35.0,49.5,5.9,34.9,37.3,147.2,44.2,37.2,14.5,20.2,61.1,172.2,52.4,38.0,43.4,71.4,71.5,33.8,39.1,110.4,105.1,26.0,16.8,5.5,61.5,16.2
20.3,38.2,33.7,45.8,84.3,36.1,146.7,88.5,92.2,81.1,82.7,55.1,67.9,25.4,20.9,55.7,31.5,35.1,37.1,34.2,48.2,6.3,35.2,37.8,145.4,41.3,36.8,14.5,20.6,58.8,171.2,49.5,38.9,45.2,72.7,72.2,31.6,38.4,109.4,102.9,28.6,16.9,7.4,59.3,16.2
21.4,40.9,36.2,49.4,100.4,38.6,153.1,99.6,103.4,91.7,90.0,57.0,73.9,29.5,21.6,58.5,34.7,37.7,39.5,42.1,53.1,7.0,39.0,41.0,153.0,43.9,37.5,16.6,23.4,62.2,179.5,62.9,38.9,46.9,83.0,79.0,32.8,41.4,115.9,107.0,28.0,14.3,8.8,85.5,18.0
20.9,37.6,29.7,44.4,87.8,32.2,148.1,90.6,93.2,84.1,85.0,57.2,64.1,25.8,20.7,56.3,31.7,39.4,38.8,35.0,49.4,6.4,35.3,38.3,147.0,39.7,35.7,14.5,22.1,57.6,172.2,49.2,41.8,45.5,71.9,74.1,34.4,38.3,108.8,105.1,27.3,17.7,4.1,60.3,17.0
21.7,36.7,31.0,46.9,89.1,37.6,148.9,89.9,94.7,84.0,80.5,63.7,74.5,26.8,21.4,56.0,31.7,38.0,38.1,35.9,48.4,6.2,34.4,37.8,149.0,41.5,35.7,13.1,22.4,60.1,174.2,51.7,39.6,44.9,74.0,75.2,37.4,42.6,110.0,104.0,28.3,20.3,5.7,66.0,17.3
20.8,39.7,33.5,48.6,95.6,37.2,156.2,96.8,100.0,88.9,85.3,62.5,73.0,27.4,20.8,56.1,32.7,39.2,39.7,38.2,52.1,7.0,35.9,40.2,154.7,43.1,36.9,14.9,21.5,61.7,180.6,57.4,42.4,47.9,78.8,84.4,36.9,42.6,114.4,108.6,28.7,19.1,6.1,73.2,16.8
23.3,42.5,36.5,49.9,98.0,38.6,152.2,102.4,106.9,95.1,85.3,56.7,75.0,30.0,21.8,54.8,35.6,40.9,42.4,39.8,50.8,6.9,39.5,41.4,151.6,44.7,37.4,16.3,23.2,61.0,175.3,61.0,40.5,50.1,83.2,87.0,35.3,44.4,113.8,104.0,30.1,15.8,10.1,81.7,18.2
22.8,39.5,34.8,52.0,103.6,40.1,151.9,113.0,115.5,104.4,83.2,61.7,81.1,28.2,21.4,56.0,34.3,44.0,41.5,40.8,49.1,7.4,38.8,42.2,150.6,49.2,37.3,14.2,24.8,62.5,175.4,62.2,41.0,51.0,97.5,96.8,33.5,44.0,112.9,102.3,30.0,14.3,10.5,89.9,17.8
22.7,42.4,33.7,48.0,99.4,37.0,160.3,95.6,101.1,91.1,89.5,67.8,75.8,28.3,22.9,56.6,35.5,39.9,41.4,38.7,54.3,7.0,39.8,42.5,158.7,44.3,39.4,16.7,23.8,62.8,184.7,57.7,43.4,47.5,85.8,87.8,38.9,43.0,118.0,113.6,28.7,22.0,4.5,79.9,18.6
21.7,42.9,32.9,49.0,97.3,38.4,168.5,95.4,97.3,89.5,94.7,66.9,80.0,28.6,22.6,57.1,35.1,42.2,43.8,38.0,56.2,6.9,40.9,44.0,167.5,44.7,39.6,17.2,23.1,63.7,194.0,56.4,45.5,52.0,78.5,80.4,39.0,46.1,123.8,117.1,31.8,18.8,7.7,80.4,18.1
21.3,41.9,28.6,47.8,99.4,34.8,157.6,96.0,100.2,94.1,86.1,63.3,81.4,26.1,21.2,58.2,35.0,38.0,39.8,37.9,52.4,6.0,38.9,41.5,156.9,41.3,38.3,17.0,23.2,60.9,180.4,58.8,42.4,52.0,89.2,95.3,34.4,42.9,117.2,107.3,30.3,17.5,10.1,78.0,17.0
20.0,39.2,34.4,50.2,98.0,37.5,152.7,103.9,106.4,97.3,87.5,67.9,77.0,27.2,20.8,55.4,33.9,43.2,41.9,37.0,52.3,6.2,37.5,40.1,152.1,43.9,36.6,14.8,23.1,59.6,177.3,58.2,41.5,45.9,86.7,88.2,34.2,39.3,114.2,109.3,28.0,19.2,5.1,78.5,16.8
22.2,40.2,32.2,47.7,95.6,37.6,149.8,94.4,98.1,86.3,86.9,60.7,73.4,28.3,22.5,56.9,35.2,37.3,39.6,39.5,50.9,7.3,37.1,40.0,148.7,43.3,36.2,14.3,21.9,58.7,171.8,59.2,38.4,45.5,79.9,82.5,32.8,40.1,112.8,105.8,27.8,17.6,7.7,74.7,17.7
23.8,39.4,35.5,52.0,101.3,40.4,144.6,104.7,107.0,97.6,74.5,67.6,79.7,28.8,21.2,56.3,33.0,40.1,40.6,39.3,44.7,6.1,38.0,40.4,143.4,46.2,33.7,14.7,23.8,55.3,169.4,62.9,40.7,46.8,92.1,90.9,36.0,41.7,105.2,99.0,30.8,19.0,5.7,83.3,18.5
21.6,39.1,33.1,46.9,93.4,35.2,155.7,95.4,99.5,90.3,87.5,65.0,74.0,27.3,21.4,55.7,34.1,37.4,37.5,36.7,52.2,6.3,35.6,38.0,154.6,43.3,38.4,15.0,22.1,63.0,180.7,54.3,44.4,48.9,79.2,81.0,38.2,42.8,113.5,108.6,27.7,19.7,4.7,74.0,17.7
20.8,40.6,30.9,46.8,87.2,34.6,145.8,89.6,93.4,83.4,81.5,57.9,65.3,25.3,20.4,57.0,33.8,36.8,38.2,36.1,48.4,6.2,34.4,37.2,144.9,39.9,36.4,15.3,21.5,62.2,171.0,51.2,41.0,44.3,68.6,69.0,37.5,41.4,105.6,101.9,24.1,16.5,3.4,62.2,16.7
21.9,40.5,30.5,49.2,101.3,39.3,155.4,94.4,97.2,90.4,91.2,59.0,75.5,27.7,21.2,57.8,36.3,36.0,38.3,40.4,54.1,7.4,38.8,41.4,154.3,42.5,39.0,15.0,20.0,64.8,180.5,64.6,39.3,47.1,90.2,92.6,33.9,42.8,117.7,109.4,27.5,16.1,9.1,84.3,17.2
20.7,40.4,33.7,48.8,100.3,38.0,149.5,103.0,104.9,94.4,77.7,66.2,76.7,26.8,21.2,56.7,32.5,39.6,40.5,38.7,47.8,6.6,38.1,40.9,147.4,43.0,36.7,15.9,23.7,58.4,172.6,63.0,43.4,49.1,83.8,88.9,37.6,43.1,107.7,102.4,28.6,19.2,5.9,78.3,16.6
24.3,41.2,38.5,54.5,110.4,40.2,159.9,121.0,118.8,112.9,89.4,67.6,76.0,30.9,22.9,58.0,36.5,43.0,44.4,43.2,51.3,6.9,42.9,43.8,159.3,53.8,40.0,14.5,25.8,64.1,184.1,66.6,47.6,53.0,103.3,102.2,42.1,46.3,114.5,109.0,26.8,19.0,5.4,104.3,19.7
22.7,39.5,32.8,48.8,101.1,40.6,154.3,98.9,103.3,91.4,85.1,62.8,74.5,27.7,21.4,56.3,35.5,42.0,42.5,39.6,50.5,6.7,37.2,39.7,152.0,42.1,37.3,16.3,23.7,60.1,178.2,63.0,42.7,48.9,80.8,85.5,37.3,43.6,113.1,107.0,29.3,18.2,6.5,82.0,17.2
22.7,42.4,37.9,50.0,108.0,38.8,161.0,99.5,105.4,92.1,93.5,66.1,76.8,28.5,21.2,56.8,37.1,40.5,40.7,39.6,55.6,6.8,40.6,43.3,160.0,46.9,39.9,16.1,23.4,67.0,185.5,66.3,42.3,48.2,85.2,89.0,36.3,42.2,120.7,114.4,29.5,19.7,6.6,91.8,17.6
21.1,38.0,31.0,45.5,93.1,35.7,147.8,90.4,95.1,83.7,80.8,59.8,67.5,26.0,20.6,55.8,31.2,36.1,36.3,36.9,47.9,6.0,35.6,37.5,146.9,40.3,36.3,14.5,22.0,58.2,171.7,56.7,41.0,45.3,72.9,75.7,36.2,40.0,107.7,103.2,26.4,18.1,4.3,65.3,16.2
24.1,39.8,32.0,49.1,100.6,39.5,162.3,99.2,103.2,95.6,90.5,68.0,78.4,28.7,22.3,58.0,37.6,41.6,41.2,41.2,53.2,7.5,37.8,41.2,160.8,45.9,40.1,15.7,24.2,64.5,187.1,58.3,43.8,49.0,84.1,86.8,35.4,41.5,120.9,115.3,31.7,22.0,5.6,84.2,18.7
20.3,40.2,31.5,48.5,91.5,35.2,151.8,98.5,101.6,92.9,84.6,60.4,73.3,26.7,21.0,56.9,33.6,38.6,39.5,36.4,51.4,5.9,37.3,40.6,150.8,41.5,36.6,15.2,22.0,60.2,174.7,53.6,38.6,45.9,82.5,79.4,32.7,40.4,113.7,106.6,30.1,17.3,7.7,69.4,16.3
24.1,39.4,35.5,52.4,110.2,40.7,151.1,105.0,105.7,98.2,80.5,73.1,85.0,27.8,20.7,55.4,34.1,40.6,40.3,42.9,48.1,7.0,38.1,41.0,150.8,45.8,36.3,14.7,25.0,59.0,175.6,65.7,42.6,48.2,90.3,97.0,38.4,43.8,110.1,103.8,29.5,19.7,6.0,90.3,17.2
22.8,39.2,36.6,51.0,103.4,40.2,151.4,104.7,105.6,99.6,81.6,67.7,77.0,27.2,21.4,59.2,34.9,42.4,42.7,38.9,50.3,6.7,38.8,41.7,150.8,46.4,36.6,14.8,23.2,60.7,173.8,63.9,41.5,46.8,87.4,89.9,36.0,41.0,111.3,107.0,28.4,19.2,5.6,86.8,17.6
24.2,43.0,39.7,54.0,114.1,41.4,161.5,110.8,112.1,101.7,90.5,69.6,79.5,31.0,23.2,57.9,37.5,41.9,41.8,41.9,55.2,6.9,42.2,44.2,161.1,47.5,40.1,16.5,24.3,64.8,184.5,68.4,43.1,47.7,93.5,96.9,37.0,43.1,119.9,113.7,28.4,18.5,5.1,103.5,18.0
21.3,38.6,31.5,48.5,94.3,33.9,147.7,95.6,101.7,88.2,79.7,64.1,77.0,26.4,20.4,54.9,32.0,43.4,42.4,35.8,48.8,6.9,38.4,41.4,147.0,44.3,36.5,13.5,23.8,59.3,171.8,55.0,39.1,45.5,79.9,82.7,34.0,40.5,109.0,102.9,29.1,18.5,6.8,67.9,16.8
21.3,41.5,35.2,49.6,92.5,36.1,152.4,92.4,97.4,86.2,88.3,59.4,71.0,28.4,21.2,56.0,34.4,38.0,39.4,37.2,51.3,6.7,37.5,40.4,152.6,42.3,37.4,15.2,22.1,61.4,176.6,56.1,38.4,44.9,78.4,75.4,33.2,39.9,115.2,108.4,28.2,17.5,7.2,73.3,17.2
22.2,42.7,35.3,54.1,108.0,40.4,162.2,110.9,114.1,104.0,91.2,72.7,83.5,29.0,23.2,57.3,35.7,43.0,42.2,40.6,54.3,6.2,38.6,41.2,160.6,47.2,40.2,15.7,25.0,65.9,187.2,64.0,44.4,50.6,96.1,102.5,36.5,42.7,121.1,114.7,31.2,18.9,6.6,98.7,18.1
22.9,39.1,35.5,49.7,99.5,38.9,150.6,96.5,101.9,91.6,79.3,65.0,75.4,28.5,22.3,55.6,33.3,43.1,43.6,38.3,47.2,7.2,40.0,43.4,149.4,45.5,36.1,15.0,22.1,58.2,174.3,58.6,45.2,50.7,82.4,84.5,36.7,42.2,108.1,102.2,30.1,18.7,6.3,79.2,17.8
23.7,39.0,32.2,47.6,99.4,39.8,149.9,94.6,98.3,89.5,80.3,61.3,73.6,27.9,22.1,56.6,35.7,39.4,39.8,38.7,49.4,7.9,40.2,41.9,147.8,43.0,36.3,14.7,23.9,59.9,172.6,61.0,42.9,49.5,82.0,83.1,35.7,41.5,109.5,102.9,27.7,18.2,7.5,76.5,17.1
23.9,36.1,40.0,54.0,113.5,43.8,153.7,105.8,110.5,99.1,86.0,73.1,81.1,30.4,22.1,59.9,36.6,40.7,39.5,41.6,51.1,7.0,39.5,41.9,154.1,48.3,37.1,12.6,24.2,59.2,178.5,71.7,41.1,45.7,89.1,96.9,38.5,43.1,113.5,108.0,29.4,20.7,5.0,100.4,18.0
24.9,40.0,38.0,52.6,107.5,43.5,158.9,109.3,112.1,99.0,86.7,68.8,79.3,29.3,22.0,57.5,35.3,42.0,41.7,40.7,50.5,6.7,39.2,41.9,157.4,46.2,38.2,15.3,23.5,62.5,184.2,66.6,46.2,51.2,92.9,94.4,38.7,44.3,115.4,110.7,30.1,20.3,5.3,94.0,19.1
20.8,40.6,31.1,47.7,90.5,33.0,151.6,91.1,93.8,84.3,81.8,60.1,71.1,26.5,20.8,57.7,33.5,38.0,39.2,36.6,50.3,6.8,37.2,40.7,150.5,39.6,35.2,15.5,22.0,58.9,177.4,51.4,43.2,48.3,73.1,74.3,36.8,42.8,110.2,103.7,28.4,17.9,5.9,65.5,17.4
23.3,37.8,34.4,46.6,104.2,39.3,159.3,94.0,98.2,87.4,88.3,65.3,79.5,28.5,21.4,57.5,34.0,35.9,36.7,41.1,51.0,7.5,37.5,40.6,158.9,44.1,37.3,14.2,21.7,60.6,185.5,63.8,44.4,51.9,79.0,84.8,38.1,45.0,116.1,108.6,29.1,18.6,7.5,84.7,18.0
22.8,39.2,34.8,49.5,100.0,39.2,152.4,99.3,103.2,92.5,82.7,64.5,75.0,28.0,23.0,57.6,35.0,41.8,41.3,39.0,49.4,7.0,38.4,41.0,151.5,45.3,36.1,15.3,23.1,58.0,175.3,63.4,45.1,50.8,80.5,86.7,36.7,42.2,110.2,104.8,28.3,17.9,5.7,82.4,18.7
23.7,43.4,34.0,50.5,96.7,38.8,154.0,101.5,108.3,93.2,85.3,64.0,71.5,28.4,22.3,55.8,35.2,44.0,44.6,39.2,50.4,7.3,38.2,42.1,153.5,45.0,36.2,17.8,24.3,58.4,180.0,57.4,42.1,45.9,79.2,81.0,37.1,41.3,112.8,108.9,27.1,19.4,4.3,80.8,18.8
24.1,41.5,34.5,51.5,101.9,39.8,158.4,101.3,105.5,92.3,89.9,66.9,81.2,29.4,21.6,57.4,37.1,42.0,42.1,41.5,54.5,6.5,36.7,39.1,157.6,43.7,39.9,16.6,24.6,65.8,182.0,66.1,40.6,49.2,86.0,91.8,34.4,42.2,119.7,111.5,29.4,18.0,8.1,89.5,18.7
22.0,40.1,32.0,49.7,98.4,39.4,150.5,98.7,103.4,94.0,85.1,64.1,72.0,27.4,21.2,57.2,33.8,40.5,41.1,36.8,50.1,7.3,36.7,39.2,149.6,43.9,36.6,15.7,22.7,60.0,175.2,58.5,41.2,45.2,79.7,82.1,36.1,40.3,111.8,107.8,27.9,19.6,4.8,74.1,17.1
20.8,37.5,30.4,45.5,94.6,33.7,152.9,93.3,93.9,84.0,82.4,60.3,77.5,26.7,21.3,56.8,33.2,38.1,40.0,35.8,49.6,7.0,35.7,38.9,152.1,43.8,34.7,15.4,22.8,56.7,176.8,54.0,42.0,50.9,81.3,85.6,34.4,43.6,112.2,102.8,30.6,18.0,9.6,69.5,16.8
22.0,35.5,31.2,44.7,101.1,37.0,150.4,94.3,96.7,90.5,84.4,60.5,78.1,27.6,21.2,55.6,35.0,36.1,35.1,39.7,51.5,7.2,38.2,39.8,150.2,44.0,36.6,14.2,20.0,58.8,173.4,58.2,38.4,47.7,89.4,92.7,33.9,42.9,114.2,104.5,28.5,15.0,9.9,76.7,18.0
22.9,41.4,34.5,50.2,101.8,41.6,159.3,100.9,103.4,95.7,87.6,65.9,85.0,29.0,22.7,57.2,34.9,35.0,36.1,39.7,53.0,7.6,37.4,40.2,158.0,46.0,40.6,15.5,23.1,65.6,183.6,63.9,43.7,53.2,90.7,97.9,36.8,47.3,118.0,108.4,29.8,16.2,10.2,88.8,19.1
21.2,40.0,34.2,49.0,95.3,39.8,143.4,99.8,103.1,93.8,79.9,63.1,73.0,26.3,20.8,54.7,33.5,38.2,40.3,39.1,48.3,6.4,37.1,39.8,142.1,44.2,33.7,15.0,22.7,57.0,164.3,58.5,38.1,43.4,86.7,87.7,33.5,39.1,107.1,100.8,27.3,19.1,6.0,76.8,17.1
21.0,37.4,32.7,45.2,91.0,36.1,148.6,93.9,96.8,89.1,84.9,58.4,69.1,26.0,22.5,53.8,33.2,36.1,36.5,36.2,50.5,6.1,35.6,38.4,147.3,43.6,37.7,13.1,20.0,59.5,170.3,54.1,41.0,46.8,79.7,82.5,31.3,36.7,110.0,104.1,25.7,17.0,5.6,67.4,16.9
23.1,42.2,30.3,48.9,94.6,37.9,155.0,94.2,98.9,87.8,86.3,59.6,74.1,26.2,21.0,55.6,34.4,40.8,41.6,37.9,51.9,6.7,38.7,41.5,154.2,43.0,38.6,16.7,24.8,63.1,179.2,56.3,42.8,49.7,80.1,81.1,34.8,42.3,114.7,107.7,28.5,17.8,7.8,74.3,17.4
22.0,39.5,41.5,50.3,98.3,37.9,158.9,103.3,107.6,91.4,94.7,62.3,75.2,29.5,21.7,57.5,34.3,41.6,42.3,38.2,55.0,7.2,39.8,42.4,158.8,46.8,37.4,16.2,23.2,63.4,183.5,59.8,40.0,46.3,84.7,84.2,32.7,39.8,122.2,116.0,28.6,17.9,7.1,85.2,17.7
20.5,40.1,30.5,48.2,89.0,34.4,145.0,96.1,98.5,87.4,80.4,60.0,67.2,24.8,19.7,53.6,31.4,38.4,38.2,34.9,46.5,6.5,35.5,38.4,143.6,40.2,34.8,16.7,22.1,57.7,166.4,52.1,41.3,44.8,75.5,75.9,35.2,39.2,105.6,101.8,25.6,18.9,3.8,60.6,16.3
23.0,39.3,34.8,50.9,95.1,37.5,144.6,100.1,104.6,93.6,78.8,62.2,71.6,27.1,20.0,56.1,32.9,39.7,39.8,36.9,47.0,6.5,37.8,40.8,144.1,44.5,35.1,14.1,24.0,55.4,169.5,59.1,40.6,45.4,80.3,82.7,36.4,41.6,104.5,99.2,26.7,19.0,5.1,74.0,17.0
21.0,40.1,30.3,44.4,84.1,35.8,144.9,86.4,89.7,78.7,84.0,53.0,65.1,25.4,21.3,56.5,33.4,35.4,36.7,34.1,49.2,6.0,35.8,38.2,143.5,37.2,35.0,16.7,21.3,58.4,168.5,51.3,36.8,42.3,72.5,70.7,32.2,39.3,108.6,102.4,27.4,14.8,7.0,58.6,16.4
21.0,41.1,30.5,47.4,91.9,34.8,156.4,90.4,95.2,83.2,85.7,59.9,73.2,25.2,21.2,56.8,33.1,40.6,41.5,34.1,51.8,6.6,38.1,41.1,155.7,41.7,37.7,15.5,24.4,60.5,182.0,52.8,42.6,50.1,74.6,78.5,35.3,42.0,114.9,108.3,29.3,19.4,7.1,66.8,16.5
22.7,40.8,35.6,52.5,105.1,40.9,151.2,106.9,107.0,100.7,82.0,67.3,80.5,29.3,22.1,57.8,34.8,40.1,40.6,40.7,49.9,6.5,40.8,43.1,150.5,48.3,36.2,15.6,24.6,59.4,174.3,62.3,43.5,50.7,97.7,105.7,35.6,42.1,111.3,104.3,28.9,18.3,7.6,91.5,18.1
23.0,40.9,33.8,50.8,102.7,38.0,146.0,100.3,105.8,95.2,79.2,63.0,78.6,28.4,22.9,56.1,33.9,41.9,41.4,39.5,48.7,6.0,38.9,41.4,145.8,46.3,35.0,16.6,22.2,56.5,170.3,65.5,40.0,48.7,87.2,87.1,33.2,41.4,108.4,99.9,28.5,15.0,9.0,81.2,18.1
21.2,39.4,32.5,47.8,91.0,35.7,146.5,92.2,97.9,86.5,83.9,59.7,71.0,25.8,20.8,56.0,33.7,36.5,38.6,34.9,49.8,6.3,37.4,40.2,146.6,41.0,35.8,15.3,22.0,59.2,169.4,55.0,37.4,42.9,74.5,72.6,33.5,39.7,109.6,103.8,27.6,18.5,6.1,65.5,16.3
24.1,42.0,37.1,54.4,108.7,41.4,156.7,107.8,112.3,100.5,89.0,61.6,81.6,29.5,21.7,58.2,34.4,45.0,45.1,42.2,52.6,6.6,41.8,45.0,156.0,49.2,39.7,14.7,26.4,66.7,180.8,68.7,40.7,50.5,97.7,100.3,32.9,43.0,117.2,107.3,31.2,16.3,11.3,97.8,18.6
18.5,37.8,31.0,43.9,84.7,33.0,142.2,81.8,85.5,77.0,79.8,61.6,71.8,24.4,19.2,55.1,31.1,33.2,36.0,33.5,47.0,6.0,34.3,37.5,141.0,38.2,34.0,15.8,20.7,55.5,165.4,49.7,36.9,41.7,71.1,72.2,31.5,36.6,106.1,100.5,27.8,18.0,5.0,55.7,15.3
23.2,40.0,32.7,48.7,98.5,38.2,165.3,90.9,95.1,85.6,95.0,64.2,78.4,28.5,23.5,57.4,38.1,34.6,35.6,41.1,56.6,7.2,37.5,39.5,165.0,44.8,40.8,14.8,21.0,67.5,191.5,59.5,41.5,48.1,80.6,81.4,34.6,41.0,126.0,119.4,29.6,19.3,6.2,84.7,19.2
21.4,38.7,32.8,49.6,97.0,37.2,140.5,96.5,97.2,92.1,76.6,55.9,73.1,26.6,19.6,55.5,30.8,40.1,39.6,39.0,45.3,6.8,36.8,40.0,140.2,41.5,33.2,15.7,22.2,55.3,164.5,59.6,38.5,47.2,87.1,89.7,33.1,42.9,103.8,93.8,27.1,13.7,9.7,70.8,16.2
21.7,40.8,38.0,50.1,99.2,36.9,152.4,104.4,107.4,95.1,85.4,66.7,73.9,29.6,23.2,55.5,33.8,39.2,39.8,39.1,52.7,6.7,39.6,41.8,152.3,46.3,36.0,15.3,22.4,60.1,176.0,62.2,39.5,43.6,85.3,85.3,35.6,41.4,115.2,110.8,27.7,21.0,4.2,82.7,17.7
22.3,39.2,36.6,51.2,106.2,39.7,152.5,106.6,109.4,98.4,87.0,64.2,77.0,28.1,22.1,58.5,36.1,44.4,44.2,39.1,53.2,6.4,38.5,40.7,151.1,48.9,37.8,14.5,21.7,64.6,175.4,64.0,38.2,45.0,92.5,96.6,32.3,38.3,116.2,108.1,29.3,18.0,7.4,88.1,18.3
22.2,41.7,36.0,54.6,108.0,38.5,150.0,113.5,113.8,107.8,77.4,66.2,88.0,28.3,21.0,52.9,33.9,42.4,43.0,37.6,48.3,7.1,40.7,43.8,148.7,48.4,36.2,16.7,24.5,59.0,171.7,65.3,42.4,52.9,105.0,105.0,36.0,47.6,110.2,98.2,30.2,16.3,11.7,93.1,17.5
21.1,38.0,39.0,53.5,107.6,37.3,144.0,114.6,115.4,108.3,74.9,74.2,87.0,29.5,20.8,57.5,32.5,42.9,42.5,40.9,47.3,6.6,44.0,45.2,143.7,51.3,35.1,13.7,24.0,56.9,165.8,68.3,41.6,49.0,104.0,108.2,36.6,43.2,105.7,98.6,29.0,16.2,7.4,91.2,17.9
24.7,41.6,34.2,51.1,106.8,42.0,162.9,105.1,106.7,98.6,88.5,72.8,77.8,29.2,23.1,58.2,36.3,38.6,38.8,40.7,52.1,7.9,40.1,44.3,161.7,48.5,38.2,15.0,22.3,62.2,186.2,61.8,47.6,50.3,89.9,93.0,39.0,42.3,117.2,114.4,29.5,24.1,2.8,93.9,19.0
24.5,42.6,37.0,52.5,113.8,44.1,155.8,107.2,108.8,99.3,85.9,71.6,87.1,29.6,21.9,57.4,37.5,42.2,43.4,43.9,51.9,7.1,40.4,43.7,155.2,47.3,37.9,15.8,24.2,62.7,179.1,72.5,42.5,50.0,91.1,97.4,34.6,42.7,116.5,108.0,30.1,16.5,9.0,103.0,18.1
21.7,37.5,31.5,46.4,89.5,35.9,149.4,93.8,98.5,89.0,81.5,62.7,73.3,26.5,20.3,56.0,33.6,42.5,41.1,37.5,48.2,7.1,36.7,40.1,148.6,42.2,36.5,14.1,22.0,59.1,173.8,55.4,41.0,46.2,78.3,79.9,36.3,41.8,109.5,103.7,26.9,18.1,5.3,68.8,17.4
22.0,36.7,31.2,45.6,90.2,36.0,143.7,93.3,95.6,89.9,78.3,61.6,66.6,27.0,22.6,55.0,33.8,37.0,37.4,36.7,45.6,6.0,38.4,40.9,142.8,42.4,36.0,14.5,21.9,57.9,166.2,53.4,41.5,44.0,75.1,75.1,34.3,37.3,103.8,101.4,25.2,17.9,2.5,64.6,18.0
20.8,41.2,30.9,49.1,95.6,35.5,156.8,97.8,100.2,91.2,87.5,65.2,77.9,27.0,21.0,56.3,34.8,39.9,41.0,37.4,52.2,6.9,36.7,40.3,156.1,42.6,38.0,16.5,22.5,62.5,181.3,55.9,40.4,47.9,84.3,91.1,35.4,42.4,117.2,110.3,30.7,18.8,7.1,74.9,17.6
21.8,39.5,35.8,50.5,100.4,37.0,154.6,101.2,105.7,94.4,88.6,69.4,80.4,28.6,21.3,56.8,36.6,44.1,43.5,38.8,54.4,7.4,39.3,42.5,154.4,47.8,38.9,14.7,24.2,63.0,178.6,63.0,38.8,45.1,85.4,85.2,33.7,39.2,117.3,111.6,28.6,19.0,6.4,81.9,17.2
23.5,40.1,37.8,52.7,104.7,41.3,141.7,106.1,108.4,99.8,76.2,66.1,79.8,27.8,21.1,57.0,34.5,42.1,42.2,41.2,46.1,6.4,42.3,44.2,141.2,46.2,34.3,14.7,25.6,55.1,164.1,63.6,38.3,45.4,89.5,92.8,33.5,40.3,105.0,98.0,29.5,16.7,7.0,84.2,17.0
21.8,41.8,36.5,49.4,105.0,36.4,148.0,104.4,106.3,99.6,81.2,63.1,80.6,29.7,22.0,56.3,35.8,44.2,44.9,41.1,49.8,6.2,39.8,42.5,146.2,45.4,35.6,15.4,22.0,58.6,168.5,64.1,38.5,47.6,92.9,96.5,30.7,40.6,111.7,103.2,28.3,18.1,10.1,85.2,18.0
22.5,40.5,33.0,49.0,93.9,38.0,149.4,101.4,104.4,93.5,85.4,61.7,71.3,26.7,20.7,56.6,33.3,42.6,43.1,37.2,50.6,6.9,36.4,40.5,149.5,43.8,36.8,15.4,21.9,58.3,173.9,56.6,40.9,46.1,82.5,82.8,32.8,37.3,112.0,106.5,27.0,18.1,4.9,72.9,17.2
19.8,39.0,29.5,45.4,88.8,33.4,148.4,90.6,93.4,85.4,83.4,55.5,65.0,25.2,20.6,53.5,33.3,36.9,37.6,34.5,49.9,6.9,36.1,38.4,147.7,41.1,36.3,14.6,21.7,58.8,170.5,47.9,40.6,45.6,76.3,79.3,34.4,39.5,109.2,104.2,26.4,17.8,5.6,60.5,16.8
23.5,43.4,36.5,54.5,103.5,40.0,160.1,109.6,111.9,100.0,89.0,67.0,77.5,30.2,22.3,55.0,36.6,45.4,45.4,40.3,54.5,7.1,40.0,42.8,158.6,45.9,38.7,17.7,25.5,62.8,183.7,61.7,44.1,49.7,88.0,92.0,36.8,42.5,117.8,111.9,28.3,19.1,6.2,88.6,18.5
23.2,37.8,34.5,48.8,104.8,40.0,146.5,95.6,99.8,89.3,80.4,64.7,79.1,27.8,21.0,57.3,33.3,38.0,38.0,38.8,46.6,6.6,36.6,37.9,146.1,44.6,35.6,14.6,22.7,57.1,169.8,65.9,39.4,46.3,83.5,85.9,34.4,41.9,108.8,102.1,30.3,19.8,7.8,78.5,17.3
22.4,40.2,37.5,49.5,96.9,39.0,149.5,102.0,106.3,92.8,85.3,62.3,72.4,29.2,21.4,55.0,33.0,42.5,42.5,37.1,49.0,7.0,37.9,40.2,149.0,46.5,37.6,16.0,22.2,60.4,172.5,59.5,41.5,46.5,77.6,75.8,36.0,41.1,110.1,105.4,27.4,18.0,5.6,76.0,17.5
23.4,43.5,36.7,53.0,99.9,42.1,165.8,104.9,109.2,93.8,98.0,64.8,74.4,31.1,23.6,59.0,37.8,44.0,44.5,40.5,57.2,7.3,40.2,43.5,165.0,46.8,39.2,17.3,22.8,67.5,189.7,60.0,44.2,49.1,81.0,79.8,37.9,42.7,124.3,120.0,28.9,20.5,5.7,91.4,19.0
22.8,41.6,39.4,52.7,107.0,41.1,154.9,104.9,108.0,96.2,85.2,69.7,82.0,30.4,23.3,58.2,35.8,39.8,41.0,39.5,50.3,6.6,42.2,44.2,154.0,46.3,37.0,14.8,23.3,60.6,179.6,66.9,42.2,48.7,86.8,87.1,35.1,41.4,114.8,108.5,30.3,20.8,6.9,93.0,18.5
21.3,42.6,35.1,51.6,104.0,38.0,155.5,98.9,103.2,91.4,84.5,70.6,81.1,27.7,23.6,56.2,34.5,39.2,39.8,39.0,50.8,7.7,38.4,41.7,154.3,45.8,38.2,16.5,22.4,63.2,180.5,61.6,41.7,47.6,83.3,84.9,35.5,40.9,115.3,109.6,31.5,22.8,6.1,82.7,18.3
21.3,39.9,34.8,47.8,91.4,35.7,148.7,91.8,96.3,83.2,84.4,58.5,70.5,27.2,21.4,55.5,32.9,38.3,39.6,37.8,49.1,5.9,38.3,41.2,147.8,43.8,37.5,15.8,21.1,62.2,172.8,56.3,40.4,46.5,73.4,74.5,32.6,39.2,110.8,104.4,27.0,16.0,6.6,69.2,17.9
23.4,38.9,36.2,51.6,100.9,41.0,142.0,98.8,105.8,94.0,75.1,63.1,77.0,28.1,20.7,56.6,33.6,39.1,38.9,40.8,45.9,6.8,37.7,40.6,142.0,44.1,34.3,14.3,23.8,57.0,167.0,62.3,40.6,48.4,86.3,89.6,38.5,45.1,102.4,94.6,29.5,15.7,7.8,79.7,17.4
21.5,38.7,36.8,50.0,107.8,38.3,154.2,105.5,109.1,98.5,81.9,72.1,84.3,29.4,22.7,56.3,34.9,39.4,40.0,41.7,49.8,7.1,39.9,43.9,153.9,47.2,34.3,14.0,23.9,56.2,179.9,69.0,41.2,47.2,91.8,98.5,36.9,42.9,114.2,107.8,30.2,18.5,6.5,91.7,18.1
24.0,39.5,37.5,52.8,114.7,43.1,153.2,120.0,113.5,107.5,81.8,71.3,88.5,29.2,21.5,59.1,34.5,45.2,43.8,44.0,50.4,7.4,39.8,42.8,151.8,48.8,37.5,15.2,23.9,59.1,177.1,70.1,44.2,53.0,110.3,118.5,35.7,44.6,111.1,102.3,27.0,13.5,9.4,108.3,18.3
23.8,36.2,36.5,49.3,109.4,41.1,148.0,105.5,105.4,100.1,80.2,66.3,81.3,29.9,20.1,57.6,32.6,39.5,39.7,42.4,48.8,6.9,38.0,40.5,147.2,46.3,35.6,13.5,22.5,57.2,171.5,71.0,41.1,49.4,96.5,103.2,36.3,44.1,109.5,101.5,27.3,15.5,8.1,93.2,17.2
21.2,41.7,38.5,49.9,101.1,36.8,153.2,104.7,107.4,91.8,85.7,66.3,78.4,28.5,22.4,56.8,34.1,44.7,43.8,38.7,52.5,5.9,37.4,40.9,151.5,44.7,36.9,16.5,22.9,61.3,174.8,61.7,40.5,47.2,83.0,81.8,35.3,41.0,114.2,109.2,28.5,18.6,6.2,79.9,18.0
22.4,40.1,33.1,49.8,95.6,37.1,155.3,97.6,101.4,91.5,86.5,63.0,71.8,27.3,22.4,58.2,33.1,40.2,40.4,37.5,51.3,7.0,38.5,41.8,154.7,43.9,36.6,15.3,24.9,60.2,181.1,59.1,42.8,47.4,80.9,82.3,36.4,41.2,113.7,109.2,28.9,20.3,4.6,76.6,17.4
21.5,44.3,34.2,53.3,96.2,37.0,157.0,101.9,106.6,94.7,86.1,63.6,74.3,28.7,20.9,57.1,33.9,42.5,43.6,37.8,52.0,7.3,38.8,42.4,156.2,43.6,37.2,17.1,24.3,59.5,182.8,59.4,43.1,48.2,85.2,87.0,36.5,41.9,116.0,110.0,29.6,18.4,6.0,79.8,17.4
22.9,38.9,33.0,49.7,100.7,39.4,155.2,100.4,103.0,93.7,85.4,67.5,76.6,28.5,22.1,58.0,33.9,44.6,44.7,38.5,51.6,7.0,39.0,41.9,153.5,43.7,37.8,15.8,23.7,62.6,179.8,60.6,44.0,48.9,83.3,86.4,36.1,40.9,113.6,108.5,29.7,20.2,5.2,81.6,18.0
22.4,38.7,32.2,48.3,93.8,37.5,151.2,97.5,101.0,93.3,84.0,64.6,74.7,27.3,21.5,55.4,34.3,41.5,40.4,36.1,49.2,5.9,37.5,40.0,151.8,43.5,36.1,14.5,22.9,56.6,175.8,53.3,40.4,45.2,81.3,80.0,36.3,41.5,112.2,107.8,28.5,19.5,5.0,71.7,18.0
24.7,40.3,43.7,56.6,117.0,45.2,161.6,111.9,116.5,102.7,89.3,67.2,87.5,32.8,24.3,59.4,38.6,47.3,47.5,44.7,54.2,7.6,41.3,44.2,161.1,52.6,40.0,15.7,24.7,67.0,186.5,75.2,41.5,51.7,97.5,98.7,36.2,47.1,122.2,110.9,31.2,17.3,10.9,113.7,19.9
23.3,39.0,36.2,51.5,104.1,42.2,150.0,102.7,106.3,97.9,84.2,69.0,79.5,30.3,22.0,56.4,34.6,41.6,42.2,40.8,50.5,7.9,36.7,39.7,149.5,47.9,37.8,15.8,22.8,60.4,176.7,63.0,39.8,46.4,87.9,90.1,36.3,43.0,112.0,105.0,28.5,17.4,6.4,86.5,18.2
22.3,37.0,34.0,47.8,99.2,37.9,150.7,97.9,99.3,90.5,81.0,67.8,83.9,26.2,21.4,55.8,32.6,38.5,38.5,36.6,49.2,7.5,36.5,39.5,150.6,46.5,36.0,14.2,24.2,56.6,174.5,61.5,39.2,47.2,85.6,89.3,33.3,41.6,112.9,104.6,31.1,19.8,8.4,76.6,17.2
22.3,38.3,33.0,47.7,96.7,37.2,144.6,92.6,95.4,87.0,78.1,67.4,73.9,27.3,21.5,58.8,33.3,36.2,38.3,37.9,47.4,6.9,37.5,39.8,144.2,44.3,35.1,14.5,23.1,56.4,169.5,58.0,39.6,42.1,77.3,78.4,35.6,39.4,105.8,102.6,28.4,22.9,3.5,70.6,17.2
21.6,41.2,31.1,49.8,97.2,35.9,156.3,97.0,100.3,88.8,87.4,63.2,72.5,26.7,20.1,58.3,33.8,37.5,39.4,38.2,52.7,7.1,36.4,39.8,156.2,45.1,39.0,15.3,22.2,63.3,182.3,55.9,40.7,45.3,80.2,84.5,36.6,41.5,116.2,111.0,27.8,20.6,4.6,73.4,17.7
24.0,42.8,36.0,53.8,99.3,40.4,158.2,99.7,105.0,94.1,88.6,62.3,72.1,28.4,21.1,57.3,35.9,43.5,44.6,39.4,53.4,7.5,39.5,42.0,156.8,47.8,38.7,16.6,24.8,63.8,183.0,61.1,43.2,48.8,82.6,85.5,37.1,42.5,116.0,111.2,29.0,20.0,5.8,84.5,17.3
24.5,42.4,36.5,51.1,105.8,40.5,160.1,106.7,110.9,99.2,92.1,63.5,74.8,29.6,23.7,59.2,37.7,45.5,45.4,41.2,54.3,6.6,40.7,42.8,159.6,47.2,39.5,16.7,25.5,63.2,185.9,62.3,45.0,50.2,88.0,89.3,37.1,43.0,118.4,112.5,29.0,19.3,5.8,90.9,18.9
20.3,36.8,33.0,49.0,95.1,36.5,145.4,105.0,108.8,101.0,79.0,65.0,82.3,29.1,21.6,57.7,32.0,37.5,36.8,38.3,48.4,6.2,38.7,41.1,144.7,45.9,35.4,13.9,24.0,55.6,167.8,56.9,39.0,48.1,95.3,96.1,34.2,43.5,107.9,98.8,28.7,14.9,10.2,78.7,17.3
21.2,38.2,30.5,47.6,92.8,36.3,145.3,92.1,96.2,87.0,78.7,60.3,70.0,26.0,20.4,56.5,31.8,39.3,39.4,35.8,47.7,7.0,36.3,38.7,144.5,40.0,33.2,16.1,22.7,54.0,170.3,54.0,42.1,46.8,72.4,73.5,35.6,40.4,105.4,101.0,27.4,18.8,4.8,64.2,16.2
23.5,44.5,37.4,57.3,109.3,43.3,163.9,115.3,115.2,105.9,91.6,69.4,82.6,30.3,22.6,58.1,36.5,46.8,46.9,41.5,54.8,7.7,39.4,42.7,162.8,48.0,40.3,17.0,25.4,65.8,188.6,66.4,43.6,50.6,97.1,100.3,37.5,44.6,122.0,114.5,30.3,20.2,7.4,101.1,18.4
20.6,41.6,34.9,49.5,98.9,36.0,147.2,95.3,98.7,88.6,84.4,61.9,73.3,27.5,22.0,56.6,34.0,37.6,39.1,38.8,50.6,6.9,35.5,39.1,146.9,43.0,35.9,16.6,23.3,57.9,171.1,61.1,38.3,44.0,81.9,85.5,33.0,39.6,111.2,104.6,26.9,18.0,7.0,75.9,17.3
21.7,39.2,33.1,47.7,96.4,36.6,148.8,96.7,97.3,92.4,80.1,64.7,73.0,26.1,21.4,55.4,32.8,36.6,36.6,37.2,48.5,7.4,36.8,39.6,147.5,42.5,34.6,15.2,21.8,58.0,170.5,58.7,45.3,49.2,83.6,86.5,35.5,40.0,107.5,102.5,27.6,19.7,4.5,73.9,16.8
22.0,42.3,33.1,49.1,98.8,38.3,160.3,100.2,103.1,91.3,90.4,63.7,74.4,27.0,21.9,57.0,34.7,38.2,39.0,37.6,53.9,6.7,37.4,41.1,159.2,43.6,38.4,17.0,23.3,62.6,185.0,60.2,42.9,48.7,82.0,85.3,36.3,41.1,119.4,114.0,29.5,22.3,5.6,80.9,17.5
20.2,38.4,31.1,46.5,92.2,33.2,143.6,92.4,94.3,84.7,78.7,58.1,66.9,26.1,19.9,56.8,31.3,37.4,37.7,36.6,46.1,6.8,36.4,40.1,142.6,41.9,35.0,14.8,21.5,57.1,167.8,54.2,41.0,46.0,71.1,74.4,34.3,39.2,103.6,99.0,26.4,16.4,5.3,62.3,15.7
21.9,41.7,33.3,49.7,94.0,36.4,152.4,102.5,103.7,96.5,84.3,65.3,76.4,28.2,21.4,58.6,34.2,40.5,42.0,37.5,49.2,6.9,40.0,40.8,151.3,43.7,38.5,16.7,23.5,61.1,175.3,54.2,41.8,46.9,86.4,86.6,34.4,39.7,112.7,108.0,26.2,19.8,5.5,75.2,17.3
21.3,40.5,36.4,52.1,108.9,39.4,150.6,107.9,106.6,98.3,82.0,65.6,81.8,27.3,19.6,56.8,32.1,42.5,41.6,41.5,47.9,6.7,38.5,40.8,149.7,46.8,36.9,15.9,23.3,60.0,174.6,65.0,43.3,52.1,97.2,104.4,34.4,42.3,110.7,102.6,29.4,17.5,9.1,90.6,17.1
20.8,37.0,33.3,47.8,95.4,36.4,151.6,97.6,103.0,89.6,86.5,67.0,73.4,27.1,21.3,56.1,32.7,39.1,38.9,36.2,50.8,6.9,39.0,41.3,151.3,45.2,37.5,14.0,21.5,61.9,175.1,58.6,40.8,44.1,78.5,81.0,35.6,38.6,112.1,108.8,27.9,21.9,3.6,74.7,17.5
20.4,38.1,30.8,48.1,92.3,35.7,153.7,96.9,103.0,91.8,86.0,65.6,74.9,25.9,20.2,58.5,33.4,38.3,38.4,37.7,50.1,7.1,35.9,39.7,153.2,43.1,36.3,14.4,24.1,58.3,178.4,55.6,42.6,46.8,80.3,82.3,38.1,43.5,112.8,107.8,26.9,19.7,4.7,70.4,17.0
23.8,39.8,33.0,50.1,105.0,41.3,160.3,106.0,106.9,99.9,86.5,66.9,81.4,28.2,20.4,58.8,35.3,41.0,40.0,40.6,53.8,6.7,39.6,43.1,158.8,45.0,38.1,14.8,23.4,63.0,183.6,65.1,44.6,51.7,96.1,99.9,36.2,43.9,117.7,110.3,29.7,20.4,7.4,92.7,17.5
24.2,40.8,40.9,54.3,114.5,42.0,160.8,115.5,114.9,105.6,88.7,70.1,81.2,29.4,21.2,54.8,35.1,46.5,45.1,44.5,52.3,6.6,39.2,41.5,160.0,51.5,41.4,15.8,23.7,63.6,183.4,71.4,46.1,51.2,95.8,104.3,37.3,43.0,118.4,113.0,29.6,19.2,5.7,106.2,17.8
20.7,40.6,32.0,50.7,98.4,34.9,150.0,105.9,107.4,96.1,82.3,65.2,78.0,26.8,21.0,57.5,33.5,42.5,41.9,37.0,50.2,6.3,37.3,39.7,149.3,46.2,37.0,15.9,23.6,60.6,174.1,59.0,40.6,48.3,87.1,91.9,34.6,41.1,110.9,103.9,28.7,19.2,7.4,74.6,16.9
22.5,39.0,32.9,49.4,102.5,36.0,157.1,102.2,104.8,94.0,87.6,64.0,75.5,30.1,21.4,57.6,34.2,41.6,41.4,40.0,52.4,7.8,40.2,43.6,155.8,44.2,39.1,14.9,23.4,61.4,180.6,60.4,44.1,49.7,81.5,84.4,34.1,40.1,115.6,109.3,28.7,20.6,5.9,84.3,18.0
22.5,41.8,32.5,52.1,99.1,37.2,153.9,101.6,104.2,95.6,82.0,73.6,76.6,27.4,20.8,57.0,32.9,46.0,46.0,38.8,48.3,7.0,37.1,39.2,154.3,45.0,37.0,17.6,25.3,58.4,181.6,59.4,42.8,44.8,78.5,80.3,41.8,43.2,110.9,109.0,28.6,24.0,1.8,78.0,17.6
22.8,40.5,32.7,52.1,104.9,41.5,164.0,107.2,106.4,101.2,89.0,68.9,79.4,27.3,21.6,57.9,35.2,40.1,39.0,40.2,53.1,7.3,38.5,42.7,163.4,45.3,40.8,14.9,23.0,66.0,190.0,61.3,46.3,52.3,91.7,97.8,39.3,44.7,119.0,113.0,30.8,22.0,5.4,92.7,17.8
21.3,37.7,33.7,47.3,95.7,35.7,146.8,95.6,99.2,89.3,83.1,60.6,71.7,26.4,20.5,53.9,31.9,40.5,40.8,35.3,49.9,6.8,36.7,39.4,146.3,43.0,36.4,15.1,23.1,58.5,171.2,58.9,39.4,45.5,83.3,87.2,34.7,40.8,109.7,103.4,26.9,17.5,6.4,71.3,17.1
22.2,40.1,34.7,51.2,105.3,39.3,160.9,99.3,100.9,91.2,89.1,63.9,76.5,28.5,21.0,56.3,33.2,36.1,37.1,41.3,53.5,7.5,37.3,40.3,160.5,46.3,39.4,15.2,22.9,64.2,186.3,64.0,43.1,48.8,83.5,88.1,36.9,43.0,118.3,111.9,29.1,18.7,6.3,84.4,17.3
20.8,39.7,30.8,46.3,96.7,34.3,154.8,97.5,95.0,93.6,88.5,61.4,74.4,26.2,21.0,56.8,33.4,37.1,38.3,37.2,52.6,7.0,37.7,39.7,154.5,42.0,37.0,16.8,20.5,60.1,176.5,56.4,42.7,49.6,91.2,96.8,35.8,42.9,115.1,107.3,27.4,18.0,7.4,74.5,17.8
21.3,40.0,33.1,48.8,91.6,37.2,149.4,96.5,101.4,90.1,84.0,61.2,69.4,26.9,20.9,57.2,33.3,40.1,41.2,36.6,49.3,7.1,36.5,38.8,148.9,43.4,35.6,14.9,22.6,59.3,175.5,53.6,40.9,45.0,75.9,76.5,36.6,41.0,110.5,105.4,28.1,22.2,5.2,68.5,16.7
20.7,38.5,32.2,46.4,97.3,36.1,145.8,95.4,99.1,92.1,78.8,64.2,76.7,27.7,19.9,57.6,31.3,35.2,37.5,37.7,47.5,6.1,37.5,40.6,144.8,40.8,34.9,15.9,21.8,56.9,169.8,59.7,41.3,47.7,88.0,91.3,34.7,41.6,106.9,100.6,28.5,17.0,6.7,73.5,16.9
23.4,39.5,36.3,51.4,107.1,41.0,149.2,104.5,105.2,99.4,82.3,71.7,82.8,28.8,21.1,56.9,33.0,43.0,42.6,40.6,49.8,6.8,38.9,40.9,149.0,46.6,36.0,15.1,24.2,57.5,173.2,67.3,39.0,44.7,93.9,99.9,34.9,40.6,112.6,106.2,29.2,20.7,6.2,89.3,17.5
21.2,38.5,33.0,49.7,96.8,36.8,151.4,96.3,100.1,87.5,82.8,69.4,74.6,27.3,21.2,57.5,32.0,37.9,39.9,37.4,49.7,7.2,38.8,42.1,151.0,46.2,37.0,14.8,21.8,58.9,177.1,59.0,43.2,46.4,78.3,80.4,36.0,39.1,109.4,106.6,28.0,20.6,3.2,75.5,17.1
21.2,40.6,29.5,46.3,94.5,36.4,155.4,88.9,91.4,83.9,86.4,67.0,74.7,26.1,20.5,56.6,33.3,36.0,38.0,38.0,52.9,7.5,34.7,36.8,155.2,40.7,38.4,16.4,21.2,61.8,178.5,56.3,42.8,46.4,77.3,81.8,35.4,39.6,114.4,111.0,28.6,22.2,4.6,69.6,16.4
23.0,39.5,33.9,49.0,101.8,37.2,152.9,98.8,102.1,92.8,80.8,67.0,80.7,29.4,22.1,58.7,35.9,43.1,42.3,40.3,49.7,7.9,39.8,42.5,151.8,45.9,35.7,15.1,23.8,57.5,176.9,60.4,42.7,49.8,86.1,92.0,36.7,44.5,111.7,103.8,30.8,19.9,7.6,84.1,18.3
21.7,39.1,34.5,48.7,99.2,37.7,152.8,99.4,103.4,94.6,82.1,66.7,78.0,28.8,21.4,58.6,34.4,43.5,42.9,41.3,50.2,8.0,38.0,39.4,152.8,44.2,36.1,15.2,23.9,58.2,176.7,60.5,43.5,49.3,82.8,85.1,36.9,42.9,112.2,106.4,30.7,20.2,6.2,79.5,17.9
22.3,38.7,33.8,47.0,95.1,37.2,151.0,96.6,99.1,90.1,85.3,66.0,78.4,27.0,21.0,55.3,32.2,37.3,38.6,37.8,50.1,6.8,37.0,38.8,149.9,44.2,36.0,14.6,21.1,59.4,173.0,60.0,40.8,46.9,81.8,78.3,32.8,39.5,112.6,106.4,27.5,15.9,6.6,73.0,17.0
23.5,40.1,36.0,50.5,97.0,37.3,149.6,100.8,104.7,95.6,82.2,66.8,76.4,29.0,21.2,55.6,35.0,40.5,41.7,38.7,48.6,7.0,38.3,40.7,148.3,44.7,35.2,14.7,24.3,55.5,172.1,60.9,39.8,45.3,86.0,89.4,34.0,40.2,111.0,104.4,29.7,19.1,5.9,77.0,18.3
21.3,37.7,32.7,47.7,96.9,37.7,150.1,94.8,97.5,90.5,80.0,61.5,71.1,27.5,20.7,56.4,33.0,36.8,38.1,39.0,48.6,6.6,38.0,41.5,149.2,42.9,34.2,13.9,21.9,55.5,175.6,59.2,44.6,49.5,81.6,85.5,38.0,44.2,107.3,102.5,27.8,16.8,5.4,76.7,17.1
21.6,40.4,33.1,50.4,101.6,37.8,150.8,102.2,106.7,93.3,82.6,62.9,76.2,27.4,21.0,59.5,33.3,39.7,40.8,39.2,51.4,7.2,38.2,39.0,150.0,44.3,37.5,14.9,24.5,60.1,176.5,61.4,41.2,48.3,85.1,89.7,38.0,45.2,111.0,103.2,27.7,18.6,7.6,80.7,16.6
22.8,39.0,30.5,47.0,92.2,36.4,147.2,94.2,97.5,88.1,79.4,58.8,67.8,25.8,20.6,53.5,32.4,39.4,41.3,36.8,47.4,6.7,37.0,39.8,146.7,42.2,35.5,15.0,21.9,58.6,171.2,54.4,42.0,45.9,71.9,75.4,36.6,40.8,106.5,102.6,26.5,18.0,4.2,64.2,16.5
21.8,39.5,34.2,48.6,92.3,37.9,149.7,99.8,105.1,92.3,83.0,61.1,65.9,26.9,20.6,55.2,32.0,41.8,41.8,36.2,50.3,6.9,36.8,39.9,149.1,44.3,37.3,15.7,21.6,59.2,173.2,54.5,42.8,46.7,75.5,78.0,37.6,40.6,109.0,104.8,27.4,17.4,3.8,71.2,17.8
21.6,39.4,33.5,49.3,100.4,38.2,151.0,104.4,107.5,98.8,81.5,66.6,76.0,28.2,21.0,56.2,33.9,40.1,39.7,38.3,49.7,6.8,38.2,41.5,151.2,46.7,37.1,14.2,23.5,57.9,175.0,59.6,42.3,46.9,90.1,92.5,36.9,41.9,110.5,105.2,28.6,20.2,5.0,80.3,17.3
22.4,39.6,33.5,48.2,98.5,39.8,143.3,95.8,100.3,89.0,75.3,67.6,78.5,27.4,21.0,55.6,33.4,38.5,38.7,38.3,47.2,6.5,40.3,42.9,142.2,43.2,34.9,14.3,22.1,56.5,166.0,59.4,40.3,45.7,82.0,84.3,34.6,39.9,104.8,99.2,29.1,18.8,5.5,74.4,17.6
21.6,39.1,29.0,45.4,92.0,34.7,147.4,87.9,92.2,82.4,82.4,61.4,70.3,25.6,21.4,57.1,32.5,35.8,37.2,36.5,48.5,7.2,35.9,38.8,146.5,40.9,34.6,13.6,21.1,57.0,172.1,52.0,39.8,44.0,72.3,71.4,35.0,39.0,109.0,104.7,28.4,20.3,4.4,63.1,17.6
21.8,37.6,30.3,45.8,89.3,35.9,152.0,92.7,95.0,86.0,85.6,63.7,72.1,26.6,20.7,56.8,34.3,40.3,40.7,36.8,50.9,6.3,35.1,38.4,151.7,41.9,36.3,14.6,22.0,60.2,177.7,52.6,40.4,45.0,70.8,73.2,33.9,38.4,113.6,109.8,28.6,20.7,4.8,65.4,17.3
21.1,40.8,33.7,50.0,96.3,38.1,159.2,95.2,99.3,89.2,91.7,64.1,72.2,28.4,20.5,55.8,33.3,40.8,41.1,37.8,54.9,7.1,38.6,41.9,158.0,44.3,39.1,15.0,23.3,60.9,182.0,57.0,41.1,45.5,81.3,80.5,33.7,38.2,119.0,114.2,28.7,21.5,4.7,76.7,17.5
22.6,40.6,37.4,52.0,105.2,40.0,159.1,111.4,114.1,105.4,84.5,65.5,85.3,31.5,22.4,61.1,35.7,42.4,43.1,42.6,52.2,7.7,41.0,43.5,158.1,48.0,39.7,15.5,23.5,62.6,184.1,65.4,43.8,53.8,97.0,99.2,34.2,44.5,117.4,107.3,32.0,18.1,10.4,97.9,18.8
22.9,37.1,33.0,46.7,97.5,38.7,152.1,95.2,99.5,87.6,83.6,64.7,73.5,27.3,21.4,56.0,33.7,37.7,38.4,39.8,50.7,6.8,37.3,40.5,151.4,41.8,36.6,14.7,21.6,60.6,176.9,58.5,41.9,46.0,78.8,81.0,36.6,41.1,111.8,106.9,27.8,19.3,4.7,74.7,18.3
21.0,40.2,29.0,47.4,98.4,35.0,156.5,91.1,96.3,83.7,85.5,63.0,77.4,25.4,20.0,54.2,33.2,35.2,36.5,37.2,51.3,6.9,34.0,37.6,154.7,42.0,36.4,14.6,21.0,62.3,179.2,58.3,43.3,50.8,80.5,81.2,36.3,43.9,115.2,108.0,29.3,16.5,8.1,71.7,16.3
20.5,38.2,30.0,45.0,92.5,34.4,146.8,87.4,91.4,82.8,80.7,62.5,69.3,25.5,19.5,56.2,32.2,39.4,39.3,35.7,47.8,6.9,34.4,37.0,146.4,40.8,35.7,15.1,20.5,58.5,172.3,52.4,39.5,42.6,74.3,75.6,36.4,40.1,108.2,104.2,27.6,20.9,3.8,63.6,16.3
20.3,39.0,33.0,49.3,90.0,35.0,138.6,94.9,96.3,89.4,74.1,56.8,68.5,25.6,19.1,53.8,29.5,42.5,42.4,36.0,44.9,6.0,37.4,39.7,136.6,42.3,34.6,15.3,23.4,55.5,159.5,56.0,39.7,45.8,79.5,81.7,32.3,38.2,100.9,94.5,26.8,14.9,6.2,64.2,16.3
22.6,40.5,41.1,53.3,102.9,41.0,152.6,105.8,110.1,94.2,84.6,64.1,77.3,30.5,22.6,60.6,34.8,44.0,44.0,41.3,52.2,6.4,42.4,44.8,151.6,49.2,37.0,15.4,25.3,62.0,177.5,65.7,40.3,47.2,83.8,83.0,35.7,41.6,114.0,107.7,29.2,18.2,7.2,90.0,19.0
20.7,37.1,32.0,44.4,88.5,34.1,141.7,91.6,90.7,79.6,79.7,57.9,72.9,25.3,20.6,54.0,32.0,35.4,36.6,34.5,48.2,5.8,35.8,37.5,142.4,40.2,34.4,14.9,22.8,56.1,166.0,55.0,34.7,42.4,72.0,71.9,31.9,40.0,108.0,100.4,27.1,16.4,7.7,59.5,16.0
23.3,41.8,35.2,52.4,103.5,40.1,152.7,105.4,107.6,99.2,85.0,64.4,72.8,28.2,21.3,59.3,35.0,44.4,44.3,42.2,49.9,6.2,37.8,40.5,151.8,46.9,37.2,14.5,24.2,60.4,177.0,64.7,43.9,48.7,91.9,97.1,38.6,43.4,110.6,105.7,27.4,21.2,4.8,88.9,17.7
19.4,38.7,32.9,46.3,86.1,35.9,140.3,92.6,96.0,86.6,80.3,57.2,68.0,25.5,21.3,55.0,33.0,36.5,38.5,34.2,48.2,6.2,37.6,40.5,140.3,41.0,33.7,14.2,21.4,54.5,163.0,54.4,38.5,44.4,79.5,75.0,32.4,38.1,103.8,97.9,24.2,13.5,6.8,62.0,16.5
22.5,39.7,31.0,48.2,92.2,37.9,157.7,91.5,96.6,84.3,94.1,59.8,70.0,27.1,21.7,56.4,36.9,40.6,40.8,39.2,55.9,7.0,38.6,41.8,158.0,41.8,40.3,15.1,23.2,66.2,183.4,56.6,41.3,46.4,76.1,76.7,34.4,39.5,119.1,113.6,27.6,17.5,5.3,74.1,17.0
22.5,38.7,34.2,50.3,93.2,38.5,146.7,99.3,103.5,93.4,80.4,63.6,74.7,27.8,21.0,56.8,34.0,44.8,44.5,37.6,49.2,7.0,37.8,40.2,145.5,44.5,35.5,15.2,23.7,57.3,169.0,60.0,39.8,44.7,82.0,83.6,32.6,38.4,109.1,104.0,27.0,17.8,5.6,73.1,17.3
23.9,39.5,36.5,50.2,101.9,38.6,148.8,103.1,105.2,98.8,81.8,60.2,73.2,29.5,22.8,57.5,33.6,42.3,42.0,40.5,49.5,6.8,40.9,43.0,148.6,45.2,35.3,16.6,24.1,58.4,172.1,64.3,41.7,48.0,87.4,89.9,35.0,42.3,109.0,101.5,29.2,19.5,7.3,82.4,18.0
21.1,37.2,31.5,45.9,90.0,35.5,145.5,85.4,92.2,77.0,85.4,52.7,65.1,26.8,20.7,56.1,33.8,35.3,37.2,36.5,50.2,7.1,35.8,40.3,145.7,39.8,35.5,15.9,21.6,60.2,171.3,54.8,38.1,45.6,69.1,71.3,32.3,38.6,108.9,102.8,25.8,14.8,6.7,64.2,17.0
23.0,38.4,35.1,48.8,104.0,41.2,150.6,100.6,104.2,92.7,81.8,65.2,78.3,29.2,22.5,58.3,34.4,38.4,38.8,40.3,48.8,6.8,37.1,39.2,149.8,45.5,36.3,15.3,21.4,60.1,176.3,62.4,42.4,49.0,86.4,90.8,37.1,44.0,111.5,104.7,27.7,18.6,7.0,84.4,17.9
21.0,40.5,32.1,49.5,92.5,35.6,145.9,96.2,99.5,88.2,83.1,60.1,73.7,26.5,21.3,58.2,33.4,41.9,42.4,37.6,48.4,6.6,38.9,41.0,145.6,43.7,38.3,16.1,24.7,61.2,170.0,59.0,38.4,45.0,80.9,79.3,32.2,39.0,109.4,102.2,28.0,16.4,7.3,71.8,17.4
23.0,40.0,35.5,49.5,100.2,41.9,146.8,100.5,104.8,95.1,79.7,63.4,80.0,28.6,22.8,55.7,34.5,43.5,43.7,40.2,49.7,6.8,41.0,43.9,146.7,43.5,34.8,15.3,23.5,58.0,169.2,65.0,39.5,47.6,89.3,88.5,34.2,42.5,109.1,101.0,28.5,15.9,8.6,86.1,18.5
22.9,38.9,36.5,49.8,100.6,40.4,150.8,102.9,105.6,99.0,85.1,62.4,73.4,28.5,22.2,56.4,33.4,37.8,38.1,39.8,48.7,6.9,37.7,41.3,151.4,45.4,36.1,14.3,20.7,58.9,177.1,61.7,39.9,45.9,88.7,93.0,35.9,42.4,112.6,106.0,28.4,18.0,6.5,83.4,17.3
21.2,37.4,33.6,44.7,88.8,34.8,147.5,94.5,94.6,86.7,84.5,55.5,65.8,26.0,22.2,58.0,34.9,36.3,37.8,36.0,50.7,6.7,35.0,38.3,147.3,42.0,34.3,15.0,22.9,57.5,170.4,52.0,40.5,45.7,76.3,75.0,33.8,39.1,108.4,103.1,24.9,14.2,5.7,64.5,17.1
23.7,42.8,37.1,53.9,106.0,39.5,157.6,109.0,112.3,97.3,89.7,65.0,77.2,30.0,23.2,58.5,37.1,45.5,45.7,41.4,53.4,6.7,40.0,42.5,156.4,48.2,39.2,17.9,25.8,66.9,180.0,67.1,40.6,47.8,88.4,86.5,33.7,40.1,118.6,112.6,30.0,20.0,6.8,93.2,19.0
20.3,42.5,34.0,50.5,93.8,33.9,152.2,95.7,100.0,88.3,84.6,58.8,74.0,27.2,21.3,56.2,34.5,38.0,41.2,37.3,53.3,7.1,35.8,39.5,152.4,42.0,38.0,16.8,21.1,62.1,177.5,55.6,40.5,47.8,78.6,81.0,36.0,42.7,114.0,106.3,28.6,15.5,8.3,72.8,17.5
21.3,39.3,31.0,46.0,91.3,35.1,151.7,87.6,93.8,81.6,84.1,59.0,69.6,25.7,20.4,54.6,32.5,40.9,40.6,36.1,49.0,6.9,37.3,42.8,150.4,40.4,35.7,16.2,23.3,58.6,175.6,52.4,42.7,48.3,72.0,74.0,33.5,39.5,111.2,105.3,28.9,19.3,6.3,65.0,16.9
22.8,41.2,36.0,49.8,101.6,38.7,154.8,101.2,103.7,92.1,85.2,64.2,77.3,28.2,21.3,59.1,34.8,39.3,40.6,39.7,51.7,6.0,38.8,41.3,154.2,44.5,38.7,16.3,22.9,65.2,179.0,61.7,41.0,47.9,83.9,85.3,35.3,40.6,115.1,108.7,28.2,18.2,6.8,84.6,17.3
23.4,41.2,37.0,53.3,105.8,40.4,156.0,109.6,114.4,100.8,86.3,68.2,82.8,29.8,22.3,60.1,36.0,44.7,44.4,42.5,52.9,6.3,41.2,44.8,155.4,48.0,38.5,16.2,25.9,60.8,180.2,65.7,40.6,47.6,93.3,92.6,33.4,41.0,117.2,110.0,30.6,20.3,7.2,94.7,18.3
21.0,35.1,28.8,43.2,89.2,34.7,143.9,90.1,93.7,84.4,80.3,59.8,69.3,25.4,20.0,54.5,31.9,36.2,36.6,35.0,47.3,6.3,34.8,37.5,143.2,40.2,34.9,13.5,20.2,55.8,166.5,51.2,41.5,46.1,68.9,70.7,31.9,37.1,104.9,99.2,25.6,17.9,5.3,59.6,16.4
21.6,40.9,38.1,52.2,99.7,37.0,151.4,104.8,109.1,96.3,84.7,62.5,74.6,29.4,21.2,58.2,32.7,42.0,41.0,37.1,50.8,6.6,39.4,42.6,151.7,46.1,36.6,15.4,24.0,58.0,176.6,60.2,40.2,46.3,83.3,85.0,35.0,41.3,112.9,106.7,28.7,19.0,6.6,82.4,17.3
24.1,42.0,33.5,51.6,100.9,41.0,155.9,100.3,106.8,94.0,86.8,69.9,81.4,28.0,22.2,57.1,35.6,42.0,43.3,40.4,52.0,6.5,38.6,42.6,155.5,45.0,39.2,17.0,24.5,63.0,180.5,62.9,42.3,47.1,85.2,82.9,35.5,41.1,116.3,110.4,28.1,20.4,5.6,85.8,18.2
20.9,37.2,31.3,47.7,95.5,36.2,144.2,98.2,100.6,92.9,77.7,62.7,75.0,26.5,19.8,56.5,32.3,41.4,41.2,36.8,46.5,5.6,37.3,40.0,144.5,42.3,35.4,14.0,24.0,57.8,170.1,57.3,41.0,47.6,92.8,94.5,37.8,44.3,105.2,99.0,28.2,17.9,6.7,72.6,16.7
24.2,42.8,38.7,53.7,110.3,41.7,164.6,111.5,114.3,106.9,88.7,77.2,88.4,31.2,23.2,59.2,37.8,45.6,44.9,41.6,54.1,6.8,42.7,45.3,162.7,51.7,40.0,15.9,25.4,63.4,189.3,67.6,46.2,52.0,96.4,101.9,38.0,43.7,121.3,115.0,30.9,22.9,6.2,104.7,19.0
21.9,41.2,34.0,52.2,102.2,40.4,155.5,101.7,106.2,95.4,87.2,61.2,76.4,29.5,22.6,57.7,36.3,39.1,39.2,41.8,53.9,6.6,39.2,41.8,155.0,47.3,38.4,15.3,24.1,62.2,180.5,63.2,41.9,50.4,89.0,87.3,35.7,44.0,115.6,107.2,27.4,15.1,9.2,89.5,17.9
22.7,40.1,29.5,46.6,95.9,35.7,164.2,89.8,94.6,84.6,92.1,62.8,75.0,26.5,22.5,54.7,34.8,39.7,39.2,37.3,54.6,7.9,35.3,38.2,163.6,42.3,39.2,15.4,23.1,60.6,188.1,53.1,45.5,51.4,77.6,82.4,36.6,42.7,121.6,115.6,30.7,20.9,6.5,72.4,17.4
25.2,40.4,34.3,51.3,106.1,40.6,154.1,102.3,102.3,99.0,83.9,72.0,88.5,29.0,23.2,58.4,36.9,42.5,43.2,42.3,52.6,7.5,41.8,44.2,153.8,45.5,37.7,15.8,24.8,59.7,179.0,67.1,40.5,48.6,95.7,99.3,35.9,45.0,114.5,105.7,31.4,19.3,8.5,92.6,18.7
23.2,41.2,35.0,49.6,101.2,37.8,161.5,98.8,103.1,93.2,90.2,70.4,75.9,29.9,22.0,59.4,35.5,38.2,39.5,40.2,54.3,7.2,38.8,42.5,161.5,47.8,39.2,16.0,23.3,60.7,187.6,60.8,42.4,47.9,79.2,81.8,38.6,41.8,118.6,115.2,29.4,22.2,3.4,85.5,18.7
20.8,37.5,30.5,45.2,95.8,35.0,141.2,94.6,97.2,89.6,76.4,66.6,70.9,25.1,19.2,55.6,30.6,38.5,39.1,36.2,45.4,6.1,37.2,39.3,140.5,39.9,33.7,14.2,23.8,54.4,164.6,58.1,40.6,43.0,81.0,82.8,34.3,36.8,102.5,99.8,26.6,21.5,2.4,66.1,15.6
24.1,40.9,35.0,51.4,106.5,39.9,152.9,105.4,104.8,99.3,87.0,62.3,77.0,28.7,21.3,57.7,34.7,41.0,41.4,41.9,52.3,6.7,41.2,43.8,152.7,43.8,37.4,15.7,24.9,59.5,176.3,66.5,38.9,46.7,92.1,96.8,32.0,39.8,114.7,107.9,27.4,16.3,7.9,89.3,17.5
26.0,42.1,39.3,56.0,116.5,45.2,167.6,111.6,113.6,101.9,91.5,73.9,89.0,32.6,22.4,58.3,37.8,45.4,46.3,46.4,55.5,8.4,40.4,43.2,167.0,47.3,41.2,17.7,25.8,66.1,192.4,72.9,45.3,52.8,95.7,106.9,40.0,48.0,123.7,116.0,31.7,18.9,7.5,112.8,19.2
22.1,37.4,29.7,49.0,92.1,36.2,153.8,91.5,96.0,85.2,85.6,62.6,74.7,27.5,21.4,54.6,34.3,39.0,39.6,38.6,52.0,7.5,34.9,38.4,152.1,43.2,38.4,14.5,21.3,62.8,177.8,55.8,41.2,48.1,78.3,81.1,35.3,42.0,115.0,108.3,29.5,15.3,7.5,70.4,18.2
22.8,41.6,36.2,52.5,100.7,39.5,158.1,103.1,107.4,96.4,88.7,65.1,79.2,29.7,21.5,58.7,34.7,37.6,38.5,40.2,52.5,7.0,39.0,43.5,157.1,49.9,38.6,14.4,22.9,62.8,182.1,60.5,41.7,49.3,87.8,88.7,35.0,42.0,117.0,109.7,29.5,16.7,8.3,88.1,18.9
23.3,42.5,34.0,48.2,98.4,37.3,161.3,97.8,101.9,90.7,89.7,66.8,82.7,28.9,21.2,55.3,36.3,40.8,42.7,38.0,52.7,6.2,36.8,39.7,160.1,44.3,36.9,16.5,23.0,60.5,186.9,57.5,41.1,49.1,83.2,84.0,36.3,45.0,120.9,113.1,32.2,21.9,7.8,79.0,17.8
21.5,37.6,33.5,48.1,95.6,35.7,152.4,93.5,98.6,87.2,83.1,62.9,78.2,27.3,21.8,54.1,32.3,39.3,39.1,38.9,50.7,6.7,36.1,39.1,151.5,44.2,37.0,14.8,23.1,58.3,175.6,60.4,41.2,48.7,79.1,81.5,33.3,40.8,113.5,103.2,31.0,17.1,7.5,71.7,17.2
22.3,38.9,32.0,46.0,93.0,35.4,151.2,89.5,94.6,81.9,81.5,62.9,77.8,28.0,22.3,55.4,33.2,37.2,38.3,37.4,48.6,6.9,35.8,38.7,149.8,43.4,35.6,14.9,22.0,56.8,174.4,54.0,42.0,49.5,74.6,78.4,34.7,42.2,111.9,104.6,31.7,17.2,7.7,68.8,17.9
22.2,40.2,33.2,50.7,99.3,39.3,149.0,95.3,100.3,90.8,79.4,60.0,80.6,27.0,21.2,57.1,32.5,41.2,42.9,37.5,48.8,6.1,38.0,40.2,148.2,44.7,36.3,15.6,22.0,60.5,171.8,61.6,39.4,50.9,82.5,87.3,33.3,44.8,111.0,100.8,30.8,14.7,11.2,77.4,17.5
22.3,43.2,33.6,51.8,94.8,37.2,155.4,102.0,105.9,96.1,87.6,64.0,72.1,28.7,21.5,55.6,35.0,43.5,44.8,38.9,51.4,6.2,39.2,40.6,154.7,45.0,38.6,16.8,25.5,62.5,179.0,55.9,41.5,45.7,80.4,79.0,35.4,39.5,114.3,110.5,27.6,18.7,4.2,75.1,17.8
23.1,38.7,34.0,46.7,97.6,39.0,157.3,96.2,98.2,90.3,90.1,60.8,76.3,28.0,21.2,56.8,34.3,36.6,37.8,37.4,53.2,7.9,36.3,39.2,156.7,43.5,37.3,15.5,22.5,60.1,180.7,59.8,40.6,48.3,83.6,86.6,34.8,42.9,118.2,110.9,30.4,14.2,8.6,79.3,17.3
23.1,41.8,35.4,52.5,105.4,43.0,153.7,103.5,105.4,95.7,83.5,63.7,83.0,28.2,21.0,58.8,34.6,42.8,43.8,41.2,49.3,7.8,38.6,41.2,152.1,44.8,36.0,16.6,23.1,59.9,177.7,66.2,43.3,53.7,92.1,95.7,35.8,46.5,112.0,102.0,30.3,14.7,10.1,89.7,18.0
21.6,40.2,31.0,47.7,91.3,35.1,153.4,90.8,96.1,85.3,83.5,64.4,77.9,26.2,21.0,56.6,33.3,39.7,41.6,38.2,50.3,6.8,37.0,40.5,153.1,43.1,36.2,15.4,22.7,59.1,178.5,55.6,41.1,47.8,75.4,77.8,36.6,43.1,114.1,107.8,30.1,17.7,6.5,69.0,17.2
20.6,41.6,32.0,49.0,92.9,35.2,154.1,95.7,99.7,87.4,84.8,62.5,71.4,26.6,20.4,58.3,33.0,40.1,41.3,37.4,51.7,6.7,37.1,40.7,152.2,42.2,37.4,16.6,24.3,60.5,178.1,53.1,43.8,47.5,78.8,81.6,36.5,40.6,112.1,107.8,26.9,17.5,3.9,70.2,16.9
24.5,40.3,36.5,52.8,107.0,42.8,160.8,108.7,109.8,105.4,89.5,62.8,80.6,30.9,22.5,59.5,36.9,39.0,39.3,42.3,54.1,7.0,41.3,42.3,160.4,52.6,40.8,13.8,26.2,65.6,185.7,64.0,43.1,52.1,100.6,100.2,38.1,47.2,119.0,110.5,30.3,16.3,9.7,101.8,19.4
21.2,40.8,33.0,49.4,97.0,38.5,158.7,102.0,102.4,95.0,90.9,57.9,71.7,27.7,20.8,55.7,33.4,39.4,38.9,37.7,52.9,6.8,38.1,42.7,157.8,44.3,39.2,16.8,22.7,63.9,181.8,59.2,42.5,50.1,86.3,86.5,34.5,42.4,118.8,111.3,28.2,15.2,7.7,77.8,17.3
19.8,37.5,34.8,49.8,98.5,35.1,139.4,105.1,105.9,99.2,74.6,60.8,73.6,28.8,20.7,56.7,30.8,40.6,40.2,36.8,44.9,6.1,40.0,42.2,139.2,44.8,33.6,14.3,23.3,54.4,162.6,59.7,39.9,46.9,92.7,94.6,34.7,41.1,101.3,95.5,27.3,13.8,7.2,75.0,17.2
21.0,39.1,33.4,47.8,101.7,37.4,152.0,92.9,96.9,86.5,85.0,61.2,74.8,27.0,21.0,58.3,33.6,37.2,37.8,39.0,50.3,6.3,38.0,40.8,151.6,44.2,38.9,14.4,23.4,62.7,175.9,61.2,41.1,47.4,83.3,91.3,32.7,40.3,113.4,107.4,30.3,18.7,7.4,77.4,17.3
23.0,39.1,39.2,52.5,106.3,39.0,152.9,106.7,109.2,99.7,81.0,67.4,83.8,31.0,23.0,58.3,34.6,41.2,40.7,39.4,50.5,7.6,40.5,43.4,152.1,49.3,37.0,14.1,24.0,60.4,176.3,65.8,41.9,49.9,90.7,92.0,35.5,43.4,112.4,105.1,30.5,19.8,8.4,90.8,18.4
23.2,38.8,36.6,50.9,103.8,39.0,144.8,101.9,105.8,96.8,80.6,69.4,78.3,28.5,22.5,56.4,33.5,44.4,43.5,39.4,48.3,6.1,37.8,40.1,143.3,44.8,35.7,14.9,22.9,58.2,168.8,64.6,39.2,43.8,85.9,88.3,32.4,36.6,108.0,103.1,29.6,19.8,5.0,80.8,17.5
18.7,38.5,28.6,45.5,91.6,30.6,159.5,86.0,90.2,80.2,89.5,62.2,71.5,25.2,20.2,55.7,32.3,34.7,35.3,35.7,53.0,7.3,35.3,37.9,158.1,41.2,37.6,14.8,20.5,62.4,183.5,52.6,44.3,49.6,72.9,75.3,37.0,42.2,116.6,111.1,28.8,18.4,5.5,62.0,16.1
22.5,36.5,31.1,44.5,92.0,37.5,151.6,88.4,92.6,82.2,85.1,58.3,70.9,26.5,21.3,56.6,33.4,40.1,39.8,36.0,50.4,6.6,38.0,40.2,150.4,44.0,37.5,14.3,23.5,58.6,175.5,52.2,42.3,48.9,77.6,78.9,33.3,39.7,112.2,105.6,27.6,16.1,7.1,67.1,17.7
23.1,36.0,34.3,47.1,100.1,36.8,140.2,97.1,99.0,89.0,73.6,66.0,75.2,26.9,19.7,52.8,32.0,39.5,39.6,37.8,44.9,6.5,38.1,40.9,140.0,44.5,32.7,14.2,22.6,52.0,163.3,63.7,41.7,46.1,84.1,89.3,37.4,41.8,100.3,95.5,26.2,18.2,4.8,73.2,17.1
20.4,39.7,32.6,48.9,90.9,35.9,144.5,94.8,99.6,88.2,80.6,58.9,68.5,26.7,21.0,55.1,31.9,40.0,41.2,35.0,47.8,6.2,35.6,38.0,143.7,42.4,33.6,16.8,23.1,54.2,167.7,54.3,42.9,47.9,78.5,83.4,35.3,40.5,105.8,100.3,27.1,19.2,5.2,65.8,17.2
21.2,38.4,31.8,49.6,95.0,34.5,150.9,99.2,105.6,92.5,84.9,60.9,71.2,26.7,21.1,58.2,33.0,43.0,42.1,37.4,50.6,7.0,37.6,40.6,150.3,43.2,37.9,14.1,24.0,60.3,175.2,57.8,40.4,45.3,78.8,77.0,34.6,40.0,111.9,106.0,29.5,19.3,6.3,71.9,16.8
21.3,39.0,32.5,50.0,95.4,36.4,151.2,100.0,103.9,94.6,82.9,64.3,75.2,27.1,21.4,57.4,33.5,39.1,39.0,37.1,51.1,6.8,39.6,42.4,150.6,45.0,36.1,14.0,23.2,56.6,174.8,58.9,41.7,47.5,85.3,87.3,33.9,39.1,111.2,105.5,27.4,18.2,6.2,76.6,17.4
21.9,38.7,32.3,48.1,98.2,36.5,157.8,95.4,98.5,89.6,88.6,66.6,75.8,27.6,21.8,54.3,35.1,40.2,40.5,37.3,55.3,7.5,36.4,39.3,156.6,44.3,39.2,16.2,23.9,64.6,180.6,58.4,42.7,48.0,86.1,89.9,36.5,42.7,117.8,111.8,28.7,19.8,6.1,76.7,18.2
24.8,43.7,40.8,59.0,117.5,43.5,164.7,126.8,126.9,121.1,90.3,74.2,90.5,32.9,23.8,58.2,36.4,45.1,44.0,46.0,54.7,7.0,42.5,46.3,164.6,54.8,40.9,15.3,26.6,67.0,190.6,72.0,44.8,53.0,112.2,113.1,42.4,50.3,121.0,111.6,30.8,20.3,8.6,124.3,19.5
23.2,43.0,36.7,53.3,107.0,41.3,160.1,101.2,106.5,93.4,92.0,63.5,78.0,30.0,22.0,57.5,37.1,41.2,42.8,42.6,55.1,6.3,40.2,43.3,159.9,47.2,40.2,15.7,23.4,66.6,184.7,62.3,39.4,46.6,88.7,92.9,33.3,40.9,122.1,114.2,27.6,18.2,8.1,95.9,18.5
20.8,37.3,32.1,45.5,92.1,33.2,143.9,88.7,91.4,83.7,79.6,59.3,72.4,25.2,20.0,52.8,32.0,37.4,39.3,36.9,46.1,6.5,36.0,37.4,143.3,42.7,35.7,14.0,20.4,57.2,166.1,56.6,39.6,45.8,77.3,79.1,34.0,40.9,107.0,99.3,29.4,17.3,7.6,62.6,15.8
24.4,39.2,35.7,52.3,105.7,37.9,154.5,106.7,110.0,100.9,82.0,69.5,82.7,29.0,21.7,58.2,35.9,42.6,42.7,42.2,51.1,7.4,37.7,40.6,153.4,47.2,37.5,16.0,24.0,60.9,179.7,64.8,41.7,49.7,93.3,101.1,38.3,46.6,114.1,105.2,29.4,19.8,7.9,92.3,18.8
22.6,37.7,30.7,46.7,91.6,37.0,154.2,92.4,96.1,86.2,84.1,63.1,71.2,25.5,21.0,55.2,33.0,40.1,40.8,36.8,50.4,6.9,35.8,39.1,154.3,43.3,38.5,15.0,24.5,60.3,178.6,55.6,44.8,49.2,74.1,77.2,37.7,41.9,111.1,106.9,28.0,19.7,4.3,67.8,16.3
23.6,41.3,33.7,51.5,107.6,37.9,157.2,105.3,108.9,100.2,85.5,66.8,79.5,27.4,21.6,56.2,35.6,43.7,44.9,40.1,53.0,7.6,37.8,41.0,156.7,46.2,37.7,15.7,22.8,62.3,181.0,64.0,43.9,50.4,91.2,98.3,36.3,42.7,116.5,109.5,28.3,17.7,7.1,90.1,17.7
20.1,41.5,31.1,48.6,90.9,34.5,151.0,95.0,98.4,89.3,82.2,59.9,72.2,26.2,21.7,55.4,32.3,36.6,38.1,36.0,48.6,6.1,37.1,41.2,151.3,44.0,38.0,15.9,24.1,59.8,176.3,53.7,43.2,49.1,77.3,79.7,37.7,44.9,109.7,103.1,28.7,18.6,6.8,67.9,17.2
23.0,40.6,33.5,51.2,106.2,39.2,149.2,96.4,101.1,90.9,80.0,65.0,79.0,27.7,20.9,55.2,33.5,37.4,39.0,40.2,48.6,6.4,38.8,41.6,147.5,44.8,35.3,14.5,22.1,56.6,172.8,61.9,41.7,48.5,87.2,91.6,35.1,42.1,108.9,101.5,29.4,17.4,7.1,82.1,17.7
23.7,42.8,36.5,51.7,101.4,41.4,156.5,99.2,103.6,88.8,86.5,67.3,80.3,29.5,23.4,56.9,36.9,42.4,44.0,39.8,52.2,6.0,39.3,42.9,156.9,45.3,39.3,17.1,23.9,65.2,180.8,60.0,41.8,48.3,85.3,88.0,34.9,41.5,116.9,110.4,29.2,20.5,6.7,87.2,18.7
22.0,39.4,32.2,47.2,100.0,37.6,155.8,96.8,99.7,91.6,82.6,66.5,77.2,27.0,20.9,57.5,32.8,39.1,40.4,38.7,50.5,7.0,38.7,42.1,155.0,41.6,35.7,15.4,22.1,57.6,180.3,60.0,44.7,50.1,82.2,84.8,38.2,43.8,113.2,107.4,30.1,20.6,5.5,77.1,17.5
21.8,37.4,35.5,48.2,100.8,37.8,141.7,98.5,101.6,92.9,75.7,64.9,79.8,28.0,21.0,55.6,32.2,39.9,40.4,38.8,45.3,6.2,39.1,41.0,140.6,43.5,33.5,14.5,22.7,54.1,165.8,62.0,40.2,47.0,85.5,91.8,35.6,42.6,104.0,96.3,28.0,16.6,7.4,76.1,17.5
23.1,38.8,31.6,49.0,98.9,39.0,140.4,104.7,105.3,99.6,71.0,65.1,80.1,26.6,20.6,56.8,32.5,41.2,41.4,37.6,44.2,5.7,36.5,38.9,139.0,44.1,33.3,14.3,23.0,53.2,160.9,60.0,41.5,49.1,90.7,91.9,35.6,42.9,100.8,92.6,28.0,17.6,8.3,75.9,17.2
21.7,40.7,27.5,46.3,85.5,34.5,147.0,87.6,93.5,81.7,81.6,60.7,67.0,24.7,20.0,55.2,31.9,38.0,39.1,34.2,48.3,7.0,34.5,37.1,145.4,39.3,35.3,16.2,21.8,57.4,169.9,50.6,42.3,45.3,72.8,72.3,35.6,38.5,107.2,103.2,27.2,19.8,3.5,58.5,16.6
23.0,41.4,35.0,50.7,100.8,39.9,155.0,100.4,105.1,94.6,82.7,68.2,77.4,29.1,22.1,57.6,35.0,38.1,39.9,40.3,48.9,7.1,39.3,43.0,153.5,46.2,36.1,15.0,21.8,58.4,180.5,62.7,45.1,49.4,80.8,83.2,38.1,42.4,111.8,106.5,29.6,20.9,5.0,83.0,17.9
23.4,39.4,29.6,47.1,92.2,38.7,151.8,85.5,88.8,81.5,82.2,62.2,71.7,26.4,21.7,57.3,34.4,30.0,32.9,38.1,49.6,7.5,35.8,38.2,151.2,41.3,36.1,15.7,20.4,59.8,177.8,56.1,43.0,47.8,73.5,76.4,37.9,42.9,109.9,104.8,29.0,20.3,5.1,67.0,17.4
24.1,42.4,36.3,53.9,105.7,41.2,156.0,107.4,111.4,102.1,85.5,68.7,82.8,29.4,22.0,56.8,35.1,44.3,44.6,41.2,50.8,6.7,41.3,44.9,154.5,48.1,38.4,15.8,23.3,60.8,180.3,66.1,41.0,48.2,93.3,97.8,36.3,43.0,115.3,108.2,30.4,19.2,7.9,95.7,19.1
24.5,39.1,36.5,50.2,105.5,40.6,153.5,103.7,106.6,99.6,83.9,65.1,80.8,29.0,21.9,58.0,35.5,43.5,42.0,41.3,51.5,7.8,39.3,42.1,151.9,49.2,38.6,14.3,23.6,59.9,175.7,67.9,40.9,49.2,95.3,101.9,35.1,42.8,114.2,106.3,29.4,17.1,8.3,91.6,18.2
19.8,37.4,27.1,42.0,87.3,32.3,148.1,83.6,86.0,79.4,80.3,60.8,74.7,24.5,19.8,53.8,31.4,36.4,38.2,35.0,47.4,6.3,34.9,37.9,147.2,39.0,36.2,14.6,20.4,57.5,170.5,50.5,40.2,47.7,71.6,74.8,32.2,40.0,110.3,102.6,30.9,18.4,8.1,57.4,16.2
22.3,40.8,36.1,51.8,100.6,38.7,146.4,102.6,105.4,97.6,78.9,64.6,75.2,29.1,21.0,58.2,33.8,42.0,42.5,40.0,47.6,6.7,38.8,40.8,145.8,43.8,34.2,15.7,23.3,56.2,170.9,62.5,39.8,45.3,82.5,86.9,36.7,42.0,107.8,101.5,28.7,19.9,5.7,79.7,18.1
19.8,38.9,27.1,43.4,84.7,32.0,145.0,84.3,87.4,79.5,79.6,58.7,68.5,24.1,19.3,55.7,31.2,34.8,37.4,34.2,47.9,6.4,35.5,38.8,144.2,37.0,34.9,15.4,20.8,56.4,168.4,49.8,40.1,44.7,74.6,74.4,31.8,37.3,106.5,101.5,27.5,16.5,5.3,55.1,16.3
22.5,40.4,35.6,50.8,105.5,38.3,147.1,106.7,108.7,98.5,80.0,62.8,80.5,28.0,20.2,56.0,32.8,43.5,42.5,40.6,47.6,6.9,39.3,41.8,146.7,44.7,36.1,15.8,23.9,57.8,171.2,66.1,40.2,49.0,93.1,98.2,32.7,41.6,109.8,100.5,28.7,15.7,9.5,84.4,16.7
21.5,38.9,33.9,50.2,95.8,36.5,150.5,94.0,98.6,88.8,80.5,69.1,76.9,27.0,20.6,55.8,31.8,39.7,40.3,36.0,48.5,6.8,37.0,40.3,149.8,45.7,36.1,15.7,23.3,59.7,173.6,57.4,41.6,45.5,77.4,76.8,35.2,39.2,110.3,105.6,28.9,22.2,4.1,72.5,17.2
20.3,39.3,30.2,47.4,95.1,34.4,157.7,92.8,95.4,89.1,85.5,65.8,75.2,26.0,21.3,57.2,32.8,36.5,37.2,36.3,49.8,6.4,37.4,40.7,157.2,43.1,37.7,15.5,21.4,60.6,183.7,54.1,43.7,48.5,81.3,82.7,38.0,43.4,115.1,108.8,30.6,21.1,5.5,70.2,16.8
20.9,40.5,32.1,50.9,97.3,34.5,156.1,103.8,103.5,96.8,89.0,63.0,77.8,26.2,20.6,55.5,32.6,40.0,40.6,38.4,52.9,6.9,37.4,40.4,155.1,44.5,39.0,16.6,23.9,63.0,179.8,59.5,39.5,46.5,89.5,91.4,35.0,42.3,118.5,111.0,30.0,18.4,7.5,78.4,17.1
23.1,44.9,36.6,55.5,111.1,44.5,156.8,111.5,113.3,106.4,83.4,69.6,84.5,30.5,21.6,59.0,36.3,41.5,42.6,40.3,50.3,6.9,40.7,43.3,154.8,50.6,39.4,16.9,25.8,62.3,180.0,67.8,46.4,54.6,100.9,102.5,36.4,45.2,114.1,104.7,29.6,17.0,8.3,102.7,18.6
23.9,40.7,33.1,50.8,103.4,38.9,152.0,101.9,108.6,94.7,82.0,69.6,79.7,27.7,21.5,58.8,35.8,44.5,43.5,39.1,49.5,6.8,38.8,41.0,151.0,42.0,36.8,17.1,23.7,59.0,175.6,61.7,43.0,48.1,81.8,86.2,36.0,41.1,111.5,106.4,28.2,20.6,5.6,82.4,17.1
23.8,42.1,36.0,53.0,102.9,40.9,157.5,105.6,110.1,98.1,85.5,66.3,74.6,27.8,21.6,56.8,33.7,47.8,47.7,40.6,52.0,6.4,40.4,43.8,156.4,46.1,37.7,17.1,25.1,62.0,183.5,61.6,46.7,51.0,82.3,83.7,38.8,43.5,113.7,108.8,29.2,20.8,4.4,86.4,18.0
21.4,38.6,32.3,46.8,95.8,36.8,145.4,96.6,97.4,90.8,81.3,60.8,71.4,26.7,20.7,57.2,32.7,42.0,43.0,37.8,49.7,6.7,37.4,40.6,144.5,42.9,35.1,15.0,22.5,58.3,167.8,56.0,40.1,45.0,84.2,84.8,32.0,37.2,108.7,102.7,28.0,18.3,5.4,70.9,17.5
23.5,41.3,36.0,50.1,102.0,38.4,159.2,105.2,107.4,99.3,85.5,70.0,83.0,29.2,22.2,57.4,35.2,45.2,45.8,40.8,52.7,7.0,37.0,40.0,158.4,48.3,38.4,16.1,25.4,61.3,183.5,60.6,44.1,51.3,86.2,92.8,38.6,46.0,117.2,109.2,30.0,19.1,8.3,87.8,17.7
19.8,35.8,31.1,46.0,90.8,33.5,143.6,91.9,96.7,87.2,77.1,55.8,72.8,26.2,19.3,53.6,30.8,40.2,40.6,35.0,45.4,6.6,35.2,37.2,142.0,43.5,34.0,14.2,22.4,54.9,167.3,53.2,40.3,49.0,82.3,84.1,34.8,44.0,105.6,97.0,29.5,16.2,9.3,62.5,16.3
22.2,38.5,36.4,51.1,103.9,38.4,150.9,108.7,109.2,100.1,82.0,71.0,85.0,28.8,22.6,56.7,35.2,45.8,45.0,41.3,50.3,6.9,40.3,43.2,149.2,49.3,37.8,13.7,23.8,60.9,173.3,62.4,41.4,48.4,94.3,99.5,33.6,41.1,111.8,104.6,31.2,20.8,7.8,91.2,18.6
22.0,41.5,33.8,49.0,101.1,37.9,152.5,94.6,98.8,86.3,89.3,62.9,75.6,27.4,22.2,58.0,34.9,35.5,36.8,39.2,53.2,6.7,37.5,40.1,152.5,44.3,37.9,15.2,22.3,61.2,176.6,63.6,38.9,45.8,77.2,79.7,33.1,40.0,116.3,109.7,28.9,18.0,7.0,79.4,16.9
21.5,39.6,32.3,48.2,106.4,36.5,157.2,96.6,100.7,92.5,85.6,63.1,80.1,27.6,21.3,58.4,34.7,38.1,39.6,39.1,51.6,7.8,38.7,41.6,155.8,45.5,38.9,13.6,23.5,62.8,181.3,62.7,43.8,52.8,89.2,97.8,39.3,48.5,115.5,105.5,29.5,17.5,9.3,84.0,17.1
22.3,40.3,30.5,46.4,98.7,37.7,153.7,97.6,97.8,91.6,86.4,65.0,78.9,27.2,22.5,57.6,33.9,41.3,41.7,40.2,52.7,7.1,39.3,41.3,153.0,42.8,36.0,17.0,21.5,57.6,175.2,60.9,41.6,48.6,88.9,93.5,33.2,40.5,116.8,108.6,30.2,20.5,8.0,78.5,17.4
19.8,40.0,30.0,47.7,91.5,33.3,147.6,91.4,97.3,86.9,82.1,60.1,70.6,25.1,19.3,55.1,32.8,40.4,42.3,35.8,47.3,6.1,35.4,38.8,146.4,41.1,35.7,15.4,22.1,59.1,170.8,52.1,39.8,45.3,73.6,74.8,34.1,39.1,108.4,103.9,28.4,16.7,5.8,63.7,16.2
20.4,34.8,33.4,47.1,99.7,37.2,152.3,97.7,101.5,92.5,83.5,63.0,73.5,28.4,21.6,57.6,34.0,36.4,36.5,38.9,50.3,7.5,37.4,40.6,151.5,46.4,37.3,12.3,22.6,60.2,176.3,59.5,43.0,48.3,85.7,90.1,37.9,43.4,110.7,105.0,26.6,17.0,5.9,77.0,17.7
21.9,38.3,31.8,46.5,92.5,37.7,144.8,92.8,95.8,84.7,80.5,64.3,72.7,25.9,21.0,53.4,31.8,36.6,38.6,36.7,48.7,6.8,37.4,40.0,143.8,41.6,35.3,13.6,20.8,57.8,167.6,57.0,39.5,44.1,76.8,80.1,33.0,37.2,107.8,102.4,27.8,18.5,4.6,67.2,16.8
22.0,41.5,37.7,53.4,100.1,37.4,152.3,104.0,108.8,97.2,84.4,62.7,73.6,28.7,22.3,55.1,33.8,42.2,43.5,37.5,50.3,7.3,41.2,44.9,152.4,47.9,37.1,16.2,24.7,59.6,176.0,63.4,42.0,48.1,83.0,82.9,34.5,41.1,112.7,105.8,29.2,19.6,7.1,81.8,18.2
22.7,39.0,36.0,49.3,100.3,39.2,146.6,99.9,102.4,94.2,81.6,63.0,72.7,28.4,20.4,57.2,34.8,41.0,41.1,39.0,49.9,7.1,37.9,41.0,145.2,44.7,35.6,14.4,23.8,56.7,168.5,61.3,40.5,45.8,84.3,86.6,33.1,38.6,108.7,102.7,27.8,17.6,6.2,79.0,17.7
22.7,39.6,37.0,51.3,99.9,37.8,147.2,105.9,108.6,94.1,85.0,54.8,72.0,28.2,21.0,56.8,31.8,36.3,38.1,37.3,50.9,5.9,38.8,42.5,148.0,45.4,36.8,14.8,21.0,60.0,171.1,60.1,38.2,46.7,85.0,82.7,34.5,42.9,111.7,103.4,26.6,15.0,9.1,80.9,16.8
21.0,39.1,32.6,47.9,93.1,35.7,153.3,93.7,99.4,87.8,84.2,61.5,72.2,28.7,22.2,56.3,34.2,34.1,35.9,38.1,49.6,7.2,37.5,41.8,153.1,42.9,38.6,13.8,21.5,62.8,178.7,54.7,43.2,48.9,76.6,79.7,36.7,42.6,111.0,105.3,27.8,18.7,6.0,70.6,17.4
21.5,40.6,32.9,50.5,97.5,34.4,156.2,103.3,105.0,96.8,87.6,57.3,72.5,27.9,20.1,55.8,33.7,41.1,41.3,39.7,54.4,7.0,36.8,40.4,155.3,45.0,38.5,15.2,23.6,62.7,181.2,61.1,42.2,50.4,84.4,88.1,35.3,42.4,115.7,108.8,26.4,14.0,8.4,77.0,16.7
21.5,37.8,32.0,46.6,95.2,37.8,137.4,93.9,96.0,86.9,76.6,60.5,70.0,26.4,20.9,56.2,30.8,37.9,38.7,36.8,46.8,6.8,34.8,37.9,137.5,42.8,34.5,13.7,22.4,55.6,161.1,58.5,36.8,41.5,76.2,82.8,32.5,38.0,102.2,97.3,26.2,17.5,5.1,66.0,16.3
21.8,41.3,35.0,50.5,94.1,39.3,151.6,100.2,102.5,95.0,83.9,63.0,71.1,27.8,21.5,57.4,33.6,43.6,43.3,37.1,49.8,6.5,36.9,40.8,150.5,43.2,34.2,16.1,22.3,57.7,176.0,58.7,44.2,48.1,80.8,82.8,37.4,41.6,110.1,105.6,27.1,18.6,4.5,75.7,17.1
20.2,38.0,32.5,48.5,90.8,34.0,146.7,95.9,101.5,90.4,79.6,60.0,75.0,26.0,20.4,57.4,33.7,38.4,38.4,37.3,47.3,6.6,38.9,40.7,146.4,43.0,35.0,14.4,23.2,57.6,171.0,55.5,41.5,49.0,82.6,84.7,35.8,42.6,107.6,100.1,28.5,15.6,8.0,68.9,16.4
20.8,39.0,31.2,47.4,94.5,34.0,152.3,101.4,101.9,96.0,81.7,62.7,77.5,27.2,21.1,57.4,33.0,43.1,41.2,37.1,50.6,6.5,39.9,42.2,151.2,43.2,35.4,14.4,23.0,57.0,176.5,54.5,43.4,50.1,88.0,89.3,36.4,43.4,111.4,104.0,27.8,18.0,7.2,74.2,18.0
21.6,36.8,33.7,48.4,91.9,35.6,140.3,96.5,102.1,90.2,77.9,58.1,62.8,28.0,21.3,55.1,33.0,39.0,38.9,37.3,46.9,6.5,36.4,39.9,140.4,44.5,35.8,13.6,23.5,57.1,164.2,54.9,38.5,41.6,76.8,77.3,34.0,37.5,103.4,99.0,25.9,19.0,3.5,66.1,17.2
22.7,38.9,35.5,49.2,93.8,37.6,146.5,97.9,103.1,91.2,79.7,60.3,70.5,27.3,22.4,55.3,33.0,43.0,42.5,36.4,47.8,7.4,37.2,40.8,146.2,43.7,35.4,14.6,21.9,58.8,171.5,56.9,41.2,46.6,77.1,78.8,36.1,42.0,106.7,100.8,27.9,17.2,5.7,72.6,17.2
21.6,37.7,33.7,48.0,93.4,36.2,137.8,94.2,97.7,88.5,71.3,65.5,76.0,27.5,21.3,54.3,31.8,40.7,40.7,36.7,42.8,6.4,37.9,39.7,137.5,43.6,32.0,14.5,23.6,52.2,163.0,58.2,38.9,44.7,83.4,84.1,36.7,42.4,99.7,93.5,27.3,17.8,5.7,69.4,17.8
21.0,36.5,29.7,45.3,91.0,35.3,143.8,95.1,97.2,88.2,78.0,58.8,70.0,24.7,19.4,55.7,31.9,35.6,36.3,35.4,48.1,6.9,35.9,37.1,143.8,40.5,34.3,13.7,22.6,56.9,167.7,54.5,40.4,47.1,79.3,81.0,35.2,40.6,104.8,98.8,26.8,16.2,5.5,63.2,16.5
20.8,37.3,31.8,46.5,93.5,33.0,139.0,91.6,94.6,86.8,74.0,60.4,74.7,25.5,20.0,56.3,31.2,37.0,37.8,36.1,45.2,6.7,36.6,40.7,138.7,42.6,33.9,14.2,22.3,54.3,162.6,57.1,38.4,45.6,79.7,81.1,31.3,38.7,102.8,95.2,28.3,17.1,7.6,63.8,16.8
23.7,38.7,36.5,50.5,103.7,40.8,143.4,107.0,107.6,102.6,78.6,61.4,80.2,28.1,20.3,57.1,32.2,40.8,40.9,39.7,47.2,6.8,36.3,39.9,142.5,44.4,34.5,14.5,25.0,55.3,165.8,64.0,37.4,46.9,94.0,99.6,31.0,41.5,108.3,98.2,28.5,12.3,11.4,86.3,17.9
20.8,36.1,28.8,43.2,91.9,33.5,152.0,91.2,91.9,86.7,85.1,58.4,74.0,24.9,19.8,54.2,32.7,36.5,36.1,36.0,51.5,7.2,36.6,40.0,150.9,40.8,36.3,13.5,21.2,57.4,174.9,55.4,40.0,48.1,81.1,79.9,31.2,39.8,113.9,106.0,29.4,16.7,8.6,65.4,16.2
22.8,38.1,34.2,46.8,97.9,36.8,149.0,96.1,98.5,89.6,82.8,64.0,77.0,26.5,21.7,55.1,34.6,38.4,39.9,37.7,50.1,7.1,37.4,39.9,148.4,44.1,35.7,15.0,22.0,60.1,171.1,58.8,39.2,45.5,83.0,86.0,34.0,40.5,111.0,103.6,28.7,18.9,7.6,76.0,17.9
22.7,42.1,36.5,53.1,105.7,38.4,153.8,109.1,110.1,102.3,87.0,62.0,76.5,29.2,21.2,55.6,33.7,43.8,42.9,40.9,51.8,6.5,39.6,42.2,152.7,47.3,38.2,15.3,26.6,61.7,177.5,65.5,41.8,49.7,93.5,94.0,36.2,44.4,114.5,106.5,28.3,17.5,8.3,89.8,18.5
21.9,40.6,33.6,51.4,105.9,37.7,151.2,104.1,108.0,99.5,81.2,63.8,76.9,27.9,21.4,56.6,33.3,42.0,41.9,38.7,48.7,6.7,39.4,42.2,150.6,47.4,37.3,15.6,24.3,59.2,174.4,65.1,44.3,50.9,92.6,97.4,37.1,43.6,109.7,103.0,29.2,16.7,7.4,86.8,17.4
24.1,39.6,34.6,50.7,101.6,38.8,151.0,107.0,109.5,98.0,81.2,69.9,76.9,29.0,21.1,56.7,33.5,44.2,43.6,38.8,49.5,7.2,37.4,40.3,151.0,47.9,35.6,14.1,23.4,59.8,175.5,64.0,42.0,45.4,85.8,87.5,36.1,40.6,111.4,106.6,28.7,20.9,4.1,83.7,17.4
22.5,39.7,35.3,48.1,91.5,37.9,152.4,92.4,97.4,82.6,87.7,59.7,69.9,27.4,21.8,59.2,35.5,37.8,40.3,36.3,53.9,7.1,37.3,40.4,151.9,44.4,37.6,15.5,23.3,61.1,176.7,57.4,39.7,44.8,74.9,73.7,33.0,37.6,114.8,109.8,25.6,18.9,5.5,73.3,17.7
23.4,39.8,34.5,49.0,97.3,37.9,155.5,96.4,99.4,91.5,89.9,60.4,74.3,27.2,23.0,56.7,36.5,39.6,40.1,39.3,54.4,6.6,36.9,39.6,154.5,45.7,38.3,14.8,22.5,62.5,177.8,61.2,39.9,47.0,81.0,82.3,33.0,40.7,117.7,110.4,26.6,17.7,6.5,80.2,18.4
19.8,41.2,33.0,50.6,94.9,35.2,143.2,102.0,104.7,97.5,77.5,59.5,72.8,26.3,20.0,56.3,32.2,45.1,45.1,34.4,46.4,6.5,39.9,43.3,142.7,43.3,35.3,16.2,25.1,57.8,165.3,57.3,39.8,47.4,85.4,83.1,33.0,40.1,104.8,97.8,28.0,16.1,7.4,69.5,16.8
21.4,35.0,29.8,42.2,91.1,34.6,144.0,88.8,91.2,81.7,78.5,58.8,70.3,25.5,20.5,56.3,33.9,37.5,37.5,36.4,45.3,6.4,34.7,37.5,143.4,39.8,35.2,13.4,20.3,56.3,168.7,51.1,41.0,45.8,72.0,75.6,36.1,42.1,105.1,99.3,28.4,19.6,6.7,61.2,16.9
23.2,40.0,36.0,50.4,107.9,38.8,156.6,99.3,103.8,94.8,85.3,69.8,78.8,28.7,21.6,58.1,32.8,44.1,44.5,40.3,51.8,6.7,37.7,39.9,155.5,44.3,36.5,16.1,22.9,60.4,180.5,68.3,43.3,47.9,86.5,92.8,37.4,42.2,114.5,109.8,30.8,22.0,5.0,88.8,18.0
23.1,40.5,35.8,49.7,96.7,38.3,150.5,97.2,100.9,92.3,80.2,61.3,78.9,28.5,22.2,57.2,33.7,41.3,42.2,39.4,49.4,6.9,38.9,42.0,149.6,46.9,36.1,14.7,23.1,58.5,174.9,60.0,40.0,48.3,85.8,86.9,34.4,42.5,111.5,103.0,30.4,16.8,8.7,80.8,18.2
22.3,36.6,34.4,48.8,96.8,38.1,144.8,100.0,101.8,94.5,77.9,61.4,77.1,27.4,21.4,55.3,34.3,38.1,38.0,38.6,47.3,6.9,37.7,40.8,144.5,44.9,34.4,11.7,23.5,56.0,168.2,60.1,40.4,48.3,82.6,85.5,32.9,41.4,106.7,98.6,28.0,17.7,8.2,75.8,17.8
20.8,42.3,32.2,50.4,96.6,37.4,147.0,96.2,101.9,86.7,80.9,63.4,74.1,27.1,20.0,56.3,33.3,39.6,40.4,36.0,48.9,6.6,37.1,41.7,146.3,43.4,37.3,15.8,22.1,59.2,170.3,56.5,39.5,44.7,80.6,81.6,31.7,37.1,109.3,103.6,28.2,20.3,5.6,70.5,16.5
23.2,41.2,31.2,51.0,98.1,38.7,161.4,103.4,104.7,96.5,89.8,66.3,82.3,28.0,21.8,57.7,36.3,43.5,43.0,39.8,54.8,8.1,37.5,42.1,160.4,45.0,38.8,15.3,25.3,64.3,186.8,58.3,41.0,49.9,85.8,89.2,34.5,43.2,121.8,112.6,33.8,19.2,9.1,85.2,18.7
24.4,40.3,39.0,51.9,112.0,41.5,158.4,114.9,113.6,108.3,84.5,67.5,84.5,30.5,23.1,57.3,35.7,39.6,40.5,44.0,51.4,6.9,39.2,41.3,156.0,51.5,39.1,15.0,24.9,62.5,180.9,69.0,46.4,56.2,103.5,109.7,38.0,48.3,114.0,104.2,29.0,14.8,10.0,104.9,18.9
23.3,40.0,36.2,54.6,110.3,42.2,145.1,112.7,113.1,105.3,77.4,62.9,78.4,29.2,21.4,56.5,34.1,44.3,43.3,41.3,47.2,6.5,37.6,39.8,144.6,45.0,34.9,15.0,25.9,57.0,168.4,67.4,41.9,50.2,104.4,110.0,39.3,47.0,105.4,97.5,25.8,14.6,8.2,96.8,17.8
23.6,40.5,35.9,50.2,98.8,39.0,159.9,99.7,106.3,94.1,88.9,67.9,78.0,28.7,21.6,54.7,36.3,39.5,40.1,40.1,55.4,7.1,39.2,43.1,159.3,46.5,38.7,13.9,24.3,63.7,185.5,60.0,40.4,45.6,84.1,86.4,35.8,40.8,120.8,114.4,30.8,20.6,5.4,83.4,18.8
23.4,43.0,30.2,50.6,97.4,36.1,159.1,95.6,97.9,90.6,86.9,67.2,75.0,27.4,20.5,54.7,35.6,41.1,41.6,37.9,52.8,7.0,37.2,41.5,157.3,43.2,37.5,17.1,22.0,60.1,184.1,55.0,45.6,49.1,83.3,85.0,37.4,41.1,116.0,112.4,28.8,21.1,4.2,76.0,17.8
23.9,38.2,34.4,50.4,98.0,40.0,148.6,101.6,104.6,96.3,83.2,62.6,76.3,28.6,22.7,56.9,33.9,44.0,42.1,37.5,50.1,7.1,39.1,42.4,148.7,46.4,35.6,13.7,25.8,57.6,174.5,60.3,39.2,45.9,86.6,86.4,34.7,41.6,111.5,104.5,28.0,18.3,7.2,82.0,18.2
23.5,43.6,38.7,54.5,110.4,44.5,157.4,113.0,114.6,104.2,84.2,62.4,81.8,30.0,22.3,56.0,35.2,44.9,46.2,42.7,50.6,7.1,39.9,43.5,155.1,49.0,40.1,16.1,26.0,64.1,183.0,67.4,47.5,56.8,92.5,103.9,39.0,48.7,113.8,103.5,29.7,17.6,10.7,100.5,18.6
24.4,42.2,36.1,51.7,99.9,38.5,155.6,103.7,109.8,96.4,87.0,69.3,79.5,28.8,22.4,58.3,36.8,43.1,43.6,41.5,51.9,6.9,39.8,41.8,154.8,47.8,38.1,14.8,24.2,63.2,180.5,63.1,41.0,45.7,82.4,83.7,33.9,39.4,116.6,111.5,29.2,19.7,5.6,87.2,18.3
22.7,39.3,34.5,50.8,107.8,39.1,150.6,97.9,100.5,91.0,82.5,64.4,84.9,28.0,22.0,58.0,33.9,43.0,42.8,40.3,49.6,7.1,38.4,41.0,149.8,45.2,36.4,15.3,21.4,58.4,174.2,68.0,41.7,51.8,85.5,100.8,35.0,45.6,112.8,101.6,30.4,18.5,11.0,90.4,18.6
22.8,42.5,33.1,52.3,100.5,40.7,156.5,101.0,106.6,92.5,88.3,66.2,76.0,27.5,21.4,56.4,34.8,44.2,45.2,39.0,51.6,7.1,39.2,41.8,156.7,44.2,38.1,16.5,23.3,61.8,181.2,60.5,40.7,45.5,80.5,83.9,35.1,40.1,117.1,112.0,28.2,22.1,4.7,83.0,17.1
22.1,38.2,31.0,45.5,97.6,36.1,149.2,89.7,93.9,84.0,81.5,62.2,71.2,26.7,21.1,55.0,33.5,34.0,35.5,36.3,49.2,7.4,33.8,37.3,148.6,41.5,36.7,14.7,20.5,60.6,174.3,57.3,41.5,46.0,76.3,77.8,36.4,40.9,109.2,104.8,26.8,17.8,5.1,68.7,17.7
23.1,38.3,31.5,44.8,95.3,36.5,148.7,93.1,95.4,87.7,81.0,58.4,72.0,26.2,21.8,57.4,34.7,41.2,41.8,37.6,48.2,6.6,36.9,40.6,147.6,42.5,36.2,15.3,22.3,59.2,172.4,55.8,43.7,51.0,75.8,77.6,32.8,39.9,108.5,102.2,29.1,16.1,8.0,71.5,17.8
23.6,40.9,34.4,50.7,105.3,38.6,153.3,105.6,107.6,96.9,81.0,71.2,87.2,27.7,21.1,56.6,35.0,41.1,41.1,40.5,49.4,6.9,39.0,42.8,151.6,46.0,37.1,15.6,23.0,60.1,175.7,64.6,42.1,50.1,93.9,101.0,35.5,44.1,112.8,104.0,31.3,18.6,8.8,88.7,17.8
24.0,43.1,36.0,52.0,101.7,40.5,153.8,102.2,107.2,94.4,82.6,75.3,81.7,29.2,22.7,55.6,35.5,40.0,41.5,41.0,51.3,7.0,38.0,41.7,153.7,47.4,36.6,16.1,24.6,59.4,179.8,63.0,41.8,44.7,80.2,82.0,37.9,41.4,113.2,109.8,31.9,23.1,3.4,86.2,18.4
23.9,40.3,29.9,46.5,93.9,38.4,156.8,95.2,99.0,90.1,87.4,59.7,69.4,27.2,21.9,54.0,37.5,41.2,42.8,39.7,52.2,7.4,34.4,37.2,155.8,40.6,37.0,16.4,23.4,61.3,181.5,55.1,43.9,48.2,77.0,78.0,37.7,43.1,115.0,109.7,29.1,18.7,5.4,72.5,18.7
20.8,38.5,30.8,45.5,89.4,34.6,152.2,90.0,94.7,84.8,83.1,59.3,71.7,26.0,21.0,57.0,33.1,36.1,36.8,35.8,50.7,6.8,35.3,38.0,152.0,40.5,36.5,14.9,21.5,59.3,176.5,52.0,42.3,49.0,74.2,74.7,35.2,41.5,111.5,105.2,28.7,17.9,6.5,64.8,17.2
20.0,36.6,29.0,42.2,89.0,33.8,142.3,84.5,85.6,80.1,79.0,55.0,64.8,24.6,21.1,54.0,31.2,35.5,36.9,34.5,45.8,6.7,32.5,36.0,141.5,38.5,34.8,14.8,21.3,54.6,166.7,51.2,38.6,43.8,70.1,71.8,32.8,38.2,104.6,99.2,26.6,16.3,5.4,55.4,16.0
22.3,39.4,29.5,46.4,89.9,34.7,156.8,93.4,96.6,88.0,87.0,60.3,71.5,25.5,21.4,55.6,34.1,37.0,38.0,34.7,51.7,6.9,37.5,41.2,155.5,41.5,39.0,15.4,20.8,61.8,181.8,51.0,44.7,50.4,76.5,77.4,36.5,42.6,115.0,109.3,29.5,18.4,6.4,66.4,17.2
22.2,42.2,32.6,49.0,107.0,38.0,148.1,100.6,101.7,95.7,81.4,63.4,74.0,27.0,21.6,58.3,34.2,40.6,41.6,40.1,49.6,6.1,37.7,39.0,147.3,43.9,35.9,17.2,23.3,57.8,171.3,65.1,41.0,46.0,82.5,89.9,34.2,40.2,110.0,105.0,27.6,21.4,5.6,80.7,16.3
20.7,41.0,33.2,49.3,93.2,34.8,156.4,93.8,99.1,88.5,87.2,61.2,69.5,27.7,20.9,57.2,32.4,39.4,40.6,36.5,51.0,6.9,37.4,41.0,156.8,45.4,38.6,16.0,23.4,62.1,183.1,54.5,42.6,47.1,74.6,76.9,38.9,43.1,114.8,110.2,28.1,19.6,5.0,71.4,17.1
21.5,38.6,33.5,47.9,93.5,35.8,141.6,94.4,99.1,87.2,73.3,62.0,76.4,27.2,20.0,54.7,31.1,44.0,42.6,37.9,45.3,6.7,38.0,41.3,141.6,40.5,33.2,15.4,21.4,52.8,166.6,58.4,40.4,47.2,79.2,79.5,33.3,40.2,103.4,95.8,28.8,17.1,7.7,67.8,16.4
21.5,39.7,33.5,47.9,91.5,36.5,152.5,93.3,95.3,85.7,86.5,58.9,69.6,26.7,21.6,56.8,33.8,34.7,35.8,37.3,50.5,6.3,35.6,38.5,152.5,42.0,38.7,16.0,22.6,62.8,177.8,53.3,39.5,45.0,73.5,73.7,35.1,40.4,113.2,107.7,26.6,19.0,5.8,69.0,17.7
21.8,38.2,32.8,46.5,92.5,37.4,149.6,91.8,96.7,84.6,81.4,60.2,75.2,26.8,21.3,55.7,32.4,38.6,38.5,37.8,48.6,6.1,36.8,39.9,149.2,42.2,35.5,14.6,22.0,57.1,173.2,55.6,41.3,49.1,74.5,76.2,34.0,41.5,111.0,103.2,30.1,17.9,8.4,68.8,16.8
22.2,37.8,33.7,45.1,89.0,36.0,146.5,94.9,98.5,85.7,81.0,60.0,69.5,26.7,21.3,55.1,33.7,36.7,37.4,36.3,48.9,7.3,35.8,38.9,145.3,44.3,36.3,14.6,23.1,58.8,169.9,53.9,40.7,45.7,75.8,77.0,33.7,38.7,108.7,102.9,27.3,17.2,5.4,66.0,16.5
23.2,37.4,32.3,44.7,90.8,37.8,155.4,91.7,96.4,85.2,89.9,61.8,69.5,26.1,21.2,55.9,34.4,37.5,38.0,35.7,53.2,6.5,35.4,37.7,155.2,43.1,39.5,14.3,21.4,66.9,179.7,53.5,41.5,44.9,74.6,74.1,34.0,37.0,116.6,113.0,26.2,17.9,3.9,70.7,17.6
22.5,36.5,31.5,45.1,95.9,35.4,150.1,93.0,95.3,87.6,85.7,63.3,73.5,27.1,21.9,56.2,34.0,37.0,37.6,38.3,51.1,7.5,36.3,39.1,148.6,43.7,37.7,13.8,21.4,62.6,173.1,57.5,40.2,45.0,79.5,81.2,34.6,39.8,112.0,106.8,26.6,18.1,5.0,71.4,17.7
22.6,39.2,32.7,47.2,95.4,37.6,152.3,95.5,99.9,92.3,84.1,64.4,77.2,26.2,20.9,55.6,34.0,36.1,37.8,36.8,51.6,7.6,37.3,41.4,153.2,43.7,37.7,15.1,22.5,59.6,178.6,55.9,41.0,47.7,82.1,82.7,35.5,42.8,113.2,106.3,29.1,19.3,7.0,75.0,17.2
23.4,36.8,34.8,46.0,96.2,38.3,151.0,96.4,99.5,90.1,83.4,61.1,73.3,27.8,21.7,56.5,34.0,39.5,39.3,38.5,49.1,7.3,35.9,38.5,151.1,44.0,36.8,13.2,22.8,58.1,176.2,58.9,41.0,47.2,80.7,79.4,35.9,43.4,112.7,106.2,28.1,16.6,7.2,77.0,17.4
22.2,38.2,35.8,48.7,100.0,38.3,143.8,99.0,101.3,93.9,75.5,56.9,73.1,28.6,22.5,56.5,32.8,41.5,40.9,38.6,44.9,6.3,39.5,42.0,143.6,47.6,34.3,14.5,24.5,54.5,167.4,60.6,43.1,51.7,85.7,89.4,36.2,44.8,103.8,94.7,29.5,14.1,9.0,78.4,17.8
22.5,38.6,29.5,46.8,90.6,39.2,157.8,88.5,93.3,82.5,89.4,61.1,72.2,25.5,21.0,56.2,33.2,37.5,37.8,36.4,53.0,6.9,35.4,38.9,156.8,43.0,37.9,13.6,21.7,61.8,182.2,54.3,41.1,47.0,74.3,75.8,32.4,39.6,118.0,112.3,27.6,18.6,5.8,68.9,17.2
21.7,35.6,35.6,46.1,95.0,35.8,147.2,94.3,100.2,84.4,79.8,62.3,73.4,27.5,22.3,54.4,33.4,39.3,40.1,38.2,47.0,6.6,36.9,39.3,146.3,45.3,35.7,14.4,20.5,57.0,170.8,56.9,41.5,46.4,76.8,78.8,32.9,38.5,108.7,103.0,28.9,20.0,5.8,72.8,17.8
22.8,41.0,36.0,52.3,105.6,40.1,150.6,110.1,111.5,103.8,84.6,66.5,75.6,28.2,20.3,57.3,35.3,46.8,47.0,41.0,52.7,6.8,38.6,41.3,149.7,44.8,37.0,15.6,25.1,61.4,174.5,69.0,39.6,44.0,92.3,92.9,31.6,36.5,114.1,109.8,27.6,21.1,5.4,89.2,17.2
19.9,37.5,31.8,45.7,93.5,35.3,140.4,94.5,96.7,88.6,79.3,58.8,69.0,24.4,18.4,55.7,29.4,37.8,38.6,35.2,45.9,6.6,34.0,36.8,139.8,42.0,35.8,13.5,21.2,57.0,163.0,59.1,40.5,45.4,76.7,78.8,34.6,40.1,101.7,96.3,26.0,17.6,5.0,63.3,14.7
