ankle circumference,back width (shoulder blades),biceps circumference,shoulder width (back),hip circumference,calf circumference,nape to floor (1),chest circumference,overbust,underbust,inseam,crotch length (low waist),crotch length (natural waist),elbow circumference,hand circumference (without thumb),head circumference,foot entry,back width (high),back width (low),knee circumference,knee to floor,ankle to floor,neck circumference,base of neck circumference,nape to floor (2),scye circumference,shoulder to elbow,shoulder,half back width (arms out),arm length,height,thigh circumference,distance from nape of the neck to natural waist (back),distance from nape of the neck to low waist (back),natural waist circumference,low waist circumference,distance from clavicle to natural waist (front),distance from clavicle to low waist (front),outseam to natural waist,outseam to low waist,rise to natural waist,low waist to hip distance,natural waist to low waist distance,weight,wrist circumference
23.8,35.1,33.0,48.6,103.1,39.6,142.9,112.8,103.7,91.6,75.2,66.5,83.8,27.5,20.0,56.8,32.2,39.7,38.6,39.8,45.3,6.3,36.4,39.1,140.7,43.4,34.9,11.9,23.2,57.1,166.6,63.0,38.0,47.2,88.5,100.7,32.6,41.5,107.2,98.3,30.1,14.2,9.7,79.7,16.7
19.4,35.5,25.2,42.1,92.8,32.9,130.7,90.5,87.2,73.0,67.3,61.1,74.1,21.6,17.2,52.8,27.4,37.6,39.8,32.9,39.0,5.7,29.8,34.5,129.0,35.1,31.2,14.6,19.1,50.1,152.8,53.2,37.1,43.5,67.2,73.7,32.2,38.0,94.8,88.1,25.9,15.2,7.2,49.7,14.2
20.9,35.3,25.4,44.0,95.8,35.0,136.1,96.1,88.8,77.9,71.3,61.6,71.0,22.6,18.7,53.6,30.5,35.6,36.1,35.7,41.4,6.2,30.5,34.3,133.4,37.0,32.7,13.6,21.0,53.0,156.7,56.5,41.7,46.5,67.6,74.2,31.0,37.0,97.8,92.9,25.5,17.4,5.8,57.2,15.4
20.9,39.3,29.9,46.3,100.9,37.0,158.5,96.9,94.9,82.6,88.1,68.3,81.9,25.0,18.9,58.8,34.7,37.7,39.6,40.8,50.9,6.3,33.1,36.3,157.0,37.5,37.1,14.8,20.0,61.1,183.6,59.8,41.1,47.5,76.0,83.5,36.0,42.9,118.2,111.8,30.0,15.8,7.1,74.5,16.2
19.2,34.1,27.5,41.3,98.1,35.3,133.5,84.7,84.4,73.5,70.8,61.5,72.0,23.1,17.7,52.0,28.9,38.0,38.7,35.0,42.4,6.3,29.7,32.5,131.2,36.4,32.8,13.2,18.8,52.6,154.6,57.2,38.4,43.6,69.8,72.2,30.4,35.8,98.4,92.9,26.1,15.9,5.3,52.7,14.4
20.6,35.9,27.8,43.5,91.7,34.0,130.5,85.9,85.9,70.5,71.4,55.1,70.2,22.5,18.4,53.5,29.9,34.5,38.4,36.8,40.5,6.0,32.1,35.2,129.3,36.5,32.0,15.2,20.0,52.9,152.4,60.6,35.2,41.6,65.5,73.4,31.5,38.9,96.4,89.2,26.0,12.9,6.5,54.8,14.7
23.1,37.6,32.5,46.5,104.8,40.3,160.0,93.0,93.7,82.5,92.9,70.0,80.6,26.8,21.0,56.8,36.5,35.7,39.1,41.5,53.8,6.5,35.4,38.2,158.5,42.3,39.5,14.0,22.7,67.8,183.6,65.1,38.4,43.6,76.7,79.8,33.8,39.8,123.0,117.5,30.5,18.0,5.0,80.6,17.4
21.8,37.3,28.8,45.2,96.3,35.8,141.6,95.8,91.9,81.4,74.3,62.3,76.4,24.0,19.4,53.8,30.8,39.4,39.5,34.9,44.3,6.2,33.5,37.1,139.2,39.3,33.5,12.6,19.6,53.3,162.6,58.6,38.4,45.8,76.8,81.5,31.2,38.8,103.9,96.6,27.5,13.8,6.1,62.5,15.1
20.1,33.6,27.2,42.2,93.4,32.8,133.3,90.0,88.2,73.4,71.2,59.0,68.2,22.8,17.9,52.9,29.8,35.2,35.8,34.4,41.6,5.4,31.2,33.9,131.5,36.5,30.8,13.8,18.1,51.9,154.9,54.6,37.6,42.2,68.6,76.2,34.1,39.2,95.8,91.6,22.0,13.4,4.8,54.0,15.4
20.2,34.2,24.4,38.1,88.4,33.7,138.4,77.6,81.4,66.3,75.3,60.6,72.6,22.0,17.9,55.0,28.9,31.5,34.8,34.4,43.4,5.7,28.4,31.7,136.7,34.9,32.2,13.8,19.1,54.3,163.2,51.0,36.5,42.6,59.8,66.9,32.3,38.7,102.0,96.2,26.4,15.8,6.3,48.5,14.7
21.1,38.0,27.9,43.7,92.4,36.0,142.3,95.8,94.2,82.9,80.4,63.1,70.6,23.9,19.4,55.3,30.2,33.5,37.1,34.2,46.2,7.0,32.2,36.3,141.2,36.9,36.1,15.0,18.9,57.6,166.2,54.9,37.3,40.7,69.3,70.5,33.0,37.4,105.8,102.7,26.1,17.4,3.4,60.3,15.4
20.7,36.5,25.3,42.0,93.2,35.1,139.5,86.6,85.9,72.1,74.3,61.2,77.4,23.4,18.2,53.9,28.8,34.5,37.1,36.5,44.4,5.9,29.4,32.5,137.1,34.2,34.2,13.9,18.5,54.4,162.1,54.9,38.0,45.9,67.4,77.6,29.5,38.5,104.3,96.8,28.1,17.3,6.6,53.8,14.7
19.0,35.0,25.2,40.9,89.4,31.4,143.5,80.9,85.4,72.8,78.5,64.0,77.4,21.5,18.4,54.3,29.7,33.7,35.0,34.9,46.3,6.7,30.3,33.4,143.0,35.4,34.1,13.9,20.3,55.7,164.8,53.4,38.2,45.1,61.9,67.7,31.5,38.9,106.7,100.7,28.9,16.7,6.8,51.8,14.6
21.1,35.9,28.8,43.5,97.0,36.5,139.8,91.5,92.2,77.7,78.2,62.6,75.3,24.0,19.4,55.8,30.6,38.0,40.0,35.5,45.5,6.3,31.6,35.1,138.4,38.8,32.2,12.6,19.8,52.7,163.3,55.5,34.5,41.1,70.2,78.8,31.3,38.1,106.7,99.9,27.5,14.8,7.0,60.9,15.1
20.8,36.9,26.0,43.0,94.1,34.2,142.0,93.6,88.9,80.9,74.1,62.4,70.8,24.2,19.1,55.1,29.5,34.2,34.9,35.3,42.7,5.9,30.0,33.6,139.9,38.1,33.6,13.4,19.6,53.7,164.6,53.6,41.7,45.8,67.0,70.0,34.7,39.2,102.9,99.1,26.9,19.4,4.6,58.5,15.6
22.1,36.0,30.5,43.4,105.2,37.2,150.4,96.1,92.8,79.0,78.5,72.2,87.1,27.0,20.1,57.2,33.4,37.8,38.1,40.2,46.8,6.1,34.0,37.4,147.9,39.9,34.9,13.6,21.3,59.5,172.7,63.0,43.0,50.1,77.8,87.1,33.5,41.4,110.6,103.5,28.7,15.6,8.4,75.0,16.5
23.9,37.7,32.5,49.1,114.3,43.2,142.7,106.0,102.8,84.6,74.6,62.0,74.6,27.3,18.9,56.7,31.9,41.1,41.1,46.1,43.0,6.3,34.3,38.1,139.8,44.2,34.0,14.6,20.6,53.8,163.6,74.2,45.2,51.9,87.2,101.8,35.9,41.8,101.0,95.3,27.0,12.8,6.8,84.8,16.7
20.7,33.6,27.0,42.6,96.6,33.6,140.9,97.2,89.7,79.5,76.3,61.6,76.5,23.7,17.5,53.1,30.2,38.0,37.2,35.4,44.8,6.9,30.2,33.4,139.8,36.5,32.8,13.0,20.2,52.2,162.6,57.4,37.8,44.5,78.3,82.4,31.8,39.6,105.5,98.0,28.6,16.1,7.3,61.4,14.7
20.1,35.2,28.9,41.5,96.9,35.6,135.0,87.5,85.5,73.6,73.3,58.9,75.7,23.5,18.2,55.4,30.6,34.4,37.3,35.3,41.6,5.0,31.4,33.2,132.9,35.0,32.2,14.9,18.2,51.7,156.8,60.1,36.0,43.9,64.8,72.6,30.7,39.9,101.4,93.2,27.9,12.7,8.2,57.8,14.8
21.4,36.3,28.3,43.7,99.7,37.4,140.3,86.8,89.4,76.1,78.1,59.5,79.6,24.9,19.6,56.4,32.6,37.7,39.8,38.2,46.8,5.8,31.9,34.5,138.9,36.3,33.5,14.4,20.8,55.5,161.7,59.9,34.1,44.0,74.4,82.9,27.2,37.6,107.5,98.2,29.1,13.6,7.8,63.5,15.1
19.6,35.4,26.5,41.3,97.2,33.2,133.8,86.2,82.9,72.9,72.5,61.2,72.9,22.2,19.1,55.3,30.7,34.8,37.4,38.5,41.0,5.9,31.4,33.1,132.1,34.3,31.0,13.0,18.5,49.5,155.3,59.6,36.7,42.8,70.6,75.5,29.6,35.8,99.7,93.5,24.6,11.6,6.0,57.1,14.1
18.7,33.8,26.2,38.9,90.3,33.1,132.0,80.3,80.4,71.1,69.7,55.0,71.2,22.5,18.5,53.5,27.6,34.5,35.4,35.0,41.1,5.6,29.9,32.4,130.1,34.4,31.5,13.4,19.0,50.8,153.5,53.1,36.0,44.9,65.5,81.7,30.1,39.5,97.3,89.0,25.4,11.9,8.7,49.8,14.5
20.4,37.9,26.5,42.5,86.2,34.6,141.0,86.2,87.8,75.8,78.4,60.4,73.7,22.3,17.4,54.5,31.0,35.8,39.1,34.0,45.1,5.7,30.8,34.0,139.9,35.8,35.7,14.5,20.4,57.1,165.4,52.9,35.8,42.5,65.4,69.1,30.6,38.2,106.6,100.0,27.6,12.9,6.4,54.3,14.7
21.1,36.0,26.2,42.9,103.0,35.8,143.5,96.7,89.3,75.0,77.6,65.0,76.9,23.2,18.7,53.7,31.3,39.0,40.5,38.0,45.2,6.3,32.9,36.4,140.6,36.3,33.8,13.3,19.3,54.1,165.6,60.5,39.3,48.1,70.6,85.7,30.9,39.9,106.0,98.6,28.4,13.0,9.0,65.0,15.0
18.6,35.2,23.0,39.6,84.1,30.7,129.5,82.2,81.2,67.8,70.8,51.6,62.5,21.2,17.1,54.6,28.4,35.2,36.1,32.0,40.4,5.9,28.9,31.8,128.0,33.8,31.0,13.5,18.2,51.0,151.8,48.6,35.4,41.2,60.3,67.2,31.2,36.5,95.0,90.1,24.6,12.3,5.6,44.3,14.0
20.1,35.5,30.5,43.7,97.9,34.8,141.7,97.1,93.9,84.5,75.7,67.4,83.0,25.3,19.1,54.2,30.2,35.3,36.6,36.9,45.5,6.5,31.4,34.9,139.2,39.3,33.5,12.5,19.2,52.5,164.2,62.0,36.8,44.6,78.7,81.8,29.2,38.9,107.6,99.4,29.9,14.8,10.2,65.5,15.1
23.8,36.2,28.7,42.7,98.2,39.3,145.2,90.6,90.7,77.8,76.7,59.8,82.9,24.8,20.2,55.8,33.3,37.2,39.3,38.3,46.6,5.9,32.5,35.5,143.0,40.5,34.7,14.8,20.4,56.9,168.2,57.3,36.1,47.6,75.5,82.3,29.4,41.6,110.3,99.0,31.0,14.9,12.4,67.4,15.9
21.4,39.6,29.2,43.4,98.6,34.3,147.5,90.9,88.0,74.1,82.3,59.3,74.8,25.0,20.5,53.1,34.9,34.5,38.5,38.9,49.1,5.9,32.4,35.8,145.0,38.3,35.7,14.5,21.3,59.0,170.0,57.5,38.2,46.1,72.0,75.7,30.7,38.9,111.2,103.6,28.7,15.5,6.8,63.8,15.5
19.5,33.6,26.0,42.6,99.4,32.3,131.6,89.6,86.8,76.8,68.4,62.3,77.0,22.9,17.4,52.8,27.0,35.6,38.0,35.6,40.2,5.7,30.9,33.4,130.5,37.5,32.0,13.3,20.0,51.5,151.7,58.0,35.7,44.2,75.8,91.9,30.4,40.0,97.2,88.1,26.5,10.9,9.6,55.2,13.8
20.3,38.5,34.8,51.5,112.6,36.4,144.1,107.2,108.6,89.9,82.5,63.7,72.2,25.4,19.5,53.3,31.8,44.0,44.9,37.8,48.7,6.0,34.2,38.2,142.0,44.1,35.1,15.0,22.4,58.8,164.5,67.2,41.8,46.9,96.9,100.6,34.6,39.8,106.1,101.6,23.0,14.5,6.6,80.7,14.9
21.5,34.2,25.6,40.8,99.7,34.3,145.4,88.2,84.4,74.3,79.1,66.4,81.5,23.5,18.1,51.5,31.3,34.2,36.1,37.9,46.3,6.5,30.6,34.0,144.0,38.0,34.4,11.7,20.8,55.8,168.3,58.5,36.6,44.1,70.4,78.4,31.2,39.1,110.4,103.5,29.2,15.4,7.7,61.0,14.7
22.3,39.3,29.9,48.3,100.2,37.1,144.5,102.9,100.2,83.3,78.2,65.4,80.3,24.6,18.3,54.0,32.0,42.7,44.5,38.9,48.1,6.6,33.2,38.0,142.8,40.1,34.4,15.4,22.0,56.9,166.3,60.8,35.8,43.5,76.4,84.7,29.2,37.0,109.6,102.8,29.5,14.9,8.2,67.7,15.3
18.9,34.9,25.2,42.1,92.8,32.0,145.3,87.5,87.7,76.3,81.2,62.3,71.5,23.6,17.8,53.0,30.1,33.1,33.7,34.3,46.4,7.3,31.4,34.6,143.5,39.9,36.8,11.8,18.9,57.7,168.1,52.2,39.4,44.0,71.5,74.8,32.4,37.1,108.2,102.8,27.8,15.7,5.7,55.3,14.7
18.9,35.2,25.3,40.1,87.1,30.4,130.2,87.9,83.5,72.6,66.7,62.2,77.2,22.7,18.1,53.9,28.0,33.5,35.8,32.9,40.3,5.8,31.6,34.5,128.4,35.3,30.8,12.4,17.7,49.5,154.1,51.5,34.3,41.4,68.2,72.9,29.6,38.3,97.0,89.4,28.3,14.2,7.5,48.7,14.6
20.3,37.1,29.3,46.9,96.1,33.2,139.4,99.3,94.6,79.2,77.2,62.9,71.2,24.5,18.3,54.6,29.8,38.7,39.2,35.1,44.5,6.5,30.5,34.6,138.3,40.4,34.6,14.6,20.6,54.7,162.7,55.1,39.0,42.6,74.2,85.3,33.4,37.6,102.4,98.5,25.5,15.3,5.6,60.3,15.9
21.9,37.0,31.4,44.1,105.1,38.3,142.6,103.8,94.0,81.4,75.4,62.6,72.3,26.0,19.1,56.2,31.1,37.3,38.6,40.3,43.8,6.8,33.6,39.3,140.3,39.8,33.9,13.4,20.9,53.8,165.5,65.4,43.0,47.6,84.2,94.1,35.2,40.1,101.1,97.8,24.5,13.7,5.1,73.7,15.8
21.9,31.0,26.5,38.2,92.3,35.8,138.6,81.2,78.9,69.3,73.2,64.9,79.5,23.0,18.4,53.9,29.5,31.4,32.3,35.4,43.4,5.7,29.5,32.8,137.5,37.2,33.2,12.8,18.4,53.9,162.0,53.5,35.8,42.4,64.1,68.8,30.4,37.9,103.0,96.1,29.0,18.2,7.0,54.3,14.8
19.5,35.3,27.4,44.1,96.6,35.2,128.8,99.5,92.8,77.0,70.6,56.6,71.3,22.8,18.8,53.4,30.5,39.5,40.0,35.2,40.3,5.9,32.2,36.9,127.4,37.9,30.5,14.3,20.5,48.9,150.5,57.8,35.6,42.7,85.1,94.2,30.2,37.5,95.3,88.9,24.7,13.4,8.0,61.0,14.5
22.9,35.5,29.4,43.8,110.5,38.3,156.3,100.9,97.2,85.3,81.9,70.9,85.6,25.5,19.4,57.6,33.2,40.8,41.8,40.8,50.8,6.0,35.8,36.8,153.2,44.0,36.8,14.5,20.8,60.3,179.5,67.2,43.1,50.1,84.3,99.5,34.8,43.2,115.3,108.8,28.5,12.7,8.5,82.1,16.4
21.9,39.4,26.2,44.0,98.4,36.1,157.2,86.6,88.7,76.5,89.6,66.2,77.7,23.9,19.0,58.8,33.1,34.4,38.2,36.9,50.9,6.2,34.1,36.9,156.1,38.0,36.4,14.8,21.1,60.0,180.8,59.3,39.9,45.5,71.6,73.6,31.4,37.2,119.2,113.5,29.7,20.4,5.9,68.3,16.0
20.6,35.4,28.9,42.9,98.9,34.0,143.1,95.9,93.1,81.3,77.9,57.8,77.3,25.2,18.9,56.3,29.9,33.7,36.0,37.2,46.0,6.5,31.7,35.2,141.5,40.3,33.6,13.5,19.2,53.7,165.6,58.8,37.5,47.6,78.5,95.7,31.6,42.4,106.6,96.7,27.7,10.6,10.2,64.5,15.5
21.1,36.0,30.4,45.6,102.7,36.0,142.1,100.2,94.2,83.8,76.6,65.9,77.4,26.0,19.0,55.5,30.2,37.1,38.1,38.4,45.2,6.6,33.2,35.5,141.3,40.1,33.9,14.1,20.5,54.3,165.7,59.1,37.5,43.3,83.1,92.1,34.5,41.1,105.2,99.7,27.7,13.6,6.2,69.4,16.5
19.8,33.2,28.9,43.1,96.7,33.1,137.7,90.9,91.1,73.8,77.4,62.9,75.3,24.6,18.4,53.4,30.7,34.9,36.4,36.7,44.3,5.9,32.2,33.7,136.5,38.3,32.8,13.5,17.5,56.5,159.6,59.6,36.8,43.2,73.4,79.0,30.6,38.5,104.7,97.4,26.7,13.4,7.5,57.8,14.6
18.2,37.5,24.2,41.2,86.8,30.1,134.1,79.8,81.9,71.0,72.6,58.3,68.0,21.5,18.3,52.2,28.9,34.9,37.7,31.1,42.9,5.6,28.9,31.5,132.5,36.1,34.2,15.0,19.7,54.2,154.8,49.4,38.3,43.0,63.5,66.9,30.3,36.7,98.0,93.3,25.7,16.2,4.7,45.4,14.6
20.7,36.0,27.3,43.5,102.4,36.4,138.2,90.9,87.4,76.8,75.3,61.4,65.9,23.8,18.2,54.5,30.4,36.6,38.2,39.7,44.9,5.7,32.8,35.5,137.0,37.5,33.8,13.2,19.2,56.3,160.0,62.2,41.4,44.0,79.1,82.6,35.0,37.0,97.9,97.0,23.1,14.0,2.1,62.5,14.8
21.1,37.6,25.3,41.1,88.6,35.5,144.2,83.2,84.5,71.4,82.2,57.4,66.9,22.8,18.5,55.3,30.5,32.0,36.8,34.8,48.8,6.9,30.7,34.4,142.6,34.7,33.8,14.8,19.9,57.0,167.5,52.5,36.2,41.2,63.4,69.7,33.0,37.9,108.0,103.7,26.0,14.8,5.0,54.4,15.0
19.8,36.3,26.7,42.6,99.7,33.9,141.1,86.8,85.8,74.8,75.9,59.8,73.7,23.7,19.5,54.6,29.8,32.8,36.4,37.0,45.2,6.6,32.1,34.8,139.6,37.4,35.1,13.7,19.6,56.7,162.0,58.6,38.6,45.3,69.6,77.2,28.9,36.0,104.9,97.8,26.9,15.8,7.2,59.8,15.4
22.7,36.6,29.8,45.2,101.0,41.6,136.6,89.1,89.6,84.0,77.0,62.4,73.1,24.2,18.8,55.2,31.5,35.2,36.9,37.5,46.6,6.5,31.7,36.1,135.8,40.3,33.9,13.5,19.7,55.2,159.5,58.6,35.9,41.0,78.8,87.9,32.1,38.3,102.5,99.0,24.0,13.7,5.8,65.7,15.1
21.0,36.3,27.2,43.0,97.1,34.2,139.2,91.9,86.2,74.8,73.8,62.8,81.7,22.8,18.9,56.3,30.2,34.0,35.3,38.0,43.7,5.9,32.1,35.3,137.4,39.4,34.2,13.1,18.0,55.8,161.5,56.2,35.0,44.1,69.6,78.0,29.7,39.9,104.8,96.5,31.4,12.4,9.5,60.0,15.1
24.9,35.5,31.1,43.2,104.1,41.2,140.2,96.6,91.8,79.3,74.3,58.7,75.2,25.8,20.1,54.4,31.8,37.8,39.2,43.2,43.3,6.2,32.2,35.2,138.1,39.4,33.8,13.5,20.2,55.3,162.3,67.5,43.3,52.0,82.4,99.4,35.6,43.5,100.5,91.5,25.5,12.0,8.7,78.6,16.0
23.9,35.7,32.3,44.5,110.7,39.1,142.6,98.9,98.4,80.7,76.2,65.9,75.8,26.3,18.7,54.3,32.0,38.8,39.7,41.7,43.2,6.3,33.2,37.2,140.6,39.9,32.9,14.3,19.7,53.6,164.9,68.6,42.6,47.8,84.7,98.3,36.8,43.0,101.0,97.0,25.4,11.4,6.0,76.9,15.5
22.2,38.2,28.2,46.7,105.7,38.4,149.0,99.9,98.1,82.8,85.1,62.9,71.8,25.3,18.5,57.9,33.1,42.0,45.3,41.0,49.1,5.9,35.3,38.0,147.0,39.3,35.6,16.2,20.9,58.7,170.6,64.1,41.5,45.7,87.7,92.7,35.6,40.1,109.8,105.3,24.1,13.5,4.2,76.0,15.8
21.2,36.4,29.4,43.5,94.8,34.9,138.8,88.9,88.2,74.1,78.6,58.3,74.2,24.2,19.0,55.8,31.1,32.8,36.0,35.2,43.7,5.7,32.1,34.0,137.5,37.2,33.3,13.7,19.5,54.9,161.0,57.7,35.1,42.2,71.4,74.4,27.0,36.2,106.0,98.0,26.9,13.8,7.8,59.6,15.5
20.4,37.0,26.0,43.8,97.4,33.8,135.9,91.6,89.3,77.2,76.9,59.0,71.6,22.1,17.8,56.7,30.5,35.2,37.1,37.9,43.3,4.9,31.8,35.1,135.6,35.2,32.5,11.9,19.9,53.7,159.9,58.5,33.3,41.1,74.5,80.3,28.6,36.2,102.8,97.2,26.0,13.2,7.5,59.0,14.3
23.0,37.2,27.5,42.1,100.8,36.4,150.6,84.7,83.6,73.7,82.5,56.9,77.4,24.3,19.0,55.4,33.7,32.2,36.2,39.0,50.0,7.6,31.7,34.9,148.3,38.1,34.3,15.0,20.9,58.7,174.6,60.6,39.2,49.9,68.8,84.4,31.7,41.8,112.8,102.9,29.5,13.2,10.6,63.8,16.2
21.0,36.5,29.1,41.7,96.2,36.0,139.0,94.0,92.1,77.9,80.2,62.7,67.4,24.2,19.6,55.3,31.8,35.8,37.7,38.4,46.9,6.0,32.2,36.4,138.5,38.9,34.2,14.6,19.2,57.8,161.2,60.3,37.3,39.4,70.5,74.2,32.8,35.6,103.6,101.1,22.0,11.7,2.0,62.1,15.7
18.6,33.5,24.4,39.1,90.8,30.0,137.5,81.1,80.3,68.9,76.4,57.7,78.5,22.5,17.6,54.5,30.9,34.0,35.5,32.6,44.6,5.5,31.4,33.6,136.5,35.5,34.6,13.1,18.4,54.6,159.9,54.6,32.6,43.7,66.8,73.7,27.1,38.4,106.6,96.1,31.4,12.3,11.0,50.1,14.2
19.7,33.3,26.0,40.9,94.4,32.7,142.6,87.8,84.3,77.4,78.0,62.8,79.0,24.4,18.9,60.3,31.5,31.9,33.5,37.6,46.9,5.4,32.3,35.0,140.5,37.1,34.7,13.5,17.9,58.7,165.0,54.9,35.0,42.8,73.8,74.1,29.7,38.2,108.7,100.8,30.5,15.3,8.2,60.9,15.4
20.6,34.4,32.1,46.5,113.6,36.2,145.7,101.6,97.0,88.7,77.0,67.2,90.3,26.5,18.7,55.6,31.4,36.6,36.7,39.2,47.7,6.9,35.8,38.3,143.3,42.5,34.3,12.6,17.9,54.5,165.8,64.4,37.8,48.4,88.8,95.8,28.2,40.8,111.3,99.5,32.0,13.8,11.6,76.4,15.6
19.4,35.6,28.4,42.9,94.9,37.1,134.8,84.2,87.4,74.5,76.0,58.8,74.1,23.3,19.2,55.2,30.3,34.7,36.3,37.1,44.2,5.6,31.6,34.7,134.8,37.3,32.4,14.6,19.9,54.0,155.7,60.0,34.7,42.7,69.9,77.5,27.7,35.6,102.3,95.0,26.8,12.0,8.2,59.5,15.1
21.0,34.2,26.3,40.6,100.2,34.6,140.2,90.4,85.0,74.6,77.5,58.4,69.3,23.6,18.3,53.8,30.6,31.7,32.5,37.4,45.4,5.5,31.2,34.5,137.4,35.5,34.4,12.2,16.8,55.3,161.5,60.2,38.6,43.6,76.5,83.8,31.0,36.5,102.7,97.1,25.2,14.5,5.6,60.3,14.7
22.2,33.2,30.3,44.6,105.3,36.8,141.1,99.3,92.9,81.0,77.7,64.9,70.6,24.3,18.8,55.3,30.9,35.0,36.2,39.3,46.5,6.3,32.4,36.8,140.0,40.7,33.8,12.2,20.2,55.7,163.3,62.1,39.2,42.3,79.6,88.2,33.9,37.7,103.3,100.7,24.7,14.4,4.0,69.5,15.5
20.2,35.3,27.0,43.8,97.8,36.9,137.7,86.5,87.5,75.5,75.4,63.8,78.5,22.8,18.4,56.5,32.4,32.6,34.8,38.8,45.3,5.7,30.5,32.8,137.1,36.4,32.3,14.3,19.1,52.4,159.0,62.0,33.0,40.7,72.6,75.2,29.5,37.8,104.4,96.5,25.3,12.1,7.5,61.3,14.7
22.9,34.6,30.3,42.3,99.8,33.9,136.5,97.9,93.1,81.5,72.6,62.5,75.4,24.8,18.4,55.4,29.8,36.8,38.7,37.0,43.8,4.9,32.8,35.5,134.9,38.9,32.2,14.8,19.3,51.5,158.3,57.4,37.9,44.0,81.4,89.7,32.0,38.9,99.5,94.5,25.3,13.3,7.3,64.6,15.6
20.6,36.8,27.5,41.3,97.6,36.2,137.6,87.4,84.5,73.0,76.1,63.4,74.9,23.6,18.5,53.5,30.9,36.2,39.0,37.0,43.8,5.7,33.3,36.5,135.7,35.5,31.5,13.8,18.6,54.1,157.8,57.8,35.3,41.2,70.5,72.5,28.9,35.5,103.4,97.3,26.9,16.2,6.3,58.9,14.5
19.8,33.6,23.4,39.7,86.4,30.4,136.6,78.3,79.6,69.1,72.0,57.5,65.1,22.0,17.9,51.3,28.8,33.7,35.0,32.1,40.6,5.5,28.9,32.3,133.5,36.0,30.8,13.4,18.5,50.2,159.0,48.6,41.1,44.9,62.0,72.5,34.8,38.8,95.8,93.0,24.4,13.2,3.9,45.5,14.4
21.4,35.3,25.2,41.2,88.5,34.6,136.6,86.5,82.7,74.2,76.1,57.0,66.9,22.7,19.5,55.0,31.1,37.5,36.8,33.5,46.2,6.2,31.3,33.6,136.0,35.5,32.5,13.8,18.0,52.5,159.5,52.8,37.2,43.0,68.1,73.9,31.8,36.0,102.3,96.2,25.0,12.7,5.3,51.4,15.7
19.6,36.6,25.3,40.2,87.9,33.4,132.1,85.2,82.2,73.5,77.1,52.4,65.6,22.2,17.8,57.3,29.0,32.6,36.1,33.9,45.4,6.8,30.9,33.4,131.8,33.7,32.8,14.2,19.0,53.0,154.3,53.6,32.3,38.5,66.2,69.7,28.2,35.1,100.6,93.7,23.9,11.7,6.8,50.9,14.8
19.6,35.5,27.1,40.3,91.3,33.6,135.1,83.4,79.9,69.2,74.8,60.3,70.4,24.2,18.9,53.8,30.0,32.1,35.0,35.9,44.3,5.8,31.7,33.9,134.3,35.2,30.6,14.7,18.1,51.0,156.9,54.3,36.9,41.8,66.5,70.3,30.6,36.2,101.1,95.1,25.2,13.3,5.1,53.9,14.9
20.3,33.0,27.5,40.1,87.3,32.4,124.3,87.7,85.2,76.6,65.7,54.9,60.8,22.7,16.9,53.7,28.6,35.9,35.6,35.7,40.3,5.5,30.4,32.7,123.0,33.6,29.0,12.2,17.0,47.5,145.0,52.4,36.6,39.6,71.2,78.7,32.4,35.5,88.7,86.0,22.6,11.0,2.9,49.7,14.6
22.8,39.0,27.4,44.5,96.7,37.1,148.4,87.5,90.1,80.3,82.0,65.0,73.5,24.5,19.7,53.9,30.9,38.9,42.2,37.8,48.5,6.9,31.9,34.5,147.4,37.6,34.4,16.8,21.2,56.6,172.3,56.4,41.3,46.0,67.6,73.1,36.0,40.5,108.8,105.0,27.6,16.4,4.2,62.0,15.8
20.7,36.7,25.5,41.7,97.4,35.2,150.0,83.4,83.7,70.3,85.9,62.0,68.8,23.2,18.6,56.2,32.6,32.6,35.8,38.0,49.6,6.3,31.9,34.4,149.3,35.8,34.6,13.7,21.0,58.3,173.2,60.0,41.7,45.3,67.7,71.2,35.6,39.9,111.3,108.9,23.9,16.3,3.2,63.4,14.8
21.4,33.7,26.7,43.1,88.1,34.6,141.9,93.5,88.4,75.7,75.3,59.2,67.4,23.3,19.4,55.2,31.0,36.5,36.8,34.7,45.2,6.1,31.9,35.7,141.2,37.2,33.4,13.3,19.2,55.5,164.7,51.8,41.0,45.0,67.8,71.4,33.2,37.4,103.4,98.9,26.2,16.0,4.3,56.7,15.5
19.3,35.1,26.9,39.4,84.7,32.8,129.5,86.0,87.8,73.5,73.5,53.2,63.3,22.0,18.2,54.7,27.9,34.5,36.0,31.8,42.5,5.3,30.6,33.0,129.1,33.0,31.8,12.6,19.1,50.0,150.2,50.5,33.4,38.4,66.2,64.8,27.5,33.0,98.4,94.0,24.3,14.0,5.4,47.6,14.4
21.0,36.8,26.2,42.7,97.6,35.6,145.3,97.9,91.0,74.0,85.1,57.3,75.9,23.5,18.9,56.4,31.7,37.5,38.9,36.5,49.0,6.0,33.4,36.6,143.8,36.5,35.7,14.2,19.1,57.8,166.8,58.8,35.8,44.5,73.3,83.2,30.0,39.7,111.5,103.1,27.5,12.0,9.0,63.5,14.9
21.2,34.2,27.3,46.6,92.7,37.1,132.1,94.0,88.7,73.9,73.1,55.8,67.8,23.7,17.6,55.1,29.4,39.2,38.1,36.4,44.3,6.8,31.4,32.8,131.1,36.5,31.7,14.0,20.2,50.7,152.4,55.7,35.5,41.7,72.0,77.6,28.1,35.5,98.4,92.3,24.8,11.7,6.4,55.8,14.5
18.1,34.1,27.0,39.8,88.2,31.7,139.5,84.5,80.8,69.8,82.5,54.7,62.0,21.5,17.8,54.3,31.1,30.1,33.5,35.8,49.2,5.8,30.1,32.9,138.8,34.8,35.5,14.6,18.8,60.0,163.3,54.8,37.1,40.6,71.5,76.0,29.8,33.6,105.6,102.1,22.0,11.1,3.7,53.0,14.4
19.5,37.0,29.0,44.0,104.5,35.2,139.3,91.9,89.0,77.3,78.3,63.0,74.5,24.4,18.5,55.3,30.0,35.4,37.5,37.0,45.3,5.5,32.0,34.7,138.5,35.0,33.1,14.8,20.0,56.1,161.5,64.2,37.7,43.3,74.6,86.0,31.0,37.5,103.6,98.1,24.2,14.0,6.6,64.6,14.8
21.9,34.7,29.2,43.2,98.1,36.6,137.1,99.2,94.4,80.6,73.2,64.1,78.0,24.8,20.2,54.1,30.4,37.5,37.4,37.0,45.2,5.6,32.0,33.5,136.5,39.6,32.9,12.9,18.9,53.1,159.9,59.7,36.4,43.4,79.1,85.2,32.6,40.6,103.6,98.1,29.3,16.0,7.5,66.6,16.2
21.9,37.0,28.4,44.5,98.7,37.4,139.0,94.8,88.3,74.8,77.6,60.8,70.6,24.5,18.7,56.9,32.5,37.9,40.2,38.6,47.1,6.5,33.4,36.0,137.9,36.5,33.9,15.7,20.0,56.5,160.9,59.0,37.1,41.9,71.8,84.7,31.2,37.0,103.8,98.9,25.1,15.0,5.3,63.5,14.9
22.4,38.5,26.4,45.1,101.4,37.9,151.7,93.5,93.2,78.1,82.2,65.3,77.3,24.5,19.7,56.0,33.2,37.4,39.3,38.8,49.7,6.8,32.7,36.1,150.6,37.7,35.7,15.3,22.1,57.3,175.3,59.8,41.0,47.4,73.2,81.1,33.4,39.9,113.0,107.1,29.1,20.0,6.6,68.1,15.5
22.3,33.7,25.9,39.6,94.8,36.6,141.7,79.5,83.1,69.3,77.0,62.5,79.0,23.0,18.8,53.8,30.3,36.3,36.6,36.5,44.5,6.5,29.8,31.4,141.9,36.5,34.8,13.7,17.5,54.4,167.3,57.8,37.4,45.1,65.8,70.5,31.6,40.9,106.4,98.4,30.8,18.7,7.2,57.7,14.9
23.9,34.7,31.4,43.9,97.0,40.5,149.1,100.8,98.4,91.8,84.0,63.4,75.6,26.8,21.9,58.6,35.0,39.7,42.4,39.4,49.0,7.5,36.8,38.0,148.7,41.0,36.2,14.1,21.6,58.8,172.0,57.7,44.2,50.3,82.5,89.6,37.3,44.4,109.7,103.9,27.5,16.0,5.7,74.4,16.7
19.1,35.0,25.8,41.4,94.9,33.1,134.6,89.0,85.4,72.8,77.2,57.4,70.0,22.1,18.6,55.1,30.5,35.7,37.7,34.6,46.6,5.0,30.1,33.4,134.0,35.0,33.0,13.9,19.9,55.6,155.3,54.1,35.6,42.2,70.5,81.4,29.3,36.6,101.7,95.1,24.0,12.0,6.8,54.4,14.3
22.4,38.4,31.3,47.0,99.7,37.2,138.5,104.6,101.4,91.5,71.9,63.8,75.6,24.1,18.6,52.5,31.6,40.5,40.5,38.4,44.0,5.9,33.1,35.7,137.6,40.1,31.5,16.0,21.7,50.9,159.5,62.7,39.6,45.6,80.4,88.4,33.3,40.0,101.3,94.9,26.0,15.6,5.8,68.2,15.5
20.8,35.2,26.8,40.0,92.5,34.2,145.1,84.9,83.1,71.7,82.1,57.7,77.5,23.0,18.1,53.3,30.2,32.9,35.1,35.4,46.5,5.9,30.9,34.6,144.7,35.8,35.1,13.2,20.7,56.9,169.0,54.7,35.8,44.9,68.4,76.7,29.8,40.8,111.0,101.1,29.0,13.4,9.5,57.0,15.1
20.3,40.2,25.3,44.0,89.1,32.3,129.0,86.5,84.7,73.1,66.8,58.4,72.9,22.1,17.9,54.0,29.3,34.9,36.0,32.8,40.4,5.9,30.8,34.2,127.8,34.6,30.0,13.9,18.6,48.5,150.0,50.6,35.5,42.5,70.9,76.7,29.6,37.0,94.7,87.8,25.8,12.8,6.9,49.6,14.7
18.2,36.7,27.0,40.4,91.9,32.8,142.4,83.3,80.9,73.1,80.3,56.9,74.3,22.8,18.5,56.2,31.1,30.2,33.9,35.5,47.8,6.1,30.7,34.8,142.2,35.1,34.5,14.5,19.3,56.4,165.6,56.2,34.2,42.2,65.6,69.5,29.1,37.8,109.8,101.8,28.4,15.5,7.6,55.1,14.8
20.7,34.4,29.0,43.8,99.8,37.1,141.4,91.0,89.2,76.7,80.1,57.9,75.8,25.0,19.6,58.3,32.7,35.8,37.1,40.2,47.0,6.2,33.5,35.0,141.7,40.4,34.4,12.7,19.6,56.7,165.2,59.8,36.3,45.2,71.7,85.4,31.0,40.9,108.3,99.0,29.2,13.5,9.6,65.1,15.9
20.6,35.9,31.2,46.1,104.9,35.5,144.7,101.6,96.4,86.5,78.7,60.5,71.2,25.3,19.1,55.2,30.5,38.6,39.6,37.7,47.5,6.6,33.8,36.5,142.6,41.0,35.0,13.8,21.6,55.6,164.8,64.4,40.3,50.0,93.0,98.0,33.2,40.0,103.7,98.7,25.0,12.9,6.0,72.2,16.3
21.6,37.2,29.1,43.7,98.4,35.6,148.8,92.3,92.4,81.3,85.7,62.6,75.3,23.8,18.7,54.0,30.8,38.2,40.7,38.3,50.2,5.9,33.6,35.5,147.1,38.5,35.6,13.7,18.8,58.8,170.3,58.8,37.9,44.5,72.3,80.0,30.3,37.4,113.1,106.7,25.9,14.0,6.9,65.4,15.1
20.3,36.2,25.2,42.9,92.3,32.6,141.0,87.6,87.7,77.4,79.0,57.3,72.5,22.2,18.4,54.0,29.8,36.0,36.9,34.1,48.1,6.3,31.2,34.6,139.9,36.5,34.7,14.3,18.4,56.5,161.3,54.4,35.1,42.4,72.2,74.5,27.0,35.0,109.0,102.5,28.0,13.6,8.0,53.6,15.1
21.5,40.1,33.1,48.4,105.6,36.9,140.4,94.7,98.5,82.3,76.3,63.2,76.1,26.1,19.7,52.9,30.0,37.3,38.6,39.0,45.1,5.6,32.5,35.5,140.2,42.6,33.7,15.6,20.9,56.2,162.9,65.7,37.5,43.8,77.7,86.3,33.3,40.1,104.4,97.9,27.8,16.6,6.8,71.3,15.7
21.7,35.7,31.2,47.5,96.6,34.5,138.3,106.7,100.2,85.2,74.2,63.2,71.7,25.5,19.3,55.5,31.2,41.0,40.5,36.4,44.3,6.8,34.3,37.8,137.6,43.6,33.3,12.9,21.4,53.2,160.8,59.8,40.2,44.6,88.3,91.6,33.3,38.0,100.0,96.4,26.7,14.0,4.5,68.6,16.3
21.4,35.2,28.8,43.1,97.6,35.5,141.5,88.1,88.6,75.2,75.4,64.3,82.3,24.6,19.4,55.7,29.6,33.9,35.9,37.0,44.1,7.0,33.4,36.7,141.7,37.0,33.8,13.7,17.9,55.0,164.9,59.0,35.2,43.7,70.5,77.0,29.9,39.5,107.6,99.4,31.4,16.7,9.0,63.5,15.5
20.7,38.0,29.2,44.5,98.8,37.5,148.5,87.4,90.9,76.4,79.9,64.1,76.2,24.2,18.7,54.0,32.7,37.8,40.0,39.2,49.4,7.1,32.0,35.5,147.7,38.3,35.7,15.7,20.5,59.2,171.2,57.4,40.0,46.5,70.9,79.3,33.3,40.3,110.3,104.3,28.1,16.7,6.2,66.1,16.6
22.1,38.2,30.8,47.7,111.4,39.0,146.4,103.4,102.7,89.5,75.8,67.0,78.0,26.5,18.7,53.7,31.6,40.2,41.2,38.5,45.9,6.2,34.5,37.3,146.1,44.0,34.1,16.2,21.5,56.2,168.6,66.9,44.7,50.4,92.7,102.0,38.5,45.4,103.5,98.8,27.5,11.8,6.1,83.0,15.9
21.6,38.1,27.6,45.7,100.8,35.1,140.0,90.1,93.5,78.2,75.3,61.7,77.8,24.7,19.3,54.5,31.5,34.5,37.5,38.5,44.7,6.4,33.1,36.0,139.0,37.3,33.2,14.8,20.5,55.4,163.5,63.2,39.7,49.0,78.0,83.5,35.1,44.6,103.1,94.6,27.4,11.8,8.5,66.9,15.4
20.3,35.6,27.2,42.1,90.7,35.5,139.4,88.3,87.3,75.8,76.5,58.5,66.2,23.3,18.5,52.1,29.9,31.6,33.8,36.9,46.7,6.4,29.2,32.3,138.1,35.2,32.2,13.8,18.7,52.5,159.9,54.4,39.3,43.0,68.9,77.6,33.1,36.5,102.4,98.2,23.8,13.0,3.5,55.3,14.6
18.6,36.9,27.2,41.4,94.6,33.7,146.6,80.5,84.3,70.5,83.7,59.9,72.9,23.5,18.7,55.1,30.2,30.4,33.3,36.6,48.7,6.6,31.5,34.8,145.8,35.8,34.4,15.1,17.7,56.4,169.1,56.1,38.3,44.3,64.9,73.9,31.8,38.7,110.6,104.3,26.6,14.8,6.8,57.9,14.6
21.1,36.1,28.0,44.1,96.6,37.1,137.6,94.6,92.6,77.5,74.5,60.7,73.9,25.1,19.1,54.5,30.9,37.2,39.0,38.4,43.6,5.5,30.9,33.6,137.0,36.3,34.3,16.2,19.3,54.2,158.8,60.3,38.3,44.8,73.6,77.3,29.0,35.8,103.3,97.3,27.6,12.5,7.1,61.4,15.4
20.9,33.9,28.3,40.6,96.7,34.3,142.3,90.0,87.5,78.9,76.8,59.5,72.7,24.4,18.2,52.1,30.8,36.2,37.4,35.7,45.7,5.4,33.3,37.0,140.8,38.7,32.6,13.6,18.1,54.6,164.5,56.6,38.8,45.8,74.7,86.2,31.1,38.0,104.9,98.2,28.1,12.2,7.9,60.4,15.4
18.9,37.1,26.2,43.2,98.5,35.1,148.5,87.7,86.1,72.7,79.5,58.8,70.5,22.1,17.9,54.5,29.8,33.5,37.1,36.9,47.1,6.7,31.9,34.5,147.9,35.3,33.0,16.1,17.1,54.3,171.7,57.5,44.7,50.4,74.3,80.0,37.0,43.0,106.5,100.4,26.3,14.5,5.3,60.0,14.1
19.6,37.2,24.5,40.7,87.2,30.4,141.1,91.2,84.8,74.4,77.9,57.3,70.8,22.5,18.4,54.3,30.6,33.3,37.0,33.9,46.8,6.0,31.7,34.6,141.0,34.5,35.2,17.5,18.9,59.0,163.3,49.3,37.8,44.4,67.5,70.3,31.0,37.8,105.5,99.8,25.4,13.5,5.6,52.0,15.0
22.6,35.9,28.6,42.6,96.2,35.8,136.3,89.6,86.1,76.5,74.7,56.2,66.4,24.1,20.1,53.9,32.0,37.0,38.4,37.5,43.9,5.9,31.7,35.1,135.5,35.9,32.9,14.0,18.2,53.1,158.6,59.8,39.5,45.1,79.2,89.7,34.7,40.2,99.1,94.0,24.0,10.4,5.3,61.4,15.6
21.6,34.1,28.3,43.3,104.4,36.3,151.8,97.0,93.8,81.7,83.1,64.8,84.1,25.0,20.1,57.1,33.1,34.0,34.5,40.5,49.5,6.3,33.9,37.7,150.9,40.7,36.6,14.2,19.9,60.2,174.7,61.2,40.5,50.3,76.5,90.1,30.2,40.6,115.2,106.1,32.0,14.5,10.0,73.7,16.5
22.4,38.5,34.1,51.1,108.1,39.8,139.7,104.6,102.2,84.5,76.2,65.2,74.0,26.5,19.3,56.1,31.8,39.8,40.3,39.9,46.9,6.2,36.0,38.1,139.5,41.1,33.7,15.1,20.8,55.8,161.7,67.6,41.0,44.9,90.8,94.4,36.1,40.5,102.6,98.0,23.6,12.8,4.8,77.6,15.6
18.5,35.7,25.1,40.2,87.6,32.8,134.1,85.2,84.1,71.2,72.8,56.0,65.7,22.8,18.9,53.6,29.2,36.0,37.9,33.5,43.4,5.5,29.2,32.7,132.5,31.2,33.3,15.8,19.5,55.9,154.8,49.0,37.4,42.5,64.5,67.1,30.5,36.3,99.0,93.7,23.6,12.8,5.2,48.1,15.0
20.3,37.1,29.1,42.9,89.4,35.3,141.1,87.6,87.8,74.6,78.3,56.5,62.5,23.8,18.3,54.8,30.7,36.2,38.8,36.5,47.1,5.4,32.0,35.3,140.1,34.8,31.8,14.9,19.3,53.3,165.7,52.7,43.1,45.8,70.0,70.2,36.4,39.6,101.7,99.7,22.1,12.0,2.8,57.5,15.3
19.8,37.0,27.5,44.6,104.4,35.7,143.3,96.5,91.7,78.0,75.9,63.4,67.8,25.1,19.9,56.9,33.0,39.5,40.3,37.7,45.8,5.7,34.4,36.4,142.0,37.7,33.8,14.9,20.7,55.1,165.3,61.9,44.5,46.6,78.7,85.6,35.5,38.2,101.4,100.0,24.0,16.0,3.4,69.9,15.7
18.8,35.6,22.5,39.8,85.0,32.0,142.8,76.7,78.0,70.7,77.8,58.9,69.2,21.4,18.3,53.1,30.3,32.8,34.7,34.0,47.8,7.4,28.8,33.0,141.8,32.3,32.7,14.2,20.2,53.5,165.4,49.6,38.8,44.2,63.7,70.3,31.2,36.8,105.8,100.1,26.4,13.4,5.4,46.6,15.3
18.9,35.7,28.2,42.6,99.7,34.0,129.6,90.1,89.6,78.7,68.4,57.7,71.5,24.1,19.2,55.5,29.2,37.5,37.0,37.2,42.5,5.4,32.1,34.0,127.9,37.9,29.7,14.0,17.9,49.5,150.0,59.9,39.9,47.6,77.5,90.5,32.5,39.7,92.5,85.1,23.7,10.7,6.5,59.1,15.4
21.7,36.5,27.3,43.1,97.0,35.4,138.5,89.2,86.8,76.6,73.5,61.9,76.7,24.6,19.6,54.9,30.8,37.5,39.2,38.2,45.1,6.2,34.3,37.4,136.5,37.0,33.0,15.8,19.6,53.2,160.3,58.7,40.0,46.8,71.0,77.5,31.0,39.5,101.5,93.7,28.3,13.7,6.9,61.1,16.0
19.2,34.4,25.7,40.8,86.8,33.2,130.7,82.3,83.9,73.6,70.1,57.5,67.2,22.1,18.7,53.3,29.0,35.0,35.8,32.7,42.9,6.5,30.2,33.1,129.6,35.0,31.0,13.9,18.2,49.5,152.9,49.5,35.6,40.0,67.9,70.5,30.1,35.5,96.6,91.0,25.1,15.4,4.5,49.2,15.1
20.1,35.8,28.4,41.8,91.2,35.9,145.4,86.6,86.4,69.9,83.4,59.2,69.3,23.2,19.1,53.5,31.5,34.5,37.0,36.8,48.9,5.1,30.6,33.8,144.3,36.5,36.1,15.2,20.0,60.0,166.9,55.9,38.8,43.6,65.1,69.4,31.6,36.3,109.8,105.0,25.5,14.6,4.6,57.7,15.7
23.8,38.3,30.8,44.9,105.3,41.4,151.7,92.4,92.6,79.2,82.3,69.2,84.6,26.5,19.5,55.1,33.4,35.3,39.6,43.3,50.0,6.4,33.2,36.4,151.2,39.6,36.2,16.0,19.6,57.4,177.0,64.5,40.4,48.0,75.6,83.7,34.1,42.2,113.3,106.5,30.9,18.2,8.0,76.4,15.9
21.6,35.7,27.0,41.6,89.7,34.9,139.4,88.5,88.4,77.6,74.7,60.3,70.3,23.5,18.7,54.2,30.7,35.4,36.5,35.5,46.6,6.7,30.8,34.0,139.0,37.3,33.4,14.3,19.9,53.1,162.5,52.4,38.5,43.2,66.1,69.2,33.3,39.5,101.6,96.7,26.0,16.8,5.9,55.0,15.1
21.9,37.1,28.1,43.4,95.1,35.5,137.7,91.9,89.3,74.3,71.8,64.0,76.0,22.3,17.6,53.6,30.4,35.8,38.0,36.1,42.8,6.7,31.7,34.0,137.5,36.0,32.0,15.0,20.6,50.8,159.6,57.9,37.3,43.1,70.8,76.8,32.6,39.3,102.1,96.1,29.0,16.9,6.2,60.0,15.1
18.7,33.8,24.5,40.1,91.1,32.4,128.5,86.1,81.5,71.8,68.3,57.1,71.5,21.3,17.4,51.9,27.7,32.4,34.1,32.7,40.1,5.7,30.5,32.2,127.3,36.1,30.0,13.3,17.3,48.4,149.2,54.2,35.2,42.3,66.2,72.9,28.8,36.2,95.5,88.6,27.3,15.1,7.2,47.6,13.8
22.3,36.4,32.5,48.2,108.5,39.9,146.8,102.2,97.8,86.4,80.4,67.5,74.0,26.8,21.0,54.3,34.3,41.5,42.2,43.2,49.8,7.3,32.0,36.0,145.5,42.9,36.1,14.0,23.1,58.4,169.5,65.5,42.7,45.4,93.4,92.1,38.2,42.7,105.9,102.3,26.4,14.6,3.7,81.7,17.4
19.9,35.3,28.7,42.0,97.0,32.7,145.6,85.5,83.5,69.1,76.7,64.7,80.2,24.1,18.1,53.9,29.7,32.1,35.6,36.9,46.3,5.9,29.6,31.9,143.6,37.2,33.7,14.8,18.5,56.2,166.7,57.5,38.4,45.5,65.1,73.7,31.2,39.9,109.1,102.0,31.3,18.3,8.4,57.8,14.9
20.9,36.4,24.6,40.7,93.4,36.9,135.8,85.4,82.6,73.7,75.1,57.7,70.4,22.5,17.7,53.0,30.2,34.8,36.9,36.6,44.4,5.7,29.8,32.9,135.3,33.9,32.5,15.2,19.5,53.6,158.0,54.6,36.3,42.7,68.7,75.8,30.2,37.3,101.3,95.3,25.0,14.2,5.7,55.4,14.6
20.8,37.4,28.6,45.5,93.9,33.1,141.7,90.5,89.6,74.8,78.5,59.0,68.4,24.0,19.5,55.0,32.2,36.8,38.7,34.5,47.7,5.9,31.5,34.5,140.0,37.1,33.5,14.6,19.2,56.1,162.4,53.9,41.0,47.0,76.5,79.6,33.9,38.6,103.0,97.6,22.8,11.3,6.0,59.8,16.0
20.1,34.7,28.0,41.2,95.9,34.9,134.3,89.4,88.9,74.6,74.4,58.7,64.6,22.1,16.7,54.1,27.8,35.2,36.0,35.1,44.3,6.1,30.0,33.2,133.4,35.5,33.0,13.1,19.9,52.5,156.2,58.7,38.1,40.4,72.9,80.3,32.9,35.9,97.6,94.8,23.5,14.1,2.2,56.4,13.9
21.0,33.0,27.7,40.7,93.4,36.7,133.4,88.8,85.6,75.0,73.3,60.5,64.3,23.5,18.4,54.8,30.8,35.0,36.0,38.4,44.6,6.0,30.7,32.8,130.8,35.2,31.9,12.7,17.8,53.7,153.4,56.5,38.5,40.6,71.3,73.1,32.8,34.2,96.0,95.0,22.0,12.9,1.8,57.3,14.6
20.8,36.8,25.8,41.4,86.2,34.1,140.0,84.2,83.5,72.2,77.4,53.7,67.4,23.0,18.0,52.8,28.5,34.6,36.8,35.1,46.8,6.6,31.0,33.6,139.7,35.0,32.4,15.3,20.5,53.2,162.7,50.8,36.8,43.5,66.4,73.8,31.6,38.9,104.5,97.7,25.5,13.3,7.1,51.7,14.9
21.8,37.8,29.7,43.9,99.9,36.9,134.0,90.7,90.8,80.2,71.7,66.8,71.7,24.3,19.6,55.6,32.4,35.4,37.3,37.6,44.2,6.0,31.3,35.0,132.7,36.5,30.8,14.3,20.1,51.7,154.2,59.3,40.5,43.5,74.9,77.4,32.0,35.1,96.8,94.1,23.0,13.7,2.9,60.3,15.5
20.8,37.3,28.8,45.4,96.6,37.5,135.5,95.8,96.5,82.6,69.8,63.6,67.9,24.2,18.5,56.0,29.8,42.0,41.6,36.5,41.5,5.2,32.1,35.1,134.3,38.7,31.7,13.9,20.4,52.8,158.2,56.8,42.0,44.4,83.6,86.7,36.9,40.1,95.3,92.8,24.6,15.2,3.0,64.7,14.8
18.2,32.8,26.0,40.3,87.4,32.5,130.4,91.4,83.2,71.4,73.8,52.0,64.8,23.5,16.7,53.0,29.1,31.4,33.8,34.4,43.5,5.8,30.3,32.0,129.4,34.5,30.6,13.7,16.9,51.4,151.4,52.4,37.5,44.3,73.2,82.3,31.9,38.2,95.2,90.0,22.1,7.7,5.8,50.3,14.0
21.0,35.9,27.5,43.2,95.8,36.2,139.4,88.5,85.9,78.7,74.0,59.5,71.4,22.4,18.0,54.0,29.7,32.7,35.3,37.0,45.4,6.5,31.5,34.8,138.1,36.5,30.5,14.5,19.6,52.2,160.8,58.8,39.3,46.7,70.2,81.7,33.4,40.5,95.7,94.1,25.6,11.1,6.8,59.4,14.8
21.9,36.7,29.2,43.0,99.3,36.8,145.4,90.0,88.3,76.1,81.2,64.0,87.6,24.2,19.1,54.3,31.9,35.5,37.4,39.3,48.1,6.4,33.7,36.8,144.7,37.4,33.2,14.5,20.2,56.5,166.7,60.7,34.3,46.0,73.8,77.3,27.7,40.8,113.2,101.1,32.5,12.9,12.8,66.1,16.0
19.1,38.2,26.8,43.9,93.1,32.6,139.9,86.8,91.9,76.0,77.3,56.7,63.5,23.6,18.3,55.3,30.6,34.5,38.7,37.8,46.4,5.8,33.1,36.3,138.5,37.8,34.5,15.1,20.0,58.3,160.1,58.1,41.2,45.0,74.7,81.3,32.7,36.9,102.1,99.1,23.4,11.5,3.8,59.2,14.8
19.9,35.8,26.5,43.0,91.9,32.6,131.8,88.3,86.4,72.9,68.7,61.2,72.8,22.8,17.1,51.4,27.6,36.3,38.3,34.0,41.6,6.1,30.5,34.0,130.8,36.6,31.5,14.3,19.4,51.2,153.4,52.5,36.0,41.7,67.5,73.2,31.2,37.9,97.4,91.6,26.5,16.1,6.1,51.6,14.4
19.9,36.5,24.8,40.9,91.0,35.0,140.8,84.9,82.4,75.2,74.9,58.7,73.3,22.2,17.6,54.2,29.8,34.0,37.9,35.2,44.4,6.4,29.8,33.9,139.3,35.3,33.9,15.6,19.8,56.4,163.6,54.1,40.9,48.0,65.5,74.2,33.6,40.7,103.3,97.4,27.4,14.5,6.7,54.9,14.9
19.4,35.5,23.0,40.2,84.7,30.3,138.2,79.7,81.9,71.1,71.7,56.2,72.5,21.0,17.8,52.0,28.3,32.6,34.8,32.5,42.6,6.6,29.7,32.6,136.3,32.5,31.4,14.9,20.0,51.5,158.5,47.7,39.3,47.0,62.5,68.6,32.5,40.6,100.1,92.4,27.8,14.4,8.1,45.5,14.2
20.5,33.3,26.4,39.2,89.0,38.0,135.4,81.4,81.0,72.6,76.8,60.7,64.6,22.2,17.6,54.2,30.8,33.3,36.0,39.0,45.0,5.7,30.2,33.3,134.6,33.5,32.8,14.9,17.4,56.1,155.7,58.4,38.5,40.6,67.8,68.8,30.4,32.5,99.6,98.4,21.9,11.7,2.0,57.7,14.5
21.0,39.1,29.6,48.1,100.0,36.5,145.4,94.7,95.9,83.5,77.3,62.6,81.4,25.2,18.0,57.1,32.0,40.5,42.4,38.0,46.6,6.1,33.4,35.8,143.4,41.2,34.2,17.0,23.0,57.2,166.3,60.7,41.8,51.5,79.7,92.3,30.6,40.4,107.7,99.1,30.5,12.1,9.3,70.8,16.2
20.6,35.2,28.8,42.8,93.8,35.5,135.8,98.2,89.3,81.7,72.9,63.0,79.6,23.3,19.0,53.7,30.1,33.5,35.0,36.5,42.2,5.5,31.0,32.8,135.6,40.7,32.6,13.4,20.0,52.7,157.8,56.5,35.0,43.1,75.3,85.1,33.5,42.0,101.1,93.0,28.5,11.8,8.7,61.0,14.7
21.9,35.8,26.4,43.4,93.7,36.8,145.9,88.8,85.0,74.9,78.2,62.5,75.1,23.1,18.5,55.4,31.5,31.6,32.8,36.8,47.3,6.2,30.1,33.5,144.1,38.3,35.2,13.8,20.6,57.3,167.5,53.5,40.4,46.9,68.5,74.1,33.5,40.5,106.9,101.1,26.6,14.6,7.1,59.4,14.9
18.9,36.7,23.0,40.3,87.5,32.8,141.5,87.1,86.6,74.0,77.0,59.0,73.1,21.3,17.6,52.1,29.1,33.5,36.2,32.8,46.0,6.4,29.9,33.9,139.5,33.7,32.5,14.8,18.5,54.7,163.7,48.7,39.2,46.7,65.8,71.2,29.5,36.7,105.1,98.4,26.5,16.8,7.2,50.0,13.9
18.6,34.7,25.0,39.9,87.0,32.1,134.9,84.1,82.1,72.0,73.0,56.0,65.9,21.5,17.4,53.9,27.6,33.6,34.5,32.6,42.0,5.6,27.6,30.0,134.2,33.8,31.4,15.0,19.7,51.5,156.8,51.3,37.9,42.4,65.8,71.0,32.4,37.7,97.7,93.1,24.3,13.1,4.3,47.7,14.3
19.8,35.7,29.3,42.9,98.5,34.8,134.7,93.4,87.4,75.8,74.5,59.4,73.0,24.2,18.3,55.4,29.2,34.8,36.3,35.2,43.7,6.3,30.6,34.3,132.0,37.8,31.5,13.9,19.9,52.7,155.1,61.2,34.7,42.0,70.0,77.3,28.9,37.5,101.8,93.8,26.5,13.2,7.2,60.5,15.1
18.7,35.0,26.6,39.9,84.4,32.8,128.5,85.5,79.5,72.5,69.3,57.2,69.1,21.7,18.9,54.1,28.2,33.3,35.6,33.0,41.1,4.4,29.0,31.2,128.4,33.1,31.4,15.2,19.5,52.3,148.5,51.9,36.2,41.1,62.2,65.3,30.4,36.4,94.2,89.3,24.1,13.4,6.0,48.3,14.2
20.7,35.8,27.3,42.0,93.9,34.6,142.5,91.5,92.0,77.6,76.6,64.3,78.5,23.3,18.1,54.7,30.4,34.2,36.8,35.3,47.7,6.0,31.6,35.3,142.4,37.3,33.2,13.9,20.4,54.6,165.2,56.8,36.6,43.7,70.8,79.1,31.3,39.4,107.1,100.6,28.1,16.3,7.0,59.8,15.0
21.2,37.6,30.4,46.9,102.2,38.1,147.4,97.8,95.5,85.0,79.6,66.9,84.4,26.1,20.0,55.9,31.9,36.5,39.1,41.8,46.8,5.6,33.3,37.7,144.7,40.5,34.1,14.5,21.8,55.9,169.5,60.5,38.8,46.2,81.7,90.9,29.9,38.5,111.7,103.2,31.9,17.6,8.0,75.4,16.2
20.1,36.8,27.4,41.3,89.9,33.4,132.0,83.9,79.2,73.5,70.5,52.9,67.4,22.2,18.4,51.9,29.4,30.3,32.7,34.5,42.9,6.1,29.7,33.5,131.7,34.2,30.6,14.8,18.0,49.7,153.3,52.5,36.2,43.5,64.9,75.5,30.3,38.4,97.0,89.7,25.3,12.9,7.9,50.6,14.4
18.3,32.9,25.5,38.2,86.7,32.6,133.0,79.5,76.4,68.5,71.6,57.0,69.3,21.7,17.4,54.4,27.9,30.0,32.6,34.2,42.9,5.0,30.4,32.2,133.5,32.4,30.4,14.0,19.2,49.2,154.7,52.8,34.6,40.8,61.1,66.5,30.5,37.4,99.3,93.3,24.3,13.8,6.0,47.2,13.9
20.5,34.1,26.9,41.2,89.2,34.5,135.3,85.3,85.6,73.3,73.3,56.8,77.9,22.5,18.3,54.7,29.6,36.0,37.3,33.8,43.8,5.3,31.7,33.7,134.6,35.9,32.7,13.3,19.3,52.8,155.5,55.4,34.4,45.4,71.2,80.8,26.2,36.7,103.0,94.3,27.7,10.8,9.6,55.6,14.2
23.0,38.6,30.6,45.8,102.5,38.5,154.3,101.4,101.4,88.2,84.9,64.1,85.7,26.3,18.6,56.3,31.4,34.7,37.6,40.5,50.0,6.5,34.0,36.3,153.7,41.7,36.1,15.5,20.4,58.4,178.7,61.3,39.2,49.5,79.4,87.0,31.8,42.9,117.9,107.8,34.1,15.3,11.4,77.7,16.3
20.8,36.7,29.0,41.6,87.5,35.7,135.4,87.6,87.1,74.5,73.8,59.4,74.6,23.9,19.0,54.6,29.3,33.0,36.2,35.9,44.6,4.7,31.4,34.1,134.3,36.8,32.1,14.2,20.4,53.2,156.0,56.1,31.7,39.7,70.9,68.5,26.0,34.2,104.3,96.8,26.5,12.1,8.2,55.9,15.6
21.5,36.7,27.6,43.9,95.1,34.5,139.3,95.5,91.3,81.4,71.4,63.8,76.5,24.6,19.6,54.4,30.4,35.8,37.5,35.6,43.3,6.4,33.3,37.4,138.7,38.5,32.7,13.1,19.0,52.4,163.1,55.4,39.0,45.5,71.8,78.8,33.2,39.5,102.1,95.6,29.1,13.7,6.3,61.0,15.9
22.3,35.4,29.5,41.7,101.5,37.5,139.7,96.2,88.4,78.1,77.8,59.0,78.8,25.5,19.9,54.5,33.4,32.5,35.1,41.1,48.3,6.8,32.2,34.9,139.1,38.5,34.3,14.5,20.2,55.3,161.0,65.0,36.0,45.6,77.1,84.6,29.5,39.7,105.8,96.9,28.0,11.2,9.8,67.8,15.8
21.5,36.3,29.9,46.0,99.8,37.8,138.1,98.6,97.9,84.1,73.1,62.5,86.8,24.8,18.0,54.3,30.1,42.0,40.9,39.0,43.0,6.1,34.1,37.6,137.3,40.9,32.5,13.6,20.9,52.3,159.7,63.3,36.6,47.7,82.3,94.6,28.4,41.0,104.5,93.5,29.9,11.4,12.2,69.5,14.4
20.0,37.8,27.6,44.4,97.4,34.4,144.0,91.4,89.1,73.8,81.0,55.8,74.4,22.8,17.9,56.6,30.6,37.0,40.1,36.8,46.2,5.3,32.1,35.8,142.0,36.5,34.0,15.9,19.9,57.5,165.2,59.7,38.6,48.1,70.9,82.9,31.0,40.8,108.6,99.6,28.3,10.9,9.1,63.1,14.7
21.3,35.7,27.0,41.0,94.4,33.5,140.1,97.5,87.0,80.3,75.0,58.8,76.7,22.5,18.2,54.4,31.1,34.0,35.0,36.3,45.6,5.9,31.6,34.5,137.8,38.1,33.8,14.0,21.0,53.0,160.6,56.3,38.4,48.4,76.0,82.8,30.0,40.4,104.8,95.3,28.6,10.6,9.1,61.3,15.0
20.7,34.3,28.2,40.2,90.7,34.3,131.4,87.0,86.6,76.3,72.5,57.2,71.5,23.0,17.6,53.7,28.4,34.7,35.4,35.4,42.6,6.4,29.0,32.1,130.9,36.5,31.0,12.9,19.6,50.2,151.8,53.8,33.4,40.7,70.0,72.2,26.9,34.2,100.0,93.4,26.3,14.5,6.3,51.3,14.0
20.0,35.7,32.7,46.1,105.4,37.8,137.8,93.4,93.0,79.4,76.4,61.5,72.6,24.9,18.0,55.7,30.5,35.8,36.3,42.8,43.8,5.7,32.6,35.3,137.0,39.4,33.3,13.9,19.5,54.6,158.9,67.5,39.0,44.1,83.0,88.8,32.9,38.6,100.2,95.4,24.5,10.4,4.5,70.3,15.4
20.4,35.5,29.5,42.4,95.7,34.6,128.2,92.2,90.9,78.8,69.2,58.7,72.2,23.8,17.0,55.0,27.5,37.8,38.2,36.0,40.6,5.2,32.3,35.5,126.7,36.5,30.8,13.9,20.0,50.3,150.1,60.9,35.2,42.6,77.3,91.6,29.5,36.3,94.8,88.1,24.5,12.7,6.7,59.1,14.1
20.5,32.2,31.1,41.2,105.8,35.8,137.1,93.4,90.9,75.6,77.6,64.3,71.0,24.9,18.9,54.2,32.3,32.6,33.6,37.5,46.3,6.7,30.4,32.1,136.0,37.5,33.6,12.5,18.4,55.5,157.9,62.9,38.2,41.3,78.8,83.2,33.0,36.5,101.6,98.0,23.3,14.5,3.2,64.9,15.4
22.0,36.0,26.6,42.6,99.0,37.0,139.6,92.2,86.8,76.0,73.7,59.5,70.2,23.0,18.0,54.4,30.7,37.0,38.3,37.9,44.7,6.2,29.9,33.2,137.9,36.1,32.5,14.9,20.5,53.5,160.2,58.2,42.8,47.5,74.0,83.3,34.0,39.5,99.7,94.8,25.1,15.2,5.7,60.3,14.8
19.8,37.3,29.7,43.6,91.7,36.0,138.7,86.2,87.1,76.2,76.0,56.0,71.1,23.9,18.9,54.6,29.3,33.8,36.3,36.2,44.6,5.4,34.7,37.0,137.3,37.8,33.9,15.2,18.5,55.2,159.2,56.1,39.0,46.8,72.9,75.8,30.0,39.2,102.7,95.3,26.5,12.3,8.6,58.6,14.6
21.3,37.8,26.6,42.4,101.6,33.5,154.8,88.5,87.3,76.8,85.7,66.8,80.5,24.1,19.9,56.2,32.5,36.8,39.1,36.6,51.4,7.4,33.0,36.3,154.0,37.8,36.0,15.3,21.5,58.1,178.5,59.7,38.9,46.3,70.7,82.5,31.2,39.0,117.5,111.0,29.6,16.4,7.5,66.6,15.9
19.3,35.2,26.7,42.1,91.1,32.9,140.0,90.5,87.1,74.7,75.6,59.9,73.0,23.4,18.2,52.3,29.5,35.1,37.0,34.9,45.6,6.3,30.3,33.6,138.0,36.1,32.2,14.5,20.2,52.3,161.6,53.9,38.1,44.3,70.1,77.6,29.9,36.8,103.8,97.7,27.0,13.3,7.2,54.6,15.2
19.6,32.2,26.7,40.6,93.4,32.3,131.6,89.3,83.7,73.9,69.5,59.5,77.0,21.5,16.3,54.6,26.8,32.3,32.0,33.0,40.9,5.9,31.1,33.5,131.1,34.8,30.7,11.9,17.8,49.3,155.0,55.9,34.5,42.5,70.5,77.2,28.0,38.3,100.0,90.8,29.7,14.0,8.9,52.5,13.7
20.8,36.9,29.7,44.9,96.7,37.2,136.9,96.2,94.1,80.5,71.1,66.5,71.2,24.6,18.1,54.1,30.5,40.8,40.9,36.4,43.5,6.4,33.9,37.3,133.7,37.6,32.4,13.5,21.4,51.7,156.0,59.9,40.6,42.6,78.4,82.6,33.0,35.8,98.4,96.4,24.5,15.6,1.8,65.0,14.9
19.6,34.8,25.3,42.2,91.9,33.0,139.2,91.3,89.7,77.5,78.2,59.3,71.9,22.8,18.1,54.6,30.4,32.1,35.0,36.4,46.6,6.4,30.8,34.1,139.3,35.8,34.4,13.9,19.3,57.2,161.1,55.0,35.3,41.2,68.4,74.7,29.3,36.1,105.8,99.6,26.1,13.7,6.0,56.6,14.8
20.2,36.3,28.0,41.3,87.7,34.4,139.3,82.6,82.2,70.4,73.5,59.0,70.3,23.3,18.2,54.2,29.3,33.3,37.7,33.4,43.8,6.0,30.9,33.4,137.5,34.8,31.0,14.8,19.9,50.6,162.0,52.9,38.5,43.8,63.5,68.4,33.7,39.6,101.5,96.2,25.7,16.0,5.6,52.9,14.2
19.9,36.8,26.5,40.6,92.8,34.5,141.8,81.8,85.6,73.3,79.0,59.1,71.9,22.7,20.0,55.0,33.0,34.8,38.0,35.5,47.4,5.6,31.0,34.7,139.7,34.4,34.2,15.9,20.5,56.2,162.4,58.6,36.2,42.9,70.8,73.6,29.5,36.6,106.9,100.2,27.4,13.4,6.8,57.8,15.2
21.7,36.4,25.1,42.4,92.2,35.9,138.5,87.3,87.7,79.8,75.0,61.3,69.6,22.8,19.0,55.7,32.0,37.5,39.4,35.6,45.3,6.0,29.3,33.0,137.8,35.7,33.4,14.5,20.7,53.4,162.3,56.5,38.5,42.5,66.4,70.9,34.0,38.4,102.1,97.6,26.8,18.6,4.0,55.4,15.3
19.6,34.8,27.5,42.7,92.3,31.5,136.8,97.4,91.6,78.5,75.3,57.4,66.0,23.3,17.8,54.2,29.1,35.6,35.6,33.3,44.1,5.7,30.7,32.7,134.5,37.4,31.7,12.7,19.0,51.1,157.5,53.7,41.0,44.9,75.6,85.5,35.5,41.0,98.4,95.3,22.5,11.2,4.8,55.9,14.9
20.4,34.2,29.0,42.7,93.3,34.1,146.4,87.3,87.6,74.9,79.5,60.5,76.3,24.3,19.1,55.7,33.0,33.8,36.2,35.0,49.0,5.8,31.3,34.8,145.7,37.3,35.5,13.1,19.6,56.8,170.4,55.5,38.1,44.6,67.6,76.4,31.5,40.2,109.9,101.9,28.9,14.5,8.0,60.6,15.7
19.8,38.2,29.5,44.4,96.7,32.7,150.5,93.5,92.8,82.8,84.2,61.2,83.4,25.2,19.3,55.1,32.7,37.7,40.8,36.5,50.8,5.8,31.2,35.9,148.2,37.0,34.8,15.2,22.2,58.4,173.0,57.9,35.9,47.7,78.8,83.1,28.1,40.7,116.5,105.6,30.1,14.5,11.0,67.0,15.7
19.9,35.7,25.6,40.6,88.8,33.4,135.9,82.4,79.9,72.9,77.5,59.9,70.8,21.7,18.3,51.6,30.4,34.0,37.0,35.0,45.4,5.3,28.6,32.3,134.3,34.7,33.4,14.5,20.1,53.6,155.9,52.6,35.9,42.1,68.5,74.2,30.1,35.5,101.3,95.7,23.3,12.9,5.6,52.0,14.7
20.6,38.0,26.2,45.0,95.3,35.4,144.7,87.4,87.8,77.0,81.5,60.1,75.5,23.6,18.6,56.9,31.6,37.0,40.4,37.3,49.5,5.6,32.4,37.2,145.2,35.5,36.8,15.9,20.9,61.9,169.3,57.6,36.6,44.4,71.6,75.5,30.7,39.6,110.5,103.5,26.9,13.3,7.7,63.4,15.3
19.2,35.0,24.1,42.0,90.4,31.8,136.7,92.1,87.4,74.5,71.8,57.3,72.8,23.1,17.5,53.9,28.5,40.5,41.1,32.4,43.1,6.2,29.9,33.6,134.7,37.4,32.0,13.1,22.1,50.4,157.7,52.0,38.7,47.5,72.0,82.7,29.5,38.0,101.5,93.3,28.2,13.1,8.2,53.2,14.5
21.4,38.2,29.0,44.9,102.8,35.8,146.3,93.8,90.3,78.6,79.6,61.5,76.3,23.7,17.9,54.3,30.7,34.1,37.9,36.2,46.5,5.3,30.0,34.1,144.6,36.1,33.3,16.0,20.9,55.7,168.4,60.9,40.3,47.5,72.5,86.0,32.1,40.0,109.2,101.8,29.2,16.5,7.5,65.5,15.3
22.0,38.0,29.0,45.3,103.6,35.6,150.7,95.8,90.0,81.1,81.5,61.5,81.1,24.4,19.3,56.2,31.7,37.2,39.6,37.5,48.4,6.5,30.5,34.9,149.1,38.4,33.1,14.5,19.6,55.4,173.8,60.4,40.4,50.2,76.8,86.7,31.5,42.8,113.6,103.0,31.5,16.5,11.5,70.0,15.7
19.8,41.2,27.7,47.1,106.4,36.5,159.7,96.6,93.2,83.3,89.1,68.3,84.6,25.2,19.3,55.5,32.3,40.1,43.2,39.1,53.6,7.0,33.8,37.0,157.1,38.1,38.4,16.1,23.1,64.1,181.9,58.0,40.4,49.1,79.9,89.5,30.9,39.7,122.2,114.5,30.7,17.2,8.9,74.1,15.5
20.5,36.7,30.7,44.5,100.1,37.1,142.6,95.7,91.4,84.5,74.5,67.2,81.5,25.3,18.1,53.4,30.5,34.0,36.2,36.7,46.7,6.1,32.1,34.5,142.4,38.8,33.5,14.2,18.6,55.0,165.7,60.9,38.8,45.5,72.1,78.1,32.9,41.0,105.3,98.7,26.3,16.2,6.9,67.0,15.3
21.5,35.7,26.6,42.1,96.5,34.8,140.9,83.3,83.1,70.2,72.9,59.4,76.7,23.9,19.2,54.1,32.6,33.7,36.7,37.0,46.0,6.0,31.3,34.9,139.4,37.3,32.6,13.1,20.3,54.1,163.4,57.3,36.0,44.5,66.7,74.1,27.8,37.6,106.1,97.2,29.2,16.5,8.9,57.6,15.7
20.2,37.0,27.3,43.6,98.2,33.7,147.9,94.4,89.7,78.2,83.1,62.0,75.6,22.8,18.7,54.0,31.4,38.9,40.5,35.6,50.1,5.9,32.5,35.1,146.2,36.2,33.6,14.2,20.2,57.1,169.5,58.5,38.2,45.5,72.7,81.8,29.5,36.2,111.9,106.2,26.9,12.7,6.8,64.4,15.0
21.1,35.5,29.9,44.0,103.7,37.4,135.7,98.4,90.2,81.2,73.6,57.7,73.4,24.6,18.6,52.7,31.1,36.3,37.9,36.9,43.1,7.0,32.3,34.8,133.9,38.3,32.1,13.2,19.5,52.3,157.7,61.4,40.4,49.0,80.7,104.5,33.2,41.0,99.8,92.7,25.7,8.1,9.3,68.5,14.9
20.5,36.9,26.5,43.1,95.3,33.2,144.6,92.7,85.3,74.2,77.9,62.5,75.0,24.0,19.4,54.3,31.2,38.2,39.4,35.2,46.8,6.0,29.9,33.4,143.4,36.5,35.1,14.7,21.4,56.6,167.6,53.7,40.4,45.9,69.0,76.9,33.6,40.2,106.0,100.5,26.3,17.1,5.6,58.2,15.4
21.2,34.8,26.2,41.5,92.6,35.8,141.4,89.9,84.1,75.0,78.8,56.9,71.2,23.1,18.3,55.8,31.4,32.3,36.1,37.0,47.4,6.2,32.0,35.4,140.8,35.4,33.7,14.1,22.1,56.2,164.7,55.4,37.0,44.4,67.2,76.4,32.2,39.8,105.4,98.4,26.1,14.0,7.0,57.4,14.9
21.9,35.1,32.0,41.8,98.3,38.2,139.3,97.9,90.2,80.5,76.7,56.4,69.8,25.0,18.6,53.9,32.7,37.0,38.9,37.9,45.8,6.0,32.8,36.3,137.8,36.6,33.6,14.4,18.9,56.0,161.0,62.3,39.8,46.3,76.3,85.5,31.4,39.0,102.2,96.0,24.2,11.0,6.3,67.7,15.5
22.3,38.1,28.0,43.7,99.8,38.5,149.4,91.2,86.6,76.6,83.4,60.1,72.7,24.5,18.8,57.4,31.3,36.5,40.0,38.5,49.5,5.6,30.8,34.8,147.1,37.1,36.6,15.4,21.8,60.6,172.6,60.1,42.2,48.4,71.4,82.0,34.0,38.9,109.5,103.8,25.3,15.6,5.8,67.3,15.0
21.0,38.8,27.0,43.6,98.5,35.5,140.8,88.2,87.9,77.8,76.7,61.9,75.7,23.3,19.1,57.1,33.5,35.0,37.6,36.3,46.1,5.6,32.7,36.1,140.1,35.8,34.0,15.2,19.5,55.4,164.0,58.7,38.3,44.6,70.7,76.5,33.5,41.6,104.6,97.4,25.7,14.4,9.0,61.5,15.4
18.6,36.3,25.5,42.0,89.5,33.3,132.4,86.2,83.8,74.3,71.0,55.4,69.9,22.3,16.9,55.3,28.6,34.6,36.3,32.4,42.5,5.6,31.6,33.3,132.0,35.6,31.8,14.9,20.9,53.1,155.8,54.0,36.1,42.9,70.5,79.4,29.9,38.3,98.7,91.8,26.2,14.3,7.5,51.8,13.9
20.4,36.5,28.4,45.2,101.9,33.9,138.1,104.0,97.5,83.2,74.0,61.7,69.1,24.7,20.0,53.7,29.3,40.2,40.9,34.8,44.7,6.2,32.9,35.9,138.0,41.9,33.3,15.3,21.7,53.0,159.1,61.9,41.1,45.5,87.7,92.9,35.8,40.1,98.2,93.9,23.7,11.3,4.7,67.6,15.7
20.2,38.6,30.3,45.6,102.4,33.6,147.8,100.5,90.2,79.4,83.3,61.5,80.3,25.3,19.0,54.2,32.0,37.5,40.4,37.2,49.7,6.4,33.7,37.4,144.9,37.4,34.8,14.7,20.2,56.1,168.7,62.6,35.7,45.4,82.8,91.2,29.0,41.0,113.6,102.5,29.1,14.7,8.9,70.0,15.3
21.3,35.9,28.5,42.7,95.3,35.0,139.3,82.6,84.9,75.2,74.1,65.7,80.7,24.7,18.9,55.0,30.0,36.0,38.1,35.9,45.1,6.2,31.5,33.1,138.3,37.9,32.9,15.6,19.3,53.6,160.8,55.7,37.7,45.7,71.3,82.4,29.2,37.4,104.9,97.2,28.5,15.1,8.0,58.7,15.3
22.8,36.0,29.1,43.8,99.7,39.3,137.7,99.1,93.7,82.6,72.2,58.2,77.2,26.2,18.9,57.8,32.8,38.0,37.9,38.3,43.2,6.3,32.6,35.2,136.5,39.5,31.7,14.1,22.0,52.0,161.7,58.7,39.0,48.0,80.8,94.2,32.1,42.7,101.7,91.9,28.0,11.1,10.1,69.5,16.0
20.2,38.1,27.4,43.7,96.9,34.1,139.3,97.1,91.1,79.5,80.5,58.2,69.9,23.4,18.9,56.7,31.7,36.5,39.0,35.5,47.3,6.0,31.9,34.0,138.0,37.7,33.6,15.0,20.3,54.8,161.4,60.0,35.6,41.6,74.6,80.7,30.8,37.0,106.0,100.5,25.2,12.9,6.2,63.0,15.5
20.2,36.4,28.0,41.3,94.4,34.3,145.4,89.5,85.8,76.4,77.7,61.3,81.5,23.6,19.2,56.3,29.9,35.2,37.1,36.2,47.6,7.3,33.4,35.9,144.0,36.5,33.4,13.6,19.6,54.6,169.1,57.3,37.0,47.3,70.3,77.7,29.2,39.8,110.6,100.3,31.3,15.2,10.0,61.1,15.3
21.5,35.4,26.1,42.8,98.5,35.5,145.0,98.0,85.1,75.4,77.5,61.5,72.2,22.5,18.0,54.5,31.5,39.0,39.5,35.4,46.8,5.5,31.4,34.9,143.3,36.7,33.6,14.5,18.7,54.7,166.5,58.5,42.1,47.6,73.8,83.7,34.1,39.6,105.8,100.8,27.1,16.5,5.0,63.6,14.5
22.0,40.9,34.8,50.1,108.1,36.7,157.5,104.7,101.6,84.6,87.4,68.7,85.5,27.3,21.0,56.7,35.4,41.5,43.9,39.9,52.6,8.3,35.0,38.7,156.9,43.0,36.2,16.4,23.3,63.7,180.5,65.6,40.2,47.4,81.5,89.3,34.0,41.9,119.6,112.3,30.5,15.9,7.9,87.1,16.5
20.9,37.3,28.1,45.0,94.1,33.8,143.7,86.2,87.0,69.1,78.0,60.0,82.5,23.9,19.6,55.9,32.4,36.3,39.4,35.3,45.7,5.5,30.4,33.1,143.1,40.5,34.3,14.4,20.9,58.3,167.6,56.3,36.1,47.5,69.2,80.6,31.2,43.1,108.9,98.6,30.3,12.3,11.3,61.4,15.8
21.0,38.4,26.7,43.4,95.7,35.6,154.1,82.4,86.3,74.9,83.5,63.0,76.6,23.7,19.9,54.0,31.6,37.0,39.5,36.0,47.6,6.1,31.1,34.5,152.1,35.4,33.7,16.2,20.9,55.5,178.1,55.9,42.4,49.0,67.1,75.3,34.1,41.4,114.5,107.9,29.7,16.6,7.1,61.7,15.1
19.0,38.6,26.5,41.2,90.5,33.0,128.8,82.7,80.3,69.3,71.8,55.5,65.4,22.7,17.7,55.4,30.3,32.7,33.7,34.1,43.0,5.0,31.4,34.5,128.9,34.3,31.6,13.3,18.2,52.7,150.7,54.8,31.1,37.7,64.8,67.0,29.0,34.2,96.3,92.3,23.1,13.3,4.8,49.4,14.0
20.5,35.8,29.0,43.5,103.0,36.8,141.5,90.9,89.2,71.8,73.0,67.9,74.9,24.2,18.6,56.2,29.8,35.0,36.7,37.8,44.3,6.3,30.5,34.0,140.8,39.0,34.0,13.9,21.3,55.0,164.4,61.1,42.6,46.2,75.0,81.6,35.0,38.3,102.1,98.9,25.4,18.5,3.7,66.8,15.3
19.8,34.7,28.6,43.3,97.8,34.0,141.2,87.8,86.5,73.9,78.1,59.4,76.5,23.6,19.0,55.0,29.5,34.2,36.4,35.5,46.2,5.5,32.9,36.5,140.4,37.0,34.2,12.8,19.3,55.8,162.0,60.6,35.7,44.3,69.2,78.5,29.1,37.9,108.2,99.3,28.0,12.4,7.7,60.8,14.2
21.1,35.5,27.0,43.4,94.0,33.3,147.7,90.5,89.2,73.5,80.8,62.2,77.5,24.6,20.1,53.4,32.0,33.8,36.3,35.8,48.3,6.3,31.0,34.4,146.0,34.8,33.7,13.8,20.0,57.3,169.3,59.5,40.1,47.5,71.3,75.3,32.3,39.4,109.7,102.8,28.8,13.0,7.9,62.5,15.4
18.0,34.2,24.2,40.2,84.8,31.0,134.5,82.6,80.9,67.8,76.2,56.0,73.1,20.7,17.2,52.6,28.6,35.6,36.4,31.7,44.9,5.0,29.1,32.8,133.8,32.4,32.7,13.3,20.5,54.6,155.8,49.0,32.3,40.5,63.3,67.8,24.9,34.5,103.1,95.8,27.5,12.8,8.0,45.7,13.7
22.0,38.1,29.9,46.1,99.4,36.5,155.7,97.1,95.5,80.3,85.0,64.4,80.6,25.8,19.3,54.0,31.3,41.0,41.4,37.0,50.2,6.5,32.2,36.3,153.8,40.8,35.8,15.5,22.2,59.6,178.3,59.0,40.5,48.3,73.8,80.6,33.2,41.7,116.9,109.3,30.4,17.6,7.7,72.4,15.9
20.0,35.2,27.0,41.2,90.1,35.2,139.0,83.8,85.2,70.5,76.8,60.3,71.0,22.9,17.8,54.5,29.5,34.4,36.7,32.5,44.0,6.1,30.1,33.7,137.6,35.5,33.5,13.5,19.9,53.9,160.9,53.9,36.4,41.5,66.6,73.6,30.5,36.1,103.2,97.8,27.4,17.0,4.8,55.1,14.5
21.1,36.6,27.6,41.5,91.6,33.1,141.3,88.3,82.9,74.3,74.1,67.6,76.0,24.4,18.8,56.9,30.6,35.1,38.0,36.8,44.0,6.5,31.4,34.8,138.9,35.9,32.7,13.9,21.2,51.7,164.9,54.6,39.8,43.6,67.8,70.9,32.4,37.0,103.6,99.3,28.5,18.6,3.8,59.0,15.1
19.9,39.1,26.7,42.9,88.7,33.6,140.6,80.0,83.4,70.8,77.9,56.5,68.5,22.9,18.8,54.2,29.1,36.7,40.1,33.4,46.1,5.4,30.5,33.9,138.8,35.5,33.2,15.8,20.9,55.7,162.8,54.7,38.7,45.0,65.7,67.1,32.4,39.1,104.3,97.3,26.3,14.4,6.4,52.8,15.0
19.8,36.7,26.5,43.1,95.4,33.1,138.7,97.8,88.1,77.7,76.7,58.9,65.0,23.5,19.1,54.6,29.7,36.5,38.7,35.0,45.8,6.5,30.5,32.2,137.4,38.5,34.0,14.6,21.2,54.7,159.7,56.1,40.3,43.5,77.5,82.1,34.5,37.4,100.5,97.6,24.2,14.8,2.7,58.7,14.8
19.9,37.6,26.9,43.6,94.2,33.2,140.4,88.2,87.6,80.0,75.1,60.3,72.5,23.2,19.0,55.0,28.7,37.8,39.8,33.8,44.6,5.9,31.4,34.0,139.3,38.8,34.7,15.3,20.9,54.9,164.0,54.9,40.2,46.0,73.7,80.3,33.3,40.2,102.8,97.0,27.0,16.1,5.7,59.0,15.3
19.9,37.0,26.0,42.7,93.4,36.3,144.1,86.4,85.4,74.8,78.8,57.1,70.7,22.9,17.5,53.3,29.0,32.3,34.4,35.1,45.9,6.7,31.4,34.4,142.7,37.0,34.5,13.7,19.6,56.4,166.0,54.9,37.4,43.9,71.0,74.0,31.1,38.5,107.4,100.5,27.5,15.4,6.4,57.5,14.5
20.7,35.2,31.0,44.3,102.9,37.6,138.2,99.7,96.5,87.0,76.3,56.9,76.9,24.6,17.9,54.6,30.4,41.1,40.4,39.8,46.3,7.0,29.9,32.5,137.2,39.2,32.9,14.2,21.3,51.5,159.7,61.6,35.2,45.5,81.1,95.3,30.9,41.6,105.0,95.2,28.3,11.1,10.8,69.9,14.7
18.2,32.3,23.0,40.1,87.7,29.8,134.7,86.7,86.3,75.9,75.0,54.9,68.5,21.6,17.5,52.3,27.6,35.7,35.7,32.9,43.7,6.2,29.7,32.3,134.2,36.1,33.0,12.0,19.6,54.1,156.9,52.1,35.6,42.3,67.1,74.7,29.5,36.5,101.2,94.7,26.0,14.0,7.7,47.7,14.0
19.2,37.5,25.6,43.2,90.0,35.4,144.7,87.8,89.7,74.9,79.0,58.5,68.9,23.0,17.9,54.4,29.0,34.5,38.0,35.0,47.8,6.1,31.2,33.8,143.3,36.6,34.0,15.5,21.5,56.8,166.7,56.1,39.5,44.6,68.6,70.8,33.2,38.5,107.0,101.5,26.9,16.0,5.1,55.5,13.6
19.2,34.4,26.3,41.3,92.4,33.0,136.2,83.8,86.4,72.2,72.4,59.0,71.7,22.6,18.3,54.1,28.8,31.3,32.9,33.1,41.3,5.8,30.0,33.3,133.7,37.5,31.4,12.9,18.8,50.5,156.4,55.7,36.0,42.4,64.7,67.5,30.6,37.6,99.5,93.6,27.5,15.7,6.5,51.9,14.2
19.3,34.2,24.5,41.3,87.3,33.1,132.2,84.6,83.5,75.3,68.9,57.6,68.4,21.8,17.0,53.5,27.8,34.2,35.7,33.0,42.1,6.5,29.9,34.3,131.9,35.5,31.2,15.5,19.0,49.1,153.5,51.1,39.0,43.9,65.4,71.5,32.8,37.8,95.5,90.8,25.8,14.3,5.1,49.4,13.8
19.8,36.8,26.2,42.0,89.9,34.5,140.7,86.7,86.3,77.2,76.5,58.5,71.5,23.1,18.8,53.4,29.3,35.5,38.3,33.7,44.5,6.1,30.3,33.3,139.0,35.0,33.5,15.4,19.3,53.1,163.0,53.4,36.7,43.4,65.5,69.2,32.0,39.1,104.8,98.9,27.9,15.0,6.6,54.1,15.0
19.9,39.0,27.3,45.5,96.9,33.3,144.8,93.7,91.5,79.7,75.8,61.3,74.6,24.0,18.3,54.0,29.7,35.1,37.6,36.4,44.1,6.8,32.5,34.0,141.6,38.8,32.2,15.0,20.7,52.8,165.0,55.4,40.5,46.9,73.3,82.5,34.5,42.0,105.4,98.3,29.3,16.7,6.0,61.6,14.5
23.1,38.9,30.5,47.2,102.1,38.1,137.7,104.0,98.3,86.7,73.8,70.3,83.8,25.4,18.9,55.3,28.3,35.2,38.8,38.6,44.4,6.7,32.2,34.7,135.8,40.6,32.6,15.3,21.4,53.8,157.8,62.9,36.7,43.9,80.0,91.4,33.3,41.1,103.5,97.3,28.2,14.2,7.2,71.0,14.7
20.0,36.5,25.5,44.5,95.7,33.0,139.2,91.9,84.6,76.3,73.0,62.1,75.5,21.3,17.7,54.9,28.7,30.3,33.4,33.3,42.9,5.9,29.7,33.7,137.9,36.3,33.0,14.9,18.5,52.9,162.0,54.3,36.6,42.9,70.8,74.5,31.0,38.1,103.6,97.0,27.4,17.1,6.5,55.9,14.1
20.9,39.6,28.2,43.9,96.3,34.8,149.9,91.5,87.2,78.6,81.4,60.0,73.3,23.8,18.8,54.5,30.1,33.4,35.8,35.1,47.8,5.8,33.9,36.5,147.8,38.2,36.6,16.2,20.2,58.5,172.0,55.1,41.5,48.3,73.6,78.3,34.2,41.4,110.9,104.2,28.0,15.4,6.4,62.7,16.1
20.1,35.0,26.6,40.7,94.2,32.8,141.8,82.1,81.1,67.5,77.4,58.0,71.5,22.6,18.5,55.1,30.1,29.8,33.1,35.2,45.6,6.3,31.7,35.0,140.7,36.4,33.1,13.1,19.2,53.4,165.1,52.6,39.0,45.0,65.5,70.7,32.4,39.7,104.9,98.0,28.3,14.9,7.0,53.5,14.5
19.5,35.8,25.8,41.9,90.3,34.4,130.8,86.1,85.1,75.8,70.5,56.7,69.2,21.4,18.0,51.8,28.9,35.8,38.3,34.5,41.5,5.6,29.2,32.4,130.1,34.5,32.2,14.9,19.0,51.5,152.1,52.7,36.2,42.3,70.5,73.3,30.4,37.2,96.4,89.2,25.3,14.7,6.1,50.2,14.1
19.9,34.8,27.2,40.5,99.5,37.8,141.2,90.9,85.2,73.0,77.0,61.8,74.0,23.0,17.8,54.5,29.2,32.8,35.5,38.5,43.7,6.4,31.1,34.1,140.0,37.8,34.0,13.2,19.0,54.5,163.9,61.6,39.2,45.5,68.8,77.1,34.0,40.2,104.3,98.3,27.8,15.3,6.2,62.4,14.7
20.7,36.5,28.7,44.7,108.2,37.0,143.8,94.0,91.2,81.8,77.7,69.6,83.5,24.0,17.9,53.0,30.6,33.5,36.3,37.2,46.6,6.1,31.9,34.0,143.6,37.4,33.2,14.6,21.0,53.7,166.0,67.0,36.1,43.8,81.2,89.2,34.6,41.7,108.5,100.5,29.4,17.6,7.2,72.4,14.4
19.9,35.7,27.5,42.0,91.4,34.5,134.4,87.3,86.3,75.5,70.1,60.6,72.1,23.1,18.6,53.5,29.1,35.2,35.2,33.9,41.3,6.1,30.9,34.2,132.8,38.1,31.9,14.0,20.8,52.1,156.7,53.7,37.0,42.3,67.0,70.5,31.9,37.4,98.2,93.1,27.9,16.8,5.7,53.8,14.5
19.7,36.7,30.0,43.5,95.3,35.3,136.5,91.2,88.2,78.3,76.4,60.4,74.6,24.4,19.4,52.0,30.3,35.7,39.0,37.2,45.4,5.5,31.8,35.8,135.5,37.2,32.6,14.6,20.1,53.6,158.4,61.2,33.4,41.3,73.8,78.4,29.4,36.4,104.7,96.9,26.9,12.1,7.5,61.5,14.5
18.9,36.6,28.0,44.3,99.7,34.0,133.7,90.2,92.3,75.9,74.5,57.8,75.9,22.7,17.9,56.1,31.0,38.5,40.1,35.9,44.3,5.8,30.8,34.7,131.4,36.4,31.5,14.7,20.4,54.3,153.8,62.3,34.3,44.2,74.9,87.0,27.4,37.1,102.7,92.7,27.0,10.7,9.2,60.7,14.5
21.3,36.7,28.8,42.9,95.3,37.6,139.9,93.8,90.9,82.0,74.6,61.2,75.2,24.3,19.3,53.3,31.1,37.0,39.7,36.0,45.5,5.8,30.9,34.5,138.9,36.4,33.6,15.7,21.1,53.4,162.8,56.0,36.4,44.3,72.5,78.4,32.9,41.3,104.6,96.4,29.3,15.6,7.8,62.7,15.3
21.1,36.3,30.8,42.3,94.3,35.4,136.3,89.9,88.8,75.5,76.6,59.5,74.5,23.7,19.9,57.1,30.6,33.9,36.2,34.6,44.2,6.1,32.2,35.5,135.5,37.5,32.9,14.0,19.9,54.2,157.2,58.6,33.7,40.5,73.2,72.9,27.0,35.3,105.3,97.0,27.2,15.1,7.0,59.5,15.5
17.9,35.4,26.2,40.9,89.3,32.6,133.8,83.3,83.5,71.5,71.3,58.9,68.9,22.1,17.4,55.2,27.6,32.5,34.9,34.3,42.2,5.3,29.4,31.8,133.1,33.1,31.5,13.7,18.3,52.2,156.0,53.7,37.2,42.0,63.5,63.2,33.0,38.3,98.3,92.7,25.4,15.9,5.5,49.7,14.0
21.4,38.7,33.2,46.6,109.2,38.3,150.5,99.2,100.1,88.3,83.2,67.9,80.5,26.0,18.4,56.2,32.0,34.2,36.6,41.0,50.3,6.7,31.6,35.6,148.9,41.3,33.8,14.2,21.5,55.8,172.2,65.3,38.7,45.1,84.4,91.2,34.4,41.5,112.2,106.4,28.7,16.0,6.8,80.1,15.8
22.5,37.8,30.0,46.0,107.1,38.6,141.5,98.3,92.3,84.7,73.5,64.1,80.4,23.8,18.1,54.5,31.3,36.7,39.4,37.2,44.7,6.3,33.3,36.3,140.3,38.5,32.8,14.7,21.0,53.5,162.4,63.5,39.0,46.7,81.8,93.1,32.1,41.0,104.9,97.0,29.9,16.3,7.2,72.7,15.5
20.5,38.8,28.8,44.6,95.8,36.0,146.8,96.7,95.2,80.7,80.5,61.5,73.2,24.7,18.9,56.3,31.3,39.3,42.1,38.0,47.1,6.4,33.8,36.8,144.8,38.8,34.9,16.2,20.3,56.5,169.5,57.2,40.6,46.5,75.5,81.5,32.2,38.9,108.7,102.3,28.5,15.3,6.8,65.5,15.3
20.2,36.4,27.7,42.8,92.9,32.6,135.9,87.8,88.1,74.9,74.9,55.4,74.0,22.6,18.7,54.8,31.5,37.2,39.0,35.1,45.4,5.6,32.4,36.1,135.6,36.6,31.6,14.8,21.0,53.0,159.0,57.1,35.0,44.9,71.4,79.2,30.1,40.2,101.7,92.8,26.6,11.3,8.8,56.3,14.8
20.0,35.3,30.5,44.6,97.8,34.3,141.1,94.7,91.6,77.9,74.7,65.8,86.2,24.9,19.6,55.7,30.3,35.0,36.8,37.4,45.1,5.9,33.7,36.7,140.1,39.8,34.0,13.7,20.1,54.1,163.3,58.3,36.3,46.1,75.2,85.1,29.1,40.9,108.4,97.1,31.5,16.0,10.4,67.0,15.3
21.8,36.0,29.1,42.8,100.5,38.4,138.4,95.4,89.8,81.2,73.9,63.8,80.3,25.2,18.9,54.1,30.0,34.7,36.1,39.2,43.9,6.5,32.5,35.0,137.0,38.9,33.0,13.7,19.7,54.3,160.5,62.8,34.6,43.0,76.3,79.4,29.9,38.5,105.8,97.2,29.7,15.0,8.6,66.0,15.5
20.5,33.3,29.5,41.6,96.8,36.3,140.1,94.5,91.8,77.2,75.3,59.5,75.4,24.2,17.9,54.1,28.9,33.6,34.3,35.8,43.9,6.4,31.9,35.1,139.8,39.5,32.0,12.9,19.4,52.2,162.4,59.7,37.7,45.0,74.0,81.8,33.5,42.6,103.8,95.7,28.9,15.1,7.7,62.8,14.7
21.2,34.5,28.2,42.9,95.6,35.7,135.8,93.1,91.3,80.0,71.8,62.2,76.2,23.8,18.4,51.9,31.0,36.0,37.3,35.8,42.4,6.7,31.8,33.2,133.8,39.0,31.3,14.1,20.5,51.5,157.8,59.1,36.4,43.7,72.6,78.3,30.5,38.3,101.5,93.5,27.8,15.9,7.5,59.2,14.8
20.5,38.3,27.6,45.1,94.7,34.6,148.4,89.4,91.4,73.7,84.8,61.0,76.4,24.0,19.1,58.2,31.1,35.8,38.2,35.8,49.8,6.1,32.8,35.7,147.1,36.8,35.0,16.0,22.2,58.7,170.8,58.1,36.2,40.1,71.0,78.6,30.2,38.3,113.5,105.0,28.9,14.7,7.8,63.1,14.8
20.7,37.1,26.3,42.3,92.0,35.2,135.4,85.3,85.2,71.5,75.0,59.5,69.3,22.0,17.2,54.1,30.7,36.5,39.1,34.1,45.5,6.5,30.6,33.9,134.4,33.3,31.9,15.5,20.4,54.0,157.9,53.8,35.2,40.1,64.8,67.6,31.7,36.5,101.2,96.6,24.7,14.6,4.8,53.3,14.8
21.1,36.2,28.3,44.1,91.8,34.9,128.1,96.3,96.7,85.8,67.0,55.7,68.9,23.7,17.8,53.3,29.5,39.7,39.6,34.4,40.2,5.9,33.1,35.2,126.3,37.4,29.7,14.6,20.2,46.6,146.9,54.6,36.3,42.2,82.6,87.5,29.6,36.9,94.0,87.3,25.8,10.9,6.7,57.8,14.8
22.2,36.5,29.2,43.6,101.1,37.7,132.3,96.2,91.3,80.5,70.2,59.4,82.0,24.3,18.1,55.1,30.0,36.7,37.8,37.5,41.4,5.4,30.5,32.4,131.3,38.5,31.4,15.3,20.2,50.2,154.4,60.3,34.5,46.0,75.0,92.1,29.0,39.9,101.6,91.8,30.9,13.6,11.1,63.5,15.2
20.5,37.9,26.2,42.4,89.8,34.5,148.5,87.3,85.7,74.0,83.4,58.6,71.8,23.4,18.2,56.8,31.8,35.5,39.7,35.1,47.5,6.6,34.1,35.1,147.5,36.3,36.6,15.8,19.0,61.2,170.7,54.3,39.8,46.5,67.4,69.8,32.0,39.4,111.4,104.6,27.8,15.1,8.2,59.5,14.5
22.2,36.0,32.6,44.7,106.7,39.2,137.0,100.8,97.2,83.3,72.4,69.6,80.0,25.9,18.6,54.2,29.7,35.0,35.0,38.4,42.8,6.0,34.0,36.3,136.1,42.2,32.7,12.2,20.4,51.5,159.1,66.8,37.5,42.3,75.4,84.0,32.6,38.3,101.6,96.3,27.5,17.9,5.7,74.0,15.7
20.5,35.8,25.0,42.2,93.7,32.6,148.0,88.4,86.5,76.4,85.2,60.2,68.5,23.3,18.6,56.9,33.2,33.8,35.7,35.9,50.8,6.3,30.3,33.4,146.7,36.0,37.4,14.4,21.0,62.9,171.5,55.5,39.6,44.0,63.9,68.6,34.0,38.1,110.5,106.2,25.1,16.8,4.3,58.0,14.9
20.7,37.9,28.5,44.3,107.3,35.9,153.2,93.2,93.9,77.6,83.8,67.0,86.9,24.6,17.9,52.7,31.7,37.6,40.5,38.7,50.6,6.7,34.3,36.2,151.8,38.4,36.8,14.6,20.4,58.5,175.5,63.4,37.9,47.4,77.3,91.2,31.0,41.5,118.7,108.4,32.0,16.6,9.8,73.4,15.4
21.0,35.2,26.2,40.6,93.2,33.8,141.5,81.7,81.3,68.6,78.1,60.5,73.2,23.0,17.8,53.1,29.6,33.0,35.6,34.2,47.0,6.5,29.1,33.3,140.7,34.6,33.3,13.0,21.3,54.7,163.7,53.4,34.8,41.6,60.9,66.8,31.2,37.8,106.9,100.3,28.4,15.9,6.6,51.9,14.7
19.8,36.1,27.5,41.9,88.8,34.8,138.1,89.8,84.6,74.3,77.3,58.4,69.8,24.0,18.6,54.5,30.7,33.7,36.1,35.7,45.8,6.2,31.0,34.6,138.1,34.4,33.7,15.1,20.5,55.7,162.0,53.7,35.4,41.2,67.4,70.0,30.4,36.5,104.2,98.3,26.4,11.9,5.7,57.4,15.5
20.4,39.2,29.5,50.2,102.2,34.6,144.5,98.1,102.3,84.4,77.2,68.1,82.7,26.0,20.0,56.4,31.1,42.2,42.9,36.0,46.4,5.6,35.6,38.3,144.4,44.2,34.7,15.3,23.1,57.5,166.4,58.8,36.8,44.9,82.4,89.8,29.6,38.8,110.0,100.9,31.5,17.5,8.2,70.6,16.3
20.7,35.5,28.1,42.7,93.5,35.1,137.0,93.1,87.6,75.5,72.9,64.6,77.8,22.8,18.0,55.6,31.0,34.0,36.3,36.9,43.9,5.7,31.0,33.5,136.2,36.0,32.4,14.5,19.5,52.4,159.5,59.1,37.2,43.6,69.9,74.9,31.2,38.0,102.5,96.5,28.4,14.0,6.8,60.8,14.9
22.2,36.9,30.4,46.1,104.4,38.5,148.3,95.8,93.2,79.9,82.5,65.2,75.8,24.4,19.6,57.3,32.0,37.2,39.6,39.4,49.1,6.5,33.3,37.0,145.8,39.3,35.4,15.2,20.6,57.2,170.2,65.5,39.2,44.9,79.9,86.7,32.5,39.0,110.0,103.8,25.7,15.2,5.6,76.6,15.6
21.1,32.7,30.7,41.7,98.4,36.1,138.1,92.1,89.5,78.5,75.2,61.8,80.0,25.2,20.1,54.8,32.0,33.4,34.7,39.2,44.6,5.8,31.8,35.1,136.1,38.7,33.3,12.7,19.2,54.4,159.3,62.9,35.9,45.1,74.3,85.2,28.3,38.1,104.8,94.5,28.8,15.4,8.3,65.4,15.1
20.5,38.2,28.5,44.2,102.5,35.7,145.7,90.9,88.3,76.8,80.7,61.7,77.0,23.6,17.7,54.3,30.7,39.0,41.5,35.6,47.3,6.3,31.5,34.2,144.2,37.7,35.0,16.8,22.5,58.0,169.1,60.2,38.0,46.3,72.6,86.6,33.0,41.5,109.0,100.6,27.1,14.5,8.4,65.6,14.5
21.2,35.6,31.7,45.1,117.0,40.4,142.7,108.0,100.2,88.6,78.3,68.9,83.5,25.4,19.4,56.4,31.1,37.3,38.5,39.9,45.8,5.9,33.8,36.5,141.5,40.9,35.0,13.5,20.8,56.7,163.5,70.3,39.8,46.2,90.2,96.7,34.3,41.2,106.0,99.8,28.0,17.2,7.5,83.1,15.1
22.0,38.0,29.5,45.5,102.3,39.7,145.4,87.0,90.1,76.5,79.1,61.4,73.7,24.7,18.4,56.2,32.2,40.9,41.3,40.5,45.7,6.5,32.8,36.3,144.4,37.5,35.3,15.0,21.2,57.8,167.7,62.2,39.8,46.8,73.7,76.6,34.0,40.8,106.3,99.1,26.5,14.5,6.2,70.6,16.3
20.8,34.5,26.5,39.9,104.8,36.6,139.5,90.4,85.0,78.0,75.5,61.1,68.7,22.4,16.9,54.5,30.3,34.8,35.9,36.4,45.9,6.0,30.1,33.2,138.1,37.3,32.5,14.7,18.2,52.8,161.8,62.1,40.1,44.1,77.0,84.9,35.9,40.3,100.0,96.5,24.6,14.2,4.0,62.0,14.3
20.5,37.2,29.5,45.2,95.6,34.9,138.3,96.8,94.7,78.3,74.5,63.2,74.8,22.0,18.7,53.9,28.4,36.3,38.8,36.3,43.5,5.6,32.4,35.3,136.1,37.8,32.8,15.3,19.6,54.0,159.5,57.3,37.0,42.9,74.6,82.3,30.4,36.4,103.7,97.3,26.9,15.8,5.7,60.7,14.2
20.6,36.7,29.7,41.4,94.8,35.9,141.0,83.5,81.2,71.6,75.7,61.7,78.4,23.6,19.5,58.3,32.5,31.7,35.1,37.2,45.6,6.0,31.4,34.0,139.9,35.9,34.8,14.1,18.8,57.1,163.5,59.1,36.9,44.6,69.6,74.1,28.8,38.2,106.9,98.9,26.7,13.8,7.5,60.5,15.2
20.8,37.3,31.5,46.6,102.3,38.0,139.5,102.9,97.6,88.3,73.1,65.0,88.1,26.2,18.5,56.8,31.1,39.3,40.2,40.7,46.2,6.9,34.8,37.2,136.4,40.5,34.3,14.9,20.5,56.1,159.6,67.2,36.2,47.5,83.9,92.0,28.8,41.1,105.2,93.8,29.0,10.6,10.5,74.5,15.7
22.4,35.0,32.8,44.5,109.0,40.6,148.3,106.8,94.3,89.0,77.8,73.2,85.1,26.4,19.9,54.6,33.6,37.7,38.3,43.3,47.8,5.9,33.7,35.6,145.8,42.2,35.0,13.5,18.8,55.9,169.4,68.9,42.5,48.2,88.4,100.1,36.2,43.3,108.5,102.6,29.2,15.2,6.9,83.5,16.3
20.7,36.6,31.6,44.4,106.7,36.5,146.1,98.5,96.0,81.2,81.7,64.8,81.6,24.8,18.9,58.6,32.4,37.1,39.5,39.1,48.0,5.6,33.2,35.6,143.6,39.5,34.8,14.8,20.5,57.4,168.0,65.8,35.9,44.3,79.3,85.1,30.8,40.7,112.0,102.4,29.3,15.2,8.6,74.1,15.9
20.8,36.7,29.5,44.8,102.6,36.1,136.6,104.5,95.5,86.0,73.2,60.3,79.0,25.4,19.4,55.4,30.7,34.0,35.4,39.5,43.7,6.7,33.0,34.4,136.6,41.3,32.9,14.4,20.3,53.1,158.7,62.4,36.7,45.9,82.3,93.4,33.0,42.3,102.3,93.1,28.4,11.4,9.3,70.1,16.2
20.2,37.8,27.6,42.9,100.5,36.1,150.0,92.0,88.6,78.3,84.6,66.3,77.2,23.4,18.4,58.0,32.0,36.7,38.9,37.6,50.2,6.9,32.1,34.8,147.9,37.0,35.3,15.5,20.1,59.8,174.1,65.0,38.2,44.0,72.5,74.3,33.2,38.5,113.9,107.9,28.5,14.2,5.9,70.1,14.8
23.0,38.6,30.0,43.5,102.1,39.1,143.0,89.4,87.8,74.8,74.2,68.0,83.0,24.3,19.1,57.3,31.8,35.9,38.4,38.8,44.0,6.5,31.9,33.2,141.5,37.2,31.3,15.6,21.3,50.5,165.7,60.7,40.0,46.9,71.0,79.5,32.2,40.1,105.6,97.8,31.8,15.5,7.9,66.6,15.5
20.5,35.4,30.2,44.4,99.8,38.8,134.5,98.9,93.5,78.9,73.2,59.9,73.2,23.5,18.6,56.1,31.1,35.0,37.4,37.8,44.0,5.9,33.0,36.0,133.5,39.8,33.1,14.2,19.9,53.8,156.0,60.8,37.3,44.6,78.0,86.5,30.0,37.2,100.5,93.2,26.4,12.1,7.9,66.7,15.9
20.0,34.5,26.3,41.8,98.5,36.0,138.7,90.5,86.6,77.6,79.1,61.5,75.2,22.5,18.8,56.1,30.9,36.0,38.3,36.9,45.0,5.9,31.5,34.2,136.0,34.8,32.7,13.8,19.4,53.6,159.1,57.8,35.3,41.7,73.4,77.0,29.0,35.7,104.2,98.9,26.9,15.4,6.3,58.3,14.5
21.5,37.3,30.8,44.7,103.4,37.3,136.6,95.7,91.9,80.3,67.6,67.8,80.0,25.9,19.5,55.8,29.8,38.0,40.3,37.0,39.9,5.8,34.5,38.7,134.8,41.1,32.0,14.0,22.1,51.1,160.1,62.5,39.4,48.6,76.1,87.5,36.0,42.0,97.8,90.9,29.2,16.1,6.8,70.0,16.6
21.4,36.3,31.8,46.9,99.8,36.9,140.6,104.8,101.5,86.7,74.2,67.0,82.1,25.7,19.6,52.4,30.7,41.0,40.6,38.8,44.5,6.1,34.0,36.7,140.0,43.3,33.4,13.7,21.0,55.0,163.5,61.3,38.3,45.7,83.4,91.0,31.7,38.7,106.3,98.4,32.0,17.0,8.0,72.2,16.2
20.3,38.2,25.2,42.6,87.5,34.3,145.1,84.9,86.9,77.9,79.4,58.0,63.7,22.3,19.3,56.2,29.8,35.5,38.4,32.6,45.8,6.3,30.5,34.5,141.6,35.4,34.1,14.6,21.5,53.9,167.1,48.4,39.7,43.2,67.9,70.2,35.1,38.6,105.2,101.6,25.6,16.8,3.5,53.0,15.2
19.9,33.7,30.2,41.6,90.5,34.8,134.2,92.8,90.1,78.7,74.8,60.3,71.3,25.6,19.9,56.1,31.0,37.5,38.1,37.1,45.3,6.7,32.9,36.1,133.7,38.9,32.7,13.4,20.8,54.2,156.6,54.8,34.1,39.7,72.3,74.9,29.6,35.5,101.4,95.7,24.8,12.0,5.5,59.5,16.1
20.1,33.6,23.6,37.8,87.7,32.2,148.9,75.2,75.7,68.6,82.0,62.0,73.8,21.6,17.7,55.1,29.9,34.0,36.4,32.9,48.1,6.7,29.0,33.0,148.1,34.8,34.3,12.6,18.7,56.1,170.3,48.0,39.8,45.7,65.4,65.9,32.4,39.3,112.3,105.7,29.4,17.7,5.7,51.1,14.3
22.1,35.0,31.0,43.3,99.4,37.0,134.5,90.4,90.1,76.1,72.7,60.0,73.5,24.0,18.9,55.6,30.8,35.3,37.5,39.3,42.3,5.1,31.9,34.8,132.5,36.3,31.9,13.6,20.2,52.6,156.2,61.0,35.0,42.2,74.4,82.8,31.6,39.0,100.6,93.1,26.7,13.8,7.5,64.3,15.3
22.4,38.2,31.2,45.0,98.5,38.6,141.7,103.2,90.2,84.5,76.1,64.2,69.0,24.8,19.3,54.1,32.7,39.4,42.1,38.8,45.2,5.0,31.6,34.7,140.7,37.4,33.8,15.4,21.2,56.1,163.2,60.0,42.2,46.4,82.3,89.2,37.0,40.3,102.5,98.8,25.1,17.9,2.5,71.6,16.0
21.3,37.1,28.5,45.0,105.2,37.2,139.8,99.3,94.8,80.3,76.5,61.3,75.9,24.8,19.1,52.2,32.3,36.1,38.7,37.3,47.1,5.4,32.4,36.1,139.0,39.3,34.1,15.0,22.3,55.8,160.0,63.6,36.8,43.6,78.5,87.7,31.4,38.3,104.1,96.6,24.3,13.2,5.7,68.7,16.1
21.5,36.7,27.2,43.2,92.7,35.7,138.5,95.7,90.5,78.0,72.6,64.5,78.7,24.0,19.5,54.3,31.4,37.4,40.3,38.2,44.1,6.8,32.3,36.3,137.1,37.3,33.3,15.6,21.4,53.4,160.3,56.8,39.1,46.2,75.1,76.5,30.3,37.2,102.4,95.7,28.6,15.4,6.4,63.2,16.0
18.9,34.5,31.5,40.9,93.0,34.3,142.6,91.8,90.5,79.7,77.5,56.5,70.0,24.2,18.8,54.5,29.5,34.0,35.5,36.3,45.1,6.3,30.8,34.7,142.5,37.2,32.6,15.0,20.6,52.2,165.2,56.0,39.0,45.8,72.2,78.3,33.3,41.4,106.9,99.6,28.7,13.7,7.2,61.0,15.1
20.9,38.1,26.3,44.1,94.5,34.9,149.9,89.0,87.0,74.6,85.7,60.7,67.6,22.8,18.7,55.0,30.3,37.1,40.6,35.5,49.8,6.0,30.8,35.4,149.0,36.8,36.7,15.7,21.0,60.0,172.8,55.5,39.3,42.0,67.6,72.5,33.4,37.4,112.7,108.7,26.2,17.1,3.8,59.5,15.2
21.5,37.7,35.1,45.5,104.0,37.9,141.7,108.8,98.9,86.4,79.0,59.0,72.1,26.6,19.1,57.5,32.2,37.0,39.5,39.2,46.0,6.2,34.1,36.3,140.3,41.7,32.8,15.2,21.9,51.8,163.1,66.7,41.4,48.9,90.2,103.2,37.1,43.7,102.5,95.8,26.0,10.0,6.9,78.8,16.0
19.3,34.8,26.8,41.7,88.4,31.9,138.5,87.0,83.5,77.4,76.4,57.5,68.4,22.7,17.2,50.9,28.7,31.3,34.0,34.7,43.4,5.9,32.6,34.3,137.8,37.2,34.2,13.7,21.0,56.0,160.6,52.3,37.2,42.3,71.2,71.6,31.9,37.3,102.6,97.9,25.3,13.3,5.2,52.5,14.7
21.5,39.9,31.8,46.3,97.2,37.4,152.1,92.3,92.8,78.1,85.8,61.3,76.0,25.8,20.5,56.8,33.5,37.2,41.3,37.0,52.5,7.2,31.9,35.8,150.8,37.9,37.1,15.9,21.3,62.4,174.1,60.2,37.2,44.1,73.8,79.2,31.0,38.5,115.5,108.2,27.8,13.2,7.4,70.8,15.8
21.5,38.0,24.4,41.6,99.1,35.8,145.2,87.7,85.3,70.9,78.6,62.2,78.7,22.7,18.3,54.6,30.6,34.0,37.9,35.2,46.8,6.3,30.8,34.9,143.3,34.5,34.8,16.0,20.7,54.7,166.5,58.7,38.9,46.8,67.0,78.8,31.0,39.4,108.5,100.5,29.7,14.0,8.1,59.8,14.8
20.9,35.7,26.6,41.1,95.3,34.3,137.0,88.4,85.7,73.5,78.6,59.0,72.5,23.2,18.6,53.7,30.2,32.3,34.1,36.8,45.1,5.0,29.5,31.9,135.8,34.7,32.5,13.9,19.1,55.7,157.8,57.5,33.3,40.4,67.9,70.7,28.3,35.7,105.0,98.5,27.2,15.9,7.0,56.0,14.9
22.2,38.4,30.5,45.2,106.1,39.6,145.9,99.3,94.6,78.2,81.2,66.9,79.0,25.5,20.6,53.4,32.0,37.5,38.2,39.6,48.2,6.7,32.4,35.1,144.6,39.0,34.2,16.0,20.8,56.2,168.8,65.7,37.9,43.6,76.4,79.7,32.2,39.1,111.2,104.7,28.4,17.5,6.6,73.8,16.0
20.3,35.0,26.2,41.7,94.4,36.4,147.9,92.6,87.7,77.4,83.0,62.2,77.1,24.0,18.5,53.1,31.0,35.6,38.2,36.8,50.8,6.0,31.5,36.1,145.8,37.3,36.4,14.0,21.5,58.5,168.4,59.6,38.2,45.8,68.9,70.8,29.6,38.2,113.5,104.5,29.2,14.6,8.0,61.3,15.5
19.0,37.6,28.3,43.8,99.8,32.6,141.8,91.2,91.8,78.6,78.2,64.5,77.5,24.5,17.9,55.7,30.7,33.2,35.7,36.9,44.2,6.0,33.5,35.8,140.9,39.1,34.6,13.3,19.3,54.8,164.0,62.5,38.8,45.3,73.8,84.4,33.5,40.3,105.0,97.8,27.3,13.8,6.0,64.8,15.2
20.9,35.7,30.5,43.1,98.9,36.2,140.7,93.8,91.8,78.2,80.5,59.5,75.2,25.7,20.0,53.9,32.4,38.0,39.1,38.6,45.5,5.5,33.5,35.6,138.7,38.6,33.8,15.6,20.3,55.1,160.2,60.3,35.3,43.3,76.8,79.5,27.4,36.3,108.7,100.4,28.4,16.2,8.0,64.4,15.8
21.4,36.0,30.8,43.3,101.0,35.7,134.4,95.8,89.4,78.0,74.1,63.0,71.3,24.9,18.3,52.7,30.2,35.0,36.6,36.4,43.2,6.1,31.6,34.9,132.5,36.8,32.0,13.7,19.5,51.0,155.2,59.2,37.2,41.7,76.3,82.5,29.9,34.7,100.0,95.5,25.4,15.4,4.1,62.2,15.3
18.7,35.2,25.6,40.6,87.7,31.5,127.3,87.5,84.8,70.6,71.7,50.1,66.0,21.4,17.6,55.4,29.3,34.8,36.7,32.9,43.0,5.6,30.4,32.0,126.2,33.5,30.7,14.4,19.5,52.8,149.3,51.7,31.1,40.0,65.7,72.5,26.9,35.0,96.4,89.5,23.4,10.0,8.0,46.5,14.4
20.9,37.4,30.9,46.4,101.7,36.5,137.6,101.3,98.2,80.2,76.5,61.4,75.7,24.3,18.6,54.9,30.6,39.5,41.2,37.3,45.4,5.7,31.1,34.4,136.5,39.5,33.7,15.1,22.8,55.7,159.7,64.2,35.6,44.1,70.6,86.6,31.2,38.5,103.8,96.5,25.8,12.3,8.0,66.4,14.5
23.0,36.6,25.5,40.3,96.2,36.6,136.0,84.5,82.1,69.8,74.5,59.3,73.0,23.1,17.9,52.1,28.7,30.7,34.5,36.8,43.2,5.6,29.3,31.9,134.4,35.9,32.4,15.4,19.8,50.9,158.0,55.5,37.0,43.8,65.4,71.3,30.0,37.4,102.0,94.9,28.1,16.8,6.7,55.0,14.7
22.0,37.2,29.6,46.5,112.2,37.8,153.9,100.1,95.4,78.7,87.1,69.7,82.2,25.5,20.4,60.2,33.9,36.0,39.0,43.4,52.6,6.6,34.2,37.6,152.4,40.8,37.5,14.3,19.5,59.5,176.4,71.5,38.4,44.2,79.2,89.5,31.0,38.1,118.1,111.4,29.4,17.8,6.7,83.2,16.1
21.1,33.9,28.5,44.0,99.4,36.4,138.6,104.9,94.7,81.5,73.2,59.8,73.1,25.1,18.4,54.4,31.0,37.5,37.4,36.9,44.6,6.2,31.3,34.5,137.6,42.2,31.9,13.0,19.1,50.6,159.8,58.6,38.6,45.3,80.4,92.5,33.2,41.1,101.8,95.6,27.4,13.0,7.4,67.6,15.6
20.5,38.6,27.5,45.7,95.8,36.3,150.0,97.4,92.0,82.3,85.4,58.5,72.2,24.4,20.4,53.6,31.5,36.6,38.9,36.0,48.7,6.4,32.1,35.3,147.3,37.5,35.4,14.1,20.7,60.1,171.1,59.8,39.8,46.8,72.7,77.4,32.4,40.0,111.4,104.3,27.8,15.3,7.5,66.7,16.2
19.7,34.5,26.8,40.2,92.3,35.5,143.3,85.3,82.3,69.6,82.4,57.9,71.7,23.6,18.8,53.4,31.4,34.9,36.5,36.7,47.4,7.2,29.5,32.5,142.1,36.7,36.1,14.5,18.1,59.1,164.7,55.9,33.8,41.0,65.1,68.9,28.2,36.0,110.1,103.3,27.1,15.5,7.0,56.6,15.2
19.9,35.3,28.1,43.0,93.4,33.8,132.7,94.8,91.9,80.5,71.3,59.8,73.1,24.1,17.2,54.0,28.7,37.3,37.8,34.7,42.8,6.2,30.8,34.0,131.3,37.0,32.5,14.2,20.1,52.7,154.1,57.9,36.7,43.8,78.9,79.9,31.7,39.3,98.4,91.4,24.9,12.1,7.0,58.7,14.7
23.2,36.7,29.5,44.9,100.1,39.3,133.5,99.2,94.1,81.2,71.3,61.8,79.4,25.1,18.8,55.8,30.4,39.0,40.3,39.9,42.7,5.3,32.5,35.0,132.8,39.2,31.5,14.5,21.3,52.2,154.7,62.3,34.3,42.5,76.1,83.3,28.4,37.9,101.9,93.3,29.5,13.3,9.2,65.7,15.2
21.8,38.6,28.1,45.0,103.5,36.8,148.6,95.9,91.8,82.5,80.6,62.4,82.2,25.4,20.1,56.2,33.0,34.5,36.2,39.3,47.6,6.0,32.8,35.3,146.1,35.9,33.9,15.0,21.0,57.2,171.9,60.6,39.2,49.3,76.4,82.1,31.1,41.7,111.5,101.3,29.5,14.1,9.2,72.1,15.9
21.4,34.1,28.8,40.7,97.6,36.8,132.7,86.6,87.7,71.1,69.6,62.4,80.2,25.1,18.4,55.4,29.8,33.8,36.1,37.1,40.8,6.0,33.0,33.8,130.4,37.2,31.3,12.2,21.0,49.9,154.4,58.1,35.5,44.3,71.1,75.0,30.1,40.5,100.6,90.6,31.2,16.2,9.6,58.5,15.4
20.0,37.5,24.5,41.8,83.7,32.1,135.5,87.4,84.9,71.7,78.5,54.1,66.1,21.9,18.7,54.2,30.5,33.4,37.5,33.0,45.8,6.2,29.9,33.0,135.0,34.5,31.8,15.4,19.4,52.1,157.4,50.1,33.1,39.0,64.7,66.1,29.3,36.1,102.8,97.5,23.8,13.8,5.5,48.7,14.1
21.8,34.2,32.4,45.5,111.4,38.1,144.6,117.6,101.8,98.5,80.0,71.3,85.7,27.2,19.7,55.3,32.4,36.5,37.5,41.2,48.2,6.1,33.4,36.3,142.8,41.3,34.0,13.5,20.5,56.6,165.4,70.1,36.2,45.3,98.7,104.7,31.7,44.1,109.6,99.6,27.5,11.8,7.1,86.9,16.4
19.5,35.5,32.0,44.4,102.5,36.3,135.0,89.5,89.2,79.9,71.0,61.4,79.3,25.3,17.6,54.5,28.5,33.8,36.0,37.5,41.7,5.3,33.4,37.0,133.0,37.5,32.7,11.9,19.4,51.7,157.5,64.9,33.1,41.5,74.2,84.4,28.9,37.9,101.9,93.3,29.4,14.2,8.5,66.4,16.3
19.4,35.1,25.0,41.7,91.3,32.2,135.3,89.3,87.3,76.6,70.6,59.9,68.8,21.9,16.9,53.4,27.8,37.2,38.6,33.7,41.6,5.4,30.7,33.8,133.2,35.4,32.4,13.9,22.0,52.3,156.6,53.5,41.1,45.4,66.8,70.4,32.8,37.9,97.8,92.3,27.3,17.1,4.6,50.8,14.3
19.2,32.3,24.8,37.1,86.3,35.2,131.3,82.5,79.8,71.7,74.3,50.5,63.3,21.8,18.4,55.4,29.0,30.3,32.0,35.7,42.9,5.5,29.8,33.7,130.1,34.4,31.5,13.1,18.5,53.0,152.1,52.8,34.6,40.3,67.6,66.9,28.0,35.7,98.5,92.4,23.0,12.1,5.9,50.2,14.5
20.5,39.8,29.0,45.3,94.9,36.3,151.0,90.8,92.6,76.8,84.2,61.0,74.8,24.1,18.9,56.0,30.1,37.4,40.5,36.0,47.7,6.6,33.2,36.3,148.5,38.3,35.4,15.7,22.0,57.7,172.2,58.0,40.5,47.4,72.9,81.1,32.5,39.6,112.0,105.8,28.3,15.4,7.2,65.9,15.5
22.5,38.1,33.6,48.2,103.2,39.2,143.5,93.7,92.5,80.9,80.0,60.9,73.3,26.4,19.5,54.9,32.7,38.5,42.2,39.5,49.1,5.2,34.3,38.1,141.4,39.5,33.4,14.2,21.3,57.9,165.8,63.0,38.2,44.0,76.5,79.5,32.5,39.2,107.2,99.7,27.0,14.5,6.2,73.2,15.7
19.6,34.0,30.9,42.8,98.8,35.3,127.4,95.5,93.4,76.0,67.9,62.0,81.5,23.3,17.8,54.2,29.2,35.2,36.8,36.9,39.2,5.1,33.4,34.4,126.8,38.3,29.8,12.2,20.5,48.3,148.7,65.7,32.0,41.1,75.8,81.3,28.7,37.9,96.9,87.4,28.8,12.9,8.8,63.5,15.0
20.5,35.5,26.8,41.8,90.0,35.8,136.4,87.2,84.2,74.5,76.2,59.3,68.7,22.9,19.1,55.3,32.0,33.3,36.1,36.8,44.9,5.6,31.4,35.9,135.1,35.0,32.3,13.3,19.5,54.4,157.6,54.7,35.6,40.5,69.3,68.2,29.6,34.5,102.6,97.6,26.1,14.7,4.7,54.6,15.3
21.3,40.0,28.7,44.8,99.7,38.3,151.8,92.6,88.6,75.2,83.1,61.9,79.1,23.5,19.1,56.0,31.6,35.2,38.7,38.3,48.8,6.5,31.2,34.2,149.7,37.7,34.9,16.3,21.4,57.0,174.6,61.0,39.3,48.3,69.0,82.0,32.0,41.6,115.2,105.9,31.7,15.8,10.2,67.0,15.4
21.7,34.8,30.0,45.3,105.6,37.9,136.4,100.3,97.8,85.9,69.5,61.5,80.8,25.4,19.3,53.1,30.6,35.7,37.5,38.9,43.3,6.1,34.8,36.8,135.5,41.8,32.2,14.5,20.9,53.2,158.8,63.2,37.3,48.0,87.4,101.1,35.8,44.7,100.0,90.1,27.7,11.6,9.3,71.9,15.5
21.2,39.0,30.0,46.0,97.7,37.8,141.8,104.5,97.2,86.2,78.0,64.0,77.8,25.4,18.6,57.1,31.1,37.8,37.7,37.0,46.5,6.8,32.5,34.9,141.3,39.9,32.2,15.3,21.3,55.7,164.7,61.4,36.5,43.6,82.0,83.3,33.2,41.4,108.3,101.7,27.5,15.8,6.5,69.5,15.7
19.0,36.1,25.1,42.0,90.5,33.2,135.3,87.0,86.3,72.7,76.6,60.0,69.4,21.3,18.0,57.4,30.4,35.7,38.4,33.3,45.1,6.2,31.5,33.8,134.2,35.0,32.0,14.6,18.5,53.2,157.8,55.8,32.9,38.0,65.7,68.5,29.7,35.3,104.1,98.7,26.3,15.3,4.4,53.1,14.3
21.7,36.4,26.0,42.2,91.3,35.7,146.0,92.7,87.6,74.7,83.1,56.1,68.2,23.2,17.7,55.0,31.5,35.5,38.1,36.5,48.6,6.0,30.5,33.7,144.7,36.1,35.8,14.5,20.9,57.0,169.0,54.8,37.7,43.9,67.4,73.2,32.7,39.0,109.8,104.0,26.5,15.8,6.1,58.7,14.9
21.4,35.5,28.5,43.0,102.1,37.3,143.6,101.1,94.5,83.1,76.1,66.1,73.9,23.5,18.4,55.3,30.4,37.5,38.8,38.8,44.9,5.8,32.2,35.2,141.4,41.8,33.7,12.9,21.9,53.4,165.8,61.6,43.5,47.0,83.5,89.8,37.8,41.7,102.5,98.0,25.6,16.9,3.0,70.4,14.9
21.4,35.0,26.5,41.1,91.0,35.4,134.1,88.9,82.6,74.2,76.5,54.6,70.7,22.5,17.8,54.4,30.1,30.6,33.5,35.8,45.8,5.6,30.6,33.3,131.9,35.8,34.3,13.7,18.4,57.1,153.0,55.6,36.9,44.5,74.3,80.3,28.4,36.0,100.5,93.4,22.8,10.3,7.2,55.2,14.6
21.5,36.5,27.3,44.3,98.2,33.8,136.0,95.3,91.7,81.2,70.8,57.7,70.3,23.8,17.8,52.6,31.0,34.2,35.5,35.7,42.9,6.4,32.7,35.8,134.3,39.6,32.5,12.9,19.0,53.1,157.5,57.5,42.6,48.8,83.4,97.1,37.0,43.0,96.0,89.9,23.9,11.1,5.3,62.8,15.0
22.8,36.5,31.2,47.5,109.9,45.9,147.2,103.5,103.3,87.8,80.5,65.7,89.5,27.2,19.3,54.1,30.5,38.5,39.0,44.1,47.6,7.0,32.5,36.5,145.8,43.8,34.5,13.2,21.7,56.3,171.4,67.9,34.4,45.5,83.7,92.5,32.5,44.9,113.7,101.2,31.9,13.9,10.9,85.5,16.0
22.3,37.3,27.0,42.7,95.4,36.0,140.0,91.2,87.9,78.3,74.9,61.5,72.4,23.6,18.3,55.3,30.3,33.3,35.4,37.7,44.8,5.4,32.9,36.1,139.8,36.5,33.5,16.3,20.9,54.2,162.5,58.3,38.7,44.5,71.0,75.6,32.0,37.9,103.8,98.2,27.2,16.7,5.9,60.2,15.0
21.7,37.5,28.8,43.7,96.4,37.1,138.8,88.4,87.2,75.5,73.8,58.6,74.0,25.2,18.9,55.7,30.5,35.9,40.2,36.5,43.5,6.4,31.9,34.0,137.0,37.7,32.9,15.8,20.7,51.0,159.9,56.8,38.9,46.5,72.9,80.5,32.4,41.0,102.6,94.7,29.5,16.9,7.8,59.7,15.7
21.0,38.3,26.8,46.0,93.6,33.6,146.0,82.9,85.5,74.0,80.2,57.5,73.4,22.6,18.0,55.2,31.2,36.2,39.6,36.5,47.3,7.3,29.5,32.4,144.3,35.5,33.5,16.2,20.6,52.9,169.7,57.1,39.0,47.0,66.5,76.8,33.2,41.2,108.5,100.9,27.3,12.4,7.2,58.3,14.4
23.6,37.0,28.8,43.8,101.8,40.6,153.0,97.0,93.6,73.8,84.7,64.4,80.5,25.1,18.8,55.1,32.2,37.3,37.5,39.0,49.4,7.0,31.3,35.6,152.5,41.1,36.8,14.0,21.6,57.5,177.2,62.8,37.6,46.2,81.2,81.2,34.1,43.5,115.1,107.1,30.1,13.0,8.9,75.6,16.5
19.7,35.5,27.0,46.3,100.7,36.6,131.5,91.6,89.5,74.3,72.9,63.4,76.4,23.0,17.4,57.1,31.0,36.7,38.2,36.8,43.3,5.2,30.3,35.5,132.3,36.0,32.7,14.2,17.9,55.4,156.3,59.6,32.7,39.9,70.1,74.6,28.5,34.6,100.7,94.2,26.5,14.5,6.9,60.5,14.5
18.8,34.4,28.0,42.0,88.3,33.4,124.7,94.4,90.8,77.3,64.8,60.4,64.7,22.5,18.6,54.2,27.5,33.0,33.1,33.7,39.1,5.3,31.9,34.4,123.6,37.8,28.9,12.2,19.2,47.2,145.4,52.9,34.2,37.4,67.8,70.8,33.8,35.7,90.2,87.5,25.2,14.9,2.3,51.5,14.8
21.2,36.7,28.2,42.9,96.1,34.1,145.3,92.9,88.5,81.7,82.1,56.6,70.8,24.3,19.0,53.6,31.5,36.7,38.8,36.7,48.7,6.8,31.5,34.7,144.1,39.0,35.2,15.0,20.6,57.1,167.1,56.5,37.8,45.4,75.5,83.5,32.4,39.6,108.6,101.4,25.4,13.8,6.8,63.5,15.6
20.2,36.6,27.0,42.8,95.3,34.3,147.6,83.3,84.0,73.3,82.8,63.0,74.0,24.2,19.2,56.8,30.4,38.3,41.8,35.5,48.1,6.0,31.1,34.4,146.2,36.7,34.3,15.7,21.5,58.5,170.2,54.4,37.5,43.3,64.3,71.5,33.5,39.3,111.2,105.5,28.3,16.8,6.9,59.8,15.6
21.6,37.9,26.0,42.7,98.1,37.5,144.5,96.7,85.8,75.4,77.5,64.5,76.8,23.8,18.9,53.4,30.7,35.1,38.3,36.5,46.7,6.2,32.2,35.6,143.3,37.0,34.1,15.3,22.0,54.8,167.5,57.5,39.6,45.7,74.7,79.8,34.5,40.7,107.4,100.3,29.3,16.4,6.6,65.6,15.5
21.0,35.6,28.8,41.8,95.6,36.0,143.3,91.0,89.7,80.2,82.2,65.0,75.5,24.1,20.5,54.5,31.9,37.0,38.5,35.4,46.7,5.4,31.4,34.0,143.5,36.8,34.2,14.6,20.9,57.6,166.1,58.3,35.8,40.8,68.2,70.4,32.0,38.4,109.0,103.8,27.2,19.1,4.8,61.9,16.0
21.1,35.7,28.5,41.3,90.4,34.9,135.8,86.6,84.5,70.0,70.3,56.8,74.6,24.3,17.9,53.9,29.7,33.8,36.0,35.8,42.8,6.0,31.0,32.2,134.4,34.0,29.7,13.3,19.3,47.2,157.8,54.7,36.6,43.0,63.9,74.4,30.1,39.2,100.5,91.9,28.3,12.9,9.0,54.5,15.0
20.9,38.0,29.1,43.5,106.5,35.4,145.6,89.6,89.7,77.1,80.4,63.6,80.8,24.6,20.3,58.4,33.3,33.1,36.3,40.5,47.8,6.0,33.4,36.2,144.7,37.9,36.3,15.2,21.3,59.5,168.3,62.3,36.3,45.8,74.8,80.7,32.8,41.4,111.4,101.8,29.7,17.0,8.7,69.7,15.8
21.2,37.5,29.2,44.9,97.3,37.2,139.0,95.4,92.0,76.7,75.8,61.8,77.9,24.2,19.6,55.6,30.8,39.5,41.3,37.8,43.9,5.0,34.6,38.0,138.0,36.9,34.1,14.6,21.7,55.5,160.8,61.7,36.3,44.2,73.3,73.7,30.5,39.0,103.8,96.2,28.2,13.0,7.5,66.8,15.8
23.3,38.2,26.3,45.0,99.3,35.5,140.1,96.4,90.7,81.8,74.7,64.5,79.1,24.0,18.4,55.4,31.3,36.3,38.2,36.4,45.5,6.2,34.0,37.1,138.8,36.3,33.0,14.5,20.5,54.1,162.5,56.6,35.5,42.8,78.1,85.8,30.5,38.8,105.5,97.6,29.8,16.4,8.6,64.1,15.3
21.2,37.8,26.7,43.5,94.4,35.1,149.8,93.8,88.2,75.4,82.3,60.9,74.5,23.9,18.5,55.4,31.3,37.7,39.7,37.2,48.5,6.3,32.0,34.8,148.7,35.9,34.7,15.3,20.5,58.2,173.7,54.7,41.1,48.2,66.8,73.6,35.3,45.2,111.3,103.6,29.1,16.6,7.4,61.2,15.5
19.8,36.6,24.7,42.7,88.8,32.8,152.4,89.6,86.3,78.9,81.7,67.6,73.9,22.6,17.4,56.3,29.4,34.8,36.5,36.1,45.3,6.6,31.4,35.3,152.0,37.4,36.0,14.2,21.8,57.0,176.9,51.1,41.2,44.3,64.1,67.9,38.7,42.3,111.2,108.4,27.7,20.4,3.1,57.1,14.5
22.0,36.1,29.0,42.6,97.4,36.8,145.0,93.5,91.8,82.1,79.1,62.7,78.2,24.8,19.4,55.2,31.7,34.5,36.4,38.1,47.6,6.4,32.4,36.3,144.2,39.4,34.1,13.5,20.5,55.4,168.6,59.1,37.5,45.5,72.4,77.9,32.5,40.4,108.7,101.9,28.9,14.3,7.2,65.0,15.9
20.5,35.0,27.2,41.2,89.4,34.2,135.8,89.3,87.3,73.9,74.7,59.9,66.2,22.5,18.8,56.0,29.4,36.0,38.2,33.4,45.0,5.6,30.2,34.0,135.0,35.2,32.0,13.5,19.9,51.7,159.0,53.3,38.2,40.9,65.8,66.8,32.0,35.3,100.1,96.8,24.4,16.3,2.6,52.9,14.7
19.0,34.7,24.2,40.1,86.3,30.6,133.0,86.2,82.8,71.7,71.3,58.5,72.3,21.4,18.3,52.2,29.0,32.2,34.2,34.7,42.1,5.8,29.3,32.3,131.0,32.8,30.9,13.0,18.3,51.0,154.0,50.2,33.6,41.5,65.1,66.4,28.7,36.8,100.1,92.6,28.5,15.4,7.6,47.4,14.4
21.6,36.5,27.5,42.8,89.9,35.6,142.2,88.5,84.0,70.2,79.5,59.7,70.0,23.2,19.7,56.3,32.1,33.6,37.3,36.6,47.3,5.6,32.0,35.8,141.0,36.0,36.0,14.4,20.2,59.1,166.2,54.5,37.0,42.2,69.3,74.1,31.9,37.3,107.5,101.7,25.4,13.8,5.2,60.1,15.6
22.4,34.4,29.8,41.2,94.7,37.3,139.7,84.5,83.5,71.6,73.8,59.0,72.2,23.5,18.4,52.9,30.2,35.8,37.7,38.5,44.0,5.6,33.2,36.7,137.9,38.0,33.0,14.3,20.2,52.4,162.4,57.8,38.5,45.4,67.0,73.5,31.7,39.5,102.1,95.1,27.8,14.3,6.8,61.0,15.3
21.2,36.6,31.6,47.4,106.7,37.9,148.9,103.2,98.0,89.4,78.5,67.9,82.9,24.9,17.6,55.0,30.1,37.0,38.0,37.4,47.3,6.3,34.5,37.2,146.9,43.2,35.5,12.3,21.1,57.8,170.2,65.3,40.3,47.7,83.0,92.7,31.7,40.0,111.0,102.2,31.6,15.1,8.7,79.3,15.1
21.7,35.0,30.0,42.8,97.0,37.1,141.8,92.3,86.5,80.2,78.8,58.0,65.5,24.4,19.6,54.9,33.2,35.0,36.9,38.4,47.5,6.0,31.5,35.5,140.3,38.8,34.4,13.7,20.7,56.5,162.6,57.5,39.9,44.0,75.5,79.3,33.8,38.3,103.5,99.6,24.0,12.6,4.5,64.6,15.8
22.4,37.2,30.1,44.0,102.7,37.9,147.0,100.2,96.9,85.5,80.8,61.5,77.2,24.8,19.9,54.8,31.6,38.3,41.0,38.3,47.8,5.8,33.0,36.8,145.3,40.8,34.8,14.2,22.5,55.5,170.5,62.0,39.8,47.3,76.8,86.2,34.1,42.7,109.4,101.8,28.5,13.4,8.0,71.2,16.0
20.1,35.6,25.9,41.8,97.4,33.6,141.2,92.3,90.5,78.1,73.3,62.4,75.1,22.9,18.3,52.9,29.5,37.0,38.7,35.8,41.9,5.9,30.5,33.3,140.1,36.1,32.2,14.8,20.2,50.8,162.9,55.8,40.6,47.1,73.5,81.5,33.6,40.4,103.2,96.9,29.2,15.9,6.3,60.2,14.6
21.0,37.5,33.7,45.0,101.0,37.7,144.7,99.5,97.8,86.3,80.7,64.5,79.9,25.0,18.8,56.2,33.2,36.2,39.0,40.0,49.1,5.4,33.5,35.7,144.4,40.3,35.6,14.4,21.0,59.2,168.0,66.7,35.8,44.2,73.3,87.2,30.9,40.4,110.3,100.3,28.0,10.8,9.2,77.0,15.7
18.2,33.2,27.8,40.9,93.9,33.1,140.0,90.5,88.4,77.9,78.9,60.5,74.6,23.2,18.5,55.9,29.9,33.7,35.0,34.8,45.8,6.0,31.3,33.4,138.1,37.4,33.5,12.3,18.9,54.2,161.0,58.5,35.0,42.0,74.3,77.5,29.8,37.2,106.7,99.4,27.0,12.5,7.1,58.5,14.2
21.5,34.3,27.2,41.3,97.8,36.6,139.5,85.8,86.8,74.6,76.2,58.9,76.2,23.8,17.4,55.5,30.0,33.3,34.4,37.5,44.2,5.6,30.8,34.7,139.2,36.8,33.3,13.7,19.3,53.6,162.2,60.0,35.3,44.5,71.9,73.4,28.1,37.7,106.4,97.5,29.2,15.7,9.8,60.9,14.7
22.2,34.7,27.9,41.5,96.0,35.0,140.8,88.0,82.2,80.1,75.8,60.3,85.6,23.8,17.6,52.8,29.2,31.8,34.0,35.9,45.8,6.2,31.8,35.3,140.0,37.8,32.2,12.5,19.4,52.0,164.0,57.4,33.2,45.8,76.0,81.8,25.9,40.1,109.5,96.6,32.8,13.0,12.3,60.4,14.6
20.2,34.8,27.8,40.7,94.5,33.9,137.3,83.6,82.2,74.8,75.5,62.0,74.0,22.9,17.2,52.7,29.8,33.6,36.4,35.2,43.9,6.0,30.9,33.6,135.5,35.0,31.7,13.6,19.9,51.5,159.2,58.5,37.0,42.9,67.8,73.2,29.8,36.5,103.3,97.2,27.6,14.8,6.0,56.4,14.2
21.1,38.0,28.5,45.7,96.3,36.2,143.2,87.6,86.2,74.5,75.2,60.5,77.5,25.5,19.3,54.9,30.7,34.9,39.2,37.5,44.6,5.8,31.0,33.7,141.0,38.0,34.2,15.7,20.3,55.8,164.1,60.1,39.1,47.4,69.6,73.0,33.0,42.3,106.5,96.8,29.6,16.9,8.8,63.3,16.2
19.0,34.2,26.1,39.8,85.7,33.0,142.2,84.8,86.1,77.5,78.4,56.8,71.5,22.4,18.6,52.4,29.0,29.4,31.2,31.2,45.7,5.5,31.8,36.0,141.3,35.8,34.2,12.5,19.4,55.3,163.9,50.3,37.5,44.3,67.5,70.5,31.7,39.1,106.2,98.5,27.3,14.0,6.8,51.1,15.3
19.4,35.9,30.2,42.7,98.8,32.0,140.5,95.3,87.2,78.6,78.3,59.7,76.1,24.0,18.7,54.7,30.0,33.0,36.4,37.1,46.0,5.9,32.0,33.9,138.8,37.0,32.9,14.2,19.5,56.6,161.1,56.7,37.3,45.2,78.3,84.7,28.7,38.1,106.4,97.8,27.4,14.1,8.5,62.3,15.2
17.5,34.1,25.5,40.8,84.2,31.6,136.1,83.4,83.8,71.4,75.6,58.0,66.8,21.4,17.9,50.3,25.8,34.0,35.3,31.4,44.8,5.2,29.6,32.1,134.3,35.0,33.7,13.8,18.9,55.4,156.8,50.5,35.2,40.1,62.1,64.0,29.9,34.9,101.8,96.0,26.2,14.5,5.2,46.7,13.8
20.2,34.8,25.2,41.4,96.3,33.7,139.9,88.3,85.3,72.0,78.9,60.0,70.9,23.7,18.3,55.5,31.4,32.4,34.3,36.4,46.1,5.8,31.2,34.5,138.3,36.0,33.9,12.9,19.0,55.2,160.6,57.5,39.3,45.2,75.3,78.9,32.7,39.3,101.2,96.0,29.4,12.2,6.0,59.0,14.7
21.3,36.4,29.5,44.2,103.4,36.3,142.5,95.5,94.1,82.3,80.2,67.3,79.0,24.2,18.5,54.4,30.5,38.5,40.1,38.4,46.8,6.5,31.9,35.6,141.6,38.5,34.4,13.7,22.0,56.2,166.2,65.7,36.5,41.5,74.8,76.1,31.5,38.0,108.9,102.6,28.1,17.0,5.6,69.2,15.0
21.2,36.0,28.0,42.3,90.9,35.1,137.8,89.3,86.0,72.8,75.3,58.5,68.2,25.0,20.2,52.8,31.5,39.1,40.3,35.9,45.5,5.9,31.2,34.0,137.3,36.1,33.4,14.9,19.8,54.2,159.2,56.5,38.4,43.4,67.5,71.5,31.9,37.4,102.2,96.9,25.9,14.9,5.5,56.3,15.2
19.4,36.5,28.6,43.8,99.4,36.5,138.0,95.5,88.6,79.0,78.9,59.1,75.0,23.6,17.6,54.3,29.9,39.2,41.0,36.1,45.3,5.6,33.4,35.9,137.8,37.3,32.1,14.6,21.7,53.2,159.9,62.1,35.2,43.2,75.2,84.3,28.2,37.4,106.5,97.6,27.3,12.0,9.0,64.0,13.9
19.0,36.1,28.0,44.3,102.5,30.4,147.8,96.5,88.2,80.1,79.8,62.9,77.3,24.0,17.6,52.8,29.6,35.1,35.5,34.1,47.4,6.6,34.5,37.3,145.9,39.9,35.2,13.4,20.8,57.8,168.1,56.5,38.3,45.2,79.3,90.7,31.0,39.0,111.8,103.8,29.2,16.3,7.6,64.6,15.0
18.9,32.8,26.5,38.6,87.4,31.1,128.8,79.8,82.1,69.3,71.6,61.2,71.6,22.3,17.8,54.3,28.7,31.8,34.0,33.6,42.8,5.8,29.3,32.9,128.3,34.9,31.0,12.9,17.3,50.8,151.8,49.6,31.0,36.3,68.2,69.5,29.6,35.0,98.2,93.3,25.9,16.6,5.9,47.2,14.2
22.0,36.8,29.3,45.2,103.4,36.6,149.1,103.1,94.6,84.8,83.0,67.0,76.8,25.3,19.5,57.7,31.7,39.1,40.8,37.7,48.4,6.9,32.8,36.6,146.8,41.8,37.5,14.2,21.0,58.1,170.6,61.8,38.6,43.9,79.0,86.1,31.5,37.2,112.3,107.5,26.9,17.8,5.5,73.4,16.2
20.2,39.4,27.3,45.4,95.1,35.1,153.9,91.2,87.3,76.0,82.5,63.2,75.9,23.1,18.5,57.2,31.7,37.5,41.0,35.3,49.5,7.3,32.5,34.3,152.8,38.6,36.8,16.9,21.8,59.2,178.8,55.0,41.7,48.3,67.9,76.7,36.9,43.5,113.5,107.0,29.9,15.3,6.8,63.5,15.2
21.1,34.6,28.5,43.4,98.8,37.5,136.3,96.6,92.5,78.2,76.1,62.5,77.0,24.5,18.8,57.8,31.8,37.4,38.6,36.9,44.4,6.8,32.2,35.5,135.6,38.1,34.2,14.8,18.7,55.0,159.4,61.5,33.8,40.7,75.4,78.1,28.8,36.8,104.7,96.5,28.3,13.1,7.9,65.5,15.8
19.2,38.2,26.8,43.5,90.1,35.1,134.1,93.3,89.3,75.2,73.0,63.7,71.8,23.5,18.8,55.2,29.5,37.1,39.8,34.7,44.8,5.9,34.3,38.1,134.8,36.8,33.4,15.3,21.2,54.5,158.0,54.7,35.3,39.7,67.9,70.8,33.0,36.9,100.2,95.5,26.7,17.0,4.4,56.3,14.7
22.6,39.7,33.5,49.3,107.3,42.4,150.9,98.9,101.1,87.5,83.5,70.2,84.2,27.2,21.3,58.9,34.3,42.0,43.4,42.7,48.0,6.5,35.8,39.6,149.6,45.0,36.2,15.0,22.1,57.9,173.8,69.6,40.6,47.2,83.4,89.4,33.2,40.5,113.5,105.0,30.1,16.2,7.7,88.7,16.7
21.2,36.4,28.0,41.6,92.5,35.3,133.1,87.6,86.2,76.3,70.6,60.5,71.2,23.9,18.6,56.7,29.2,34.0,36.5,35.6,40.4,5.0,32.2,34.0,132.3,35.9,32.1,15.2,20.6,51.1,154.1,56.7,37.2,42.1,71.5,72.2,31.9,37.7,97.7,91.7,26.0,14.5,5.5,56.0,14.7
20.3,39.5,30.5,46.1,101.8,37.4,144.1,93.8,89.8,77.2,79.9,65.0,79.2,24.2,17.2,56.7,31.1,35.6,39.0,36.9,47.4,5.9,30.3,33.6,142.8,36.5,32.6,15.5,21.7,55.5,166.7,63.6,37.8,45.1,71.9,80.5,30.5,37.9,108.5,101.5,27.5,13.4,7.2,70.5,14.5
20.6,35.9,28.6,43.0,98.7,37.6,135.8,92.6,91.1,77.3,76.8,60.2,75.4,24.3,19.2,53.3,30.1,32.0,35.0,38.9,45.1,5.7,30.2,32.9,135.7,38.0,34.0,14.3,21.2,56.7,157.6,58.3,34.7,42.5,73.5,80.8,31.2,38.6,104.2,96.2,27.0,12.2,8.2,63.9,15.5
20.8,34.4,29.9,41.9,98.3,36.6,137.7,90.0,87.9,77.3,73.0,59.9,73.5,26.1,18.4,54.7,28.5,32.9,34.5,38.5,42.4,5.5,31.4,35.0,135.8,36.5,33.7,12.3,18.2,53.7,159.5,60.3,38.6,46.1,71.3,76.2,31.7,39.3,101.1,94.6,28.9,16.7,6.8,61.5,16.1
20.6,36.6,27.1,43.0,96.6,34.4,147.9,85.4,85.1,73.3,85.1,60.0,76.0,23.4,18.1,54.2,30.0,31.8,36.3,35.9,49.5,5.5,29.4,32.0,146.7,36.1,35.4,15.0,19.4,59.9,168.5,58.9,36.8,44.2,69.1,78.6,31.9,40.2,113.0,104.7,29.0,14.0,7.9,60.0,15.0
20.1,36.2,27.8,43.5,95.8,34.0,130.0,92.2,89.8,78.0,68.7,61.7,76.8,23.5,19.8,52.7,28.8,36.8,38.4,33.7,41.3,6.9,32.3,35.4,128.5,37.2,30.0,13.5,22.5,47.3,150.2,55.2,34.5,41.5,73.0,77.1,27.7,35.4,97.7,90.0,28.6,17.1,7.2,54.6,14.5
20.9,37.3,30.4,44.8,103.4,39.0,143.2,94.8,91.8,81.1,76.0,64.3,89.0,24.0,18.7,54.0,30.9,34.5,37.0,40.1,44.0,5.7,31.7,34.6,143.1,39.0,32.6,13.4,19.9,52.3,167.0,66.3,35.1,48.4,77.4,89.3,30.9,44.4,109.5,96.8,32.9,12.1,11.8,71.9,14.9
20.8,37.8,26.3,42.1,88.2,34.8,147.5,82.4,82.2,72.9,87.9,56.6,68.2,22.7,17.0,55.0,32.5,33.0,36.0,36.9,51.5,6.4,31.6,35.3,147.1,34.7,35.1,15.7,20.2,59.9,170.5,55.3,35.1,41.6,68.9,74.9,29.4,37.2,113.6,106.8,25.6,11.5,7.2,57.5,14.5
23.0,36.4,31.3,46.2,91.9,38.4,128.0,94.7,95.2,82.8,67.8,57.0,78.7,24.2,17.9,55.3,28.1,38.7,40.3,37.5,40.8,5.3,30.0,33.0,126.6,38.6,30.7,15.2,21.8,49.6,148.6,58.1,31.9,41.9,76.7,83.3,28.5,40.1,97.0,86.7,28.9,13.5,10.2,60.2,14.9
20.0,37.0,27.0,44.3,100.5,36.2,149.8,89.9,89.3,79.8,86.4,59.4,79.9,24.0,19.0,54.8,32.1,34.1,38.0,38.9,52.7,6.9,31.7,34.8,149.0,37.3,37.3,14.4,19.3,63.1,171.0,62.2,34.9,46.2,76.2,90.1,31.0,41.2,115.3,106.8,28.5,11.6,10.1,68.6,15.5
20.8,36.3,30.2,44.3,98.5,33.6,134.2,90.2,87.0,76.0,67.6,66.8,74.7,23.8,17.9,56.6,29.1,39.1,41.4,36.5,41.0,6.2,35.7,37.5,131.9,37.5,30.0,13.3,19.5,50.1,156.6,58.2,38.4,43.2,72.9,78.8,32.7,37.5,97.9,92.5,27.9,18.2,5.6,60.8,14.9
20.1,36.2,25.3,42.5,95.3,33.1,131.5,96.1,90.1,76.8,73.0,58.2,69.8,23.0,17.6,55.8,29.6,33.2,35.5,34.7,43.6,6.2,32.3,33.9,130.3,36.5,31.3,13.4,20.2,51.9,152.2,54.7,36.8,42.6,72.5,81.6,31.4,37.5,98.7,92.2,24.3,14.7,5.8,56.7,14.2
22.3,36.1,25.0,41.9,87.8,33.0,143.4,84.2,81.6,73.2,75.4,57.0,73.5,22.5,18.7,53.4,31.3,32.2,35.3,34.8,44.6,6.4,30.8,35.0,141.4,35.1,34.0,14.3,20.0,54.0,165.3,50.6,39.3,48.1,67.7,69.0,29.5,38.5,106.5,97.7,30.6,16.3,8.8,52.5,14.3
20.8,36.4,26.7,42.5,96.0,35.1,150.6,91.4,88.9,76.5,82.2,62.1,80.9,24.4,18.8,56.8,32.2,34.6,37.2,37.5,50.1,6.7,33.0,35.4,149.3,36.9,34.5,14.9,21.4,57.3,173.1,57.5,38.7,47.2,73.4,78.5,31.1,41.1,113.8,104.5,29.8,17.3,8.5,65.7,15.0
21.3,36.0,29.0,42.7,100.7,35.2,141.9,91.4,87.3,78.4,70.2,67.4,81.2,23.8,18.7,52.9,30.8,32.4,35.7,38.5,44.6,6.2,30.5,32.8,139.1,38.5,34.7,14.5,19.2,54.5,163.0,61.0,40.6,48.3,76.9,79.4,35.0,43.3,102.0,94.2,28.3,14.3,8.8,66.9,14.8
21.4,37.3,27.5,43.8,92.9,35.1,139.2,91.2,88.5,82.9,75.1,56.0,65.5,23.7,18.8,54.0,29.3,34.5,38.2,36.6,44.7,5.3,32.4,35.9,136.7,36.3,32.7,14.5,19.2,54.4,159.1,55.5,41.0,45.9,76.3,84.9,34.3,39.7,100.8,95.5,24.4,12.8,5.5,60.0,14.9
19.3,35.0,26.5,41.0,93.5,32.7,137.0,87.2,85.7,75.2,73.2,58.5,75.0,22.8,18.1,53.2,28.5,32.6,36.1,35.4,44.1,5.2,30.6,33.5,135.8,36.3,32.3,15.0,19.6,54.2,157.2,54.5,37.6,45.3,74.5,82.1,29.8,38.7,102.8,94.2,27.0,13.3,8.0,55.8,14.7
20.1,36.6,30.0,43.7,98.2,35.5,135.2,92.1,92.5,80.4,71.1,59.1,76.5,24.8,19.0,55.4,31.0,34.8,37.8,37.6,41.5,5.6,32.1,34.3,134.8,38.0,31.8,14.0,19.3,51.3,157.0,63.3,36.6,44.4,72.0,80.3,30.5,39.0,100.5,91.5,27.8,12.8,8.5,63.8,15.3
19.2,36.0,28.2,45.5,95.6,33.2,137.8,95.9,93.4,81.8,78.5,61.3,76.3,23.4,18.9,53.8,30.3,41.1,41.3,33.3,47.1,5.9,31.5,35.7,137.2,38.0,34.4,13.2,22.7,57.4,159.0,60.0,32.8,39.2,78.3,80.2,27.6,36.8,107.0,98.3,27.2,11.9,7.5,62.5,15.1
20.1,35.5,30.8,43.6,92.5,35.6,136.1,89.6,88.8,74.1,76.4,57.4,67.6,23.3,18.3,56.0,31.1,30.5,34.5,37.3,44.3,5.1,31.5,34.1,134.4,38.0,34.6,14.2,22.7,55.5,157.7,56.5,35.0,39.7,68.5,68.0,28.0,33.9,102.6,97.5,25.7,15.9,5.5,57.7,15.0
18.3,35.7,27.0,40.3,85.7,30.9,135.0,83.6,83.9,69.8,76.5,55.5,67.0,22.5,18.6,55.3,28.4,34.5,36.6,32.0,44.9,5.8,31.5,34.2,135.6,36.0,31.8,14.2,19.1,54.0,155.8,48.2,35.8,41.1,64.0,66.3,30.4,36.3,100.7,94.8,24.7,13.2,5.2,47.5,14.8
18.5,34.4,29.2,45.4,97.5,36.8,133.8,101.6,95.7,78.0,76.3,62.2,74.6,24.3,17.1,55.4,28.8,36.6,36.4,36.5,44.2,6.1,29.5,32.2,133.2,38.5,31.3,13.0,19.7,52.2,154.4,62.2,32.3,38.8,76.6,74.2,28.3,36.4,102.7,95.6,25.8,12.7,7.0,62.6,14.7
21.1,36.0,29.6,43.7,96.0,35.5,134.2,95.8,92.4,79.0,72.1,62.0,74.0,24.8,18.7,53.3,29.2,35.6,36.9,36.9,43.1,6.1,34.0,35.8,133.3,38.1,32.3,13.5,21.4,51.1,156.5,58.8,36.7,42.9,74.4,77.5,30.3,37.5,101.0,92.5,28.0,15.8,6.5,60.2,15.5
19.3,35.9,29.7,44.2,96.2,33.8,135.4,100.9,93.5,80.6,77.6,58.7,78.4,23.5,17.4,52.8,29.0,38.0,38.7,35.2,45.9,6.0,31.0,34.4,135.0,36.3,32.9,13.4,20.7,54.5,158.4,60.4,31.0,40.6,79.3,83.8,29.6,38.5,105.4,95.7,28.0,11.2,9.5,62.3,14.4
21.5,36.4,29.5,44.6,100.4,36.1,150.7,90.8,93.1,81.3,83.6,63.4,76.1,26.0,19.3,55.6,32.2,38.1,39.7,38.1,49.0,6.2,32.5,37.4,148.4,39.3,35.9,13.5,21.4,59.2,173.8,56.8,38.1,44.6,69.9,80.8,33.2,40.4,113.0,106.0,27.8,15.7,8.3,67.5,15.8
19.6,35.2,26.8,40.6,88.3,33.6,139.8,85.2,83.4,69.4,80.6,58.0,74.2,23.2,18.8,55.9,30.8,32.6,35.0,33.1,46.9,5.5,30.6,32.9,138.4,36.1,34.1,12.8,19.6,56.5,163.0,53.2,33.0,41.5,67.5,69.2,29.0,37.7,108.1,100.0,28.9,15.2,7.5,53.2,15.0
17.6,35.0,27.0,41.4,88.8,31.4,132.0,88.2,83.4,73.4,73.3,60.5,67.1,22.4,18.0,54.1,27.4,36.0,38.1,32.4,44.0,5.3,30.5,34.5,131.2,35.2,32.2,12.8,19.8,52.0,154.1,53.1,34.2,37.6,69.2,72.1,30.5,34.0,98.7,95.0,25.5,15.5,3.5,50.4,13.8
22.0,35.8,26.2,42.6,94.0,35.7,144.4,96.9,88.5,78.7,80.1,63.0,80.6,23.8,18.9,54.7,30.8,36.0,38.4,37.9,47.4,5.7,32.0,34.7,143.1,37.6,32.8,13.4,19.8,55.2,166.3,55.7,36.3,45.1,73.1,82.4,29.6,39.0,110.6,102.3,30.6,16.1,8.2,62.3,15.1
21.1,35.2,28.8,43.0,104.3,35.8,136.2,97.0,90.5,81.1,75.5,67.5,82.3,23.8,18.4,58.8,33.3,32.3,34.2,37.7,45.9,5.8,33.1,36.1,135.0,39.3,32.2,12.4,20.0,54.3,159.1,62.2,33.3,39.8,78.3,80.1,31.2,38.4,103.3,96.6,26.8,17.0,7.2,67.4,15.2
21.0,39.1,30.2,45.4,98.7,36.6,139.2,100.1,97.3,83.6,75.2,58.8,78.2,25.0,19.5,53.4,31.0,40.6,42.9,37.3,46.8,6.8,32.9,36.0,137.5,41.8,33.8,15.7,22.7,54.1,159.9,56.8,35.1,45.1,77.8,88.5,29.2,39.1,105.3,95.1,30.1,11.9,10.9,64.7,15.5
21.8,36.2,25.1,40.7,93.9,33.6,144.8,83.9,82.1,71.7,74.8,65.9,78.1,22.7,19.6,57.2,30.6,34.3,36.5,35.8,44.6,6.2,32.1,34.8,143.1,35.9,33.5,13.5,21.9,54.0,168.5,51.0,42.2,48.8,67.2,71.6,33.1,40.0,105.4,98.7,30.2,18.8,6.1,55.8,15.6
20.5,37.0,26.0,44.6,94.2,34.9,137.3,92.8,88.9,75.5,74.2,62.0,71.6,23.5,17.9,55.2,30.0,40.2,40.3,34.1,44.2,6.4,32.5,35.4,137.0,37.5,34.0,15.4,22.1,54.3,160.3,54.7,38.2,43.2,70.1,77.2,35.0,40.2,100.5,95.8,25.9,16.7,5.0,58.0,14.8
18.7,34.2,27.2,41.2,91.3,31.0,133.5,90.6,82.3,71.7,74.0,57.2,68.4,22.7,16.7,55.3,28.6,31.5,33.9,34.0,44.1,5.4,30.9,33.6,132.3,33.8,31.3,13.0,19.7,51.2,154.5,54.8,35.2,40.8,69.1,73.8,28.8,34.7,101.2,95.0,24.7,14.2,5.7,51.8,14.8
18.6,35.6,24.7,40.8,88.8,31.7,138.2,82.2,80.5,66.7,75.3,59.3,75.7,21.0,17.9,54.5,29.7,32.8,36.8,33.2,44.5,5.9,31.1,34.3,136.6,34.0,34.2,14.0,20.3,55.1,158.2,53.8,35.5,43.0,64.5,70.8,29.0,37.7,105.5,97.2,27.3,14.5,8.0,51.5,14.9
20.3,36.8,28.8,43.6,103.1,37.2,143.2,86.0,87.8,74.3,81.2,64.3,73.9,24.2,19.0,55.0,32.6,34.0,37.7,38.8,48.8,6.5,29.5,32.0,142.3,38.0,33.0,14.0,21.4,56.3,165.6,64.7,35.7,40.7,73.4,77.3,33.4,38.3,107.7,102.8,26.5,14.9,5.3,67.1,15.3
17.8,34.4,25.5,40.1,85.3,29.5,139.0,83.6,84.5,73.1,74.7,54.8,66.5,22.1,18.0,52.8,28.0,34.2,35.2,32.9,43.5,6.2,30.5,32.4,136.7,36.1,32.2,13.0,19.3,51.5,160.6,49.7,39.0,45.3,65.7,71.2,32.5,38.3,101.8,95.7,25.4,14.9,6.2,49.2,14.2
21.1,35.3,26.5,41.0,91.5,34.7,135.7,85.6,85.8,72.5,72.2,60.0,75.9,21.8,17.2,54.7,30.1,34.4,37.2,35.3,41.3,5.8,30.5,33.4,133.2,33.0,30.5,13.0,19.6,49.1,159.2,55.7,37.3,45.6,67.7,72.7,31.3,40.5,102.7,93.8,30.6,15.9,8.9,55.2,13.5
21.2,33.1,27.2,41.8,91.9,35.6,148.2,89.5,90.1,78.3,81.8,63.4,75.5,24.3,18.8,56.7,32.0,36.0,37.7,35.5,49.3,6.2,32.8,36.3,145.5,37.7,37.0,13.2,21.0,59.8,170.8,54.3,40.0,45.8,67.1,69.7,31.4,37.9,110.5,105.4,27.8,16.3,4.9,60.9,15.6
20.5,35.8,26.2,43.5,98.8,34.2,139.3,92.1,88.2,74.3,80.1,64.0,77.0,23.6,18.2,52.3,30.1,36.6,38.9,37.1,48.8,5.2,31.4,34.3,137.6,36.0,33.8,14.7,21.0,55.4,159.2,62.3,35.5,41.8,74.6,81.9,27.5,35.2,106.7,100.0,26.3,14.2,6.8,62.7,15.3
21.9,35.3,27.5,42.1,94.7,37.2,152.4,86.5,88.4,78.4,85.5,64.0,75.2,24.3,19.6,56.1,33.2,32.9,35.2,35.9,49.5,5.6,33.0,37.1,150.5,37.2,36.5,14.0,20.3,60.5,175.2,56.7,39.8,44.4,72.1,73.2,31.6,37.3,114.2,109.2,28.1,13.2,5.1,66.9,15.5
21.5,36.0,28.3,42.1,98.2,36.6,143.9,88.0,89.3,72.3,81.3,61.0,73.9,23.4,19.3,52.4,31.8,33.6,37.1,37.0,47.2,5.4,30.7,33.4,142.0,35.8,34.7,13.7,20.0,55.4,165.3,62.2,37.5,44.0,67.9,74.2,31.0,37.2,108.7,102.1,26.3,13.6,5.7,63.5,15.5
20.2,37.9,27.3,43.2,92.7,34.5,144.0,92.3,87.7,76.4,83.3,60.6,74.1,24.0,18.9,56.7,32.2,37.0,41.0,36.1,50.4,5.5,33.0,35.8,142.2,36.0,36.2,15.3,20.5,59.8,164.1,55.9,35.6,42.5,74.0,77.0,27.4,35.4,111.3,104.5,26.6,13.2,7.2,61.6,15.5
20.2,33.5,26.3,40.0,91.7,35.6,131.2,84.3,83.4,75.3,71.5,59.4,62.9,23.0,17.9,54.3,29.9,35.6,36.8,36.3,41.5,5.2,30.2,32.8,129.5,33.2,32.5,13.6,20.8,53.1,154.0,54.7,40.3,42.1,63.8,64.2,30.2,33.0,95.8,92.6,23.3,14.2,2.7,52.9,14.4
19.8,35.8,29.8,46.2,108.0,36.4,130.6,105.9,97.0,83.9,68.5,59.5,73.1,23.7,18.0,53.5,29.9,39.8,40.1,36.5,39.8,5.2,30.1,33.3,129.2,38.1,31.4,14.2,19.6,52.5,151.8,64.9,39.0,46.4,83.8,103.8,35.3,41.9,93.4,87.2,24.5,10.4,6.3,69.5,14.4
20.4,36.7,29.7,43.1,94.0,36.2,141.8,91.1,89.3,75.8,79.4,58.7,72.0,23.7,19.1,54.5,31.9,32.1,35.1,36.7,45.7,6.0,31.9,35.2,140.0,35.9,33.8,14.2,19.9,54.5,162.9,57.7,36.3,43.5,70.5,72.6,30.4,37.8,107.0,100.2,26.0,14.1,7.7,60.0,15.5
20.0,35.3,25.4,40.4,94.5,33.1,150.4,87.8,83.1,69.6,86.4,61.9,75.4,23.1,19.3,55.6,30.2,34.2,37.4,34.9,50.4,6.2,31.7,34.0,148.3,35.4,37.7,13.9,20.0,61.1,173.0,52.1,36.4,42.9,68.2,69.5,29.3,36.4,115.1,109.3,28.4,17.9,5.8,58.2,14.9
21.2,34.8,28.1,42.3,96.1,36.0,135.4,85.1,85.9,76.2,75.8,59.0,76.9,22.9,18.7,55.5,32.2,35.2,36.9,37.1,44.1,6.3,31.8,33.6,135.0,35.6,32.7,15.3,21.5,52.8,157.6,56.8,35.3,40.2,70.0,75.3,28.5,38.0,104.4,96.0,28.5,12.9,8.5,58.3,15.0
21.6,37.6,30.7,45.7,103.3,38.9,143.3,105.7,97.9,89.1,75.8,60.8,85.0,25.7,19.9,55.9,31.5,39.5,41.5,38.8,46.1,7.4,35.1,37.3,142.1,40.8,34.7,14.8,22.4,56.1,166.0,61.5,38.3,50.5,87.1,101.8,31.5,44.1,108.2,96.9,30.5,13.0,11.8,75.7,16.8
22.4,35.5,28.9,42.6,96.9,37.8,143.5,91.0,88.1,74.4,78.9,67.2,79.9,24.8,19.3,57.2,32.0,35.5,37.4,38.1,47.1,6.4,31.7,34.6,141.8,37.5,33.8,14.3,20.8,55.2,166.3,59.3,37.0,43.2,68.6,73.6,31.1,38.1,108.4,102.0,28.9,16.4,5.5,66.3,15.6
21.8,38.3,24.7,41.7,97.3,36.0,141.5,86.0,84.5,72.8,75.5,64.5,76.2,23.0,17.6,54.3,30.5,34.2,38.4,36.2,45.9,5.7,29.6,32.4,139.8,35.2,31.5,15.6,20.5,52.7,161.9,55.0,40.4,46.0,67.5,74.7,33.9,40.1,104.0,98.0,28.4,18.0,5.8,56.7,15.0
22.8,36.7,32.2,45.1,101.7,38.4,138.8,101.8,97.4,86.6,72.9,63.3,71.2,25.7,19.5,54.9,30.5,37.5,38.7,39.3,43.9,6.0,32.5,35.1,138.2,42.1,31.6,14.4,19.5,52.1,160.0,60.1,43.0,47.3,84.0,94.6,39.3,43.5,98.2,94.0,24.5,12.5,4.3,73.1,15.9
20.1,37.2,26.5,45.1,106.9,35.0,140.1,90.8,89.8,77.4,76.7,65.4,75.6,23.4,19.0,55.0,30.8,36.5,37.8,36.0,45.5,5.5,31.5,36.9,139.9,36.5,33.0,13.3,20.2,55.1,164.0,64.0,36.6,41.4,72.8,74.9,32.2,38.5,105.3,98.4,29.3,20.2,4.7,64.8,15.0
19.6,36.1,26.2,43.5,93.4,33.1,135.3,89.5,87.2,77.2,71.7,56.9,80.1,22.4,18.7,53.3,28.4,38.1,41.3,33.8,43.2,6.1,32.1,34.7,134.5,38.0,32.0,14.5,19.5,51.6,157.8,56.8,33.3,45.2,74.7,88.3,29.3,41.7,103.4,91.8,29.8,11.2,11.5,58.1,14.0
22.2,38.4,32.5,45.0,112.6,39.1,151.5,99.2,97.1,82.0,79.3,73.3,83.8,26.4,20.8,56.6,32.6,36.0,38.5,39.8,47.7,6.3,33.5,38.6,149.8,39.8,33.9,14.6,23.2,54.9,175.2,69.4,42.5,48.9,75.1,87.1,36.8,43.8,110.9,104.2,30.7,18.8,7.0,82.8,16.2
21.1,34.1,31.5,43.4,105.5,37.2,137.8,98.4,93.2,84.7,71.9,64.4,85.7,25.2,17.9,54.1,29.8,33.5,33.5,37.2,42.8,6.2,32.9,35.9,137.4,41.2,33.0,13.0,19.8,52.9,160.3,60.9,35.5,45.8,82.1,91.0,28.9,40.2,104.5,93.4,30.5,13.4,10.5,70.6,14.7
21.2,35.9,25.4,41.3,92.3,35.7,148.2,82.9,80.5,68.8,82.5,60.6,78.5,23.4,19.1,53.7,30.4,31.5,34.0,36.5,48.4,6.8,30.3,35.9,146.7,37.1,35.0,14.3,16.7,58.7,171.3,56.0,37.7,46.9,64.7,71.4,29.3,38.5,113.3,105.1,31.5,17.0,9.0,58.0,15.3
20.8,35.7,27.0,42.0,101.8,35.5,143.1,90.6,86.9,77.2,77.1,62.5,75.1,23.2,17.9,52.5,30.2,33.7,36.2,35.9,45.3,6.4,29.4,32.2,143.1,37.2,34.0,14.0,19.3,55.5,166.0,58.6,36.7,43.2,70.2,75.6,32.7,40.2,107.8,101.2,29.4,19.4,6.8,60.5,14.7
21.1,38.8,27.0,44.5,90.9,34.5,140.0,85.0,86.2,74.1,79.0,58.3,69.6,23.7,18.7,55.7,30.0,36.1,39.6,35.1,47.0,6.1,32.1,35.8,140.4,35.8,32.5,16.1,21.1,54.1,163.2,52.4,35.8,41.5,69.2,70.0,30.6,36.5,106.2,100.6,26.3,13.3,6.2,56.1,15.0
19.8,35.2,29.2,42.6,94.1,35.1,134.8,90.0,86.8,73.5,73.5,60.0,75.8,24.0,18.0,54.5,29.1,35.0,37.6,36.1,42.5,5.4,31.7,35.1,134.7,36.7,31.7,14.1,20.2,49.8,156.5,59.8,35.1,42.5,71.8,78.5,29.7,37.7,102.1,94.8,27.3,15.0,7.1,59.7,14.9
20.7,36.6,27.8,44.2,93.9,36.2,140.6,95.3,90.3,78.3,77.7,57.0,71.4,23.2,19.1,54.3,30.0,35.0,36.3,35.0,46.7,5.1,31.7,34.7,139.4,37.3,33.2,12.5,22.8,54.5,162.8,57.5,38.3,45.7,75.3,83.6,32.5,40.2,104.0,97.1,27.2,14.1,8.0,61.3,14.5
20.8,36.7,26.6,44.1,102.3,35.5,147.8,87.9,86.2,74.4,76.5,65.7,77.7,23.4,18.1,57.2,29.5,31.3,35.7,34.8,46.1,6.9,30.7,34.6,147.2,39.0,34.2,13.9,20.5,56.2,172.6,58.0,39.4,45.4,66.7,70.4,36.4,42.8,108.4,101.9,31.3,21.0,6.2,61.0,14.7
19.5,36.1,24.5,40.6,92.4,33.7,140.6,87.7,85.5,76.0,80.2,55.9,71.5,22.0,18.6,55.1,31.4,34.7,37.7,36.7,47.9,6.2,30.4,33.7,138.7,34.2,34.1,14.4,18.5,58.2,161.0,56.6,36.0,43.9,70.4,73.9,28.0,37.4,107.8,99.0,26.5,11.4,7.9,57.0,14.8
20.1,36.2,28.0,43.7,97.6,34.6,135.8,89.5,87.5,80.4,73.0,65.2,77.3,24.1,19.4,56.5,31.7,34.2,37.9,36.8,43.5,5.8,31.2,33.6,136.7,38.2,32.7,14.1,20.8,55.4,158.4,56.6,34.1,40.3,74.2,77.8,29.9,36.2,103.8,97.6,26.7,14.9,6.0,60.0,14.8
20.9,36.5,30.6,45.4,103.8,35.6,138.7,97.7,90.5,81.6,75.6,58.8,76.7,25.4,20.2,54.2,30.7,33.4,36.8,37.3,45.1,5.8,32.1,34.7,138.0,39.3,33.9,15.1,20.2,56.1,160.6,62.2,36.5,45.4,78.2,88.5,29.9,39.8,103.7,95.4,27.4,11.7,9.0,68.5,16.3
20.1,37.4,27.0,42.0,92.3,33.5,140.1,85.1,84.8,70.9,79.5,57.4,68.9,22.4,18.3,56.3,30.9,31.0,34.0,37.0,48.1,5.8,30.4,33.5,139.2,35.2,33.5,13.6,18.1,54.8,162.8,58.9,37.4,43.8,68.9,74.3,33.1,39.0,104.9,99.9,24.5,12.2,6.0,58.0,14.7
21.0,35.0,28.2,43.1,97.2,35.2,135.5,89.6,88.3,74.0,77.8,56.2,67.7,24.0,18.0,56.6,31.0,37.9,38.6,38.2,45.6,5.4,31.1,35.2,134.2,36.9,33.4,13.5,19.2,54.2,157.1,56.8,34.8,40.8,72.4,78.1,28.8,34.6,102.7,96.8,23.5,14.1,5.8,60.4,15.1
21.5,38.5,25.4,43.2,94.7,35.6,146.8,86.3,86.0,77.4,80.3,59.2,69.9,23.5,19.1,54.3,31.1,35.0,38.4,35.0,47.9,5.8,31.5,35.1,145.0,35.6,35.5,14.5,22.0,57.2,169.1,56.2,41.0,45.8,70.4,72.4,33.5,38.6,107.4,102.4,26.7,18.6,5.0,58.4,15.2
19.7,35.5,31.7,43.5,97.4,35.8,138.4,97.2,94.4,79.7,77.0,60.3,76.0,24.9,17.8,53.8,30.0,38.1,39.6,36.2,46.7,6.0,31.1,34.2,138.4,40.2,33.6,14.2,22.2,54.5,160.9,60.4,33.6,41.7,78.8,79.8,31.9,41.2,104.9,96.8,27.1,14.4,7.9,64.2,14.9
22.9,38.0,28.4,43.0,106.5,38.9,144.4,87.1,83.5,74.1,78.1,66.1,84.0,24.0,18.7,53.6,30.9,33.0,36.4,41.4,45.1,5.9,31.5,35.7,144.0,36.3,34.8,15.3,20.4,56.5,168.0,62.3,37.5,45.7,70.7,78.5,30.5,40.5,109.9,100.7,32.6,19.6,8.3,69.1,15.3
20.8,36.1,28.7,40.6,91.3,34.8,141.2,85.4,82.8,71.7,80.4,60.5,74.0,24.3,19.1,58.5,32.3,33.0,36.6,36.0,47.6,5.6,32.9,35.5,139.8,35.0,33.8,14.6,18.5,56.1,162.6,56.4,35.6,41.3,69.2,71.1,27.9,35.6,107.5,100.4,27.7,14.8,6.2,58.8,16.0
20.2,34.1,29.2,41.3,89.4,34.0,131.5,84.7,82.7,70.8,70.2,60.5,70.5,22.4,17.9,53.8,28.5,30.2,32.7,34.6,41.0,5.8,31.7,34.5,131.2,35.9,30.3,13.4,19.5,51.2,153.2,56.5,34.1,39.3,64.8,65.6,28.7,34.8,97.2,92.2,25.6,14.3,5.6,53.0,14.2
22.8,36.2,30.1,42.5,101.8,41.0,143.8,94.9,90.2,79.8,80.7,66.1,77.6,25.4,18.8,55.8,31.5,39.2,40.0,40.5,47.1,6.0,30.9,34.1,142.1,36.0,33.7,14.6,20.9,56.0,164.9,62.8,36.6,42.2,71.9,76.0,30.6,37.7,109.2,102.0,27.6,14.3,7.0,71.4,16.6
19.2,34.7,25.8,42.0,91.4,31.5,142.8,81.7,81.5,69.9,74.3,60.8,75.0,22.2,17.6,55.5,27.8,34.0,34.7,33.9,44.2,5.8,31.5,35.3,142.1,33.8,33.3,13.0,19.4,53.8,166.2,52.8,39.8,47.2,63.8,71.7,32.5,39.6,105.4,97.2,29.0,16.5,7.0,52.6,14.7
20.0,34.1,26.6,40.9,86.6,32.2,140.7,82.6,85.8,73.8,76.2,55.5,68.2,22.5,17.7,52.7,28.5,34.0,36.6,33.3,44.5,6.1,31.1,34.2,138.9,35.3,34.5,14.1,20.6,55.0,163.8,49.1,38.5,44.7,66.6,73.3,31.2,37.5,104.0,97.5,26.8,14.7,6.8,51.3,14.8
21.5,38.0,27.5,44.1,91.8,35.2,140.6,86.4,85.5,76.2,78.6,55.5,65.0,23.8,19.4,53.5,32.2,37.1,40.6,38.5,45.4,6.2,30.7,34.4,139.0,36.7,32.7,15.6,21.3,52.8,162.4,55.6,40.2,44.8,69.3,72.3,34.2,39.8,103.7,97.8,25.5,15.0,5.2,60.9,15.4
22.8,38.8,31.2,46.7,111.8,39.7,145.7,92.0,94.3,79.8,77.2,71.0,87.0,26.0,20.1,57.3,32.3,38.2,41.9,41.3,46.5,5.6,35.7,39.1,143.7,40.8,34.5,14.8,22.0,55.7,166.5,67.8,40.9,48.7,77.1,87.5,31.0,39.9,108.6,100.5,32.3,17.0,8.7,79.3,16.2
21.2,36.3,28.5,43.5,99.5,37.1,148.7,89.3,89.0,75.6,84.4,60.2,77.7,24.0,19.2,54.1,32.1,37.8,40.3,37.3,48.6,5.8,30.9,36.1,147.1,37.0,37.3,16.2,22.3,60.6,169.6,59.8,38.1,48.2,72.0,83.7,29.2,38.1,113.9,104.6,30.8,13.5,9.4,67.7,15.5
19.0,36.4,26.0,42.8,96.3,34.1,134.5,88.2,83.8,74.6,74.0,57.0,71.9,22.2,18.0,54.3,30.1,31.1,33.9,34.5,44.3,4.8,29.5,33.3,133.4,35.5,32.3,14.1,19.9,54.2,156.6,52.6,37.2,45.2,70.1,77.2,30.0,37.5,100.7,93.3,24.7,14.9,7.9,54.8,14.4
20.5,32.2,28.0,40.7,91.7,35.8,135.4,90.6,85.9,71.7,73.9,55.3,74.9,23.2,17.8,56.1,32.4,32.6,34.8,34.4,44.6,6.4,29.6,33.1,134.0,35.6,32.2,13.3,18.3,53.3,157.8,53.8,35.0,44.4,73.5,86.9,30.2,40.0,103.1,93.0,26.3,10.5,9.8,57.5,14.7
21.0,35.5,26.8,43.3,102.3,35.8,144.3,96.1,89.1,79.8,77.5,60.2,76.6,23.4,19.3,55.5,30.4,36.7,39.0,37.1,48.1,6.8,30.7,37.3,143.1,38.7,34.5,15.3,21.2,56.8,167.3,58.5,40.5,49.8,80.2,100.9,35.0,44.6,106.0,97.4,26.7,13.5,8.5,67.8,15.6
18.9,35.4,29.5,45.2,102.6,32.9,140.7,102.3,96.8,86.2,73.0,66.4,83.2,23.6,18.8,53.4,29.5,37.9,37.7,34.5,43.1,5.6,32.5,35.4,138.8,38.2,32.8,12.3,20.6,53.4,162.8,62.6,39.4,47.7,85.7,90.5,30.5,40.4,105.3,96.0,30.1,13.2,9.5,69.5,15.2
20.1,36.2,24.2,40.8,87.6,32.8,130.9,79.9,78.1,71.4,70.9,54.2,67.5,21.0,18.0,53.5,28.4,33.0,37.1,31.4,42.0,5.7,29.1,31.4,129.8,33.1,31.0,15.7,20.1,49.3,152.5,50.0,34.7,41.5,62.5,67.9,31.8,39.4,96.8,90.1,26.6,13.2,6.9,45.9,14.2
19.5,34.6,28.0,41.9,94.5,32.8,142.5,93.7,90.2,78.5,80.6,61.1,74.5,23.8,18.7,54.8,30.0,35.3,38.4,36.4,47.9,5.8,30.2,32.6,141.4,36.9,35.0,14.8,20.5,57.1,163.2,57.3,35.6,41.8,71.6,75.4,29.0,36.7,109.6,102.1,26.6,15.2,6.4,59.9,15.1
21.8,37.4,27.8,43.5,95.4,36.0,148.8,91.1,88.7,74.7,86.9,60.0,75.6,23.9,19.6,56.3,32.6,32.9,36.3,38.2,50.2,5.7,34.0,37.3,147.9,36.7,36.4,13.9,20.4,61.3,171.7,59.9,36.6,44.4,72.2,78.6,28.3,38.2,116.2,107.1,28.3,13.8,8.3,68.4,15.7
21.4,35.6,30.3,42.8,101.9,36.8,144.0,89.2,85.3,76.4,78.7,63.4,76.9,24.4,18.8,54.7,31.0,33.5,35.0,37.7,46.6,5.9,30.1,32.3,142.8,37.6,33.0,13.0,20.2,55.4,165.9,62.5,37.9,45.2,69.1,74.4,31.9,39.3,107.8,100.6,29.2,15.7,7.5,65.2,15.1
21.9,34.5,28.2,40.4,98.6,36.2,146.8,88.7,89.0,75.1,79.0,66.5,84.9,24.8,19.9,55.1,32.5,35.7,38.7,36.0,47.0,5.4,33.3,36.9,146.0,38.5,34.2,15.1,19.0,56.6,170.3,58.4,36.2,42.8,73.9,77.8,29.6,38.2,111.5,102.6,29.2,15.6,9.6,66.2,15.3
21.7,37.3,26.6,41.8,89.8,36.2,140.2,88.7,83.1,71.0,78.1,58.0,69.4,22.8,20.2,55.4,31.2,34.0,38.3,36.3,48.1,5.9,32.3,34.6,138.5,35.4,34.2,15.1,19.9,55.2,162.6,55.0,36.4,42.5,67.8,72.5,30.5,37.1,105.7,99.0,26.8,15.0,6.0,57.1,15.5
20.4,35.0,25.6,39.4,91.8,33.6,146.8,82.6,82.4,69.8,85.0,57.5,74.5,23.0,18.4,54.1,30.5,33.3,37.1,35.9,48.9,5.5,30.5,32.7,145.8,35.0,35.8,14.5,20.0,60.4,168.0,52.9,37.2,45.1,64.7,75.3,29.2,38.1,111.5,102.7,27.3,13.8,8.1,55.3,15.8
20.5,35.3,26.0,41.9,96.3,33.0,141.1,85.0,85.5,73.0,77.8,63.2,75.4,23.0,18.3,52.6,29.6,33.1,35.3,35.5,46.3,6.4,29.8,33.1,139.4,38.2,36.0,13.2,17.9,57.7,162.6,55.7,32.2,38.7,68.0,69.1,28.7,36.5,109.2,102.2,30.1,17.5,6.4,56.5,15.1
20.2,36.3,26.5,42.7,99.2,35.5,138.2,84.3,84.4,72.8,72.8,63.9,75.6,23.2,17.6,54.3,28.7,34.0,37.4,37.6,43.5,5.7,30.8,33.0,137.2,35.2,31.8,14.9,20.6,53.0,159.8,58.2,38.5,44.5,69.0,74.6,32.3,38.1,101.8,96.0,27.7,18.9,6.5,58.6,14.8
20.1,36.4,29.5,44.7,100.1,36.7,147.0,91.7,91.2,77.1,84.1,62.7,75.5,24.0,19.2,55.5,31.8,35.0,38.3,39.4,50.5,6.9,31.4,35.4,145.2,36.9,34.8,14.3,19.5,58.8,167.9,62.7,36.9,43.9,72.4,78.3,30.4,37.3,111.2,105.0,27.1,15.3,7.0,67.5,15.7
21.5,37.7,28.9,46.3,98.4,37.8,143.2,95.8,95.6,80.5,78.5,68.0,75.1,23.5,18.7,54.5,30.4,36.2,39.3,35.6,46.3,5.9,31.2,35.3,142.9,38.5,35.0,14.2,21.8,56.4,167.3,58.7,38.2,41.1,68.7,70.9,34.1,38.8,106.2,101.9,27.9,19.8,2.7,65.2,15.7
19.5,36.0,28.4,43.1,103.0,35.0,139.3,88.6,86.2,78.1,74.5,63.2,76.1,24.8,18.9,56.9,30.4,35.2,36.4,37.5,45.8,5.4,31.7,35.0,138.0,37.0,34.0,14.8,21.3,56.5,158.9,60.5,37.5,44.5,75.3,78.4,29.7,36.9,104.2,96.9,27.6,17.2,7.0,62.4,15.5
20.5,34.6,25.7,40.7,92.9,34.4,140.0,82.5,81.3,70.0,76.0,57.2,72.9,22.7,18.2,52.8,29.3,33.1,36.6,36.1,44.2,5.8,28.8,33.6,138.7,37.1,34.3,13.5,19.3,54.5,160.8,58.7,38.2,46.2,66.8,78.4,31.4,40.0,104.0,96.8,27.2,13.9,7.8,54.8,14.8
21.6,36.7,31.9,45.7,98.3,37.1,139.0,102.3,96.4,85.6,72.0,64.7,81.7,25.7,19.3,54.1,31.1,36.0,37.5,38.1,44.4,6.0,34.8,38.1,137.0,41.5,32.0,13.1,21.3,51.8,160.7,58.9,37.6,45.3,80.5,91.5,29.4,38.6,103.0,94.1,29.4,15.0,8.5,70.0,15.9
20.3,35.9,28.0,43.1,97.5,36.7,137.2,90.1,89.4,74.8,73.3,63.0,73.7,23.1,19.3,53.7,29.7,34.2,37.3,36.9,43.4,5.5,31.0,34.0,136.2,37.0,32.7,14.3,21.4,53.2,159.7,59.7,36.6,42.2,66.8,73.5,34.0,39.5,102.1,96.8,27.5,15.3,6.0,61.0,15.3
22.0,35.3,25.2,39.6,95.6,35.7,148.3,90.1,83.6,77.5,81.1,61.0,71.9,22.5,18.1,53.6,31.6,34.1,36.1,37.7,47.8,7.3,30.9,33.0,146.5,37.0,33.8,13.3,19.8,56.8,172.4,57.1,43.6,49.4,67.0,75.0,36.9,42.9,107.2,102.1,26.9,15.0,5.4,60.2,14.9
19.8,34.3,25.3,39.4,91.8,33.1,141.0,85.4,79.8,70.6,76.9,59.5,82.1,22.6,17.6,52.5,28.1,30.1,32.3,33.2,47.2,6.4,31.0,33.6,139.7,37.7,33.6,13.6,20.5,54.1,162.3,56.5,34.8,46.7,68.9,78.6,28.4,39.9,108.3,97.7,29.0,12.5,12.2,54.0,14.3
20.7,36.7,29.6,43.1,100.8,37.5,137.5,99.7,93.4,80.5,73.1,63.2,71.7,24.5,18.4,53.4,31.2,36.8,39.8,36.7,44.0,6.4,32.6,37.4,135.5,39.2,33.9,13.8,21.1,54.4,158.0,62.2,41.0,45.4,74.4,79.9,31.5,37.0,100.3,94.6,25.4,14.8,5.6,67.0,15.0
20.5,35.7,28.3,42.6,94.6,34.5,131.6,86.5,87.5,79.0,73.6,56.1,72.7,23.7,18.7,55.4,29.9,32.7,34.8,36.1,43.4,5.5,30.1,33.7,130.8,35.5,33.7,12.8,21.5,56.3,154.4,55.4,33.0,41.3,71.7,78.7,28.7,39.0,98.7,91.4,24.9,12.0,8.0,56.5,15.0
20.2,38.6,24.1,43.3,99.4,34.0,156.7,91.0,87.5,75.6,88.0,61.2,73.9,23.1,19.4,55.0,32.8,33.7,37.0,36.1,51.3,5.6,30.4,35.8,155.2,36.3,38.7,16.8,19.6,64.4,178.6,57.8,43.9,49.7,68.3,78.9,35.6,42.1,115.6,109.7,28.1,14.8,5.5,64.2,15.3
20.1,37.0,33.1,45.8,112.2,36.8,135.7,102.2,97.3,83.5,73.0,62.6,80.5,25.8,18.4,55.4,31.2,35.5,37.4,37.2,42.6,5.4,33.3,37.9,133.5,41.1,33.4,14.3,20.3,54.5,156.3,69.5,36.3,45.8,82.2,101.1,29.9,39.4,102.5,92.9,28.0,10.9,9.0,78.8,15.3
21.3,35.4,28.0,43.5,96.2,35.3,142.8,89.6,88.9,76.8,76.6,61.9,71.1,24.6,19.6,54.8,31.7,37.2,38.7,38.2,46.4,5.5,31.7,34.6,141.8,38.7,33.8,14.5,21.3,54.7,163.7,58.4,41.5,45.9,75.7,80.0,33.6,38.6,104.4,99.7,27.5,15.7,4.4,63.4,15.5
21.3,35.1,28.5,43.6,105.2,39.9,146.4,88.2,86.7,75.4,80.4,63.7,79.2,24.4,18.8,53.4,30.4,34.0,36.9,41.2,46.6,6.7,30.9,34.2,143.7,39.2,34.2,13.4,20.5,55.5,169.9,67.0,40.0,47.8,70.7,83.9,32.0,40.4,109.5,101.2,29.4,14.8,7.8,71.7,15.4
19.7,33.7,26.2,38.7,89.9,32.3,142.7,86.8,81.6,72.7,80.5,57.1,68.7,23.7,19.1,53.7,32.9,31.5,34.7,34.6,46.9,5.6,30.0,32.4,141.3,34.7,34.6,13.5,19.2,55.6,164.8,55.4,39.9,45.8,67.5,72.8,32.9,39.4,106.4,100.0,26.5,13.9,6.0,55.1,15.4
21.5,39.2,28.7,46.0,101.2,38.5,146.0,93.9,92.5,81.8,78.5,68.0,82.2,25.1,19.2,56.3,30.8,39.1,42.2,38.9,48.2,6.8,32.5,36.9,144.2,38.8,34.5,14.9,21.8,55.2,168.2,61.0,37.8,44.0,76.6,80.5,31.5,39.8,109.8,102.6,29.9,17.6,7.4,70.2,15.3
18.9,35.7,29.3,43.7,100.7,34.1,137.2,89.6,88.8,73.2,76.0,65.0,78.7,24.7,18.8,54.5,30.7,34.5,37.2,34.6,46.8,6.0,31.1,34.0,137.2,37.3,34.0,14.2,18.4,55.7,161.1,61.0,35.5,42.8,72.0,79.8,29.7,37.8,105.0,97.9,28.1,17.2,8.5,62.9,14.9
20.7,36.3,28.7,44.9,98.5,34.8,142.0,92.1,91.9,81.9,75.5,60.3,78.2,24.4,18.6,57.3,31.0,37.0,36.6,36.4,43.5,5.5,33.5,36.0,141.4,38.2,33.3,13.6,21.0,54.7,165.0,60.9,37.9,46.9,76.6,85.0,30.7,39.5,106.3,97.4,30.1,15.6,8.9,65.3,15.5
22.7,34.6,25.5,40.9,95.5,38.2,142.8,85.2,83.7,77.1,78.0,60.4,70.5,23.0,17.6,53.9,31.6,31.8,34.2,37.2,45.8,6.5,30.3,33.2,142.5,35.0,35.4,13.2,20.1,55.7,166.7,56.7,38.2,42.8,66.9,73.4,35.6,41.5,104.2,98.7,28.2,15.6,5.3,60.4,16.2
19.2,35.5,25.5,43.1,90.6,34.0,137.3,86.0,84.8,74.6,77.6,59.0,67.7,21.7,17.9,54.0,28.7,34.0,36.6,32.4,44.1,5.7,30.6,34.8,136.1,34.5,33.7,13.9,21.2,57.0,157.8,55.0,36.4,41.1,66.0,66.7,27.9,32.3,103.9,98.8,25.9,17.1,4.7,53.3,13.8
20.4,34.0,27.0,41.3,95.0,35.6,136.1,88.5,85.3,75.9,71.7,59.2,71.4,23.1,17.4,52.5,29.7,31.1,34.1,36.1,43.7,5.8,29.7,33.2,134.1,34.8,32.2,13.3,19.9,52.5,157.3,56.1,39.9,46.7,70.8,83.5,34.0,38.8,98.2,92.7,25.6,13.3,5.9,56.8,14.4
23.6,39.1,31.4,46.1,107.2,38.9,152.2,98.4,96.4,86.2,84.4,67.3,79.6,27.0,19.7,55.3,34.8,37.0,41.3,41.9,50.3,7.3,36.0,39.3,150.0,40.1,35.7,14.8,21.5,57.7,174.4,66.0,40.3,46.0,80.3,90.4,35.3,42.7,114.7,107.6,29.4,16.7,6.5,82.0,16.9
19.1,35.6,27.8,43.4,93.4,35.2,143.5,91.7,87.8,77.7,82.6,57.2,76.8,24.2,17.8,55.5,29.8,34.7,37.7,37.0,46.2,5.9,30.2,33.4,142.7,36.2,33.7,14.5,19.5,55.2,164.8,56.7,35.8,44.5,70.8,79.1,28.7,38.5,110.6,102.2,28.6,14.8,8.5,59.5,14.4
20.1,35.4,25.2,40.7,92.8,34.2,140.3,87.5,87.2,73.3,75.8,61.1,74.2,22.5,17.6,53.5,29.7,31.5,34.5,35.5,44.5,6.4,29.0,31.7,139.1,35.7,32.8,15.2,20.1,53.8,160.3,54.2,38.1,44.5,66.9,72.9,30.4,37.2,105.2,98.9,27.2,14.2,6.6,54.7,14.2
22.5,35.0,29.0,41.7,103.5,38.2,142.6,93.4,88.3,82.3,76.5,62.8,76.0,23.3,19.1,56.3,31.0,38.1,39.5,39.3,47.7,6.8,30.2,33.3,141.0,37.5,34.5,15.2,18.9,56.1,164.3,61.2,38.7,46.2,75.7,81.5,30.5,37.3,107.3,100.5,27.2,15.8,7.5,66.0,15.0
19.5,36.6,28.5,44.0,93.3,35.1,138.3,97.2,92.9,76.7,79.5,59.2,69.7,23.0,18.1,55.7,30.6,35.5,38.8,33.4,46.6,5.5,29.5,33.5,136.5,36.3,34.8,14.3,20.5,58.9,160.2,55.5,34.2,40.0,72.7,74.3,30.5,36.4,105.8,100.5,25.9,14.9,6.0,58.8,14.7
19.2,36.6,27.2,44.7,96.6,32.5,141.8,89.5,87.6,76.0,75.2,60.8,76.2,22.9,17.6,54.4,29.5,39.3,41.2,33.4,44.6,5.6,30.0,32.1,140.7,38.4,33.3,14.7,20.8,54.5,165.5,57.9,37.7,46.9,67.3,77.7,33.9,42.4,104.7,96.4,28.5,14.5,8.4,59.5,14.1
19.7,34.4,28.9,45.1,104.8,35.8,143.2,103.5,99.3,85.1,77.1,68.1,74.4,24.3,18.4,56.5,30.6,37.3,38.7,34.1,48.1,6.3,31.4,34.0,143.1,41.2,36.0,15.5,19.7,56.5,166.6,60.3,44.8,47.0,92.0,94.5,40.4,43.7,101.0,98.4,23.9,15.2,2.3,72.9,15.3
21.5,37.5,27.3,42.8,94.7,37.1,140.2,87.7,85.1,72.8,75.5,56.3,69.0,23.5,18.3,54.1,29.8,34.0,38.0,34.2,43.1,6.2,30.8,33.6,139.8,35.6,34.0,15.9,22.1,54.4,162.1,56.3,38.9,44.8,70.4,71.9,31.7,39.3,103.8,97.2,27.8,17.7,6.7,56.8,14.8
20.9,36.3,28.4,45.0,98.7,37.8,141.3,98.2,96.4,82.3,78.3,61.9,79.0,25.0,19.5,55.8,31.3,38.9,39.5,36.7,45.8,5.9,33.3,36.1,139.8,38.3,34.5,13.3,21.8,58.5,162.8,59.1,35.1,43.2,78.2,86.2,28.3,37.5,108.7,99.1,30.2,14.8,8.5,66.8,15.5
20.9,36.7,26.4,44.2,94.2,35.4,142.8,91.9,88.8,73.8,78.5,58.5,69.9,22.9,17.8,56.8,30.5,35.0,37.6,37.0,46.4,5.5,31.3,34.7,141.9,35.6,35.2,15.1,21.3,56.7,164.3,56.8,38.9,45.2,68.5,72.5,31.9,38.4,106.1,100.0,26.9,14.3,6.5,61.0,15.2
20.0,35.2,28.2,41.1,90.0,33.5,131.4,83.4,82.3,70.4,71.1,55.0,72.0,23.0,17.8,52.9,28.3,34.5,37.3,33.2,41.6,5.3,30.2,32.9,130.0,36.8,31.3,13.3,19.5,51.8,152.4,54.4,33.5,42.7,69.0,74.5,28.8,38.6,99.3,89.8,28.2,13.0,9.1,50.4,14.5
19.3,37.5,28.8,44.4,92.0,34.1,142.8,89.8,91.3,77.2,80.8,52.0,72.1,23.3,19.6,52.0,30.0,36.0,39.1,34.3,46.9,4.7,31.6,35.4,140.8,37.5,35.1,15.0,21.8,58.3,164.7,56.0,37.5,48.6,73.2,83.0,31.2,41.0,106.8,97.2,26.6,10.6,10.2,59.0,15.1
20.2,34.8,27.2,38.8,85.2,33.0,142.6,81.3,83.5,71.4,79.3,57.1,71.2,23.6,19.3,54.4,30.7,31.3,33.5,34.5,45.6,5.6,31.1,34.2,141.6,36.9,33.7,13.4,18.9,54.3,164.6,51.3,35.7,42.5,65.6,66.7,29.7,37.5,108.5,101.3,28.5,15.6,7.5,53.4,15.3
20.4,38.1,26.0,42.6,94.2,34.1,140.3,88.5,84.0,76.1,79.3,56.3,69.2,23.4,20.2,53.7,31.2,34.4,38.2,34.8,45.7,5.4,30.9,34.0,138.2,36.5,35.0,15.6,21.7,56.6,161.3,58.2,38.2,44.3,67.8,78.1,33.1,39.8,103.8,97.7,24.8,12.1,6.0,56.8,15.5
21.5,36.4,28.8,43.9,92.8,36.3,140.5,92.9,91.1,78.0,75.7,59.0,71.5,24.7,18.7,56.7,31.1,33.5,37.0,35.2,43.3,5.4,34.1,36.1,140.3,38.0,31.7,14.1,22.2,51.3,163.8,55.9,37.4,43.8,69.1,74.4,33.1,39.2,105.5,99.3,28.9,18.2,6.7,59.6,15.4
21.3,33.5,28.1,42.8,96.9,35.1,137.1,90.5,88.4,78.0,73.7,58.4,73.4,24.0,18.0,56.1,30.8,33.1,33.4,36.6,42.3,6.3,32.1,34.4,136.8,38.9,33.4,13.4,20.6,52.0,160.1,57.3,36.2,42.9,72.2,77.6,29.5,39.2,104.6,95.3,29.4,16.8,8.4,60.2,14.8
21.2,37.4,27.4,42.6,103.2,38.2,140.0,83.9,84.3,73.3,79.2,63.4,76.2,22.2,18.3,56.0,32.6,35.2,39.3,39.5,46.6,5.8,30.6,34.0,138.3,35.7,33.6,14.2,20.1,55.8,159.7,67.3,35.1,41.7,70.2,73.6,28.8,36.3,106.7,99.4,29.0,15.3,7.2,65.8,14.6
20.9,36.5,28.6,44.0,99.6,38.9,137.2,88.0,88.0,73.7,74.9,61.9,79.7,24.0,18.2,52.2,31.6,36.7,39.4,38.9,44.8,6.0,30.6,33.2,134.8,36.2,33.8,13.9,20.2,55.7,158.3,63.3,35.9,46.1,70.8,85.2,30.9,39.0,104.0,95.2,22.0,11.7,8.7,65.0,15.1
22.4,38.8,32.2,48.1,103.3,38.5,147.1,103.3,98.5,84.4,81.1,64.0,83.1,25.7,19.0,57.2,33.0,37.8,39.4,39.7,47.7,6.1,33.9,37.9,146.0,39.9,35.4,14.9,20.8,59.7,169.5,64.5,38.1,48.2,79.3,88.8,29.6,40.2,113.2,103.3,30.3,13.4,10.2,79.0,17.0
22.3,36.6,34.2,49.1,97.2,37.1,132.8,105.0,98.3,89.6,68.2,59.3,70.0,25.8,18.9,54.6,29.7,41.7,42.9,36.0,39.1,6.1,35.1,38.5,132.2,41.5,31.4,13.7,24.2,50.5,156.1,58.3,39.2,44.8,88.6,93.2,32.8,39.0,96.4,91.0,25.7,12.9,6.4,71.2,15.3
20.9,36.6,30.0,45.0,97.1,35.8,136.7,95.1,93.1,77.3,77.2,52.5,74.7,24.5,18.6,54.4,30.6,38.1,40.2,35.9,44.2,5.1,32.7,34.2,136.7,37.8,31.3,14.7,21.0,54.0,158.3,62.0,34.1,46.1,74.6,91.2,30.2,41.5,105.3,94.2,28.0,9.5,11.4,63.7,15.0
20.2,34.5,28.4,41.5,97.5,33.9,140.3,92.2,88.9,75.0,75.9,62.4,79.5,24.2,17.7,52.9,29.8,34.3,36.0,35.2,45.1,6.5,31.5,35.9,138.9,40.4,33.5,13.6,20.4,53.6,162.9,57.0,35.7,44.7,75.2,86.1,30.3,39.7,106.4,97.1,29.9,14.7,9.2,62.0,14.9
20.6,37.7,29.0,43.2,95.3,36.9,136.7,85.8,85.0,76.0,73.1,58.0,77.1,23.4,17.9,53.9,29.0,34.0,37.7,35.2,44.4,5.4,31.4,34.1,137.0,36.9,31.8,15.6,20.2,52.5,158.8,58.7,35.7,46.1,70.6,79.3,31.0,41.3,104.0,93.7,27.3,14.0,10.1,60.0,14.2
20.2,36.5,28.3,42.0,93.6,34.2,130.7,88.2,80.4,70.0,69.8,57.1,69.9,21.6,16.4,50.7,27.8,32.9,37.5,35.1,40.9,5.2,29.4,32.9,128.7,33.1,30.8,15.4,19.8,49.1,151.5,55.4,35.7,42.2,69.1,78.3,30.9,37.7,95.8,89.5,25.1,13.3,6.8,53.1,14.0
21.2,36.1,28.0,43.5,97.5,35.0,142.1,90.8,88.4,78.3,81.6,51.9,73.0,23.3,19.2,54.7,32.3,32.1,35.5,37.6,49.0,6.3,31.5,35.5,140.8,37.9,33.8,13.3,20.6,57.0,163.2,58.1,35.3,46.7,72.9,88.0,29.2,39.5,109.2,99.2,25.5,10.7,9.8,63.0,15.1
20.5,38.0,27.5,42.0,90.6,34.3,133.8,83.7,84.1,73.2,73.8,52.6,69.6,23.4,18.4,53.9,30.9,31.1,36.5,36.1,44.1,5.4,31.3,33.7,132.4,36.7,32.1,14.8,21.2,53.0,154.2,56.1,36.7,46.3,69.5,78.4,27.2,37.1,100.3,91.1,25.8,9.6,9.2,54.7,15.5
20.1,35.6,28.0,43.4,95.2,34.3,142.2,88.9,92.4,77.0,79.5,63.2,75.2,24.0,19.2,57.4,31.2,38.4,41.8,36.1,46.7,5.6,33.0,35.7,141.5,39.3,35.0,15.0,20.1,57.2,164.7,59.5,36.8,43.9,72.1,71.7,30.6,38.7,108.6,100.0,29.0,16.9,7.5,63.8,15.4
18.5,36.2,29.2,44.6,98.8,34.4,125.8,99.7,95.3,80.4,67.1,57.7,67.2,22.9,18.0,54.4,28.3,40.8,42.7,35.1,40.2,5.5,33.3,37.0,122.9,39.1,28.2,13.5,23.3,47.9,144.3,60.3,36.3,41.2,79.9,85.7,29.9,35.4,91.8,86.8,24.5,13.3,5.8,58.5,14.5
20.2,35.9,28.5,43.3,96.4,36.3,136.3,95.0,94.9,81.7,71.7,59.0,71.4,23.8,18.1,56.2,30.0,36.2,38.2,38.5,43.4,6.1,30.5,35.2,134.8,38.0,33.8,14.5,22.2,54.3,157.6,59.4,39.2,45.2,74.1,78.3,32.5,38.6,99.8,93.7,26.4,14.9,6.3,61.9,15.0
20.1,35.7,26.2,44.2,95.1,34.5,145.5,101.2,94.0,84.4,80.5,61.0,74.3,23.5,17.5,56.8,30.3,39.2,40.0,36.8,47.4,6.3,32.9,36.4,143.5,38.6,33.1,13.7,20.9,52.6,167.0,57.2,38.1,44.3,78.9,83.5,32.0,39.0,109.5,102.6,28.6,15.4,6.0,64.4,14.9
21.4,37.9,29.6,45.6,97.7,37.6,143.8,91.2,93.0,81.1,82.7,60.2,72.5,24.4,19.3,55.0,33.5,35.0,36.9,38.7,49.7,6.0,33.4,36.1,143.2,36.6,34.2,14.4,21.5,58.3,164.7,60.6,35.3,41.8,72.2,77.9,29.5,35.7,110.3,103.2,26.9,15.4,7.0,66.1,15.9
22.6,37.6,28.3,45.1,104.1,37.7,145.9,90.4,92.9,79.0,78.6,65.7,77.6,24.7,18.7,54.2,30.5,35.3,38.7,38.3,47.5,6.3,32.9,37.0,144.5,39.3,34.6,14.1,22.1,56.4,168.0,61.1,39.8,45.0,75.9,80.3,31.8,38.2,109.3,103.2,30.3,18.3,5.7,67.4,15.6
21.6,38.7,27.2,44.5,100.7,37.8,147.5,96.2,89.9,77.9,78.4,61.7,77.0,24.7,18.9,54.7,31.1,38.0,40.8,38.0,46.1,6.1,32.5,35.4,144.8,39.5,34.8,16.0,21.9,55.7,170.5,58.9,42.5,49.6,74.7,80.9,33.2,42.0,109.2,102.0,30.0,16.3,7.9,69.0,16.0
19.8,37.0,29.5,42.5,93.8,35.0,137.0,85.1,83.5,72.0,76.1,56.5,71.1,25.0,18.9,53.4,30.5,32.8,36.6,36.5,47.1,5.4,30.9,34.0,134.5,34.4,31.8,13.8,18.5,53.8,159.6,55.9,35.3,42.6,65.5,73.2,28.6,36.2,103.3,96.4,26.6,14.0,7.0,56.6,15.5
20.6,36.4,28.4,43.0,101.2,34.7,142.9,91.9,90.6,80.2,77.5,61.5,77.8,24.5,19.4,55.0,30.2,32.8,35.1,37.0,45.7,5.6,32.7,35.7,141.2,38.1,33.0,14.5,20.5,53.3,165.2,61.6,38.3,46.4,75.9,82.9,31.2,39.8,107.1,98.5,29.1,17.0,8.8,65.7,16.2
21.7,37.7,30.2,43.5,99.9,36.0,140.8,93.8,87.7,76.8,76.7,61.0,74.0,25.3,19.8,55.2,30.6,34.7,38.2,38.8,45.6,6.5,32.3,34.9,139.6,38.2,33.8,15.3,21.0,55.2,162.8,58.5,36.2,42.7,74.1,78.4,32.7,40.6,106.3,99.5,27.7,16.1,7.1,64.8,15.8
20.5,34.5,27.2,41.3,94.1,34.6,141.0,89.3,86.1,74.9,74.2,63.3,76.9,23.8,19.3,54.0,30.7,32.4,34.3,36.0,44.9,6.1,31.7,34.2,139.8,36.2,32.7,14.3,20.5,52.0,163.3,54.6,38.4,44.7,67.9,72.7,31.9,39.4,103.9,97.1,28.9,19.2,7.2,57.4,15.5
19.8,33.0,28.0,39.1,89.5,33.1,133.9,93.2,89.1,76.5,71.6,55.0,67.0,23.6,18.2,54.2,28.3,32.7,34.5,32.6,41.4,5.9,30.9,35.5,132.1,36.1,30.1,12.5,20.0,49.7,157.3,53.8,36.8,42.2,65.7,68.8,34.5,40.4,98.2,92.1,25.6,14.3,6.3,52.8,14.6
18.9,34.8,26.2,40.5,85.9,34.2,132.4,83.4,81.2,70.2,72.2,53.5,65.5,22.3,16.9,50.6,27.4,30.4,34.5,32.9,41.2,5.5,29.7,33.0,131.6,34.7,31.7,14.0,19.0,51.1,154.5,51.0,35.6,41.4,63.6,74.9,31.1,36.8,98.3,92.3,26.3,11.7,6.1,47.7,13.8
21.4,37.0,29.2,43.7,93.0,35.1,150.3,89.7,89.6,76.8,85.2,63.2,73.4,24.5,18.3,51.6,31.4,32.2,35.8,36.4,50.3,7.0,33.4,36.3,150.8,38.8,35.7,14.5,22.3,58.0,173.5,57.8,37.1,42.0,68.6,72.4,33.9,38.4,114.2,109.5,28.8,16.9,4.9,63.2,14.7
19.5,37.4,26.9,42.2,97.1,33.3,145.2,85.1,85.5,72.7,80.0,59.0,72.9,23.1,18.2,53.4,29.0,36.5,40.2,35.0,45.7,7.0,29.6,33.9,143.5,35.2,33.1,16.3,20.9,53.0,166.2,58.0,39.0,45.7,65.9,74.2,31.1,38.5,108.5,101.3,28.8,15.0,7.4,57.1,14.4
21.0,35.7,29.9,45.3,103.2,38.6,141.6,98.0,92.7,78.9,73.6,67.7,83.7,24.4,17.7,55.2,29.7,36.7,39.6,37.7,42.2,6.1,33.0,36.1,140.5,37.5,33.0,14.8,19.1,53.7,163.7,61.2,39.4,47.5,77.3,82.6,30.9,40.0,105.4,96.9,31.0,15.8,8.7,69.5,15.6
19.7,37.4,24.5,42.0,86.9,32.3,142.9,84.4,85.7,74.2,79.6,57.0,71.4,22.8,19.8,54.5,31.5,32.3,36.5,35.0,44.3,6.6,31.5,33.8,141.3,36.8,34.2,14.8,21.6,55.6,166.4,48.7,37.5,43.4,66.6,68.4,31.7,39.1,106.6,100.1,28.0,18.0,6.2,52.6,15.5
20.9,35.6,26.6,40.6,95.5,35.7,140.4,87.6,85.6,72.5,77.6,59.9,77.8,22.5,20.0,53.2,30.7,30.0,33.6,35.3,44.1,4.5,30.1,34.8,140.5,33.6,32.3,14.8,19.6,52.9,163.9,57.1,34.3,44.2,67.3,70.9,29.0,39.4,107.4,97.6,30.5,14.5,10.2,57.4,15.2
20.5,35.6,28.5,43.2,102.8,36.8,142.3,96.4,93.9,81.3,75.8,64.2,74.6,24.5,17.9,54.5,30.9,36.7,36.9,36.5,44.9,6.0,31.7,35.9,141.5,39.8,33.4,14.5,20.7,55.0,166.7,60.7,40.4,45.5,74.5,77.3,34.4,40.5,105.8,99.8,28.0,17.8,5.9,67.3,15.5
20.7,37.2,30.2,46.4,107.4,37.3,146.3,100.7,96.9,84.3,79.6,63.1,77.6,25.7,18.6,55.0,30.6,38.9,40.4,38.4,47.3,6.0,31.8,34.8,144.7,41.0,34.0,15.3,22.6,56.7,168.2,65.0,39.0,46.5,81.3,90.1,34.1,41.5,109.6,102.2,29.4,15.2,8.0,74.4,15.3
21.2,37.9,29.7,43.4,97.5,35.5,139.2,89.3,87.7,73.5,77.4,55.7,71.7,25.2,19.5,52.4,33.1,33.0,36.1,37.1,47.1,6.3,32.6,35.7,138.1,37.3,34.7,14.2,21.4,57.1,161.2,59.1,36.8,44.9,68.7,72.0,31.2,39.0,104.1,97.0,26.8,14.7,8.0,61.1,16.1
20.1,34.8,28.7,39.4,94.2,33.9,142.5,88.8,84.3,75.5,76.0,58.5,72.5,23.2,19.6,51.5,30.0,30.3,32.7,33.7,45.3,5.6,30.0,34.4,140.6,35.4,32.7,14.3,18.7,53.8,164.7,54.0,38.6,45.8,69.7,75.9,32.5,40.9,105.1,98.4,28.2,16.0,7.4,56.9,15.8
18.5,32.8,26.1,40.3,88.0,32.2,146.4,88.5,86.6,77.4,79.7,57.5,68.3,22.1,17.3,52.0,28.4,30.5,32.3,33.5,48.1,6.7,29.9,33.3,144.5,36.3,36.8,13.3,19.4,59.4,168.5,51.1,40.5,46.6,64.9,71.2,34.9,40.4,108.0,102.5,27.0,15.5,5.7,52.5,14.2
20.3,37.7,32.5,43.4,100.6,36.4,141.2,96.9,94.2,81.2,76.3,61.5,79.0,27.4,19.2,53.2,30.4,36.7,38.6,37.1,46.6,5.9,33.9,38.0,138.6,40.6,32.4,13.3,21.4,55.0,161.7,62.5,34.9,43.5,79.9,81.5,27.9,39.0,108.0,98.5,30.3,17.4,9.8,69.2,16.2
20.1,37.7,27.0,43.9,94.9,33.8,147.1,85.4,86.9,74.4,82.1,59.6,68.8,24.4,19.2,54.6,30.3,33.0,36.5,35.0,48.1,6.0,31.0,33.8,145.1,37.0,35.1,14.4,20.0,56.7,168.2,55.3,39.1,43.6,67.6,74.1,33.6,38.0,109.0,104.7,26.0,19.0,4.2,60.4,15.0
19.8,36.6,28.0,42.8,90.1,33.6,144.1,85.2,87.8,75.4,76.8,58.5,71.7,23.8,18.8,55.1,29.8,32.8,35.8,34.1,45.6,5.5,31.9,35.8,142.1,37.0,34.0,14.1,20.8,55.7,165.9,55.0,38.7,45.0,68.0,72.6,33.2,40.8,106.0,98.9,28.2,17.2,7.7,56.5,15.5
21.8,37.4,27.0,43.7,102.5,36.5,143.7,88.6,91.1,74.9,75.5,63.5,79.6,24.6,18.9,55.3,30.4,38.1,39.7,37.7,42.7,5.6,33.2,37.0,143.0,38.5,33.3,14.9,22.9,53.5,166.4,62.2,39.5,48.2,71.3,78.4,31.8,41.1,106.3,97.7,33.2,17.9,9.6,65.7,15.5
20.9,37.8,29.7,45.2,96.9,32.6,153.7,97.9,94.5,81.2,82.5,59.4,79.7,24.1,20.1,55.7,32.5,39.2,42.4,36.9,50.7,6.8,33.3,36.5,153.8,40.4,35.5,16.7,23.4,55.4,177.4,57.2,39.9,49.7,79.2,89.7,35.2,46.2,115.3,104.4,31.0,15.5,10.4,71.7,15.6
19.7,36.5,31.6,44.2,103.7,36.9,134.3,90.3,94.3,77.4,73.5,53.8,79.0,24.5,18.0,54.8,29.3,34.3,37.6,39.3,43.3,5.6,33.1,35.9,132.7,38.4,32.5,15.2,20.8,54.8,153.7,62.8,34.8,47.3,77.2,95.1,28.2,41.6,102.0,88.1,26.8,9.8,11.8,66.4,15.1
20.3,37.0,28.1,44.3,98.2,37.1,134.1,93.2,92.3,77.8,76.1,58.5,69.5,22.8,17.9,52.9,30.4,37.2,39.0,38.0,44.3,5.0,32.5,35.7,132.8,36.0,32.2,14.9,22.3,53.0,155.1,61.5,32.6,39.3,75.2,76.4,26.3,32.5,104.3,96.9,26.2,15.4,6.8,61.8,14.3
20.0,34.4,27.2,41.8,94.2,34.0,135.4,92.1,86.4,74.3,75.1,55.0,69.4,22.5,17.7,53.5,28.4,36.0,37.6,34.2,44.2,5.0,31.5,33.5,133.3,35.2,31.1,13.9,21.1,50.0,155.3,58.0,37.5,44.6,71.0,82.8,29.5,36.5,101.0,94.1,25.8,13.1,7.6,57.4,14.7
20.8,35.1,24.7,39.8,88.0,34.1,139.4,88.3,84.5,77.1,76.4,61.0,66.3,23.2,18.4,54.9,29.7,32.4,35.3,34.3,44.8,5.6,30.6,34.2,140.2,35.0,33.8,14.4,19.1,54.9,161.8,50.0,39.8,42.9,57.3,68.5,31.3,34.8,104.0,100.1,26.0,17.9,3.8,54.8,15.5
19.7,37.0,25.7,42.1,95.9,32.0,139.6,86.9,84.3,75.1,76.5,59.4,70.2,23.7,19.2,55.3,30.6,37.8,40.1,33.7,47.0,6.1,31.5,35.0,137.6,36.2,35.2,14.8,19.4,56.2,160.8,57.0,37.8,43.5,69.8,72.9,31.3,37.9,104.4,98.0,28.4,16.8,6.1,56.7,15.8
20.3,36.3,27.9,43.9,101.4,35.3,137.5,94.8,92.3,81.1,75.1,61.5,74.7,23.3,18.1,53.3,30.9,30.5,31.9,38.0,46.1,6.2,31.0,32.9,136.8,35.0,33.5,12.7,20.7,54.9,158.8,62.0,36.8,43.3,75.8,82.7,31.6,38.6,103.6,96.2,26.2,15.3,6.8,64.0,14.9
19.8,38.5,25.5,43.0,94.2,32.0,145.7,88.7,83.8,76.1,82.3,60.0,70.2,23.0,18.8,56.1,31.1,35.0,39.1,35.8,49.1,5.3,33.2,36.6,144.0,35.7,35.4,14.6,20.5,57.4,167.0,54.2,38.5,43.4,71.7,73.2,31.4,37.2,109.1,103.3,26.9,16.1,4.9,58.2,15.1
20.6,34.9,25.5,42.7,95.5,35.0,149.6,93.8,87.3,75.8,84.2,58.5,72.8,23.8,19.3,56.8,32.8,34.0,36.8,37.7,52.4,8.0,31.4,35.2,147.2,37.0,38.1,14.5,20.9,59.8,170.8,58.4,39.1,46.0,71.8,82.9,32.6,40.1,112.1,105.5,26.9,12.5,7.0,64.2,16.0
19.7,37.4,26.0,43.8,103.0,32.8,144.5,92.8,89.1,74.7,79.5,62.2,78.7,23.0,18.0,54.0,31.5,34.0,37.0,36.2,48.0,6.4,32.0,34.8,142.8,35.8,34.2,14.3,20.7,57.6,166.0,57.3,37.1,44.1,74.5,80.3,30.6,39.9,109.7,100.7,26.1,16.0,7.9,63.1,15.0
20.3,37.4,25.0,42.4,87.2,33.5,139.5,81.5,84.1,73.6,73.0,57.0,71.3,21.7,18.2,54.1,28.9,37.1,40.4,34.1,43.4,5.9,30.4,33.7,137.9,34.3,32.5,15.3,21.2,52.0,163.0,50.4,42.2,49.3,64.5,69.1,34.0,41.1,101.0,93.7,28.1,14.3,6.9,50.6,14.6
19.3,38.0,24.0,42.7,84.6,31.4,141.2,82.1,84.0,71.0,78.2,55.5,64.2,21.7,19.0,53.0,30.1,33.7,38.7,31.9,46.8,5.9,28.6,31.8,140.3,34.1,35.2,17.8,21.1,58.2,163.7,49.1,37.6,42.0,62.0,63.5,32.7,38.1,104.8,99.2,25.4,15.5,5.2,48.0,15.3
20.7,36.6,25.2,42.5,94.2,33.4,138.1,84.1,86.2,74.2,68.2,65.9,75.5,23.0,17.7,53.7,30.7,33.3,35.4,34.2,41.5,5.4,31.9,35.8,135.2,33.9,30.8,14.5,21.0,50.4,160.2,54.3,42.0,46.3,69.4,71.9,35.7,40.3,97.8,94.4,26.9,17.2,4.0,54.3,14.5
20.9,36.9,31.0,45.9,103.6,38.0,143.6,94.7,92.9,78.7,76.7,70.4,89.6,24.7,18.7,56.3,31.2,40.0,41.6,40.0,45.8,5.9,34.8,37.8,142.0,38.8,34.1,14.2,20.9,57.3,166.5,63.6,35.7,45.4,77.5,84.3,29.7,40.3,109.8,100.3,31.9,17.7,9.9,72.6,15.2
21.2,34.7,27.0,40.3,96.5,36.3,145.8,83.0,81.7,68.8,78.1,63.9,76.8,23.6,18.1,54.4,30.4,29.0,31.3,35.6,46.7,7.2,30.7,33.0,145.0,36.2,34.2,13.5,20.2,55.0,167.8,55.7,39.2,46.0,66.3,76.0,32.7,39.5,108.0,102.0,29.3,17.6,6.3,58.6,14.4
19.5,35.7,29.0,44.5,94.4,33.5,132.7,96.6,90.2,79.2,70.7,63.1,75.6,24.5,17.4,54.6,28.7,37.4,38.7,34.3,42.0,6.5,33.3,35.0,132.0,38.0,30.3,13.7,22.1,50.0,153.4,57.8,37.3,43.2,76.8,80.1,27.3,34.7,100.3,92.8,28.9,14.9,6.9,60.2,14.4
22.3,37.7,28.2,42.2,91.2,37.4,142.8,84.9,82.3,73.3,78.0,56.1,70.2,23.2,19.2,55.1,30.9,34.5,38.6,37.2,47.6,7.1,32.1,36.3,141.3,34.8,33.0,15.3,19.3,53.5,165.5,54.6,37.7,45.1,69.5,73.7,29.1,37.2,107.2,99.3,28.2,13.6,7.6,60.7,14.7
22.7,37.9,32.0,44.7,99.0,36.4,150.8,95.5,95.7,83.3,79.7,68.0,81.1,26.2,20.5,55.8,34.0,32.0,35.3,38.4,49.0,5.8,34.6,36.1,149.7,40.6,34.0,13.7,23.5,52.6,173.8,58.9,37.9,44.4,74.5,76.8,34.5,42.1,114.0,107.3,29.7,18.0,6.5,71.9,16.2
20.2,38.4,29.5,46.7,101.5,35.2,141.6,92.5,91.5,81.4,77.1,68.0,76.5,25.3,19.5,55.5,31.0,37.4,40.0,38.0,46.3,5.9,32.8,36.8,140.0,39.2,35.3,15.2,23.7,57.7,163.4,64.0,39.5,44.0,75.8,77.0,32.2,37.0,104.4,99.5,27.1,12.1,5.0,68.6,15.8
21.5,37.6,26.2,42.7,95.6,37.1,145.5,88.0,86.1,74.5,77.0,64.5,82.0,23.0,18.6,53.8,31.1,34.0,37.5,37.5,46.7,6.7,30.9,34.4,144.7,35.5,33.6,16.3,19.8,55.1,168.5,58.9,37.6,45.8,69.8,75.5,30.4,39.5,110.0,101.2,31.4,18.3,8.5,62.3,14.8
20.7,36.9,30.1,43.6,96.9,36.9,140.0,84.7,86.5,70.0,79.1,55.5,67.8,25.6,18.7,55.8,30.2,33.9,38.2,39.0,46.9,5.6,30.2,33.9,138.4,36.7,34.2,14.9,22.3,56.4,160.3,59.5,39.0,44.9,68.6,82.1,32.6,39.0,103.2,97.2,24.7,11.6,5.8,62.1,15.0
20.3,37.2,32.3,46.6,95.2,34.5,130.5,97.1,96.5,88.1,69.5,58.0,75.5,25.5,18.0,53.7,29.9,38.6,39.1,37.3,42.3,5.4,32.4,35.2,128.6,37.7,29.7,14.3,21.3,48.9,151.6,59.0,36.0,44.9,82.2,84.4,28.8,39.1,96.9,87.3,27.3,12.4,9.7,63.3,15.7
20.6,35.0,30.4,44.9,100.5,36.5,142.1,98.6,92.9,80.2,80.5,64.8,77.0,25.0,18.7,57.9,31.5,31.7,34.1,37.3,48.0,6.0,30.7,33.4,142.0,38.7,33.6,12.7,20.0,55.5,165.3,59.7,34.9,40.8,72.5,76.5,32.6,39.3,108.9,103.0,27.6,13.7,5.4,66.5,15.3
20.6,40.1,29.0,44.9,101.5,36.7,148.9,89.5,89.2,76.6,83.4,64.0,77.8,24.5,18.6,56.9,32.4,32.0,36.5,38.2,50.9,5.4,33.5,35.8,148.1,38.2,37.3,16.2,20.3,60.5,170.6,62.8,39.4,46.4,73.6,79.1,32.9,40.7,111.9,105.2,26.3,13.8,7.5,68.9,16.1
20.9,37.8,27.4,44.4,97.0,35.2,145.7,90.0,89.1,76.4,79.4,66.0,83.8,24.1,18.3,55.2,30.9,34.2,37.9,37.3,46.1,6.5,33.4,36.5,144.6,36.4,34.2,15.1,20.0,56.3,168.7,58.6,35.1,44.6,70.7,74.1,29.0,39.2,112.0,102.8,32.2,15.6,9.3,64.1,15.5
21.0,33.6,28.5,41.4,94.3,35.6,137.0,90.9,86.1,76.0,75.1,59.4,73.5,24.4,19.2,55.5,32.1,32.3,33.9,36.5,44.4,5.7,30.8,32.9,135.8,35.4,32.1,12.8,19.4,53.6,159.0,56.5,35.8,43.6,70.6,81.1,32.9,40.1,102.8,96.0,27.4,14.0,8.3,60.3,15.7
21.1,38.9,27.5,45.0,105.7,36.2,151.4,88.2,86.5,75.3,85.5,61.2,76.6,23.5,18.7,56.6,32.6,34.2,39.8,39.0,49.2,5.3,31.1,33.9,149.4,36.0,37.0,16.3,21.3,61.6,171.7,63.0,39.7,48.4,72.1,88.7,30.5,38.2,115.4,107.4,28.0,15.4,9.2,71.2,15.4
20.2,37.1,24.2,42.6,89.5,35.1,141.9,83.5,86.2,74.2,75.3,61.1,70.7,22.5,18.5,52.5,28.9,36.5,39.5,34.4,45.4,6.2,29.6,31.5,140.5,35.9,34.0,15.3,20.6,54.5,164.3,52.2,39.3,44.0,64.7,68.8,36.0,40.6,103.1,98.4,27.3,18.5,4.8,52.8,14.6
21.0,36.1,26.4,41.4,95.9,33.4,145.3,90.6,91.4,77.7,78.3,59.2,75.6,23.1,18.6,53.1,29.0,35.5,39.2,34.4,47.5,5.9,30.7,32.8,143.1,36.5,34.0,15.4,22.7,54.7,165.5,57.1,37.7,46.7,67.8,77.2,29.9,38.9,109.9,101.6,28.8,15.0,8.0,56.3,15.1
20.7,38.6,27.4,42.5,91.0,34.8,143.6,83.4,87.2,73.8,76.7,62.0,65.4,23.8,18.7,54.5,28.9,34.2,39.4,33.2,44.3,5.5,31.9,35.0,142.0,36.2,33.9,15.9,21.9,53.9,165.6,52.3,42.9,44.4,64.1,65.5,36.2,37.7,101.6,100.6,25.5,18.7,1.5,55.7,15.0
20.9,36.7,27.1,42.9,96.5,37.0,141.8,86.2,86.2,73.4,75.2,64.0,76.4,23.0,19.0,56.1,29.5,35.5,38.1,34.7,44.6,6.0,30.7,34.8,140.1,36.0,32.0,14.6,20.1,53.4,163.7,60.4,38.4,45.9,66.8,72.9,33.6,40.4,104.8,97.5,28.9,14.1,7.7,61.5,14.4
20.6,36.7,27.9,43.6,98.3,37.6,146.8,95.8,91.9,80.5,80.0,65.1,79.5,23.9,18.2,53.7,29.3,34.2,37.5,38.7,47.2,5.2,30.8,34.4,145.9,38.8,36.5,15.7,20.0,58.0,169.6,59.9,36.0,43.5,78.0,84.6,33.0,41.3,111.7,102.7,30.4,16.7,8.1,68.1,15.2
21.4,38.6,29.1,45.2,98.1,34.5,142.5,93.9,94.1,80.8,76.1,63.8,76.7,24.1,18.1,54.5,29.8,37.5,39.3,36.6,44.9,6.2,31.7,35.1,140.7,39.3,33.5,14.3,21.2,53.4,163.4,59.3,39.7,45.2,73.7,78.5,31.5,39.0,105.7,98.3,29.6,15.6,6.3,63.8,15.0
21.2,37.8,27.5,44.0,90.5,35.9,142.2,84.4,87.0,74.0,76.7,58.4,70.2,23.3,19.0,53.1,31.0,37.6,40.7,35.2,45.6,7.0,31.7,35.8,140.4,36.6,33.2,16.0,21.9,53.0,163.4,55.8,39.3,44.8,64.7,69.1,32.2,38.1,104.8,99.0,27.6,15.9,5.4,56.8,14.5
22.5,38.4,27.0,44.4,96.9,36.0,145.7,90.2,85.8,75.3,78.2,62.1,78.2,23.8,18.2,54.4,29.1,33.1,36.8,36.6,46.2,6.0,30.9,34.5,142.7,36.9,34.8,15.4,22.5,55.0,165.7,57.2,38.5,46.0,67.9,73.8,30.6,39.1,108.6,100.0,29.4,15.4,7.6,60.1,14.7
19.6,36.6,24.8,41.7,89.4,32.8,152.5,84.0,85.7,78.2,88.2,53.7,65.3,22.0,18.6,56.5,31.8,35.0,37.6,34.0,52.6,6.9,30.3,34.1,150.6,34.9,36.6,14.6,21.3,59.6,174.1,50.5,40.8,47.4,68.2,72.3,31.5,38.0,114.4,107.5,26.4,12.5,6.9,55.0,14.6
20.8,37.3,26.7,41.8,93.5,35.5,148.8,89.1,86.5,78.3,82.6,61.7,70.4,23.4,18.2,56.2,30.3,34.1,37.0,35.6,50.9,6.9,32.4,35.5,147.3,36.4,34.0,14.4,20.1,56.9,173.1,55.6,39.6,43.8,71.6,75.0,33.1,37.7,111.0,106.1,26.2,17.2,4.6,60.6,14.3
23.7,38.0,31.7,45.8,105.4,38.6,142.4,92.5,90.9,78.5,77.9,68.8,77.7,26.0,18.9,56.1,31.5,37.6,41.2,40.8,47.8,6.5,32.5,35.6,140.8,39.5,33.1,15.2,22.5,53.0,165.4,64.6,37.4,42.9,71.4,78.1,30.1,34.7,107.6,103.4,29.4,18.8,5.5,69.9,16.0
20.2,35.3,26.0,41.1,89.5,32.1,137.1,86.7,84.2,72.7,74.0,59.1,72.3,22.7,17.4,53.3,28.1,33.5,36.5,34.0,43.6,5.8,29.1,31.8,135.7,35.0,33.5,15.2,21.2,54.0,158.3,53.3,36.1,42.7,64.5,74.4,32.3,38.6,102.4,96.2,27.1,14.2,5.8,51.1,14.2
20.9,37.8,29.3,44.9,100.6,38.6,140.6,100.3,98.2,77.5,75.3,62.0,78.5,24.2,18.2,53.4,31.0,39.5,41.2,38.5,46.4,6.4,32.6,35.2,139.0,40.0,33.0,16.2,22.3,52.6,162.0,58.5,37.4,45.4,87.4,94.9,31.3,39.2,105.6,97.2,27.7,13.8,7.9,72.3,14.8
21.4,38.5,30.0,44.2,99.8,36.9,137.1,96.4,95.9,87.2,74.7,63.2,75.6,24.5,19.3,54.3,30.8,38.1,40.8,37.6,47.0,6.4,33.9,36.6,136.0,38.5,32.0,14.9,22.3,53.6,159.3,60.8,35.5,42.3,80.1,80.7,30.7,38.7,104.7,98.0,29.1,15.2,7.3,64.7,15.5
18.5,33.3,25.3,38.7,89.0,32.2,142.2,82.9,79.8,73.6,76.5,55.5,69.6,22.7,18.2,53.3,29.7,31.5,33.7,33.8,46.3,5.7,28.6,33.0,141.1,34.8,34.1,12.6,19.8,54.9,165.3,51.5,38.4,45.7,65.5,72.5,33.2,40.6,104.7,98.1,27.5,17.3,7.0,51.2,15.1
18.0,36.7,23.2,40.7,90.9,30.8,149.0,87.9,84.5,77.4,79.9,65.2,78.7,21.3,17.7,53.0,28.1,35.3,38.5,34.3,47.5,6.5,27.7,31.2,147.0,32.7,35.2,15.2,20.0,57.8,173.5,51.2,40.2,46.6,65.2,71.1,34.7,42.2,110.0,103.4,28.9,16.6,7.0,52.9,14.4
19.5,36.7,27.0,42.4,92.0,32.3,137.5,85.0,87.9,74.8,75.8,58.8,68.2,23.7,17.7,53.8,28.6,34.0,36.5,34.0,45.0,6.0,29.7,32.9,136.0,37.5,33.2,13.9,20.6,53.8,158.2,55.8,36.5,40.9,69.2,71.1,30.4,35.5,103.1,98.2,25.7,15.7,4.6,52.7,14.7
19.7,34.2,24.1,38.6,88.9,31.4,135.7,74.5,76.5,68.8,72.7,58.0,71.0,21.0,18.2,51.9,28.3,32.3,34.5,32.0,44.2,7.2,28.6,31.3,133.4,34.0,31.6,13.5,19.4,50.5,155.5,48.7,37.3,44.0,63.5,68.8,30.4,37.1,100.1,93.5,26.8,17.4,6.6,45.5,14.3
20.7,36.3,28.5,41.8,99.7,36.2,147.7,85.8,85.4,73.0,83.1,57.1,75.5,23.0,19.2,53.5,30.4,32.8,35.4,38.3,47.9,5.1,32.0,35.7,144.8,35.9,34.7,14.8,19.5,54.8,168.5,61.3,37.8,47.3,70.2,86.1,30.5,39.2,111.7,103.4,26.9,12.8,9.1,65.9,14.7
21.2,38.1,32.0,46.7,113.6,39.7,146.9,92.0,87.7,73.8,79.1,69.4,91.8,26.0,19.7,56.1,32.3,33.5,36.9,45.0,47.4,5.6,33.5,35.7,144.7,36.8,36.2,14.8,21.1,58.9,167.2,69.3,37.6,49.8,73.6,88.1,29.2,41.2,112.8,101.5,31.1,13.2,12.6,80.3,15.3
19.9,37.6,29.1,42.8,93.6,34.5,149.4,85.2,85.6,76.0,82.5,63.3,73.9,23.4,18.1,53.2,30.5,34.1,37.6,37.2,48.1,5.2,29.1,32.6,147.2,37.2,33.7,15.9,21.8,56.6,171.0,58.9,41.0,46.3,68.8,72.5,36.5,42.6,109.4,103.4,26.8,17.6,5.4,62.6,14.5
18.5,35.8,26.5,40.8,93.5,32.0,135.4,81.6,81.6,72.4,69.0,64.1,72.0,21.8,16.7,53.4,28.0,35.6,37.0,33.7,42.1,5.5,28.4,32.6,134.0,32.7,31.3,14.3,20.4,50.6,157.2,55.5,40.3,43.9,60.9,63.3,34.5,38.9,96.7,92.6,26.0,17.7,3.8,50.5,14.4
20.1,35.0,27.0,40.9,93.1,34.6,145.3,83.0,81.3,72.4,80.1,62.7,80.0,23.7,18.5,57.8,30.9,33.0,36.0,35.3,47.6,6.4,31.7,35.5,143.5,34.3,35.0,14.3,19.3,58.3,168.0,56.3,36.4,44.8,71.6,76.4,28.5,37.9,111.3,102.9,28.8,13.2,8.2,60.3,15.1
21.0,36.7,30.4,44.4,106.1,37.6,148.4,95.0,94.1,79.9,82.4,65.0,86.6,26.3,19.1,55.7,32.9,36.8,40.6,41.3,50.0,6.0,33.9,37.1,146.5,37.4,34.4,15.5,22.5,57.5,170.5,64.0,36.0,46.7,76.5,92.0,29.8,40.8,116.0,103.4,31.3,14.9,12.1,74.9,15.8
19.6,36.5,28.0,42.5,91.0,33.4,142.1,82.1,87.0,74.2,79.9,59.7,73.9,23.3,18.7,56.5,30.8,39.7,42.8,35.5,47.4,5.2,33.1,36.3,141.8,36.0,33.9,14.6,21.2,56.9,164.4,56.6,35.8,42.9,72.7,71.1,29.2,36.0,108.8,101.0,28.1,16.5,7.0,57.2,15.0
18.4,34.7,23.2,39.6,89.9,30.8,142.7,82.4,80.9,70.8,76.7,59.7,72.7,21.4,16.9,53.4,28.8,33.1,36.4,33.5,44.6,6.1,29.1,33.6,141.2,34.5,33.3,13.2,20.8,53.4,165.8,52.2,37.1,43.9,62.4,66.8,32.9,40.0,106.6,99.3,29.4,17.2,7.1,49.3,14.0
19.6,37.1,24.0,42.5,88.5,32.3,141.4,86.8,86.1,76.6,80.2,51.2,65.0,22.5,18.2,54.0,29.6,35.3,37.2,33.1,45.6,5.6,31.6,34.7,141.5,33.9,32.8,15.3,21.2,53.5,163.9,51.0,39.4,46.4,70.1,76.5,31.5,38.4,106.3,99.3,25.3,14.8,7.1,53.0,15.2
19.9,36.5,27.0,42.3,90.2,34.5,136.5,81.5,84.5,73.1,74.9,60.8,71.9,23.7,18.5,55.5,31.3,33.7,37.4,37.2,45.3,5.9,30.1,33.2,135.9,35.3,32.0,14.1,20.7,54.0,159.3,53.9,35.0,40.2,69.2,71.6,31.5,37.0,102.2,96.0,26.6,16.8,5.5,55.6,15.0
20.6,37.9,27.7,42.6,93.9,34.4,141.6,86.8,85.2,75.0,76.4,59.2,71.9,23.2,17.8,53.5,30.5,34.2,39.8,35.6,45.4,5.4,32.2,34.5,139.8,35.5,32.4,16.3,19.3,53.9,161.5,56.1,39.5,46.1,72.0,73.4,30.3,37.1,105.2,99.3,27.5,16.0,6.9,58.0,14.6
20.4,37.7,27.0,41.8,91.4,35.3,146.7,87.2,86.2,75.8,84.5,56.7,74.8,23.3,18.9,55.0,31.2,35.0,38.8,37.1,50.1,5.6,30.8,34.4,145.0,35.1,34.2,14.8,19.8,55.7,167.3,56.1,36.6,46.0,72.7,79.5,29.7,38.1,112.2,103.9,27.1,12.4,8.3,59.4,15.2
20.7,38.4,26.8,44.4,94.8,32.4,152.1,90.3,90.4,77.2,82.2,64.6,74.1,23.3,19.4,53.1,30.4,37.3,39.1,34.1,49.1,6.4,31.7,34.7,150.4,38.3,36.1,15.9,20.3,56.5,174.7,53.7,42.8,47.9,69.8,76.2,35.3,39.7,112.3,107.7,29.3,17.6,5.5,60.5,15.0
20.3,39.3,28.7,46.6,97.7,35.6,148.2,92.7,91.9,80.3,80.9,60.2,74.2,24.7,18.5,55.5,30.4,35.1,38.8,37.4,48.9,6.8,32.3,36.5,147.5,38.9,35.7,14.7,21.4,58.2,171.9,59.8,37.7,45.1,74.5,80.4,32.4,40.3,111.0,103.6,28.1,15.7,7.1,67.1,15.4
19.7,34.8,27.0,41.9,92.3,35.0,133.5,83.9,86.4,73.3,72.4,55.5,67.8,22.8,17.8,53.7,30.0,32.2,35.0,35.5,43.9,5.2,31.1,34.0,131.0,35.2,32.0,12.3,19.0,52.4,155.2,53.7,34.6,40.2,65.6,68.5,30.4,37.0,100.1,93.6,25.6,15.1,6.0,52.8,14.7
23.2,35.5,30.3,43.7,99.5,36.7,138.0,99.0,95.1,85.9,74.0,59.0,76.7,25.0,17.8,57.5,31.5,37.7,39.0,39.3,45.9,6.2,32.8,35.1,136.9,38.0,32.4,14.0,20.7,52.5,160.9,63.2,36.3,45.2,79.5,86.7,31.0,40.9,104.1,94.5,29.0,12.6,9.9,69.5,15.3
19.2,35.2,27.5,40.0,88.5,31.6,138.7,83.1,81.1,72.1,77.3,53.7,71.3,23.6,19.8,52.1,29.5,34.8,37.4,32.6,45.3,5.2,31.7,34.6,137.0,35.6,33.3,14.9,19.3,56.1,158.9,52.5,36.3,45.0,67.7,73.8,29.1,39.5,105.2,96.2,27.4,14.2,9.7,51.9,14.7
18.9,35.7,26.1,42.2,88.0,33.6,138.2,82.9,81.6,69.5,74.5,57.5,74.4,22.2,18.0,57.2,28.9,31.3,32.7,35.2,43.9,4.7,31.7,34.6,135.8,33.9,31.2,13.3,19.5,50.4,159.3,55.0,36.7,45.5,68.1,72.0,28.2,37.2,102.6,93.5,27.6,14.2,8.3,54.1,14.7
20.7,36.6,28.0,43.9,98.5,35.5,149.5,92.9,90.3,77.9,80.3,66.5,82.1,24.8,18.6,53.0,30.5,31.8,35.2,36.7,47.5,6.2,34.1,37.8,147.8,39.3,34.2,12.8,21.3,57.6,173.5,56.4,37.8,45.5,74.6,81.5,32.8,42.1,113.4,105.3,31.5,17.5,8.3,68.0,15.9
19.7,35.4,25.6,41.9,95.5,34.7,138.2,86.5,84.7,71.4,76.6,57.5,71.0,22.2,18.2,55.2,30.0,33.1,35.9,35.0,45.0,6.1,30.0,32.3,136.5,36.3,33.1,14.8,21.2,55.1,160.3,56.0,36.9,43.6,66.8,72.5,31.3,37.7,103.4,97.2,26.5,13.8,7.0,55.9,14.4
20.6,37.0,29.1,43.4,91.9,36.0,136.9,87.5,90.7,74.7,75.2,63.5,77.6,24.9,20.3,56.3,32.3,36.2,38.3,37.9,45.7,6.1,32.5,36.1,136.3,36.3,31.7,15.7,21.0,54.0,160.7,55.3,34.8,42.0,71.3,72.9,30.3,38.5,103.8,96.3,27.0,12.5,7.8,61.0,15.7
19.1,32.6,26.5,40.0,90.0,32.0,138.7,89.4,87.8,76.3,75.5,59.0,70.6,22.7,17.1,55.3,28.5,32.1,34.6,34.5,45.2,5.0,28.3,30.1,136.2,34.7,32.5,13.5,20.4,49.5,159.3,56.3,38.1,43.3,68.7,75.0,32.2,38.5,101.5,95.6,25.9,14.7,6.1,54.5,14.2
20.4,35.4,26.6,42.5,94.0,36.1,136.2,96.5,91.0,73.7,73.8,57.0,73.7,23.9,17.7,52.7,29.3,34.7,36.6,36.0,42.7,5.7,29.4,34.0,134.5,36.6,32.5,13.8,20.4,53.8,157.5,55.3,34.3,42.6,70.2,79.6,29.4,38.2,103.1,94.9,28.2,13.5,8.5,58.5,14.4
20.5,36.3,27.7,42.6,94.3,34.1,140.7,91.1,90.3,75.3,75.1,60.1,79.3,23.3,17.9,54.4,29.3,35.0,38.4,36.6,44.0,5.5,32.3,34.7,138.5,37.3,33.3,13.6,21.2,53.3,163.3,55.8,35.3,45.0,71.9,81.2,30.2,40.3,107.0,97.3,31.5,15.9,9.6,60.0,15.1
19.3,36.3,25.1,42.8,90.3,33.0,141.8,86.2,84.5,74.2,77.1,61.2,74.3,22.2,17.7,51.9,30.6,35.0,38.2,32.6,44.8,5.0,30.2,33.2,140.1,34.3,33.4,14.6,21.3,55.7,162.8,51.8,37.6,44.7,66.7,71.2,33.4,40.5,107.0,99.3,28.2,16.5,7.9,53.6,14.6
21.6,37.4,29.0,44.2,95.3,35.6,142.5,90.5,90.9,80.1,77.6,58.1,72.9,24.7,19.6,57.0,29.8,39.5,42.3,37.3,47.4,6.4,34.4,37.5,139.6,37.5,34.1,14.4,21.3,55.4,163.7,57.1,38.2,45.8,73.4,76.0,30.6,38.3,105.8,97.9,27.5,14.8,7.8,63.1,15.7
19.6,37.0,25.2,42.0,86.9,32.5,144.9,83.1,83.2,71.3,80.7,54.5,65.0,22.3,18.5,54.5,29.8,34.2,36.8,33.3,48.7,5.6,30.1,35.1,144.1,35.7,32.8,14.8,21.4,53.6,168.9,51.1,40.6,45.6,63.1,68.4,34.1,38.8,107.0,102.1,26.1,15.6,4.9,52.0,14.7
19.0,35.7,26.5,43.7,96.5,33.0,141.2,89.9,89.6,78.5,78.2,58.0,65.2,23.4,17.4,53.9,29.4,34.2,36.5,33.8,48.2,5.9,32.0,34.8,139.5,37.4,34.1,13.5,20.4,55.8,161.4,56.1,41.0,44.7,76.7,83.6,33.0,37.2,102.5,98.5,23.3,14.0,3.8,57.2,14.3
18.5,38.7,25.8,42.9,91.2,31.3,146.0,79.2,82.3,71.2,78.6,55.4,67.8,22.6,18.3,55.1,30.7,33.8,38.3,34.3,49.3,6.4,30.8,35.0,143.9,33.9,35.9,16.1,20.7,59.3,169.0,52.7,38.8,45.0,65.8,69.4,34.0,40.1,107.7,101.2,25.5,13.4,5.8,54.8,14.8
21.9,41.7,34.4,52.2,108.8,40.1,148.8,106.4,106.3,93.7,80.6,66.5,81.1,26.9,19.6,55.7,31.6,40.1,40.0,40.4,48.3,6.3,36.5,39.9,147.0,43.2,34.7,16.4,23.6,56.0,169.2,66.7,40.3,47.5,89.5,96.1,32.1,41.0,111.7,103.8,29.0,15.3,7.6,87.5,16.2
21.6,37.2,29.8,43.3,98.1,37.8,140.8,91.6,89.8,80.6,77.6,62.7,79.5,24.0,18.8,55.3,31.6,32.1,36.2,37.5,44.3,5.0,31.7,34.9,140.1,35.4,33.0,13.9,19.8,56.4,162.8,61.0,36.1,44.8,72.6,73.4,29.3,37.8,107.6,99.2,29.2,15.9,8.5,65.8,15.3
20.6,35.2,26.7,43.1,99.9,35.7,132.2,96.8,92.2,80.1,68.5,59.8,77.1,22.5,18.8,53.6,29.7,33.0,34.2,35.5,40.5,5.7,31.0,33.7,130.5,36.0,30.9,13.2,20.3,50.1,153.7,61.0,36.6,45.2,75.5,88.3,33.4,41.5,97.0,88.1,26.8,12.4,9.0,63.9,14.7
21.7,40.0,33.0,48.6,116.7,39.5,149.2,106.9,106.0,90.2,82.2,67.9,90.1,26.7,19.5,54.4,32.9,40.8,44.9,41.6,47.3,5.6,34.3,38.8,147.4,45.4,35.1,15.4,23.3,57.1,169.5,74.8,40.3,52.3,86.5,107.7,32.2,43.3,113.0,101.3,28.8,9.9,11.6,90.9,15.8
21.5,36.5,30.8,43.4,101.9,38.1,138.7,88.5,89.5,76.3,73.0,60.2,78.5,25.2,19.1,54.2,31.0,36.4,38.3,40.9,43.7,6.0,31.4,34.9,137.1,37.6,29.7,14.5,19.8,49.0,160.7,63.9,35.7,45.3,72.9,79.5,30.0,40.3,103.7,94.0,29.6,13.9,9.5,65.9,15.1
19.6,37.0,27.1,42.5,104.7,32.9,142.3,94.2,87.5,80.9,75.3,66.0,70.0,22.3,17.9,54.6,30.0,34.5,37.4,34.1,45.1,5.9,30.3,34.2,140.6,36.4,33.1,14.5,20.1,53.0,164.6,59.1,42.4,44.1,76.8,82.5,37.6,40.0,101.2,99.4,26.3,18.3,1.8,63.8,14.1
21.2,35.9,27.3,42.7,98.5,35.5,142.6,91.2,89.2,80.6,79.4,52.0,68.3,24.3,17.2,54.2,29.3,31.9,33.9,36.1,47.3,5.1,33.2,36.1,141.1,38.4,35.9,13.1,21.1,56.7,163.6,56.2,39.1,47.6,73.5,90.2,33.4,41.0,104.7,97.0,25.6,11.9,7.6,61.2,15.1
20.7,38.3,29.0,44.6,90.9,32.9,143.2,91.5,88.2,74.7,80.7,54.7,68.3,23.7,19.0,54.7,29.7,34.3,36.9,34.5,48.2,5.7,30.6,34.9,140.6,37.0,32.6,14.7,21.2,55.2,163.6,57.1,38.2,45.9,73.3,84.7,31.4,38.1,108.2,100.7,27.0,11.9,6.8,60.1,15.1
20.5,39.1,29.0,46.2,103.6,39.2,146.3,92.1,90.9,78.7,82.6,64.7,80.0,23.9,18.9,56.1,32.0,37.1,41.2,39.0,49.1,6.2,32.7,37.6,143.8,35.9,36.2,14.5,21.4,59.7,167.0,64.6,36.3,42.6,74.4,81.8,28.7,36.9,112.1,105.3,28.0,16.5,6.1,73.7,15.7
20.1,36.5,28.8,42.7,95.2,35.8,135.4,91.0,86.2,73.5,75.5,54.2,73.5,24.5,19.8,55.7,31.0,33.2,36.0,36.9,42.9,5.7,33.0,35.2,133.3,35.5,31.3,13.6,19.7,52.0,156.7,58.8,35.2,45.7,71.7,80.3,29.1,39.1,103.3,92.9,27.4,13.4,10.4,61.4,16.0
19.7,35.2,26.7,41.3,92.4,33.1,134.8,83.8,83.4,74.7,71.4,55.6,68.7,22.5,18.3,53.1,28.6,31.0,33.1,33.2,42.2,5.5,30.9,34.1,132.7,34.5,32.2,12.8,20.8,50.4,156.2,52.8,36.9,43.9,66.5,76.7,30.8,38.2,99.5,92.7,26.4,14.1,7.3,52.0,14.5
20.7,38.0,29.0,43.0,96.2,35.8,147.7,86.5,87.3,76.0,81.6,62.1,69.6,24.3,18.9,53.6,30.7,36.2,39.0,37.8,48.6,6.5,31.5,35.7,145.7,36.3,34.8,14.4,22.1,56.2,171.7,55.0,40.9,45.6,66.5,71.5,38.5,42.4,108.0,103.8,26.8,19.3,3.0,61.7,15.2
19.2,37.0,28.0,42.3,93.2,33.8,138.2,85.9,86.9,76.9,75.3,59.3,73.9,23.1,19.8,54.7,31.1,33.8,37.5,35.5,45.8,6.7,30.0,33.2,136.8,37.2,35.2,13.7,19.3,57.4,159.4,53.7,36.6,44.1,70.4,75.4,30.0,37.6,103.5,95.7,25.0,13.6,7.5,55.0,15.7
18.7,36.3,29.0,43.6,94.3,34.0,128.7,92.2,91.1,76.6,71.9,56.8,69.2,23.1,17.4,53.7,29.7,34.7,37.1,33.9,42.0,5.6,29.9,34.3,127.0,35.0,29.9,13.5,18.7,51.3,149.2,58.2,33.4,39.4,73.5,77.6,30.6,37.8,98.0,90.7,26.2,14.5,7.1,56.0,14.3
18.6,36.5,26.0,40.8,90.2,32.0,140.1,84.9,85.0,72.7,79.2,58.0,67.7,21.6,16.3,53.6,28.9,33.1,36.6,34.2,46.3,5.1,29.7,32.7,138.1,34.0,33.1,14.3,20.4,54.1,160.4,52.1,36.7,41.2,70.1,72.5,29.2,34.3,105.2,100.5,24.3,15.9,4.9,51.0,13.9
22.1,39.0,30.2,46.4,103.7,38.7,149.3,98.8,97.9,82.6,84.5,67.6,82.5,25.3,20.1,56.3,33.1,41.1,43.9,38.7,48.6,5.6,34.7,37.2,147.5,40.4,35.0,15.9,22.9,58.0,170.8,65.7,36.3,42.9,78.2,81.4,31.3,39.6,114.9,107.2,31.7,17.8,7.9,78.0,16.5
18.3,37.2,24.8,40.0,86.4,30.6,136.3,83.5,81.9,73.2,72.6,59.9,69.1,21.3,17.3,52.7,26.8,33.2,37.2,31.7,42.4,5.5,30.8,34.9,134.9,34.1,32.5,14.7,20.1,52.4,158.2,50.1,38.4,42.2,62.7,66.2,32.4,37.7,100.2,95.1,26.1,17.1,5.0,46.7,14.0
20.6,35.1,27.0,42.1,101.4,34.8,135.1,93.6,87.5,77.9,68.6,63.0,77.0,22.9,18.3,53.2,29.5,34.0,36.0,35.0,40.7,5.7,31.7,34.3,132.4,36.8,30.7,13.5,20.4,49.0,154.5,60.3,40.0,46.9,75.8,80.3,32.3,38.8,98.5,92.3,28.2,17.5,7.7,59.5,14.5
20.2,34.1,29.0,41.4,89.5,34.0,134.7,89.4,85.0,72.7,75.0,57.4,66.5,23.0,17.8,55.2,30.0,35.0,37.7,35.2,44.9,6.0,32.9,36.2,133.1,36.3,33.1,12.9,19.1,55.3,154.5,56.0,35.5,40.4,67.4,69.1,28.8,33.7,100.7,95.6,24.6,15.2,4.5,54.2,15.0
22.1,40.2,30.9,46.9,95.6,38.8,146.0,92.2,92.5,78.9,79.0,63.2,79.5,24.8,19.1,57.8,33.2,36.3,40.6,37.8,48.2,5.8,34.4,38.9,143.3,37.8,34.0,15.8,20.9,57.5,166.7,63.1,37.7,46.3,73.1,79.9,30.5,39.1,110.3,101.3,30.6,14.4,9.5,71.0,15.6
20.8,35.9,31.2,43.5,98.4,38.0,136.9,92.1,90.6,80.4,76.9,61.0,69.5,25.1,17.5,53.4,27.7,37.3,39.2,38.8,45.1,5.4,33.3,35.6,135.4,38.0,32.8,13.5,22.4,53.8,158.7,59.6,37.5,41.7,74.0,85.4,33.2,37.9,101.2,96.7,25.0,14.3,4.4,64.8,14.6
20.5,34.6,27.1,39.7,100.9,34.2,136.8,83.0,82.7,71.1,72.5,59.0,75.1,22.8,17.4,52.7,28.4,33.4,38.0,37.9,42.1,5.6,31.3,33.9,134.2,34.1,31.6,13.8,19.9,50.7,156.6,58.8,38.5,47.2,72.5,85.9,31.3,39.5,101.1,92.5,29.2,15.0,8.8,58.7,14.1
18.9,35.7,28.5,43.1,93.5,36.5,137.6,91.5,90.5,79.3,76.5,57.5,71.0,23.8,18.2,53.8,29.6,31.5,33.8,38.1,45.4,6.5,32.2,36.0,135.2,38.1,33.2,12.9,19.1,54.1,159.3,56.6,36.0,42.9,74.5,79.1,30.5,38.4,103.2,96.1,26.4,13.7,7.2,59.6,15.1
21.1,36.3,30.2,43.7,96.5,37.0,138.3,94.6,89.5,77.6,74.5,58.4,72.5,25.3,18.6,53.9,29.7,36.5,38.6,38.0,43.9,6.2,32.3,34.4,136.3,40.5,31.5,14.5,21.8,52.3,159.4,58.3,38.1,45.0,77.0,81.3,31.3,39.4,102.4,95.2,26.9,15.6,6.4,61.6,16.1
19.8,35.8,24.9,40.5,90.6,32.1,147.6,85.4,86.5,75.6,81.7,58.3,68.3,22.9,18.3,53.6,29.8,35.6,38.0,34.7,47.4,6.2,31.3,34.1,146.1,36.2,35.3,14.7,21.0,55.6,170.5,52.4,41.5,46.3,67.0,74.3,35.2,40.7,108.2,103.1,26.8,14.4,5.2,56.0,15.3
21.7,36.5,31.5,46.5,104.9,40.7,140.3,94.4,93.8,84.9,78.9,59.3,83.8,26.6,19.5,54.7,32.2,39.0,39.0,42.9,46.2,5.2,34.7,37.2,138.5,41.0,33.4,13.6,21.7,56.8,160.7,68.9,34.9,47.5,82.3,88.1,26.3,39.8,108.8,97.0,30.6,12.3,12.8,78.1,16.0
21.3,35.2,28.5,40.9,102.9,36.6,136.5,93.7,85.6,79.4,72.3,63.0,81.9,23.4,18.1,55.1,31.8,34.3,36.9,36.2,44.2,5.0,33.0,35.7,134.2,36.0,32.5,13.8,20.0,53.3,157.0,59.5,35.0,45.5,77.3,83.8,27.1,36.3,103.2,93.0,30.4,15.7,10.0,62.0,15.5
20.4,39.4,26.4,44.1,94.0,34.6,148.9,92.7,87.3,73.6,79.0,62.5,74.0,23.7,18.7,54.9,31.3,33.4,37.8,34.8,47.8,6.3,32.1,36.7,147.3,37.7,36.1,15.7,21.6,59.1,171.3,53.5,41.2,46.6,71.4,79.6,34.7,40.4,108.5,102.8,27.5,16.6,5.8,63.1,15.6
19.7,33.0,25.7,38.9,94.5,32.1,131.0,83.1,78.3,69.9,67.7,58.6,76.4,21.0,17.0,55.1,28.1,30.5,34.0,34.3,41.4,5.4,30.3,34.1,128.8,33.2,30.1,12.6,17.8,50.4,152.3,56.5,36.2,45.7,68.3,83.7,29.8,38.2,97.0,88.2,27.3,10.6,9.3,50.8,13.5
22.5,34.0,29.7,42.1,99.3,36.9,141.1,96.3,89.9,82.4,75.2,60.2,74.4,24.0,18.3,54.5,30.7,36.4,37.4,37.7,43.5,6.2,30.8,33.2,138.9,38.8,33.7,12.1,21.5,54.5,164.0,60.0,39.8,47.5,74.5,83.2,33.9,41.5,103.3,96.2,28.5,16.0,7.4,65.5,15.2
21.3,36.3,30.3,43.1,101.4,36.3,140.0,92.8,91.4,79.9,75.8,60.4,77.0,24.5,19.2,51.8,31.0,36.2,38.5,37.1,44.3,6.1,29.4,32.5,138.0,38.3,32.3,15.8,19.4,51.5,161.0,58.9,38.5,46.4,77.3,81.9,33.4,42.7,103.6,95.4,27.7,15.4,8.6,65.2,14.7
21.0,37.2,29.2,43.0,100.4,37.5,142.2,91.1,89.2,80.3,77.4,65.5,77.7,23.8,18.4,55.4,30.5,34.5,36.1,37.7,46.5,5.9,32.8,36.0,140.5,35.3,32.6,13.8,21.0,52.8,163.4,61.2,36.2,43.2,74.0,75.5,29.9,37.6,107.8,100.2,29.4,17.6,7.2,66.0,14.5
21.5,34.8,25.8,39.7,88.8,31.9,140.3,83.5,82.4,72.9,76.1,52.9,69.0,22.2,18.3,54.6,30.0,31.5,34.6,34.1,45.7,6.2,28.8,31.6,139.0,35.1,32.4,14.4,20.8,52.5,163.5,51.8,39.1,46.3,64.4,71.0,35.3,43.0,102.8,95.5,27.0,14.2,7.5,51.9,14.9
19.3,36.9,27.0,42.8,92.1,34.6,139.7,89.7,89.8,76.2,78.2,58.2,70.1,23.3,18.2,53.3,30.1,36.9,40.1,36.2,46.5,5.3,29.7,33.8,138.8,34.5,34.0,15.7,21.3,56.2,161.7,54.6,34.8,40.9,64.9,65.9,28.8,35.7,105.4,99.6,25.6,18.4,6.4,54.7,14.5
21.4,36.1,28.3,41.8,95.3,37.1,143.2,86.6,88.0,74.6,81.4,60.3,78.0,23.0,17.4,54.8,31.8,34.2,38.2,39.1,47.6,6.4,29.9,33.7,140.6,34.8,33.4,15.9,21.2,56.1,165.1,61.5,34.9,45.1,71.7,84.5,29.0,38.1,109.3,100.7,25.5,10.7,9.4,63.0,14.2
19.2,36.8,25.2,41.4,89.3,33.0,141.5,81.7,83.0,70.5,79.9,60.5,69.1,24.2,17.7,53.7,30.3,33.5,37.5,35.4,45.5,6.0,31.0,34.8,139.3,36.0,33.6,14.9,20.4,54.4,163.8,53.1,38.4,42.4,64.8,66.5,31.1,36.0,106.0,101.0,25.8,16.7,5.0,53.3,14.6
19.4,35.9,25.3,41.7,92.7,34.5,137.8,88.5,85.4,78.1,75.3,61.6,76.1,22.9,17.6,53.8,29.0,34.9,38.3,35.6,44.6,5.2,30.0,33.3,135.9,33.5,33.0,14.7,19.7,55.2,161.3,54.3,35.6,42.7,70.3,75.2,30.1,38.1,105.3,97.9,27.1,16.4,7.5,54.2,14.3
20.1,37.6,24.8,41.3,89.7,33.9,137.8,81.3,85.1,74.9,74.7,60.1,73.0,22.0,18.3,53.4,30.5,35.5,40.4,35.4,45.5,5.8,31.6,35.6,135.8,35.0,32.8,15.1,20.5,53.4,158.7,50.9,37.1,43.5,70.9,74.1,30.4,37.6,103.7,96.7,28.0,16.1,6.8,53.1,15.0
21.9,34.9,28.7,43.3,99.7,36.8,145.6,82.2,84.9,73.6,79.7,62.3,76.1,24.0,18.7,55.4,30.9,36.6,39.2,38.7,47.5,5.4,31.9,36.4,145.2,37.4,35.1,14.7,20.6,57.9,168.5,57.6,36.0,43.2,71.5,77.5,32.1,39.7,109.5,102.8,29.3,15.9,7.9,63.2,15.6
21.7,35.9,34.7,44.5,102.4,37.5,134.7,91.5,91.1,80.4,69.2,63.7,81.9,27.8,19.0,57.2,32.0,33.1,36.3,40.5,41.0,5.6,33.1,36.2,134.5,40.0,31.9,13.8,20.9,50.3,157.8,65.4,35.1,43.6,74.6,79.4,29.3,39.5,102.6,92.7,30.9,16.0,9.3,70.2,16.0
21.1,36.3,27.9,43.7,99.9,35.6,142.2,95.7,89.4,76.7,79.6,61.2,77.3,23.4,18.9,54.8,30.8,34.7,38.8,37.2,46.6,5.6,31.4,35.0,140.4,36.4,35.2,14.9,20.3,57.8,163.5,58.9,34.9,43.1,73.8,78.9,28.6,37.8,109.2,100.2,28.7,15.0,8.9,63.6,15.1
22.6,38.6,29.0,44.0,92.9,37.7,144.6,91.6,89.9,76.5,82.1,57.9,71.0,24.4,19.9,54.4,33.7,37.5,40.1,38.0,48.7,5.8,31.5,37.5,142.8,36.5,35.2,14.9,20.5,59.1,167.8,56.1,37.7,43.6,69.4,71.8,31.0,37.4,108.4,103.3,26.5,15.0,5.8,64.9,16.2
22.1,37.1,30.5,46.7,107.9,36.9,147.4,109.6,101.5,93.3,78.2,61.4,86.4,25.9,20.0,54.6,32.1,41.2,41.9,37.5,47.2,6.3,34.5,38.1,145.6,41.4,35.2,15.0,24.0,56.1,169.7,65.1,40.2,52.7,90.5,100.5,34.0,47.1,109.9,98.4,30.6,12.0,11.8,81.1,16.4
22.8,34.6,32.1,44.6,106.0,41.1,137.8,98.1,94.7,79.7,73.5,63.5,85.8,25.9,19.4,56.8,32.2,36.8,37.9,40.1,44.0,6.5,33.0,35.2,136.3,40.0,33.5,12.8,20.0,54.5,160.3,67.7,34.2,46.1,78.5,87.1,29.5,41.2,105.4,94.1,30.1,12.5,10.3,74.0,16.5
20.7,36.7,29.2,42.9,101.6,37.5,137.3,88.3,89.1,74.6,74.9,60.8,77.2,24.3,18.9,52.1,30.8,34.7,37.8,39.0,44.8,6.1,31.6,36.3,135.9,37.9,34.6,14.0,19.8,55.9,156.6,63.6,34.1,42.2,71.5,74.7,27.3,35.5,105.5,97.2,28.1,15.0,7.0,64.8,15.8
20.3,36.5,27.4,42.3,96.6,36.4,138.5,91.1,87.2,74.9,77.8,56.8,75.5,22.8,17.4,53.3,29.7,33.6,36.5,35.1,45.1,6.0,31.2,34.9,136.5,34.8,32.0,14.4,20.3,53.3,159.0,56.7,35.7,44.4,69.2,81.7,28.4,38.4,104.8,96.2,27.4,12.5,9.1,59.4,14.0
19.3,35.9,25.5,40.8,87.3,31.5,136.8,81.2,81.6,67.6,77.6,53.3,69.1,22.0,18.1,52.4,30.2,31.7,34.8,34.0,44.7,4.9,28.7,31.8,135.7,32.1,32.8,16.1,19.9,56.0,157.2,51.8,35.6,42.9,63.4,68.4,30.4,38.1,103.6,96.0,26.6,16.0,7.4,49.4,14.4
19.2,36.2,26.5,41.3,88.0,32.5,136.3,89.0,87.4,71.8,74.8,51.1,66.1,24.4,17.7,53.8,30.0,32.2,36.9,34.4,45.9,6.3,29.6,32.9,134.3,35.3,33.7,15.7,19.1,55.8,157.1,54.5,35.1,43.1,68.3,81.5,30.0,37.7,102.8,95.2,24.7,8.9,7.5,52.9,14.7
20.9,36.1,27.2,43.0,96.0,35.0,141.3,91.8,87.8,79.3,76.5,57.9,69.9,23.9,18.5,55.2,30.0,32.1,34.9,35.7,45.9,5.8,31.1,34.5,140.3,36.9,34.2,14.2,21.0,56.0,164.2,56.2,38.5,44.6,67.1,77.9,33.9,40.2,104.1,97.9,27.8,15.1,6.2,60.5,15.4
20.1,35.5,26.3,41.4,90.6,34.2,140.8,82.3,84.9,72.2,78.7,56.8,71.1,23.7,18.3,55.8,31.0,34.6,38.0,34.9,46.3,5.6,30.4,33.0,139.1,34.0,34.7,14.9,19.7,57.0,162.3,53.0,36.6,43.9,63.4,72.2,30.3,38.3,106.3,97.8,27.6,14.6,7.5,54.0,15.0
20.1,34.7,25.3,41.0,92.6,34.0,141.7,86.3,83.1,70.4,79.1,61.0,75.7,22.2,17.8,53.8,30.3,29.7,33.3,34.8,47.7,5.8,32.6,36.3,140.1,34.9,34.7,12.7,20.5,58.7,163.4,52.5,34.1,41.1,67.6,71.8,28.8,37.4,110.7,102.4,27.4,18.0,7.9,55.6,14.9
21.0,35.4,33.0,44.2,109.1,37.6,145.0,99.5,94.6,85.5,75.9,66.0,87.1,26.5,20.0,55.8,30.5,39.6,41.0,39.3,45.6,6.7,34.3,38.0,142.9,42.0,33.6,13.8,22.8,54.4,166.8,67.3,40.5,51.3,82.1,98.3,32.4,43.5,107.4,97.7,30.7,13.4,11.3,79.2,15.5
22.5,35.1,30.2,42.4,104.1,38.1,146.0,99.8,93.0,86.6,82.3,65.5,81.9,25.6,19.2,56.0,32.1,32.6,35.4,39.6,48.9,6.7,33.5,37.3,144.4,40.1,35.9,12.7,20.3,58.7,168.8,62.0,36.2,44.0,83.9,93.2,31.1,41.5,111.7,103.2,28.5,13.8,8.7,75.0,16.5
18.5,35.5,26.4,41.1,98.2,32.5,143.6,87.4,85.9,70.3,77.2,65.7,79.4,22.7,18.0,52.8,29.5,35.5,38.0,37.2,46.8,5.2,31.8,34.5,141.5,37.0,34.0,12.6,20.5,56.5,164.2,57.6,36.4,43.2,69.6,75.1,29.1,36.3,109.0,101.8,30.1,16.0,7.2,59.5,15.1
22.0,37.4,24.5,42.2,92.8,33.7,157.6,83.2,83.5,74.9,85.5,63.7,79.0,23.8,19.3,56.1,33.8,35.2,38.6,35.9,50.5,5.9,31.1,34.3,156.3,34.7,36.7,15.2,22.8,60.1,181.7,51.5,41.5,50.2,66.8,72.7,34.9,43.1,118.1,109.9,32.4,17.2,8.9,59.8,16.5
21.3,38.5,27.5,45.5,101.2,36.3,142.0,97.9,94.2,83.4,76.7,61.0,83.5,25.1,19.1,56.1,32.7,38.2,40.0,38.2,47.0,6.0,32.6,35.2,140.5,36.5,34.7,15.3,21.9,57.1,165.0,60.5,36.0,46.4,82.5,90.4,29.9,41.5,108.1,96.5,29.7,11.4,12.1,71.0,15.8
21.3,41.0,31.3,46.5,107.4,37.5,155.4,100.3,97.9,82.8,86.0,61.1,78.0,26.0,17.8,54.5,31.3,37.4,42.5,39.8,52.3,7.0,33.9,38.3,153.3,40.9,37.4,15.9,24.0,59.7,178.5,66.1,41.3,49.8,78.6,89.8,34.8,43.3,116.1,108.1,29.3,18.1,8.9,77.5,15.9
21.3,38.3,28.7,44.5,107.1,38.0,143.5,97.4,93.5,79.6,80.3,66.0,83.5,25.7,18.1,54.2,30.4,32.8,35.8,40.5,48.5,6.3,32.9,37.1,142.0,39.0,35.1,14.4,22.2,59.2,165.9,66.7,35.4,44.4,82.8,85.0,30.9,40.1,109.7,100.6,29.5,14.0,9.8,72.7,15.3
20.5,36.8,32.1,44.2,107.0,38.2,139.1,94.5,95.8,81.8,74.3,68.0,79.5,25.7,19.2,54.3,32.6,36.2,39.1,41.2,48.1,5.5,31.3,35.4,136.5,38.7,33.8,14.5,20.3,56.6,159.3,67.6,36.2,41.5,78.8,81.4,28.5,34.5,106.6,100.5,27.6,15.3,5.3,72.1,15.7
20.0,38.3,29.2,44.6,96.3,33.7,140.3,90.8,88.2,76.0,76.0,60.0,77.3,24.0,20.0,53.7,31.4,36.2,38.6,35.5,47.1,5.5,33.1,37.0,138.6,41.0,31.5,15.7,21.2,54.1,160.8,59.8,34.8,43.4,75.6,76.1,29.0,37.5,105.2,97.6,28.2,14.1,8.4,62.5,16.0
21.0,36.6,29.8,44.4,100.4,37.5,149.7,94.8,95.5,82.1,84.0,62.2,69.7,25.3,19.3,55.5,33.0,40.4,41.9,40.4,49.5,6.7,32.3,34.4,148.6,39.7,37.6,14.7,21.4,60.6,171.8,63.1,40.6,44.4,78.8,80.5,35.8,39.5,110.4,106.2,26.4,15.7,3.7,73.3,16.5
22.0,38.0,28.5,44.6,98.7,36.5,150.6,89.3,90.1,78.5,81.7,66.5,81.8,25.0,19.5,55.3,30.7,36.7,39.4,38.3,48.1,7.1,32.5,36.1,148.7,36.1,36.1,16.0,22.8,59.0,172.8,58.4,40.1,47.7,71.9,78.3,32.2,39.4,113.2,106.0,31.8,17.0,8.0,67.4,15.3
20.8,37.7,27.5,42.8,93.5,35.6,142.3,90.2,87.6,75.6,74.7,66.5,75.4,22.5,18.5,54.2,30.1,31.5,34.4,34.9,45.4,5.6,30.3,33.5,140.5,35.9,34.1,14.6,20.8,54.6,164.0,55.1,39.3,44.0,67.9,70.1,32.1,37.5,105.7,100.2,30.0,20.5,5.2,59.5,15.4
18.9,39.1,24.7,42.8,82.4,31.6,143.1,82.8,82.9,70.2,81.3,54.7,62.1,22.1,17.7,54.2,30.2,34.4,39.2,32.2,47.5,5.6,29.9,34.4,142.1,35.2,35.7,16.2,20.5,58.7,165.3,48.0,37.9,42.3,61.5,64.9,34.3,38.6,105.4,101.2,24.5,14.0,3.5,49.3,14.8
22.4,37.2,27.7,43.0,92.0,37.0,144.5,92.2,88.4,79.1,78.7,64.5,76.2,24.5,19.2,54.5,32.1,36.7,38.5,37.0,47.2,5.9,30.6,34.7,143.3,37.5,35.6,15.4,20.8,55.6,167.5,55.8,39.4,45.2,68.9,73.9,33.2,39.3,106.2,101.0,28.0,18.7,5.5,62.4,16.0
22.0,36.9,32.5,44.8,97.1,37.4,135.1,100.4,97.2,83.5,71.2,58.8,77.3,26.1,19.1,54.1,29.6,39.0,40.0,38.0,42.8,6.1,34.5,36.4,133.2,39.4,31.5,14.3,21.7,51.1,155.8,58.1,35.6,44.7,82.8,85.9,30.8,40.6,100.9,91.2,30.2,13.0,9.7,65.7,15.8
21.9,37.5,29.4,43.9,104.3,35.8,143.2,89.3,90.1,77.6,78.5,61.7,77.2,25.2,19.5,56.6,32.5,37.2,40.1,39.0,46.8,5.3,33.2,36.7,141.6,37.9,34.5,15.0,20.9,55.6,163.5,60.4,34.9,43.0,71.9,74.8,29.1,37.4,109.8,101.1,29.8,18.5,8.5,66.1,16.5
20.8,39.2,32.6,45.6,104.1,36.5,142.2,101.1,100.0,87.5,78.0,61.3,81.2,26.4,18.8,54.4,30.0,40.5,42.3,38.9,45.5,5.9,33.6,37.0,140.7,41.0,33.0,14.6,21.8,52.6,163.9,64.3,36.6,47.5,83.7,92.7,29.3,40.0,108.7,98.8,30.0,14.2,10.7,74.3,15.8
21.2,35.2,29.2,42.0,94.9,35.6,139.3,89.4,88.3,77.3,75.5,58.1,75.7,24.5,20.4,54.1,31.9,31.4,34.0,35.5,45.5,6.0,33.0,35.5,139.2,36.3,33.2,14.3,18.1,54.7,162.2,59.3,35.4,44.7,75.2,82.9,32.0,41.8,105.6,96.2,26.3,11.5,9.3,62.2,15.7
19.9,39.2,27.3,43.8,96.8,35.1,142.5,86.5,88.0,74.4,81.1,57.8,76.2,23.2,17.6,53.8,29.3,36.9,41.6,35.6,48.0,6.0,33.2,35.8,140.7,35.0,35.2,15.7,22.4,58.2,163.2,59.3,34.9,45.7,71.7,78.1,25.9,35.4,110.3,101.6,28.6,13.0,9.2,60.0,14.8
19.5,37.5,28.6,44.7,97.2,36.1,141.5,92.9,91.4,79.2,80.2,62.3,69.4,23.9,18.5,55.5,31.0,35.0,37.1,36.6,47.4,5.5,32.0,34.9,138.9,36.9,33.8,14.7,20.6,55.8,162.6,57.0,38.3,41.4,72.6,78.3,32.9,38.2,105.6,100.7,25.1,14.3,4.7,63.0,15.2
20.2,38.4,29.5,43.8,102.5,34.9,149.6,83.9,88.1,76.5,83.6,61.8,77.3,24.6,18.4,54.6,31.1,33.5,37.7,36.3,48.7,6.8,32.8,36.9,147.5,38.3,36.4,15.0,19.5,60.0,170.0,60.7,38.1,46.3,70.7,76.8,31.7,40.1,113.7,105.4,29.3,15.7,8.3,66.1,15.7
22.1,35.6,26.3,41.6,97.0,33.3,140.1,94.4,87.0,73.6,78.2,58.5,69.3,22.8,18.4,53.4,30.5,33.8,37.0,36.9,46.2,6.3,30.3,35.5,137.8,35.5,32.7,14.2,20.0,52.5,162.3,56.9,39.8,44.6,72.5,85.4,33.2,38.9,102.4,97.6,25.3,13.0,5.3,61.1,14.8
21.9,36.1,26.0,41.7,96.8,34.2,139.6,84.9,82.6,70.2,73.7,58.5,71.5,22.1,16.9,54.2,29.0,33.1,37.7,35.0,44.4,5.8,31.0,33.7,138.3,34.4,32.0,15.6,21.4,50.9,161.8,58.5,40.2,46.7,69.0,80.9,32.5,39.4,101.3,95.2,26.8,15.0,6.7,56.4,13.7
22.4,36.2,32.2,43.7,100.9,39.0,146.2,94.5,92.4,80.8,79.5,64.1,81.5,24.0,18.7,54.2,31.0,32.0,34.2,38.2,46.6,5.7,32.2,35.5,145.4,39.1,34.0,12.9,20.4,55.6,170.5,60.8,36.6,45.2,75.4,85.9,31.8,41.7,111.3,102.5,30.9,15.1,10.8,72.0,14.8
21.3,39.9,30.0,48.5,108.8,35.5,152.7,100.5,99.9,83.1,84.8,68.7,86.5,25.4,19.3,55.4,33.4,38.4,41.4,39.1,50.1,6.6,32.2,36.2,150.5,42.9,38.4,15.3,20.8,62.4,176.3,66.2,37.4,47.4,79.1,84.8,30.7,41.8,117.9,107.9,31.6,19.2,10.0,77.5,15.7
18.9,36.7,27.3,42.9,90.3,32.0,136.2,89.1,86.0,77.5,75.5,53.7,71.2,23.7,17.7,51.3,28.0,34.0,36.6,34.2,45.5,5.7,30.5,34.3,135.6,36.7,34.6,14.6,21.2,56.0,157.8,51.7,34.5,42.9,73.3,81.6,29.3,38.5,102.5,93.9,26.3,13.2,8.5,53.9,14.9
20.3,36.4,26.6,42.0,97.5,36.2,140.0,88.9,85.0,73.9,76.3,61.5,73.2,23.2,18.0,55.0,30.5,31.4,34.0,36.4,45.5,6.5,31.9,35.9,139.8,34.4,32.8,13.6,20.9,53.9,163.5,58.6,36.6,42.4,68.0,72.7,32.0,38.3,104.8,98.8,28.6,16.4,6.1,60.0,14.8
20.9,35.7,27.2,42.1,97.2,33.7,142.4,90.1,90.0,76.4,77.6,61.1,71.3,23.1,18.7,54.3,29.6,38.1,40.4,36.2,46.0,6.5,29.9,33.8,140.3,36.0,35.1,13.8,20.5,56.7,165.4,57.0,37.9,43.6,69.5,76.4,32.9,38.5,105.7,100.0,26.5,17.4,6.1,59.9,14.6
19.2,35.9,27.0,43.1,90.5,31.7,133.1,86.8,84.5,74.3,69.7,58.7,67.0,22.7,17.9,53.1,27.4,33.0,35.0,33.0,43.1,6.5,31.0,35.0,133.2,37.7,31.0,13.9,20.3,51.0,155.5,53.4,38.4,42.4,64.9,71.9,34.3,38.5,95.8,92.1,25.3,15.1,5.0,51.9,14.8
20.5,35.9,27.0,42.6,97.1,35.7,152.0,88.1,85.4,73.7,88.7,59.4,77.2,24.5,17.3,54.9,31.9,36.6,38.6,38.7,51.0,7.0,33.0,36.0,150.4,36.9,36.2,14.3,19.9,61.1,172.8,58.2,36.0,45.2,68.5,72.5,28.0,37.5,117.8,109.0,30.6,17.5,10.2,64.0,15.0
19.5,35.8,25.0,41.3,92.9,35.8,134.0,86.7,84.6,74.4,70.4,56.7,74.7,22.8,16.7,53.5,28.0,33.5,36.4,35.7,42.6,5.3,30.3,33.4,133.4,35.8,31.0,14.7,19.5,50.9,157.1,55.9,36.9,46.0,71.9,83.4,31.2,41.6,99.5,90.1,28.9,12.3,9.6,57.4,14.5
20.7,37.1,29.2,44.2,99.5,34.8,138.3,92.3,88.1,75.3,76.6,62.9,76.2,23.7,19.4,56.4,31.8,36.0,38.0,35.7,44.7,6.4,33.2,35.0,137.7,35.6,32.0,15.3,21.5,53.4,160.3,57.6,35.3,42.0,69.6,78.4,29.3,36.2,104.1,98.1,26.8,16.8,7.0,63.4,15.4
18.9,35.4,27.0,41.3,89.4,32.0,132.2,91.4,86.8,74.7,72.5,58.4,66.9,21.8,16.9,51.9,27.5,31.3,33.8,33.5,42.5,5.8,28.9,32.6,129.3,35.3,31.0,13.4,19.9,50.6,152.5,52.6,35.9,39.8,66.0,72.3,31.3,35.3,97.2,92.8,24.4,15.4,4.1,50.5,13.8
21.3,36.2,30.5,43.2,106.0,36.4,146.5,93.3,91.3,79.6,80.6,68.2,84.1,25.4,19.3,53.4,32.6,31.9,34.3,39.3,49.0,6.4,29.9,32.9,144.9,37.4,35.8,13.8,21.6,60.9,170.3,61.3,37.6,46.4,73.8,84.9,33.2,41.3,112.1,103.3,27.3,14.6,8.2,71.0,15.4
21.5,34.7,28.8,41.3,95.8,36.6,145.5,92.2,90.6,79.9,79.4,67.9,81.4,23.8,18.1,55.9,30.3,38.1,39.6,37.4,47.8,6.0,35.2,36.4,144.9,37.6,33.5,13.8,19.3,56.1,168.2,56.5,35.6,43.0,77.2,83.0,31.9,40.0,111.5,103.8,29.3,17.6,7.3,66.4,15.0
21.8,38.8,27.4,45.1,97.8,36.7,151.4,89.3,89.4,76.2,83.2,66.8,75.5,25.0,19.3,54.1,30.9,36.5,40.1,37.0,47.5,6.9,32.3,35.9,151.3,40.0,37.7,15.7,24.0,59.8,177.5,58.0,39.6,44.2,69.0,74.1,36.8,41.2,113.4,109.2,29.7,17.2,4.8,67.3,16.0
19.7,37.4,24.2,42.3,92.9,33.5,143.0,85.1,85.4,70.5,78.8,54.2,71.4,21.8,17.2,54.2,30.2,36.7,39.6,33.4,47.4,6.5,30.1,33.9,142.2,35.5,34.8,16.1,21.8,56.6,165.8,51.0,38.2,47.0,68.9,81.1,30.2,39.3,107.3,98.2,28.2,14.1,8.8,53.7,14.2
20.7,35.0,26.9,40.5,90.8,34.1,136.3,83.8,83.4,72.7,73.8,57.8,71.7,24.0,18.3,52.9,30.1,33.8,35.8,36.2,45.1,6.1,29.9,31.7,134.6,36.0,32.6,13.8,19.4,53.0,158.6,55.9,36.0,43.1,64.9,76.5,30.0,37.5,101.9,95.0,27.6,14.6,8.0,54.5,15.3
22.6,38.1,29.0,44.1,107.8,39.2,145.4,101.5,93.3,78.4,79.3,66.7,75.0,25.5,20.6,54.5,32.7,40.0,43.0,40.4,47.3,7.2,33.6,36.3,145.0,39.1,35.4,17.0,22.4,57.4,167.6,66.0,41.0,45.5,80.8,86.7,33.5,38.4,106.8,102.3,26.7,16.1,4.7,77.4,16.2
22.6,33.2,28.3,41.9,93.9,37.1,129.0,89.5,87.5,74.0,69.1,58.3,66.2,23.5,18.3,53.5,29.6,35.0,35.9,35.6,42.0,6.6,30.3,34.1,129.2,36.9,30.9,14.6,21.1,50.6,152.2,55.9,36.6,41.0,63.8,68.4,33.3,37.3,94.1,90.1,24.2,16.2,3.7,53.5,15.2
21.5,36.9,27.0,43.3,93.9,36.3,143.2,88.0,85.7,76.2,79.7,57.3,71.7,23.6,18.4,53.8,31.2,38.5,40.3,36.0,47.1,6.0,31.5,34.9,141.4,35.3,34.4,15.2,21.3,56.1,163.6,59.2,37.3,45.2,70.1,76.3,30.3,37.5,107.6,100.5,26.3,13.8,6.9,60.3,14.9
19.1,34.2,26.0,41.0,91.8,32.0,140.0,87.8,83.3,71.3,74.9,61.4,72.6,22.7,18.6,54.2,28.4,36.2,37.4,34.8,45.6,6.9,29.1,32.2,138.3,33.9,33.1,13.4,20.2,55.2,161.3,51.7,39.0,44.8,60.3,69.2,30.7,36.9,103.7,98.5,27.7,16.7,6.2,52.0,14.8
21.1,35.6,26.2,41.8,95.5,35.6,141.4,85.7,83.0,70.8,78.0,58.2,66.0,23.2,18.2,55.4,29.5,32.8,35.9,36.5,46.2,5.5,30.7,32.6,140.2,33.8,31.3,14.3,20.2,52.6,163.9,56.6,39.6,43.3,63.5,70.6,34.9,39.1,103.0,98.2,24.5,15.2,4.1,56.7,14.7
20.0,37.2,25.6,40.6,94.5,34.2,149.7,83.2,82.4,72.3,81.4,62.6,71.4,23.0,18.5,55.2,29.0,31.6,34.5,35.3,47.5,5.7,31.1,35.0,148.0,34.2,34.1,15.3,19.4,55.2,171.8,52.5,41.5,45.8,67.6,73.6,34.7,39.4,110.5,106.3,24.6,19.0,5.0,58.7,15.0
20.8,36.3,28.9,43.6,98.7,34.7,148.7,91.9,88.8,75.3,82.8,63.1,75.7,24.3,19.2,54.6,31.9,35.8,38.8,37.8,48.9,6.5,30.7,34.0,146.7,38.7,35.7,14.5,20.1,56.3,169.6,58.8,40.2,46.4,73.1,80.3,32.0,39.1,111.2,103.8,27.1,14.0,6.9,64.5,15.8
21.1,36.4,28.1,42.3,92.5,35.6,141.9,85.8,85.2,75.6,74.8,59.5,75.3,23.9,18.1,54.1,31.1,35.3,39.1,37.1,44.6,6.5,30.0,33.5,140.7,37.4,33.0,14.8,21.1,54.8,165.0,56.3,37.4,45.2,68.5,74.9,32.8,41.1,104.6,96.6,28.5,16.0,7.7,58.9,15.6
20.5,35.6,27.4,42.0,93.3,32.4,146.1,87.5,86.8,77.9,80.4,60.3,77.8,25.0,19.9,56.1,32.0,32.3,36.2,36.2,47.0,6.3,31.2,33.3,146.2,38.0,34.9,14.5,19.3,56.5,169.6,54.5,35.5,44.3,72.8,76.2,32.1,40.8,111.5,102.6,29.8,17.8,8.2,59.8,16.6
22.2,36.2,28.3,42.3,95.3,35.5,142.9,90.4,88.8,78.9,76.3,60.5,76.5,23.7,18.3,56.7,31.5,33.7,38.0,37.4,46.2,6.2,31.6,33.5,142.2,35.8,33.9,15.7,21.9,55.5,165.5,57.8,37.7,45.8,72.1,78.3,33.2,42.0,106.2,97.9,27.1,17.2,7.7,62.5,15.5
21.3,36.9,30.5,42.9,99.5,36.8,142.7,91.6,90.0,76.4,79.2,61.0,77.5,24.2,19.5,54.2,31.1,35.6,37.8,36.4,46.0,5.7,32.2,35.9,140.5,39.1,34.1,14.7,21.0,55.9,162.2,60.4,35.6,40.5,72.5,74.2,29.7,38.6,108.2,99.7,28.5,14.5,8.3,65.6,16.0
21.1,36.9,30.4,44.8,102.2,37.3,142.9,96.6,94.0,80.1,78.5,61.0,80.5,24.7,18.8,54.3,32.1,37.3,39.5,38.5,46.0,6.5,32.2,34.9,140.4,37.0,32.7,14.6,21.6,53.1,164.0,64.3,34.8,44.6,78.1,83.4,28.8,39.5,109.5,99.0,29.2,14.3,10.5,69.9,16.2
20.8,36.6,28.0,41.9,92.1,33.9,147.8,86.7,83.5,72.5,80.9,58.0,75.1,24.2,19.2,55.8,30.4,32.3,36.4,35.0,48.4,6.7,32.3,35.4,145.6,36.8,33.5,14.9,20.3,54.4,169.7,55.0,38.0,46.5,71.0,78.4,30.5,39.5,111.2,103.4,28.7,15.2,8.7,60.0,15.5
21.9,37.0,32.8,44.1,110.2,40.1,143.5,93.6,89.5,83.0,73.8,70.8,84.8,26.0,20.1,53.0,30.9,35.5,39.7,41.8,44.9,6.9,32.0,35.1,142.0,37.9,34.6,15.5,22.4,56.0,166.3,66.9,38.3,46.0,77.9,85.0,31.4,40.0,106.9,98.1,30.5,17.0,8.0,76.2,16.4
19.2,36.0,29.1,42.7,95.7,33.1,139.5,91.1,90.6,77.5,74.3,60.4,77.4,24.0,17.5,53.2,28.6,35.1,36.4,34.1,44.0,5.8,32.0,35.4,137.6,38.1,33.1,13.7,20.7,52.3,160.3,58.5,36.1,44.6,75.9,79.4,28.7,37.6,105.0,96.3,29.4,15.0,9.9,58.7,15.1
20.1,33.8,32.6,43.9,99.8,37.1,136.1,94.2,96.0,82.7,75.1,60.9,81.2,24.5,18.3,52.6,29.6,35.0,37.8,35.5,45.2,5.6,31.5,33.8,134.2,38.8,32.0,14.4,21.4,53.8,157.0,58.7,33.9,45.5,76.8,82.0,27.4,38.5,104.0,93.2,29.4,15.0,10.5,63.4,15.2
21.1,34.8,34.5,44.7,99.1,38.5,128.2,95.8,93.8,83.5,67.3,54.5,84.2,24.4,17.9,54.0,28.7,36.2,37.1,36.2,40.0,6.0,32.7,35.0,126.4,39.2,29.8,13.5,20.2,48.2,150.0,62.6,32.2,47.7,86.6,104.6,29.5,44.0,97.0,83.4,29.1,7.7,14.5,66.2,14.5
20.0,33.6,26.5,38.5,90.8,34.7,142.4,79.5,79.0,69.5,74.1,61.2,73.8,24.2,19.0,55.3,30.0,29.0,32.5,33.3,43.8,5.9,30.8,33.2,140.7,36.8,33.4,14.8,19.1,53.5,164.8,53.3,39.4,45.8,62.9,65.7,33.8,40.4,103.6,97.4,27.8,18.5,6.2,53.1,15.2
21.8,34.0,28.1,40.7,92.3,37.2,122.3,87.4,82.1,74.2,59.4,60.4,78.2,23.3,17.5,53.3,28.2,34.1,35.2,34.0,35.8,6.6,30.6,32.2,122.0,37.2,29.6,14.4,20.1,42.1,144.7,56.7,34.2,42.1,72.2,75.1,30.7,40.0,89.3,80.2,28.2,15.5,9.0,52.9,15.4
21.1,37.8,27.9,46.2,98.2,36.0,147.2,96.9,92.5,76.2,76.7,65.7,83.7,24.5,19.1,54.5,29.9,36.0,36.9,37.4,45.7,6.0,33.0,37.8,145.2,38.0,33.1,13.7,21.3,53.8,170.3,59.4,39.0,48.0,71.1,80.6,32.6,42.2,109.3,100.3,32.1,16.0,10.4,67.5,15.3
20.1,31.5,26.9,40.0,93.3,32.7,132.3,82.5,83.9,72.7,70.3,58.1,74.0,22.5,17.4,53.0,27.9,34.8,35.6,34.3,43.5,5.6,29.3,32.8,131.5,34.1,30.4,14.1,19.3,48.5,153.8,55.7,33.2,41.7,66.6,71.2,27.2,35.7,99.6,91.4,28.8,17.0,8.0,50.9,14.2
21.5,35.3,28.2,41.8,95.8,35.5,136.0,91.3,89.6,79.0,71.9,61.0,75.2,24.2,18.6,54.6,29.8,36.3,38.0,36.2,42.4,5.9,30.5,33.2,134.9,37.0,31.6,14.5,20.3,50.5,158.9,57.8,37.0,44.0,68.3,70.3,30.7,38.5,100.9,93.0,29.1,18.2,7.2,57.8,15.0
20.2,38.2,28.5,43.3,94.1,35.8,151.5,89.7,87.6,77.4,84.2,58.7,77.5,24.4,19.1,54.0,31.2,35.4,39.1,36.9,49.8,7.1,32.9,36.4,150.2,38.1,34.8,15.3,20.7,59.5,173.5,55.6,38.4,48.4,73.1,75.1,31.1,40.4,115.1,105.8,29.6,14.6,9.0,63.2,15.8
18.9,37.5,27.5,44.3,93.3,33.1,141.2,95.9,90.6,77.9,78.2,59.1,74.1,23.8,18.5,52.6,28.2,34.0,36.6,33.4,47.2,6.1,31.0,34.7,140.4,36.0,34.8,14.5,22.0,56.5,164.4,54.8,35.2,43.2,76.8,83.1,31.0,38.8,107.3,99.0,26.9,15.2,7.2,59.3,14.9
20.2,37.5,27.8,43.5,95.1,35.0,131.5,85.1,84.0,70.9,69.0,58.3,68.9,22.8,18.1,53.8,29.8,34.6,38.0,35.8,40.5,5.3,29.2,32.7,131.5,36.1,30.1,15.8,21.6,48.9,154.2,55.5,36.9,42.3,66.1,74.0,33.0,39.1,95.3,89.7,25.7,15.5,5.4,54.7,14.6
20.5,37.0,28.1,41.8,103.1,36.0,141.3,90.4,88.0,74.4,77.7,60.5,80.2,23.9,18.3,53.8,30.0,34.8,37.8,37.5,47.0,5.2,30.4,34.0,140.4,35.0,34.6,14.6,19.9,57.3,164.0,62.6,34.6,43.7,71.3,81.9,24.8,36.0,109.3,98.6,29.8,17.0,9.5,62.4,14.8
22.1,35.5,29.5,42.5,103.3,39.2,147.1,95.0,90.2,80.2,80.3,59.3,77.4,25.0,18.8,54.9,32.6,37.3,39.9,41.8,48.7,6.8,33.2,36.8,144.4,37.8,35.4,14.0,22.5,57.2,167.5,65.4,41.8,52.2,79.2,90.3,32.0,40.9,109.0,100.7,28.9,12.2,8.6,73.7,15.4
19.7,38.3,30.2,44.5,97.3,34.0,140.7,93.8,91.8,79.0,77.7,56.5,74.7,25.0,19.2,55.6,31.3,32.8,35.8,37.3,45.9,6.5,31.5,34.1,139.5,36.5,33.0,14.7,21.8,54.6,163.5,57.8,35.0,43.2,73.7,79.7,30.4,41.3,107.2,97.0,27.1,15.3,8.9,62.4,16.0
19.6,33.0,28.0,40.1,95.7,33.0,143.0,81.2,81.8,71.2,78.5,58.6,72.2,23.3,17.8,53.0,31.0,30.1,33.8,35.0,47.5,6.5,29.5,33.1,140.8,35.8,32.8,15.4,19.7,52.6,165.4,55.9,37.5,44.5,67.5,78.4,32.5,40.3,107.4,100.0,28.0,14.5,8.2,54.8,14.5
19.9,35.7,27.2,42.2,89.6,33.0,135.5,92.7,87.5,79.3,73.1,55.9,69.3,22.8,17.6,51.7,28.8,35.4,36.5,35.0,43.6,5.5,30.5,33.5,133.9,36.9,33.0,14.7,21.0,50.0,156.4,52.4,35.8,42.6,69.0,72.0,31.1,39.0,101.3,94.2,27.3,16.6,7.3,53.3,14.4
21.3,39.2,26.8,44.0,95.3,37.4,150.2,89.4,89.5,75.6,82.9,65.0,76.5,24.8,19.2,54.2,32.5,38.3,41.2,36.1,49.2,7.4,30.8,34.3,148.6,37.4,35.4,16.1,21.7,57.6,173.6,56.0,39.1,45.1,69.2,73.0,33.1,39.8,113.7,108.0,31.8,18.8,6.8,63.6,15.0
20.7,38.3,28.0,44.8,95.1,35.0,139.0,96.6,94.4,85.0,75.6,58.0,73.0,23.4,19.7,58.0,29.8,37.6,41.2,35.1,46.4,6.4,32.5,34.5,137.9,37.7,33.3,16.1,22.4,54.1,161.6,56.1,37.1,44.9,79.1,85.2,34.0,42.5,104.4,95.6,27.5,13.3,8.2,63.3,15.8
21.3,35.8,27.4,41.2,92.2,34.6,136.4,89.2,86.6,76.9,72.5,57.9,71.1,23.3,18.5,54.4,29.8,38.0,40.2,35.0,43.1,5.6,30.2,32.5,135.6,36.1,33.5,15.1,21.0,53.6,159.0,56.7,38.2,45.2,67.4,73.2,31.8,38.8,100.1,94.0,26.9,16.2,6.5,57.1,15.0
16.1,33.3,28.1,42.1,86.9,31.0,125.2,87.3,85.4,72.1,66.3,49.9,65.7,21.7,16.2,54.8,25.7,32.7,34.1,32.1,39.8,5.7,30.1,32.0,123.5,37.5,30.0,12.7,20.3,49.1,145.0,52.3,36.0,44.4,74.2,83.4,30.1,38.1,90.8,82.9,24.3,8.8,8.8,48.1,12.9
20.6,37.4,29.5,45.3,102.0,35.4,150.3,103.4,94.8,90.9,84.9,61.7,81.0,25.1,18.9,53.8,31.4,37.4,40.7,37.9,50.2,6.1,34.2,37.8,149.3,40.9,36.8,14.9,21.4,59.2,172.4,58.3,37.0,45.2,88.3,96.4,31.8,41.2,115.2,106.3,29.9,16.1,9.7,73.0,15.1
19.5,38.5,23.0,44.1,91.1,32.3,142.7,80.5,87.3,75.3,76.1,55.7,69.3,21.9,18.2,52.9,30.3,37.2,40.3,32.9,44.6,6.5,30.4,34.7,141.0,36.3,34.6,15.6,21.8,53.8,164.4,50.5,40.2,47.4,65.1,71.3,33.4,40.6,103.3,96.9,26.7,15.4,6.9,51.9,14.4
19.7,34.9,29.1,43.6,94.3,33.7,136.0,94.3,92.1,78.5,72.8,59.5,74.2,24.9,17.9,54.6,31.1,36.2,37.1,37.2,43.9,6.8,32.1,33.9,134.1,38.6,31.8,13.3,21.7,51.0,157.1,60.5,35.6,43.4,73.3,81.1,32.2,39.9,101.5,94.0,28.0,12.1,8.1,61.0,15.2
18.1,36.2,28.0,41.8,101.9,31.2,139.8,90.9,86.2,72.5,82.3,60.5,72.0,23.8,17.4,55.1,30.3,35.3,40.2,34.0,47.3,6.4,31.1,34.3,138.8,36.8,35.1,15.1,20.3,57.4,161.0,60.4,34.2,39.5,73.6,78.8,26.6,32.6,108.8,103.2,26.3,16.2,5.5,59.6,14.3
22.3,36.6,29.5,45.5,102.9,36.7,130.7,94.7,94.4,83.2,65.8,60.5,75.2,25.2,19.9,54.8,31.0,39.1,40.9,39.5,41.1,6.4,34.0,36.1,129.4,38.8,32.3,15.0,21.7,52.8,152.3,63.4,38.5,45.9,74.4,87.7,32.7,40.7,94.1,86.2,27.2,13.7,7.5,64.5,16.5
21.6,38.4,31.4,47.8,102.5,35.8,156.1,99.6,94.6,84.1,86.2,67.0,83.5,26.4,19.6,54.9,32.2,35.3,39.0,39.4,50.5,7.1,32.5,36.4,153.6,41.3,37.0,15.4,23.5,59.1,177.7,62.8,39.9,48.0,75.3,82.6,33.2,41.6,117.9,110.1,32.1,17.5,8.3,75.7,16.4
20.0,33.0,24.2,37.7,89.3,33.3,124.3,84.7,81.7,69.8,64.6,54.5,72.6,21.4,17.7,52.9,28.3,34.3,36.1,33.7,39.6,5.6,29.0,31.3,123.5,34.2,29.2,13.3,20.3,47.9,146.6,54.0,31.9,41.0,63.7,74.3,29.8,38.6,93.3,84.5,28.3,13.2,8.8,46.9,14.4
22.8,38.9,29.5,44.4,106.1,38.4,145.2,94.7,89.4,81.1,77.8,67.0,77.5,24.8,19.7,54.5,32.3,31.1,35.5,38.8,46.4,6.4,31.8,36.0,144.2,38.1,33.5,17.0,20.2,53.6,167.3,62.2,42.0,47.4,76.3,82.3,34.4,40.0,106.0,100.7,27.1,17.6,5.3,69.9,16.3
20.6,35.2,30.0,42.5,97.2,35.4,134.6,96.9,92.2,81.7,71.2,61.9,75.1,24.1,19.4,54.7,30.2,37.2,38.6,34.2,42.3,5.9,34.2,36.4,131.8,38.1,32.5,13.3,21.8,52.2,153.7,59.0,36.2,42.4,76.8,80.8,28.9,36.4,100.0,93.8,28.6,16.6,6.6,61.8,15.4
20.3,38.5,25.0,43.0,96.1,32.6,152.0,87.5,88.9,81.6,86.8,61.7,71.9,23.1,18.9,55.6,31.8,37.0,40.0,35.9,50.4,6.7,30.5,33.8,150.1,35.0,36.5,15.8,21.9,59.7,174.1,54.0,38.9,43.9,71.3,75.1,31.1,36.9,115.6,109.8,28.2,18.5,5.8,60.6,15.3
22.1,36.8,30.7,44.9,105.8,38.8,147.5,93.5,91.4,80.5,78.5,66.7,83.7,24.2,18.6,56.4,31.5,38.3,41.4,39.6,47.1,7.1,32.4,34.8,144.4,39.0,34.3,14.2,22.4,54.7,170.0,65.2,39.2,47.5,76.2,83.9,30.7,40.2,111.5,102.5,33.0,16.4,9.0,72.5,15.1
20.7,37.7,25.3,43.0,92.6,35.5,136.7,86.8,84.3,72.5,72.3,57.5,70.1,22.5,17.6,54.1,29.1,32.8,35.8,33.5,44.0,6.4,30.1,32.7,135.3,36.3,33.0,15.3,21.1,53.5,158.7,54.3,39.0,45.3,67.0,71.8,32.6,39.3,99.8,94.0,26.8,15.6,5.8,54.1,14.5
21.8,39.1,32.0,48.3,110.9,39.1,146.3,107.4,99.7,90.8,81.3,63.9,81.9,26.7,19.7,58.2,32.5,39.1,41.3,40.4,47.4,5.7,34.8,37.5,145.8,41.5,34.6,14.4,23.3,56.6,169.1,69.8,35.3,45.3,86.3,95.5,32.6,41.6,112.1,102.3,29.8,12.9,8.9,83.2,16.2
21.1,37.5,28.0,44.1,100.8,35.5,147.1,95.5,91.8,82.2,81.4,62.4,76.7,23.3,19.0,55.0,30.6,35.5,38.5,34.9,48.7,6.9,31.9,33.3,146.3,37.0,34.3,15.6,20.3,56.4,170.7,59.3,37.1,44.3,76.3,87.4,33.7,41.3,111.3,104.2,27.2,15.5,6.5,67.1,15.5
20.0,36.8,27.1,42.1,95.7,32.8,150.6,90.7,87.3,77.4,81.6,57.6,86.8,23.2,18.8,55.7,29.4,34.4,36.6,33.9,48.6,6.8,31.8,35.0,148.7,38.9,34.8,14.9,20.2,56.9,171.8,57.0,37.4,51.5,77.1,93.5,30.3,44.0,115.3,101.7,31.6,13.6,14.0,64.6,14.7
20.7,36.7,26.5,41.6,95.2,36.3,149.5,87.7,86.8,74.8,82.1,60.9,70.0,23.2,18.2,53.8,30.4,34.6,38.4,37.4,48.4,7.3,29.7,33.8,147.1,35.8,36.1,14.9,20.5,58.6,171.7,55.0,42.1,46.7,65.6,73.2,35.5,40.7,109.1,104.2,26.5,19.5,4.8,59.2,15.3
19.7,35.5,28.0,42.5,92.3,34.8,140.0,90.2,87.2,77.4,76.8,60.8,75.2,22.2,17.7,55.1,29.9,35.3,37.7,34.8,44.6,6.7,32.1,33.8,138.6,37.5,32.5,15.3,20.8,53.7,161.2,56.3,35.2,42.2,73.5,72.0,29.2,36.9,106.5,98.8,28.2,14.0,7.8,56.4,14.8
21.2,36.7,29.7,45.6,103.8,36.4,149.8,102.5,98.6,88.0,80.4,69.5,81.4,26.1,19.5,56.4,31.9,41.3,41.4,39.4,47.8,6.5,34.6,36.7,147.9,39.5,36.8,14.0,23.6,57.0,172.1,63.6,38.7,45.0,80.3,84.5,32.4,39.4,113.0,105.6,30.4,18.3,6.2,74.6,16.7
19.4,36.6,29.7,43.3,97.0,33.2,141.3,93.1,91.5,75.9,76.5,62.9,75.0,23.6,18.3,55.1,28.1,33.1,36.2,33.3,46.1,6.5,31.0,35.2,140.0,37.5,32.1,13.3,20.8,52.1,165.4,56.3,37.0,43.3,68.5,73.8,32.5,39.1,105.9,99.8,29.0,17.6,6.6,60.1,14.6
22.7,38.4,32.0,47.4,108.5,39.1,141.6,104.6,98.8,86.6,74.5,66.9,82.7,26.1,19.6,55.1,32.0,37.6,39.7,40.0,45.9,6.2,35.4,36.6,140.6,40.5,33.6,15.5,21.2,54.0,163.3,64.5,36.8,44.9,87.1,91.5,32.1,41.8,105.8,96.4,29.7,14.9,9.0,78.3,16.8
23.0,39.0,30.9,48.8,107.6,39.9,145.1,105.7,100.1,87.8,74.5,71.9,91.2,27.0,19.4,55.3,32.6,40.6,43.6,41.4,45.0,6.2,36.5,38.6,144.5,43.1,34.6,14.0,23.4,55.1,166.5,64.9,36.9,46.2,88.9,91.1,33.7,41.5,110.5,100.9,32.2,16.4,9.8,81.5,16.8
19.4,34.6,27.9,41.2,95.7,34.0,134.0,88.1,89.7,77.2,71.8,57.2,69.3,23.3,17.8,52.9,28.5,32.1,35.0,33.6,43.2,6.5,30.5,34.0,133.2,36.8,30.5,14.8,19.4,49.4,154.5,55.7,37.1,43.8,70.5,81.0,31.7,38.7,99.4,93.0,26.9,13.8,7.5,54.6,14.4
22.0,38.8,28.5,45.0,96.8,37.9,139.2,92.9,90.8,76.7,70.0,64.4,79.6,24.2,17.9,55.8,30.5,36.3,38.9,35.7,42.3,6.0,31.3,34.4,136.7,36.3,33.5,15.9,22.1,53.3,161.9,56.0,38.9,46.7,70.8,71.3,33.0,40.8,101.5,94.1,30.0,17.4,7.8,61.2,15.3
22.1,38.0,27.7,43.4,102.6,37.4,143.4,92.5,88.4,75.0,76.2,63.5,72.7,24.0,17.5,55.7,29.9,34.5,37.9,37.6,45.6,6.0,30.3,33.6,141.2,36.3,34.4,15.6,19.2,54.5,164.8,59.0,41.0,45.8,73.8,78.1,32.9,38.2,104.2,99.5,25.9,17.1,5.1,63.7,14.9
21.1,40.0,27.7,46.9,101.8,35.5,146.7,101.6,94.8,83.4,80.8,61.5,80.8,23.5,18.3,54.8,31.7,38.8,42.0,38.5,48.1,5.6,32.7,37.0,145.6,38.8,34.8,16.4,23.4,56.4,168.9,61.3,37.0,47.4,80.3,94.6,31.0,40.7,112.2,103.1,30.6,13.6,9.2,72.0,14.5
20.1,36.7,26.2,42.4,91.3,31.8,132.5,97.8,87.3,77.4,68.9,56.9,69.5,21.5,17.6,52.3,29.4,33.2,37.1,32.2,41.6,6.8,30.6,33.2,131.0,36.0,30.0,15.4,21.5,47.9,153.2,51.5,37.7,44.7,77.5,85.3,32.6,39.8,96.2,89.7,25.9,11.4,7.8,54.8,14.5
22.6,37.5,33.5,46.4,105.1,40.3,144.3,98.5,95.6,83.8,80.0,63.5,78.1,27.4,19.0,53.8,31.0,34.4,36.6,40.6,47.8,6.9,33.9,36.5,143.6,42.8,35.7,14.5,20.3,57.6,166.6,63.4,36.6,43.7,78.9,87.9,32.3,39.2,108.6,102.2,28.7,15.5,7.8,75.7,17.3
21.0,35.6,31.6,46.1,100.9,34.6,138.1,99.4,95.8,83.7,77.6,62.5,83.5,25.6,18.7,54.1,32.9,36.2,38.8,36.5,46.9,6.5,34.3,38.3,136.2,39.8,33.8,13.9,21.2,55.1,157.8,62.5,35.0,46.2,86.9,92.2,29.2,39.9,105.9,95.1,28.3,11.6,10.7,68.0,16.1
22.0,38.8,29.8,46.5,101.4,40.1,158.6,89.5,88.8,78.0,90.5,60.0,84.5,26.0,19.6,54.5,33.7,35.7,38.4,43.3,54.1,6.9,32.9,36.1,156.6,38.2,38.9,15.5,21.3,64.9,183.0,64.1,36.8,49.5,76.3,88.1,31.1,44.1,122.5,111.2,30.6,11.2,11.5,77.6,16.6
21.6,36.4,31.0,44.2,103.5,37.9,138.0,95.0,90.6,78.4,74.0,67.7,77.4,24.8,19.0,52.5,30.6,37.0,39.9,39.6,44.5,5.8,32.5,35.7,136.3,37.5,31.3,14.8,20.0,51.0,158.3,65.0,38.4,44.0,77.9,82.2,32.0,37.1,103.0,96.4,28.4,15.8,5.5,67.7,15.3
19.6,36.5,28.0,44.6,96.3,32.8,137.0,89.1,88.2,73.5,73.7,56.6,68.7,23.5,17.8,53.3,28.1,35.9,37.8,35.1,43.5,6.3,31.0,33.1,135.8,34.6,31.7,15.7,21.6,51.3,158.4,57.9,37.6,44.3,67.1,79.3,33.4,40.6,100.6,93.8,26.0,14.6,6.9,56.9,14.7
20.4,35.2,26.0,42.6,101.2,35.4,144.1,89.5,87.2,81.0,78.3,58.4,70.2,23.4,18.6,54.7,28.1,36.3,38.0,35.9,47.9,6.9,30.8,34.6,142.7,36.8,35.0,14.3,21.0,56.1,166.1,58.9,40.5,46.5,73.8,85.2,33.4,40.0,106.4,100.7,25.4,14.6,6.3,61.5,14.3
21.0,35.5,28.8,42.9,95.7,34.7,141.6,98.3,94.3,83.3,78.6,64.4,77.4,23.7,18.3,53.1,30.4,38.0,38.7,35.3,47.1,6.5,32.7,34.1,139.7,37.7,33.7,13.5,20.8,55.0,163.2,58.2,35.3,41.5,74.9,72.5,30.2,37.2,107.9,100.7,28.7,17.7,6.3,61.6,15.5
20.9,38.8,28.0,44.6,105.3,35.5,146.1,96.2,93.2,82.8,82.0,68.8,80.5,24.5,18.5,58.5,32.7,36.3,40.2,39.2,47.5,5.8,33.0,35.4,144.5,36.2,33.7,14.5,20.4,56.6,169.5,60.4,37.7,43.1,76.2,81.5,32.5,39.4,110.7,105.1,27.7,17.7,6.1,70.8,16.0
21.9,36.6,30.2,44.4,102.3,38.0,153.6,99.1,93.3,87.0,84.7,62.9,87.6,25.1,19.9,56.1,33.5,34.9,37.7,40.9,51.3,6.5,34.3,36.3,151.6,40.2,36.5,13.5,22.1,58.0,176.2,59.4,37.3,49.8,85.5,100.9,31.8,44.5,118.7,107.1,32.0,15.8,12.3,78.0,16.0
19.2,37.2,30.8,45.0,99.4,33.4,137.3,92.6,93.0,81.2,76.9,63.8,79.2,23.2,18.3,55.1,30.7,34.4,38.0,35.5,45.3,5.8,33.1,35.8,137.0,36.5,30.3,15.0,21.4,53.2,159.3,59.7,32.3,39.9,76.8,89.4,30.6,38.8,106.5,99.1,28.0,16.2,7.9,65.0,15.1
19.9,39.3,29.0,46.5,94.5,34.5,149.7,98.6,99.7,84.7,84.6,56.3,77.2,25.0,19.5,55.7,32.8,37.4,41.5,37.3,51.4,6.2,33.8,36.7,148.2,39.2,35.8,16.5,22.1,59.1,170.7,57.6,37.4,47.9,77.8,88.8,32.0,42.2,113.6,104.1,27.3,12.5,9.9,67.9,16.0
19.5,36.2,27.5,44.7,100.7,34.1,138.1,87.5,90.1,78.1,71.8,65.5,84.6,22.0,18.6,55.0,28.3,32.4,36.3,34.3,43.4,6.3,31.4,34.8,137.3,38.8,31.5,13.9,20.9,51.0,162.0,61.4,34.5,44.6,74.8,85.4,29.0,38.3,105.3,94.7,31.8,16.8,9.8,61.8,14.9
20.2,35.9,31.7,44.6,97.0,35.0,141.9,95.1,92.2,85.1,76.3,56.7,77.0,24.5,18.6,54.2,29.1,35.2,37.7,35.0,45.2,5.2,32.2,34.8,140.1,37.3,33.2,15.9,21.0,53.3,163.2,58.1,38.9,49.8,77.4,90.8,31.4,42.4,105.0,94.0,27.8,12.3,11.2,65.0,15.1
19.3,35.8,27.5,42.9,96.7,33.5,142.0,93.1,91.9,80.7,76.3,60.3,79.5,24.0,18.3,53.8,29.4,38.8,40.5,36.4,45.9,6.2,31.0,34.8,141.2,36.5,33.4,14.4,21.7,56.1,165.0,55.3,37.2,47.1,77.8,85.1,29.8,41.1,108.0,97.5,30.7,16.2,9.5,61.0,15.0
18.6,37.5,25.8,41.0,86.8,31.3,144.8,85.1,83.9,70.9,81.5,60.5,73.1,23.5,19.0,54.3,30.5,32.5,36.6,34.0,49.0,6.4,31.0,33.3,143.6,34.5,34.6,16.2,21.0,56.3,167.0,50.8,35.8,41.8,64.1,65.8,29.2,36.8,110.2,103.3,27.4,14.8,6.3,51.8,15.2
18.5,39.5,25.7,45.0,95.7,32.7,133.9,90.3,91.2,74.5,73.1,57.3,77.4,21.9,17.9,53.7,28.7,35.5,39.3,34.7,42.9,5.5,29.3,32.8,133.6,33.0,32.8,17.5,21.0,53.2,157.0,55.8,32.3,42.7,72.1,83.2,27.7,38.7,102.6,91.7,27.7,12.1,10.2,56.2,14.4
18.4,36.9,28.0,44.1,89.0,30.8,148.8,87.5,90.3,75.6,80.9,58.0,71.2,23.8,18.9,53.9,29.4,35.2,36.6,33.2,47.4,6.3,31.9,35.5,147.0,37.6,34.6,14.0,21.1,55.8,170.1,53.0,40.8,47.6,68.0,71.3,31.4,38.9,110.1,102.7,28.8,17.0,7.2,56.1,15.4
21.0,38.1,29.2,47.7,105.8,37.1,138.0,98.2,96.7,84.4,75.2,63.5,78.7,25.0,19.4,54.9,31.0,37.6,39.5,36.4,43.0,6.2,32.7,35.5,137.0,38.6,32.6,15.6,22.3,52.7,159.3,66.7,37.7,45.0,77.5,84.7,32.6,40.4,101.0,94.7,27.5,12.7,7.2,71.0,15.4
21.0,38.8,29.4,44.2,99.2,37.3,147.0,98.7,92.8,84.4,79.2,62.0,77.9,25.3,18.6,56.1,31.0,37.6,40.1,39.5,48.5,7.5,33.6,37.2,145.6,39.4,35.1,14.5,23.0,56.2,168.2,61.6,39.1,47.5,81.5,83.2,30.7,39.2,111.1,102.2,29.2,15.3,8.5,69.4,15.3
21.4,36.8,30.2,44.4,98.9,36.6,148.6,95.5,92.5,80.0,78.1,63.4,83.9,24.7,19.1,54.1,30.7,38.0,40.6,37.1,46.4,6.8,33.1,34.7,147.7,39.4,34.5,15.8,22.9,54.9,172.5,59.2,40.5,50.5,77.2,87.2,33.7,44.8,109.7,100.3,31.8,14.7,10.6,68.9,15.7
20.0,37.1,31.8,45.6,100.2,37.4,139.2,97.6,94.7,82.7,78.4,59.0,77.6,26.1,18.7,56.4,30.3,39.4,42.2,37.6,45.9,6.2,33.8,36.5,138.5,39.5,33.2,14.3,24.1,53.6,161.1,62.3,34.0,43.5,79.4,85.3,30.4,39.3,106.3,97.3,28.4,13.1,9.5,69.3,15.8
19.2,34.7,29.5,43.3,114.6,35.4,141.3,102.1,97.6,85.9,71.8,69.9,87.2,23.3,18.6,55.0,29.3,37.2,38.9,38.6,44.8,6.3,32.1,35.3,139.8,40.1,33.5,14.5,21.9,52.9,163.1,66.2,39.7,48.8,81.8,97.2,32.1,41.8,104.5,95.2,28.5,16.5,8.0,74.8,15.0
19.1,36.7,24.3,41.5,88.4,30.8,144.7,83.0,83.1,72.8,79.6,60.9,73.8,21.5,17.2,55.8,29.5,33.7,37.0,34.0,47.9,6.4,29.5,31.9,142.4,35.2,36.3,14.3,20.2,58.9,166.7,50.7,38.9,45.3,66.2,68.5,31.2,38.0,108.2,101.2,27.4,13.7,7.2,52.0,14.4
22.5,38.5,31.0,45.5,104.0,38.0,149.2,100.2,96.4,84.9,79.4,58.8,78.3,26.5,20.1,54.6,32.3,35.0,38.7,40.8,48.7,6.5,30.3,32.4,147.8,41.2,33.6,17.2,22.9,54.9,173.0,60.5,40.3,49.9,77.7,97.3,37.4,48.1,110.2,99.8,29.0,16.8,9.2,75.2,15.7
21.5,34.4,28.5,42.1,100.6,37.8,146.8,95.4,89.7,80.9,82.8,62.0,77.2,24.8,18.6,54.0,30.5,34.8,35.7,39.5,49.7,6.6,32.1,35.0,146.0,37.0,33.6,13.2,20.7,54.3,168.3,59.2,35.9,43.0,77.0,79.5,29.7,38.0,112.8,106.6,28.5,18.1,6.0,65.1,15.1
20.4,39.8,29.0,45.7,95.0,36.0,147.5,89.1,89.4,77.3,82.1,59.2,73.0,23.6,19.3,57.0,31.7,34.5,38.0,36.1,51.4,5.8,32.5,35.5,145.5,37.7,36.5,17.4,22.5,60.1,169.2,56.9,36.9,43.2,68.2,75.6,33.5,40.7,110.2,103.5,27.7,14.5,7.1,64.4,15.5
21.8,38.4,31.9,50.4,110.5,38.6,146.2,106.3,105.9,89.2,80.0,72.2,74.4,26.8,19.3,54.9,31.7,37.5,40.9,39.6,48.2,6.1,34.7,37.0,144.7,41.9,33.2,15.2,23.9,53.7,167.6,66.7,42.0,43.4,92.5,95.9,37.5,38.5,107.0,105.0,27.0,17.5,1.7,83.5,16.4
19.5,36.2,29.0,42.2,96.7,36.2,134.5,85.4,82.8,69.8,70.6,63.0,78.8,25.0,19.1,54.8,28.7,32.4,35.2,36.9,41.2,6.1,30.7,32.8,133.1,38.4,30.8,14.3,19.5,51.8,156.2,59.6,36.5,44.0,65.2,69.7,32.2,40.2,99.3,91.4,29.3,16.5,7.6,59.0,15.3
22.1,39.8,30.5,48.5,100.1,35.0,132.8,106.0,105.7,90.9,65.2,67.5,88.5,25.2,19.6,54.3,31.9,40.9,42.5,36.4,41.3,4.9,37.0,40.9,132.8,41.7,31.0,14.6,23.5,49.2,155.1,59.3,34.0,43.4,89.6,96.5,30.3,41.3,98.7,88.4,29.8,16.8,9.5,69.1,16.1
21.2,33.0,26.8,39.7,92.0,36.8,140.7,82.2,82.3,68.7,79.4,57.6,71.6,22.4,18.7,53.5,30.9,33.0,34.0,36.4,47.5,6.3,31.0,33.7,140.6,34.3,32.8,13.2,19.0,53.9,162.3,56.9,37.1,43.9,64.0,69.1,31.3,38.7,106.3,99.0,27.1,14.2,7.4,56.2,15.4
20.7,36.8,28.5,43.5,96.9,35.1,142.0,93.1,90.4,80.8,78.9,59.2,73.2,24.5,18.8,56.0,30.9,37.9,39.4,36.8,46.8,6.8,32.1,34.2,140.8,37.6,32.8,14.5,22.1,53.0,163.0,58.9,35.3,42.6,74.9,78.0,31.0,38.4,107.7,100.5,26.7,13.0,6.8,63.5,14.8
20.6,33.1,27.2,39.2,95.0,36.7,135.0,84.1,81.9,71.8,70.5,59.2,79.1,22.5,16.7,54.2,28.8,32.5,34.2,37.7,43.4,6.2,29.7,33.1,133.1,33.6,30.7,14.0,19.8,51.0,155.0,56.5,33.8,44.5,69.8,82.6,25.3,36.4,102.6,93.8,29.7,13.0,10.1,56.9,14.0
20.7,33.8,30.3,43.2,97.4,37.1,132.2,89.3,85.4,77.1,70.4,55.5,79.3,23.8,18.3,53.7,29.8,34.6,36.8,36.5,40.1,5.4,31.1,34.8,131.5,36.6,31.5,13.4,20.1,51.7,154.6,61.0,34.7,46.2,72.8,85.8,28.2,40.4,99.0,87.9,28.6,9.9,12.5,62.5,14.7
19.1,37.7,31.9,45.3,99.0,34.6,138.1,100.2,97.0,81.7,75.6,60.0,78.2,24.7,18.9,55.7,30.3,35.7,38.0,36.0,45.7,5.7,33.3,34.8,136.6,39.1,33.7,14.8,19.8,54.9,158.6,61.4,34.3,43.3,83.5,89.0,30.7,41.2,105.4,94.9,28.7,13.8,9.1,69.2,14.8
18.8,38.7,25.2,43.5,92.7,32.7,148.6,84.3,84.3,71.0,81.3,59.3,81.0,23.6,18.6,55.4,29.5,34.0,39.1,34.3,47.8,6.1,30.1,34.1,146.2,36.6,35.8,16.3,20.9,59.6,168.8,52.6,36.4,47.5,68.5,74.9,29.9,42.3,113.1,102.2,30.4,15.0,11.0,56.6,15.0
21.5,38.5,26.0,43.3,92.2,34.6,135.8,88.4,86.5,74.5,70.8,58.3,71.1,22.5,19.6,53.2,29.2,34.8,38.5,33.4,41.6,5.3,31.1,34.8,134.6,35.3,30.1,16.0,20.4,49.5,156.3,53.5,41.0,47.2,71.1,78.2,33.6,40.4,97.0,90.6,25.4,13.7,6.5,54.3,15.2
21.1,34.7,28.5,43.6,99.4,37.4,137.8,92.6,90.1,76.9,71.4,62.5,82.0,23.8,18.1,53.7,28.7,30.7,33.5,36.1,43.3,6.1,29.9,31.8,136.9,38.7,32.7,14.3,19.1,53.9,160.1,60.5,34.3,44.2,73.8,83.8,29.3,40.2,105.6,94.8,31.1,13.8,10.0,63.1,14.7
20.4,35.7,27.3,42.4,96.3,34.3,141.3,87.4,86.1,75.8,79.1,61.9,79.5,22.3,17.9,51.3,31.1,33.7,36.9,34.8,48.5,5.9,29.2,33.2,141.1,34.3,33.0,13.8,17.9,55.0,163.6,59.2,32.4,42.8,72.2,80.5,27.7,37.8,110.4,100.9,28.7,13.7,10.2,59.5,14.8
20.4,36.4,27.8,42.3,93.2,35.8,149.8,88.5,86.4,74.0,83.9,58.0,78.5,24.2,19.3,57.1,29.3,32.2,36.1,37.0,51.0,6.3,33.3,36.3,148.0,36.3,35.2,14.0,19.7,59.3,170.6,57.3,36.1,47.1,70.3,75.8,28.8,39.8,114.5,103.8,30.2,11.9,10.4,61.0,14.8
21.6,37.7,33.5,48.9,112.5,37.9,148.1,110.6,103.2,93.1,76.9,65.4,85.9,27.1,19.7,54.7,32.0,40.1,42.3,41.2,46.0,6.5,33.7,37.1,146.8,44.2,34.0,16.6,22.2,54.6,168.8,68.8,39.5,50.6,93.6,105.6,33.0,44.5,110.5,98.8,30.7,12.4,11.2,86.9,16.0
22.5,38.2,28.5,46.6,104.5,38.0,138.0,93.5,91.2,81.4,72.9,67.0,81.7,24.1,18.1,56.6,29.1,37.5,39.3,38.0,43.0,6.2,31.0,33.9,137.2,39.7,31.8,15.4,21.8,50.4,160.2,63.5,36.5,43.4,79.2,89.1,31.6,39.0,102.9,95.5,29.0,15.5,7.0,69.5,15.1
20.8,34.8,28.2,41.4,93.9,34.2,145.5,88.0,85.4,78.6,77.8,59.6,76.7,23.4,18.4,52.6,29.4,30.4,33.0,36.1,45.8,5.9,31.2,35.5,143.6,38.4,33.3,13.8,22.0,53.3,166.4,57.0,40.7,49.5,76.1,81.9,30.9,40.4,106.7,97.7,28.5,15.0,8.5,60.3,15.8
18.3,35.6,29.1,40.8,95.3,33.4,137.6,85.5,86.1,73.2,75.4,61.0,84.2,22.7,17.4,54.3,29.6,30.4,34.2,35.5,44.7,5.8,31.0,33.6,137.2,34.9,33.6,14.4,19.8,55.3,160.2,58.2,32.6,44.0,71.9,74.0,26.6,39.2,106.5,95.7,29.0,12.8,11.3,56.8,14.0
22.3,36.6,32.8,46.6,108.5,39.0,145.1,106.0,98.7,91.7,76.9,71.0,86.2,27.3,18.5,55.7,31.8,35.6,36.8,42.3,46.4,6.5,35.2,36.8,143.6,42.5,34.5,13.7,21.8,54.7,165.6,68.5,39.3,47.4,86.4,94.0,31.8,40.7,107.8,99.9,29.6,12.8,8.3,79.1,16.4
20.3,38.3,24.5,43.3,93.9,35.1,142.1,87.3,86.1,76.0,79.7,61.8,72.1,22.8,20.4,56.9,32.7,34.6,38.7,35.3,47.0,5.7,29.9,31.6,140.6,35.4,33.7,16.4,20.3,59.1,164.6,52.7,37.6,43.1,73.8,77.8,30.5,35.9,106.7,101.7,26.9,18.4,5.2,59.1,15.8
19.3,35.0,26.4,42.0,91.3,34.6,135.8,89.4,88.3,74.3,72.3,60.5,76.0,22.5,17.8,56.3,29.3,31.3,34.0,35.0,44.4,5.7,30.5,32.7,135.3,35.0,32.6,12.9,19.7,53.8,159.4,52.9,32.6,40.1,71.7,79.3,29.9,38.5,104.2,95.7,28.5,15.0,8.0,55.7,15.2
19.5,33.3,25.7,41.2,90.0,33.3,130.4,90.6,87.1,74.2,70.8,57.5,67.2,22.1,18.0,53.8,27.7,36.5,37.8,32.8,40.8,5.8,30.5,33.7,128.7,35.0,32.0,13.8,20.4,50.6,150.3,52.1,36.7,41.4,69.5,75.9,31.0,36.0,95.1,90.3,25.6,12.4,5.0,52.3,14.4
21.6,36.7,30.3,44.4,104.2,40.4,145.8,91.8,93.1,80.1,83.7,63.6,72.5,25.1,18.5,54.3,32.7,39.1,40.8,41.6,51.0,5.8,32.4,36.3,145.7,38.3,36.1,14.4,21.1,60.9,169.5,61.8,36.4,40.6,77.0,83.3,33.5,37.5,110.9,106.5,24.3,14.7,4.8,72.6,15.6
21.0,35.2,30.7,43.8,100.8,35.6,135.1,97.6,92.7,81.7,72.6,66.0,78.4,24.3,18.2,58.6,31.4,35.0,35.8,37.0,43.0,6.0,35.3,37.1,133.9,41.8,32.5,13.3,19.3,52.9,157.0,60.0,36.3,42.7,80.6,89.6,31.3,38.6,101.1,94.0,26.4,13.9,7.6,68.6,16.1
22.4,34.7,26.6,41.3,95.8,35.3,133.7,88.9,85.2,71.5,74.1,58.3,71.2,22.8,17.1,55.7,30.5,34.7,37.4,37.0,45.5,6.6,30.1,32.7,133.4,34.8,32.9,14.2,19.7,52.0,155.5,57.1,34.2,41.1,70.8,77.7,29.4,36.4,101.9,95.3,26.6,16.1,7.1,57.3,14.5
21.7,36.6,30.8,42.4,97.0,34.8,130.3,87.5,84.8,76.3,66.0,61.2,73.5,24.3,18.9,52.8,30.8,35.3,38.8,36.3,41.1,6.2,31.9,36.5,127.0,35.5,30.6,15.6,20.1,49.4,151.5,53.8,38.8,45.0,71.3,74.5,28.1,35.7,94.5,88.4,28.0,17.7,6.8,55.1,15.3
18.9,38.2,28.5,44.2,96.5,34.4,141.4,90.1,87.0,74.6,78.4,58.1,76.4,24.4,18.5,55.2,29.9,36.2,39.0,36.3,47.8,6.0,33.0,36.6,140.2,35.6,31.7,15.4,20.3,55.3,163.1,60.2,35.3,45.3,71.2,81.1,29.0,39.0,106.6,97.6,26.1,11.9,9.5,61.1,14.9
20.2,39.5,30.4,48.9,102.8,33.7,150.1,95.9,97.0,84.0,80.7,65.0,95.3,24.8,19.6,55.2,30.3,34.5,38.7,38.0,49.4,6.6,33.8,37.9,149.4,40.8,35.9,16.1,22.7,58.4,172.2,62.7,32.5,47.7,84.0,93.7,26.8,44.1,118.2,103.8,36.0,14.2,15.5,72.8,15.8
19.8,34.0,27.3,42.2,91.0,33.6,136.5,86.4,88.4,73.7,74.2,57.7,72.6,23.0,18.1,54.0,29.0,36.0,37.4,35.1,43.5,6.2,31.5,33.3,135.8,37.6,33.0,14.0,19.2,52.2,158.8,54.8,35.6,43.2,69.8,76.5,31.2,39.3,101.4,93.5,27.0,12.8,7.9,55.6,14.8
19.9,37.6,33.0,47.8,108.2,37.3,139.2,99.8,100.4,83.3,77.5,67.9,79.0,25.2,18.8,55.2,29.8,42.0,42.4,39.3,45.0,5.5,34.8,36.8,139.0,43.9,34.8,15.1,21.9,55.5,160.0,67.9,36.3,42.0,87.1,88.0,31.0,37.0,105.8,99.7,28.8,14.2,6.1,76.6,15.1
19.5,38.3,29.7,44.6,98.8,34.6,141.7,91.9,90.0,73.9,73.3,65.9,81.9,23.9,19.5,53.2,29.5,37.0,39.6,35.4,43.6,5.9,32.2,35.7,140.8,37.6,32.3,15.0,20.7,54.8,164.8,58.2,36.4,43.5,72.6,77.8,32.5,42.0,106.0,98.5,30.4,18.8,7.2,64.4,15.4
20.2,35.7,28.0,42.5,97.8,34.2,143.5,89.6,88.2,74.6,76.3,60.4,72.6,23.3,18.6,55.0,28.8,36.3,39.0,35.2,46.0,6.1,30.6,34.2,141.9,38.4,33.8,14.1,20.6,55.4,165.4,57.5,40.2,46.2,68.0,77.8,34.3,40.4,104.5,98.5,28.0,15.8,6.9,59.6,14.8
20.8,37.7,26.3,42.0,90.3,33.6,146.1,84.3,84.7,73.5,78.0,64.9,77.5,23.6,18.7,55.0,30.2,36.1,38.4,33.7,44.8,6.6,30.7,34.0,144.6,35.4,33.4,16.9,21.2,53.1,169.2,51.5,40.1,46.1,67.4,67.2,33.1,39.9,108.3,101.6,30.0,19.2,6.6,55.1,15.5
21.3,34.9,29.5,43.2,104.3,36.3,142.2,88.7,88.7,75.1,75.8,61.7,80.1,24.4,18.6,53.6,29.3,37.6,39.2,35.1,45.0,6.4,30.5,34.5,140.3,36.9,32.7,13.9,19.6,51.4,164.2,59.5,37.0,47.0,73.5,88.2,29.4,38.8,107.4,98.3,29.3,14.8,10.3,62.5,14.5
19.9,38.8,27.5,43.4,99.4,32.6,136.8,90.2,83.7,72.8,75.7,63.0,79.6,23.5,19.4,53.8,30.9,34.0,39.1,34.5,45.1,5.7,32.3,35.2,136.6,35.0,33.6,15.1,19.8,56.2,160.1,57.6,33.6,41.4,71.1,77.8,29.8,39.0,104.3,94.8,28.9,17.1,8.4,58.6,14.8
21.3,35.3,29.8,43.5,96.0,34.5,137.5,91.5,86.1,77.5,73.8,62.5,77.8,23.4,17.3,52.5,29.8,35.5,37.9,38.1,44.5,6.7,32.3,34.5,136.8,36.4,31.4,15.4,19.4,51.5,160.1,59.0,36.0,43.9,73.1,80.3,30.3,39.1,103.3,94.8,27.7,14.6,7.8,61.0,14.9
19.3,38.1,30.9,47.9,101.9,33.9,140.0,108.8,104.3,92.1,72.5,59.9,83.3,24.1,18.1,55.2,29.7,41.9,42.2,35.2,45.1,6.0,33.9,37.2,138.6,41.1,31.9,16.6,23.3,51.3,161.1,58.4,37.5,49.4,90.3,105.4,33.3,45.3,103.5,91.1,27.6,10.5,12.3,73.4,15.1
19.8,37.6,29.0,43.7,98.2,36.0,143.8,89.3,87.9,73.8,81.3,63.6,74.0,24.2,18.9,56.6,29.5,37.8,39.7,36.0,48.3,6.0,31.1,32.9,144.1,35.8,34.2,16.4,21.5,57.6,166.7,60.0,35.8,41.5,69.9,72.4,32.1,37.9,109.5,103.8,28.2,17.3,5.6,63.7,15.6
20.5,37.0,26.0,42.0,92.4,33.9,147.6,86.9,85.9,74.7,80.5,59.2,72.0,22.8,18.5,54.0,29.7,34.4,36.2,35.9,47.6,6.5,30.3,33.8,146.5,35.2,34.4,15.0,22.3,55.9,169.6,54.2,40.7,46.6,67.1,72.4,33.6,40.5,108.0,101.6,27.9,15.8,6.3,56.6,15.0
22.9,37.2,28.8,43.8,103.3,38.3,148.7,91.7,89.6,80.7,80.3,64.8,81.7,24.5,19.7,55.3,31.9,36.7,39.3,39.0,47.2,6.7,32.0,35.0,147.1,37.0,34.6,15.3,20.6,56.3,172.3,63.9,38.6,46.8,73.9,80.8,31.7,40.3,111.1,103.0,31.0,17.4,8.0,71.3,15.3
20.4,39.6,29.6,47.7,102.8,36.6,143.8,99.5,97.9,82.3,79.5,62.0,81.2,24.4,19.2,53.4,30.7,41.0,43.4,38.7,47.4,6.4,32.8,36.6,143.0,39.4,35.2,17.0,22.8,57.8,165.5,61.5,36.3,46.6,79.3,90.2,29.0,39.4,110.5,101.1,29.8,15.0,9.4,70.0,15.1
21.5,38.3,27.1,42.9,100.6,37.2,145.5,86.5,83.5,74.1,82.3,63.2,77.9,24.7,18.7,53.6,32.1,32.4,37.7,38.4,50.7,6.7,30.1,32.5,144.6,37.4,37.1,17.0,20.0,60.3,166.7,58.5,34.8,42.1,68.2,77.2,30.6,39.1,111.8,104.4,28.6,15.2,7.8,62.7,15.2
20.3,37.1,28.3,46.2,110.4,35.5,151.1,91.1,91.5,80.8,82.5,76.3,85.9,23.7,18.6,55.4,31.6,38.5,40.5,41.5,48.2,6.6,30.2,34.3,149.8,38.3,35.6,14.8,21.4,58.1,174.6,67.8,39.1,43.7,73.6,78.2,32.5,37.5,113.8,107.8,30.3,20.4,4.5,73.2,15.0
22.5,36.1,31.5,44.8,99.5,38.3,138.2,94.5,91.3,81.4,74.2,60.6,73.9,25.9,18.2,54.4,30.0,34.3,37.3,36.9,43.2,5.6,32.8,36.1,137.3,40.3,33.1,15.4,22.6,54.0,160.5,59.5,38.1,44.9,78.1,83.2,33.1,40.2,101.1,94.1,27.6,13.9,6.7,65.9,15.1
20.2,37.3,27.0,43.4,95.4,32.9,141.5,88.8,84.0,74.0,76.4,55.2,70.9,23.8,18.3,54.2,30.2,33.1,38.8,35.6,44.3,6.3,29.2,31.9,141.0,35.5,33.4,18.2,17.3,55.6,163.1,56.2,39.5,47.5,68.1,77.2,30.1,38.3,104.6,96.3,28.7,15.0,8.6,56.4,14.6
21.4,35.2,29.9,46.0,103.8,35.7,142.3,100.5,96.8,88.0,77.8,63.3,79.5,24.0,18.3,55.1,30.4,36.3,38.3,36.5,47.4,6.5,30.5,32.7,142.3,41.1,33.5,14.9,22.4,54.4,165.9,63.7,35.5,43.9,80.7,88.3,32.2,40.8,108.1,100.0,29.5,14.9,8.6,70.2,15.6
19.9,35.5,28.3,43.6,93.4,36.3,137.0,90.5,89.2,79.8,72.0,65.4,74.6,24.6,19.0,54.5,28.9,32.7,34.8,35.8,43.3,6.9,30.1,33.3,136.2,38.4,31.8,14.0,21.6,51.2,159.2,58.1,36.8,41.2,71.2,73.9,33.1,38.6,100.5,95.5,27.3,17.8,4.3,58.3,14.8
21.7,39.0,28.3,44.0,98.0,38.1,146.4,90.9,86.3,74.1,83.8,56.6,77.1,24.2,19.0,54.4,31.9,33.1,38.0,38.6,49.4,6.7,32.8,34.8,146.0,39.2,37.4,15.8,20.3,60.4,169.0,59.7,34.2,44.7,71.6,85.6,29.5,39.7,113.4,103.9,30.3,11.6,10.3,66.1,15.8
19.8,38.5,28.8,45.7,96.1,34.1,136.5,96.2,97.9,83.8,76.9,56.8,75.8,24.0,19.7,53.8,30.5,35.4,38.5,37.2,46.3,5.9,30.4,34.4,136.3,38.0,34.5,15.6,22.5,57.3,159.9,60.2,33.5,42.6,80.0,85.4,29.3,39.1,104.5,95.8,26.1,11.1,8.9,62.3,15.5
15.9,35.0,23.2,39.5,86.0,28.5,137.0,82.5,81.6,71.5,75.4,55.0,67.5,21.5,17.4,54.0,26.6,34.2,37.2,30.5,43.4,6.2,29.3,31.9,137.3,35.0,34.0,14.5,19.4,54.1,160.2,47.9,37.1,43.1,67.4,71.7,32.8,38.8,101.7,96.2,26.5,14.5,5.0,46.0,13.8
22.3,36.2,29.7,43.8,98.8,38.3,146.3,90.6,92.4,82.7,77.0,65.7,85.2,24.8,18.9,56.6,31.2,35.5,36.8,36.7,46.5,7.1,30.4,33.6,145.6,38.9,33.6,15.3,21.5,54.2,170.2,59.3,37.6,47.5,74.8,76.4,31.4,41.5,110.5,100.8,31.1,15.5,10.0,66.4,15.7
21.5,36.2,30.5,46.9,95.9,36.4,135.5,95.7,92.1,80.9,73.2,60.0,79.0,25.2,19.1,58.5,31.1,33.3,35.7,37.5,46.0,6.2,34.7,37.3,136.0,38.2,32.1,13.1,20.5,52.6,159.2,59.0,34.1,43.3,76.8,82.8,30.0,38.0,104.2,95.3,27.7,11.3,9.0,65.0,15.8
21.9,35.8,25.6,42.3,95.0,37.2,150.8,80.9,79.8,70.2,80.8,63.4,81.7,24.3,18.8,52.6,30.7,33.1,37.7,37.5,47.8,6.7,30.2,31.2,150.9,36.3,34.0,15.7,20.4,54.5,174.0,56.2,37.7,47.1,64.9,72.1,33.5,43.1,113.5,102.2,32.4,17.8,8.7,60.7,15.7
21.5,36.5,28.4,43.7,100.8,36.7,146.2,90.3,94.3,80.0,81.7,60.3,71.5,25.0,19.0,55.4,30.9,34.1,38.6,37.5,47.3,6.3,33.6,36.3,145.2,40.4,35.0,15.6,23.3,55.3,169.2,59.7,39.0,45.1,74.5,82.8,33.5,39.5,108.2,102.5,27.5,15.6,6.3,66.5,16.3
21.6,36.9,28.0,42.1,100.5,41.1,148.2,89.9,87.7,82.2,82.4,63.2,79.0,23.5,19.1,54.1,32.3,32.6,36.0,39.7,49.4,6.6,30.9,33.9,148.0,36.2,34.9,15.3,20.9,57.9,171.3,60.0,36.1,43.6,73.9,76.4,33.5,42.9,113.2,105.5,29.1,20.0,7.3,69.7,15.3
21.2,37.2,29.1,43.1,102.2,37.8,138.7,89.6,86.9,76.8,75.2,61.2,74.1,24.0,18.7,54.5,29.9,34.1,37.1,37.7,44.0,5.7,32.2,34.5,138.2,38.6,31.8,14.8,20.3,51.3,161.7,62.3,37.1,43.3,71.2,82.0,32.2,39.7,103.5,97.2,28.5,15.8,7.0,66.1,14.8
21.5,37.5,33.0,47.3,109.9,38.9,139.6,98.0,95.2,81.4,76.8,61.9,84.0,27.1,18.9,55.2,32.2,36.3,38.4,43.5,45.0,6.1,32.3,35.0,139.5,39.0,34.6,15.2,21.0,56.6,162.0,67.4,33.5,44.6,81.3,100.4,30.6,42.3,107.9,95.7,30.4,14.0,11.7,77.6,15.6
19.8,36.6,27.0,43.2,90.0,34.0,133.8,87.0,86.2,73.3,71.2,59.3,72.0,22.7,17.2,54.4,28.4,34.6,38.0,33.4,42.3,5.4,31.1,33.6,134.3,36.1,32.5,15.3,20.9,53.1,157.7,53.9,34.8,41.3,66.8,72.9,31.1,37.9,100.2,94.0,27.2,16.3,6.5,53.8,14.8
19.8,36.4,26.2,42.3,95.8,35.4,139.8,83.1,88.3,73.6,72.7,62.8,74.7,22.4,18.0,55.0,29.9,34.4,36.7,33.8,44.1,5.9,30.9,33.4,138.4,35.3,32.6,14.2,22.2,53.2,161.6,55.8,37.4,43.7,68.6,70.3,33.2,39.6,103.1,97.7,28.2,18.0,5.4,56.7,15.0
21.9,38.8,29.4,47.2,98.8,38.1,143.4,102.2,96.6,87.8,79.4,60.6,78.2,24.2,19.2,56.8,31.6,40.3,42.1,36.7,47.1,6.7,32.8,34.1,143.0,39.5,33.6,15.7,22.4,54.2,167.3,62.3,37.0,45.5,83.5,90.4,34.5,42.5,106.5,98.5,27.2,15.4,7.7,72.0,16.0
20.6,39.8,25.3,44.0,87.5,32.6,151.0,83.6,85.2,70.6,83.1,56.5,69.0,22.4,18.1,57.2,31.2,35.5,39.2,33.9,50.6,5.5,32.4,34.7,149.9,35.5,36.4,16.5,21.0,57.6,174.9,48.3,40.3,46.6,63.5,66.8,34.4,40.6,111.3,105.1,29.3,15.3,6.0,54.5,14.8
21.0,38.2,29.2,44.6,98.8,36.4,145.8,95.0,90.8,81.3,79.4,64.7,79.3,25.0,18.5,54.5,30.7,37.8,40.7,37.4,45.3,6.3,32.8,35.8,145.6,39.4,35.1,15.1,21.5,56.8,170.1,59.1,36.7,44.5,74.7,77.3,33.1,40.6,110.3,102.8,29.8,17.1,7.7,67.4,15.0
20.0,35.7,27.6,42.0,94.6,34.8,136.8,89.4,86.4,73.3,70.7,61.7,78.2,23.1,18.2,54.2,29.3,34.3,36.9,34.4,42.0,5.9,30.9,34.9,134.6,36.4,31.6,13.7,21.3,51.9,159.0,56.6,36.6,45.2,69.2,76.5,29.4,38.3,100.5,93.3,30.7,15.7,8.1,56.1,14.8
19.7,38.0,27.0,42.7,98.2,33.2,144.2,85.2,83.6,72.6,78.1,61.0,78.0,23.5,19.4,53.3,31.9,30.3,35.3,35.4,46.1,6.4,30.0,34.0,143.8,37.1,33.4,16.5,21.2,55.4,166.7,55.3,36.8,45.4,66.6,72.2,32.1,41.1,108.7,100.3,30.3,17.6,8.3,58.4,15.1
21.8,36.3,30.5,46.2,95.3,34.3,135.7,98.1,96.0,80.3,69.5,61.7,79.4,24.9,18.3,55.1,30.2,38.2,39.7,35.5,41.4,5.9,32.6,34.6,134.8,37.9,32.2,15.4,21.3,50.7,157.3,58.6,36.1,44.8,78.1,87.4,32.2,42.4,101.0,91.2,29.3,14.4,9.0,62.3,15.4
19.5,34.8,29.0,43.1,93.7,35.1,131.4,85.1,86.0,74.0,69.3,56.9,70.8,23.2,18.4,53.2,28.5,34.6,35.5,33.4,41.2,5.7,30.8,33.0,131.0,35.8,32.5,13.6,20.3,51.9,154.7,55.8,34.0,41.3,69.5,80.1,30.5,38.3,98.0,91.5,26.1,13.5,7.0,55.0,15.3
20.7,36.6,27.0,41.8,96.9,35.2,139.5,89.9,84.4,76.8,76.2,62.3,73.8,23.0,17.8,51.9,29.7,33.6,36.5,37.3,45.9,5.9,30.1,33.3,139.7,33.7,33.2,16.0,21.3,53.1,163.2,57.0,35.7,41.3,70.0,78.4,31.0,37.5,105.1,99.2,27.1,17.3,6.6,58.0,14.2
21.8,37.8,27.8,44.6,100.9,39.2,151.0,92.4,90.4,84.6,83.6,65.5,82.5,23.3,18.1,53.6,31.9,36.4,39.4,36.5,50.3,7.1,30.6,35.0,150.1,36.0,33.6,15.3,22.8,53.8,173.4,59.6,35.5,44.6,80.6,84.0,32.0,41.1,116.6,106.5,30.6,16.7,8.7,70.5,14.4
20.4,35.5,29.0,42.6,96.2,36.1,146.5,92.5,89.4,79.4,82.0,61.5,76.3,24.3,18.2,54.7,30.0,38.0,40.3,36.4,49.1,5.5,29.8,32.6,145.5,37.2,34.7,14.8,22.3,58.2,168.6,57.3,37.8,45.2,71.2,78.5,30.5,38.4,111.4,104.0,29.1,18.0,7.5,63.5,14.7
20.5,36.3,26.2,41.9,97.4,34.0,142.6,93.1,87.6,78.9,75.5,62.7,78.0,23.5,17.9,55.1,30.5,35.3,38.2,36.7,45.9,6.2,31.1,33.5,141.5,35.6,32.0,15.3,22.1,52.8,165.6,58.4,36.6,44.2,70.4,78.1,34.4,41.2,105.8,99.0,29.9,17.1,8.1,59.7,15.1
20.0,34.5,25.7,39.8,98.6,34.2,144.5,91.8,87.8,77.4,78.9,62.4,77.9,23.0,17.5,53.9,30.0,32.5,34.5,36.4,46.8,6.5,30.2,33.8,144.3,36.2,34.5,14.2,19.3,56.5,166.6,58.6,38.1,45.1,71.1,79.0,32.5,41.1,109.2,102.0,29.4,16.5,7.4,60.9,14.5
20.8,36.0,27.5,41.7,98.8,34.4,147.1,89.3,88.4,74.0,83.1,61.5,80.2,23.6,18.5,54.0,31.5,29.1,33.1,37.6,49.6,6.4,30.9,33.2,146.3,36.5,34.6,15.2,19.4,55.4,168.5,57.6,33.7,43.6,69.9,80.2,30.5,40.3,114.9,105.9,30.0,15.9,9.9,61.5,15.6
21.2,38.2,26.4,43.2,98.8,35.3,151.3,85.7,85.6,76.3,81.7,62.3,76.9,23.2,18.7,56.6,30.6,35.6,40.1,35.4,48.3,6.3,31.0,33.6,150.2,38.4,36.1,15.6,21.2,59.4,174.4,55.3,40.8,48.1,72.4,82.4,34.4,41.5,112.3,104.8,30.1,18.0,7.1,62.6,15.5
21.6,35.3,27.3,42.1,94.8,33.5,136.5,86.6,86.3,74.2,72.1,60.3,68.9,22.9,18.5,53.5,29.1,38.2,40.2,34.3,42.2,5.3,28.8,32.2,135.7,35.2,32.5,15.2,21.7,52.8,158.8,55.1,39.8,44.1,61.5,69.2,32.7,37.5,98.7,94.0,25.5,17.7,4.2,54.7,15.0
22.5,37.2,31.8,45.3,104.0,39.0,138.9,101.8,95.0,87.7,71.6,65.8,86.1,26.7,18.9,56.5,30.1,34.0,36.9,38.5,44.0,5.6,35.6,37.8,138.4,41.0,31.8,15.0,21.2,50.3,160.2,62.1,35.6,45.3,85.0,88.3,28.0,38.7,105.1,94.5,31.5,14.6,10.2,74.5,16.1
22.8,38.1,33.0,44.1,116.8,40.0,152.7,100.2,95.2,80.7,82.5,71.4,90.2,27.0,19.4,56.8,33.7,37.0,40.1,43.1,49.0,6.2,33.7,36.5,151.9,38.7,36.4,16.2,22.3,59.2,176.4,69.1,38.3,47.1,78.6,87.5,31.8,41.4,115.2,107.0,30.7,21.6,8.7,85.1,16.2
22.4,38.7,27.8,43.9,96.1,39.3,149.4,90.5,91.1,77.7,81.4,60.1,73.6,23.4,19.3,55.5,31.3,37.3,40.4,37.2,47.0,6.6,31.5,35.0,148.2,39.0,35.0,15.4,22.4,57.8,171.3,59.3,40.1,46.7,65.4,76.9,36.0,42.5,109.0,102.8,28.5,15.8,7.0,65.5,15.5
22.5,37.5,28.2,44.1,101.8,36.7,143.5,86.9,89.0,75.0,78.0,63.4,78.9,23.8,18.8,56.5,31.5,36.4,39.6,37.2,47.3,6.5,32.0,34.3,142.2,38.2,33.1,15.3,21.3,54.6,165.4,61.2,37.3,45.3,70.5,75.5,31.1,39.3,107.6,100.2,29.3,16.4,7.8,65.0,15.3
18.1,34.4,26.8,40.5,90.4,32.7,138.5,83.1,82.2,70.4,77.5,60.5,68.5,22.5,17.5,53.5,28.4,32.2,34.5,35.3,45.5,5.4,29.1,31.6,137.9,33.8,33.4,14.6,20.6,53.6,160.8,53.1,36.4,40.8,64.5,68.3,30.6,35.0,102.9,98.2,25.4,14.0,4.6,52.8,13.8
19.5,37.7,26.3,43.6,94.6,32.3,146.0,93.5,92.1,80.8,82.8,58.5,78.5,23.0,17.8,54.1,30.3,32.7,35.4,34.0,48.6,6.0,29.8,32.6,145.5,38.4,34.8,15.5,19.4,57.1,166.2,55.6,35.1,44.5,77.8,85.7,28.6,40.1,112.8,102.2,29.1,15.5,10.1,61.0,14.5
20.5,37.3,27.8,44.0,98.7,36.5,144.4,87.9,86.1,71.4,77.8,63.5,74.9,23.8,19.4,53.4,30.7,36.9,40.8,36.7,46.0,6.6,31.8,33.0,144.1,38.8,34.5,14.9,21.3,56.7,167.8,58.2,37.8,43.1,67.1,71.9,33.4,39.8,107.6,101.8,28.5,18.7,5.3,62.3,15.4
22.0,37.2,28.1,45.0,103.8,36.9,150.5,97.5,93.4,76.9,80.8,66.8,80.8,24.7,19.0,58.7,31.4,38.0,41.4,37.3,48.1,6.3,34.4,36.1,148.9,38.9,35.4,16.0,21.0,56.2,174.1,60.9,40.6,47.4,74.1,81.5,34.6,41.8,111.8,104.0,30.5,18.7,7.4,73.4,16.0
22.4,38.7,29.3,45.0,97.1,36.0,147.4,93.1,93.5,83.8,81.0,65.4,77.7,24.4,19.5,55.5,31.8,36.3,39.7,37.7,49.1,6.9,31.1,34.8,147.4,37.1,34.6,16.0,22.2,55.5,172.1,59.5,36.9,42.5,70.7,71.9,34.5,40.6,111.3,105.7,29.0,19.1,5.5,66.1,16.1
20.0,34.9,28.5,42.4,96.8,35.3,142.8,89.8,86.2,75.5,76.5,58.0,80.4,23.6,18.5,55.3,29.5,31.5,33.9,35.4,45.2,6.0,30.8,33.9,142.7,36.5,31.8,14.2,20.4,51.7,165.5,58.8,36.0,47.4,73.4,84.7,30.9,42.2,107.7,96.2,30.2,13.5,11.3,63.2,14.8
19.2,36.1,24.6,41.2,91.9,32.7,141.5,87.8,85.0,77.7,80.0,58.3,68.3,22.5,17.8,53.1,28.9,35.6,37.5,34.2,46.0,6.4,29.2,32.6,141.0,33.3,33.8,14.7,20.3,54.6,164.3,52.7,36.3,41.3,68.1,70.4,32.9,38.3,105.8,101.3,26.1,18.3,4.5,54.1,14.7
18.7,34.5,26.2,40.1,92.2,32.3,131.5,89.2,86.7,73.8,73.1,55.5,70.8,22.0,16.0,52.9,27.7,32.4,35.2,32.8,44.1,5.1,29.1,30.9,131.1,34.0,31.6,14.2,19.2,50.6,152.8,55.1,31.9,39.0,66.9,73.4,28.6,35.7,100.5,93.4,27.1,15.3,7.3,50.6,14.0
20.0,36.9,29.4,46.2,95.1,33.0,138.3,99.7,95.9,85.8,75.4,60.0,77.2,25.1,19.1,56.0,30.8,39.4,40.5,35.4,46.4,6.2,34.5,36.3,138.0,39.7,33.3,14.3,23.9,53.2,161.0,57.3,34.4,42.8,80.7,85.0,29.9,37.7,105.0,96.9,27.0,14.7,8.0,64.3,16.0
21.4,33.7,27.4,42.1,103.6,37.0,136.2,89.1,86.2,73.6,71.9,63.8,80.6,23.0,17.6,54.9,29.3,34.2,35.7,37.3,43.2,6.6,31.7,35.3,136.0,36.1,31.3,12.6,20.5,51.8,159.1,62.0,34.2,42.4,72.3,78.0,30.7,39.6,102.4,94.7,29.6,16.7,8.1,62.3,14.7
23.8,39.0,34.3,47.2,107.9,39.6,144.8,96.4,97.3,80.6,79.3,63.2,82.8,27.2,18.8,56.7,33.1,37.5,40.8,41.8,46.5,6.0,33.0,36.1,143.8,40.3,34.1,15.3,22.2,55.9,167.4,66.6,37.8,48.4,81.7,98.6,31.6,40.9,109.0,100.4,28.3,14.6,10.8,80.8,15.4
20.7,37.2,28.4,43.0,96.0,34.7,137.5,91.1,88.8,79.8,77.4,58.4,71.6,22.8,18.6,53.0,30.7,35.9,39.1,38.4,45.9,5.6,32.7,35.8,136.4,36.5,34.1,14.7,22.5,55.6,156.4,56.9,36.2,42.4,70.6,77.0,29.1,35.7,104.0,99.0,25.4,14.3,6.8,60.1,14.2
19.2,36.6,25.0,42.0,95.8,32.0,151.1,90.4,87.5,78.2,77.4,70.1,92.4,25.0,18.6,55.9,29.3,31.9,36.4,34.3,48.8,6.0,29.8,32.7,150.0,36.2,34.3,14.8,20.8,54.9,176.2,57.1,37.5,48.5,72.2,82.3,33.8,45.1,114.0,103.0,33.3,18.9,10.6,62.5,15.3
21.0,38.9,29.2,45.3,99.5,37.1,146.8,89.7,92.2,75.0,78.7,63.7,79.0,24.2,19.3,56.0,31.6,33.9,37.5,38.1,50.2,6.6,31.3,34.5,146.6,35.8,35.0,16.5,20.9,59.1,170.2,63.0,35.4,43.4,71.4,71.8,32.0,40.3,111.2,104.0,29.1,15.0,8.3,67.1,15.3
22.1,38.0,29.5,47.8,104.4,37.5,152.2,102.9,98.2,83.3,80.9,63.6,84.2,25.0,19.0,56.0,30.8,43.4,47.0,37.6,48.6,7.5,32.4,36.2,150.9,40.3,34.1,17.9,25.2,56.8,175.9,63.0,41.2,51.4,78.6,87.3,35.0,46.4,113.6,103.8,31.1,16.2,10.2,77.8,15.8
20.4,37.2,32.5,47.5,100.9,37.2,137.8,97.0,95.6,84.0,74.5,65.5,87.0,25.3,18.3,54.4,30.0,39.9,40.9,39.5,44.4,5.8,33.4,34.8,136.8,39.5,32.6,14.3,21.6,52.9,158.7,59.9,31.9,42.9,79.9,90.7,26.5,38.5,106.7,96.0,32.4,13.5,11.5,68.9,15.1
20.9,37.5,26.8,43.8,93.6,36.4,131.4,88.1,88.8,76.8,69.1,61.6,69.5,22.5,17.9,53.8,28.7,37.1,39.6,36.0,43.2,5.6,30.1,33.6,130.3,33.7,31.3,16.8,22.3,50.9,151.7,57.8,36.4,40.6,69.4,73.4,31.1,35.2,96.8,92.1,26.0,15.4,4.4,56.3,14.2
18.0,34.2,23.6,39.0,85.7,30.5,131.8,80.2,78.3,70.6,71.6,53.8,63.5,20.7,17.3,54.9,27.0,32.7,34.2,31.1,41.2,5.7,30.0,31.5,130.3,33.0,31.9,13.7,20.1,51.1,153.3,48.7,37.1,41.8,59.0,65.6,32.4,37.7,95.6,90.5,24.0,15.1,5.2,43.2,13.2
21.5,37.5,33.3,44.8,111.6,39.7,145.2,100.4,95.6,83.2,76.6,68.2,87.8,25.0,19.4,57.8,30.9,37.5,38.8,42.4,45.8,5.9,33.6,37.0,143.5,40.2,32.8,14.4,22.3,53.1,168.7,69.5,39.7,49.9,78.5,88.8,33.3,43.0,108.6,99.2,31.6,15.7,10.1,80.4,15.5
20.8,41.2,30.0,46.0,99.3,36.1,152.3,88.5,89.0,75.2,87.1,64.7,77.7,26.0,19.5,55.2,32.1,32.6,38.3,39.4,52.8,6.1,32.8,35.5,151.6,39.8,37.7,16.9,20.9,61.0,173.6,61.1,37.3,43.7,72.5,76.4,31.9,39.3,115.6,108.0,29.5,18.2,6.4,68.6,15.7
20.1,36.0,26.2,41.7,95.5,36.3,138.8,84.6,84.4,72.7,73.8,58.8,72.7,22.0,17.6,54.3,29.1,34.7,37.7,34.6,43.3,5.6,30.8,33.5,136.5,35.5,32.7,14.2,20.3,52.0,159.0,55.4,39.4,46.2,66.7,74.8,32.5,39.7,101.4,94.4,28.0,14.1,7.4,55.6,14.2
21.2,36.8,28.0,45.4,96.8,35.1,139.8,100.7,95.0,81.5,77.6,60.8,72.6,23.5,18.2,54.3,31.8,41.7,42.8,37.9,45.7,5.5,30.0,34.0,137.3,37.5,33.4,15.6,19.4,56.3,160.8,61.1,37.5,43.5,77.7,84.9,32.4,38.2,104.1,98.0,25.4,14.1,5.7,65.7,14.6
22.4,39.6,31.5,49.3,104.4,38.0,145.6,106.3,102.9,91.3,81.1,64.7,85.1,25.0,19.0,55.0,32.4,39.2,42.0,39.2,48.0,5.4,33.5,35.9,145.1,41.0,34.1,16.2,22.5,55.4,168.5,66.2,37.2,47.3,87.5,96.5,33.3,43.8,110.4,99.2,28.5,12.8,10.5,83.1,15.6
19.8,35.1,29.1,43.2,98.1,35.5,135.0,89.3,87.4,77.9,72.7,60.0,75.7,24.2,18.0,54.9,28.0,35.1,37.5,34.6,42.5,7.1,31.7,34.0,134.1,39.4,32.4,13.5,20.2,50.5,157.5,58.8,36.1,43.1,71.6,75.8,29.9,37.2,100.0,93.0,28.5,16.7,6.9,60.7,14.8
19.1,34.5,27.0,39.8,92.0,33.0,139.3,83.5,83.3,71.0,77.5,57.4,75.0,22.9,17.7,53.3,28.7,30.9,34.5,33.0,45.1,5.6,29.7,33.4,138.3,36.0,33.3,14.9,19.8,54.2,161.5,53.2,35.3,44.0,66.8,77.5,28.4,38.3,105.7,97.1,28.5,14.2,9.0,53.0,14.7
22.2,36.3,32.7,48.0,99.9,41.5,131.4,103.2,102.3,88.8,69.2,62.0,78.9,26.3,19.6,55.8,30.1,39.2,40.0,39.4,40.9,5.6,35.1,38.4,130.8,43.2,31.3,13.3,21.9,50.1,154.6,62.5,34.1,41.9,86.5,91.2,33.2,41.9,98.7,90.0,28.9,14.5,9.4,74.1,15.8
19.6,37.7,27.6,44.3,94.7,32.3,133.0,93.0,88.2,79.2,71.4,58.4,74.4,23.7,18.6,52.5,29.4,37.1,38.6,35.2,43.0,5.8,33.5,35.4,132.5,37.3,31.9,15.1,22.1,52.3,153.9,53.8,34.2,42.0,74.9,84.4,29.2,37.9,100.2,91.8,27.0,15.6,7.8,57.1,15.5
21.7,37.8,29.3,43.1,95.8,36.0,145.9,89.9,89.8,76.2,78.5,62.6,76.5,25.0,19.6,53.7,32.4,33.0,34.8,37.5,47.2,6.1,31.4,34.4,144.5,39.8,36.0,14.8,21.5,57.5,168.5,54.0,38.6,45.8,69.1,78.8,32.6,40.1,108.6,101.2,28.6,15.7,7.6,63.4,16.1
18.9,38.2,26.5,43.9,98.4,33.5,135.8,97.2,93.9,77.6,74.8,59.6,77.3,23.0,17.9,54.4,29.3,34.9,38.4,32.8,45.9,5.7,32.5,35.4,135.0,35.5,33.4,15.6,20.3,54.1,157.2,57.8,32.9,42.6,75.5,84.5,28.8,37.8,103.8,94.3,26.9,12.2,9.8,58.8,14.5
19.8,36.0,30.5,44.7,100.6,34.8,133.9,92.3,92.8,78.6,70.0,65.2,85.2,25.1,17.7,54.9,28.1,35.0,36.1,36.7,41.1,5.4,32.2,35.4,133.7,39.0,30.7,14.0,21.2,49.7,157.6,59.1,34.2,43.2,75.2,82.6,29.5,41.1,100.7,91.0,31.7,17.0,9.0,63.0,15.0
22.8,38.2,29.0,43.7,108.3,37.2,145.5,93.4,90.2,77.9,76.5,68.3,84.0,24.0,19.6,54.8,31.3,36.7,40.2,38.0,45.2,5.9,32.0,35.0,144.0,36.2,33.4,15.5,22.3,53.4,166.2,61.6,39.8,46.9,74.5,82.0,32.5,40.5,107.9,100.3,31.1,16.3,8.1,68.7,15.3
20.4,31.6,27.6,41.3,94.5,34.1,125.9,94.0,90.7,76.0,66.5,61.9,67.0,22.5,17.6,54.8,29.0,34.7,36.0,34.8,40.6,5.4,31.9,35.8,126.4,36.9,30.5,12.8,20.2,50.6,148.7,55.5,36.4,39.8,78.4,87.4,35.3,38.7,89.6,86.0,23.0,12.9,3.2,55.7,14.7
19.7,36.2,31.1,43.7,101.0,34.7,147.0,91.4,87.9,75.3,82.8,61.2,75.8,26.0,18.8,55.5,31.5,35.6,37.1,38.5,48.5,6.3,31.4,34.4,145.5,37.5,35.8,14.0,21.2,60.3,169.4,61.3,36.4,44.0,74.0,77.6,29.6,37.6,112.4,105.1,28.0,18.2,7.7,67.5,15.5
21.4,36.1,27.5,42.7,97.7,34.8,138.4,88.0,85.9,76.7,72.9,66.3,80.6,23.3,18.6,54.2,30.5,34.7,37.4,37.0,44.3,6.0,29.9,33.5,137.3,36.9,33.0,14.9,20.2,54.2,161.0,58.2,35.9,41.8,69.5,72.4,30.5,38.2,103.5,96.4,30.3,17.9,6.7,59.8,14.8
21.2,38.5,26.8,43.8,93.8,34.7,148.6,88.2,86.5,75.4,81.1,58.0,72.1,23.5,17.8,54.3,30.1,35.5,40.3,35.6,48.2,6.7,31.1,34.8,146.7,36.8,34.5,16.8,22.4,56.5,170.1,53.6,40.0,47.1,70.5,74.3,32.0,39.8,109.4,102.4,28.3,14.8,7.3,59.3,15.2
21.0,39.7,27.6,45.1,96.8,36.0,142.3,92.1,88.1,71.9,77.0,64.5,75.9,23.5,18.1,53.8,30.0,37.0,39.8,37.6,46.1,5.7,32.1,35.3,141.5,34.8,32.5,16.9,22.2,53.3,165.3,60.2,38.4,43.9,65.3,67.6,31.6,37.5,105.2,99.4,28.4,17.0,5.8,62.2,14.9
20.7,35.9,29.4,46.6,106.5,33.1,138.3,111.2,106.2,91.6,70.9,72.0,91.0,24.1,18.7,54.1,30.3,40.0,40.8,36.4,43.8,6.0,32.2,34.9,136.8,40.6,30.3,14.4,21.4,49.2,160.5,64.8,35.5,45.6,89.4,95.3,32.6,43.2,105.4,94.7,29.5,15.6,9.6,74.0,15.5
18.7,35.4,27.2,41.3,87.2,31.0,132.4,88.2,88.4,76.7,70.3,51.8,72.0,22.8,18.8,52.4,27.8,33.9,34.8,33.8,41.9,5.5,29.9,33.2,130.6,35.1,31.8,13.5,20.3,52.7,153.0,51.4,35.8,46.0,68.4,75.0,29.5,40.8,98.2,87.4,25.6,10.7,10.6,50.0,14.5
19.5,36.1,26.3,42.1,94.0,34.3,138.6,85.3,81.6,71.2,76.7,57.3,74.0,23.3,17.9,53.8,29.8,35.0,37.7,34.5,44.3,6.6,33.0,35.6,137.7,36.2,32.2,14.1,20.9,52.1,160.1,55.2,35.0,42.8,65.6,74.5,28.0,36.9,105.2,97.1,29.1,15.6,8.2,53.5,15.3
20.7,36.1,31.5,43.7,97.3,36.6,141.8,95.5,91.0,79.4,78.6,63.0,81.0,25.5,20.2,55.8,31.8,34.9,38.0,38.0,48.3,5.8,33.6,36.4,140.0,39.8,32.8,14.3,19.0,53.9,161.7,63.7,35.2,44.3,76.9,79.7,27.7,37.5,108.1,99.2,29.3,12.1,9.0,68.7,16.0
19.0,36.6,29.1,41.5,99.5,32.7,142.8,87.8,87.4,70.9,79.4,63.5,79.5,22.5,17.2,53.5,30.5,34.4,37.8,34.6,46.9,6.1,30.0,34.5,141.1,35.8,34.3,14.3,19.2,56.0,163.5,60.8,35.3,42.9,70.6,75.3,26.2,35.9,110.0,102.1,27.6,16.1,8.3,60.5,14.2
20.6,33.3,25.2,39.9,91.3,34.0,135.4,83.8,82.0,75.1,74.4,52.9,65.0,22.8,17.9,52.4,28.4,31.3,33.4,33.8,43.3,5.2,29.5,33.9,134.7,37.0,32.7,13.1,20.3,52.4,157.9,52.9,36.2,42.0,66.7,70.4,31.2,37.6,99.3,93.6,25.8,17.3,5.7,51.6,14.9
20.9,36.2,29.8,46.1,100.9,35.9,141.6,104.0,93.3,88.8,74.9,63.1,83.3,25.9,17.9,52.3,29.7,36.2,38.5,36.7,45.8,6.0,32.5,36.3,139.5,40.5,32.3,15.8,20.9,52.8,162.7,58.9,37.7,47.1,85.5,93.1,30.6,42.5,106.3,95.5,31.0,13.8,10.0,68.9,15.8
20.6,35.8,31.2,42.3,101.7,36.2,138.3,89.9,87.5,74.4,72.6,59.4,84.3,23.4,17.8,53.3,28.0,32.8,35.5,37.4,43.1,5.9,31.4,34.8,135.6,37.5,32.4,14.4,20.0,50.7,158.5,63.6,34.3,47.9,73.3,86.6,26.5,39.1,105.8,93.6,32.1,10.2,14.1,64.2,14.4
19.9,36.5,27.5,41.8,93.3,33.3,136.2,88.3,85.5,72.8,73.5,58.6,70.8,23.1,18.7,53.5,28.8,35.7,38.1,35.3,44.6,5.4,32.7,34.4,134.1,36.7,32.0,15.1,21.4,51.9,156.5,55.5,37.8,43.9,66.4,75.5,30.2,36.6,100.7,94.4,27.0,14.0,6.0,55.4,14.7
20.5,35.8,26.9,39.7,85.6,34.1,134.2,86.5,85.7,74.9,74.0,52.9,65.5,22.5,18.7,55.2,29.8,32.4,33.3,32.8,44.1,5.8,30.3,33.1,133.8,35.6,32.5,13.7,21.6,52.4,156.7,49.0,35.7,42.1,66.4,69.0,33.4,39.5,99.6,93.4,25.0,16.0,5.6,51.4,14.8
20.1,36.0,28.0,41.4,89.8,33.3,144.8,87.3,84.8,74.0,77.9,58.8,74.8,23.6,18.7,55.2,30.0,33.4,36.8,34.4,45.7,5.5,33.0,38.0,144.5,37.8,33.3,14.5,20.8,54.9,168.3,53.9,38.1,46.4,66.1,73.6,33.0,41.2,107.2,99.4,29.8,15.3,7.7,57.1,14.8
18.4,34.9,25.0,40.2,92.1,33.2,136.9,78.4,80.4,66.8,77.1,56.7,73.8,23.1,18.2,54.2,29.9,31.3,33.3,34.8,46.0,6.2,31.0,34.7,136.2,35.5,33.3,13.4,18.9,53.4,157.2,55.4,36.0,44.0,62.2,69.1,28.5,37.3,103.2,95.4,26.7,12.6,9.1,51.5,14.4
23.3,39.4,30.5,48.4,108.4,39.6,150.8,100.3,97.5,86.4,82.1,69.5,83.3,26.2,21.0,56.7,33.8,40.4,42.1,40.7,51.0,6.9,34.4,37.8,149.8,42.8,36.7,16.4,23.8,58.8,174.3,64.5,37.3,45.0,83.3,86.5,32.0,40.6,114.6,106.8,31.8,16.8,7.8,80.5,17.1
22.0,38.1,31.5,45.0,97.2,36.8,144.2,96.4,95.8,82.6,80.5,64.4,78.0,24.5,20.1,56.0,33.9,37.6,39.0,35.4,49.1,5.9,32.7,34.9,144.5,40.2,33.3,14.8,20.7,55.8,167.4,58.8,35.4,42.6,72.1,73.2,31.8,39.4,110.4,103.2,29.0,16.8,7.1,67.4,16.0
20.0,36.9,28.2,44.8,101.2,32.5,140.2,92.3,91.6,78.3,75.0,67.7,80.1,23.1,19.2,54.8,30.5,38.7,39.5,34.9,44.8,6.4,31.2,35.7,139.2,39.2,32.5,15.2,21.3,54.5,162.7,58.8,35.6,42.6,65.9,71.7,30.7,37.6,104.7,98.1,31.0,18.2,6.7,58.4,15.4
18.7,36.6,28.1,42.2,90.3,33.2,136.6,80.3,86.4,73.6,72.1,61.4,70.7,22.6,18.4,53.7,32.1,34.6,37.5,34.0,43.4,5.8,28.8,31.0,136.9,35.5,32.1,15.8,19.4,52.3,160.5,53.1,36.5,41.5,60.6,64.0,33.2,38.2,100.8,95.6,27.6,20.1,4.8,51.4,14.7
20.4,37.8,29.0,44.4,101.1,35.8,143.8,89.9,88.1,77.7,80.8,62.8,80.6,24.5,18.7,56.0,32.4,34.1,37.3,38.2,47.8,6.2,31.1,34.7,142.8,37.5,36.0,15.3,21.4,57.5,165.8,63.7,36.3,44.9,76.1,82.0,29.0,39.0,110.4,100.5,29.4,14.2,9.6,67.0,15.8
21.1,37.2,32.5,46.5,98.5,36.9,147.3,100.9,97.4,84.9,82.7,61.4,84.2,25.8,19.2,54.6,30.6,38.2,40.8,37.8,50.1,6.9,33.0,35.7,146.7,41.1,34.0,16.3,22.9,56.5,170.3,59.5,32.2,43.8,82.5,82.3,29.4,40.9,115.4,104.0,33.1,13.5,10.8,69.1,15.5
19.3,38.3,27.7,44.7,102.0,33.4,140.2,96.3,90.7,77.6,73.8,63.4,73.4,24.1,18.8,55.5,29.8,38.2,40.1,35.3,44.9,5.9,32.1,34.8,139.9,38.0,33.9,15.5,22.2,54.4,164.0,58.0,40.6,45.3,72.3,81.8,36.7,42.0,100.6,95.5,26.8,14.8,5.4,62.1,15.2
19.0,35.7,25.2,41.2,89.3,32.4,135.4,81.8,82.2,72.8,72.8,57.0,73.9,21.6,17.5,55.9,29.0,33.1,36.0,33.4,42.0,6.2,29.0,32.2,135.0,32.8,31.3,14.4,18.3,51.6,159.2,51.0,35.4,43.2,64.7,70.2,30.8,39.5,102.2,93.5,29.9,13.4,8.3,49.3,14.5
19.7,34.1,25.2,38.5,87.8,31.6,130.0,82.0,79.9,71.2,73.6,50.8,68.2,22.1,17.7,53.4,29.2,30.8,33.4,32.8,44.6,5.5,29.9,32.7,129.2,33.2,31.1,13.0,18.8,52.1,151.2,49.2,32.5,41.2,68.2,70.5,27.2,35.3,99.4,90.7,25.3,13.0,7.9,47.4,14.5
19.9,34.8,26.3,42.5,95.5,35.4,126.7,88.2,86.3,73.4,67.7,58.8,69.0,21.7,16.9,53.1,28.8,35.9,38.3,34.2,39.3,5.5,31.7,33.2,126.4,34.8,30.2,13.7,20.2,49.2,149.5,56.7,33.5,39.3,66.6,76.2,31.6,37.3,93.3,87.8,25.7,14.3,5.7,53.8,13.8
21.1,39.0,30.0,46.4,100.7,37.1,145.7,97.8,98.4,85.7,82.7,58.4,73.8,25.1,19.1,55.7,32.6,35.5,38.4,38.5,49.6,6.4,34.3,37.6,144.7,40.2,36.8,17.0,21.5,60.7,167.8,61.4,37.4,46.4,83.8,90.0,32.4,40.4,110.9,102.6,26.4,13.3,8.3,72.0,15.8
20.6,38.1,32.2,46.8,105.2,37.1,147.2,100.3,96.0,83.4,79.0,65.3,82.3,25.5,18.5,54.3,30.3,39.4,42.3,39.2,48.8,6.4,31.9,35.3,145.5,42.3,36.0,15.2,22.2,56.4,170.8,62.4,39.5,48.5,83.1,97.0,34.1,43.3,108.7,100.0,28.4,13.8,8.9,74.9,15.5
19.9,36.7,27.5,42.4,96.4,34.0,138.2,84.0,85.7,73.3,76.5,56.3,70.1,22.3,17.9,54.7,29.8,33.2,36.7,34.8,47.0,5.4,30.8,33.7,138.1,35.5,35.5,14.7,20.4,57.1,159.5,59.0,35.3,42.5,71.9,76.8,31.1,38.2,104.2,97.0,25.9,14.2,7.2,57.2,14.8
19.9,39.3,29.5,44.4,97.9,33.7,143.8,91.7,89.6,76.0,78.2,62.0,78.7,24.2,18.3,53.3,29.2,32.2,36.4,35.2,45.5,5.8,30.7,34.5,143.1,39.0,35.5,16.2,21.0,57.0,167.7,59.2,35.8,44.4,70.8,78.9,30.8,40.3,108.8,100.3,31.8,17.7,9.1,62.3,15.5
19.7,33.8,26.4,40.0,96.0,33.4,132.2,87.2,82.9,70.0,72.1,59.3,74.0,22.5,17.6,59.2,28.8,34.5,38.3,35.1,43.5,6.3,28.8,31.4,131.2,35.3,31.5,14.5,19.7,49.7,155.9,54.5,33.5,40.9,68.1,77.0,31.5,38.6,100.3,93.4,27.3,15.5,7.5,54.2,14.6
19.6,34.6,28.3,41.3,96.9,34.9,133.6,87.8,84.5,72.2,73.5,63.3,76.6,23.0,17.8,52.8,29.7,28.5,32.5,34.2,42.6,5.4,29.2,33.6,134.0,37.2,32.2,13.9,18.2,52.5,157.2,58.8,33.5,40.0,69.0,69.9,29.1,36.1,101.2,94.4,28.7,17.0,6.4,56.7,14.8
19.2,35.7,26.1,42.1,90.7,32.4,140.3,82.8,82.3,71.1,77.2,58.7,75.2,23.3,17.6,53.7,29.8,33.2,35.4,34.4,45.0,6.5,30.4,34.3,140.6,35.4,34.9,14.8,20.5,57.1,162.7,54.9,35.8,43.8,71.3,75.3,31.5,40.2,104.7,97.7,27.9,14.4,8.0,55.3,14.6
21.4,37.9,26.7,43.2,95.0,35.4,152.5,88.9,86.4,76.3,84.0,58.8,73.4,23.6,19.3,54.8,31.3,33.6,37.0,36.5,47.7,6.2,31.0,34.4,151.6,37.5,37.2,15.0,21.9,59.5,177.0,54.3,39.5,47.0,67.4,74.0,35.7,43.6,114.3,106.6,29.8,15.7,7.5,62.3,15.4
21.0,36.2,29.4,45.1,97.2,37.1,142.4,98.1,94.4,82.5,75.5,62.9,80.3,25.6,18.6,53.8,29.8,39.5,42.3,37.0,45.1,6.0,32.5,36.5,140.8,40.9,33.0,14.7,23.4,53.5,164.5,58.4,37.4,45.7,80.9,85.8,32.4,41.5,107.2,97.1,30.5,16.1,9.5,67.6,15.7
20.1,37.1,26.3,42.9,93.4,33.3,147.6,91.3,87.1,76.2,85.7,56.5,71.7,24.2,20.3,57.0,31.5,33.0,37.4,36.0,49.3,5.0,30.8,35.2,146.8,38.3,37.8,15.8,20.3,60.8,170.3,55.7,35.5,43.5,71.4,77.0,29.4,37.4,112.8,105.6,25.8,12.2,7.6,62.3,15.7
19.3,37.8,26.3,41.2,86.7,34.3,135.5,82.2,84.4,69.4,75.2,52.4,68.3,22.2,17.8,53.7,29.5,33.8,38.1,33.7,45.7,5.8,29.5,32.3,134.6,32.9,33.0,16.3,20.6,52.6,157.8,53.7,35.3,44.1,62.1,71.9,31.4,39.5,102.0,94.3,26.6,12.7,8.3,49.6,14.8
20.2,33.8,27.9,42.6,93.7,35.9,130.7,104.6,94.2,84.5,71.4,56.5,69.7,23.8,17.7,54.1,28.8,38.5,38.0,35.0,43.8,5.8,30.8,31.9,129.2,36.8,31.2,12.7,20.7,50.5,151.4,56.8,37.2,43.4,79.1,91.2,32.5,39.4,95.8,89.0,22.2,11.6,6.6,60.4,15.0
18.8,38.9,29.0,49.5,103.7,31.5,144.7,106.0,102.1,90.5,76.8,62.0,88.2,24.7,18.8,55.9,29.3,39.8,39.9,35.2,46.5,5.9,35.8,37.7,144.1,44.2,36.0,14.6,22.5,58.4,167.7,60.5,36.4,50.0,91.9,99.5,31.1,44.2,109.8,97.0,31.6,13.9,13.4,74.7,15.3
20.4,35.4,25.8,42.1,93.6,35.2,138.1,87.0,83.9,75.8,74.8,58.5,69.0,23.3,18.5,55.5,30.2,33.4,34.8,35.0,43.9,5.9,31.4,34.4,137.6,35.8,33.6,13.4,21.2,55.6,160.3,55.1,39.3,44.8,67.4,74.2,34.8,40.4,100.1,94.4,22.8,13.1,5.0,55.4,14.9
20.6,34.6,25.0,40.3,89.6,34.7,139.8,87.1,84.6,73.1,74.6,62.1,75.5,21.6,17.8,53.7,27.8,34.4,35.2,33.9,44.5,5.6,29.7,33.2,138.6,33.0,32.5,13.0,19.6,53.5,163.6,52.2,36.9,43.8,64.1,68.2,31.8,38.7,104.2,98.4,28.6,14.8,7.0,52.4,14.7
21.2,36.4,28.0,44.2,100.6,36.9,143.1,93.1,91.1,79.7,77.8,65.7,81.0,24.2,18.6,55.7,30.4,36.5,38.5,37.0,46.6,6.6,33.7,36.8,142.5,38.8,33.7,14.8,21.9,53.5,164.4,57.1,35.8,43.4,76.7,79.1,28.5,36.6,109.3,101.8,30.8,17.3,7.4,66.4,15.3
19.9,35.6,26.5,42.0,97.7,32.9,144.5,84.5,85.2,73.8,80.9,58.5,75.9,23.3,17.7,54.9,29.8,33.8,35.6,34.7,47.8,7.5,29.9,33.4,143.7,36.8,34.9,14.0,20.1,56.0,168.0,60.3,36.6,45.2,68.8,81.5,32.2,41.3,109.2,100.3,28.6,15.1,8.4,58.8,14.7
20.2,36.1,26.9,44.8,95.6,35.6,141.3,97.3,92.8,83.3,79.3,61.2,73.7,24.0,18.5,55.0,30.3,38.9,40.2,36.9,45.5,6.3,33.4,37.0,139.7,36.3,34.5,13.6,22.4,54.8,162.0,56.6,35.3,42.6,77.6,82.3,31.5,38.2,106.0,99.9,26.5,12.2,6.9,62.8,15.2
20.7,36.2,26.5,42.6,97.2,36.0,135.4,94.2,84.3,78.5,73.7,60.1,73.0,23.3,17.8,56.6,31.1,32.0,35.3,37.8,43.4,5.9,31.6,34.5,135.0,34.8,31.7,15.7,19.7,51.2,157.9,57.7,34.7,41.8,74.2,76.2,28.4,36.3,101.6,93.8,27.8,14.5,6.9,59.8,14.8
24.0,37.0,28.7,44.0,102.4,40.5,148.2,89.1,86.9,76.8,79.8,64.9,82.5,25.2,20.5,57.3,31.8,36.7,40.1,40.1,47.6,7.2,32.9,36.0,147.3,38.4,33.9,15.9,20.9,54.4,173.4,62.6,38.4,47.2,75.4,80.7,32.7,41.8,111.8,102.7,32.3,14.1,8.9,73.1,16.5
20.2,34.6,27.1,41.2,94.0,36.1,133.7,83.1,83.7,69.7,77.0,56.8,72.0,23.1,17.6,52.2,29.6,33.8,35.4,36.2,45.0,6.1,29.5,31.5,131.9,33.8,32.2,13.8,19.8,53.4,154.5,57.5,33.0,41.1,66.9,73.7,28.4,37.5,102.6,94.5,26.9,11.6,8.6,55.4,14.5
20.6,33.2,28.0,41.1,92.0,33.4,144.5,91.1,89.3,76.6,81.7,59.7,72.7,24.2,19.0,52.4,31.5,37.2,38.3,36.5,48.5,5.7,32.3,35.7,143.8,36.6,34.7,15.1,21.2,58.3,166.5,54.7,38.8,45.1,72.5,72.1,30.0,37.3,109.0,100.8,27.0,15.2,7.2,60.8,15.5
20.6,35.7,29.5,45.3,100.2,36.5,135.7,91.4,89.7,79.7,72.0,60.9,83.5,23.9,18.2,55.3,28.0,38.3,39.6,37.8,42.4,6.0,31.8,35.1,134.5,37.4,32.3,14.6,20.9,53.1,156.7,58.7,33.8,45.7,80.1,88.1,27.0,39.5,103.5,91.5,32.4,14.0,13.0,64.4,14.2
19.6,37.0,30.0,43.9,95.1,35.4,139.0,91.1,88.3,77.1,75.0,63.4,74.9,25.0,18.5,56.1,29.0,33.9,35.8,36.3,44.6,5.4,31.9,34.9,137.5,38.4,32.7,14.2,19.4,52.3,161.2,59.0,38.7,44.5,70.4,73.9,30.4,36.7,102.5,96.6,27.7,15.5,5.7,60.9,15.7
19.5,36.2,26.0,42.9,95.5,33.2,131.0,83.8,84.6,71.6,73.3,56.1,76.7,22.2,18.3,52.4,29.9,33.5,36.4,36.5,43.8,5.7,30.0,32.9,129.3,34.2,30.8,14.2,20.5,51.5,151.3,60.0,32.4,43.2,70.0,83.9,24.2,36.1,101.0,91.1,27.8,9.1,12.6,54.3,15.5
21.0,37.7,29.5,46.1,102.7,37.5,143.2,96.3,92.4,79.1,79.5,60.3,75.4,24.2,18.8,56.4,31.0,37.5,39.8,38.2,49.3,6.1,31.9,35.8,142.7,38.2,35.3,15.1,22.9,56.8,165.7,63.2,36.6,44.3,73.8,78.6,31.4,39.4,107.0,100.0,28.2,15.3,8.0,70.0,15.3
19.0,36.4,26.8,42.6,93.1,32.2,134.5,91.9,88.6,79.8,71.9,62.5,76.3,23.1,17.9,55.6,29.3,32.6,34.8,34.8,43.6,6.3,32.1,35.0,134.2,37.7,32.6,14.2,20.9,52.7,157.8,56.2,35.7,42.0,71.3,74.9,30.8,38.2,100.2,93.5,26.9,16.0,6.6,56.3,14.9
20.1,36.6,24.7,41.4,90.2,34.0,142.5,87.3,88.4,71.4,79.7,60.2,70.4,22.4,18.9,56.1,30.8,36.8,38.8,34.1,47.9,5.9,31.4,34.3,141.8,33.7,34.4,15.3,21.5,56.0,165.7,54.5,36.6,41.9,65.0,66.3,32.2,37.6,107.4,102.3,27.9,17.7,5.5,54.6,15.0
19.3,36.1,27.5,41.9,95.1,34.8,128.3,97.6,88.2,76.2,68.7,60.5,72.7,22.2,18.3,52.6,29.9,36.5,38.5,35.1,42.7,5.7,31.0,33.8,127.6,36.3,30.2,15.5,20.2,50.7,149.2,58.7,32.6,39.0,74.0,80.5,27.0,34.3,97.7,91.2,26.0,15.1,6.7,57.4,14.3
24.7,39.7,33.7,51.9,112.7,45.6,147.9,114.6,107.5,94.7,82.9,63.5,85.5,28.9,19.6,58.1,34.6,38.3,41.0,44.4,48.7,6.9,34.1,37.0,148.4,42.5,35.7,16.2,23.1,60.0,171.1,72.4,38.1,49.5,91.5,103.4,34.0,45.3,112.9,101.8,29.5,11.7,9.9,95.7,16.6
19.8,35.0,25.5,39.6,90.9,34.3,137.3,84.2,80.4,74.4,74.4,54.2,65.9,22.8,17.7,53.3,28.2,28.7,32.7,34.3,45.8,6.1,31.3,35.0,134.5,35.3,32.5,13.4,18.5,52.1,156.5,56.2,41.6,47.3,69.6,80.2,33.7,39.6,98.3,93.1,24.6,12.0,6.1,53.7,14.5
18.5,34.9,29.8,42.2,89.5,34.0,130.8,87.2,87.8,73.4,72.8,57.9,71.2,23.4,18.2,55.5,28.7,37.2,37.8,34.4,42.6,5.8,30.0,32.3,129.8,33.9,31.0,13.5,20.5,51.6,152.5,56.3,32.6,39.3,68.0,73.6,28.0,35.4,98.7,91.7,25.3,12.3,6.5,54.4,14.6
21.3,36.9,28.5,44.4,97.4,36.6,150.8,90.0,84.5,74.1,85.2,60.4,78.0,24.9,18.4,53.9,31.3,32.2,34.4,37.4,50.2,6.1,30.5,34.0,149.1,36.0,35.8,15.0,18.8,59.1,173.8,59.4,36.2,45.5,72.0,80.4,30.8,40.6,115.0,106.0,28.7,15.0,8.7,67.1,15.2
20.1,38.4,28.8,46.6,100.1,35.3,150.2,101.8,98.1,83.8,83.0,55.5,83.8,25.3,20.0,55.4,32.3,36.0,39.8,37.6,50.5,7.3,33.8,37.8,148.0,40.9,35.9,15.9,22.7,58.2,171.8,59.7,37.6,51.8,83.2,98.0,32.6,47.4,113.0,99.2,29.9,9.2,14.4,71.2,15.9
21.6,35.4,27.6,42.2,92.7,37.2,137.1,87.9,85.8,76.0,70.2,67.0,76.9,23.4,18.3,55.8,29.9,35.0,37.9,34.6,41.7,5.7,33.3,36.3,136.0,38.8,31.5,14.0,22.7,49.2,160.2,55.7,37.9,42.5,69.8,71.5,33.3,38.3,100.3,95.5,29.3,21.2,4.5,59.6,15.3
20.4,35.7,27.0,42.0,100.2,35.7,143.3,90.5,88.1,72.1,76.9,64.4,82.8,23.5,18.3,55.4,30.9,37.1,38.3,37.5,45.2,6.5,33.0,36.0,143.1,35.3,30.6,13.6,21.1,50.1,166.7,61.5,36.2,45.1,70.6,81.3,31.5,40.8,108.1,99.7,31.9,15.7,9.1,64.7,14.7
21.3,34.1,25.9,41.1,95.6,36.9,134.5,88.2,84.4,75.2,72.4,58.5,77.0,22.2,18.4,55.4,29.6,30.1,32.5,36.0,42.3,5.6,30.8,33.5,133.2,36.7,33.4,13.5,18.5,52.7,156.0,58.1,34.6,43.8,70.7,76.2,29.3,38.9,101.2,92.2,27.8,14.7,9.0,58.0,14.8
21.3,35.4,29.5,44.7,100.8,37.8,138.6,94.2,91.9,80.6,74.5,64.3,79.4,26.2,18.3,52.0,29.6,33.9,34.3,37.6,45.7,6.2,29.9,32.5,137.2,39.1,32.0,11.9,20.5,52.8,159.8,62.7,36.4,43.8,73.3,81.0,30.4,38.7,104.6,96.3,28.6,17.4,8.4,65.3,14.9
19.1,36.5,25.2,42.4,90.8,35.6,145.8,95.0,88.0,72.6,79.5,64.5,77.3,23.6,17.7,55.1,30.2,33.8,36.2,33.8,47.0,6.1,30.7,35.6,144.7,34.1,35.5,14.5,20.9,57.6,168.4,54.6,38.0,44.2,65.3,67.7,29.8,37.0,109.2,103.2,29.0,17.4,6.0,59.4,14.7
20.2,33.1,28.9,38.5,89.9,33.6,132.3,88.0,85.5,73.8,75.0,58.5,69.4,23.4,18.4,53.5,30.6,31.3,33.6,34.4,43.7,5.3,31.0,34.5,133.0,36.2,31.9,14.5,19.5,53.0,155.7,55.6,34.5,40.0,62.5,64.9,30.4,35.0,99.1,94.4,24.0,14.1,4.6,53.4,14.4
20.5,38.9,27.2,43.6,89.7,35.5,142.5,86.0,87.0,73.5,82.5,57.5,72.4,23.2,19.0,55.7,31.1,35.5,40.1,36.2,47.9,6.3,31.3,34.8,142.6,33.5,33.2,17.3,20.6,55.6,165.6,55.8,36.2,43.5,67.4,73.5,30.9,38.9,107.5,99.7,25.9,11.4,8.0,58.3,15.0
19.3,36.4,25.4,40.6,84.8,34.2,131.9,83.0,81.2,67.0,72.0,55.1,68.4,21.8,18.1,54.5,28.6,31.4,33.8,34.9,43.2,5.3,28.9,33.4,130.7,33.3,29.7,14.5,19.4,49.3,152.1,53.7,33.0,41.2,61.4,66.3,29.4,36.9,98.8,92.2,26.3,11.5,8.5,48.7,14.0
18.4,36.4,29.0,44.4,89.5,29.8,130.5,96.1,92.1,79.7,67.8,56.8,75.2,22.3,17.2,51.9,27.9,37.8,39.9,32.1,39.7,5.6,31.1,33.5,129.2,37.1,29.4,15.5,20.9,48.5,150.7,53.8,35.0,44.0,78.5,85.2,31.3,41.8,96.1,86.8,27.4,13.9,9.0,54.8,14.0
18.2,32.2,24.7,40.1,88.1,31.1,127.3,83.2,82.0,71.6,69.0,56.5,72.1,21.1,15.8,52.3,26.2,32.8,34.3,33.2,41.3,5.2,29.2,31.4,126.4,33.3,29.1,12.0,20.4,47.1,147.3,53.8,31.7,39.9,64.4,72.4,27.6,36.0,96.6,88.5,27.5,12.9,8.6,46.5,13.0
20.6,38.1,26.7,44.6,94.9,35.8,142.9,91.8,89.1,74.2,77.7,61.4,73.0,23.8,18.2,53.3,29.4,33.9,36.4,34.3,45.7,6.2,30.3,34.7,141.3,36.5,33.1,16.2,22.2,53.8,165.1,54.7,37.2,42.9,70.7,75.4,33.5,39.5,106.0,100.0,28.0,16.6,5.9,61.1,15.1
22.9,37.0,31.2,44.2,107.4,39.8,146.0,100.2,99.4,81.7,81.2,64.9,82.7,26.3,20.4,54.8,32.9,36.2,37.5,40.1,48.7,5.7,32.5,35.3,144.6,40.8,36.0,14.4,21.6,58.9,168.5,63.6,36.1,44.9,81.0,87.8,31.6,41.1,111.7,103.0,30.0,16.6,8.3,77.5,16.9
19.8,34.8,28.3,42.2,91.8,34.1,137.6,92.1,88.5,77.4,76.6,58.1,69.8,22.5,18.5,51.8,29.9,34.0,35.2,34.0,44.7,6.7,29.8,33.8,136.7,37.0,32.6,14.8,19.8,52.5,158.6,57.2,37.0,42.7,72.0,76.6,31.3,38.3,102.7,96.5,23.6,15.0,6.4,56.9,14.8
20.4,38.1,28.4,45.8,97.8,35.4,140.0,94.4,91.9,82.5,72.5,62.7,76.8,24.4,18.5,55.0,28.3,34.5,36.6,34.7,42.3,6.3,31.7,34.6,139.1,36.4,31.5,15.8,22.1,49.1,162.5,60.2,39.4,46.0,71.8,77.3,33.4,40.6,102.7,96.0,28.9,17.3,6.7,61.5,15.3
18.9,38.5,30.2,47.0,102.9,32.4,153.8,101.9,94.2,81.5,88.0,60.7,86.2,24.5,19.5,56.5,31.3,40.8,43.1,36.3,51.0,5.6,33.5,37.0,152.4,40.3,36.6,15.8,23.2,60.7,176.3,60.8,37.7,51.4,82.3,96.5,30.3,43.4,118.7,106.0,29.9,11.6,12.7,73.7,15.7
18.5,34.2,30.2,43.4,101.9,33.7,134.8,96.9,90.5,81.2,71.6,58.2,74.6,24.1,17.8,54.5,27.9,34.0,36.2,34.4,42.9,6.5,32.1,35.0,133.4,36.6,29.6,14.5,20.2,49.6,157.4,61.4,38.2,47.0,84.4,98.5,32.5,41.9,100.0,91.3,25.8,12.9,9.4,65.6,14.1
23.4,38.8,27.2,44.1,103.8,36.9,141.6,91.2,90.4,80.2,72.7,71.9,84.2,24.4,19.2,54.1,30.7,35.0,38.5,36.5,43.3,5.7,31.9,34.0,142.2,37.3,33.8,17.1,20.7,54.9,165.5,60.0,36.8,42.2,72.5,74.8,32.8,38.6,105.5,99.9,31.0,21.4,4.9,64.6,15.9
18.5,36.6,27.5,43.3,98.0,32.8,137.5,86.8,89.2,72.0,76.5,61.1,78.7,23.5,17.5,53.0,30.0,37.0,39.2,34.3,45.5,5.5,30.6,33.9,136.2,34.2,33.2,14.8,20.6,55.4,158.5,58.7,33.0,42.3,69.3,76.0,27.3,36.6,105.5,97.5,26.3,14.5,8.5,56.3,14.0
19.8,35.3,31.8,43.0,98.7,35.8,144.2,90.6,87.8,77.1,78.7,62.8,82.4,24.7,18.4,53.8,30.5,34.1,37.4,37.2,46.1,5.8,30.1,34.2,142.5,38.4,33.5,14.6,19.5,54.7,167.4,59.9,36.0,46.1,74.8,86.1,29.7,40.4,110.5,100.4,30.4,12.1,9.7,66.3,15.3
21.0,39.5,29.5,46.5,102.0,35.9,149.1,95.3,91.5,82.5,80.2,65.0,83.2,25.1,19.2,55.8,31.6,37.5,40.4,39.8,47.6,5.8,33.1,36.1,147.4,39.2,34.8,15.7,23.7,57.9,170.3,61.0,37.9,47.8,79.4,85.4,30.8,41.1,112.1,102.4,31.0,19.1,9.8,70.8,15.8
21.9,38.5,28.8,45.0,93.9,38.6,144.2,94.0,89.3,78.4,80.8,59.9,71.4,24.2,18.1,55.6,30.8,36.8,40.7,36.2,47.5,6.2,32.2,35.5,143.2,37.5,35.4,17.0,21.9,56.8,165.6,56.9,36.1,42.4,71.1,72.5,31.4,38.3,109.1,102.5,26.9,15.3,6.1,64.4,15.0
18.9,34.5,29.0,40.8,88.2,35.0,133.2,83.5,85.4,73.2,74.9,56.9,63.9,23.3,18.0,56.8,28.7,33.2,34.3,32.6,43.3,5.6,31.2,34.7,133.1,35.3,31.1,14.2,19.9,52.6,155.7,56.0,36.8,40.0,64.9,68.4,31.7,35.0,97.4,94.4,22.5,12.4,3.7,53.9,14.5
21.0,36.5,27.5,41.4,92.2,35.5,134.2,81.7,83.2,72.4,72.6,56.1,75.1,23.7,18.3,53.6,30.1,30.6,33.8,36.5,42.0,5.7,30.3,33.7,133.8,36.9,31.4,15.1,19.5,51.0,156.8,55.2,34.3,43.5,68.2,75.8,30.0,40.8,101.7,91.5,29.7,14.9,11.2,55.0,15.2
21.0,37.1,28.6,43.6,93.0,35.5,137.5,91.0,89.0,73.9,76.5,60.0,71.6,22.9,18.0,54.2,28.2,38.6,41.8,34.2,45.9,6.3,29.0,32.4,136.6,34.5,32.2,16.4,22.1,51.7,159.2,56.4,33.5,40.1,66.2,67.8,28.7,35.5,104.5,98.0,27.9,17.5,6.5,56.7,14.6
19.6,36.4,28.2,44.1,87.7,35.2,137.0,86.3,85.6,70.3,75.0,57.0,71.4,23.3,17.5,52.5,29.0,36.5,38.4,34.0,45.6,6.5,30.8,32.7,135.8,37.4,31.4,14.7,22.1,51.5,157.7,55.5,35.8,42.5,65.6,70.6,30.9,38.8,102.7,94.9,27.7,15.4,6.7,53.9,14.3
20.3,34.3,25.7,39.1,88.8,34.4,134.1,86.4,81.8,68.5,75.7,56.1,66.3,23.2,18.8,54.6,31.3,30.5,32.5,33.7,44.4,5.4,30.6,34.8,133.0,35.0,33.7,13.4,18.8,56.1,154.8,51.2,34.2,39.6,64.3,67.0,28.3,33.2,101.3,96.0,25.2,15.2,5.8,52.0,14.9
20.7,37.4,27.8,44.1,97.9,36.0,151.5,91.9,90.9,77.2,83.2,65.5,78.9,24.2,19.0,57.0,31.0,38.0,39.7,36.4,49.9,6.6,31.4,35.7,150.8,37.3,36.3,16.2,21.9,57.2,175.1,59.4,38.4,45.6,70.8,74.3,32.5,39.4,114.4,108.0,30.3,19.2,6.6,65.9,15.5
22.0,37.6,31.5,45.1,102.0,40.1,139.0,94.6,89.3,80.3,75.1,63.2,76.0,25.5,18.8,55.7,31.7,34.5,38.3,40.2,45.0,6.4,32.3,35.2,138.4,38.4,32.5,15.7,21.2,51.8,162.8,64.3,35.8,43.4,77.6,83.2,32.8,40.7,104.5,96.6,29.2,15.0,8.0,71.2,15.8
20.7,33.2,30.1,44.4,99.2,35.8,129.8,98.6,94.8,88.5,69.9,64.4,77.7,23.3,17.8,51.0,30.2,38.3,38.3,33.8,43.6,5.6,34.7,37.5,129.6,39.8,29.2,12.1,20.2,47.3,149.6,56.8,32.2,39.8,88.8,88.9,30.0,38.0,98.3,90.1,27.1,10.5,7.3,61.9,15.2
19.4,35.4,27.3,39.5,93.5,34.4,137.3,82.5,81.2,66.8,78.5,53.9,67.7,22.7,18.3,50.4,30.4,30.0,31.9,33.0,46.5,5.8,28.2,31.5,137.3,32.8,33.5,14.8,17.9,54.4,159.5,53.7,33.9,40.9,64.6,70.2,28.9,36.8,104.6,97.6,26.0,14.7,7.5,51.6,14.1
20.4,36.3,29.3,44.2,99.5,35.7,138.4,98.7,90.1,82.3,74.6,61.7,65.0,24.1,17.9,55.3,29.4,36.5,39.1,34.1,43.8,6.4,31.4,34.2,138.1,38.0,32.8,14.5,21.2,51.8,160.6,57.3,40.1,42.1,77.9,81.3,36.9,38.3,98.7,97.1,23.1,15.1,2.0,63.7,15.0
20.4,36.5,25.5,42.5,88.0,33.4,148.2,86.4,87.4,75.5,82.0,58.5,73.8,23.7,19.3,55.4,31.5,36.5,37.0,34.9,49.4,6.0,31.8,34.6,147.1,38.4,35.5,14.2,20.8,58.6,172.0,53.1,37.0,44.9,68.4,69.2,33.0,40.7,110.3,103.2,28.7,15.0,7.8,58.3,15.7
20.4,38.4,28.7,44.7,104.3,37.0,147.4,94.8,90.5,77.1,77.8,68.8,80.2,23.8,18.8,55.1,30.1,33.4,36.1,38.1,47.2,6.2,33.0,36.4,146.2,40.0,36.7,16.2,21.7,58.5,169.6,62.7,41.0,46.5,73.0,78.2,32.3,38.2,109.0,103.5,29.2,18.5,6.3,70.5,15.8
19.9,37.3,25.8,43.5,99.9,35.8,143.8,91.5,87.6,73.5,79.7,62.1,75.4,23.0,18.4,54.7,30.5,36.0,37.9,34.8,46.8,5.5,31.2,35.0,143.7,37.4,35.0,15.0,21.2,57.8,166.2,58.1,37.2,44.3,70.8,79.3,32.3,39.2,108.2,101.5,26.7,14.0,7.1,63.4,15.2
21.0,38.5,29.0,47.6,99.0,37.4,152.6,94.1,93.6,81.2,85.5,64.0,77.1,24.0,19.6,53.7,31.1,34.5,38.4,38.4,50.6,7.0,31.7,36.0,152.4,42.1,37.2,15.7,23.1,59.6,177.7,58.0,40.0,46.8,71.9,85.0,34.6,41.8,114.0,108.1,28.0,15.4,7.4,69.1,15.8
18.0,33.2,26.1,39.5,86.4,31.0,130.1,84.2,83.3,71.6,69.5,57.3,71.1,22.7,17.8,52.7,28.0,36.8,36.4,31.7,41.1,5.8,30.1,33.2,129.4,35.8,30.9,13.3,20.2,50.6,152.0,51.2,34.2,40.8,64.8,65.5,27.4,34.6,97.5,90.9,27.7,16.6,6.3,46.6,13.5
18.8,35.8,28.5,44.0,95.2,33.1,134.0,96.1,91.5,84.8,69.9,61.0,75.8,23.8,18.8,53.7,28.9,33.8,35.0,33.6,42.1,5.3,31.4,34.5,133.7,36.0,30.8,13.8,21.3,50.1,157.0,53.6,37.3,44.8,80.6,85.7,33.4,40.8,98.1,90.8,25.0,13.9,7.1,59.1,14.7
21.4,37.2,30.7,43.2,99.0,35.3,144.3,88.9,85.5,75.2,83.6,58.8,74.2,26.0,18.2,53.3,31.7,31.5,34.3,36.4,48.6,6.1,31.0,34.5,143.9,36.6,35.0,14.6,19.6,58.3,165.5,60.6,35.9,43.9,70.4,76.1,28.4,35.6,110.2,103.3,26.5,14.6,7.1,64.9,15.5
20.0,36.0,26.2,41.5,92.5,32.8,138.4,91.5,87.0,75.7,75.6,59.7,72.4,23.7,19.3,55.2,30.3,33.0,35.6,33.7,43.6,6.2,29.9,33.8,138.2,36.5,34.4,15.2,18.8,55.2,161.0,53.1,38.6,45.0,71.9,79.9,33.3,39.6,102.5,96.2,25.4,13.8,7.1,56.9,15.5
20.1,35.8,26.2,41.5,93.0,34.7,135.3,87.4,84.2,71.5,75.5,57.1,70.1,22.9,18.3,54.6,30.4,33.0,36.1,34.0,44.1,6.0,29.8,32.4,134.2,34.5,32.0,15.2,20.1,50.7,157.9,55.6,35.0,41.1,63.7,69.4,29.9,37.3,100.8,94.2,25.0,14.2,6.7,54.8,14.6
21.4,37.8,28.7,45.2,96.3,35.7,139.4,90.8,90.5,76.8,76.6,56.0,77.3,24.0,20.2,54.6,31.6,36.8,39.0,34.9,44.8,5.8,31.6,35.0,139.2,38.3,33.5,15.1,21.3,54.6,163.3,59.3,33.7,44.1,74.7,78.6,28.5,39.9,106.7,96.5,30.0,14.6,9.9,61.6,16.5
19.3,34.5,27.0,40.4,95.0,32.3,138.6,82.0,81.9,68.8,79.2,59.1,71.3,23.0,18.8,52.7,31.1,31.8,34.1,35.5,44.6,6.4,29.5,34.2,138.5,35.0,34.1,13.6,22.2,55.7,160.5,54.6,34.8,41.2,67.3,71.9,29.7,36.1,104.4,97.8,26.3,13.7,6.7,54.3,15.3
19.0,36.7,25.5,41.7,93.1,31.4,144.9,88.1,85.5,77.5,81.3,55.5,69.4,22.2,17.4,54.5,28.8,30.0,34.1,34.1,46.5,6.3,28.5,33.1,143.1,36.2,34.1,14.4,19.8,55.2,167.7,51.7,39.5,47.0,67.1,78.5,34.0,41.9,106.7,98.8,26.2,13.1,8.1,54.3,14.8
18.2,32.5,25.2,37.5,90.3,30.3,140.8,76.2,75.5,71.0,76.0,57.4,66.6,22.4,18.0,55.5,27.6,26.6,28.4,33.1,45.3,5.3,29.5,32.5,139.5,32.9,33.3,12.3,19.8,54.0,162.8,54.0,40.0,44.3,62.2,67.2,36.0,40.8,101.8,95.7,26.6,16.2,5.2,49.6,14.2
20.9,36.7,33.0,46.0,97.1,36.3,135.3,95.8,95.4,83.5,75.0,58.0,76.2,27.2,19.7,54.0,31.0,37.9,39.9,38.3,45.1,6.2,31.0,34.8,134.2,40.0,33.3,14.4,21.5,53.7,156.4,59.8,33.9,42.4,79.9,85.5,30.1,39.4,102.4,94.4,26.0,11.8,8.3,65.9,16.0
19.0,35.6,26.0,40.5,81.6,31.0,140.2,81.8,82.4,68.2,81.9,50.2,62.8,22.5,19.5,52.3,31.0,31.5,35.3,31.1,47.3,5.3,30.3,35.9,138.7,32.8,32.5,15.0,18.9,54.4,160.6,47.1,34.5,40.5,66.2,67.2,28.3,34.5,106.3,100.6,24.7,12.9,6.2,46.6,14.7
20.0,31.7,25.9,39.4,96.1,32.3,132.3,90.1,85.8,72.1,68.5,60.7,76.7,22.1,18.0,53.6,28.3,33.3,34.5,33.5,41.6,6.0,30.7,34.1,131.0,37.0,32.0,13.2,19.3,51.4,153.7,56.2,37.4,44.6,69.5,75.9,30.5,39.4,96.8,89.5,26.5,17.4,7.0,53.0,14.7
21.7,39.2,28.0,44.5,96.6,37.5,137.9,87.2,91.4,78.2,75.4,64.2,73.4,23.8,19.1,52.2,28.5,37.5,40.2,35.1,45.7,6.7,32.2,35.0,137.1,36.3,30.5,17.3,22.6,50.2,159.3,54.2,36.3,40.6,75.8,79.9,31.5,36.1,102.4,98.0,26.3,15.0,4.0,60.5,15.3
20.1,38.2,30.7,45.6,101.1,34.9,143.6,97.0,94.1,81.8,79.6,65.8,79.7,23.9,19.4,54.5,31.3,37.0,39.0,37.4,46.1,5.5,32.2,36.3,142.8,40.2,34.0,16.0,20.2,57.5,164.6,61.1,37.0,44.0,79.7,85.8,31.3,39.0,109.3,101.0,28.8,14.6,8.2,71.0,15.4
20.3,35.1,28.1,42.2,99.4,35.8,138.0,91.1,87.5,75.4,77.6,59.3,78.0,24.2,19.3,53.4,30.2,34.5,37.2,35.7,47.1,5.2,31.0,33.6,137.5,38.9,33.0,14.1,20.8,54.8,160.1,60.0,32.4,41.5,72.2,77.9,27.2,36.4,106.5,97.3,29.0,13.5,9.2,62.5,15.0
19.8,35.1,26.8,42.0,93.8,35.1,139.4,86.4,86.1,75.4,75.2,56.1,65.6,23.2,17.3,52.3,28.2,31.5,33.6,36.0,42.3,6.5,30.2,33.1,137.0,33.9,32.0,14.4,19.2,51.0,160.3,57.8,41.2,45.7,68.8,76.2,34.9,39.7,99.1,94.2,25.5,12.9,5.0,56.0,14.5
20.8,37.4,26.0,43.0,97.4,34.5,148.7,85.3,86.2,75.2,81.8,62.3,76.5,23.6,19.2,52.4,30.6,36.8,38.4,36.8,47.0,6.8,31.6,34.0,147.0,37.0,35.3,14.3,21.3,56.6,171.0,56.9,38.8,45.8,67.6,71.9,32.8,39.8,110.8,104.6,30.8,18.0,7.2,60.5,15.2
21.6,39.3,27.3,44.4,97.2,35.1,145.1,88.4,92.2,78.0,80.2,66.1,76.7,23.5,19.5,56.5,31.8,37.6,40.6,37.3,48.3,6.2,31.4,35.6,143.8,35.7,33.3,16.4,21.5,53.9,167.0,58.8,38.0,43.7,67.1,69.8,31.1,36.7,108.2,102.0,28.7,17.7,6.2,63.4,15.4
19.1,36.6,28.8,44.1,91.2,34.3,141.7,95.1,90.7,84.7,80.9,62.6,80.0,23.8,19.0,56.6,30.1,36.2,38.2,35.2,48.7,6.0,32.5,34.9,141.2,37.5,33.6,13.9,21.9,55.4,162.8,56.6,33.8,42.3,82.6,79.7,27.6,37.0,110.2,101.3,28.2,12.5,8.9,61.9,14.8
18.7,36.4,25.8,41.5,93.9,32.7,145.1,94.2,92.5,79.6,80.3,58.5,74.5,23.3,17.4,56.1,28.8,36.1,38.8,34.8,50.7,6.1,32.1,36.1,144.0,37.3,36.5,15.3,22.1,57.8,167.1,54.4,38.6,46.6,73.6,80.5,29.5,38.5,110.2,101.8,29.1,15.2,8.0,61.6,14.0
20.6,36.3,31.2,42.8,96.0,38.7,138.2,87.2,90.2,75.5,76.1,54.1,73.3,25.5,19.4,54.4,30.9,35.0,37.7,41.0,45.3,5.6,31.5,33.5,138.0,37.4,34.8,14.9,20.8,56.6,160.6,60.5,36.2,47.2,70.5,80.0,30.9,41.0,104.6,94.2,28.7,11.9,10.1,65.6,15.8
22.1,36.6,28.0,44.1,103.9,38.6,135.8,92.3,87.3,79.2,75.4,60.7,70.5,24.0,19.3,53.6,30.8,34.9,37.8,39.0,45.3,6.6,29.0,32.8,135.5,35.2,31.6,15.3,21.5,53.4,157.8,64.5,36.9,42.2,68.9,77.9,30.9,36.1,100.3,95.5,24.4,14.2,5.8,65.1,14.6
18.7,37.1,24.6,40.7,93.1,33.7,134.0,78.5,81.0,68.6,72.7,59.2,72.5,21.2,17.8,52.9,28.4,32.0,35.8,34.2,44.9,5.6,29.4,31.0,133.0,32.8,30.6,15.3,20.2,49.3,155.3,55.1,34.2,41.4,62.6,69.0,29.6,35.7,100.1,93.5,28.2,16.0,7.2,48.5,14.0
22.0,36.5,26.8,43.5,98.5,36.2,140.9,91.0,90.0,80.0,75.3,64.3,75.8,24.3,18.8,54.3,31.3,31.8,33.7,37.0,45.2,6.2,31.6,34.8,141.1,37.5,33.1,14.3,21.1,52.9,164.0,58.0,36.6,42.1,74.8,77.1,33.1,40.1,105.5,99.1,29.0,17.3,6.0,64.1,15.6
21.2,38.9,29.1,44.6,95.4,36.4,143.3,96.1,93.2,81.3,75.9,61.7,83.3,23.7,18.5,53.8,31.2,34.2,36.8,34.8,44.4,6.5,32.6,36.3,141.3,37.6,32.7,15.0,22.6,53.8,165.3,55.7,37.7,48.4,78.8,86.3,30.8,43.2,107.8,97.5,31.1,13.9,10.4,65.6,15.5
20.3,36.2,27.0,43.6,98.0,35.0,138.1,90.3,87.1,76.0,72.1,65.3,78.2,22.4,17.2,53.8,28.7,34.0,37.3,34.9,42.6,6.5,30.7,34.0,136.7,37.9,32.7,14.3,20.4,52.6,159.6,59.6,36.8,43.2,69.8,76.5,32.2,39.1,101.7,94.5,29.2,17.5,7.2,58.9,14.7
20.9,38.4,32.3,46.4,102.9,37.2,146.5,97.1,97.9,83.7,80.3,62.2,84.8,25.5,19.8,53.8,32.6,37.4,39.7,40.2,47.7,5.5,32.2,36.2,144.6,38.1,33.6,14.8,21.4,56.1,169.1,60.5,35.5,47.9,81.0,85.8,31.2,43.9,111.6,100.5,31.3,15.7,11.9,73.5,16.4
22.6,36.0,33.6,45.8,110.3,39.5,141.8,103.6,97.6,89.2,77.6,61.8,80.4,26.5,18.7,55.0,30.9,35.9,37.3,40.1,46.8,6.3,33.7,36.5,141.6,42.2,34.0,15.0,22.5,55.9,165.4,65.6,37.3,46.2,90.4,101.8,31.7,40.7,106.4,97.6,28.5,14.3,9.1,81.1,16.1
20.8,36.2,27.1,41.8,92.2,35.8,134.9,83.4,84.2,72.3,71.4,61.0,73.0,22.6,17.7,53.6,28.5,34.2,35.7,32.8,42.1,6.6,29.7,33.2,134.5,35.1,30.5,15.1,20.9,49.7,158.3,55.8,36.5,42.2,61.5,64.7,33.6,39.3,99.0,93.4,27.8,16.0,5.9,53.6,14.5
20.9,36.3,28.6,43.7,94.6,36.8,146.9,92.3,90.5,82.7,79.6,66.0,75.3,24.1,19.9,53.8,31.1,35.0,36.0,36.1,46.3,6.2,31.8,34.4,145.9,36.5,33.2,14.3,21.4,55.1,170.8,56.9,40.4,45.0,71.0,72.8,34.7,39.2,107.9,102.8,28.6,20.0,4.7,63.4,14.7
20.3,34.6,27.6,43.3,94.6,33.8,140.8,90.6,92.8,81.2,75.2,61.1,81.7,23.9,18.3,57.3,29.3,33.8,34.7,33.6,45.2,6.2,34.3,36.3,140.6,37.8,33.7,13.5,20.4,54.2,162.9,56.4,35.2,45.9,77.0,85.7,29.1,40.4,107.2,96.5,31.5,13.7,10.9,62.0,14.6
21.1,35.9,27.1,44.1,99.2,34.4,141.2,92.5,87.7,74.8,74.0,62.2,78.7,24.5,18.6,54.8,30.1,35.2,37.2,37.5,43.9,6.5,32.3,35.5,140.1,37.8,32.9,15.2,21.0,52.7,165.0,58.4,38.6,47.4,70.5,79.7,34.2,43.5,103.6,94.3,28.7,15.4,8.8,63.8,15.5
20.3,35.2,26.6,42.4,97.9,34.8,135.3,83.6,83.0,73.1,72.5,61.1,77.8,22.5,17.1,54.0,29.2,30.3,32.9,35.9,44.9,6.5,31.1,32.8,134.7,33.8,32.5,14.4,20.8,52.5,157.3,59.9,34.3,43.2,69.5,75.7,29.5,38.7,101.6,92.8,29.0,12.3,9.2,57.4,13.9
19.3,35.0,26.8,43.3,93.0,35.3,136.2,90.1,87.8,76.6,73.0,58.0,74.4,23.4,17.4,54.4,29.1,31.3,34.1,35.6,42.5,5.6,30.7,33.0,135.1,36.2,31.5,13.8,20.4,50.4,158.3,54.7,36.2,44.9,72.5,83.5,31.4,40.6,100.5,92.5,28.0,11.8,9.2,58.6,14.5
21.4,38.7,28.5,45.8,105.5,37.5,141.5,93.5,92.0,75.7,82.2,58.5,74.7,23.8,18.4,55.8,32.3,37.3,40.0,38.4,46.9,5.4,29.7,32.0,141.3,37.3,34.3,16.0,20.8,57.0,164.2,63.3,34.9,43.3,72.7,82.4,30.3,39.5,108.8,100.6,27.6,14.6,9.3,69.0,15.4
19.1,36.8,26.0,41.6,89.7,31.9,154.3,82.8,81.4,71.9,89.8,59.1,68.3,23.0,18.8,55.5,31.3,30.8,33.7,35.8,51.5,5.7,30.7,33.7,153.4,35.7,36.3,14.5,19.5,59.4,176.4,52.3,40.0,45.0,66.8,71.8,33.7,38.4,115.5,111.2,27.0,12.7,5.0,58.5,15.5
18.0,36.0,23.6,38.5,85.1,32.3,130.6,71.1,75.8,66.4,72.2,52.2,67.8,20.7,17.3,52.6,27.2,29.9,34.5,31.2,42.6,5.2,28.6,32.0,130.7,31.1,31.2,15.5,19.6,51.6,153.0,48.3,31.9,40.2,60.6,67.0,28.8,36.8,98.8,90.6,25.9,13.5,9.0,43.0,13.6
20.4,35.4,27.8,41.7,93.1,35.7,132.5,81.9,82.6,73.1,70.7,59.5,78.5,23.3,18.5,55.2,30.6,30.0,32.0,36.7,40.9,5.8,30.3,33.0,133.0,36.1,31.9,14.7,19.7,51.5,155.7,56.1,33.1,42.6,69.2,70.2,30.3,40.5,100.7,91.0,29.6,14.4,9.9,55.0,14.8
18.8,34.0,25.5,39.5,90.0,33.1,127.3,82.9,81.0,69.0,67.0,54.9,73.0,22.0,15.8,52.8,27.3,34.1,35.6,33.5,39.1,5.6,29.2,31.9,125.0,32.2,30.1,14.0,19.9,48.0,148.3,55.2,33.0,42.7,65.1,71.8,26.2,36.5,96.1,85.7,28.7,13.9,10.0,47.4,13.2
19.5,38.1,27.9,45.2,97.4,33.8,145.1,94.9,90.9,79.2,76.1,60.4,82.2,24.0,18.5,55.6,29.3,39.3,42.2,35.9,46.6,6.2,31.4,34.4,144.3,37.7,33.3,16.4,20.4,54.0,168.2,55.1,39.2,49.4,72.2,86.7,31.9,42.8,107.6,96.4,30.2,13.3,11.1,64.2,15.2
16.8,33.3,24.0,37.6,83.0,30.3,134.6,74.4,75.9,64.0,77.2,52.0,70.1,20.5,17.0,51.4,27.0,31.4,34.8,32.4,44.6,5.4,27.5,29.8,135.0,30.3,31.6,14.4,19.1,53.6,157.6,48.2,31.6,41.4,58.3,62.6,27.4,37.1,104.2,95.2,27.7,12.2,10.5,42.2,13.5
20.4,36.3,27.3,43.5,98.6,33.6,141.8,90.0,90.1,76.4,74.4,61.0,72.7,24.1,18.1,55.0,29.7,35.6,38.0,36.4,43.1,6.7,30.6,34.0,140.8,37.5,33.1,15.0,21.7,53.0,164.6,56.8,36.9,43.1,70.1,74.2,35.5,41.4,103.0,97.8,28.1,17.2,6.4,60.5,14.9
23.4,39.4,29.4,45.1,102.1,38.9,152.7,92.7,90.6,77.5,82.0,70.0,83.3,26.1,19.6,57.4,32.4,38.1,41.2,38.0,48.6,6.9,33.7,35.8,152.8,37.7,35.8,15.9,22.1,57.0,177.2,59.6,40.5,46.9,70.9,73.5,34.2,41.5,113.5,106.8,31.7,20.4,6.8,72.5,15.8
20.8,39.1,26.3,44.8,95.1,35.2,152.4,90.5,91.6,80.3,84.8,59.6,72.4,23.6,19.7,56.2,31.3,38.0,41.4,37.2,49.0,6.5,31.1,35.3,150.5,36.7,37.3,15.9,23.4,60.9,175.6,56.3,42.2,49.0,69.6,79.4,36.5,43.0,111.7,105.9,27.3,14.7,6.8,64.7,15.8
20.9,39.3,30.4,49.5,104.8,38.4,141.1,101.2,97.8,84.3,77.4,61.2,75.0,24.3,18.2,55.9,30.1,39.3,40.4,37.3,46.0,6.1,31.9,35.4,139.8,39.9,33.9,16.0,22.5,56.2,163.8,61.2,38.2,45.7,82.0,90.5,32.2,40.0,104.4,96.7,26.7,15.2,8.3,70.6,14.3
19.6,35.6,30.1,42.7,99.9,36.0,139.9,88.2,84.4,76.5,77.7,67.3,79.5,24.5,18.6,53.6,31.1,33.2,36.0,39.6,47.6,5.6,31.1,32.6,138.7,37.5,33.3,13.8,19.5,54.8,159.5,61.3,36.9,43.7,73.6,77.6,29.2,35.9,105.3,98.8,26.7,12.8,6.7,63.5,14.8
20.0,37.4,29.5,43.8,97.3,36.0,138.2,94.2,91.3,79.5,75.1,59.9,74.8,24.4,19.3,55.3,30.5,35.0,36.5,37.6,44.5,6.2,31.2,33.6,137.0,37.8,32.2,16.2,21.5,53.9,160.2,59.6,36.6,44.5,71.5,76.3,31.9,39.2,102.1,94.4,26.6,15.1,7.5,63.8,15.2
23.0,37.3,33.2,46.9,105.6,40.0,152.4,105.0,100.2,84.7,86.1,64.1,81.2,27.3,19.5,53.8,33.4,38.0,40.1,41.0,50.5,7.0,32.7,35.8,151.4,41.5,36.7,15.2,21.3,60.9,175.2,64.3,38.0,46.1,83.4,93.5,31.8,41.3,114.9,106.4,29.6,13.0,10.0,83.0,15.9
23.3,36.3,33.0,46.7,110.3,40.3,146.2,95.6,94.4,82.3,81.0,68.8,84.3,27.2,19.2,56.3,33.7,37.0,39.8,41.9,47.5,5.8,34.5,38.1,145.0,39.4,34.9,15.5,21.9,58.0,167.1,67.0,36.2,43.7,81.2,85.4,29.4,38.5,112.3,103.9,29.6,18.1,7.3,81.8,15.8
20.3,37.7,28.2,45.1,89.0,34.9,147.2,93.0,93.1,80.4,82.6,56.1,76.0,25.2,19.3,53.9,32.5,37.3,39.6,37.4,49.5,6.2,32.7,37.0,145.7,37.3,34.8,15.5,21.3,56.0,168.7,53.6,37.4,46.7,74.5,77.7,28.7,38.5,112.5,102.5,29.5,11.3,10.4,63.6,16.0
20.1,36.3,26.0,41.5,91.1,34.9,134.2,82.9,85.2,74.3,72.4,56.0,71.2,22.7,18.4,53.6,28.9,34.8,37.5,34.1,43.6,5.9,31.1,34.6,133.0,34.1,31.5,15.0,20.4,52.3,155.0,55.3,36.4,44.3,69.5,78.4,30.0,37.1,99.6,92.2,26.7,12.5,7.1,54.1,14.6
20.7,37.5,27.5,44.1,95.5,33.9,145.7,88.6,89.3,75.8,78.1,65.6,78.6,25.5,19.7,55.0,30.7,39.5,41.5,36.5,46.2,5.8,33.9,37.0,145.5,38.7,33.8,15.0,23.1,55.4,169.7,54.5,38.5,44.7,68.0,71.4,32.4,38.6,108.3,102.8,29.8,19.3,5.9,61.5,16.2
22.5,38.4,25.5,42.8,93.0,35.5,149.6,87.8,89.2,79.0,82.6,62.0,75.1,23.8,20.7,55.7,32.3,36.0,38.4,37.2,48.6,7.1,31.7,33.3,147.7,36.0,36.0,15.4,22.0,58.2,173.1,55.2,40.1,46.1,70.9,73.1,34.8,42.6,111.0,104.2,29.3,15.0,6.4,63.2,16.5
20.5,39.1,27.6,45.3,96.9,36.6,136.7,88.9,89.1,75.5,72.9,61.0,68.6,22.7,18.4,54.2,29.5,38.2,39.2,33.2,42.5,5.9,32.0,35.2,135.1,36.8,32.4,15.5,21.3,50.9,158.2,60.0,40.0,43.9,69.1,74.4,33.2,36.9,98.5,94.8,24.4,17.5,3.8,59.3,14.3
19.9,37.1,27.5,41.5,99.4,34.1,143.2,92.6,87.8,79.3,79.0,64.1,76.2,22.5,18.2,53.6,29.5,31.8,35.2,35.2,46.3,5.8,31.5,33.6,142.2,37.4,32.3,15.6,21.4,53.8,165.7,59.1,37.6,44.1,70.7,76.2,33.3,40.1,106.1,99.6,27.1,18.6,6.7,62.1,14.5
21.3,34.7,28.5,41.1,95.0,35.3,136.0,88.5,87.3,78.5,72.1,61.0,73.8,23.8,19.1,54.3,30.0,34.2,35.6,34.2,43.8,5.8,32.7,35.2,134.5,36.5,31.2,13.5,20.9,51.1,158.0,57.7,38.1,44.0,71.8,77.1,32.2,39.0,100.3,94.0,28.0,15.5,6.5,57.9,14.8
18.5,37.2,26.0,42.6,94.3,30.9,137.2,98.5,92.8,80.2,77.9,56.2,76.2,22.3,18.5,54.5,28.8,33.5,36.4,33.2,45.1,6.2,30.8,34.4,136.6,35.7,32.6,16.3,20.7,53.4,157.6,54.8,33.5,44.0,77.8,83.8,27.1,37.5,105.1,96.3,26.9,11.6,9.6,57.6,14.2
22.6,38.0,27.5,44.3,101.6,38.7,150.5,86.8,85.3,74.7,86.9,63.2,77.1,24.0,19.7,54.3,33.0,35.6,39.7,41.6,51.1,6.1,32.1,33.3,148.8,35.6,35.3,16.1,21.4,59.0,171.3,63.0,37.5,45.1,70.3,79.2,30.2,37.5,113.5,107.0,27.5,12.9,7.4,71.1,15.5
20.0,36.7,25.7,43.0,94.2,29.9,153.2,88.8,88.6,75.6,87.5,59.7,79.7,22.7,18.9,55.6,29.5,35.2,37.5,35.6,51.6,8.1,32.1,35.2,152.7,37.7,35.6,14.5,22.2,57.7,176.8,55.0,36.0,46.3,70.6,80.4,30.9,42.2,118.0,108.3,32.0,14.9,10.7,59.4,15.3
22.3,38.5,30.5,44.1,100.7,38.8,141.0,94.8,91.1,80.6,76.7,66.9,81.8,24.6,20.1,56.7,32.4,37.5,40.2,38.4,47.2,6.5,32.9,35.5,140.3,38.8,32.4,15.4,22.5,53.1,163.7,58.9,37.4,45.1,77.1,82.7,29.5,37.3,106.3,98.5,29.2,16.0,8.1,68.0,15.7
20.5,37.4,27.0,42.4,92.8,35.1,147.7,84.0,85.5,74.5,80.8,62.4,75.6,23.5,18.3,54.6,30.5,35.6,37.9,36.0,46.8,6.3,30.0,32.9,147.0,37.2,35.6,15.7,21.4,58.8,170.8,55.7,39.0,45.8,66.3,69.4,33.0,39.5,109.8,104.0,29.8,18.4,7.2,59.0,15.8
19.8,34.6,27.5,41.9,93.3,35.9,144.3,87.8,86.5,75.4,79.2,60.2,74.7,24.2,19.1,55.8,30.6,32.8,34.4,37.5,49.0,6.8,31.1,33.2,142.5,36.8,33.5,13.6,19.5,53.5,165.2,56.5,37.3,44.5,68.8,72.8,31.0,38.2,107.4,100.4,28.1,14.6,7.5,59.7,15.7
20.1,39.5,26.8,44.2,95.2,33.9,146.7,88.8,88.4,74.9,83.8,60.2,73.6,23.8,19.5,55.1,30.7,34.3,39.4,37.3,48.1,6.0,30.8,35.6,145.6,36.2,36.2,16.5,20.9,59.8,171.2,56.5,36.2,43.1,67.0,70.8,32.1,38.9,110.8,104.4,27.0,16.4,6.7,61.7,16.0
20.2,33.5,27.9,42.7,95.7,34.4,134.1,89.4,87.1,76.2,68.3,59.7,80.1,23.4,17.9,54.8,28.9,33.1,34.6,35.0,39.7,5.2,30.3,32.6,132.1,36.5,30.0,13.1,19.2,48.1,156.7,56.8,34.2,45.0,69.4,77.1,30.5,41.8,99.7,88.2,30.8,12.3,11.9,57.3,14.7
21.3,37.6,26.5,45.0,97.9,37.3,146.5,91.9,90.6,80.4,80.2,59.7,77.8,24.2,18.3,55.7,31.3,35.4,38.2,38.5,47.1,7.2,32.8,35.3,145.8,37.6,34.2,15.7,22.8,54.5,170.6,59.8,36.7,46.4,72.7,78.0,31.5,41.1,111.2,101.8,30.6,16.5,9.6,65.8,14.8
19.1,37.3,27.4,44.5,98.7,34.3,138.1,92.4,89.5,79.8,77.2,58.7,74.2,23.3,17.0,53.6,30.9,34.0,36.9,34.9,46.5,6.0,30.0,33.8,137.0,37.2,34.2,15.3,20.8,56.5,159.2,58.8,34.9,43.1,79.4,88.3,30.6,39.8,104.6,95.0,25.3,13.7,8.2,61.5,14.0
22.1,37.9,30.2,45.5,101.8,36.8,154.6,96.0,94.0,80.5,85.0,63.5,83.2,27.2,20.6,56.7,33.5,34.3,38.7,39.8,52.1,6.8,33.1,36.6,152.2,38.5,37.1,15.0,22.0,61.8,176.3,66.3,37.1,47.6,81.7,89.9,30.3,41.5,118.8,109.1,30.5,14.8,10.4,76.5,16.5
21.0,33.9,28.7,43.0,99.8,34.4,139.5,95.3,88.4,79.8,73.1,62.3,81.0,24.1,18.4,53.7,29.7,36.6,38.5,35.5,43.0,5.8,30.8,32.8,139.5,38.5,32.0,14.5,21.2,51.5,162.1,59.1,35.5,44.5,73.0,77.3,30.9,40.2,104.4,95.8,30.5,16.7,9.3,62.0,15.3
21.2,38.3,30.4,46.3,107.7,36.4,147.4,95.8,94.9,82.5,78.5,66.5,84.3,25.8,18.7,54.4,30.7,39.0,40.5,39.3,46.3,5.9,33.6,37.6,145.9,39.5,34.8,14.5,22.8,56.7,170.7,59.5,38.0,46.7,75.9,79.0,31.5,40.1,110.8,102.2,30.5,18.8,8.8,73.4,16.2
21.3,38.0,28.7,45.5,101.8,36.0,146.1,93.2,94.2,82.5,78.9,64.1,88.2,24.0,19.2,55.1,32.0,35.4,37.5,38.1,47.8,5.7,31.3,34.0,145.4,37.9,34.0,15.5,22.2,55.7,168.9,64.3,35.0,46.2,77.4,84.7,28.6,41.2,112.3,101.4,34.0,16.3,12.0,68.6,15.7
21.1,37.0,29.2,43.0,93.3,36.1,138.5,93.3,90.2,77.5,75.7,59.0,70.3,24.2,17.6,54.9,29.5,37.7,39.6,35.5,45.3,6.3,32.3,34.9,137.6,38.5,33.3,15.0,22.1,54.0,160.6,56.7,36.4,42.1,71.2,74.9,30.8,37.0,103.9,97.7,27.6,14.6,5.7,60.3,15.6
23.9,37.6,34.5,47.3,112.4,41.8,148.3,103.4,101.5,87.9,79.7,69.8,88.8,27.8,19.7,53.6,32.7,38.7,40.6,44.2,47.7,6.6,33.7,36.7,147.3,40.9,37.0,15.6,22.7,57.8,169.6,68.6,37.5,47.2,85.5,95.1,31.0,41.2,112.7,103.0,30.6,16.4,10.1,84.5,16.6
19.5,37.5,24.1,42.0,85.6,33.4,137.2,83.8,85.5,72.4,78.7,55.2,64.6,22.3,17.5,55.7,29.0,35.6,39.1,33.5,45.2,5.9,28.9,32.1,137.1,34.3,35.6,15.9,20.9,57.1,159.8,48.3,36.1,40.6,67.8,67.2,32.3,37.3,101.8,97.6,23.6,13.7,5.1,50.8,14.0
21.7,37.9,30.5,45.6,101.7,37.1,149.5,96.1,90.7,81.7,83.4,59.7,82.7,24.4,19.7,54.4,32.3,33.4,35.6,39.9,50.2,6.1,30.1,33.3,148.8,38.2,36.1,13.8,20.6,60.2,173.1,63.4,35.4,46.7,79.4,87.4,31.3,43.3,114.4,103.5,27.6,13.4,11.2,73.3,15.6
18.6,37.4,26.9,44.2,93.2,31.5,149.1,86.0,87.2,72.3,82.5,65.0,77.4,23.3,18.9,56.7,31.2,34.7,38.1,33.5,49.8,6.6,33.2,36.2,146.9,37.6,35.5,14.1,23.4,56.2,170.7,54.0,36.8,43.4,68.1,73.2,29.7,36.3,113.1,106.5,29.3,18.0,6.2,59.1,14.9
21.2,36.3,31.8,45.4,104.8,37.0,143.7,98.1,94.1,87.4,77.8,66.5,88.1,24.8,18.9,55.4,30.5,37.1,38.6,40.0,45.8,6.6,32.5,35.0,144.0,39.7,33.9,15.4,22.0,53.8,166.7,62.9,32.3,43.8,86.4,91.6,30.5,40.9,110.2,100.1,31.8,14.6,10.6,75.6,15.7
19.9,34.8,29.2,41.3,97.3,34.7,128.2,85.7,83.2,76.3,67.4,57.5,76.7,23.7,18.1,54.5,27.7,30.7,32.7,34.8,39.9,5.9,30.8,32.7,126.8,36.5,29.9,13.9,19.0,48.7,148.5,60.3,34.3,44.3,73.1,83.3,26.8,37.6,96.3,86.0,27.8,11.5,10.5,56.8,14.5
20.0,35.7,29.5,43.2,93.6,36.0,138.4,98.4,92.1,83.5,75.7,56.9,73.7,24.9,18.3,53.5,30.5,32.5,36.0,35.8,44.0,5.5,30.1,33.6,137.0,37.5,32.9,16.4,20.3,54.0,159.6,54.9,38.2,47.6,77.5,84.4,32.1,41.5,102.3,94.1,27.1,13.2,9.5,63.6,15.5
20.1,38.2,29.2,44.9,102.5,34.5,141.0,90.5,91.4,79.3,76.7,63.8,77.5,24.0,18.8,55.3,29.7,36.2,39.3,36.2,46.1,5.7,33.3,36.5,140.1,36.9,34.0,15.3,22.5,56.5,162.6,60.8,37.5,43.7,75.5,80.0,31.1,37.9,104.3,98.0,26.4,15.8,6.4,65.4,15.4
19.5,35.7,30.0,45.3,101.0,35.0,142.0,98.4,94.3,82.9,80.1,64.8,82.9,23.7,18.4,56.6,30.6,35.1,35.9,35.7,47.4,6.0,32.2,35.5,140.3,39.5,34.7,12.9,21.5,56.5,164.1,63.0,33.5,41.8,82.5,89.6,26.2,37.6,110.0,101.1,27.2,15.5,8.5,69.6,14.7
20.7,31.2,28.4,40.7,102.6,36.2,130.4,89.4,86.3,75.2,71.6,61.4,78.5,22.7,16.6,51.7,27.4,31.7,32.8,35.8,40.9,6.3,30.8,33.1,129.8,36.7,31.5,13.0,21.9,51.0,151.0,61.7,33.5,41.8,70.0,79.5,27.2,35.7,99.0,91.7,27.4,15.9,8.0,57.9,14.1
22.0,38.0,29.5,46.1,103.6,35.7,151.9,99.1,95.7,82.2,85.7,56.8,85.7,26.0,18.6,56.4,32.1,38.3,41.2,39.0,50.5,6.2,32.9,35.7,150.8,39.8,37.0,16.0,21.3,62.2,174.8,60.6,36.1,50.2,83.8,95.6,30.1,44.7,118.1,103.8,31.1,12.4,14.5,76.7,16.3
19.8,37.4,25.4,42.0,90.4,33.3,131.9,83.9,80.2,70.3,72.2,53.9,68.5,22.8,17.7,55.3,29.3,31.8,37.1,34.4,42.6,5.2,29.2,31.8,131.6,32.4,32.3,16.3,19.0,53.5,154.6,53.1,35.5,42.9,64.7,75.2,32.1,39.0,97.3,90.6,25.9,11.3,7.9,51.1,15.0
20.4,35.5,27.7,42.4,99.9,34.6,139.0,89.4,87.3,76.8,74.0,59.8,74.7,23.8,18.4,54.2,29.2,35.5,37.6,35.4,44.0,6.1,30.0,32.1,138.0,37.5,32.8,15.1,21.2,54.2,161.1,58.1,38.3,46.4,70.0,80.3,32.8,40.5,102.5,94.7,27.1,14.7,8.5,60.3,15.3
20.2,38.9,26.9,44.8,92.8,34.8,143.7,93.4,90.3,74.8,81.7,54.5,65.7,23.9,19.5,53.8,33.1,38.1,40.4,36.5,48.7,6.2,30.8,34.1,141.9,35.7,35.5,16.2,22.3,56.9,164.2,56.5,38.6,44.7,68.8,76.6,30.2,35.9,107.1,102.0,25.5,13.7,6.0,60.0,15.7
20.1,38.7,28.3,46.4,99.3,36.3,144.5,98.1,97.0,81.6,81.7,57.7,77.8,23.6,19.9,55.8,32.6,37.0,39.6,38.7,49.1,7.3,31.8,34.9,144.1,38.0,34.2,17.9,22.0,55.7,167.3,62.2,37.6,47.9,78.2,91.7,31.5,41.7,109.1,100.4,25.8,10.1,9.5,69.4,15.7
17.6,34.9,22.9,38.2,82.9,28.8,132.5,78.7,80.1,69.4,73.7,52.2,65.1,20.7,16.9,54.5,27.4,32.6,34.4,31.1,44.1,5.4,28.5,31.3,131.7,32.2,32.1,13.9,18.6,50.8,154.9,46.3,35.5,41.9,60.1,64.5,29.6,36.0,98.5,92.6,26.0,12.4,6.8,41.4,13.7
23.5,37.8,30.1,46.3,103.3,38.0,146.8,94.9,93.5,78.9,77.6,66.0,82.4,25.6,20.2,56.2,32.0,36.1,37.7,38.7,43.4,5.8,31.7,34.1,144.3,38.7,35.5,15.8,21.5,56.3,170.7,62.9,39.4,47.6,70.4,70.9,33.1,41.3,109.5,101.4,32.7,18.8,8.0,70.7,16.0
18.2,36.7,25.5,41.4,84.2,31.7,135.9,77.0,81.5,66.4,76.7,54.0,69.0,22.0,17.5,51.8,29.1,35.0,38.7,32.9,45.2,5.3,29.5,32.6,134.9,31.7,32.7,15.2,20.5,55.7,157.4,49.4,34.5,42.3,61.6,68.7,29.1,37.4,102.7,94.6,25.9,12.2,7.6,47.0,14.2
22.1,33.8,28.5,43.8,97.2,39.0,135.8,92.5,87.0,79.0,72.7,61.3,77.3,24.3,16.8,53.6,28.5,37.0,37.8,38.3,44.5,6.7,31.7,34.6,134.0,37.4,32.6,13.8,20.5,53.5,155.6,59.2,36.0,42.9,74.0,79.4,27.7,35.9,101.7,93.2,27.0,14.3,7.6,63.3,14.8
17.8,36.1,28.3,42.4,93.7,32.7,128.0,86.2,85.0,72.8,70.7,53.8,76.8,22.5,17.5,54.3,29.6,30.9,35.5,36.3,43.2,5.5,30.2,32.8,127.2,34.0,31.6,15.8,20.7,52.2,148.9,56.3,31.4,44.1,70.3,82.0,27.1,39.5,98.1,88.1,26.3,10.2,11.1,54.1,14.4
19.9,35.2,28.0,41.9,92.6,35.1,136.7,86.1,82.0,76.0,75.0,58.0,66.5,21.9,17.2,54.2,29.2,32.0,34.5,35.6,44.4,5.5,28.8,31.4,137.0,36.8,32.5,14.8,20.9,51.1,160.6,56.4,38.5,42.8,69.4,73.5,34.3,38.5,99.2,94.8,24.6,15.2,4.3,55.8,14.4
17.7,34.2,26.0,41.2,89.3,32.5,127.3,83.6,83.3,70.1,66.4,59.0,72.2,20.6,17.5,50.0,27.2,32.7,35.4,33.2,39.6,6.3,28.3,30.7,126.0,33.5,29.3,14.8,18.4,47.0,148.3,51.6,33.4,40.1,64.7,69.6,28.9,37.2,94.9,88.0,27.5,15.5,8.0,48.1,13.4
20.3,35.1,30.8,44.3,95.6,35.4,136.8,92.3,89.9,78.5,74.8,59.5,78.8,23.5,19.3,56.3,29.9,33.8,35.7,35.8,44.2,4.8,31.8,33.7,136.2,38.9,32.8,14.0,19.0,53.7,158.5,61.0,33.0,42.7,74.3,80.0,29.3,39.6,105.1,96.2,29.4,15.2,9.7,63.8,14.8
20.3,36.9,31.0,46.5,105.2,37.3,140.1,96.7,94.8,82.8,78.3,62.3,70.5,24.8,19.3,56.7,31.6,38.8,40.7,37.7,45.9,5.8,33.6,34.9,139.5,37.7,32.7,15.8,22.1,54.1,161.0,62.9,41.3,45.1,90.9,95.0,34.0,38.3,102.0,97.4,23.4,12.0,4.0,72.0,15.8
20.2,37.1,29.3,45.2,100.2,35.7,151.2,96.3,94.8,78.6,84.5,63.5,75.1,24.3,19.6,54.9,30.7,38.1,39.0,36.1,49.2,6.2,32.0,34.8,151.1,38.5,37.6,15.9,22.0,59.0,173.7,57.9,39.4,45.0,70.6,78.1,33.9,40.4,113.0,107.1,28.8,18.3,5.9,68.6,15.6
21.5,36.3,29.5,42.3,101.8,38.8,135.0,91.6,85.4,74.7,72.5,56.5,74.3,24.3,18.6,54.8,30.2,33.8,36.4,38.9,43.5,5.3,31.5,34.0,134.6,35.2,31.8,15.5,19.7,52.1,156.4,66.1,35.5,44.7,71.7,77.4,31.2,40.9,100.8,91.8,27.9,14.2,9.6,65.3,15.6
19.1,37.6,30.0,46.5,97.5,37.1,128.0,102.7,97.2,87.6,67.0,60.2,79.9,24.2,17.6,52.0,28.9,35.4,38.6,35.2,39.8,5.5,32.1,35.1,127.1,37.5,30.0,15.8,22.4,48.7,149.5,58.4,32.7,41.5,80.4,87.6,30.9,40.6,96.5,87.3,27.2,12.6,10.2,62.7,14.3
20.0,35.8,31.3,47.8,105.7,37.1,137.7,103.0,94.4,86.3,77.1,58.4,81.9,24.3,18.5,56.7,30.5,36.0,37.2,37.8,44.9,5.4,31.4,34.1,136.4,38.1,32.6,13.2,22.0,55.4,157.0,64.4,33.9,46.3,85.7,102.2,27.4,40.6,105.8,94.1,27.9,13.0,12.8,72.0,15.3
19.0,38.1,26.3,42.8,89.3,31.7,153.0,82.9,83.2,68.0,86.0,57.7,72.3,24.4,18.8,55.2,31.7,33.0,36.8,35.3,48.6,6.0,31.3,33.7,151.6,36.4,36.2,16.9,21.3,58.6,175.6,50.4,41.8,48.9,66.3,72.4,34.4,42.0,113.8,106.1,28.5,13.7,8.0,56.6,15.1
21.8,37.5,30.2,45.5,99.8,37.4,155.9,97.1,95.8,81.4,91.2,62.8,77.7,25.4,19.3,55.6,33.6,37.0,38.9,40.5,53.5,5.9,34.4,36.8,154.2,37.8,36.2,16.2,21.8,61.1,178.2,62.1,38.4,46.0,77.9,84.5,30.3,37.5,119.4,112.4,28.0,14.8,8.0,75.5,16.8
18.3,33.6,24.7,37.3,83.5,31.6,128.7,78.5,78.1,64.1,71.3,51.5,67.6,20.8,17.0,52.3,26.9,29.8,32.3,33.2,41.9,5.1,28.6,31.1,127.8,30.4,31.6,14.2,18.7,52.4,149.8,49.2,34.6,43.2,56.8,68.0,29.0,37.6,96.5,88.1,25.2,14.2,9.3,42.6,13.7
20.3,35.1,26.8,41.4,100.9,35.5,145.2,95.0,86.8,78.8,77.9,67.1,83.0,23.8,19.0,53.2,30.9,35.6,37.4,37.0,46.4,5.9,29.7,32.0,144.4,35.5,33.0,14.5,20.5,52.8,168.2,60.7,36.6,44.3,73.7,73.1,31.3,41.3,110.7,103.0,32.1,20.1,7.3,65.5,15.5
20.0,38.8,27.1,43.9,89.0,35.0,144.7,84.8,84.4,72.1,83.8,55.5,70.3,23.3,19.1,55.3,31.5,33.2,37.7,36.0,48.5,6.1,30.0,32.8,143.5,36.3,35.9,17.6,21.7,57.8,166.4,53.1,37.3,44.2,65.8,71.3,31.1,38.5,108.9,102.4,25.5,12.2,7.8,57.9,15.3
19.5,35.9,29.5,42.8,97.6,35.8,135.8,92.5,89.6,77.0,75.2,56.6,70.1,24.8,19.0,56.3,29.7,34.0,35.8,35.9,42.9,5.8,32.7,35.5,135.5,36.9,32.4,13.8,19.0,53.1,159.6,58.0,36.9,43.9,71.0,71.4,32.4,39.5,100.3,93.2,26.0,13.3,7.5,61.7,15.3
18.9,36.9,27.0,43.4,97.0,34.4,135.5,84.7,89.1,74.8,76.8,60.0,70.8,22.8,18.6,55.1,29.3,34.8,38.0,36.5,44.3,5.9,30.2,32.4,136.1,37.4,33.4,15.0,20.3,53.9,157.6,57.9,34.5,39.5,66.8,69.0,30.8,36.4,101.8,97.3,25.9,16.9,5.7,57.0,14.5
22.1,35.0,28.5,44.2,105.2,37.4,135.5,95.8,88.7,79.0,72.1,65.8,85.2,24.4,17.3,54.0,30.0,32.0,33.2,37.3,42.0,6.1,32.3,36.1,134.1,38.8,32.3,12.9,21.5,52.6,158.1,65.3,33.1,43.3,76.4,86.2,29.3,40.1,103.2,93.5,31.4,14.6,10.3,68.3,15.8
19.3,36.0,27.2,40.6,91.0,32.1,139.5,87.9,85.6,76.0,78.0,54.7,73.7,22.5,18.8,53.9,29.8,30.8,34.3,34.0,46.2,5.8,31.2,33.8,138.2,35.5,31.2,14.9,20.3,51.1,161.3,53.3,33.7,43.4,71.1,78.1,29.8,39.5,106.6,97.4,29.3,12.6,10.8,55.3,15.2
19.5,37.8,27.6,42.9,92.7,34.8,141.9,91.5,87.9,76.4,81.5,63.0,78.0,24.3,18.3,55.9,31.4,34.4,38.3,36.9,49.2,5.5,31.7,33.8,141.2,35.8,34.4,16.5,20.6,57.6,163.2,56.5,34.6,42.1,72.7,79.0,30.5,38.8,107.5,101.3,24.2,14.5,7.0,60.4,15.7
21.1,38.3,28.3,43.0,91.2,37.6,147.7,88.7,91.4,80.2,79.4,62.2,74.8,23.8,20.4,54.5,31.0,35.9,38.1,35.2,49.0,5.8,33.4,37.0,147.3,35.9,34.1,15.2,22.4,52.3,170.3,54.2,40.3,47.3,68.7,75.4,34.5,40.9,108.2,102.1,26.6,17.5,6.7,62.9,16.0
20.4,37.6,29.6,46.6,98.4,35.9,138.8,93.6,90.8,80.8,72.9,62.9,78.5,24.4,18.8,55.0,29.2,38.2,39.7,36.2,42.8,6.2,32.6,35.4,137.2,38.3,31.7,14.6,21.8,51.2,161.3,58.2,38.1,45.5,77.9,85.3,31.5,39.9,103.2,94.2,27.5,15.8,8.8,63.8,15.3
21.7,36.8,31.8,46.8,100.5,38.2,137.5,99.5,97.3,85.0,72.6,61.9,79.3,25.2,18.7,54.7,30.9,40.0,40.8,38.5,42.0,6.4,32.1,34.5,136.2,40.5,32.2,15.0,24.0,51.5,159.9,62.0,36.0,44.8,80.4,82.3,28.9,37.8,102.2,95.4,30.3,17.5,8.4,68.9,15.8
21.3,37.8,30.2,46.6,99.6,37.9,138.2,95.0,91.7,78.9,74.8,67.1,81.2,24.0,18.0,51.6,29.4,35.8,37.0,35.7,44.6,6.9,31.9,34.3,137.0,37.8,33.5,14.4,22.0,53.3,158.8,60.8,34.8,41.0,74.7,78.7,29.0,36.1,104.2,98.5,29.1,16.3,6.3,64.8,15.0
22.4,34.8,29.5,43.1,97.9,37.3,142.4,100.5,95.9,80.9,77.9,63.7,74.8,23.9,19.5,55.8,31.9,37.2,39.7,37.5,46.2,5.9,32.3,34.5,140.1,38.0,34.2,14.5,23.0,56.0,162.3,58.6,39.0,44.5,72.6,75.2,29.9,35.8,106.6,100.8,28.6,17.2,6.1,66.4,15.7
21.0,35.8,27.7,43.1,88.5,33.9,137.4,90.4,87.8,77.6,77.5,57.5,70.9,23.5,17.7,52.6,29.4,35.5,36.9,32.9,45.7,6.2,29.7,31.9,137.3,34.6,32.5,15.0,19.2,52.3,160.0,54.5,36.1,43.6,68.3,77.8,32.2,39.0,102.6,95.8,26.0,12.9,7.1,56.3,14.5
20.8,34.4,29.1,41.1,97.2,35.0,138.2,88.0,86.1,73.8,77.3,62.4,72.7,24.5,18.7,53.6,31.2,33.2,35.7,36.4,45.3,5.6,32.5,34.7,138.0,36.5,33.1,14.0,19.3,53.4,160.0,59.6,34.9,40.0,69.6,71.4,29.2,35.3,104.3,99.0,26.9,15.9,5.6,61.6,15.3
19.1,36.4,31.5,46.1,102.4,33.5,142.7,97.0,93.8,82.3,83.2,59.0,85.4,25.1,18.3,55.8,30.7,36.8,39.1,35.0,48.6,5.4,31.9,34.9,141.2,38.4,34.3,14.2,20.2,55.9,163.5,60.3,32.1,44.6,80.4,92.8,25.5,39.1,112.7,100.1,29.8,12.4,13.2,68.1,15.2
21.1,38.6,26.5,44.6,93.9,36.8,154.4,93.7,93.9,79.6,88.8,64.0,73.2,24.3,18.2,55.3,32.8,33.5,35.0,36.5,51.7,6.7,32.2,37.5,154.4,39.2,36.7,14.2,22.0,59.8,178.7,55.2,39.0,44.1,71.5,72.7,32.9,38.1,117.1,112.1,28.3,15.5,4.6,65.0,15.5
20.6,35.0,30.1,43.6,101.6,37.1,138.2,93.7,87.8,77.5,74.3,66.0,82.5,24.1,18.2,54.7,29.9,34.5,36.4,39.3,43.8,6.8,30.2,32.9,137.6,36.4,32.1,14.7,20.6,52.0,161.0,64.1,35.0,43.0,74.7,80.0,28.8,37.9,105.5,96.6,31.0,16.8,8.7,65.9,14.9
20.3,37.0,30.7,45.5,94.4,34.2,132.7,91.8,92.1,74.7,73.1,57.9,69.5,23.8,19.2,54.1,29.4,36.7,37.9,35.3,43.8,5.9,31.2,33.2,131.9,38.8,31.7,15.7,23.4,51.6,153.4,57.3,36.1,42.3,72.1,82.5,30.6,37.0,98.2,91.7,25.4,12.5,6.4,58.9,15.7
20.5,38.3,28.5,45.1,97.7,33.7,156.8,90.4,89.7,78.8,90.4,62.8,86.7,25.2,19.8,52.7,32.2,36.3,39.1,36.6,52.0,7.2,30.8,33.4,156.0,37.5,37.5,15.6,22.2,61.8,179.3,58.5,35.7,48.0,76.5,86.2,28.2,41.4,123.4,110.8,32.4,14.4,12.9,70.7,15.8
20.9,34.2,26.2,39.5,87.4,35.5,130.6,84.5,80.9,69.0,72.2,57.5,73.5,22.0,17.6,53.4,29.3,31.5,34.6,35.4,44.1,6.0,29.4,32.6,129.3,31.6,29.9,14.6,20.3,50.0,151.5,54.8,32.1,40.5,65.7,70.7,27.6,36.4,99.9,91.3,27.5,11.9,8.6,49.9,14.4
19.8,37.5,30.4,48.8,100.4,35.6,140.8,106.9,101.3,88.6,76.5,67.2,82.0,25.8,19.1,56.9,32.2,41.3,43.4,36.8,46.1,5.9,34.4,36.9,140.3,41.5,34.0,15.4,23.1,56.4,164.0,63.2,36.4,43.0,89.0,92.5,31.9,39.3,107.2,99.4,30.2,16.1,7.8,73.8,16.1
20.5,36.9,31.1,44.8,95.3,34.3,142.0,94.3,92.2,79.1,79.6,55.8,79.4,24.9,19.6,55.4,31.0,36.1,39.1,36.9,47.7,5.4,34.2,36.1,140.5,39.8,35.5,14.4,21.3,60.5,163.0,58.1,33.4,46.6,78.8,81.5,29.9,42.2,108.8,97.5,30.1,13.2,11.8,65.4,15.8
18.1,35.4,27.0,42.8,92.3,33.3,132.1,91.1,88.3,75.9,75.2,51.8,70.0,22.7,17.4,52.1,28.8,34.3,36.8,34.1,45.2,6.2,32.3,36.2,130.8,35.9,30.0,14.0,20.6,51.6,152.2,56.3,32.5,42.4,74.5,81.4,28.4,37.5,100.0,91.7,24.7,11.7,9.2,54.1,14.3
19.2,36.6,28.0,43.5,98.1,34.2,137.3,89.4,88.5,78.9,73.0,63.0,78.7,23.2,18.0,53.3,28.6,37.1,38.1,35.0,43.9,5.8,31.3,34.4,136.1,37.1,31.2,15.1,21.7,50.0,157.5,56.1,37.4,45.5,73.7,79.3,27.9,36.3,102.6,95.2,31.0,16.1,8.3,58.0,14.3
19.6,36.8,25.6,41.0,92.2,32.5,139.2,78.8,81.3,69.0,76.1,57.7,72.0,23.7,17.7,53.0,29.7,31.0,35.8,34.7,46.1,6.7,30.2,32.7,138.0,33.6,32.5,15.4,21.2,52.6,161.3,54.8,36.4,43.9,63.1,67.8,30.0,37.4,105.1,98.3,29.1,16.3,7.8,51.4,14.5
20.0,35.8,28.2,43.6,98.8,34.5,132.8,92.5,87.6,76.3,71.1,63.0,82.7,24.0,17.6,52.7,30.7,35.7,37.6,35.4,42.9,5.8,31.5,34.4,131.2,35.3,31.0,15.2,20.2,51.5,154.3,57.8,32.3,42.4,73.9,82.5,26.1,36.5,101.2,91.0,28.9,12.5,10.0,58.4,14.8
19.4,34.9,25.7,40.6,88.4,33.1,137.6,84.1,81.4,71.5,73.9,56.7,70.9,22.1,18.2,54.9,28.9,30.2,31.9,33.6,45.1,6.4,29.6,32.8,137.2,35.0,31.9,13.3,20.5,52.6,161.7,52.7,38.2,44.5,61.7,70.9,33.3,39.7,100.5,94.6,27.2,15.6,6.9,51.5,14.7
19.4,37.0,28.5,45.0,95.0,32.9,140.7,95.6,93.1,84.0,79.7,60.1,81.3,23.3,17.9,57.1,30.2,38.3,39.8,34.7,48.5,5.4,34.1,37.5,140.0,38.6,35.3,14.8,22.4,56.8,162.3,59.3,31.9,42.4,84.0,88.4,25.1,36.6,110.3,99.7,29.4,14.3,10.4,65.4,14.7
21.5,35.8,28.0,42.5,99.3,36.2,138.8,88.1,85.2,78.9,77.0,62.3,77.8,23.5,17.6,54.8,30.1,34.8,37.2,38.2,45.4,6.5,31.5,34.4,138.4,36.7,32.8,13.8,20.9,53.9,160.7,60.0,34.8,43.0,71.4,80.3,31.4,39.5,104.6,97.5,29.0,16.2,8.1,61.7,15.2
19.1,36.2,24.5,41.1,94.0,32.6,133.4,83.1,83.1,72.2,69.7,60.5,73.2,21.5,18.1,54.0,30.4,34.2,36.9,35.2,41.4,5.8,30.6,34.5,131.8,33.3,32.1,14.9,19.8,50.9,153.7,55.8,38.1,44.8,68.4,70.5,28.2,35.6,98.2,92.1,27.1,15.4,6.7,52.6,14.8
18.5,34.1,25.1,40.5,83.3,33.3,132.3,79.5,79.4,67.5,70.0,53.9,66.0,20.6,16.6,52.0,26.8,32.1,33.0,31.6,40.5,5.2,29.3,31.5,130.8,34.1,30.2,14.0,19.6,50.0,154.5,50.1,38.0,44.3,61.5,65.7,31.7,38.2,95.6,89.7,25.8,14.9,6.2,44.5,14.0
21.2,37.1,27.5,43.0,101.3,36.1,152.4,88.4,86.2,74.4,87.3,62.8,79.7,24.2,18.5,57.2,31.0,35.6,39.2,36.5,52.5,6.9,30.7,33.3,150.6,34.7,35.5,15.1,20.2,58.7,174.3,60.2,36.2,45.1,73.5,82.4,29.5,38.1,117.2,109.7,29.3,14.5,8.7,66.4,15.0
20.3,37.5,29.4,41.5,91.8,34.4,138.9,85.0,86.1,72.0,77.8,57.0,70.5,23.8,19.0,56.0,31.4,35.9,39.9,36.0,45.8,5.6,30.5,34.3,138.2,35.2,32.5,16.3,21.1,52.9,161.2,53.6,36.3,43.8,69.8,69.8,31.7,39.0,104.0,96.5,26.5,14.7,7.3,55.9,15.8
20.9,36.3,29.7,43.2,103.8,37.6,148.7,91.4,85.8,74.4,85.0,62.0,83.4,24.0,18.5,55.8,32.5,35.3,36.9,37.4,51.1,5.5,32.6,34.8,147.3,36.1,35.4,14.3,20.3,59.6,170.6,65.0,36.1,46.1,73.0,84.6,27.5,38.1,115.8,105.2,30.9,14.3,10.8,70.8,14.9
20.6,36.1,26.0,40.5,93.2,33.5,142.4,90.3,83.3,71.6,77.1,59.4,72.8,23.5,18.0,52.1,30.0,31.8,34.9,35.9,45.7,5.7,30.6,34.0,140.7,35.2,33.0,14.8,20.5,54.7,163.5,56.3,38.8,46.2,67.0,77.2,33.2,40.5,105.2,98.6,27.7,14.7,7.3,56.5,15.2
19.2,37.1,23.5,41.8,92.9,35.0,135.8,81.1,79.8,65.5,73.9,64.4,78.5,21.3,17.5,53.4,29.5,33.5,36.1,32.6,44.8,5.2,28.9,31.6,134.0,29.8,31.2,15.7,20.0,53.4,156.3,52.5,34.5,41.7,59.7,65.0,27.4,34.7,102.6,96.2,27.0,16.8,7.6,49.4,13.8
20.4,35.2,27.3,41.8,95.0,34.5,135.3,88.0,86.6,70.1,72.1,61.0,78.4,23.9,18.0,52.3,29.3,34.6,36.6,34.8,44.3,6.2,29.5,33.0,133.7,34.5,32.0,13.7,20.5,52.0,156.9,56.9,34.4,43.7,69.8,75.8,28.6,38.2,102.5,93.2,29.4,15.8,9.2,54.4,14.4
18.3,32.1,25.8,40.0,87.6,31.3,134.4,87.7,85.2,70.1,77.5,55.3,71.4,21.8,17.3,53.5,28.0,35.2,37.4,32.8,44.8,6.2,29.4,31.5,133.3,34.4,33.9,13.3,19.9,54.7,155.2,53.4,32.0,40.9,68.6,76.3,25.2,34.2,103.8,95.3,26.7,11.6,9.0,51.3,14.2
18.9,36.7,27.0,42.1,85.9,32.6,136.2,85.9,87.5,73.9,73.6,59.2,74.9,23.0,17.9,54.7,28.8,36.2,38.6,33.0,43.4,6.2,29.5,32.9,135.5,35.5,33.1,14.0,20.2,52.4,159.8,52.6,34.7,42.2,67.9,66.5,29.0,37.8,102.8,95.6,28.9,15.2,7.5,52.3,14.5
17.7,34.9,26.2,39.6,86.8,31.9,133.8,81.1,80.9,68.9,71.9,57.5,76.8,22.5,19.2,55.3,28.9,33.7,36.4,33.4,41.8,5.5,30.5,32.8,131.5,33.5,32.3,13.6,18.4,51.7,152.8,51.7,32.8,42.4,67.3,70.1,25.6,36.3,101.5,91.7,28.4,14.7,9.5,50.0,14.5
21.5,39.3,32.4,48.4,111.9,39.1,142.3,101.1,100.5,82.2,77.7,67.5,82.6,25.4,18.3,54.9,29.4,36.0,39.1,42.2,45.4,5.3,32.8,36.3,142.1,41.0,34.5,15.4,22.1,56.1,165.4,72.6,36.9,45.1,85.1,97.0,34.1,42.3,107.0,99.7,29.4,15.6,8.3,82.7,15.5
20.9,38.2,30.2,47.0,100.7,37.6,142.8,91.7,93.3,76.4,82.5,62.0,76.3,24.8,19.4,54.8,31.6,40.0,42.3,37.1,48.1,6.4,32.3,35.7,141.8,37.6,34.8,15.0,24.3,56.6,164.5,59.1,34.0,40.8,73.4,79.0,27.9,35.6,110.0,102.8,27.5,14.7,7.2,68.3,15.3
17.1,38.0,27.4,44.9,94.3,31.3,135.7,91.0,87.0,74.7,75.7,55.3,72.6,23.8,17.7,53.7,27.9,33.5,36.9,32.4,43.3,4.2,29.7,33.2,134.3,35.8,33.3,14.3,21.1,53.7,157.8,55.5,34.0,42.4,72.3,78.7,28.9,39.0,102.4,94.0,27.1,12.8,8.8,56.5,14.5
19.6,36.5,26.2,43.5,90.8,33.1,145.0,88.2,87.5,75.1,81.8,57.0,74.5,23.2,17.9,53.9,31.7,31.3,33.7,34.4,50.6,6.3,30.1,33.8,143.2,35.7,34.0,13.0,19.9,55.7,165.8,54.8,36.0,44.7,71.9,74.5,28.7,37.4,110.4,102.7,28.0,14.4,8.3,57.0,15.3
22.8,37.8,28.5,46.7,104.1,38.2,132.5,102.2,96.9,82.6,69.8,61.0,82.5,25.3,19.0,54.7,30.7,37.7,39.3,40.8,43.1,6.2,35.1,38.0,131.2,40.7,31.6,14.2,21.2,51.4,153.8,64.9,34.7,46.1,83.3,101.6,31.9,43.1,99.5,88.7,29.4,10.2,12.0,72.6,16.3
19.5,35.3,28.2,41.6,89.2,33.2,135.3,87.2,85.4,73.3,72.5,58.2,70.4,23.5,18.1,53.7,28.5,35.7,38.9,34.8,43.4,5.7,30.8,33.2,133.8,35.6,32.1,14.7,20.7,51.1,156.4,53.5,37.7,44.0,65.7,72.5,30.0,36.5,98.9,92.3,26.1,13.2,6.7,53.2,14.9
22.0,37.0,31.7,44.0,97.7,37.3,140.4,97.3,94.6,84.5,73.8,65.0,82.0,25.7,19.9,57.6,30.8,36.4,37.5,38.6,44.8,6.1,33.6,35.8,139.7,39.0,33.7,15.3,21.6,54.3,162.4,63.3,36.2,44.5,80.3,81.7,31.6,40.4,105.1,97.5,30.2,16.2,9.2,70.9,16.5
21.6,38.3,31.2,45.7,106.3,39.1,150.5,96.3,90.7,78.5,79.6,66.3,79.4,25.1,19.1,55.2,30.9,33.6,37.8,39.6,47.4,6.6,32.9,35.8,149.5,38.0,35.3,16.2,22.3,57.3,174.0,63.3,41.0,47.4,72.5,82.4,33.7,40.6,109.9,104.2,29.4,17.2,6.6,74.8,15.5
19.9,34.5,26.3,42.6,99.5,33.4,137.0,91.1,86.3,78.4,75.3,59.3,75.7,23.5,18.5,55.1,29.6,35.7,37.9,35.8,42.9,6.1,32.3,35.7,135.2,35.0,32.4,13.9,20.9,51.6,157.5,56.6,35.1,44.2,76.9,85.7,28.6,37.3,103.1,94.5,27.9,13.5,9.2,60.8,14.8
19.9,37.0,25.0,41.5,90.5,32.8,138.3,82.1,83.9,70.9,77.2,59.7,76.5,21.8,18.4,53.0,30.5,32.3,35.9,35.4,45.0,5.2,29.7,33.8,137.5,35.2,34.5,15.3,20.9,54.4,161.0,52.8,33.7,42.0,67.4,71.5,28.4,36.8,106.1,98.2,28.7,14.0,8.0,53.6,15.2
22.4,37.6,29.2,45.6,102.8,36.3,141.3,93.1,91.6,79.4,75.6,61.0,75.2,25.5,19.7,53.8,30.4,40.0,41.8,37.6,43.8,6.0,32.2,35.2,139.5,37.8,33.5,15.8,22.9,54.9,164.2,61.2,40.2,47.6,75.2,83.1,32.8,40.0,104.2,96.7,29.4,15.6,7.5,66.0,16.0
22.1,37.7,28.0,43.9,102.8,38.8,147.4,91.9,89.3,79.7,79.7,65.6,78.7,23.9,19.1,58.8,32.7,33.7,38.0,37.0,46.6,6.2,34.7,37.8,145.9,35.9,34.4,15.9,21.6,55.8,170.5,65.1,39.2,45.7,75.3,81.1,32.5,39.3,108.8,101.8,28.5,16.4,6.4,72.8,15.1
19.3,33.3,24.8,40.9,94.1,32.4,134.6,91.4,86.4,75.7,73.4,58.5,75.7,21.1,16.5,51.0,28.0,36.0,36.5,33.4,44.5,5.9,29.2,31.8,133.3,35.1,32.1,13.5,19.3,51.6,156.1,56.5,34.2,42.9,71.7,74.3,28.5,39.1,101.7,93.5,29.1,16.1,8.6,52.4,13.7
20.5,37.4,27.8,44.2,90.3,33.2,140.5,94.0,91.2,82.3,78.6,58.7,73.9,23.5,18.6,54.1,30.4,34.4,36.9,33.8,46.6,5.9,31.6,34.1,140.4,37.8,35.6,14.7,22.4,55.4,162.7,54.6,35.3,43.3,74.3,73.9,28.7,36.1,107.0,100.0,28.5,15.3,7.8,58.5,15.3
21.1,34.5,26.0,40.3,89.8,33.5,144.5,83.9,79.9,72.2,79.8,61.7,75.6,23.4,18.7,54.2,30.1,29.1,31.9,35.2,47.0,6.0,32.0,35.3,143.1,36.2,33.5,13.6,19.9,54.1,168.2,54.2,37.5,44.8,68.5,69.8,31.8,38.6,107.6,101.3,28.4,16.7,6.4,55.8,16.0
21.8,39.0,29.2,45.7,108.0,38.1,153.9,90.4,90.9,80.0,88.5,64.7,75.2,24.8,20.3,54.2,33.0,33.5,37.4,40.7,53.5,5.7,32.7,36.0,153.1,40.3,40.1,15.9,24.1,63.4,177.0,66.5,41.3,46.7,76.9,84.3,35.8,41.6,113.9,108.1,27.6,15.7,5.7,77.5,16.8
20.3,37.8,28.0,45.2,98.9,35.2,145.7,89.8,88.4,78.3,80.2,65.8,80.7,23.7,19.2,54.8,30.1,37.6,39.7,36.6,47.5,6.1,32.2,35.5,144.8,38.8,35.0,14.1,21.7,56.6,168.5,58.5,36.3,43.1,69.6,72.8,30.4,39.0,110.5,102.9,30.7,17.3,7.5,64.9,15.4
21.8,35.7,27.1,42.4,98.7,37.3,144.4,90.2,87.9,75.7,79.7,63.0,80.3,23.3,19.6,56.1,30.9,33.1,35.3,37.1,47.4,5.7,30.2,34.0,143.2,36.0,33.3,13.9,21.9,55.6,167.0,62.0,35.6,44.5,74.8,79.6,28.9,38.9,110.7,101.8,31.1,15.5,8.8,68.7,15.2
19.9,36.6,29.9,43.7,98.0,37.1,134.9,94.2,88.4,80.3,73.2,57.4,76.3,24.7,18.1,54.3,28.4,32.1,34.5,34.0,42.8,6.2,31.9,34.9,133.3,36.9,33.3,14.5,20.1,53.1,156.0,59.5,35.8,45.2,75.5,89.6,29.6,40.6,101.2,91.8,28.3,11.7,9.4,60.9,15.0
21.1,37.2,29.2,45.3,96.3,34.0,138.7,93.2,91.6,81.8,74.7,60.9,77.1,23.7,18.5,55.3,29.6,37.0,39.3,34.5,44.1,6.2,30.7,34.3,136.6,38.9,32.5,15.0,21.7,52.7,160.3,58.1,36.3,44.9,75.6,82.6,29.8,38.4,104.0,95.6,28.0,15.3,9.1,62.4,15.2
19.8,36.0,27.5,43.7,94.7,35.9,137.4,89.1,89.7,73.8,73.0,59.8,77.2,23.8,19.2,55.2,29.5,36.3,37.7,36.3,43.1,6.0,31.3,34.3,136.5,37.0,32.2,14.5,21.3,52.4,161.2,58.6,37.1,46.3,68.2,81.5,30.2,39.4,102.3,94.8,29.1,12.8,9.8,60.7,15.2
22.5,36.7,30.0,44.3,101.2,39.0,137.9,95.6,91.3,82.4,69.1,65.9,83.3,24.4,18.0,55.7,30.4,33.7,33.9,35.7,41.5,6.2,32.3,34.6,136.9,38.1,32.2,13.0,21.2,50.7,160.3,60.9,40.6,48.7,76.3,81.9,32.0,40.2,100.3,92.2,30.8,14.7,8.5,67.1,15.4
22.1,36.6,30.8,45.3,105.2,36.9,145.6,98.1,97.6,86.9,78.5,69.0,85.0,24.8,19.0,53.4,31.2,39.0,39.6,40.7,46.8,6.6,32.7,35.1,143.5,39.4,33.3,14.3,21.8,53.9,167.2,64.6,36.6,44.4,84.5,86.2,32.0,41.9,110.8,102.7,31.9,17.5,8.2,74.9,15.5
21.4,38.2,32.0,44.7,97.5,36.9,145.4,92.6,92.7,81.2,81.0,58.0,72.5,25.2,20.5,53.9,33.2,35.0,38.7,39.2,48.5,6.4,32.2,34.2,144.4,39.5,36.2,15.3,22.4,56.9,167.3,60.0,37.2,44.4,73.2,75.1,31.7,38.8,108.8,102.1,27.5,14.3,7.2,66.0,17.1
21.9,38.8,26.2,43.5,90.8,35.8,152.3,88.4,88.9,74.1,89.1,58.2,65.4,23.8,20.1,56.2,34.2,39.0,41.5,37.2,52.6,5.8,33.0,37.1,150.6,35.3,36.4,16.1,22.0,61.2,174.6,54.2,36.5,45.0,67.7,69.8,32.1,37.1,114.5,109.6,26.1,16.5,5.3,61.5,15.9
20.6,37.9,29.9,45.8,95.6,34.2,136.5,92.4,91.7,78.5,74.2,58.2,75.6,24.5,18.7,55.3,30.9,34.6,38.2,34.2,45.8,5.8,32.8,35.8,134.8,36.6,32.8,14.4,21.5,52.5,157.0,57.8,35.0,43.9,75.5,84.1,27.6,37.3,103.5,94.4,28.3,13.8,8.7,60.3,15.2
18.7,37.3,29.5,44.5,103.6,35.2,144.0,91.6,86.9,77.4,79.3,57.4,88.5,24.3,18.5,55.0,28.5,33.1,36.3,36.5,46.2,6.6,30.2,33.3,142.4,37.3,33.5,14.7,20.7,54.8,166.8,64.1,34.4,49.7,75.4,97.5,31.0,42.7,110.7,96.8,31.4,9.9,14.9,67.9,14.5
19.5,33.8,25.0,37.9,88.6,31.1,145.0,79.6,79.8,67.0,79.3,56.1,78.4,22.5,18.8,52.6,29.8,34.8,37.1,34.3,47.6,5.7,29.3,31.0,143.5,34.8,33.8,14.3,20.2,54.2,167.2,51.1,35.4,46.4,60.8,71.7,30.4,41.4,109.6,100.0,29.5,14.3,10.4,51.5,15.4
20.5,37.8,26.5,44.6,93.4,36.8,141.5,92.6,87.8,75.3,77.5,61.9,69.8,22.2,17.7,55.9,29.0,34.4,36.4,34.8,44.6,6.1,30.6,32.6,140.1,34.5,33.4,15.4,22.7,54.1,162.3,56.7,39.7,43.4,69.3,72.1,34.6,38.5,102.7,99.2,25.2,17.6,3.5,60.1,14.2
19.5,35.2,23.0,39.0,85.9,31.4,137.4,81.1,80.2,70.6,75.7,52.0,70.5,21.5,18.3,50.7,28.4,33.2,36.9,32.5,43.1,5.5,28.9,32.6,136.4,34.3,32.3,15.0,22.1,52.5,157.3,48.3,35.5,45.1,66.8,75.5,28.5,38.1,102.8,93.5,28.7,13.7,9.1,46.4,14.7
19.1,36.9,30.2,46.4,102.0,36.3,136.6,93.9,92.7,79.8,73.1,67.2,89.0,24.4,18.3,55.2,29.4,37.9,38.5,35.5,44.6,6.3,33.7,37.5,135.2,37.4,32.1,13.9,21.9,54.2,158.0,61.7,31.4,43.3,79.8,83.5,25.1,36.5,106.5,95.1,31.6,15.0,11.8,66.3,14.4
22.1,34.9,25.1,40.4,91.8,38.0,143.5,82.0,81.1,71.5,78.1,56.8,86.7,23.3,19.6,54.6,32.1,32.6,36.0,36.4,47.3,6.2,32.0,36.4,140.8,36.0,33.3,13.6,20.0,54.4,165.6,54.3,31.4,47.6,70.5,73.5,25.3,40.0,112.1,98.1,33.5,14.1,15.3,56.8,15.7
18.5,35.5,25.0,41.6,88.0,31.2,139.5,87.9,87.4,74.0,79.9,56.3,67.0,22.0,17.8,56.1,28.7,34.7,36.5,34.3,47.8,6.4,31.4,34.0,139.1,35.2,33.3,14.0,20.1,53.1,160.6,53.0,35.8,41.6,70.8,73.1,30.7,36.3,104.5,99.8,24.1,12.0,5.6,52.4,14.6
21.3,39.2,30.5,48.5,104.1,35.1,141.8,101.8,97.8,88.5,79.1,61.8,85.7,24.4,19.0,54.6,30.7,39.1,41.2,37.8,47.2,6.1,34.2,38.1,140.6,41.0,34.4,15.0,21.4,56.4,163.7,65.5,34.0,46.4,83.4,92.8,27.2,39.2,109.8,98.4,28.5,10.9,12.3,72.6,15.2
19.8,36.0,28.3,42.4,94.3,34.3,134.8,88.3,87.8,71.0,76.2,56.2,74.7,23.1,18.5,55.5,30.8,31.9,35.0,35.5,44.7,5.6,30.7,32.9,132.8,34.3,32.6,14.6,19.9,53.5,156.6,57.0,32.6,42.0,65.4,78.9,29.1,38.1,103.2,94.3,25.5,11.2,9.9,56.0,15.0
21.8,38.5,30.2,45.2,96.0,37.4,146.6,88.2,87.4,71.8,81.3,66.3,78.8,25.2,18.9,55.5,31.3,38.1,39.2,37.0,47.9,6.4,31.1,33.4,145.2,36.8,34.0,15.0,21.7,56.0,168.5,58.9,38.1,44.2,69.9,71.8,31.3,38.6,110.3,103.0,29.3,17.9,6.8,66.7,15.8
19.7,33.8,27.9,39.8,94.2,33.8,128.7,83.9,84.3,71.4,72.3,57.1,74.5,23.0,18.3,53.4,29.9,33.3,36.0,35.8,43.4,6.0,28.2,29.8,128.3,33.1,31.1,13.2,20.1,50.9,149.2,56.7,32.1,40.6,65.8,78.9,27.6,36.8,98.2,89.1,25.0,12.9,9.4,53.6,14.4
18.5,36.3,26.3,42.6,92.0,31.8,143.7,87.5,87.8,76.6,76.1,59.8,72.0,22.6,18.4,52.8,28.8,36.6,39.3,33.7,47.7,6.1,30.0,33.7,142.3,35.5,31.8,15.9,21.5,51.3,166.0,54.2,39.1,45.4,71.9,78.2,33.3,39.4,105.3,100.1,26.4,15.5,6.5,54.5,14.8
21.7,37.7,33.2,49.0,103.9,36.4,141.4,107.6,103.1,90.6,76.1,67.1,88.2,26.1,20.2,55.7,31.4,41.3,41.8,38.6,47.0,5.7,33.7,36.5,141.4,43.4,33.6,15.2,23.1,51.5,163.3,63.4,34.8,45.0,90.2,103.5,31.8,43.4,108.3,97.1,30.0,13.2,10.0,77.9,15.6
20.9,37.5,30.3,46.9,95.4,36.0,137.6,93.7,92.7,81.8,73.7,63.7,79.3,25.2,18.9,55.0,30.3,38.3,39.4,37.5,43.8,5.8,32.5,35.5,136.6,38.9,34.0,14.5,21.2,52.6,159.3,59.7,36.1,44.1,78.1,79.3,28.2,37.3,103.4,94.2,28.7,15.7,8.0,63.5,15.3
20.2,34.0,27.7,40.3,97.5,33.5,134.0,85.2,79.8,73.0,73.9,56.2,75.6,23.4,18.1,52.0,30.0,32.0,35.0,36.8,43.9,5.2,30.2,33.3,131.4,33.3,31.5,14.2,19.4,52.7,153.8,59.0,34.7,45.0,72.1,80.6,27.1,37.4,99.9,90.6,26.4,11.3,9.4,56.2,14.3
21.1,36.8,32.0,44.3,106.4,35.5,149.3,102.4,95.1,86.3,82.9,65.0,91.1,26.6,21.1,55.8,33.4,38.0,40.1,39.1,49.0,6.1,33.1,36.3,147.5,40.3,35.6,14.6,23.3,57.1,170.6,65.5,34.8,48.4,86.4,94.5,28.1,42.0,116.2,103.2,32.7,13.2,13.2,78.4,16.5
19.2,35.9,25.0,40.3,88.8,32.4,143.3,84.6,83.1,68.6,78.5,57.7,71.1,22.5,18.8,54.3,28.1,35.5,38.8,34.2,45.6,7.0,30.4,32.7,140.5,34.0,32.2,14.2,22.2,53.4,165.5,52.1,38.9,45.8,63.5,71.3,30.8,38.4,106.3,99.1,28.3,13.0,7.0,51.3,15.0
22.0,38.5,26.2,44.1,97.6,36.7,148.8,91.9,89.1,77.5,80.2,63.2,79.0,24.3,18.6,55.3,31.2,34.8,37.8,36.4,48.8,6.7,31.1,34.6,148.1,37.2,34.1,15.5,21.3,55.7,173.3,57.0,38.1,46.4,69.7,73.0,34.5,42.1,111.5,103.9,31.7,18.1,7.9,62.9,15.4
21.6,35.0,27.5,42.4,93.3,36.2,142.6,89.4,85.5,74.4,78.3,59.0,70.8,24.0,19.0,53.7,31.4,36.2,39.3,35.4,45.6,5.5,32.8,35.8,140.3,36.8,34.6,14.0,21.4,56.4,162.9,56.3,38.4,44.5,69.1,73.1,32.2,38.5,104.5,98.8,27.5,14.2,6.2,60.5,15.2
22.0,38.5,30.5,45.6,96.9,35.0,140.8,100.5,92.3,86.4,73.5,58.3,82.5,24.2,17.6,55.7,30.0,31.7,35.6,37.3,44.6,5.5,31.8,34.1,138.6,37.2,31.4,15.2,21.4,51.7,162.8,56.8,36.6,49.8,81.1,93.0,31.5,44.2,106.2,94.0,29.0,12.0,12.2,67.8,15.3
19.1,39.0,24.7,43.6,92.8,31.3,155.8,84.7,84.1,71.0,88.0,58.5,73.4,23.6,18.8,51.1,29.2,34.1,39.0,34.9,51.6,6.2,30.0,32.2,153.6,36.9,37.1,17.0,22.1,58.7,178.7,54.6,39.1,46.6,65.4,76.5,34.9,42.8,116.7,109.1,30.1,16.3,8.0,57.3,14.7
20.3,35.3,27.0,42.7,95.0,35.5,141.0,88.9,86.2,77.1,78.2,60.8,77.8,23.5,18.1,55.2,28.7,37.5,38.6,35.3,46.6,6.4,31.0,33.3,139.5,36.7,33.0,13.4,19.0,54.3,162.8,56.0,36.4,44.6,72.3,79.2,30.3,38.6,106.5,99.2,28.7,14.1,7.6,58.9,14.8
19.7,34.9,25.8,41.9,91.9,31.5,142.8,88.4,84.4,74.8,77.3,61.0,73.0,22.5,17.8,53.1,29.2,31.1,32.6,34.8,45.8,6.8,30.7,32.5,141.5,35.3,32.2,13.9,21.1,53.8,165.4,53.0,39.6,45.7,65.6,74.5,34.5,40.9,104.7,99.2,29.0,16.7,6.3,54.9,14.6
20.8,37.7,28.0,46.5,97.7,33.8,150.3,101.5,95.3,81.3,80.1,62.0,84.5,24.8,18.8,56.1,32.0,39.0,40.5,37.8,46.8,6.9,32.5,35.9,146.8,40.5,35.3,15.3,22.4,56.6,171.2,57.8,40.0,50.9,77.9,89.8,30.6,42.0,112.9,101.5,31.7,13.1,11.3,69.3,15.4
21.1,37.4,26.3,41.7,93.8,34.4,147.5,83.1,84.8,73.2,82.1,61.2,74.5,24.7,20.4,52.9,34.0,33.6,37.5,36.6,48.1,6.7,31.0,35.2,146.1,34.8,33.6,15.6,21.5,55.9,169.5,54.6,39.2,46.1,67.5,70.2,32.3,39.3,110.0,103.2,28.7,16.6,6.9,59.6,16.5
20.0,35.5,25.0,40.6,89.2,34.5,138.4,81.8,81.6,72.0,74.2,63.5,69.8,22.2,18.3,54.6,28.8,34.1,36.3,32.3,44.3,6.8,29.5,32.6,136.5,34.5,32.4,15.3,20.4,52.5,160.5,48.9,40.4,43.9,62.1,67.8,33.6,37.2,99.6,97.0,25.5,16.3,3.4,49.9,14.9
22.4,37.7,31.9,46.9,103.7,39.0,136.7,91.3,93.9,79.2,76.0,60.0,76.5,25.1,18.5,52.9,30.1,35.9,38.4,37.1,44.6,6.0,31.1,33.7,136.0,37.0,32.7,14.8,22.2,51.5,159.0,60.4,33.8,42.4,78.3,93.1,32.4,41.1,103.2,94.5,28.1,14.6,9.3,68.3,15.6
20.8,38.5,26.8,45.4,92.7,35.9,145.8,91.4,89.9,77.3,83.4,62.0,71.6,23.3,19.8,56.2,33.0,36.7,39.9,36.3,49.2,6.5,31.5,34.0,144.3,38.4,36.3,16.0,20.7,59.5,169.2,54.7,37.2,42.0,71.4,72.2,32.3,35.8,109.7,105.3,25.5,15.0,4.2,62.0,15.6
19.1,38.0,25.4,42.1,92.9,33.4,140.5,84.7,80.5,72.4,77.4,56.6,71.9,22.2,18.4,52.9,30.2,33.6,38.2,33.7,45.3,5.3,29.9,32.9,139.1,33.3,32.8,16.0,20.4,54.4,161.0,57.5,36.8,44.8,67.0,71.3,31.4,39.5,105.3,97.4,27.9,12.8,8.1,55.1,14.9
17.5,36.3,27.2,40.8,90.0,30.1,144.7,83.0,82.8,74.1,81.1,55.2,73.7,22.9,18.1,54.3,30.2,31.9,35.3,33.5,47.2,5.8,31.6,33.7,143.8,36.8,35.0,14.5,19.9,57.0,167.4,54.7,36.1,46.2,71.0,75.7,27.7,36.7,110.5,101.5,28.1,13.5,9.8,55.0,14.8
20.8,34.4,25.5,39.9,88.2,34.0,133.0,84.8,86.5,71.1,72.9,56.5,65.0,23.0,19.5,54.7,31.1,35.0,37.3,32.9,44.0,5.9,30.6,33.9,132.1,35.2,31.8,14.9,20.0,51.4,155.9,52.8,36.1,40.7,66.0,65.9,33.0,37.8,97.5,92.0,24.2,12.9,4.7,53.4,14.7
21.8,35.9,29.5,45.3,95.2,37.6,149.8,84.1,87.6,73.2,81.2,60.7,74.0,25.2,19.3,54.2,30.5,34.4,36.8,38.7,48.2,6.9,31.3,35.2,147.7,39.4,36.0,14.6,20.9,57.9,171.3,56.4,42.0,48.6,70.6,80.6,34.9,42.1,109.0,102.2,28.5,15.2,7.2,64.1,15.6
19.7,37.8,29.5,44.7,97.0,35.3,141.0,94.5,93.3,81.5,79.7,58.5,80.1,23.3,18.8,54.4,30.8,34.6,37.9,35.5,45.7,5.5,32.2,35.3,139.7,37.1,34.1,15.5,21.3,56.1,164.1,56.6,34.7,45.7,77.8,82.9,30.1,40.8,108.0,96.7,30.7,14.0,11.2,64.3,15.1
18.3,37.4,25.5,42.3,84.5,30.7,142.1,82.0,84.2,69.9,81.5,55.2,68.7,22.6,18.3,53.4,29.7,34.1,37.2,33.9,46.9,6.1,30.3,32.4,140.5,35.5,33.8,14.5,20.2,57.1,162.3,48.0,36.8,43.6,64.9,67.1,29.9,37.0,108.3,101.1,26.6,16.6,6.2,49.6,14.8
20.1,35.6,31.0,42.5,96.0,35.4,140.3,89.0,86.7,74.0,79.2,57.3,73.3,24.0,17.8,53.2,29.9,31.8,34.0,36.3,46.7,5.4,31.5,33.7,140.0,35.9,33.0,13.5,18.9,55.0,163.6,60.6,37.1,45.3,70.3,80.8,31.5,39.3,106.1,98.8,25.6,11.4,8.0,62.8,14.2
19.6,37.0,30.4,44.0,101.6,34.2,141.0,97.9,92.9,85.8,77.3,57.8,78.5,24.7,19.5,53.7,29.7,37.5,39.5,36.5,45.1,5.3,32.6,35.4,139.5,39.7,33.7,15.2,21.3,54.8,162.8,61.8,35.3,47.0,83.1,93.4,31.4,42.2,106.3,95.5,29.3,11.2,11.3,68.3,15.0
20.1,38.1,31.8,44.4,98.1,35.6,133.0,91.0,93.5,76.0,73.9,62.2,78.4,24.3,19.5,54.6,30.0,33.0,35.4,35.3,42.7,5.0,32.3,35.1,132.5,37.0,32.1,16.0,21.2,52.7,155.3,60.2,32.1,41.4,74.5,79.2,30.8,39.3,101.4,92.6,26.8,14.1,9.0,63.9,15.4
17.3,35.4,23.4,40.0,79.6,30.2,134.3,81.8,81.9,71.0,74.7,59.5,70.1,20.8,16.9,53.5,26.6,35.7,37.3,30.7,43.2,5.9,28.8,31.9,133.9,34.5,33.5,14.9,20.8,53.0,156.3,46.8,35.8,41.0,62.7,64.0,29.5,35.6,101.2,96.3,27.0,16.1,5.2,43.7,13.3
19.8,37.0,27.4,43.6,96.8,37.0,144.1,95.3,90.1,83.7,79.4,62.8,79.4,23.4,19.5,54.6,30.3,35.2,37.5,33.8,47.8,6.4,30.0,33.8,142.5,37.5,34.5,14.9,20.6,55.6,165.8,56.7,37.0,46.0,83.0,92.1,30.5,39.5,109.2,100.7,28.8,15.7,9.2,66.7,15.2
20.3,38.7,27.0,44.3,94.8,35.4,134.1,85.6,86.0,70.5,73.2,58.7,74.2,23.5,18.8,54.6,29.7,35.5,39.1,35.3,43.2,5.2,31.5,33.9,133.2,33.9,31.5,15.7,20.7,52.9,156.0,57.4,33.4,42.2,67.3,76.5,30.0,37.9,101.9,94.2,29.3,12.4,8.2,57.7,14.4
19.3,37.4,25.5,41.9,90.2,32.8,150.6,81.2,86.3,72.7,84.0,59.8,73.2,23.1,19.8,55.1,31.5,35.4,38.2,35.3,49.6,6.3,31.5,33.9,147.8,34.4,35.4,15.0,22.3,58.7,173.8,50.7,39.2,46.3,68.3,71.1,33.2,40.4,112.0,105.0,28.0,16.6,6.9,55.6,16.0
21.7,37.9,28.4,44.4,90.7,37.7,135.4,83.2,84.3,68.8,75.1,58.0,65.5,22.7,19.8,53.3,31.5,34.4,38.0,36.4,44.8,6.3,29.7,32.8,134.8,34.4,33.2,15.5,19.9,54.5,159.0,58.9,36.5,40.8,62.4,65.8,32.6,37.1,100.7,96.6,24.3,14.7,4.4,59.1,15.4
18.5,38.3,32.3,46.0,98.5,32.9,140.1,100.1,95.8,83.5,77.6,61.3,79.2,24.2,18.0,55.7,28.8,40.0,40.9,34.2,45.1,5.8,34.7,36.4,138.4,37.5,31.0,14.8,21.3,51.8,160.0,62.4,36.5,46.0,82.5,89.3,30.7,39.5,105.2,96.7,28.3,12.3,8.9,65.9,14.8
23.1,38.4,33.4,48.4,108.8,38.3,146.0,105.0,102.3,89.5,80.2,69.5,91.1,26.4,19.1,55.4,31.7,39.6,41.2,39.7,48.1,6.5,32.6,36.4,143.7,41.7,34.5,16.1,21.7,56.5,168.3,65.8,36.9,49.0,85.0,100.0,30.8,42.5,110.6,99.5,31.8,13.9,11.1,81.2,16.2
19.0,37.9,29.0,44.2,93.9,34.8,141.3,88.8,89.9,79.2,80.6,57.3,72.8,24.7,18.5,52.9,29.3,31.2,35.3,35.8,47.2,5.1,31.4,34.2,139.8,38.7,36.0,14.8,21.6,59.1,162.5,58.5,35.9,43.7,73.8,76.6,32.4,40.7,106.8,98.8,24.9,14.0,7.2,61.8,15.3
19.8,37.2,27.8,44.7,97.9,34.9,139.6,92.8,91.3,78.4,74.9,65.1,84.3,23.5,18.1,55.1,30.0,35.3,38.2,36.3,44.8,5.9,31.3,34.6,137.8,37.3,33.5,14.5,22.0,54.2,162.3,59.9,34.5,43.9,75.2,83.3,27.4,38.1,107.0,98.6,30.8,14.2,11.2,63.0,15.1
21.4,36.1,32.8,45.5,105.2,35.9,137.1,94.1,93.9,79.9,72.1,62.9,72.2,24.5,17.7,53.2,29.9,37.0,38.5,37.5,43.9,5.1,31.0,34.1,134.5,38.7,31.8,15.0,21.6,51.5,158.0,64.1,40.9,45.6,77.1,91.0,35.7,40.2,97.1,92.3,24.8,14.1,4.5,70.0,14.7
20.8,38.0,26.6,42.4,101.4,37.3,149.3,92.6,89.5,78.7,78.5,69.3,81.7,23.7,19.5,53.8,31.8,36.2,38.5,37.1,48.6,7.1,29.9,31.6,148.0,36.8,35.8,16.4,22.1,57.3,172.6,58.2,38.5,44.7,72.0,78.3,33.0,40.0,111.8,104.8,30.3,18.4,6.9,66.7,15.4
19.5,34.9,28.7,40.9,91.1,35.1,138.1,85.2,86.6,73.5,75.0,57.8,75.1,23.8,18.5,55.4,29.0,33.6,34.8,36.0,44.2,5.5,32.2,34.5,137.1,34.2,30.5,14.1,20.7,50.9,159.3,56.9,37.2,45.2,66.8,73.7,31.1,40.5,102.4,93.6,27.5,12.2,8.8,56.8,14.7
20.1,37.1,28.3,45.0,103.5,36.3,137.4,92.7,90.4,78.4,79.2,57.3,76.5,24.0,18.7,53.7,30.8,35.5,38.3,39.5,46.4,5.1,33.0,35.9,135.5,36.7,31.7,15.6,20.8,50.7,157.8,63.4,34.9,45.5,79.9,92.0,27.6,36.3,105.7,97.0,28.3,13.3,9.2,65.4,15.3
20.4,38.6,28.0,45.2,100.5,36.4,149.8,95.6,93.7,81.6,84.8,60.2,77.8,24.2,19.3,53.3,31.6,37.7,40.3,37.0,50.8,6.0,31.5,34.0,148.4,37.0,35.5,16.0,21.2,58.2,171.7,59.9,39.5,49.0,73.7,83.4,33.7,43.2,113.5,104.1,29.6,15.5,9.4,68.6,15.3
21.0,39.3,28.3,46.1,97.4,36.2,140.5,91.6,91.4,79.0,76.2,56.0,73.9,25.0,18.9,56.3,31.0,35.0,38.5,38.1,44.6,5.6,32.3,36.6,138.4,36.5,34.6,15.8,22.1,56.4,161.8,60.2,37.8,46.4,76.5,82.6,32.3,40.9,103.1,95.2,26.4,13.4,8.5,64.3,15.2
19.8,38.4,27.3,45.1,94.7,33.3,147.0,89.3,90.3,74.1,83.2,58.8,71.9,23.4,17.6,54.2,31.9,37.0,40.2,35.0,48.6,5.9,31.1,34.9,144.6,36.7,34.1,15.7,21.1,56.3,167.6,56.4,36.6,43.4,70.8,77.0,30.0,37.0,111.3,104.5,28.6,16.2,6.6,61.6,14.8
18.9,36.6,29.6,44.2,98.7,34.4,139.5,93.3,90.5,77.6,76.1,65.0,86.2,23.6,18.0,53.9,29.4,34.3,37.5,36.4,45.8,6.1,32.1,35.3,137.5,35.8,32.1,15.5,20.0,53.0,159.6,60.5,32.0,43.2,77.9,87.0,28.2,38.7,108.5,97.4,30.3,14.1,11.2,63.8,15.5
20.7,36.7,31.0,41.7,98.8,35.5,146.8,88.3,86.6,73.2,79.9,65.9,88.1,26.0,23.0,55.5,33.2,33.0,36.8,37.3,46.7,5.9,33.3,36.2,145.6,38.9,33.4,16.4,18.6,55.4,168.4,59.9,35.7,46.3,72.3,74.8,28.6,40.4,112.3,101.2,32.4,17.5,12.3,66.4,16.1
19.8,35.4,28.4,43.7,101.1,34.7,130.1,91.6,89.9,74.7,69.8,54.2,82.7,24.4,19.2,52.6,30.8,36.5,37.3,37.1,42.4,6.2,30.1,32.1,128.5,38.0,31.6,12.8,21.9,52.0,151.1,60.6,31.2,46.3,74.5,96.1,28.8,42.7,98.6,85.5,28.8,8.7,14.6,60.7,15.4
18.7,35.6,25.7,40.8,89.8,30.5,138.6,90.2,84.7,73.1,74.2,63.5,74.6,22.2,18.0,53.3,28.9,33.1,36.1,32.2,45.6,6.0,29.9,32.8,137.4,35.0,31.8,15.2,19.7,51.5,160.5,53.5,38.1,44.1,67.6,73.6,31.7,37.3,102.4,97.4,27.8,16.6,5.5,52.5,14.5
21.2,38.4,29.5,46.3,103.7,37.4,136.0,102.3,96.8,83.9,71.7,68.4,77.0,24.5,19.7,54.7,30.7,39.0,41.2,37.0,43.2,5.8,32.7,36.7,134.5,36.4,30.4,16.4,24.1,51.0,157.8,62.4,37.9,42.9,77.7,78.5,32.3,37.2,100.3,95.2,28.3,18.0,4.5,68.7,15.8
22.1,39.0,32.1,47.4,105.7,38.4,149.3,100.2,91.6,79.9,83.6,62.5,84.8,25.4,19.6,54.2,33.1,36.1,40.4,39.8,50.6,6.1,34.1,36.5,147.9,39.4,37.3,16.2,22.2,62.7,171.9,67.4,36.9,48.9,77.1,92.0,30.5,42.0,115.1,104.0,30.2,12.2,11.5,78.5,16.4
20.4,34.2,26.5,39.4,89.9,33.2,143.3,81.2,81.0,71.9,77.1,64.2,75.5,23.0,18.4,54.2,29.3,31.5,33.9,35.2,45.9,6.8,29.5,32.3,141.7,36.9,32.4,13.6,19.9,51.5,166.0,57.1,40.8,46.7,62.1,67.4,33.8,39.5,105.1,99.7,29.0,15.1,6.3,55.1,14.6
22.3,38.6,28.0,44.1,101.7,39.5,140.5,83.1,85.6,72.5,78.2,65.1,77.1,23.5,18.8,55.6,31.0,33.9,38.1,37.8,46.0,5.7,32.5,34.8,140.2,35.0,31.5,15.2,21.3,53.0,162.4,65.3,35.8,41.7,69.4,74.0,31.9,38.6,106.2,99.5,27.5,16.1,6.1,67.4,15.4
21.5,38.7,29.4,47.1,100.8,37.0,137.0,98.1,94.6,80.0,75.0,62.0,77.9,24.4,18.8,55.3,30.9,38.0,40.2,36.6,45.3,5.4,32.9,35.0,136.2,38.3,32.6,15.2,23.6,53.3,158.6,61.2,34.4,42.7,75.1,83.9,30.7,39.5,104.0,95.5,28.3,13.6,8.7,66.8,15.6
21.2,34.5,29.0,42.5,95.0,36.1,136.7,86.6,88.3,75.2,72.2,66.4,72.9,23.7,19.1,53.0,29.1,35.7,37.2,37.6,44.8,5.7,29.7,32.4,134.1,37.7,32.9,14.4,19.8,50.3,157.2,58.0,39.9,43.0,66.8,70.0,32.2,35.6,99.0,95.1,27.1,16.3,3.0,56.9,14.8
19.7,38.4,26.5,42.9,90.8,34.4,145.6,83.9,85.4,74.6,81.2,62.3,73.8,23.4,18.0,54.3,30.3,33.2,36.5,35.4,46.5,6.3,28.8,32.1,144.2,33.8,34.0,15.8,21.9,54.8,168.3,55.5,38.8,44.9,67.1,69.5,33.1,39.5,108.5,102.9,28.2,17.2,6.0,56.8,14.4
21.5,40.5,31.2,47.6,106.8,37.7,153.2,99.3,95.2,84.3,82.2,64.3,90.1,26.3,19.6,59.5,31.8,36.1,39.4,40.4,50.0,5.8,34.8,39.0,152.2,38.8,35.5,16.7,22.9,57.8,176.3,65.9,38.3,51.3,78.3,88.7,31.8,44.7,116.4,103.3,34.4,16.0,11.9,79.4,16.0
21.0,38.6,30.3,44.4,92.7,34.2,136.6,86.9,88.0,76.7,77.9,56.4,71.2,22.5,19.8,56.0,32.8,33.1,37.8,38.0,45.4,5.3,31.5,34.1,135.3,36.4,33.8,15.3,22.4,56.4,157.5,57.2,37.2,45.2,70.7,86.3,33.6,41.2,100.9,95.0,25.3,13.0,7.4,62.3,14.7
20.5,37.3,27.1,42.6,100.0,36.0,147.5,91.6,87.7,80.8,77.6,64.5,78.8,23.9,18.0,56.1,30.2,34.7,37.0,37.9,47.0,6.5,33.1,36.0,146.5,36.5,35.0,15.1,19.9,54.7,171.3,57.4,40.5,47.7,74.5,78.8,34.7,41.6,108.3,101.2,29.5,17.7,6.6,65.0,15.2
20.9,36.7,30.0,42.6,94.9,36.4,139.5,89.9,86.7,77.3,75.7,58.5,81.3,24.4,19.2,55.1,30.3,34.1,38.1,37.0,45.6,6.6,32.6,35.0,137.2,36.4,32.2,14.9,21.5,51.6,160.2,58.6,34.4,45.7,75.0,82.2,28.1,38.5,106.7,96.4,30.0,15.5,10.5,61.4,15.3
19.7,38.0,25.5,44.8,93.6,36.2,151.6,91.8,92.4,80.9,81.8,59.8,71.4,23.5,19.7,57.1,30.7,36.3,39.1,35.7,50.2,6.1,32.0,35.7,150.7,38.3,35.4,15.1,21.3,60.7,177.2,52.1,42.8,49.1,73.9,83.9,38.9,46.0,110.2,103.3,26.5,11.2,7.1,63.7,16.3
20.7,39.0,29.0,46.6,97.8,34.1,139.7,95.0,92.8,78.1,77.7,61.4,79.5,24.4,19.3,56.7,30.3,35.9,39.0,36.6,47.1,5.7,33.5,36.4,138.2,38.0,33.4,16.0,23.2,55.0,161.6,56.4,34.1,42.9,80.2,83.6,28.1,37.6,108.0,98.8,29.1,14.1,9.3,63.9,15.5
19.9,37.7,27.8,42.2,97.2,34.3,130.1,82.6,85.9,73.0,71.5,59.0,68.4,23.2,17.5,56.8,30.3,35.5,38.2,36.4,42.3,5.6,32.3,33.8,128.6,33.6,31.4,16.0,20.5,50.5,151.0,58.3,36.5,41.6,67.8,72.4,31.0,37.1,96.0,90.8,25.5,15.8,5.1,50.7,14.4
19.8,37.0,26.4,43.1,95.0,33.3,143.2,85.0,84.7,69.7,79.8,58.0,72.5,22.3,19.4,55.1,30.9,32.0,36.2,35.6,47.4,6.1,30.9,34.0,142.3,36.5,33.9,14.6,20.2,56.8,167.1,55.6,37.8,45.2,64.2,71.7,33.9,40.8,106.8,100.1,27.3,14.0,7.1,57.5,14.6
20.0,36.6,25.5,42.3,94.2,34.8,135.8,88.3,85.5,77.1,71.1,62.1,81.2,23.1,18.7,53.7,30.4,34.2,36.1,35.6,45.2,6.1,30.3,32.8,134.4,35.9,32.1,14.9,20.5,51.3,157.0,54.1,34.1,43.3,75.1,81.1,29.0,39.9,104.0,94.3,29.3,15.3,10.5,55.9,15.5
20.8,36.8,29.3,45.9,106.5,35.5,145.0,105.5,96.2,85.0,76.1,64.6,83.5,25.0,18.0,54.9,30.0,36.5,39.2,38.1,46.6,5.9,32.6,37.2,143.5,39.4,33.8,15.0,21.3,53.6,166.7,64.4,39.5,49.2,89.1,105.1,33.2,43.7,107.7,97.5,30.3,14.2,10.8,76.9,15.6
20.8,37.0,30.3,44.6,104.0,38.3,144.8,96.0,94.8,83.5,79.9,63.7,82.2,25.2,19.2,56.5,31.2,38.9,38.5,38.7,46.4,5.8,32.7,36.5,143.5,38.8,33.2,13.9,22.3,54.1,167.4,65.7,36.5,46.1,80.1,85.2,30.1,39.3,110.3,100.8,29.2,13.8,9.7,73.7,16.0
18.8,34.4,27.0,40.6,88.1,33.4,127.6,85.9,83.6,72.5,67.8,58.0,71.7,22.2,17.1,55.1,27.4,30.5,33.0,32.6,40.7,6.0,30.6,33.1,125.9,35.5,29.4,12.8,18.1,48.0,149.4,53.0,33.4,39.6,68.2,73.3,28.4,35.5,94.9,88.0,24.7,15.7,7.1,50.3,14.0
21.6,37.2,30.9,46.0,112.6,37.5,146.0,93.7,91.7,82.1,78.6,70.5,82.6,25.2,19.3,55.5,32.2,35.6,38.7,41.7,47.7,6.2,34.2,37.2,144.9,38.9,35.5,15.5,23.4,57.2,169.5,70.3,38.4,44.9,80.2,86.3,32.4,38.4,109.9,103.4,30.7,18.8,6.3,77.0,16.1
21.6,36.8,28.5,42.4,93.2,34.7,134.8,89.8,87.7,75.7,72.6,60.3,72.8,23.3,18.7,54.3,28.7,36.0,38.1,34.1,43.9,5.5,33.0,35.4,132.5,37.2,32.0,15.0,20.9,49.8,155.2,54.6,35.6,42.1,72.5,73.8,29.4,36.1,101.0,94.2,29.2,15.4,6.7,56.3,15.6
22.0,40.5,27.0,45.2,99.8,36.2,147.1,91.4,89.3,83.0,80.2,61.0,73.5,25.2,20.1,53.4,34.6,36.4,39.4,38.6,49.8,5.8,32.1,35.8,146.3,37.0,36.6,16.2,21.9,58.3,169.9,56.4,39.6,46.5,75.1,84.0,34.4,40.2,107.6,102.1,27.5,16.7,6.7,66.2,16.2
19.9,34.2,28.9,42.9,97.9,35.1,133.7,91.1,85.7,74.8,69.5,64.6,85.5,24.8,18.3,54.2,27.7,31.2,33.1,34.6,41.7,6.2,30.0,33.5,132.9,38.0,31.4,13.0,19.4,49.6,156.2,59.4,34.1,45.8,75.5,91.0,29.0,40.8,101.1,89.9,30.9,12.4,11.5,61.6,14.4
21.0,37.7,24.5,44.9,97.6,33.1,152.4,90.8,88.5,75.9,81.6,65.0,75.9,24.1,19.2,53.7,31.3,32.8,36.5,36.8,47.7,5.8,30.9,35.1,150.3,38.3,37.2,13.6,21.0,60.8,174.9,53.8,41.5,46.8,76.1,83.8,35.5,41.1,110.9,104.9,28.9,18.6,6.2,63.7,15.7
18.5,35.6,24.5,40.0,88.0,29.8,144.5,84.5,82.4,70.9,80.0,60.1,74.3,21.1,18.6,53.3,29.6,31.1,34.6,33.0,46.8,5.3,29.6,32.3,143.2,34.2,32.5,14.5,19.8,54.5,166.4,50.7,36.6,44.8,65.0,71.3,33.6,40.9,108.7,101.8,29.4,16.0,7.4,52.2,14.2
20.0,35.3,27.0,40.5,92.6,32.6,136.3,84.5,84.3,72.3,73.5,61.0,77.2,23.6,18.4,52.5,28.6,31.6,33.3,35.3,43.7,6.1,31.0,33.3,136.2,36.1,31.6,14.3,21.2,50.8,158.5,54.2,34.7,42.4,70.8,79.3,31.4,39.5,103.1,95.1,28.8,16.7,8.1,54.2,14.8
20.0,36.0,27.1,41.4,87.3,34.9,135.8,88.7,86.5,72.9,76.1,55.2,69.3,23.3,18.1,52.7,30.3,35.5,37.9,35.0,45.5,5.2,30.8,33.8,134.2,33.2,32.3,14.7,20.4,51.6,155.8,51.8,34.4,41.6,67.8,70.9,28.6,36.0,102.7,95.4,24.7,12.0,7.5,51.6,14.3
20.7,38.2,29.5,43.7,96.0,39.4,145.6,95.9,93.3,74.9,83.8,61.0,75.2,25.6,19.9,55.0,33.1,38.4,41.2,40.3,49.7,6.6,33.4,36.4,144.2,38.1,37.3,15.5,21.0,60.1,167.4,61.0,36.1,43.1,73.2,77.4,32.1,40.6,112.2,104.4,27.8,16.8,7.2,69.4,16.8
20.4,34.5,28.5,40.6,93.6,35.8,133.0,89.9,88.7,78.0,71.5,60.7,73.2,23.6,18.3,55.6,29.7,37.5,38.7,36.6,43.6,6.5,30.7,34.1,131.4,35.4,30.3,14.0,21.4,47.6,154.9,56.8,36.6,42.4,72.8,74.3,29.0,35.4,98.0,91.6,26.0,15.7,6.2,58.1,14.8
20.1,36.2,25.9,42.2,100.1,33.6,143.3,88.3,82.9,71.8,78.1,63.3,79.7,22.7,18.6,54.1,30.4,35.4,37.4,36.7,45.7,6.6,30.0,32.8,141.8,34.8,33.6,15.3,21.2,54.0,167.0,59.3,37.3,45.1,65.1,71.7,32.6,40.5,106.7,99.5,30.0,17.8,7.7,59.8,14.9
23.2,36.7,32.9,46.7,105.5,38.5,139.0,100.9,96.7,88.1,74.9,65.0,82.0,26.3,19.7,55.4,31.5,36.3,37.8,37.2,44.5,6.9,33.1,35.1,137.9,42.5,33.5,14.3,23.1,54.1,160.9,64.9,36.6,44.5,83.0,88.5,31.8,40.6,103.9,95.7,29.0,14.0,8.3,73.9,16.0
22.3,36.3,28.3,43.5,105.9,41.1,145.2,95.0,89.8,82.5,78.2,65.1,81.1,24.8,17.9,56.8,31.3,37.1,39.1,41.8,45.1,5.2,31.2,33.7,144.1,37.6,34.4,14.6,21.8,55.8,168.3,66.1,37.5,45.2,73.1,81.9,33.8,42.3,108.2,101.2,29.4,16.2,8.5,74.5,14.5
21.0,39.5,29.3,46.5,104.6,35.9,143.2,93.3,92.2,81.3,76.5,65.8,79.2,24.6,18.7,52.7,31.1,36.8,39.5,37.8,45.9,5.4,31.7,35.5,141.1,39.3,34.0,15.7,23.6,53.2,165.5,61.3,39.6,45.5,75.0,84.2,32.2,39.9,105.7,98.8,29.4,18.2,6.5,68.5,15.6
19.5,37.3,28.6,44.2,99.8,35.0,136.4,89.5,88.1,75.7,72.1,62.7,72.2,23.5,17.8,54.1,30.0,36.2,37.7,36.2,42.6,5.6,30.5,33.8,135.4,35.5,31.7,14.6,20.6,52.1,159.9,59.9,38.5,43.3,66.7,81.9,34.1,39.6,99.5,94.2,25.8,14.3,5.7,61.5,14.4
21.2,40.1,28.4,44.4,93.4,36.7,139.5,94.0,89.9,82.6,78.3,61.5,73.5,23.9,19.3,54.1,31.0,33.5,37.5,34.5,46.2,5.3,31.7,36.2,138.0,38.0,34.0,14.9,22.5,55.2,162.1,58.0,35.6,42.6,75.3,77.4,31.3,37.7,105.6,99.2,26.4,14.6,6.0,61.7,15.7
23.8,36.8,30.9,44.0,105.8,40.2,147.6,92.2,88.7,78.1,77.0,68.1,82.3,26.1,18.4,56.2,32.1,33.9,36.1,40.2,46.8,5.5,32.4,35.5,146.3,37.7,34.6,14.1,21.0,55.1,170.1,61.4,39.1,46.4,78.0,85.5,31.5,38.4,110.0,102.9,31.3,17.6,7.3,73.7,15.7
19.5,35.0,26.4,40.5,93.7,34.2,136.4,87.2,82.3,65.5,74.7,59.8,74.4,22.0,18.4,55.8,29.3,31.7,34.3,35.9,45.4,5.3,29.6,33.6,135.2,35.5,33.0,14.5,19.1,53.6,159.0,56.6,34.1,41.8,64.2,76.3,29.4,37.2,102.9,95.0,27.5,14.6,8.0,56.2,14.7
21.3,37.0,27.5,43.5,97.0,36.1,141.8,88.5,86.9,74.5,75.5,62.7,73.4,23.4,18.3,54.8,28.9,37.6,39.1,37.3,44.8,6.5,31.5,34.5,138.7,35.6,32.8,15.0,21.9,53.1,163.8,59.2,38.5,44.5,72.0,76.0,32.4,38.2,103.7,97.9,28.8,16.7,6.0,60.1,14.7
20.3,36.6,28.0,42.8,96.0,35.3,136.5,92.0,89.3,75.0,71.9,59.0,76.9,22.6,18.4,55.5,28.8,33.8,37.5,35.2,42.7,6.2,31.8,35.6,135.6,37.4,32.9,13.7,20.8,53.8,159.6,55.0,34.7,44.4,71.1,82.6,29.9,40.4,102.5,93.5,29.6,14.8,10.0,58.5,14.1
19.9,36.7,26.2,40.6,97.9,35.5,141.8,86.3,85.9,76.4,77.9,62.9,76.5,23.0,18.3,53.5,29.7,33.1,37.0,33.7,46.9,6.3,29.8,32.9,140.0,34.5,34.1,14.6,20.8,54.2,164.3,59.1,35.6,42.6,69.4,75.7,30.3,37.4,107.2,99.9,27.4,16.1,7.0,59.0,14.8
20.6,37.9,31.5,44.8,100.2,36.0,144.9,96.0,93.5,78.8,82.0,58.0,78.5,25.8,20.3,56.6,32.1,36.8,39.5,36.8,48.5,6.6,33.3,36.4,143.0,39.0,34.4,15.1,20.9,55.7,167.8,57.1,36.7,47.0,77.5,88.3,29.0,39.5,110.4,100.2,28.6,14.0,10.6,68.1,16.1
21.6,35.0,27.1,41.2,88.8,37.3,137.3,87.0,82.3,75.3,75.7,58.4,74.2,22.9,19.0,54.3,31.2,30.7,34.4,37.0,45.9,5.6,32.5,35.4,136.6,35.8,32.7,13.6,21.4,54.2,159.3,56.3,35.4,43.1,68.0,71.0,30.5,38.3,103.8,96.4,27.2,13.3,7.1,58.6,15.4
21.6,36.0,26.8,40.7,100.0,36.1,145.2,88.2,88.4,78.9,79.8,63.3,73.0,22.8,17.7,55.6,29.9,34.5,37.0,36.7,45.7,5.4,31.5,33.8,143.3,35.5,34.4,14.3,21.0,56.3,167.7,60.3,39.4,44.0,68.8,78.0,34.6,39.5,106.5,101.3,28.1,19.7,5.3,62.7,14.8
19.8,37.9,28.7,45.6,89.6,33.0,132.5,100.3,97.9,85.2,69.4,56.8,76.8,23.1,18.3,54.2,29.2,38.5,40.4,33.3,42.6,6.2,30.9,34.7,131.5,37.1,30.0,16.0,22.4,48.5,154.5,52.9,36.9,46.6,78.2,85.0,31.0,41.5,98.7,89.3,28.7,13.4,9.2,58.4,15.0
19.9,37.2,29.8,42.8,92.6,34.9,135.8,91.2,91.8,74.2,76.2,60.4,71.3,24.8,19.3,56.3,31.2,36.1,38.8,38.4,44.0,6.0,30.6,34.1,134.1,37.3,33.2,15.2,20.7,55.0,158.2,57.0,36.3,41.8,71.9,71.7,29.5,34.7,102.8,96.4,25.0,15.0,5.3,60.8,15.5
21.5,35.5,29.0,42.0,98.1,35.2,129.6,91.0,86.5,75.1,66.6,63.1,84.6,23.8,18.3,56.3,29.1,34.6,36.5,36.7,41.7,5.7,31.1,33.4,128.6,36.1,29.6,14.5,20.6,48.6,152.5,59.3,32.6,42.2,73.0,81.1,27.5,39.3,98.8,87.8,31.0,14.3,10.0,59.4,15.2
19.8,37.8,27.5,43.3,98.7,33.9,145.5,87.7,87.3,73.9,78.5,64.8,76.0,23.7,19.0,55.1,30.7,35.0,38.7,35.1,46.2,6.3,31.5,34.4,142.7,36.5,34.2,14.5,20.7,55.3,167.2,58.6,38.4,44.7,68.2,75.4,32.0,37.8,108.3,102.4,29.1,17.6,7.0,60.9,15.1
20.3,36.9,24.8,41.4,93.2,37.1,136.6,85.1,83.6,73.3,72.1,59.8,72.4,21.5,17.5,53.3,28.5,38.3,39.7,37.4,42.8,5.5,31.0,34.1,134.5,32.4,33.5,14.7,22.3,53.1,159.0,53.7,38.4,44.7,66.2,72.2,32.9,40.6,99.5,92.3,27.3,16.8,7.2,55.7,14.0
20.9,36.0,27.5,41.4,98.2,34.5,138.3,88.5,86.6,77.8,78.2,60.7,72.2,23.1,19.8,56.9,32.5,32.2,34.5,36.8,46.7,5.3,29.9,32.6,136.8,34.5,33.4,14.5,19.2,55.0,162.0,58.1,34.6,40.6,72.3,79.8,33.0,38.8,103.7,97.2,25.1,14.7,6.3,60.6,15.3
18.6,36.9,23.7,41.7,88.2,30.9,149.0,84.2,84.0,71.8,80.7,59.7,71.7,22.0,18.6,53.8,30.3,33.1,36.9,33.3,47.0,6.7,29.6,32.2,147.0,36.8,34.7,14.8,21.4,57.6,171.1,46.1,40.8,46.8,66.3,73.5,35.2,41.3,108.5,103.0,28.3,16.0,6.2,51.5,15.1
22.9,40.4,28.6,47.3,100.2,38.5,148.6,95.6,93.6,81.2,79.7,64.4,73.1,25.1,19.9,56.2,32.5,36.8,40.1,37.5,48.7,6.6,31.7,36.1,147.4,37.5,34.4,17.6,24.0,55.3,171.2,59.8,41.1,45.7,70.3,76.2,33.1,38.0,109.5,104.4,28.7,18.1,5.0,70.3,16.5
21.0,38.5,26.4,42.6,95.0,36.2,137.8,85.6,83.0,72.6,75.1,57.4,76.3,23.4,19.5,56.4,32.7,33.9,38.1,36.6,44.5,5.8,32.8,35.7,135.6,34.7,32.3,16.0,21.9,54.4,159.2,58.0,35.3,45.5,71.7,80.1,29.0,38.5,104.4,93.8,28.2,14.5,9.5,60.2,16.2
21.7,38.7,27.2,44.8,95.4,35.9,148.5,95.1,93.0,81.7,80.0,59.3,76.6,24.5,20.4,55.9,32.5,39.1,40.8,36.6,48.2,6.4,32.8,34.8,147.7,39.9,36.1,16.0,24.0,57.4,173.4,54.2,40.1,49.2,75.4,84.4,35.6,44.2,110.0,101.3,28.6,13.3,8.0,65.8,16.0
20.2,38.3,26.5,41.0,93.2,34.2,145.4,79.4,82.0,68.0,81.0,65.7,74.4,23.2,18.4,54.0,30.1,31.7,35.9,35.5,47.4,6.7,30.7,34.4,143.4,32.9,34.5,16.3,22.1,56.3,168.1,54.6,40.2,44.5,61.6,67.1,33.5,37.7,107.5,103.0,28.4,18.4,4.7,55.8,14.6
19.9,38.2,29.3,44.0,98.8,36.7,144.4,88.9,86.4,73.5,82.2,57.1,75.9,24.9,19.2,54.1,32.2,34.9,40.2,37.9,48.8,5.2,31.8,36.0,142.7,36.7,35.0,16.3,21.2,57.7,166.0,59.6,34.7,44.5,71.8,81.4,27.8,37.9,110.5,101.2,29.8,12.9,9.8,64.8,15.3
21.9,40.8,30.1,48.1,106.7,36.2,149.6,96.5,96.7,81.8,83.9,63.3,79.3,27.2,20.0,53.3,33.5,37.5,40.6,38.4,49.7,7.2,32.2,36.5,147.6,40.6,34.8,16.2,23.3,57.9,173.0,62.1,37.7,46.6,81.4,93.5,32.3,40.5,113.5,105.8,29.4,16.8,8.8,73.1,17.1
22.5,37.0,26.2,42.2,98.4,37.8,137.3,90.9,89.8,76.0,73.6,61.9,72.9,23.3,17.9,53.8,31.3,33.2,37.0,36.4,44.2,5.9,29.0,31.5,136.8,36.2,30.4,15.5,20.5,49.2,159.3,58.9,38.0,43.4,67.9,74.3,34.4,40.1,101.1,95.1,28.4,15.1,5.3,60.8,14.8
21.2,37.1,27.6,43.4,91.3,34.6,144.3,87.4,87.0,76.2,84.9,58.7,71.2,23.5,19.3,54.7,30.7,35.2,37.8,34.8,50.9,5.9,30.8,32.9,142.7,35.9,34.4,15.1,21.1,56.9,165.2,57.2,35.2,41.6,71.2,75.5,29.2,35.7,110.5,103.8,26.5,13.6,5.9,59.2,15.3
19.9,38.1,26.8,43.1,93.2,31.4,137.5,83.8,85.2,72.3,73.9,59.0,81.8,23.0,19.7,55.5,30.5,35.6,38.8,34.2,44.2,5.8,30.7,32.9,135.0,33.9,30.6,15.8,22.9,50.4,158.5,56.2,33.8,44.9,67.7,74.5,28.1,39.8,104.4,93.1,31.0,13.5,11.5,54.4,14.6
20.5,33.9,24.6,38.0,83.3,31.8,136.4,78.7,79.1,69.9,75.8,54.0,64.5,21.6,17.1,52.3,28.7,31.3,33.0,32.9,43.2,5.8,28.3,31.7,135.4,31.8,31.4,13.7,19.3,51.9,157.5,48.1,36.9,42.5,58.0,61.0,31.1,36.5,101.2,95.7,27.0,16.2,5.8,44.7,14.4
20.1,36.8,26.9,42.2,95.6,33.2,142.8,88.8,87.4,77.1,79.6,62.2,79.7,23.3,17.6,54.9,31.1,34.7,37.6,36.3,47.8,6.2,31.5,34.7,141.1,37.3,33.3,14.3,20.3,55.6,165.3,56.4,34.7,44.0,73.6,76.2,29.5,38.7,109.2,100.6,28.7,15.3,9.0,57.6,14.8
20.6,33.8,27.5,40.1,92.4,35.4,139.9,83.5,83.5,70.7,76.5,60.4,72.6,22.6,17.1,51.2,30.0,33.0,34.4,33.7,46.1,6.1,30.5,32.5,139.0,35.7,33.4,12.9,18.7,53.8,162.4,54.9,35.5,41.9,64.0,69.4,31.8,38.1,105.1,98.7,27.6,17.2,6.4,54.1,14.4
22.3,39.8,34.7,48.5,104.2,39.9,146.1,101.9,99.7,86.0,81.0,60.6,79.2,28.1,19.1,56.0,34.3,38.4,41.1,42.8,49.8,6.2,34.7,37.9,144.4,38.8,36.1,16.1,22.4,58.6,168.9,66.1,39.0,48.7,84.5,100.1,32.5,42.3,109.5,100.0,27.0,11.4,9.1,76.6,16.3
18.4,34.2,26.0,38.7,87.2,31.4,126.2,79.6,81.0,68.8,66.4,57.7,74.5,21.3,17.0,53.4,27.6,29.8,34.2,32.3,41.9,6.0,27.8,31.5,124.1,33.3,29.0,14.2,18.5,48.6,147.5,51.9,32.1,41.7,67.5,76.8,27.2,36.5,95.4,87.1,27.9,12.2,9.2,45.5,14.0
20.7,36.7,30.8,43.4,101.1,34.9,137.8,91.0,90.1,78.8,74.9,62.5,81.4,24.8,19.9,55.7,32.6,38.1,39.5,37.0,44.6,5.8,33.5,36.1,136.4,37.8,32.9,14.0,21.4,54.2,159.8,61.2,35.1,44.9,76.6,81.7,29.4,38.7,103.8,94.4,29.8,14.2,9.3,65.2,16.1
21.0,37.9,29.0,43.5,92.6,34.3,142.4,89.1,87.6,72.9,81.4,55.5,74.0,24.3,19.1,57.6,31.5,33.3,37.0,36.2,47.3,6.1,31.0,34.5,140.4,36.7,35.1,14.7,20.5,57.6,163.6,57.5,34.9,44.1,69.8,80.3,27.8,37.2,109.2,100.2,27.2,10.9,9.7,60.5,15.6
20.1,35.7,28.4,43.2,102.2,37.8,134.3,94.0,88.5,77.5,71.8,57.0,74.7,24.1,18.7,51.1,29.9,34.1,35.4,37.4,42.4,6.0,31.1,33.7,132.4,36.5,31.1,14.0,20.2,50.1,155.5,60.1,35.0,44.5,73.9,89.6,30.4,39.8,99.3,90.5,27.8,11.6,9.1,63.0,15.1
22.4,37.1,30.8,44.2,106.3,37.6,136.7,100.5,92.9,79.8,71.4,67.5,75.1,24.5,18.4,56.7,30.8,40.0,41.0,36.6,42.4,6.1,33.5,36.1,136.1,40.4,32.2,13.5,22.0,51.0,159.5,63.4,39.1,43.5,82.0,90.4,32.4,36.3,99.1,94.9,28.3,15.4,4.4,71.3,15.5
19.5,35.8,26.5,41.5,88.2,33.9,142.5,85.2,86.5,71.3,83.3,53.9,67.7,23.0,18.5,52.4,31.0,34.6,36.4,35.3,49.0,5.7,30.6,34.6,140.8,33.9,35.9,15.2,20.5,59.1,164.8,53.7,34.9,42.6,66.8,75.1,29.8,36.7,108.7,101.5,25.7,11.4,7.3,54.1,14.7
20.2,38.5,25.0,41.5,91.3,31.5,140.8,80.6,79.3,67.8,76.5,58.7,73.1,21.6,17.5,55.4,29.7,31.8,36.2,33.6,44.0,5.8,30.0,32.7,139.5,33.2,33.0,16.2,22.0,53.8,164.8,49.9,37.0,44.1,62.2,69.1,31.3,38.7,104.3,97.1,28.7,16.5,7.2,49.2,14.2
21.0,36.9,28.3,42.1,94.9,36.8,142.4,82.2,83.9,69.8,77.4,63.9,74.9,24.1,19.2,53.1,29.9,35.5,38.1,35.7,45.7,5.6,30.1,33.4,140.8,36.1,33.7,14.7,21.1,53.8,164.6,56.7,37.0,42.3,67.3,70.9,32.0,37.4,105.5,100.3,28.5,18.5,5.0,57.6,15.3
22.0,37.7,28.8,42.2,95.4,37.0,133.3,84.8,86.2,77.8,74.0,56.3,69.7,24.5,19.5,52.7,29.5,36.0,38.4,35.7,44.8,6.7,30.8,33.9,132.6,36.1,33.3,15.8,21.0,53.0,155.4,55.5,33.5,40.3,71.4,75.4,29.6,36.2,100.9,93.6,27.8,16.0,6.7,56.5,15.7
20.9,35.2,27.1,42.6,94.4,36.6,145.0,87.3,88.5,76.1,81.2,63.0,73.0,22.4,18.8,54.1,31.4,39.5,40.4,33.8,48.6,5.8,31.4,33.9,143.7,35.6,33.5,14.4,21.2,55.1,167.6,54.7,37.2,42.7,71.8,71.3,32.3,37.3,109.5,103.9,28.4,18.7,4.8,58.1,14.7
21.5,37.8,27.0,41.7,92.9,35.8,144.3,89.4,86.1,78.2,78.6,63.6,72.7,23.4,18.9,57.7,30.8,33.1,36.5,35.1,47.0,6.3,33.0,35.3,143.4,35.7,32.6,15.6,23.2,53.4,168.2,56.3,39.1,43.1,68.4,70.3,34.9,39.4,105.8,101.3,27.8,19.7,4.1,58.5,15.0
20.6,38.2,26.1,43.9,97.8,36.1,146.2,93.0,90.9,81.4,81.5,60.5,82.0,22.5,17.8,55.1,29.8,36.9,38.7,35.4,47.0,5.8,31.7,35.2,144.8,38.1,36.1,14.4,21.8,57.4,169.2,57.9,37.0,47.3,80.8,85.4,30.1,41.5,112.4,101.3,31.5,15.5,10.9,63.6,14.4
20.0,38.0,28.5,46.2,95.7,35.0,138.4,98.9,94.9,78.9,72.7,64.2,72.8,23.4,17.9,57.1,30.1,38.4,39.9,34.4,41.8,6.0,32.8,35.3,137.2,38.1,31.9,14.2,21.8,51.5,161.8,56.9,38.4,42.8,69.8,72.1,35.2,40.0,100.6,96.2,27.3,16.5,4.5,62.2,14.6
20.7,41.3,28.9,46.8,98.9,36.1,141.3,96.0,94.7,81.9,76.1,61.4,79.0,24.0,19.7,56.9,31.0,40.4,43.7,36.6,46.5,6.0,33.1,36.2,140.4,39.4,34.6,16.6,23.8,54.1,164.7,58.6,36.9,45.6,78.9,92.1,33.4,43.1,105.8,96.1,29.0,15.1,9.1,67.1,15.3
19.5,34.6,28.5,42.7,98.4,33.1,134.0,96.9,92.0,80.1,74.4,55.0,76.9,23.5,19.7,56.4,30.3,34.1,35.4,35.6,44.3,6.4,35.0,38.5,133.2,37.5,32.0,13.6,21.9,51.5,155.0,59.0,35.5,45.4,78.4,93.1,28.3,38.8,101.9,91.0,27.9,10.5,11.1,64.0,14.7
21.2,34.5,27.3,42.2,93.5,36.4,126.1,88.3,87.8,78.0,65.3,58.6,71.3,22.4,17.9,51.8,27.2,35.7,36.1,34.9,40.4,6.3,29.8,32.5,123.7,36.0,29.2,13.0,19.2,47.0,146.4,55.0,34.2,40.7,70.9,71.0,29.4,35.9,93.8,87.2,26.7,16.4,6.5,52.7,14.8
21.4,38.4,29.4,47.2,100.0,38.2,145.8,94.7,95.4,82.0,78.0,65.3,75.5,25.0,18.8,53.0,30.8,38.0,40.1,38.5,45.9,6.5,31.0,33.3,144.3,38.7,34.1,15.7,23.3,54.8,168.4,61.8,40.0,45.7,73.2,80.5,35.4,41.3,106.9,101.0,28.8,16.2,5.8,69.9,15.6
19.8,39.3,25.8,42.7,87.2,33.0,150.1,85.7,84.9,73.7,88.5,58.4,69.9,23.7,18.8,55.8,32.0,32.0,37.1,34.7,52.2,5.5,31.8,34.6,148.4,35.3,36.4,16.4,19.9,59.9,172.6,52.6,37.5,43.9,66.9,71.4,32.4,38.9,114.3,107.5,27.4,14.0,6.3,56.1,15.2
20.5,36.3,28.5,41.6,92.2,33.7,142.6,90.5,87.7,76.5,77.3,55.7,76.7,23.3,19.5,52.7,29.4,33.4,35.9,35.3,44.5,5.7,31.1,33.0,141.5,38.1,33.6,13.3,19.9,50.6,164.8,54.0,39.3,48.9,69.4,78.8,31.8,42.0,106.3,97.3,29.6,14.7,9.8,57.5,15.6
21.4,40.6,28.5,46.6,96.8,36.5,151.2,94.3,95.1,83.3,84.4,64.5,73.3,24.5,18.7,56.4,32.1,39.8,42.8,37.3,49.5,6.0,32.9,36.3,149.3,37.5,36.2,16.4,23.6,60.4,173.4,57.6,40.1,44.8,75.9,80.1,34.5,39.2,112.0,108.0,29.3,19.1,5.2,69.3,16.5
20.8,37.3,28.8,44.5,104.4,37.2,147.4,96.2,89.0,79.0,83.2,61.0,80.0,24.2,18.9,54.7,31.7,33.7,36.4,39.2,49.6,6.9,29.8,32.4,146.1,36.8,35.0,15.3,21.1,59.0,167.5,63.7,36.5,45.9,77.1,88.6,31.1,40.2,112.4,103.2,28.5,13.3,9.3,70.4,15.6
19.2,36.0,29.2,47.2,101.4,34.1,132.0,102.6,99.3,85.8,70.0,60.8,75.4,24.0,18.7,57.9,30.1,41.3,42.3,35.9,43.6,6.3,33.7,36.8,131.2,41.5,32.8,13.9,22.5,51.1,153.7,62.2,35.5,43.0,87.1,92.6,31.8,40.0,97.4,89.6,27.5,13.7,8.7,67.0,15.4
20.1,37.9,26.9,43.6,93.1,33.5,143.6,85.2,85.9,75.2,77.3,62.8,75.7,23.5,19.1,54.8,29.5,33.6,37.3,33.3,44.4,5.8,30.6,34.2,142.5,34.8,33.0,16.0,22.0,54.0,166.2,54.7,39.9,46.2,66.5,71.4,33.1,39.7,105.4,98.5,30.4,16.5,6.8,57.6,15.1
19.8,37.7,29.1,46.6,99.6,34.7,139.1,96.2,93.3,80.9,75.1,61.2,76.1,23.7,19.4,54.1,29.0,39.0,40.5,34.9,46.2,6.2,32.6,35.4,138.1,39.0,32.6,14.3,23.2,53.1,161.9,58.8,37.0,44.7,75.7,83.6,29.9,37.8,104.5,97.0,28.4,16.0,8.1,63.3,15.2
20.6,36.1,27.7,43.2,97.1,33.8,139.4,98.4,93.9,84.9,78.3,63.4,75.0,23.8,19.6,55.5,33.4,35.5,37.1,35.6,46.7,5.5,31.6,33.4,137.5,36.5,35.5,14.5,20.8,55.8,160.1,56.2,34.9,40.5,75.8,75.9,30.9,37.0,105.6,99.4,26.0,17.4,5.6,62.2,16.2
21.9,38.9,32.5,47.2,104.6,39.8,144.1,103.3,96.1,83.8,76.8,62.5,85.8,25.0,18.5,54.5,30.2,38.1,40.0,38.4,45.6,5.6,31.6,34.6,142.1,37.5,33.2,15.4,23.8,54.3,165.4,63.0,37.8,48.7,82.3,95.3,29.7,42.1,108.3,96.5,30.6,13.6,11.5,75.6,15.4
21.9,39.3,30.5,48.2,108.3,37.1,145.1,103.1,98.3,90.1,76.0,68.5,83.7,24.1,19.4,55.7,32.5,42.4,43.8,40.0,45.5,6.4,30.7,32.7,143.9,38.1,33.2,15.2,24.5,53.0,168.5,61.7,38.5,45.8,82.1,90.8,36.3,44.9,107.2,98.7,28.6,17.8,7.8,76.3,15.5
22.2,41.5,28.6,46.9,101.7,37.0,153.5,101.4,99.3,87.5,86.6,67.4,88.0,25.1,19.9,58.3,34.4,37.4,41.3,38.7,52.4,6.2,33.4,36.3,152.5,38.4,37.3,17.6,22.4,60.3,176.7,63.0,35.0,45.1,85.2,85.7,30.6,41.5,119.7,109.2,31.7,16.6,10.9,76.0,16.8
19.8,37.5,27.0,44.7,99.1,32.2,148.7,94.8,92.1,76.4,80.7,65.8,79.5,22.2,17.3,54.1,29.4,40.5,40.5,34.7,46.9,5.8,30.9,34.1,146.4,36.3,35.2,14.9,22.6,57.7,171.4,56.7,38.7,46.4,72.5,83.2,30.6,37.4,111.6,104.1,30.7,17.8,7.7,62.1,14.1
21.6,34.7,29.2,43.0,99.8,34.4,138.3,90.5,88.8,79.3,77.0,62.0,71.9,24.7,19.2,56.0,30.6,38.8,39.8,36.8,47.4,6.1,31.1,34.0,136.9,37.6,32.7,12.9,20.3,54.3,160.3,58.7,38.6,44.0,71.0,81.9,33.5,37.8,101.8,97.6,25.1,13.7,4.6,62.7,15.1
21.3,38.9,28.8,45.8,101.7,36.2,145.1,91.9,90.1,78.1,77.0,61.8,79.5,24.7,18.9,54.5,29.7,38.5,40.5,36.2,44.9,6.0,32.7,36.0,142.9,36.9,34.4,15.6,23.4,55.8,167.6,58.7,37.3,46.0,73.4,81.0,30.1,39.2,108.5,99.7,30.8,16.9,8.8,65.5,15.1
19.4,34.9,25.0,42.0,90.1,31.9,133.7,88.2,85.2,75.3,75.2,56.5,72.1,22.2,17.6,54.7,28.5,35.5,36.7,34.8,43.7,6.1,28.3,31.9,133.5,33.6,31.4,15.0,19.7,51.7,156.5,52.4,32.5,40.4,70.4,77.1,29.6,37.4,102.2,94.4,26.5,12.7,8.3,52.4,14.3
21.2,36.2,24.0,41.1,90.4,35.1,137.4,81.8,82.6,72.5,73.7,58.2,73.2,22.7,17.8,54.3,29.6,32.5,35.7,35.5,44.0,6.4,30.1,32.6,137.1,33.5,30.3,14.7,21.2,50.0,162.3,52.9,36.1,43.5,66.6,72.0,32.4,39.7,102.0,94.4,28.3,15.9,7.2,52.2,14.3
21.3,36.1,26.2,42.1,96.0,36.2,136.6,87.5,87.5,75.8,71.7,63.2,83.9,23.1,18.2,56.6,30.6,34.4,36.3,35.3,43.2,5.8,31.8,34.0,134.5,35.8,33.2,15.2,21.3,55.2,158.3,56.1,33.5,43.9,72.5,79.6,27.4,39.1,104.8,94.0,31.7,14.7,11.1,58.5,15.0
19.9,39.2,26.7,44.8,102.5,36.1,139.5,97.5,92.6,80.8,74.1,61.7,79.8,23.9,19.2,55.0,31.7,37.5,39.9,39.3,44.7,5.8,32.0,34.8,138.2,37.6,33.3,15.9,22.4,54.5,161.8,63.8,36.5,45.8,79.1,92.4,31.2,41.0,105.0,95.0,30.0,15.8,9.9,71.0,15.4
20.3,36.2,25.0,40.6,90.4,35.4,146.6,81.8,82.2,68.5,83.2,61.7,74.0,23.2,18.3,56.4,31.0,30.9,34.9,35.7,48.7,6.7,30.8,32.3,144.5,36.4,35.1,13.5,19.4,56.5,168.6,54.2,34.3,40.7,62.9,71.1,31.4,37.7,111.5,105.4,28.2,16.7,5.4,57.1,14.4
20.8,38.0,25.1,41.8,92.0,35.3,144.9,86.0,85.7,73.6,79.7,61.5,75.5,23.5,17.7,54.0,29.7,37.5,40.4,37.7,47.1,6.5,29.4,32.8,144.0,33.5,34.3,16.1,21.7,55.4,169.5,53.3,38.5,45.2,66.1,72.9,33.2,40.3,107.9,100.8,29.7,17.2,7.0,56.8,14.3
20.9,39.2,30.6,46.9,98.2,37.3,141.0,94.9,94.3,80.8,77.1,62.0,77.4,25.6,20.1,54.0,32.8,41.0,44.1,38.3,46.7,6.1,33.8,37.4,139.6,37.5,33.3,16.1,23.1,54.5,163.6,59.0,36.4,45.2,75.8,78.0,29.1,36.5,106.8,98.8,29.4,13.9,8.7,67.3,15.8
20.7,33.5,25.3,39.7,84.4,34.3,140.3,81.3,83.6,70.6,80.1,55.9,68.5,22.6,19.6,54.5,31.3,32.6,35.0,34.2,47.8,6.8,30.6,34.1,139.2,35.3,34.0,12.7,19.0,57.9,163.2,51.2,34.9,41.8,62.0,63.2,31.7,38.7,105.3,98.5,27.3,13.9,6.1,51.7,15.4
22.1,39.3,30.1,45.9,95.3,37.7,145.8,96.0,91.6,80.4,83.1,61.3,74.0,24.8,20.6,56.1,32.5,38.3,40.5,37.0,50.0,6.6,33.3,37.2,144.1,37.8,35.1,16.7,22.2,58.2,166.2,57.9,38.0,45.2,77.6,82.9,29.6,36.3,110.1,103.2,25.2,11.0,6.7,68.2,16.3
19.8,38.3,28.0,45.8,100.7,34.4,142.4,96.6,93.7,86.3,77.5,66.5,79.2,24.0,18.8,53.6,30.9,39.7,42.5,36.2,46.5,6.4,32.4,35.8,142.0,39.5,35.6,15.7,21.6,57.3,164.8,57.5,37.6,43.5,85.9,90.2,31.3,38.2,107.6,100.4,27.6,16.4,6.1,67.1,15.2
21.4,36.3,27.4,40.8,91.3,35.7,135.8,84.2,84.5,76.1,75.5,56.5,63.0,22.9,18.4,52.8,30.0,32.8,36.8,37.0,45.9,6.6,31.7,34.1,134.1,34.4,32.4,14.7,19.7,52.7,158.5,56.0,36.9,40.5,66.5,73.2,33.7,37.4,99.3,95.7,24.3,14.1,3.3,54.9,15.2
21.6,38.6,27.3,46.2,108.2,36.4,148.9,88.8,93.2,79.3,83.5,65.2,81.7,25.0,20.2,56.1,33.2,37.3,40.0,39.8,50.1,6.4,32.3,35.7,147.3,39.4,35.5,15.1,22.9,59.1,171.7,62.9,37.2,45.3,76.4,86.5,31.6,39.8,112.7,104.5,29.6,16.5,8.6,73.6,16.2
21.5,38.8,32.7,46.9,100.4,40.1,142.5,94.8,94.8,81.3,75.3,67.8,77.9,25.5,18.5,58.7,29.2,39.7,41.3,39.5,46.8,6.0,33.8,36.5,141.4,39.8,34.4,14.5,22.6,55.6,165.3,63.9,39.0,44.3,77.0,84.8,31.8,37.3,105.7,99.2,28.5,17.0,5.3,71.3,15.7
21.4,35.7,33.1,46.5,108.2,35.9,135.5,94.8,93.0,81.3,70.3,64.4,83.7,25.3,19.4,55.2,30.7,39.0,39.7,37.7,41.5,5.6,33.6,36.2,133.8,40.8,29.6,14.7,22.5,48.6,156.8,62.8,38.8,44.4,80.3,94.7,30.5,39.9,99.6,89.9,29.3,13.2,9.5,70.3,15.6
23.8,38.2,32.3,46.5,104.1,38.8,144.8,96.0,95.1,89.1,79.8,66.1,85.6,26.5,20.0,57.1,35.2,35.0,38.6,40.8,48.9,6.7,34.2,35.8,143.6,40.5,34.1,15.3,22.0,57.3,167.8,63.2,33.0,43.0,80.6,82.5,30.3,40.1,113.1,103.5,30.6,17.2,9.4,73.4,16.4
20.2,37.5,26.4,44.6,98.2,35.4,136.9,94.5,93.8,78.3,71.5,64.3,82.3,22.8,17.8,54.3,29.2,35.0,37.9,35.7,41.7,5.4,31.6,34.0,136.4,38.4,32.5,15.0,21.0,52.6,159.6,57.7,34.2,43.4,75.7,85.7,32.1,41.3,103.3,94.1,32.0,16.9,9.7,62.5,14.4
19.6,32.7,23.6,39.0,88.4,32.9,131.2,77.9,80.3,70.4,70.8,57.0,61.1,21.3,16.9,54.2,28.7,32.4,33.9,34.9,42.3,6.1,28.5,31.1,129.4,33.7,31.3,13.0,19.7,50.5,152.6,51.2,38.9,41.4,59.8,62.7,33.3,35.7,94.0,91.8,23.3,16.6,2.4,46.6,13.6
18.5,35.5,26.3,39.9,89.7,33.5,130.4,84.3,83.6,73.4,71.9,55.2,67.2,22.2,16.5,53.8,28.3,31.7,34.4,33.6,42.1,5.6,28.8,31.5,129.6,33.7,31.2,15.3,20.1,50.1,150.7,54.0,34.8,41.0,64.3,73.7,31.7,38.3,96.2,90.6,25.2,14.0,6.3,49.2,13.6
20.2,36.2,25.5,42.7,94.8,33.7,146.6,92.4,89.6,79.8,83.9,59.7,74.5,22.5,18.1,54.4,30.6,37.3,39.0,34.6,49.8,7.0,31.2,33.5,145.7,37.8,34.0,14.3,21.5,54.4,168.6,54.3,36.3,43.9,73.0,81.6,31.5,39.6,111.4,104.2,28.2,14.7,7.4,59.1,15.1
19.8,38.2,26.9,42.6,93.2,32.7,142.4,82.6,86.7,73.7,74.7,58.9,71.5,23.4,18.9,54.3,31.0,35.9,38.3,34.2,45.0,6.7,30.9,33.5,141.3,35.1,33.0,17.0,21.9,52.1,164.8,50.7,41.6,47.2,69.5,80.1,36.3,43.0,101.8,95.8,27.3,16.5,6.1,55.5,15.0
18.6,36.7,27.5,41.7,101.9,34.2,141.1,86.9,83.2,77.9,77.7,63.7,71.7,23.7,18.0,55.8,29.6,30.4,33.0,36.6,44.5,5.7,32.0,36.0,139.5,34.9,33.1,13.4,20.0,56.1,163.3,59.2,37.7,44.5,74.4,81.0,34.7,38.7,103.2,98.6,25.5,17.9,5.8,62.4,14.6
21.7,37.8,29.1,44.5,100.5,37.2,146.1,86.7,90.6,74.3,82.3,63.7,77.2,23.7,19.2,54.3,31.9,36.7,38.8,36.9,49.1,6.4,30.8,34.0,144.8,35.6,34.0,15.9,21.1,55.9,168.1,60.3,37.3,43.8,70.3,77.5,31.5,38.5,109.4,103.2,29.0,15.6,6.5,65.7,15.7
18.8,36.5,26.8,42.8,92.6,32.2,141.0,84.6,84.5,75.7,79.1,55.4,76.4,23.5,19.5,53.4,30.3,30.7,34.5,34.5,47.5,6.3,31.6,34.5,139.7,36.1,33.7,14.9,21.8,56.7,162.4,55.5,34.4,45.1,71.2,78.0,30.5,40.5,107.3,97.0,26.3,12.6,10.1,57.4,14.8
22.9,36.9,30.8,46.8,105.7,38.9,149.2,109.9,103.0,91.5,78.6,65.9,77.4,25.9,20.8,56.8,32.0,40.7,40.5,37.5,47.1,6.0,36.7,39.9,147.5,45.0,35.2,13.6,24.9,57.8,173.2,61.4,41.1,47.2,84.4,92.5,37.5,42.5,108.4,102.1,28.8,16.6,6.5,81.0,17.0
19.5,38.1,26.6,42.2,91.1,34.1,146.2,81.4,80.9,70.3,79.7,54.0,69.5,23.0,18.3,53.6,29.4,32.3,37.1,34.2,46.1,6.2,29.5,32.8,144.7,33.4,32.7,15.7,21.8,53.9,169.2,54.9,41.1,49.3,67.8,80.7,34.9,42.9,106.8,98.2,26.6,12.5,8.9,55.8,14.4
19.9,35.0,26.5,40.4,91.2,33.9,139.9,83.3,83.9,73.9,73.5,58.5,71.3,23.0,19.2,51.5,29.6,35.0,36.8,33.9,45.0,6.2,30.1,33.7,138.9,35.1,32.1,14.8,19.2,51.1,160.7,52.7,37.9,44.5,67.3,70.9,31.7,38.1,103.4,97.4,27.5,16.8,6.7,53.1,15.0
19.7,36.4,30.1,45.7,97.6,33.9,139.0,93.8,93.5,79.5,80.1,55.7,75.3,24.4,18.1,57.2,30.4,34.5,37.2,38.6,47.4,5.7,33.0,36.3,138.0,37.7,33.9,13.8,20.4,55.1,161.6,62.0,33.0,43.1,77.0,89.3,30.0,40.1,107.0,97.4,25.4,13.3,9.6,65.9,15.1
20.8,37.3,27.3,42.5,93.8,35.4,135.7,89.3,87.8,70.8,71.2,59.4,70.3,23.9,18.7,55.6,29.1,36.4,38.4,36.1,42.5,5.5,32.2,35.3,135.3,35.6,31.0,15.0,22.4,48.5,160.0,56.5,38.6,44.2,64.3,71.2,33.6,39.9,97.9,92.5,28.7,16.0,5.5,56.1,14.8
19.3,36.2,24.2,41.5,96.0,34.2,140.3,85.8,82.8,73.0,76.4,57.2,71.2,22.2,17.1,57.5,28.5,34.2,36.3,38.2,44.6,6.3,31.5,34.4,138.0,32.4,34.2,13.0,21.0,55.2,162.2,56.8,38.8,45.9,66.8,73.9,32.3,39.4,102.8,95.6,27.5,14.0,7.2,57.1,15.0
20.2,35.1,28.1,40.1,92.3,35.7,134.1,84.5,85.2,73.7,75.7,48.7,76.5,22.8,19.0,54.9,29.8,30.7,33.6,35.1,43.4,5.2,31.7,33.5,133.6,34.8,33.0,14.1,19.2,53.7,155.7,57.3,32.8,48.6,68.5,88.1,28.8,42.0,102.1,89.4,27.4,8.0,13.5,57.4,15.2
19.7,35.3,25.7,42.0,91.0,33.4,128.1,90.4,85.3,72.5,70.7,56.0,68.2,22.8,17.8,52.4,29.1,35.4,37.3,36.3,43.7,5.6,29.4,32.1,127.0,34.3,30.4,14.2,20.3,49.9,147.9,53.4,34.6,41.5,69.9,77.5,28.7,34.7,95.8,89.5,23.0,11.2,6.4,51.0,14.8
19.5,37.0,26.8,42.6,102.8,34.4,145.0,85.0,87.5,73.1,81.5,61.7,76.8,23.7,18.8,54.0,30.8,34.3,37.2,34.1,48.3,5.9,31.0,33.9,143.3,36.2,34.8,14.2,22.3,55.6,166.9,58.8,36.3,43.7,70.8,77.4,31.5,38.7,109.1,102.2,25.8,15.1,7.4,61.6,14.6
21.6,35.7,28.5,41.7,98.6,36.6,139.2,88.9,85.6,75.2,75.9,62.8,76.3,24.5,19.2,53.7,29.7,32.1,35.3,36.7,45.1,5.9,31.9,33.6,138.3,37.2,33.2,14.5,21.4,53.4,162.2,59.8,36.1,42.7,66.5,76.0,30.5,37.1,104.8,98.3,27.9,15.9,7.1,61.2,15.3
20.1,36.1,27.0,42.2,92.6,33.9,147.2,82.0,83.3,69.0,84.5,54.1,71.9,25.1,19.3,56.2,31.8,33.0,36.1,36.8,49.9,5.8,33.2,36.2,145.6,37.0,35.0,14.0,20.8,56.0,169.1,56.7,36.9,45.7,70.1,79.0,29.1,38.2,111.7,102.8,28.0,11.5,9.0,59.9,15.4
21.8,35.8,29.5,45.4,100.0,37.8,136.5,99.5,99.3,85.5,78.5,62.0,72.8,24.3,19.2,56.7,33.4,39.6,40.9,37.7,45.9,5.6,33.9,36.7,134.9,39.4,33.7,14.4,22.4,54.8,157.2,65.1,37.4,43.5,81.9,85.2,31.2,36.9,103.0,96.7,25.4,13.5,6.3,71.5,15.3
20.8,36.4,26.5,41.7,93.5,34.5,139.0,88.5,83.1,73.0,77.3,59.0,69.0,23.9,18.0,53.1,29.2,35.1,37.0,34.6,46.5,7.0,30.3,32.8,137.7,35.4,33.4,15.3,21.0,53.5,161.1,55.5,37.8,43.2,65.2,70.8,31.7,37.1,103.7,97.6,26.1,15.0,5.5,54.9,15.4
20.0,35.2,28.3,41.5,95.3,35.7,133.1,83.5,85.9,75.4,72.0,58.5,74.2,22.8,18.2,52.8,29.3,32.8,33.9,36.5,42.9,5.2,30.7,32.2,131.6,35.8,32.0,13.5,21.1,51.7,154.8,60.7,33.2,41.1,69.7,73.5,28.4,36.7,100.5,92.1,27.6,14.0,7.4,57.8,14.5
21.7,38.8,29.9,44.9,100.9,38.1,144.4,86.9,88.4,76.3,78.3,63.4,80.3,25.0,19.6,54.7,31.2,34.0,38.1,37.2,46.8,6.3,30.6,34.8,142.8,37.3,34.7,15.5,21.8,56.3,167.3,61.8,36.7,45.1,71.4,77.9,32.1,40.5,109.0,101.0,29.3,17.2,8.1,67.5,16.3
20.8,37.3,29.4,44.4,95.2,34.0,145.5,91.8,89.8,74.4,80.7,64.5,78.5,24.4,19.4,56.0,31.1,38.5,41.2,34.7,47.4,6.4,33.3,36.7,144.0,37.9,35.0,15.6,21.4,58.6,168.6,58.6,35.4,42.7,70.7,74.8,30.2,37.6,111.1,104.2,28.6,17.1,6.5,63.8,15.3
20.4,34.9,27.5,41.1,92.7,35.5,143.0,82.9,84.2,70.6,81.6,56.0,75.7,24.1,19.2,55.1,30.9,31.0,34.0,36.4,48.9,6.2,31.0,33.4,142.1,36.0,34.0,13.2,19.1,55.8,164.8,55.2,34.5,44.8,68.8,80.4,28.1,37.6,110.8,100.7,28.3,11.7,10.6,58.0,15.7
20.8,37.1,27.4,41.9,92.3,35.3,136.9,87.6,88.1,72.7,75.8,61.2,74.0,22.6,17.7,54.6,30.4,35.8,38.3,35.8,45.2,5.8,32.1,35.6,135.7,35.5,33.1,14.3,19.4,53.5,159.0,57.4,34.4,41.0,69.1,71.5,30.2,37.3,104.0,97.2,27.0,13.8,6.8,58.1,14.5
21.4,34.4,26.3,39.9,91.2,33.7,138.6,76.9,78.7,68.2,73.5,61.2,74.0,22.8,18.9,53.9,30.0,31.5,34.2,33.5,43.8,5.6,29.5,33.2,138.4,34.8,31.3,13.5,19.3,52.0,163.4,51.8,37.1,43.5,61.2,67.9,33.9,40.6,102.2,95.5,28.7,18.0,6.7,50.8,15.7
20.5,40.2,28.7,46.2,92.7,34.5,145.5,84.2,88.8,75.4,83.2,60.5,71.6,24.5,19.2,52.4,31.8,34.6,38.1,35.4,50.1,5.7,32.7,35.8,144.8,37.9,35.8,14.9,20.5,59.4,166.9,56.2,36.0,41.8,71.1,72.4,32.0,37.4,110.3,104.2,28.3,16.1,5.2,60.5,15.7
20.9,38.0,25.8,42.0,95.9,35.5,146.8,88.4,85.0,71.1,81.8,62.8,74.6,22.6,18.8,54.3,31.0,35.8,39.1,36.4,47.6,6.3,29.5,32.5,143.7,34.7,33.3,15.5,21.0,55.6,167.5,56.1,38.4,44.2,68.0,73.1,31.4,37.5,110.0,103.4,28.4,18.2,6.0,59.6,15.5
19.2,36.8,27.1,42.8,99.7,33.2,138.2,87.0,84.4,73.7,73.8,61.0,76.2,22.0,19.4,53.3,30.1,33.0,37.1,35.8,44.5,5.9,30.5,33.3,136.7,36.7,32.1,14.5,21.2,53.8,160.7,59.9,37.8,45.6,70.4,75.4,33.3,41.7,102.1,93.5,26.8,14.8,7.7,59.3,15.3
22.5,35.9,31.3,43.6,95.2,37.7,141.4,92.2,90.4,78.6,78.3,64.7,77.7,24.3,19.0,55.1,31.3,34.4,36.3,37.8,46.3,5.1,30.2,32.7,139.8,35.9,32.9,14.1,21.1,53.0,164.5,59.3,34.8,42.2,72.1,79.1,32.7,39.5,107.5,100.0,27.4,13.0,7.7,64.8,15.2
20.8,37.8,29.7,46.5,99.2,36.7,144.4,102.2,95.8,79.3,80.4,63.1,77.7,25.1,17.9,54.6,31.1,37.6,39.0,37.2,49.2,6.3,33.9,36.9,142.7,38.8,36.2,15.0,21.5,59.5,166.2,61.5,34.3,41.5,77.3,84.1,29.7,37.1,111.3,103.7,29.6,16.2,7.5,70.2,15.4
21.3,37.6,31.0,44.9,103.1,35.7,142.8,90.2,89.8,78.3,77.8,64.5,74.6,24.4,18.3,56.2,29.5,34.6,36.6,37.9,46.1,5.9,32.3,36.0,141.5,37.7,33.4,15.6,21.8,53.8,165.6,61.1,37.0,42.1,73.9,77.3,31.4,37.3,106.7,101.2,29.4,20.2,4.9,66.1,15.8
19.5,34.9,26.7,41.4,93.4,32.4,139.8,87.9,88.4,74.0,75.6,57.0,69.0,23.3,18.5,54.4,29.4,36.2,36.6,34.5,44.2,6.5,31.4,34.1,136.7,34.7,31.7,14.0,20.3,51.4,162.0,53.5,38.8,45.1,64.3,70.2,32.9,39.3,102.7,96.0,27.3,15.1,6.1,53.9,15.3
20.4,36.8,31.2,45.8,101.9,34.9,147.7,97.4,97.0,80.8,84.5,60.3,85.0,24.6,19.0,53.3,33.0,37.6,38.5,37.3,50.1,5.8,32.5,35.3,146.6,40.4,35.0,14.3,22.3,58.4,169.2,60.9,34.1,47.8,78.9,86.2,27.4,40.4,116.2,104.8,30.4,14.5,12.5,71.4,15.0
20.9,36.1,31.0,44.1,103.9,36.9,142.0,98.5,89.1,83.5,75.0,61.2,79.5,25.4,17.3,54.4,29.2,38.0,40.5,37.4,44.5,6.1,33.3,35.4,139.5,39.3,31.2,15.1,20.8,52.3,162.7,61.9,40.3,50.2,82.3,100.0,32.8,42.9,104.4,94.9,28.8,12.7,10.3,72.2,14.8
21.7,38.7,29.7,47.3,98.7,37.5,145.8,93.7,89.0,75.7,81.8,63.0,68.9,25.0,19.9,54.5,32.6,34.7,38.9,38.1,48.1,5.6,33.0,36.4,144.7,37.2,33.5,16.3,21.5,55.2,168.2,60.7,42.9,46.2,77.8,81.4,37.7,40.8,105.0,101.7,24.4,14.6,3.0,68.6,15.8
19.4,36.3,25.5,43.3,95.7,31.5,137.4,88.8,84.8,74.6,72.9,61.3,75.0,22.3,17.8,52.7,29.4,35.8,38.4,34.8,43.1,5.6,31.4,34.5,135.7,36.4,31.9,13.8,21.5,51.0,160.4,57.3,38.4,44.9,70.5,77.8,31.8,38.8,100.7,93.4,28.4,16.1,7.1,57.1,14.4
20.7,38.7,31.8,47.3,102.2,35.8,152.1,99.6,91.3,83.5,87.6,61.4,83.8,26.2,19.3,56.4,32.8,36.4,40.0,40.4,51.8,5.8,33.8,36.9,149.8,41.3,36.1,15.5,22.0,62.9,174.1,66.7,35.5,46.9,81.2,92.3,30.1,41.6,119.1,108.1,30.4,11.0,11.6,79.7,15.8
21.0,37.7,29.2,45.2,92.0,35.8,148.5,92.3,91.4,76.5,84.3,60.4,76.9,25.4,20.2,56.1,31.7,36.3,38.9,37.1,49.5,5.9,32.6,35.7,146.7,39.3,37.4,15.2,21.2,60.1,170.3,56.6,37.0,45.3,72.9,80.0,32.2,39.8,112.8,104.9,27.3,12.5,7.9,64.7,16.4
20.4,37.8,29.5,45.2,99.5,37.3,135.3,90.0,89.7,77.6,71.2,59.5,77.8,24.2,18.4,54.6,29.6,35.0,38.2,40.3,42.6,5.6,32.3,34.7,134.7,39.6,30.9,15.7,21.9,51.2,157.2,64.9,35.5,45.6,73.5,82.0,31.6,40.4,101.5,91.8,30.3,14.1,9.3,65.5,15.4
18.7,34.7,28.2,42.5,95.7,34.2,131.3,87.9,86.5,74.4,74.7,50.5,73.0,22.4,18.2,55.7,28.8,30.4,32.9,37.2,44.0,5.7,29.9,33.5,130.2,35.2,31.5,12.1,20.1,52.0,152.9,61.3,31.5,42.8,74.2,88.2,27.0,37.7,100.5,88.7,25.4,9.0,11.0,57.9,14.1
19.5,36.0,27.5,43.1,94.9,33.0,136.0,89.1,84.7,75.7,71.7,60.1,69.4,21.8,17.8,53.2,29.7,31.3,34.2,35.3,42.4,5.2,30.6,34.1,134.6,36.5,30.6,15.2,19.6,50.0,157.8,55.3,39.2,43.7,75.7,85.7,33.8,39.0,98.1,93.0,25.0,15.0,5.1,58.3,14.2
19.7,39.3,25.2,42.7,89.4,33.7,146.7,81.6,82.2,68.3,84.0,57.0,71.2,22.3,18.8,56.3,30.4,30.0,33.1,35.5,49.2,4.3,30.1,33.9,145.1,35.0,36.6,15.9,21.5,62.6,168.6,51.4,37.3,44.0,62.2,68.2,30.5,38.0,110.9,103.6,27.0,14.3,6.4,54.7,14.8
21.3,38.6,27.3,43.9,97.4,35.6,144.7,86.9,91.2,76.2,80.5,63.7,65.5,25.3,19.7,54.0,31.3,38.2,40.3,37.1,46.6,5.6,33.2,36.1,142.6,36.8,35.9,16.1,20.4,59.0,167.8,57.4,42.0,43.1,64.6,65.3,35.9,37.3,105.0,103.8,23.9,17.3,0.9,65.5,16.8
19.8,37.2,27.2,42.0,94.5,34.3,146.8,89.1,87.4,77.5,80.4,60.4,72.4,24.0,18.6,54.2,28.6,34.9,38.0,38.5,47.8,6.5,31.1,33.2,144.7,36.6,35.0,15.2,22.6,56.5,167.8,56.4,41.1,47.3,71.9,77.8,33.7,40.1,109.2,102.8,29.4,16.0,6.7,61.0,15.2
18.6,36.3,25.1,40.1,89.8,33.5,135.6,87.2,81.3,76.9,72.3,59.2,71.3,22.1,17.1,52.0,29.5,30.6,34.6,34.7,43.4,6.6,30.2,32.8,133.7,32.5,31.5,14.9,20.1,51.5,155.9,51.5,37.0,43.1,72.7,72.7,32.7,37.6,99.7,93.4,27.5,17.8,5.7,53.0,14.3
18.9,34.6,30.2,42.0,95.9,32.3,141.8,88.0,88.5,77.5,80.7,58.0,69.8,24.0,18.9,55.5,30.2,33.0,35.3,36.2,47.7,5.6,31.9,33.8,140.2,37.0,33.7,13.8,20.3,55.1,161.8,56.4,37.0,43.5,71.4,77.2,32.0,37.7,106.6,101.2,25.0,13.9,6.5,60.2,15.3
18.5,36.4,26.3,41.8,95.3,33.1,140.7,83.5,84.3,72.0,76.6,61.5,76.0,23.8,18.3,53.7,29.3,33.4,37.4,34.3,45.3,6.2,29.4,32.7,139.5,36.1,33.7,15.4,21.0,54.7,163.9,54.7,36.2,43.4,64.5,74.4,31.2,38.5,105.8,98.4,29.8,19.1,7.2,53.5,14.6
20.5,37.0,25.7,42.9,95.7,36.0,143.5,89.1,89.1,77.5,81.5,65.0,75.2,23.7,20.0,54.0,31.5,38.9,39.8,39.1,48.3,5.8,30.8,34.9,142.0,34.3,34.6,16.5,21.5,56.6,164.9,57.6,35.1,40.2,70.3,74.7,30.0,35.3,109.2,103.9,25.7,17.3,5.0,63.1,15.2
19.5,35.9,24.7,39.1,87.5,33.4,144.2,79.4,79.9,71.4,79.2,61.0,71.1,23.3,18.6,53.3,29.9,30.3,34.9,34.4,45.3,5.9,30.3,33.2,142.6,34.4,33.6,15.6,19.9,53.5,166.2,51.7,38.9,44.2,63.1,64.0,33.3,38.9,107.2,102.0,29.5,18.5,5.5,52.2,15.6
22.1,38.8,28.6,47.6,101.4,39.5,146.6,106.9,96.2,92.8,77.6,70.8,89.0,25.5,19.7,53.9,31.5,40.0,41.8,37.9,48.3,5.7,33.3,37.1,144.7,39.8,34.4,15.5,23.0,55.7,166.6,60.5,38.0,46.4,89.8,96.1,31.1,40.5,111.3,101.8,29.8,18.0,8.8,79.5,16.3
23.3,39.8,34.2,49.6,107.6,40.2,148.9,103.4,100.8,90.5,82.4,61.3,81.8,27.7,21.9,55.6,34.3,39.4,39.7,41.2,50.8,7.0,35.0,36.6,147.6,42.0,33.3,15.3,22.5,57.2,169.8,65.7,36.5,47.2,89.1,97.4,29.9,41.1,114.7,103.9,30.4,12.5,11.5,84.0,17.4
23.1,37.0,30.8,45.4,98.9,39.3,148.6,95.5,93.5,81.3,82.6,61.7,68.4,25.4,19.8,53.9,31.3,36.7,37.7,37.8,48.5,6.7,32.7,35.4,147.5,38.5,35.2,14.6,22.2,56.3,170.7,59.8,41.4,44.6,74.7,80.8,38.4,41.8,108.0,105.0,25.6,15.0,3.2,71.2,16.3
17.9,33.5,25.7,40.1,100.3,34.1,136.4,87.1,83.4,70.8,72.2,58.8,76.0,21.3,17.5,54.2,27.3,31.3,34.5,34.4,43.7,6.0,31.6,34.5,134.4,35.7,32.0,12.7,19.9,51.1,156.2,58.5,36.9,45.5,70.0,83.5,31.0,41.0,100.5,91.8,27.5,13.8,9.0,55.0,13.5
18.3,34.6,25.7,42.2,88.8,29.1,133.9,90.2,84.4,79.1,70.9,53.0,69.3,21.0,16.4,52.9,28.1,30.5,33.2,31.8,41.9,4.6,28.4,32.0,133.2,35.2,30.3,13.8,20.4,49.5,155.1,51.3,37.0,45.8,72.2,81.3,34.3,41.8,98.2,90.4,25.7,13.0,8.5,50.2,13.8
21.3,36.8,28.3,43.1,101.8,38.4,142.8,92.1,88.6,80.5,76.3,63.2,77.4,24.2,17.2,55.4,30.2,35.1,36.6,38.9,45.9,6.4,31.0,34.3,140.5,36.8,34.2,15.0,21.0,55.3,165.2,62.4,38.9,46.2,75.6,83.2,33.2,40.0,105.3,98.8,29.0,14.9,6.8,68.4,15.3
20.7,39.7,29.7,47.0,113.6,34.8,142.3,97.7,96.8,80.3,77.7,71.5,84.5,24.8,17.9,55.1,31.7,41.9,43.8,38.3,48.1,5.8,31.7,35.7,140.1,36.0,31.7,17.0,21.9,53.5,164.4,63.8,37.7,43.9,73.4,81.5,30.6,37.3,106.3,100.3,28.4,16.0,6.0,72.3,15.5
20.6,34.0,32.9,43.0,96.0,37.6,137.0,96.8,92.0,84.8,73.9,58.4,77.5,25.7,19.5,54.3,28.9,31.8,35.6,37.5,44.7,6.2,34.3,36.3,136.1,40.8,34.5,13.2,21.2,55.4,156.5,59.6,35.8,45.0,82.4,85.6,28.4,39.4,103.7,93.4,26.6,12.2,8.7,66.6,16.0
20.5,39.8,29.4,45.2,98.0,36.3,144.4,91.3,92.7,80.3,83.8,56.3,66.5,24.0,18.4,56.8,31.3,37.0,40.5,37.3,49.3,5.3,30.3,34.7,143.3,35.5,36.1,16.4,22.6,59.2,168.4,59.7,38.2,43.7,71.0,81.4,35.5,40.8,107.7,102.5,25.0,11.7,5.7,65.4,14.7
22.6,37.8,27.3,42.3,95.3,36.2,136.0,87.5,86.1,73.7,75.9,59.5,75.7,24.0,18.3,53.7,31.1,33.3,37.2,38.2,44.3,5.8,30.1,33.7,134.9,35.0,32.1,14.7,21.9,53.1,159.1,60.9,32.5,40.8,71.0,73.3,28.8,36.7,103.8,96.3,28.6,13.9,7.2,60.6,14.7
18.8,39.5,26.1,44.9,98.8,31.7,145.4,88.7,88.3,73.4,77.3,68.9,80.5,23.4,19.0,53.8,31.6,37.6,40.2,36.2,47.6,5.6,30.1,33.4,144.1,34.3,35.1,15.9,21.9,55.8,168.6,60.2,40.1,46.3,64.7,67.9,32.9,39.4,107.6,101.4,28.8,15.7,6.2,59.9,14.4
21.2,36.1,31.0,45.6,102.8,36.7,152.8,94.9,95.5,79.9,85.4,64.3,84.2,25.7,18.7,53.5,32.8,38.5,40.0,38.9,50.3,6.2,33.8,38.3,150.3,39.4,36.0,15.0,22.8,61.1,173.2,64.7,38.4,48.8,80.4,88.0,29.1,39.2,116.2,106.4,30.2,14.2,10.0,75.9,16.0
19.8,36.0,27.2,42.2,93.8,33.3,137.3,87.3,88.0,77.6,73.4,62.3,75.0,23.1,17.7,53.5,29.4,36.0,37.7,35.6,45.4,6.2,30.7,35.4,136.6,35.7,32.4,13.8,20.9,52.9,160.0,53.6,35.6,42.1,71.8,76.6,32.4,39.5,102.2,95.0,26.9,16.9,6.8,55.8,14.9
20.1,40.1,30.2,46.3,101.1,33.8,139.3,96.8,97.1,75.9,77.6,62.8,66.5,23.9,18.9,54.8,29.6,37.7,40.1,37.0,46.0,5.5,32.7,35.9,137.8,36.2,31.8,17.8,22.7,52.5,160.5,60.6,39.6,41.3,81.8,86.0,32.7,35.0,100.8,98.4,24.3,17.9,2.2,66.5,15.3
20.2,39.8,30.1,43.4,97.4,34.0,139.1,87.5,87.6,77.0,75.5,68.2,84.7,24.2,19.2,53.0,31.9,36.0,41.0,37.6,45.9,5.8,32.0,32.9,138.0,36.0,32.2,16.9,21.9,53.8,160.7,56.2,32.3,41.5,74.8,78.9,28.1,37.2,108.4,99.1,31.9,19.2,9.5,60.4,15.1
20.3,37.2,30.0,43.6,94.0,35.7,144.9,89.3,87.6,72.1,81.4,60.2,69.7,24.6,19.0,56.0,28.9,35.0,37.9,36.5,47.4,6.7,32.1,35.5,142.8,37.5,33.9,15.3,23.0,55.1,167.9,56.8,38.1,43.4,68.9,72.8,31.6,36.4,107.8,102.1,28.1,16.0,5.0,62.2,15.5
21.2,35.4,27.0,41.1,92.7,35.4,138.2,89.8,88.6,79.8,71.9,60.2,69.7,22.8,18.6,54.3,31.0,32.6,34.3,35.5,43.7,6.5,31.5,34.5,136.8,37.9,32.2,14.4,21.3,52.7,160.2,57.2,40.3,45.4,71.7,72.9,35.3,40.5,98.8,94.0,26.6,15.1,5.0,57.1,15.3
21.3,36.1,29.0,42.1,102.4,37.9,143.7,87.7,86.2,74.7,79.0,63.0,72.7,25.5,19.1,53.3,30.9,34.0,36.3,38.6,46.3,6.3,30.5,33.4,142.1,37.4,34.5,14.0,20.6,55.4,165.8,59.9,39.4,44.5,66.7,71.2,32.7,37.7,105.6,100.6,26.8,18.4,5.8,64.0,15.8
20.2,37.0,25.6,40.4,89.3,35.8,139.0,86.3,84.6,75.0,75.8,58.1,69.9,23.3,18.1,56.6,28.8,33.0,35.5,34.1,44.7,6.1,30.8,33.9,138.1,35.7,30.9,15.0,21.3,50.1,162.0,53.1,37.6,43.1,67.1,72.8,32.7,39.3,102.7,96.8,25.8,14.6,5.8,55.1,14.6
22.8,38.9,32.2,49.7,109.1,40.0,156.2,104.5,101.8,87.6,86.6,64.8,79.4,26.2,19.7,57.3,33.1,38.2,41.3,42.0,52.8,6.9,34.3,38.4,153.6,43.6,37.0,15.3,22.6,58.7,179.2,66.0,41.5,48.9,84.0,96.5,33.5,41.0,116.5,109.0,30.8,16.3,7.5,85.9,16.3
20.9,38.6,31.9,45.8,100.0,36.4,135.5,90.4,89.1,75.9,73.2,59.3,72.1,24.9,18.9,53.6,29.7,34.6,37.0,36.6,42.1,6.0,31.5,34.3,133.0,37.9,31.0,16.0,22.1,50.9,156.5,62.4,37.6,44.2,70.2,76.6,32.2,38.7,98.4,92.0,26.6,14.7,6.9,63.4,15.6
19.2,35.4,26.3,40.8,88.4,32.2,139.2,83.6,81.6,70.1,77.0,57.7,71.8,23.3,17.8,53.5,29.9,34.0,36.4,33.5,46.3,5.0,31.8,34.3,137.5,36.1,32.0,15.7,21.5,53.2,160.6,54.3,35.5,42.7,67.3,71.6,29.9,37.7,104.6,97.4,28.2,16.2,6.9,52.8,14.8
20.5,34.5,30.4,42.3,106.7,37.4,138.1,93.9,89.8,84.3,72.2,65.8,81.6,25.0,18.4,52.7,31.0,37.0,38.4,37.5,42.4,6.3,32.1,33.9,135.5,38.4,32.4,14.0,22.1,48.8,158.6,67.1,38.3,46.2,77.5,82.4,28.9,37.2,101.7,93.7,30.1,16.7,7.9,68.6,15.5
20.6,36.8,28.5,41.7,90.3,36.5,140.1,83.1,83.6,70.1,78.2,59.3,71.5,23.8,18.3,56.2,31.5,34.1,38.5,37.0,46.4,5.5,31.3,34.5,137.6,33.1,32.5,15.9,19.7,53.5,161.8,56.1,36.2,42.8,67.0,68.2,28.9,35.2,105.4,98.3,27.6,15.2,6.4,57.5,15.3
22.4,38.6,33.2,45.6,113.0,39.7,164.3,93.1,94.8,81.7,89.8,69.0,85.1,26.9,21.1,56.0,33.4,41.0,42.2,41.2,53.1,7.6,33.0,36.6,161.3,41.2,37.5,14.1,21.9,62.3,187.0,71.3,47.7,55.5,78.1,94.3,36.5,45.3,120.5,112.3,31.3,16.0,8.7,87.4,16.9
19.9,36.8,28.2,45.0,101.8,35.9,140.8,87.4,89.7,73.7,76.5,66.0,83.0,23.3,18.8,55.0,30.2,37.7,38.5,37.5,46.8,6.0,32.5,36.5,138.5,34.4,33.0,15.9,21.0,54.6,162.4,62.3,34.6,43.1,75.3,82.5,28.1,37.7,107.9,98.7,28.8,14.4,9.8,66.3,14.8
20.0,40.2,31.0,49.5,102.7,36.5,147.6,109.4,105.2,93.9,82.5,66.4,86.1,25.6,19.5,55.2,31.7,42.3,43.5,37.5,50.8,5.3,36.5,40.0,145.8,40.0,33.9,15.5,25.1,57.0,168.4,61.5,36.9,47.3,94.2,102.1,30.7,40.9,112.5,103.2,27.9,15.7,10.0,79.8,15.6
18.3,38.1,30.0,44.2,100.5,34.5,139.5,96.9,89.6,78.7,79.1,62.9,75.6,23.5,18.4,54.3,31.0,36.4,39.4,36.5,47.2,5.7,31.0,35.5,138.4,36.5,32.5,14.8,21.0,55.5,161.0,62.3,35.2,43.1,74.0,84.0,31.9,39.4,105.0,98.0,26.8,15.7,7.0,64.9,15.0
22.7,35.7,30.7,43.7,106.9,39.1,135.7,92.6,88.1,79.8,71.8,62.0,84.1,25.0,17.3,51.7,30.0,30.8,35.7,38.5,44.1,6.4,31.5,34.5,133.7,35.8,29.7,15.6,20.4,47.5,156.9,65.5,36.8,49.0,80.0,100.2,31.3,42.7,102.6,90.8,29.0,13.5,12.2,70.5,15.2
22.5,39.2,31.1,46.1,103.8,38.5,142.6,97.9,94.8,84.9,78.1,62.3,87.8,25.2,19.3,58.8,33.1,39.6,41.8,39.8,47.3,5.5,34.8,37.4,142.1,40.6,33.5,15.6,22.7,55.9,166.7,62.8,33.5,46.4,85.0,93.9,29.5,43.1,110.7,98.3,32.2,12.5,12.8,76.3,16.0
20.0,34.9,25.5,40.8,89.8,34.5,130.0,83.0,81.2,74.0,70.9,55.0,67.0,22.6,16.7,52.4,28.2,32.3,34.9,34.7,42.8,6.2,30.1,32.8,129.3,34.4,30.2,13.8,19.5,48.6,151.2,54.9,36.2,41.7,66.2,72.3,31.4,38.1,96.6,90.5,25.3,14.6,5.9,50.0,14.2
20.8,37.5,32.3,45.2,94.5,35.5,137.3,94.5,94.0,77.2,76.0,55.6,81.2,27.1,19.8,52.8,32.2,35.0,37.8,37.2,47.0,6.3,33.2,36.5,135.6,38.2,32.3,15.2,21.6,52.9,156.9,59.2,32.2,47.6,77.0,92.1,26.6,39.9,106.2,93.7,29.9,11.0,13.6,65.0,16.0
21.6,35.5,27.6,41.1,92.8,37.9,138.0,88.3,84.5,75.6,77.5,55.0,69.1,24.8,18.2,55.7,32.3,33.5,35.4,36.6,47.8,6.1,31.8,34.7,137.2,36.3,32.3,13.8,21.0,54.1,160.0,58.4,36.6,43.6,74.1,82.3,31.4,38.9,103.6,95.6,23.1,9.0,8.0,60.8,15.2
18.9,38.5,29.0,43.2,104.1,32.6,140.5,90.2,90.0,74.5,73.1,61.0,84.5,23.4,17.8,53.9,29.5,35.6,39.8,38.0,46.3,6.1,31.3,33.8,137.6,36.9,33.2,15.4,21.8,53.3,160.9,60.3,39.6,49.4,74.4,92.6,30.1,42.6,106.3,94.8,31.4,13.2,12.5,63.4,14.5
18.8,35.3,31.5,44.7,104.3,36.5,137.1,92.1,89.5,80.3,77.1,61.0,82.3,25.0,18.6,53.1,30.3,35.6,37.3,39.8,44.1,6.1,31.8,34.8,135.3,38.0,35.5,12.9,21.9,57.8,157.7,65.8,32.3,43.9,79.5,87.8,27.3,38.1,105.3,95.2,28.7,12.6,10.4,69.6,15.2
19.9,35.0,26.0,38.7,85.0,35.3,139.5,87.8,81.7,70.4,78.9,50.5,68.9,21.8,17.9,55.8,29.6,31.8,34.8,34.6,46.8,5.3,28.1,32.1,137.7,34.4,31.8,14.8,17.5,53.1,161.2,51.6,36.4,44.8,66.8,73.2,28.6,37.4,105.5,97.0,24.9,12.1,8.3,52.7,14.4
21.8,34.8,27.6,41.1,91.5,35.4,132.6,88.3,85.2,74.9,71.7,57.9,68.3,22.8,18.7,55.2,30.0,32.2,34.0,35.7,43.0,5.8,31.9,33.7,131.0,36.2,30.5,14.0,20.2,50.5,153.8,54.0,37.2,42.3,64.4,75.0,31.5,37.2,97.0,91.8,25.8,14.5,5.2,54.6,14.8
19.4,36.4,27.9,42.4,94.7,36.0,141.8,87.4,84.6,71.5,79.4,58.2,79.8,23.3,18.5,54.7,30.8,32.0,35.5,37.4,48.4,5.7,31.5,34.5,140.2,36.8,33.7,14.0,20.3,56.4,164.5,60.1,33.6,44.2,69.8,71.8,27.9,38.9,109.8,99.5,30.2,13.3,9.9,59.2,15.1
21.0,37.5,27.5,42.1,93.1,34.5,142.5,89.5,89.2,76.4,81.4,56.5,73.6,23.5,19.7,56.5,33.6,33.6,37.7,36.6,47.7,6.3,30.5,33.4,141.3,34.4,32.0,16.3,21.0,52.6,166.0,56.0,35.7,43.9,72.6,76.8,31.7,40.5,109.0,100.0,26.8,13.6,9.1,60.4,15.7
21.5,36.7,30.0,45.2,103.0,38.5,137.2,94.1,92.7,81.7,74.0,60.1,80.4,26.2,17.8,53.8,30.8,33.1,35.9,41.6,44.0,5.4,31.6,34.5,136.8,38.9,31.4,16.3,22.0,51.5,158.9,67.1,35.2,45.2,79.7,89.5,30.1,40.5,105.0,93.9,29.4,12.7,10.8,71.0,15.4
21.5,36.2,27.0,42.7,100.7,35.7,142.3,89.3,86.5,73.3,77.0,63.2,80.4,23.2,18.9,54.9,30.5,33.5,36.5,38.0,45.9,6.1,30.5,33.9,140.8,33.8,32.7,15.9,21.3,53.9,164.3,61.4,36.8,46.0,70.1,77.2,31.7,40.2,107.1,98.4,28.9,15.7,8.7,64.4,15.6
22.2,37.3,28.5,44.0,97.8,39.1,138.1,89.1,87.5,78.8,72.0,63.8,75.9,23.9,18.5,53.4,29.7,34.1,37.2,37.4,42.7,6.2,31.2,34.3,137.0,35.9,31.9,15.3,22.5,51.3,162.0,59.4,38.1,44.8,67.2,75.4,35.0,41.9,100.5,93.8,28.7,14.7,6.7,63.7,15.4
19.2,37.8,24.1,42.0,87.6,30.7,140.6,89.1,83.6,72.7,76.9,52.9,69.7,22.7,18.3,52.5,28.8,32.7,38.4,33.7,45.5,6.3,30.9,33.0,138.0,35.1,33.2,16.9,20.3,54.4,161.1,50.2,38.7,48.1,68.8,77.3,31.0,40.0,104.6,96.3,28.6,14.0,9.5,51.1,14.5
21.9,38.6,29.5,44.5,105.1,38.2,150.4,94.6,91.8,79.8,80.5,67.7,83.6,24.4,19.5,54.3,32.0,34.2,36.3,40.8,48.9,7.5,33.7,37.0,148.3,37.3,34.4,15.2,22.3,57.8,173.6,64.9,39.9,47.3,74.7,81.7,33.8,43.2,112.5,103.5,32.8,19.1,8.7,74.3,16.2
21.8,39.4,27.3,44.3,96.2,36.3,145.0,88.3,90.2,76.0,81.0,59.1,72.0,23.7,18.8,55.0,32.0,35.3,38.9,36.8,47.8,6.7,30.8,33.4,143.1,36.6,34.2,15.6,22.3,58.2,167.9,56.7,38.3,44.7,67.3,74.9,33.5,40.1,108.1,101.1,27.7,13.6,6.9,63.4,15.7
21.4,35.2,26.8,39.8,95.6,35.5,139.6,84.2,82.6,70.3,75.8,63.1,73.4,23.0,17.8,53.3,28.6,32.8,35.4,37.6,42.6,5.3,29.8,32.3,137.5,35.5,32.0,14.3,22.2,53.5,160.8,54.8,36.9,42.0,64.5,67.0,32.5,38.0,103.4,98.5,27.2,19.3,4.9,55.6,14.6
21.2,37.8,36.0,47.2,115.2,37.1,142.6,103.0,98.4,92.0,76.7,69.3,76.6,27.0,19.2,56.6,30.0,38.3,39.0,41.4,45.2,6.5,33.1,37.0,141.3,40.8,32.8,14.7,19.9,51.7,166.1,70.2,41.4,45.8,91.8,101.2,37.1,41.2,102.2,97.7,27.6,15.1,4.7,83.0,16.5
21.3,39.1,35.0,49.3,103.4,37.9,135.0,102.8,102.5,84.1,74.3,55.5,66.2,27.2,19.4,55.7,32.0,39.4,41.2,38.8,44.5,5.2,34.5,37.9,133.7,41.1,31.0,14.7,23.1,53.2,155.9,67.4,40.4,46.6,81.2,94.8,35.6,41.1,96.4,91.6,28.9,10.6,5.5,75.0,15.8
18.4,35.7,27.0,42.0,86.2,32.9,133.9,84.9,83.2,68.4,77.6,53.5,66.1,22.3,19.0,53.3,29.3,31.4,35.2,32.6,45.2,6.4,29.3,30.9,132.7,36.2,32.4,13.5,20.9,53.9,154.0,54.1,33.1,39.6,62.0,69.5,31.0,37.6,101.1,94.6,24.2,12.0,5.7,50.6,13.9
20.2,36.0,27.8,43.6,102.8,34.3,136.7,93.0,88.4,78.3,72.7,64.2,75.3,23.9,17.5,53.7,30.4,37.3,39.5,35.4,42.7,5.7,29.5,32.0,133.8,36.7,32.7,14.7,21.1,52.3,157.4,61.8,38.9,44.2,73.5,83.3,32.1,38.0,99.6,94.0,25.9,16.0,5.6,62.3,14.7
20.8,35.8,27.5,43.2,100.1,36.2,138.0,89.1,85.0,73.5,76.4,60.1,75.0,23.6,18.5,54.9,30.8,36.2,38.8,37.1,45.7,5.6,30.4,34.0,136.2,34.7,33.3,13.7,19.0,55.5,159.5,59.6,35.1,42.5,68.4,73.0,27.4,36.0,104.8,97.4,27.6,16.8,7.6,59.6,14.2
20.7,38.4,26.7,42.5,90.0,33.7,143.2,82.8,83.7,72.2,78.7,57.5,71.0,23.0,18.5,54.2,32.0,35.0,38.3,35.8,47.0,5.8,29.6,33.2,141.1,33.5,34.6,16.6,21.0,56.2,165.4,53.0,38.6,45.7,65.9,73.4,32.1,38.8,106.0,98.7,27.8,14.5,7.4,54.8,15.7
20.6,39.1,29.2,46.1,95.9,35.2,144.8,99.9,95.1,77.7,79.6,58.2,68.0,25.3,18.8,55.1,29.5,37.0,39.7,35.5,45.6,6.3,32.9,36.0,142.7,37.8,32.3,16.0,23.8,52.1,165.0,55.2,42.2,47.7,78.1,89.0,35.9,41.3,104.3,98.5,25.2,13.3,5.5,65.7,15.5
21.2,36.7,33.0,45.4,107.7,38.0,142.4,107.4,98.0,85.9,73.9,60.6,83.1,27.1,19.2,53.5,30.9,37.6,39.8,40.6,44.5,6.1,32.4,36.1,140.6,41.5,31.9,15.7,23.3,51.6,164.4,64.1,41.8,53.2,84.9,102.0,33.7,45.0,105.0,93.8,28.9,11.4,12.5,77.5,16.5
20.8,35.6,29.0,41.2,102.7,37.4,138.3,85.4,85.9,72.5,74.0,66.9,88.0,23.5,18.4,54.0,30.3,32.8,36.2,35.4,44.7,5.0,30.1,33.8,135.3,34.5,32.5,14.6,20.8,52.8,159.9,64.0,32.0,42.8,72.4,74.3,27.4,37.9,106.8,96.5,32.5,17.6,9.5,63.2,15.1
21.4,36.6,32.2,45.4,105.2,37.5,142.1,95.2,94.3,81.8,80.1,62.9,76.2,27.0,20.5,55.8,31.8,36.3,38.2,40.2,48.4,6.1,33.3,35.2,141.1,41.2,35.5,13.7,20.8,57.7,164.0,64.0,35.8,42.0,79.9,85.0,30.3,37.7,108.7,101.3,27.9,14.3,6.8,74.0,16.8
21.2,38.0,31.1,47.8,101.9,36.0,142.1,100.3,95.2,83.6,76.1,62.8,76.7,26.2,18.3,55.9,30.3,37.5,39.0,37.9,46.2,7.1,32.3,35.4,140.0,38.1,32.1,15.4,23.1,52.6,163.8,62.7,38.9,45.7,77.3,85.8,32.5,39.6,104.8,98.4,28.9,14.3,6.8,68.3,15.8
18.8,37.5,24.4,40.8,87.7,29.9,136.2,77.7,79.2,69.8,75.5,55.6,66.7,21.6,17.4,52.9,27.6,34.6,38.9,30.5,44.0,5.9,28.3,30.7,135.2,34.4,33.3,15.4,22.4,53.3,158.6,49.2,35.7,41.7,66.1,72.6,32.0,37.8,101.4,96.2,26.8,15.5,6.3,46.0,14.1
21.0,36.8,28.7,43.1,92.2,35.8,143.2,90.8,87.5,73.5,80.8,55.6,74.3,24.2,18.8,52.5,31.8,35.7,39.0,36.0,47.6,5.8,32.0,35.5,141.8,38.4,33.2,14.6,21.4,54.3,165.5,56.4,34.9,44.5,71.3,76.4,29.0,38.4,110.7,101.4,28.5,13.3,9.1,61.1,15.3
20.2,37.8,29.5,49.2,107.1,35.8,143.8,102.9,99.2,83.6,75.6,69.3,92.2,24.7,17.3,54.1,30.4,42.8,42.2,37.1,44.6,5.7,34.1,37.9,141.8,39.7,32.2,14.8,23.0,52.7,164.6,66.8,35.9,47.6,82.3,91.3,28.5,40.5,109.5,98.2,33.9,17.3,10.9,76.3,14.8
20.2,38.4,27.5,43.9,98.2,31.8,145.0,91.0,88.3,77.8,79.8,57.0,75.2,23.5,17.7,53.5,29.8,33.8,38.1,35.7,47.4,5.9,32.4,35.4,143.4,37.0,35.0,14.4,20.8,57.4,166.8,56.4,37.8,46.5,70.9,86.2,32.5,42.0,109.5,100.4,28.2,14.7,8.6,62.0,14.7
19.0,35.5,29.2,40.8,93.0,33.9,140.5,86.2,83.4,70.1,78.3,59.4,77.2,23.8,17.5,54.0,29.3,32.1,35.5,35.3,45.5,5.8,32.4,36.1,138.9,34.0,31.3,14.5,19.5,54.4,163.2,58.5,34.2,42.8,67.9,79.2,28.8,37.4,107.1,98.6,27.4,13.7,8.3,58.6,14.2
19.8,38.9,28.7,44.0,91.6,32.4,149.6,87.8,87.9,74.8,88.0,60.3,77.6,23.1,18.9,55.4,30.1,33.8,36.6,33.5,51.6,7.2,31.8,35.6,148.6,38.7,36.8,14.1,21.5,61.3,171.4,56.6,35.0,44.3,70.4,73.7,29.5,37.8,116.6,108.5,29.9,16.3,7.8,58.9,15.2
20.2,35.6,28.3,42.5,89.4,37.0,137.6,86.7,86.1,74.0,79.5,54.9,69.3,24.5,19.2,52.7,30.7,34.4,38.0,36.1,45.9,5.5,30.7,33.0,137.4,37.8,33.5,14.5,20.1,54.4,160.5,56.0,33.0,40.9,66.2,72.1,31.9,38.8,105.2,98.3,26.1,13.2,7.1,58.1,15.7
22.4,38.4,32.6,45.7,103.2,41.6,144.6,89.9,91.7,79.8,80.3,63.0,86.3,26.5,18.8,54.7,32.8,40.5,42.4,42.8,49.7,5.8,34.1,36.8,142.3,39.0,35.0,15.7,23.1,58.2,164.4,67.0,34.8,47.6,80.6,94.2,27.7,38.8,111.2,101.1,29.7,10.6,10.7,76.5,16.3
20.2,35.8,29.6,44.3,96.6,34.1,136.2,94.7,92.8,79.6,72.1,57.5,75.8,24.3,17.7,56.0,29.1,35.2,37.3,34.9,43.1,6.2,32.5,35.7,134.5,37.8,32.6,14.0,21.6,52.2,158.2,58.4,37.5,47.0,74.7,87.6,31.7,40.8,100.8,92.0,27.9,13.0,9.1,61.0,15.0
20.1,38.0,28.7,42.6,94.7,36.4,139.1,90.1,88.4,76.0,77.2,57.7,73.2,24.0,19.3,52.9,30.7,34.1,37.8,37.5,46.5,5.7,31.2,34.6,137.3,35.4,32.3,15.7,20.9,55.5,161.2,57.8,36.5,44.4,72.4,78.5,30.6,38.4,104.4,96.4,27.4,12.4,8.2,59.0,15.8
23.8,40.3,28.6,46.5,106.6,40.3,156.7,90.9,92.9,75.9,91.9,68.0,85.5,26.2,19.8,57.0,34.7,39.1,43.2,41.8,53.7,6.5,35.0,39.0,154.2,38.8,37.1,15.9,23.1,62.1,177.8,63.1,36.2,45.7,76.2,81.8,28.0,36.9,122.7,113.1,30.7,14.8,9.6,77.4,16.3
19.3,37.0,24.0,39.6,86.8,31.9,150.4,78.6,78.0,69.4,85.9,57.2,72.1,22.8,19.4,53.9,31.5,30.7,36.0,32.6,49.6,5.6,31.0,33.6,148.2,33.0,34.7,16.2,20.8,58.1,171.7,50.8,38.3,45.8,63.6,66.8,32.4,39.8,113.6,106.1,28.0,17.8,7.4,52.6,15.1
21.0,35.4,28.6,42.2,102.5,34.4,134.8,89.5,88.0,80.5,72.1,61.8,81.4,23.0,18.7,53.4,30.1,36.3,37.9,36.0,44.5,5.6,30.8,33.4,134.1,36.4,30.7,14.6,21.1,50.8,156.5,62.2,35.2,45.7,75.8,83.8,28.6,38.8,102.3,92.3,30.1,15.4,10.2,61.1,14.6
21.2,36.0,28.6,43.5,96.6,36.9,139.8,89.4,86.8,75.5,77.3,56.7,75.1,24.3,19.2,54.9,30.3,35.3,38.0,35.9,46.1,6.1,30.4,33.2,138.7,36.8,34.2,13.8,21.1,55.8,160.9,57.5,35.8,45.0,70.6,84.3,30.1,40.4,105.6,95.8,28.1,12.5,10.1,61.9,15.5
20.3,35.5,26.9,42.5,96.3,34.7,141.6,87.0,87.1,75.8,78.0,60.0,74.5,22.5,18.3,51.1,29.5,34.7,37.7,36.3,46.1,6.4,28.5,31.8,140.1,36.4,33.4,14.4,20.6,52.0,165.1,56.6,36.4,43.4,70.8,80.0,32.3,39.4,106.8,99.6,27.7,15.5,7.5,58.7,14.6
20.8,36.7,28.2,42.7,99.8,34.7,138.8,97.1,87.8,83.3,74.2,64.9,78.5,23.8,18.2,53.2,29.5,33.2,36.4,35.0,43.0,5.4,30.7,33.2,137.2,38.1,33.0,13.7,20.2,50.1,161.8,59.0,37.0,43.3,75.8,80.2,33.1,40.8,103.8,96.0,30.1,19.3,7.0,64.1,14.8
21.3,38.2,28.6,43.4,96.0,35.4,151.7,80.1,83.1,68.9,86.9,68.7,70.8,24.8,20.2,55.0,34.1,31.5,36.8,37.8,53.1,6.8,31.2,34.6,151.1,36.6,38.8,15.5,21.5,63.6,175.2,55.6,40.1,41.1,70.0,70.6,35.8,37.1,112.8,111.5,25.9,20.0,0.7,63.4,16.4
21.6,38.7,30.9,44.1,98.7,39.5,139.0,96.8,87.6,74.2,77.5,65.2,75.5,24.8,18.7,53.1,31.7,34.6,38.2,37.5,46.4,5.1,32.0,35.0,137.8,38.4,34.4,16.3,23.2,57.5,160.6,59.8,34.0,38.8,69.8,69.5,28.7,33.3,105.1,100.3,27.3,20.5,4.3,65.3,15.2
19.1,34.7,24.5,38.3,96.4,33.7,138.6,84.5,78.5,69.7,76.4,62.5,79.3,21.9,18.0,51.3,29.0,32.0,35.0,35.4,46.0,6.0,28.7,32.8,137.1,34.4,33.5,15.3,20.0,53.0,161.0,56.1,33.2,42.0,68.3,72.6,27.9,37.4,106.9,98.0,31.3,16.1,9.0,52.8,14.6
21.0,37.9,27.3,46.0,95.7,35.4,146.8,96.2,94.3,81.3,79.2,61.5,78.7,24.5,20.3,53.6,30.7,39.1,41.0,36.1,47.7,6.4,31.8,35.0,145.8,39.9,35.8,13.7,23.1,57.2,170.2,57.2,36.5,45.5,76.3,83.4,33.0,42.2,111.1,102.4,30.7,15.6,9.2,65.5,15.6
22.3,39.1,32.8,49.4,110.0,38.8,147.7,107.4,101.1,90.0,82.1,62.8,76.9,27.8,19.7,57.4,33.4,37.8,40.5,42.8,50.4,5.9,33.8,36.8,146.8,41.0,35.6,16.6,23.6,59.4,171.2,67.9,38.4,45.6,86.4,98.0,33.2,40.5,111.4,104.5,26.2,13.6,8.2,86.1,17.2
20.0,38.3,28.5,46.5,99.6,34.9,150.5,97.8,97.1,85.6,87.4,57.7,81.1,24.8,18.6,56.1,33.4,40.0,42.2,37.4,52.1,6.0,32.4,35.5,148.2,38.5,36.4,15.3,22.6,61.0,170.6,61.7,34.7,46.2,82.9,92.9,28.2,40.0,118.1,106.5,29.9,13.0,11.5,70.4,16.0
19.3,34.9,27.5,41.3,90.2,32.1,135.7,83.4,84.8,73.7,75.2,55.5,68.1,23.3,17.5,54.2,29.3,32.8,35.9,34.4,45.1,6.7,29.8,33.3,134.4,35.3,32.5,14.0,20.4,53.0,157.0,52.5,35.0,42.4,67.1,76.5,31.4,38.1,101.7,95.0,25.6,14.7,7.2,51.6,14.9
20.6,35.2,31.5,46.3,105.0,35.5,139.1,102.8,98.6,84.7,77.3,60.7,80.3,26.2,18.7,54.1,31.6,37.3,38.4,39.7,46.1,5.8,33.5,36.5,138.0,40.5,33.4,13.0,22.3,53.8,160.4,65.3,34.4,45.1,84.2,97.1,30.0,40.2,106.7,95.6,28.2,12.5,10.6,72.6,16.0
20.7,37.6,32.6,47.1,99.8,35.8,144.0,101.7,98.0,87.1,74.3,64.0,85.7,26.2,18.8,54.2,30.8,40.2,42.5,38.5,44.5,6.2,33.6,35.4,141.3,40.8,32.4,15.4,22.5,52.8,165.0,58.6,38.3,49.7,86.2,94.7,34.7,46.5,107.7,95.0,32.4,14.5,12.2,75.0,15.7
20.4,38.4,31.4,46.5,102.3,35.3,141.7,95.5,93.8,80.0,78.2,61.4,76.8,25.9,19.3,55.9,31.4,38.5,42.6,36.5,46.0,5.6,32.7,35.7,139.3,40.4,33.0,14.4,21.2,53.8,164.3,62.0,37.8,46.2,74.4,82.4,31.7,39.8,105.6,96.9,26.7,15.3,7.8,68.8,15.5
20.3,34.5,29.1,42.3,95.5,35.8,141.3,91.7,90.7,79.5,79.8,56.7,77.7,24.1,19.1,54.1,31.7,35.4,37.4,35.5,48.9,4.9,32.4,36.4,139.2,37.9,33.6,13.6,21.6,56.1,161.3,57.5,33.9,44.5,80.6,81.7,23.8,34.4,110.8,99.5,30.1,13.2,10.7,62.0,15.3
23.3,39.2,30.9,46.5,104.0,39.9,145.8,99.1,97.1,79.4,81.6,66.4,81.5,26.3,19.8,56.5,33.6,39.4,41.2,41.9,50.0,6.2,32.6,35.9,144.1,37.8,34.1,15.8,21.5,56.6,166.1,63.0,36.5,44.1,76.5,80.1,27.4,35.5,112.4,105.2,28.8,14.0,7.6,75.3,16.0
21.7,36.2,30.3,46.5,105.4,38.2,138.3,96.2,96.3,80.2,75.2,59.7,79.7,25.5,18.6,54.1,30.4,38.5,39.9,40.2,45.6,7.0,32.3,35.3,136.2,40.3,33.3,14.5,21.5,51.1,160.7,62.9,35.7,45.9,76.9,93.3,29.3,39.8,104.0,94.5,29.1,13.3,10.5,69.3,15.0
20.6,34.7,27.8,41.2,98.2,37.4,134.0,90.1,89.1,77.2,69.8,63.5,77.0,23.2,18.0,52.1,29.5,33.0,34.4,37.4,43.4,6.0,29.6,32.0,132.2,34.4,30.7,12.8,19.4,48.5,156.1,62.2,35.4,42.6,67.8,75.2,31.1,39.5,100.3,92.3,29.0,15.2,7.8,60.3,14.5
18.5,37.2,29.5,44.7,96.7,32.7,137.2,92.5,90.2,79.4,72.6,59.5,76.9,23.7,17.6,53.7,28.8,38.8,40.9,34.9,43.6,6.1,30.2,32.2,135.8,38.2,32.0,15.3,23.2,52.0,160.6,58.0,36.3,44.9,75.1,80.1,32.8,41.8,102.7,93.6,28.4,15.8,8.7,60.3,14.5
19.5,32.8,28.1,41.3,91.6,35.3,127.1,84.1,86.1,73.7,68.4,56.0,67.8,23.1,18.1,51.6,27.8,33.0,34.8,37.4,41.1,5.3,30.1,32.8,125.8,34.9,29.6,13.1,21.1,48.6,148.0,56.2,34.2,39.8,66.3,76.0,31.6,37.1,93.7,88.1,24.8,13.2,6.4,52.0,14.6
19.1,39.7,27.5,44.6,92.7,33.5,143.2,85.5,86.4,71.4,81.2,56.9,67.1,23.5,18.8,53.7,30.3,38.5,41.5,34.9,47.9,6.3,31.3,34.2,142.0,35.0,34.4,15.5,22.9,57.1,164.8,54.6,35.6,40.6,65.0,67.5,30.1,35.5,107.5,102.6,26.3,17.2,4.5,55.9,14.8
20.5,36.8,31.0,45.8,105.3,35.7,139.8,99.9,97.9,82.7,77.3,60.4,84.7,26.2,19.2,57.4,32.0,38.5,39.8,37.5,45.7,5.7,34.9,37.3,139.5,40.0,33.8,14.9,22.1,55.5,162.6,63.4,32.6,45.0,79.7,89.2,30.5,43.5,108.4,96.2,30.7,15.0,11.9,73.0,15.5
20.4,36.5,28.0,45.4,97.3,34.8,135.7,101.4,93.3,80.7,73.0,60.2,76.8,24.4,19.4,55.8,29.4,35.5,36.9,35.6,44.2,6.6,34.1,36.5,134.2,37.8,30.6,13.8,22.4,51.1,156.3,57.5,35.4,44.4,80.0,87.8,30.1,38.6,102.1,92.6,29.1,13.1,8.7,65.4,15.5
19.7,34.9,26.6,43.1,96.1,34.8,143.3,81.6,85.3,70.6,81.1,60.9,75.0,23.2,19.0,54.3,29.9,31.9,35.9,36.8,49.5,6.1,29.7,31.7,140.9,34.5,32.5,16.0,20.5,55.0,163.3,56.9,35.8,43.0,69.0,76.3,30.1,37.4,108.9,101.7,27.9,15.3,6.9,58.2,14.5
19.5,37.3,29.0,44.8,99.3,33.8,146.9,87.2,90.7,75.1,79.1,66.0,82.0,24.4,19.4,54.2,30.3,36.8,39.5,37.5,48.4,5.9,32.2,36.2,143.5,37.9,35.5,15.2,22.4,56.2,168.5,60.1,36.4,44.6,72.9,77.9,29.4,37.6,111.7,103.0,30.7,14.7,8.1,64.9,15.5
21.3,39.6,27.0,43.5,106.1,37.5,150.4,91.7,91.3,79.4,79.4,68.9,86.3,25.1,18.7,55.3,32.8,37.7,41.3,36.7,48.2,6.3,32.4,36.7,147.7,38.3,35.0,17.3,22.0,54.9,172.1,59.2,39.0,47.2,75.0,80.3,31.6,40.7,113.4,104.2,31.5,20.4,8.9,68.7,15.9
19.0,38.5,27.2,42.4,93.5,31.9,140.4,85.9,84.8,67.3,78.5,60.4,74.6,22.9,18.4,54.0,30.5,33.9,38.4,34.3,45.6,6.4,30.0,34.2,137.9,35.3,33.3,16.0,20.2,55.8,161.5,55.6,36.9,43.6,64.5,69.3,29.5,36.4,105.8,98.8,28.9,16.5,7.0,55.6,14.9
20.3,36.0,31.5,41.5,96.0,33.5,141.2,87.8,84.9,72.0,78.9,60.8,74.8,24.5,18.8,54.0,29.8,33.9,36.6,35.8,47.6,5.8,32.3,36.1,138.8,37.5,32.8,14.1,20.9,54.8,162.6,58.3,35.3,42.3,67.1,68.9,29.0,35.9,107.1,100.6,28.3,15.3,6.9,60.3,14.7
19.0,34.5,27.1,40.1,90.3,32.3,141.1,81.6,83.1,68.8,80.9,54.4,69.0,22.5,17.6,54.4,30.0,34.9,37.2,36.5,46.5,5.4,29.8,33.2,139.4,35.7,34.2,13.7,20.4,56.2,163.0,53.1,35.7,43.4,63.3,70.8,28.5,36.0,107.1,99.2,27.8,15.7,8.0,53.2,14.2
20.6,34.6,27.1,41.3,97.9,35.4,138.0,89.3,88.1,73.8,74.6,60.4,76.2,23.2,17.2,54.0,28.2,32.9,35.0,37.1,43.3,5.6,29.6,33.8,135.3,33.6,32.0,15.2,18.9,52.9,159.9,56.6,38.0,45.7,71.5,78.7,28.5,36.7,102.7,94.8,27.5,15.9,7.6,57.0,14.5
21.0,34.5,28.0,41.8,96.6,37.5,144.1,88.3,84.2,77.1,82.8,56.7,71.1,25.1,18.3,54.4,32.7,36.4,38.6,38.3,50.2,6.3,32.0,35.6,143.2,36.2,34.1,14.0,20.4,57.2,165.7,59.6,36.9,44.1,74.2,77.8,30.5,37.0,109.8,102.7,25.9,14.3,6.3,65.0,15.2
20.5,38.1,28.5,44.0,96.4,35.3,136.1,90.0,91.8,79.2,73.3,57.9,69.5,23.5,18.5,57.7,30.5,32.7,34.4,37.4,44.3,5.0,31.5,34.2,133.3,36.6,32.5,14.3,20.4,52.7,158.3,56.9,38.9,44.7,72.7,75.6,32.3,38.4,99.6,92.8,24.2,13.5,6.0,59.7,14.6
19.0,33.9,26.6,39.5,94.8,34.4,129.9,86.2,83.5,76.1,66.2,61.7,71.7,22.1,18.0,54.4,28.2,30.2,32.4,35.7,40.2,5.8,31.5,34.5,127.7,34.7,29.3,13.9,18.4,47.0,151.3,57.0,37.7,43.1,75.0,76.8,32.6,38.0,94.3,87.7,25.5,16.7,5.2,56.0,13.9
20.7,34.5,31.2,45.8,95.7,36.8,138.5,91.5,90.4,77.8,73.6,64.6,84.0,24.6,18.7,52.3,29.2,35.6,38.2,37.7,43.0,6.7,32.3,34.6,136.5,40.9,34.1,13.2,21.2,53.0,159.8,59.4,32.3,42.0,76.2,77.9,28.2,38.6,106.5,96.4,32.1,16.0,9.7,62.8,15.4
20.8,36.3,27.5,43.8,101.1,38.1,138.9,91.4,89.1,80.2,75.3,66.3,79.0,23.5,19.0,55.7,31.3,32.6,35.6,36.2,46.1,5.5,31.8,34.5,138.7,39.4,33.7,14.5,21.1,56.5,161.7,60.7,33.7,40.1,73.3,81.6,30.5,37.6,105.5,98.6,29.8,17.1,6.5,64.4,15.2
19.5,34.8,28.7,42.8,95.8,34.0,146.7,90.0,86.0,74.8,85.5,58.9,63.2,24.5,18.0,53.2,30.8,33.1,36.2,38.5,49.9,5.4,31.1,34.4,145.5,37.9,36.7,14.8,20.2,57.9,167.7,59.0,41.0,43.8,78.6,80.8,34.3,36.5,107.2,104.5,29.7,14.1,2.9,64.6,14.9
20.7,33.0,26.7,38.2,89.0,35.3,134.8,83.7,79.6,68.7,72.7,57.2,67.2,23.7,17.7,55.1,28.8,34.0,36.6,35.1,44.4,6.3,30.8,33.4,132.9,34.8,31.4,13.5,19.7,50.0,157.6,52.7,39.1,43.9,63.4,69.9,33.1,38.4,97.0,91.7,25.4,14.8,5.0,51.3,14.7
21.9,37.0,27.7,42.4,91.3,35.5,148.2,92.1,88.1,73.7,82.5,62.9,79.3,22.5,18.9,54.6,31.4,34.2,37.1,34.2,50.5,6.5,31.0,34.3,146.8,35.0,35.6,14.8,21.8,58.1,170.5,52.7,36.5,44.1,70.9,73.8,30.8,39.2,114.0,105.8,30.9,16.6,7.9,59.0,14.8
21.3,37.9,30.0,44.5,103.1,35.1,150.5,96.8,96.4,83.0,83.5,67.9,78.0,26.8,19.0,55.2,32.3,36.6,37.9,38.7,49.5,5.8,33.6,36.3,148.7,39.9,35.5,14.2,22.4,58.5,173.2,59.8,41.2,46.4,74.1,78.7,34.2,39.5,112.2,106.6,28.2,17.8,4.8,70.8,16.3
20.0,37.6,27.0,43.1,96.6,35.8,143.7,91.3,93.1,81.6,79.0,62.8,74.0,24.4,18.6,56.5,30.0,37.3,39.3,35.4,48.0,6.5,31.4,34.3,143.2,37.6,34.1,16.0,21.2,54.7,168.2,56.5,38.0,44.0,73.1,81.6,33.6,39.0,107.5,102.4,28.2,16.0,6.1,62.8,15.2
20.3,36.9,32.2,45.4,98.3,36.9,137.0,98.2,92.9,81.9,77.4,59.5,75.9,24.8,18.6,54.2,31.2,35.1,37.0,38.5,45.2,5.5,31.7,34.3,135.1,39.1,33.2,13.0,21.7,56.4,157.0,59.8,34.1,42.4,79.4,90.0,29.1,38.1,105.9,97.2,26.6,15.6,8.2,69.1,15.5
21.5,38.5,28.8,44.2,97.5,37.0,141.3,92.0,92.4,79.9,77.4,62.7,72.6,24.4,19.0,56.5,30.8,39.3,41.6,37.2,45.3,6.2,32.0,35.2,139.5,38.6,34.3,15.7,22.4,54.8,164.6,58.0,36.3,46.6,70.2,74.6,33.5,39.1,104.5,98.8,27.4,16.1,7.0,63.5,15.5
22.0,38.9,33.1,48.4,102.1,39.3,147.4,92.3,92.2,79.3,83.3,60.5,76.5,26.5,19.1,56.8,33.4,35.0,38.6,41.6,48.3,5.9,35.1,38.8,145.5,40.2,36.3,14.8,22.1,60.3,168.9,63.3,38.5,46.7,82.5,91.9,32.0,40.1,111.0,102.2,26.7,14.0,7.7,78.3,15.8
20.8,37.3,28.0,44.5,98.4,37.2,138.4,94.8,93.6,77.8,72.4,61.5,76.5,23.8,18.9,53.3,30.4,37.1,39.0,35.9,43.8,6.6,31.3,34.9,135.9,36.9,31.2,14.3,21.9,51.0,162.1,60.0,36.8,44.8,73.5,80.3,32.6,41.1,101.6,93.5,30.2,15.2,8.4,63.6,15.5
22.0,38.3,29.5,46.8,98.5,39.4,137.3,100.0,95.3,82.6,76.0,57.5,76.3,24.9,18.2,53.4,30.4,39.5,41.0,37.0,46.6,6.1,32.2,35.5,134.3,38.4,34.2,14.8,22.3,54.8,157.2,59.0,36.4,45.6,80.9,87.5,29.1,39.0,104.0,93.8,28.6,14.5,9.8,64.8,16.2
18.7,34.2,26.5,40.6,90.5,31.7,134.4,83.6,81.0,69.8,74.8,56.5,74.7,22.0,17.7,53.1,29.5,27.2,31.1,34.9,43.1,6.8,29.6,32.5,132.3,35.0,33.5,12.0,19.9,53.8,156.0,53.6,32.2,42.0,68.7,73.6,26.6,36.4,103.4,93.6,28.4,13.3,9.4,50.7,14.4
19.3,35.7,23.5,40.9,89.0,30.6,136.1,75.2,78.8,67.7,72.5,56.7,69.3,21.5,17.4,53.0,28.8,34.8,37.1,32.5,43.0,6.2,28.6,31.9,134.6,31.2,31.6,15.4,20.8,52.3,157.9,50.2,38.3,44.7,60.5,67.0,32.8,39.1,99.1,92.4,26.5,15.2,6.5,45.0,14.6
18.5,38.7,26.0,44.7,94.1,30.8,150.4,94.7,90.7,81.3,79.4,62.1,79.0,24.0,18.4,53.6,29.3,38.4,40.5,35.2,47.1,7.1,31.8,35.2,148.2,37.4,35.4,15.5,24.2,56.7,172.8,56.8,39.9,48.6,78.8,84.0,34.3,43.0,112.2,102.5,31.5,15.7,9.1,62.1,15.0
19.8,38.8,27.2,44.6,97.8,34.2,145.0,85.9,87.7,75.0,78.8,58.0,67.5,24.2,18.2,56.0,32.2,35.2,40.7,36.9,47.2,5.7,31.8,35.9,143.0,35.2,33.8,15.5,20.2,54.8,166.7,60.5,43.2,48.2,73.1,81.9,36.3,41.2,103.4,98.2,24.7,12.9,4.9,61.8,15.1
19.4,38.2,27.0,43.5,92.7,32.0,139.8,86.8,87.5,73.8,80.2,55.0,66.2,23.4,19.1,54.4,31.9,35.7,38.4,35.2,48.4,5.6,31.2,34.5,138.7,36.9,35.3,14.9,20.7,58.7,161.7,54.6,35.7,41.8,68.0,70.8,30.2,36.1,104.7,98.5,24.2,13.8,5.7,55.6,15.4
19.5,35.7,25.0,39.9,85.7,30.3,136.2,77.8,78.9,68.5,77.0,53.3,66.0,21.7,18.5,54.1,28.9,30.9,34.7,32.1,44.7,5.8,29.8,33.5,134.9,33.4,34.0,14.9,18.8,55.5,158.1,51.6,35.1,42.4,62.0,66.3,29.5,35.9,102.0,95.3,26.1,13.6,6.1,47.8,14.0
21.3,39.1,24.3,42.8,89.0,35.3,147.2,83.8,82.5,71.1,79.6,57.6,63.0,21.7,18.2,54.6,31.6,34.5,38.9,35.1,46.6,6.3,30.4,33.8,144.8,34.5,34.0,16.0,21.9,56.1,170.1,55.5,43.3,45.8,65.6,68.9,38.1,40.5,104.1,101.3,25.9,17.6,2.1,54.9,14.7
20.3,37.1,24.0,41.8,91.6,33.3,146.0,85.6,86.2,75.8,80.3,56.9,73.3,22.4,19.5,52.9,29.5,36.0,39.2,34.1,47.4,6.3,29.9,33.0,144.2,37.0,34.6,15.4,21.0,58.2,167.5,54.4,39.7,48.1,68.0,76.6,33.3,41.9,108.4,100.2,28.6,14.2,8.5,55.4,15.0
18.7,32.6,24.6,39.1,93.2,32.8,136.1,81.5,82.4,71.5,77.0,50.9,72.4,21.8,17.4,54.6,27.3,31.8,36.1,34.3,44.4,4.9,30.6,34.1,133.8,35.3,33.0,14.2,19.2,52.3,156.7,55.4,33.5,44.5,68.5,80.2,26.9,37.7,103.7,93.5,26.9,11.2,10.6,52.9,13.9
18.3,34.1,23.5,40.0,90.4,29.5,135.7,83.7,79.4,69.9,76.2,53.2,72.6,21.5,17.8,51.9,28.3,33.5,37.2,32.5,44.4,6.4,29.5,32.8,133.7,32.5,32.1,14.0,20.2,50.6,155.5,50.9,34.0,44.5,69.3,81.5,27.3,37.3,103.7,93.8,28.6,12.7,10.0,47.3,13.7
21.9,35.4,30.8,43.0,101.2,37.9,138.4,93.2,89.2,83.6,75.6,64.5,74.7,25.7,19.0,54.6,31.3,33.6,34.8,41.1,45.5,6.5,32.5,35.0,138.2,38.9,34.4,13.9,21.4,55.1,161.6,60.8,36.0,41.1,72.8,80.5,34.3,40.2,104.2,99.1,27.1,16.0,5.7,67.9,16.1
20.2,33.4,28.4,40.6,96.0,36.0,132.6,93.7,87.4,77.3,70.8,59.1,67.5,22.5,17.8,55.0,29.0,32.8,34.6,37.9,42.1,5.6,31.3,34.8,130.8,36.6,31.6,13.0,19.9,53.0,153.7,56.7,38.1,42.7,71.3,79.8,32.6,37.2,96.3,92.4,24.9,14.5,4.1,57.8,14.6
18.8,37.0,24.0,42.1,85.2,32.0,144.7,86.5,85.8,72.0,80.7,56.0,62.5,22.5,18.6,54.9,30.1,35.2,38.4,34.1,46.0,5.6,32.2,36.0,143.2,35.2,35.5,14.9,20.3,57.8,166.6,48.2,42.3,45.5,64.8,66.4,33.8,37.0,104.7,101.1,24.5,16.5,2.9,52.7,15.2
18.3,36.5,27.5,42.7,90.9,32.2,137.5,85.5,83.7,70.3,77.8,56.1,68.7,22.2,18.1,53.6,28.1,34.0,37.0,32.8,45.5,5.2,30.8,34.0,136.7,33.4,32.7,15.0,21.5,55.1,160.2,53.1,35.4,42.1,65.0,73.1,31.6,37.9,103.0,96.4,25.5,14.1,6.1,52.0,14.0
21.9,36.3,30.4,44.8,101.8,37.4,152.9,97.8,94.0,82.6,86.5,62.4,81.6,26.0,20.9,55.8,35.2,29.3,32.5,39.4,51.9,7.1,33.9,37.3,152.2,40.0,36.4,14.2,23.1,59.7,175.6,61.3,35.9,45.6,77.1,83.2,32.5,42.5,118.1,108.2,30.2,16.6,9.7,75.0,16.8
20.3,37.0,28.3,45.6,103.7,36.0,145.5,98.4,95.2,85.3,79.1,62.0,77.3,24.8,19.3,54.9,30.0,41.5,42.1,37.6,47.9,6.7,32.9,35.7,144.0,40.8,34.5,14.0,23.0,55.5,167.6,62.3,38.7,46.1,78.1,86.2,32.1,40.1,109.0,101.4,29.4,16.3,7.9,69.4,15.6
23.7,37.6,30.1,46.0,102.1,37.8,140.3,91.8,90.0,81.2,74.7,64.4,79.7,25.4,19.9,53.5,32.6,37.6,39.8,40.7,44.4,6.1,31.9,36.4,138.5,37.0,30.8,14.3,22.3,52.1,162.8,60.8,38.0,45.7,73.8,77.2,30.9,39.3,104.0,96.0,30.1,16.2,7.9,67.6,16.8
23.9,35.4,30.7,43.7,97.2,36.8,147.6,90.5,86.0,75.6,80.3,62.2,83.8,25.3,20.6,55.3,35.1,32.8,36.8,39.0,49.8,6.1,31.3,35.2,145.5,37.5,36.8,14.5,20.6,58.5,170.0,56.3,39.4,50.9,72.9,87.3,29.0,40.4,110.8,100.0,30.2,13.8,11.1,66.8,16.8
20.2,36.0,28.0,44.2,99.8,36.0,135.3,93.5,91.3,76.7,69.8,61.0,71.8,23.5,16.9,53.1,27.1,37.6,40.6,36.7,41.9,6.2,32.8,35.5,133.9,38.3,32.0,13.8,21.5,50.6,157.8,60.2,38.7,44.4,73.1,82.8,34.4,40.1,97.1,90.9,26.0,14.6,6.0,61.8,14.3
21.0,37.3,30.8,45.1,96.3,35.4,142.1,91.5,92.3,81.9,75.0,55.8,79.4,25.6,19.3,56.8,30.9,36.9,39.5,37.7,45.1,6.5,32.2,36.0,141.0,39.6,33.0,14.5,23.0,53.9,165.7,59.0,35.9,48.8,79.3,93.1,31.6,44.0,107.5,95.0,29.1,12.0,12.7,66.1,15.7
20.3,34.2,25.5,41.9,87.3,33.4,136.7,84.7,82.3,72.7,75.5,57.3,69.3,23.0,18.8,53.9,28.8,35.0,36.7,35.5,44.8,6.0,30.3,33.5,136.2,35.0,34.2,13.5,20.3,56.2,158.4,52.7,35.7,43.0,71.0,74.7,30.2,36.5,102.4,94.5,27.4,16.6,6.2,51.4,14.9
20.0,38.1,25.0,42.3,88.4,31.9,149.3,84.3,82.8,72.0,81.9,56.7,73.3,22.8,18.3,53.8,30.4,30.4,33.4,34.6,48.0,6.2,31.1,34.0,146.5,34.5,32.6,13.8,20.6,54.3,171.4,48.8,40.3,48.8,67.3,75.1,35.0,43.5,109.6,101.5,29.1,14.9,8.8,55.3,14.8
22.9,41.1,33.5,50.1,116.7,39.0,150.0,102.3,100.6,91.8,82.4,66.0,82.3,27.3,20.4,61.1,35.0,38.5,40.7,43.7,48.0,5.1,35.0,38.9,149.2,40.5,34.5,15.5,22.9,57.9,173.8,70.8,39.6,48.4,87.7,94.8,33.1,41.3,112.8,105.6,28.4,16.6,8.3,91.6,16.9
22.0,34.9,32.6,47.4,108.2,39.2,137.8,106.0,101.2,89.0,72.5,62.1,84.7,26.2,18.3,52.5,31.4,41.2,40.4,40.5,43.2,5.8,33.5,36.3,135.3,42.0,33.3,13.0,22.7,53.7,157.9,69.0,36.3,48.2,88.5,103.1,28.7,40.9,103.6,92.8,30.7,10.5,12.0,79.0,15.8
20.7,36.6,29.0,43.2,98.5,35.9,144.5,88.4,87.2,75.0,78.3,63.9,81.0,24.5,19.8,53.8,31.8,30.3,33.0,37.5,46.3,6.5,31.3,34.3,142.8,37.4,34.4,13.7,19.7,56.1,166.0,61.9,37.5,46.1,69.5,76.8,31.5,40.2,108.7,99.9,28.9,15.5,8.2,65.2,15.6
19.3,35.2,28.4,42.7,95.6,34.0,133.9,88.5,83.6,73.8,73.1,58.6,73.7,23.5,17.9,55.1,29.2,33.0,35.2,36.7,42.9,5.4,30.7,33.8,131.7,33.7,32.5,12.9,20.3,52.6,156.1,58.5,35.0,43.1,72.0,75.8,28.2,35.9,101.1,93.5,27.0,12.0,7.7,57.9,14.1
19.8,35.7,31.5,44.9,104.7,38.7,143.8,96.7,92.0,82.7,79.5,64.0,88.8,25.0,18.5,53.8,29.0,33.8,36.3,41.1,46.5,5.5,32.1,36.0,141.5,37.4,32.3,13.0,21.1,54.5,164.5,66.4,33.6,45.5,81.1,89.5,27.8,39.7,112.3,99.0,32.1,15.1,12.3,74.3,14.7
22.0,37.0,32.8,45.0,107.0,37.4,143.8,88.1,89.5,73.7,75.2,68.9,87.9,26.0,19.9,55.2,31.8,35.8,37.8,37.8,44.8,5.9,30.9,35.5,142.4,39.9,34.0,14.5,21.7,53.4,168.5,64.7,35.6,45.3,70.2,73.0,31.7,42.3,108.9,98.4,33.8,20.2,9.3,69.0,15.8
21.0,37.7,28.5,44.6,101.8,36.4,142.8,87.1,88.9,75.2,80.6,57.2,76.3,23.7,18.4,56.5,32.5,36.1,39.2,37.6,47.3,6.0,31.6,35.1,141.3,36.7,34.2,14.9,22.8,57.2,164.2,62.1,36.4,47.4,73.7,88.7,29.6,38.2,109.0,99.5,28.2,11.7,9.2,66.7,15.2
19.4,35.3,25.3,42.0,92.0,33.5,142.0,82.5,81.0,67.8,84.5,54.5,63.5,22.8,19.2,53.2,31.3,32.1,35.0,37.0,49.5,6.1,31.5,33.9,139.9,34.4,34.6,13.9,20.3,58.3,164.2,55.1,37.3,42.1,64.4,73.8,31.7,35.9,107.0,102.7,23.7,14.0,4.3,54.1,15.0
19.7,35.4,23.5,38.8,84.8,32.0,134.4,74.5,77.2,66.3,73.9,54.6,68.1,21.2,17.8,53.9,29.3,32.8,36.5,32.5,43.3,5.4,28.8,32.2,133.2,32.3,31.5,14.8,20.5,52.9,156.8,47.6,33.2,39.9,60.8,64.2,28.4,35.4,101.4,94.5,28.3,15.4,6.7,43.9,14.6
19.9,34.0,25.5,40.2,90.5,33.7,137.1,84.3,78.0,72.8,80.0,56.0,66.0,22.8,17.7,52.9,30.4,29.2,32.4,34.8,46.8,5.7,29.0,32.2,136.4,32.8,32.7,13.0,19.2,56.3,158.7,52.7,34.7,40.0,62.9,66.4,29.6,35.0,103.6,98.2,24.7,14.7,5.3,50.1,14.2
22.5,38.6,30.5,47.3,99.6,36.6,148.2,98.9,95.2,85.6,81.1,61.0,75.4,25.8,20.4,55.5,31.6,39.5,41.9,39.5,49.0,6.2,32.2,35.4,145.9,41.0,36.7,14.9,24.4,58.8,171.0,61.1,40.4,48.3,74.6,86.8,35.7,43.8,109.1,101.0,29.6,14.7,7.8,72.6,16.2
19.0,32.6,28.6,44.8,97.6,32.2,135.1,100.0,93.4,83.5,71.9,59.9,82.8,24.7,18.5,55.3,29.7,36.6,37.6,36.0,42.4,6.3,33.0,35.2,133.4,39.4,32.3,12.4,20.5,50.5,155.8,60.4,34.3,45.5,83.0,91.4,29.8,40.2,102.3,91.8,29.6,12.8,11.2,63.4,14.5
22.5,37.1,27.3,44.8,98.6,37.6,145.6,90.2,90.3,78.4,79.9,63.3,72.5,25.2,18.8,55.1,31.0,33.3,36.2,38.0,47.3,7.7,31.2,35.5,144.6,38.2,35.7,14.0,21.2,57.2,170.0,59.0,37.1,42.0,73.3,77.3,33.7,38.9,108.6,103.7,28.4,18.3,5.1,66.9,15.8
18.7,32.1,24.4,38.4,89.3,34.1,132.8,80.0,80.8,71.4,75.2,60.1,76.1,22.1,18.3,55.8,28.3,31.5,33.9,33.2,44.5,6.0,30.6,33.4,132.2,34.3,32.3,11.4,18.7,50.9,155.5,54.5,30.9,38.3,66.8,67.5,27.1,35.2,103.5,95.5,28.1,13.8,7.5,51.1,13.9
21.1,34.8,30.7,44.3,96.5,36.4,136.3,92.0,89.5,77.6,72.8,58.8,75.5,24.6,18.7,53.8,30.2,37.5,39.7,37.7,43.0,5.8,32.0,35.2,134.8,37.0,30.0,13.4,20.9,48.8,158.7,60.6,36.2,45.0,73.8,86.9,31.8,40.5,101.5,93.6,29.3,11.4,10.1,62.7,15.1
19.6,36.9,27.1,42.1,86.9,34.0,134.5,83.2,85.8,68.5,74.4,53.1,67.5,23.0,18.3,53.9,29.0,33.0,35.6,35.3,42.1,6.0,29.7,32.4,132.9,35.0,32.1,14.0,21.3,53.2,155.2,53.0,35.4,42.4,63.7,65.8,31.8,39.2,99.8,92.7,27.2,12.5,7.1,51.1,14.6
20.0,32.1,29.7,42.3,101.8,35.2,155.2,86.7,86.2,74.6,89.1,59.6,82.0,25.7,19.8,55.5,31.7,32.8,36.1,37.5,50.2,5.6,32.9,35.8,153.9,39.2,36.5,14.1,21.7,60.6,177.6,62.9,36.8,48.7,72.7,80.0,29.6,41.1,119.3,109.3,31.4,14.9,11.1,71.4,15.7
20.8,35.4,30.3,44.2,103.2,36.2,135.0,91.6,91.1,79.8,75.2,60.7,71.0,24.7,19.1,54.2,30.3,36.2,38.3,37.8,43.9,4.9,32.2,35.0,134.0,37.7,32.8,13.8,22.0,54.2,156.2,60.2,34.6,40.1,78.9,81.1,30.9,36.0,101.3,95.2,25.2,15.6,4.8,65.5,15.6
18.5,35.6,25.2,41.3,89.3,30.8,144.1,83.3,83.9,71.1,82.7,56.4,66.0,23.4,19.3,55.3,31.7,32.7,36.2,34.1,48.6,6.1,31.1,34.3,142.8,34.8,34.7,14.5,19.4,56.1,167.3,51.8,36.0,41.0,66.0,71.7,31.0,36.2,108.7,104.0,25.8,14.8,5.2,54.8,15.4
20.5,38.0,28.5,46.6,98.8,35.0,144.4,97.8,96.8,84.4,77.3,62.5,70.8,24.2,18.8,55.1,30.0,38.6,39.5,34.7,46.2,6.4,32.1,35.8,142.4,39.2,34.3,14.2,23.2,54.6,166.2,57.0,41.0,45.4,75.3,83.1,34.3,39.0,104.8,99.7,26.1,16.5,4.3,65.2,15.6
20.4,35.6,28.2,42.3,94.6,33.0,145.7,86.2,88.5,73.8,84.4,55.1,73.5,23.3,20.3,55.0,32.4,31.2,34.9,35.4,50.0,6.2,32.2,36.2,143.3,39.0,38.0,13.1,20.6,61.7,166.9,55.0,35.0,44.5,72.3,77.0,27.4,37.9,112.3,102.1,28.3,13.5,8.9,61.1,15.9
21.0,38.8,28.2,48.5,108.0,39.0,146.2,101.9,97.4,83.9,79.4,67.0,75.2,24.0,18.8,56.2,30.2,39.1,42.3,36.4,47.9,6.2,32.8,36.8,144.7,39.3,33.7,15.1,23.6,55.9,170.1,65.5,40.5,45.1,81.7,93.6,37.6,42.0,106.4,102.8,26.1,15.2,5.5,76.6,15.7
20.4,38.4,27.1,43.7,98.4,33.4,140.4,92.0,89.8,73.2,73.8,61.7,75.4,24.2,18.6,54.4,30.5,37.5,41.3,36.9,43.6,6.2,31.8,34.7,139.5,36.4,32.5,16.6,22.2,53.1,162.8,57.5,38.7,45.8,71.9,82.7,34.1,41.0,103.6,96.4,28.9,16.4,7.7,60.8,15.5
20.8,36.2,26.5,42.4,90.9,34.1,140.0,92.0,87.3,78.0,76.4,60.3,74.0,23.2,20.0,52.6,29.8,36.3,37.5,33.3,46.5,6.7,31.9,34.9,138.5,36.7,33.5,14.2,21.2,54.1,162.2,53.2,36.3,43.3,70.3,76.1,30.3,37.6,104.6,97.6,27.9,14.7,6.7,57.2,16.0
20.0,34.8,24.5,40.8,95.2,32.2,135.9,84.9,82.5,71.2,76.0,58.8,78.5,20.7,16.9,51.9,28.4,33.2,35.0,34.9,45.0,6.7,29.9,33.3,133.8,33.8,32.8,13.3,20.3,54.1,156.7,56.8,32.1,42.4,69.4,82.5,27.0,37.2,104.4,95.1,29.3,12.7,10.4,52.4,13.6
22.8,38.5,27.9,47.3,104.3,36.9,147.8,94.0,94.5,82.3,79.1,65.5,79.0,24.5,19.2,56.1,30.2,40.5,42.3,38.3,46.6,6.9,32.8,35.6,146.1,39.2,34.7,14.4,24.3,56.4,171.1,61.4,38.4,45.9,74.5,81.5,35.7,42.6,109.1,102.4,30.2,17.5,7.3,69.9,15.3
20.8,32.7,28.7,41.4,103.0,35.0,143.4,91.9,88.2,78.4,78.1,63.2,77.0,23.7,17.8,54.0,29.7,33.0,34.7,37.8,45.5,6.3,30.2,32.9,141.0,38.4,34.7,11.7,18.5,56.4,165.4,61.1,38.4,45.2,73.6,82.2,31.9,38.7,107.1,100.4,27.7,17.1,7.3,64.4,14.4
21.7,36.7,29.6,44.4,97.2,34.5,144.0,93.4,88.1,82.2,80.7,60.7,77.7,23.7,18.2,54.2,30.3,36.0,38.8,37.6,46.3,5.7,29.4,32.8,142.3,38.2,35.2,13.7,21.2,57.0,165.2,57.1,35.3,44.0,76.4,80.7,29.4,39.0,110.2,101.9,30.4,16.8,8.7,62.7,14.4
20.9,33.9,27.0,42.8,96.9,34.2,136.5,91.8,87.1,72.0,72.3,62.5,81.0,22.8,17.7,53.7,28.3,34.3,36.1,33.1,42.4,6.0,31.5,34.2,134.8,37.0,33.0,12.0,20.4,53.1,157.8,55.9,33.2,42.6,69.1,78.9,28.9,38.4,103.8,95.2,30.3,15.2,10.0,56.7,14.8
23.4,37.1,33.0,46.4,115.1,38.5,143.0,96.5,95.5,76.7,78.0,67.7,74.2,26.0,19.4,56.5,31.7,37.3,39.8,42.6,47.1,6.4,33.1,37.0,142.4,39.9,33.2,15.5,22.3,54.1,168.0,71.8,41.8,45.4,87.4,97.5,39.3,42.3,101.2,97.6,26.1,14.1,3.0,81.8,16.0
20.1,35.4,26.0,40.2,84.8,32.8,137.0,83.0,83.6,69.6,78.6,52.7,69.4,22.2,18.2,53.2,29.9,28.8,32.9,33.7,45.4,6.2,31.5,35.1,135.4,34.4,32.0,14.2,20.2,52.0,159.7,51.1,33.3,42.1,67.9,72.8,28.3,37.1,104.5,95.6,26.6,11.8,9.1,50.9,14.4
19.6,33.8,26.5,43.5,96.8,34.8,136.6,88.3,86.8,75.3,75.6,58.6,72.5,22.1,17.9,54.6,28.8,38.7,39.8,34.3,44.9,5.9,29.9,32.0,134.7,35.5,33.1,13.5,21.1,54.4,159.7,57.0,35.5,42.9,70.6,82.1,29.6,36.5,102.5,96.0,25.9,14.3,6.8,57.2,14.3
20.7,36.0,29.3,44.4,97.2,34.9,134.5,94.3,91.2,76.2,73.9,65.0,72.0,23.7,19.1,54.2,29.9,39.0,39.1,35.9,42.6,5.7,31.8,34.7,133.2,38.7,34.1,14.2,21.6,52.2,155.7,57.5,35.6,39.2,72.2,74.2,31.2,35.8,99.9,96.1,25.0,16.3,3.7,61.7,15.4
19.1,36.7,24.2,41.4,95.0,32.3,152.0,87.4,80.7,75.8,83.4,64.7,78.7,22.0,18.1,55.8,30.8,32.7,35.4,36.1,47.8,6.7,30.3,34.1,150.3,34.9,36.4,14.5,20.1,59.4,176.2,55.9,40.5,47.2,66.1,72.2,34.0,41.6,113.2,106.1,30.0,17.9,6.9,60.1,14.4
18.9,35.5,24.4,40.2,90.6,31.3,143.8,83.1,82.4,70.0,80.7,59.1,73.9,22.5,18.0,55.5,29.8,34.4,36.5,34.7,46.4,6.2,29.2,34.0,142.6,34.8,34.8,14.4,20.9,57.5,166.7,50.6,35.8,43.5,66.7,74.6,30.1,38.5,109.1,102.2,29.5,16.2,7.8,52.6,15.1
19.8,31.7,24.6,39.4,89.5,33.1,132.4,83.9,80.8,73.7,67.2,59.5,80.3,21.8,17.1,53.3,27.9,31.8,33.1,34.9,40.3,6.0,29.8,32.1,130.8,32.8,28.8,12.0,19.2,46.6,154.0,52.9,33.5,43.9,66.3,69.8,29.0,40.9,99.1,88.6,29.6,15.7,10.4,50.4,14.2
20.5,35.6,28.5,44.2,97.6,36.7,139.2,91.8,88.1,77.4,73.9,65.2,77.4,23.7,18.8,53.8,30.3,36.6,37.8,36.8,45.8,6.8,30.5,33.7,138.0,36.7,31.8,13.7,21.8,51.5,161.8,59.7,37.1,43.5,69.5,74.2,31.9,38.1,103.5,97.6,28.8,16.9,6.2,62.6,14.8
18.5,32.8,25.5,41.1,95.4,32.6,136.4,85.6,82.4,74.8,74.2,61.3,75.6,21.5,17.5,54.2,28.0,34.6,36.0,32.7,43.6,6.7,28.9,31.5,134.5,34.0,33.0,13.0,19.8,52.0,158.9,53.2,35.0,42.2,71.2,77.0,29.1,37.1,102.0,95.2,26.7,15.6,6.9,52.6,13.5
18.1,35.3,26.9,42.8,90.9,33.3,136.0,87.9,88.2,76.5,76.8,57.9,73.2,22.8,17.9,57.1,31.0,35.7,38.0,34.5,46.3,5.9,32.4,36.0,134.4,36.9,34.7,13.9,22.6,57.1,157.0,54.3,33.3,41.8,72.4,76.5,27.6,35.2,104.2,96.5,26.9,11.8,8.0,55.3,14.2
21.3,35.8,29.9,42.8,106.1,37.4,143.5,90.5,89.2,77.9,77.8,67.4,83.0,25.2,19.5,56.2,32.0,34.3,38.0,38.8,47.1,7.0,32.6,35.4,140.8,35.5,32.8,13.6,21.8,54.4,163.5,64.7,34.0,42.0,74.7,79.6,30.2,38.3,108.3,99.3,29.9,17.1,7.7,70.8,15.6
18.7,36.2,27.6,43.0,95.4,33.4,137.5,91.7,92.3,73.6,75.5,57.6,76.8,23.5,18.2,54.1,29.4,36.8,40.1,35.5,44.1,5.5,31.8,35.3,135.8,36.5,33.5,13.5,20.8,54.5,159.2,56.9,33.4,44.2,71.9,78.3,29.0,39.1,104.7,94.8,30.4,14.5,10.1,58.5,15.1
20.1,34.3,25.5,42.3,96.0,34.9,136.2,85.5,81.0,72.0,74.8,62.0,78.6,21.6,17.8,55.2,29.1,35.0,37.2,35.7,45.8,6.6,30.5,33.5,135.4,33.9,32.8,13.1,22.0,54.0,159.5,54.6,32.7,40.9,68.2,73.0,28.7,37.6,104.6,96.6,30.1,16.8,8.0,55.2,13.9
21.2,33.1,25.1,38.5,87.6,33.5,133.5,86.7,83.4,74.9,72.7,52.2,66.6,21.8,17.8,56.5,30.2,34.1,36.0,33.3,43.5,5.5,30.5,33.5,132.5,35.0,31.5,15.7,19.4,50.7,156.5,50.1,37.4,44.7,68.8,78.8,32.1,39.5,98.2,90.9,26.5,11.3,7.6,51.8,14.6
20.3,36.7,29.1,42.3,102.7,35.4,143.0,86.4,86.7,72.5,78.3,63.9,83.2,24.3,19.0,55.2,31.6,32.0,36.1,37.9,46.2,6.3,30.2,33.9,140.6,38.2,34.6,14.5,19.3,56.0,165.2,60.6,35.2,45.8,72.1,79.6,28.6,39.3,109.4,99.8,30.8,15.2,10.1,63.4,15.1
21.2,34.8,27.0,42.6,99.6,36.6,141.0,92.6,87.4,76.5,76.5,65.1,75.2,24.0,18.0,54.2,30.2,35.3,37.2,37.0,46.1,6.7,30.4,33.9,140.1,38.8,34.4,13.6,21.8,56.7,163.6,57.6,37.8,42.6,73.0,77.5,33.5,38.7,105.0,100.3,27.4,16.6,5.1,63.1,14.6
19.9,39.2,25.3,44.0,91.5,32.8,145.6,79.5,80.0,70.8,80.0,62.2,74.7,22.8,18.4,56.0,30.2,35.4,39.4,34.8,46.9,5.7,30.9,34.6,145.3,33.3,35.2,16.9,21.6,55.1,171.2,51.9,38.9,45.0,63.3,69.3,34.1,40.8,107.8,102.4,27.9,18.1,6.2,54.8,14.7
20.2,35.8,29.2,42.0,102.3,36.5,149.8,90.4,88.6,74.7,86.2,65.7,80.0,24.9,19.7,53.9,31.8,31.2,35.5,38.6,51.1,6.5,31.0,34.5,149.3,36.3,37.7,14.7,20.6,62.4,174.0,61.4,35.4,43.1,72.5,76.7,32.1,39.7,116.0,108.5,28.7,16.2,7.2,68.2,15.2
19.3,35.5,28.0,40.8,87.4,31.8,144.1,85.6,84.7,73.7,83.2,55.2,70.9,23.2,19.0,56.1,29.8,36.1,39.3,34.6,48.0,5.3,32.2,35.0,143.4,36.3,34.3,14.2,21.4,56.8,166.8,52.7,34.3,42.7,70.6,73.8,30.9,39.3,110.5,102.2,28.3,14.3,8.2,54.5,14.8
20.9,33.6,28.1,41.4,100.0,36.9,136.1,89.1,85.7,75.6,77.7,62.3,77.2,24.7,17.0,52.1,29.8,29.5,31.1,39.5,45.1,6.3,29.5,32.3,135.8,35.5,32.6,12.3,20.0,53.3,157.8,59.3,32.7,40.1,71.3,72.5,28.7,36.0,104.2,97.5,28.2,16.7,7.1,60.0,14.6
19.7,36.3,28.0,44.5,95.0,35.9,138.1,100.1,93.6,76.7,75.9,58.6,65.0,24.2,18.7,54.2,30.2,37.6,39.3,36.3,44.7,5.4,33.3,36.1,136.0,35.9,32.2,13.0,22.6,53.7,159.3,57.6,39.8,43.3,78.4,79.8,35.0,38.2,99.8,97.2,23.2,14.7,3.6,61.8,14.5
21.1,33.4,27.8,40.9,89.8,34.4,140.5,84.5,86.4,75.0,76.2,57.7,75.2,23.6,19.0,52.8,30.0,32.1,34.3,35.2,45.1,6.0,31.3,34.5,138.3,37.9,33.5,12.4,20.3,52.6,161.5,53.0,35.5,44.0,69.3,76.6,30.0,38.9,104.7,96.8,28.6,13.3,8.8,54.4,15.3
21.0,36.7,30.2,44.5,104.3,36.4,142.4,93.1,92.8,78.0,80.0,62.4,76.0,25.0,18.7,56.2,30.9,38.7,40.5,37.5,48.0,6.3,32.2,36.3,142.6,38.0,34.2,15.0,22.1,56.5,165.2,62.8,35.1,42.2,71.2,78.2,32.1,39.8,107.0,99.8,27.1,14.8,7.2,67.6,14.8
21.5,36.0,28.5,43.0,95.2,37.3,141.0,89.2,88.0,75.4,76.6,63.2,77.5,24.5,18.3,56.6,31.8,35.8,37.1,38.2,45.1,6.3,31.5,33.1,139.2,36.4,31.3,13.3,21.0,53.9,162.2,58.3,36.9,44.3,71.4,74.2,31.5,38.9,105.7,98.2,27.1,15.9,7.8,63.2,15.4
21.6,36.0,32.5,47.4,103.6,36.9,144.6,101.1,100.9,82.1,81.9,62.3,87.2,25.9,19.2,54.0,31.1,38.4,40.8,39.7,48.1,6.2,31.9,35.2,143.0,42.3,35.4,14.2,24.1,59.6,165.8,66.0,32.8,45.2,82.3,92.7,28.8,41.3,112.8,101.1,29.0,13.1,11.6,75.0,15.7
20.3,34.5,30.5,42.5,92.7,36.4,132.7,87.1,86.9,72.2,74.0,57.9,72.3,24.6,18.6,54.9,29.2,32.8,35.5,37.4,42.8,6.8,32.1,35.2,132.3,38.3,31.7,12.5,20.1,51.5,155.7,58.7,33.8,41.1,68.2,72.0,28.8,35.6,100.1,93.0,26.4,12.8,7.5,58.3,15.2
19.7,34.2,28.5,40.5,94.2,33.1,137.8,91.9,85.4,72.2,76.0,66.0,71.9,22.7,18.8,56.0,30.9,36.3,39.2,36.2,46.1,6.2,32.2,35.2,135.6,36.3,32.8,12.5,20.5,54.0,159.5,58.3,39.8,42.7,71.7,72.5,32.1,34.8,101.2,98.6,24.7,15.1,2.5,59.7,15.1
20.8,34.3,31.3,45.1,100.5,34.5,136.6,98.7,93.4,82.6,74.5,61.0,70.0,26.2,19.4,52.9,32.2,40.2,41.2,37.7,45.5,6.2,31.5,33.7,135.1,41.2,34.2,12.2,20.7,55.4,159.0,60.4,40.2,44.6,84.9,96.5,34.8,38.7,98.3,94.0,24.2,11.9,4.5,67.2,15.9
20.2,34.1,28.3,41.5,90.2,31.6,136.9,85.5,88.1,77.9,72.0,59.8,71.6,23.0,18.7,54.3,29.0,33.0,34.2,33.2,43.6,5.7,32.3,34.5,135.5,37.1,31.8,12.6,18.4,51.2,158.9,55.4,40.3,45.6,70.2,75.1,32.7,38.4,99.2,93.1,26.8,13.9,5.7,55.1,14.8
20.9,38.8,36.6,49.5,107.8,36.4,139.9,104.4,100.5,85.4,76.6,68.2,82.0,28.2,21.0,56.8,33.2,41.5,43.5,39.5,45.7,5.5,35.1,38.5,138.5,41.9,35.1,15.5,24.8,58.8,162.0,67.3,39.4,45.9,85.3,92.2,31.8,38.6,104.8,97.9,25.8,14.7,6.8,80.3,16.6
20.0,35.4,26.1,43.1,98.4,35.3,136.2,96.7,90.8,78.5,70.3,66.3,82.0,23.2,17.2,56.9,29.2,36.8,38.6,36.5,43.1,5.1,33.5,35.5,135.0,36.5,33.4,13.8,22.2,51.7,158.0,59.8,35.7,43.2,72.7,81.6,31.2,39.5,100.5,92.8,30.3,15.7,7.8,61.9,14.1
21.2,37.3,26.2,40.8,87.9,35.5,134.2,83.1,81.6,70.7,73.7,58.4,72.8,22.7,18.5,54.1,30.4,30.8,34.7,34.5,44.1,5.7,30.2,34.0,132.6,34.9,31.3,14.4,20.4,52.1,156.8,51.7,31.6,39.0,65.3,69.0,28.6,35.7,102.4,95.8,27.5,14.9,7.2,51.0,14.7
20.8,36.8,25.5,41.7,93.2,32.8,149.1,84.9,83.8,75.8,84.0,61.7,76.7,23.5,18.8,55.8,31.2,34.4,35.9,36.4,49.2,7.6,31.2,34.0,148.3,36.3,34.6,13.6,20.4,58.3,173.4,53.3,36.5,44.3,68.1,72.4,32.7,40.4,113.4,105.8,31.0,17.7,7.8,58.7,15.2
21.4,36.5,27.2,43.1,94.9,36.0,145.0,87.4,86.0,77.9,78.9,59.2,74.5,23.8,19.8,55.2,30.9,33.1,35.9,35.7,47.9,7.0,30.3,34.9,143.2,36.4,34.0,13.2,20.0,56.5,167.4,57.2,39.3,46.7,68.5,75.6,33.6,41.7,106.4,99.0,28.0,16.5,7.7,61.6,16.3
17.9,35.1,25.6,39.8,84.4,31.7,139.5,80.1,77.3,66.5,78.2,54.5,68.4,21.7,17.8,53.2,27.4,31.7,36.1,32.2,45.8,5.1,30.0,32.5,137.1,32.7,33.2,14.0,18.5,54.8,160.3,52.1,35.9,43.3,63.8,64.6,29.3,36.0,104.3,97.2,28.2,15.6,7.0,47.1,13.6
20.7,34.8,28.5,43.7,97.1,37.0,143.3,89.5,88.4,77.7,78.2,61.9,77.5,23.9,18.9,55.4,30.6,34.5,36.7,36.3,46.6,7.0,32.1,35.1,143.4,38.5,34.1,13.5,20.3,55.6,167.4,56.5,35.9,44.0,71.0,78.2,32.9,41.1,107.3,99.8,29.6,14.5,8.3,62.2,15.2
21.6,34.7,30.0,43.1,103.5,38.1,138.3,89.4,84.5,76.3,73.8,65.0,82.5,24.7,18.9,55.5,30.4,35.7,36.9,37.2,44.3,6.7,30.5,33.6,137.6,36.3,32.0,14.1,19.7,52.7,160.3,61.8,34.3,43.7,71.1,75.0,29.7,39.7,105.6,96.1,31.6,16.9,9.4,65.4,14.9
20.0,34.7,28.5,44.7,108.2,35.3,144.4,96.5,95.6,84.2,78.2,67.1,82.4,22.7,19.0,58.1,31.2,30.1,33.6,37.2,45.9,5.6,32.3,35.8,142.8,38.8,35.2,13.3,23.5,57.7,168.6,65.1,36.8,44.4,76.3,77.8,31.0,38.7,108.2,101.5,29.0,18.0,7.8,71.2,15.3
19.7,35.2,24.7,40.2,85.0,32.5,140.4,83.2,84.9,73.0,76.0,57.6,73.0,21.7,18.5,53.6,30.8,32.8,35.9,33.2,46.9,5.9,28.7,31.2,138.9,34.0,32.4,14.5,21.2,52.4,160.7,49.9,36.9,44.6,66.2,69.7,31.0,38.4,104.8,97.7,28.5,15.2,7.3,49.3,14.9
19.2,35.4,26.0,42.0,89.0,32.2,137.5,87.6,87.8,73.6,77.4,56.8,74.0,23.3,19.5,58.2,31.5,32.8,36.9,33.8,46.8,6.1,32.4,34.6,136.4,37.2,34.4,13.8,20.0,57.4,162.3,51.8,34.5,43.7,70.4,76.9,29.3,38.8,105.5,96.9,27.9,13.7,9.6,55.7,15.6
21.7,38.0,30.2,45.8,99.2,36.9,142.7,89.3,89.7,75.5,79.0,58.2,77.0,25.4,19.0,54.7,30.7,34.2,37.8,36.7,45.2,5.9,33.6,36.5,140.1,38.5,35.1,14.5,19.6,58.9,163.2,60.2,36.0,45.6,73.2,85.1,29.7,39.0,106.8,98.0,28.3,11.7,9.7,66.7,15.6
19.9,35.4,27.5,43.1,97.0,32.5,139.6,95.1,87.8,76.9,77.2,60.1,81.3,23.9,18.1,54.4,31.9,33.3,34.9,38.0,45.7,5.5,30.0,32.8,138.6,36.2,35.2,12.7,20.1,57.8,161.7,59.1,33.3,44.9,74.7,79.5,27.0,37.5,107.8,97.2,30.4,13.5,11.2,61.1,14.7
20.1,35.4,23.5,41.3,90.8,35.9,146.6,80.3,82.1,73.2,81.4,55.0,67.3,22.3,17.9,54.4,30.2,32.5,35.1,36.1,48.3,6.9,31.0,33.9,145.3,36.5,35.1,12.9,22.4,56.8,170.6,53.5,39.2,45.3,66.6,78.2,35.5,41.4,107.3,102.1,25.8,12.0,6.9,56.0,14.3
21.6,34.8,30.1,43.0,101.4,37.3,134.8,85.3,86.4,69.6,72.1,64.5,70.9,24.4,19.2,55.1,30.8,32.5,35.2,40.0,43.9,6.1,30.4,33.4,133.5,37.9,31.3,13.4,20.0,52.4,155.3,65.1,40.1,43.6,72.3,78.0,35.0,38.8,96.7,93.2,24.5,14.1,3.4,64.1,15.3
18.5,31.2,23.0,36.9,81.2,30.1,128.2,80.8,77.2,67.5,70.7,51.0,64.2,21.1,17.4,53.6,27.6,27.1,30.5,30.5,41.6,6.3,28.3,31.1,126.7,32.9,30.7,12.4,19.9,48.6,149.3,46.4,33.9,40.6,59.1,69.4,31.3,38.4,94.7,88.2,24.9,12.2,7.0,41.3,13.8
19.9,35.2,32.1,44.3,96.2,36.2,130.0,92.8,93.1,78.6,73.1,54.6,76.2,24.2,17.8,54.6,30.4,35.4,38.2,37.0,42.0,5.1,31.5,34.4,128.6,37.4,32.5,14.3,19.9,50.6,152.2,61.8,31.8,44.6,76.9,87.4,27.8,37.3,99.3,89.3,26.8,9.3,10.0,62.0,14.8
19.6,34.6,25.5,40.5,92.5,32.8,137.2,79.4,81.2,67.8,74.6,59.3,71.8,22.2,17.5,53.2,27.8,33.2,36.5,33.9,45.0,6.0,29.8,33.8,136.1,38.0,31.8,13.4,19.5,52.4,159.4,56.4,36.6,42.6,61.9,66.8,32.3,38.8,100.8,94.7,27.6,16.1,6.4,51.6,14.2
21.0,35.3,32.6,46.6,110.7,37.2,141.2,106.1,99.7,84.8,79.8,67.3,75.6,25.6,19.3,54.2,30.4,36.2,38.6,39.5,45.6,6.2,32.3,34.3,140.6,40.6,32.8,12.0,21.4,53.6,163.6,65.1,38.8,42.9,90.8,97.7,36.4,41.1,104.1,99.6,25.8,13.5,4.6,78.5,15.8
19.4,38.2,26.2,42.6,90.8,32.8,147.4,84.1,85.6,74.1,81.3,57.9,74.7,22.5,17.5,56.0,28.1,32.5,37.2,34.2,47.0,6.6,30.7,33.8,147.8,35.0,35.0,15.5,22.0,56.0,173.3,53.6,37.5,45.5,67.7,74.6,34.7,43.3,109.9,101.4,29.3,13.8,8.8,57.2,14.8
20.2,33.5,31.2,43.7,101.0,34.2,139.9,96.5,93.0,77.9,76.6,60.2,79.9,25.0,19.6,55.5,31.7,38.2,38.8,37.5,45.1,5.4,32.7,36.1,138.5,39.3,33.5,13.1,22.4,53.7,162.3,59.8,34.7,44.5,78.3,89.2,30.1,41.0,106.3,95.6,29.0,12.8,10.4,69.7,15.9
22.0,35.3,28.5,42.7,94.2,37.3,134.0,81.7,82.5,71.2,70.4,60.9,72.2,23.4,18.5,53.3,29.2,35.3,38.0,38.0,43.1,5.2,30.9,34.0,132.6,35.8,31.1,14.3,21.0,50.8,155.5,59.0,35.6,41.8,69.8,71.6,29.3,34.7,99.1,93.1,27.5,15.5,5.8,58.0,14.7
19.8,34.8,25.3,41.0,93.0,32.2,146.0,86.4,80.1,69.7,83.3,58.3,74.8,22.4,19.4,55.8,31.4,33.1,35.4,35.3,47.5,5.2,30.6,34.1,144.8,36.0,36.2,13.2,19.8,60.6,168.7,53.4,37.0,44.8,66.7,70.4,30.5,40.3,110.1,102.1,27.7,17.9,7.7,57.1,14.8
18.7,37.0,27.7,44.8,102.9,32.9,149.3,95.0,90.2,77.4,83.6,60.7,68.6,24.4,18.3,53.8,31.5,38.6,40.4,37.2,49.9,7.0,30.6,32.5,146.6,37.3,35.4,14.1,22.1,60.0,170.5,62.7,44.2,48.6,85.8,96.3,36.2,40.1,108.0,104.6,24.5,12.6,3.4,70.5,14.7
20.0,33.7,28.5,41.6,102.5,35.5,136.3,85.7,83.2,74.7,72.2,62.7,74.1,22.5,16.4,53.7,28.6,31.3,34.1,37.1,44.3,6.3,27.7,31.3,134.2,34.6,30.3,13.5,19.8,50.1,157.3,61.8,38.4,44.4,67.5,86.4,31.8,37.6,99.7,94.4,26.2,12.6,6.9,59.9,13.8
21.5,35.1,32.2,44.7,111.3,37.3,149.8,102.7,103.3,92.5,80.6,71.4,91.0,26.4,19.0,55.1,32.2,37.1,38.2,40.4,49.4,7.4,34.0,36.1,149.2,42.2,35.7,13.3,24.2,57.3,173.8,67.0,36.4,47.1,88.0,97.9,34.5,45.4,115.6,104.5,31.1,16.4,10.5,82.5,15.8
19.5,34.3,28.3,40.2,87.2,34.8,132.6,81.3,80.6,71.2,72.8,55.9,74.6,23.2,17.1,53.1,27.1,30.1,33.0,34.9,43.8,6.1,30.4,32.4,131.1,34.8,32.6,13.0,18.5,52.0,153.6,53.8,32.9,42.5,68.0,70.0,28.1,38.0,101.2,92.0,29.7,14.2,8.8,50.4,14.2
20.3,35.5,28.0,43.5,97.4,36.3,132.6,93.1,91.4,79.8,70.6,60.9,78.5,24.2,17.6,54.8,29.5,35.8,37.9,37.6,41.6,5.8,31.2,33.3,131.0,35.6,30.7,13.5,19.8,49.9,154.1,60.4,32.9,42.3,77.9,82.0,27.6,37.4,101.3,92.0,28.7,13.5,9.4,62.7,14.6
20.2,37.6,28.7,43.3,99.7,34.6,143.5,91.3,89.7,73.8,81.2,61.1,74.3,23.7,19.4,52.9,32.4,36.4,40.0,39.4,46.4,5.7,31.0,33.6,140.8,37.4,35.8,14.0,19.6,57.8,163.6,62.4,37.0,42.8,70.8,81.1,31.5,39.7,108.0,100.5,27.5,14.6,6.2,64.8,16.2
20.2,39.0,29.4,48.6,106.6,36.1,151.2,101.3,99.0,83.9,83.5,64.5,85.7,23.8,18.6,56.5,31.6,42.0,42.8,39.2,49.8,6.9,31.5,33.6,150.2,36.5,36.7,16.7,23.0,57.2,175.6,63.4,36.3,47.4,84.3,97.0,32.9,44.1,116.5,105.8,31.7,14.0,11.9,77.3,14.8
20.2,37.4,28.7,45.7,105.3,35.7,142.4,96.6,93.5,78.3,76.3,63.4,83.0,25.0,18.6,54.4,31.1,37.8,39.9,36.8,45.2,6.8,31.5,34.9,141.5,39.9,34.3,13.9,22.0,55.0,164.0,60.8,36.9,47.4,77.6,94.9,30.3,41.7,107.9,97.2,31.6,12.4,11.4,69.5,15.9
23.0,37.2,33.2,46.9,113.6,42.6,149.3,108.3,99.6,87.3,79.9,68.0,74.4,27.5,19.5,56.9,32.7,37.3,39.0,43.9,48.9,7.2,35.5,38.8,147.2,39.4,33.4,12.9,22.8,52.8,173.0,68.8,43.7,47.3,97.3,102.7,39.7,43.4,107.4,102.8,24.7,16.7,3.9,89.7,16.3
19.6,35.8,26.0,41.2,91.7,34.7,136.4,82.8,83.0,72.4,76.4,59.3,72.7,22.6,18.0,56.4,31.9,33.5,36.4,35.0,44.8,5.9,30.1,33.0,136.0,34.7,33.5,14.7,21.3,56.5,159.7,53.3,34.1,41.0,66.8,66.7,30.3,37.1,103.7,97.2,27.0,16.0,6.4,52.8,14.4
22.4,35.1,28.4,43.6,98.6,37.0,144.9,95.5,91.4,81.6,78.7,63.5,81.2,24.8,19.1,56.1,30.4,38.0,39.8,38.5,47.7,7.2,30.8,34.0,144.2,37.8,33.5,14.0,22.0,54.9,170.1,59.2,36.1,45.0,74.0,79.1,32.5,42.1,109.8,100.9,31.3,16.2,9.2,66.1,15.9
20.6,32.7,28.8,40.9,94.8,34.3,136.4,93.1,88.7,77.0,72.2,67.4,81.6,22.8,18.3,53.2,30.3,33.5,34.9,35.9,43.8,5.8,30.7,32.6,135.3,38.2,30.8,12.3,20.8,47.7,159.7,56.1,33.2,43.8,73.9,83.3,31.2,41.7,103.9,93.7,31.7,16.0,10.4,59.4,14.8
21.5,36.0,29.6,44.1,100.4,37.9,149.8,93.4,93.9,86.0,82.3,60.2,77.4,24.5,18.9,56.0,30.9,36.0,38.2,38.0,48.8,7.2,32.3,35.5,149.0,39.7,36.9,13.9,21.2,59.4,172.8,60.3,38.0,47.1,78.7,85.0,33.5,41.4,112.8,104.4,29.8,14.6,9.2,70.7,15.2
18.3,35.0,28.5,42.0,90.8,31.8,136.2,85.5,79.7,71.6,75.2,56.5,72.7,23.1,18.0,53.0,29.2,33.1,36.2,34.2,44.3,5.6,31.2,34.7,134.2,36.0,33.3,13.7,19.0,54.5,157.1,53.5,35.4,43.5,69.3,73.5,28.2,35.6,102.6,94.9,26.9,13.2,7.8,53.2,14.5
19.0,35.4,27.0,41.7,97.0,33.3,140.3,89.9,88.0,79.3,79.1,62.1,77.7,23.3,18.1,55.0,30.5,33.0,37.3,35.2,46.6,6.2,31.6,34.3,139.8,36.9,34.1,14.2,21.5,56.0,163.3,58.4,35.1,43.4,73.4,80.4,31.5,40.5,106.8,97.8,26.2,15.8,8.7,62.5,14.4
20.1,36.1,26.3,44.0,95.7,34.8,144.6,90.5,87.2,76.2,83.1,59.6,75.5,24.0,19.7,53.7,32.1,35.1,37.4,35.7,48.5,5.4,33.1,36.6,143.2,36.0,35.2,14.1,21.1,59.1,166.5,57.4,34.6,43.0,71.6,72.3,28.9,36.6,111.4,103.2,29.1,13.7,7.9,62.3,15.6
19.5,36.1,27.3,42.8,95.1,32.2,141.4,93.4,86.8,77.8,76.8,61.9,82.8,22.6,17.6,54.2,30.1,33.5,35.1,33.9,46.3,5.5,31.5,35.6,139.1,35.6,33.0,12.9,20.3,53.9,164.3,54.3,34.0,44.5,76.5,78.3,27.4,39.2,108.4,96.5,31.8,16.6,10.2,58.3,14.8
18.5,31.1,31.2,44.7,105.6,31.4,141.3,99.9,98.7,82.0,79.1,65.1,70.9,25.5,18.3,55.7,29.0,37.6,38.5,38.0,46.7,6.7,33.0,35.4,140.5,41.3,33.5,13.3,21.2,52.3,163.1,64.9,41.7,44.3,87.2,93.3,36.6,39.5,101.7,100.0,23.4,13.5,3.2,72.7,14.8
18.8,35.3,26.0,40.7,86.4,31.6,132.1,84.3,78.1,73.0,73.6,49.7,65.6,21.6,17.7,52.0,28.3,33.5,35.4,30.3,43.6,5.9,29.3,31.8,130.5,33.3,32.2,13.8,19.4,50.5,153.4,49.8,35.6,44.6,74.1,80.7,28.9,37.5,97.6,90.6,24.5,11.6,7.4,47.7,14.0
23.4,37.1,28.0,46.5,100.3,37.0,150.5,96.2,94.3,85.1,84.0,64.8,76.7,25.3,19.7,54.7,34.3,38.2,40.3,38.6,50.5,5.8,32.8,37.2,149.3,40.3,37.3,14.5,22.3,60.0,173.1,59.1,38.5,44.4,77.1,84.5,32.3,38.6,113.1,106.2,28.4,14.3,7.0,72.3,16.2
19.3,36.5,25.8,41.8,89.4,32.8,134.7,84.7,82.2,65.1,75.8,57.6,71.4,21.4,17.9,53.2,29.6,34.0,37.2,34.4,45.2,5.7,30.4,34.2,133.9,34.0,32.8,13.8,20.0,52.9,156.5,55.3,34.2,41.1,63.3,70.4,29.3,36.1,102.3,95.6,27.6,13.9,7.2,51.8,14.6
22.1,34.3,27.2,41.2,100.2,34.2,143.1,88.7,87.4,73.7,78.4,60.5,78.3,23.8,19.5,53.4,31.2,35.4,37.6,36.8,46.6,6.7,31.1,33.7,140.7,36.5,33.3,14.1,21.7,53.8,165.8,59.4,38.1,47.3,73.0,90.3,32.5,41.4,107.2,98.2,28.4,14.1,9.4,63.5,15.7
20.7,36.5,28.9,43.8,99.2,36.8,138.4,92.5,91.5,77.7,75.1,61.4,73.3,24.3,18.6,55.7,29.9,30.2,33.6,37.0,44.7,6.5,31.0,34.1,137.3,36.7,32.0,14.5,20.8,51.7,160.2,60.4,38.7,45.6,69.4,87.1,32.9,38.7,101.1,96.1,27.4,13.2,6.2,64.4,15.0
19.3,35.6,30.6,45.1,101.8,34.7,138.9,97.5,90.8,83.5,73.9,56.5,84.8,25.5,16.7,53.0,28.2,37.5,39.2,37.4,44.6,6.5,32.4,34.4,136.5,37.1,33.5,14.8,21.1,52.9,158.0,58.8,36.2,50.4,85.2,104.5,28.9,42.5,104.4,92.0,27.7,9.9,13.8,65.9,15.1
20.0,34.1,28.0,41.2,92.3,33.2,135.2,85.2,83.8,69.8,73.5,60.2,77.4,22.4,17.6,56.1,29.3,32.7,34.5,34.3,44.9,6.1,31.8,34.6,134.0,36.9,31.0,12.5,20.3,51.6,158.4,53.8,33.3,41.5,69.0,80.6,30.7,39.3,102.8,94.4,28.7,13.7,8.5,54.8,14.5
21.9,35.7,25.7,42.2,94.8,36.6,150.8,87.5,83.5,74.4,82.0,64.3,74.6,23.1,18.8,52.8,31.1,38.1,39.6,37.4,49.2,6.9,31.6,35.6,149.1,37.0,35.0,14.6,21.3,57.0,175.2,54.0,42.1,47.1,68.2,72.2,35.1,40.6,110.1,104.9,29.3,15.1,4.9,61.5,15.2
22.6,38.2,32.6,48.7,107.3,37.5,144.5,115.9,112.1,98.3,77.1,66.0,85.9,26.3,19.6,56.7,31.8,39.4,40.0,40.1,46.3,6.3,35.3,38.5,142.8,43.8,35.2,14.2,23.4,56.6,166.6,65.1,36.3,46.2,95.5,100.2,31.1,41.5,110.1,99.3,30.6,10.8,10.3,84.6,16.2
20.6,36.1,28.5,43.4,94.2,32.7,138.4,91.1,85.7,74.2,75.7,63.1,80.2,23.5,18.0,53.6,28.1,34.3,37.2,35.2,44.6,6.1,30.9,33.7,137.1,36.4,33.0,13.9,20.2,53.1,161.3,54.7,33.9,42.4,71.9,79.8,28.5,37.6,106.7,98.2,30.8,15.5,8.7,56.6,14.5
19.9,36.1,27.3,43.4,91.4,34.3,134.9,87.5,88.2,74.8,71.4,61.0,78.0,23.9,18.7,53.6,29.7,37.1,39.0,36.0,43.7,6.4,31.5,34.7,134.1,38.2,34.1,14.4,21.2,53.4,157.5,54.4,34.0,43.3,71.9,79.7,29.1,38.5,102.0,93.5,28.4,14.2,9.2,56.0,15.7
20.7,37.1,24.5,42.3,91.3,32.2,141.8,88.0,84.4,74.7,80.4,62.0,72.8,22.2,18.5,53.7,31.0,33.7,37.0,36.3,46.9,6.4,30.4,34.1,139.5,34.4,35.2,13.6,20.6,58.0,163.4,55.9,35.2,40.9,64.9,66.0,29.5,35.5,107.0,100.7,27.5,15.4,5.9,56.0,14.8
21.8,36.3,29.0,42.6,102.0,37.4,139.9,88.7,87.8,74.4,78.6,60.1,76.5,24.0,18.7,55.4,33.7,35.6,39.2,41.2,49.8,6.1,33.3,36.7,138.6,37.2,35.0,14.7,21.3,58.0,162.8,59.6,33.7,42.4,71.2,77.3,27.9,36.2,107.7,99.7,28.9,16.5,8.5,63.5,14.8
21.9,37.1,29.9,46.4,101.0,38.1,139.3,95.2,96.4,85.4,75.4,62.5,80.2,25.2,19.7,53.9,31.1,37.2,40.2,38.8,46.4,5.9,33.9,36.6,138.2,40.7,34.2,13.7,22.0,55.9,161.2,60.2,35.0,44.4,81.4,85.4,29.5,38.5,105.8,96.6,30.2,15.2,9.5,68.7,16.6
21.0,37.6,27.3,45.7,96.2,35.2,154.2,92.5,92.5,79.9,87.1,60.7,73.9,23.1,18.6,55.2,31.7,36.4,39.2,35.3,52.0,6.6,30.6,33.6,153.6,37.9,37.7,13.8,21.4,60.4,178.4,57.1,39.6,46.4,74.7,82.0,35.0,42.1,115.2,108.9,28.3,17.2,7.0,66.2,15.1
23.1,33.5,27.5,41.6,96.3,41.5,135.4,87.0,83.5,76.9,69.8,65.6,77.5,23.3,18.8,54.1,30.6,33.8,36.2,38.5,42.0,6.6,30.3,33.5,134.7,36.0,31.6,12.0,20.5,50.9,159.8,61.3,36.9,43.0,69.2,67.7,33.7,39.9,99.2,93.6,29.0,18.0,5.8,63.1,15.2
19.8,35.8,29.2,44.5,91.3,35.3,139.7,87.3,88.0,71.3,77.7,57.6,72.3,23.5,18.2,57.7,30.8,35.2,38.5,35.4,47.0,6.3,31.6,35.3,138.6,35.8,33.4,14.2,19.9,55.0,162.7,56.6,35.1,42.7,66.5,69.5,30.5,38.5,105.4,97.7,26.8,13.2,7.6,60.2,14.6
21.4,40.0,30.6,50.8,101.7,38.2,148.5,106.0,101.3,88.7,82.5,65.0,77.7,26.2,19.3,55.6,32.2,44.5,46.5,40.7,50.4,6.2,32.8,36.2,148.5,41.4,35.9,15.4,24.8,57.3,173.2,61.4,39.5,45.7,80.9,91.1,33.6,40.7,110.2,104.6,27.2,13.5,6.7,77.4,16.2
18.1,34.1,29.0,44.6,94.3,33.8,134.7,100.0,100.2,88.9,75.8,60.6,81.1,22.7,17.2,53.4,28.3,35.5,36.4,35.3,45.4,5.2,31.5,34.5,134.4,39.3,33.5,12.1,21.5,54.1,157.2,58.9,30.0,40.0,80.5,84.9,30.1,41.0,106.3,95.5,28.4,13.1,9.7,62.7,14.0
21.0,35.7,27.3,42.4,93.2,36.5,135.1,89.0,85.8,75.3,74.2,59.3,70.2,23.5,18.1,55.2,29.5,34.3,36.0,36.5,45.7,6.3,30.2,33.0,133.6,36.4,32.0,14.0,21.3,50.7,156.9,55.9,38.0,44.0,67.5,73.4,31.8,38.7,99.1,93.5,25.0,14.6,6.1,58.7,14.8
19.5,34.8,24.5,39.3,90.6,34.4,133.8,82.5,82.0,73.9,75.9,58.0,65.0,21.2,17.4,56.8,29.7,34.2,36.3,33.8,45.6,5.4,30.9,33.8,132.6,33.8,32.2,13.7,19.5,53.5,154.8,55.5,37.0,40.3,72.8,73.1,32.0,36.5,99.0,94.4,22.8,12.5,3.5,54.0,13.8
20.8,36.7,26.0,41.6,94.8,36.9,143.1,86.1,85.0,75.1,79.2,64.4,77.2,23.5,18.2,56.3,30.4,33.2,35.9,38.0,47.3,5.9,30.6,33.8,141.7,35.9,34.0,14.5,19.2,56.4,166.0,59.0,34.6,41.3,67.3,68.8,31.4,37.4,108.2,102.2,28.2,16.3,5.6,62.3,15.2
21.8,37.5,31.2,44.9,100.4,36.9,140.1,95.6,92.5,78.5,80.6,61.8,74.1,24.4,18.5,55.1,32.8,37.2,40.1,39.7,47.5,5.8,30.9,33.9,139.7,41.5,32.3,14.5,21.6,52.4,162.7,66.3,34.5,40.7,74.2,79.6,33.4,39.6,106.1,99.2,25.5,15.0,5.5,71.1,15.2
19.4,36.6,28.3,43.7,94.7,35.9,134.3,91.1,86.9,78.8,72.9,55.0,72.9,24.0,19.3,55.7,29.3,33.5,36.9,37.5,44.1,6.2,31.7,34.9,133.0,37.1,32.4,13.0,17.9,54.1,157.8,59.3,35.9,45.1,71.8,82.6,30.6,39.5,100.3,91.5,27.1,12.2,9.0,61.3,15.3
21.3,34.0,31.2,43.5,104.5,39.0,146.2,97.5,94.0,80.8,79.6,68.5,85.7,25.2,18.9,55.7,31.0,39.4,40.6,40.3,48.7,6.4,32.5,36.1,144.5,42.0,34.6,13.7,22.3,57.5,167.5,64.6,38.5,46.4,77.8,85.5,28.5,37.1,110.5,102.4,31.5,17.3,8.0,74.8,15.5
19.9,33.3,27.0,40.7,86.5,35.1,128.7,84.9,85.0,74.4,69.2,52.9,65.3,21.7,17.7,54.4,28.4,31.2,33.0,34.8,41.6,5.9,31.1,33.8,128.7,34.9,31.3,13.3,21.1,50.9,152.1,52.9,34.3,41.2,66.6,71.6,32.0,38.7,94.4,88.7,26.0,12.7,7.0,52.6,14.3
19.4,34.0,26.5,41.5,93.8,33.7,133.8,84.8,83.3,75.0,73.5,56.4,65.0,22.5,17.6,53.9,27.7,30.1,32.5,34.9,42.9,5.3,29.6,33.0,132.4,36.5,33.0,12.4,20.2,54.2,155.6,56.5,37.4,41.5,67.0,74.3,32.7,37.0,97.5,94.0,24.4,14.6,5.0,54.7,14.2
20.7,36.9,28.7,44.1,91.2,33.3,140.7,88.4,86.1,74.8,80.8,55.0,73.1,23.3,19.3,54.4,30.5,34.4,36.8,36.0,48.0,5.7,31.5,34.8,139.9,37.3,34.2,13.2,19.2,58.0,163.7,54.8,34.2,43.8,72.3,75.5,28.5,37.8,108.5,99.5,28.0,12.3,9.2,58.0,15.3
20.3,35.8,29.0,43.4,95.3,37.3,139.6,90.0,88.7,79.0,75.8,59.7,70.0,25.4,18.3,52.3,29.2,37.9,37.8,37.2,45.1,6.8,30.4,32.4,137.7,36.9,33.1,14.0,20.4,51.7,161.0,58.1,39.0,44.6,71.5,74.6,33.7,39.4,102.2,96.4,25.7,14.0,5.7,61.3,15.2
18.5,35.9,27.9,43.2,94.2,34.3,147.8,92.3,86.9,76.0,84.3,59.0,82.0,23.7,18.0,55.0,30.0,34.0,36.2,37.2,48.7,5.7,34.2,36.5,146.5,37.0,35.5,13.2,20.8,58.1,169.9,56.1,33.7,44.3,75.8,79.7,27.0,38.9,115.9,104.6,30.9,14.8,10.6,62.8,14.4
20.2,36.0,29.7,42.4,97.2,36.7,147.3,88.6,85.0,73.1,86.4,58.0,74.4,23.7,19.0,54.8,30.9,32.5,36.1,37.1,50.2,6.1,32.0,36.1,146.4,36.0,34.7,14.6,20.6,57.9,170.3,59.7,35.0,42.6,66.1,68.0,28.9,37.5,113.7,105.2,28.0,13.9,8.3,62.2,15.1
18.9,34.4,24.3,39.5,78.7,31.1,134.7,83.6,80.0,67.6,77.2,52.0,66.7,20.2,17.2,52.7,28.7,32.8,35.0,30.5,45.3,5.4,29.1,32.8,134.1,31.8,31.7,13.0,19.1,53.2,157.7,48.0,33.2,41.2,60.6,61.3,28.5,36.2,102.2,95.3,26.6,12.1,7.3,44.9,13.8
20.4,33.4,27.0,40.5,98.7,33.8,137.4,87.2,84.8,77.9,74.1,61.3,74.6,23.7,18.2,54.7,28.9,35.1,36.5,36.7,44.3,6.0,31.3,33.5,135.7,35.6,31.9,12.7,20.8,51.2,159.4,57.2,38.1,44.7,71.1,81.6,32.2,39.4,101.7,95.0,28.0,16.6,6.6,58.8,14.7
21.6,37.9,31.5,45.5,111.2,37.8,148.8,100.5,91.6,83.4,83.8,67.8,85.5,25.0,20.4,56.0,34.8,39.0,42.0,37.9,51.6,6.7,33.0,36.6,146.8,38.0,37.1,14.1,22.2,61.2,170.7,65.3,33.7,44.3,81.3,82.9,28.7,38.1,116.5,106.4,29.7,17.3,9.6,78.5,15.2
19.2,35.1,28.0,41.7,96.8,35.0,142.1,94.0,82.8,70.7,81.6,61.7,75.8,23.2,18.7,55.3,29.2,36.5,38.6,35.0,47.0,5.6,29.9,33.3,140.8,36.0,33.2,13.5,20.5,53.9,164.2,59.3,36.7,43.7,69.9,76.7,30.8,37.6,107.3,101.3,28.4,16.0,6.9,61.9,14.2
19.8,35.4,27.2,41.8,93.8,36.2,134.2,82.8,82.2,73.0,70.7,63.3,73.3,22.7,18.2,54.7,29.3,35.7,39.4,35.7,42.6,6.0,30.7,32.8,133.6,36.4,31.1,13.5,20.7,51.0,157.5,57.3,36.2,41.1,66.8,70.1,34.4,39.0,98.5,93.6,26.8,17.0,4.8,57.2,14.4
19.2,37.3,29.1,43.2,100.9,34.6,145.5,92.6,92.8,78.7,81.4,63.0,76.4,23.7,19.3,55.4,31.9,36.0,38.3,36.9,48.3,5.6,32.9,35.7,144.4,36.5,35.6,14.6,21.6,58.1,166.5,62.2,36.8,44.2,74.3,76.8,32.3,39.4,109.4,101.8,26.9,16.3,6.1,67.2,14.9
19.8,36.3,30.5,43.1,91.2,34.8,141.3,88.6,89.1,73.1,77.5,61.0,76.2,24.5,20.2,55.3,30.9,33.2,35.8,35.8,45.4,5.8,32.9,35.9,140.8,37.5,33.7,14.9,21.9,54.8,164.7,57.6,35.5,43.3,68.0,67.7,30.0,38.0,107.1,98.4,30.1,16.8,8.0,61.0,15.8
20.3,36.4,30.8,46.9,101.9,34.9,144.9,103.1,97.3,85.7,81.5,61.0,81.8,25.7,19.2,54.7,31.1,39.5,41.3,36.5,48.8,6.5,35.2,38.3,143.6,40.9,36.1,13.5,22.1,57.5,167.0,62.7,35.0,45.3,81.3,90.9,29.5,40.1,112.0,101.5,30.7,12.0,11.2,71.5,15.5
19.0,31.9,27.0,41.5,90.7,32.8,134.7,85.3,83.3,76.2,76.7,58.2,67.3,23.5,18.0,53.4,29.1,30.5,31.8,33.7,44.2,5.9,28.9,32.3,134.0,36.1,32.1,11.3,19.9,53.7,156.4,55.0,34.3,39.0,70.1,71.6,32.1,38.3,100.8,96.6,25.2,13.0,4.6,54.5,14.8
20.8,38.5,28.3,45.8,96.6,34.2,143.7,91.0,88.0,75.8,83.8,58.9,72.9,24.5,20.3,55.8,32.8,36.7,40.8,36.9,48.8,6.0,32.7,36.9,142.3,38.1,37.2,15.6,21.7,60.2,165.1,58.1,35.4,42.4,73.9,77.6,29.1,35.3,109.0,102.2,26.5,14.7,6.2,63.4,15.9
22.3,33.6,28.2,41.7,100.0,39.0,137.6,92.5,89.8,76.3,74.6,64.5,83.4,24.5,18.8,53.7,31.6,33.6,36.6,40.1,44.4,6.0,31.8,34.2,136.4,39.8,34.0,14.2,21.6,54.0,159.6,63.9,35.1,45.0,76.1,89.7,31.8,40.2,102.8,94.8,29.0,12.2,8.5,68.2,15.8
21.2,38.8,26.7,43.2,90.1,35.3,142.8,88.3,85.3,75.9,81.3,55.0,80.2,23.5,18.4,53.3,30.5,35.0,39.2,34.5,47.4,6.2,30.0,33.3,142.0,34.9,34.6,16.0,21.2,57.4,166.6,51.1,31.5,44.6,71.7,77.2,28.0,40.5,112.4,100.0,31.6,13.9,13.2,55.7,14.9
21.3,38.5,27.3,46.1,106.9,36.6,154.3,96.0,97.6,81.5,86.5,63.5,76.7,24.8,19.7,54.7,31.7,41.8,41.9,39.2,50.2,6.5,32.8,36.1,151.6,39.8,37.1,14.6,22.3,59.6,176.7,60.7,43.5,49.9,74.4,86.9,36.4,42.9,113.6,107.4,28.3,18.1,6.9,72.9,15.9
21.0,32.9,30.5,43.0,98.0,36.3,147.8,89.9,91.8,76.3,85.0,62.0,78.4,25.2,18.8,53.7,34.4,38.2,39.0,38.8,51.3,5.8,30.8,33.5,147.8,39.8,37.0,13.8,20.0,61.1,170.0,60.8,33.5,43.0,73.7,77.9,29.7,37.1,115.7,108.5,28.6,16.4,8.6,68.9,15.4
20.3,36.5,27.0,45.4,101.5,35.7,145.8,95.5,93.6,73.0,80.6,62.2,77.7,23.5,18.4,56.4,32.1,39.1,41.5,36.7,48.7,7.0,32.2,36.3,144.5,37.1,34.7,14.5,20.9,56.2,167.6,60.9,36.3,44.0,70.4,77.3,29.0,37.6,111.6,103.4,29.6,17.0,7.7,67.2,14.8
19.2,36.3,33.7,46.7,105.9,35.0,145.5,99.3,96.6,82.4,77.7,67.8,83.4,25.7,19.2,55.1,31.0,39.3,41.9,38.8,46.4,6.1,33.3,37.2,144.7,39.7,34.8,13.9,22.2,57.0,167.3,67.2,36.6,44.5,75.8,81.3,30.1,38.3,109.3,101.9,30.6,16.2,8.0,75.0,15.7
19.1,37.3,28.5,43.0,91.5,34.9,144.2,86.2,86.9,76.1,80.4,55.0,71.1,24.5,19.6,56.4,29.9,36.2,39.8,35.3,47.9,5.6,32.2,35.6,141.8,35.8,33.8,14.9,21.8,56.2,164.8,56.4,37.6,46.7,71.8,71.3,30.2,37.8,107.6,99.6,27.8,13.0,8.2,59.1,14.8
20.0,34.6,26.7,43.0,91.1,32.5,136.0,94.5,93.2,78.6,77.7,56.2,71.3,22.8,18.8,55.5,30.1,38.1,39.3,34.8,45.2,5.2,32.2,34.1,134.1,36.9,33.8,12.6,20.9,55.4,157.6,55.0,34.3,42.0,79.7,82.7,31.1,38.7,103.2,95.7,24.8,11.2,7.1,59.3,14.8
19.3,36.8,26.0,43.3,102.0,33.5,134.4,94.5,92.4,80.8,71.1,61.3,76.0,23.5,17.8,56.0,28.7,35.5,37.9,35.4,43.1,5.3,31.6,34.7,133.5,39.0,33.2,14.0,21.7,52.7,156.6,57.4,34.6,41.7,78.1,81.2,28.1,39.6,100.0,92.8,27.7,16.3,6.7,60.8,14.8
19.6,37.0,29.3,43.7,92.6,32.9,134.9,89.6,88.2,77.6,74.4,61.2,73.5,23.6,18.8,54.3,29.7,34.3,38.1,37.2,44.4,6.0,32.7,35.3,134.0,36.5,31.2,14.6,21.0,50.2,154.9,59.2,36.6,42.2,73.6,73.4,28.3,34.6,101.0,94.9,25.2,14.1,5.9,57.1,14.8
19.5,35.0,27.5,40.2,93.7,35.5,138.9,94.3,87.6,79.0,77.1,54.5,73.7,23.5,17.5,55.1,28.7,31.8,35.7,35.9,45.4,6.5,31.4,34.5,137.8,38.3,34.2,14.5,20.5,54.7,160.3,57.8,36.0,46.0,75.6,83.5,28.3,39.8,105.5,95.8,28.4,12.5,10.6,59.2,14.1
20.0,37.7,26.6,42.1,86.7,34.1,139.5,82.7,81.0,71.0,77.1,55.7,72.7,22.8,18.5,56.0,30.9,32.3,35.8,32.7,45.3,5.6,32.0,35.4,138.1,33.6,32.5,14.1,22.5,54.9,162.4,52.9,34.6,43.3,62.3,66.3,29.4,38.5,105.1,96.8,28.3,13.5,8.4,52.5,15.0
18.6,34.3,29.6,43.5,98.8,34.6,135.6,93.7,87.9,80.3,74.0,54.5,77.8,24.1,17.6,53.9,29.0,36.0,37.9,40.4,45.2,5.9,31.0,34.4,134.7,36.9,33.3,13.0,21.2,55.9,158.0,60.3,34.9,48.3,79.7,97.7,29.2,40.1,102.5,91.5,27.2,9.9,12.2,64.2,14.5
20.4,34.8,27.2,45.5,97.4,34.5,132.6,95.3,93.6,80.7,72.1,63.4,83.1,23.5,18.9,55.4,30.1,38.7,39.6,36.8,43.8,6.1,31.4,35.5,131.5,37.0,31.5,14.1,21.0,51.2,155.1,59.3,30.0,41.1,77.5,87.5,25.3,36.2,104.4,93.2,30.6,14.3,9.7,61.2,14.7
22.5,35.7,31.5,45.3,103.6,38.4,142.1,89.4,91.0,82.0,72.9,71.5,89.0,26.0,20.4,54.4,31.8,42.5,43.0,38.8,44.8,5.9,33.8,36.8,140.1,40.7,33.0,13.5,22.1,54.2,163.4,63.0,38.0,46.4,79.0,84.8,30.4,39.5,105.5,98.2,33.1,18.6,7.6,72.1,16.6
20.6,34.2,28.3,40.7,92.8,34.2,125.5,88.3,83.5,72.3,66.7,56.8,73.8,23.7,17.5,55.9,28.3,34.0,35.8,34.7,40.5,5.9,31.5,33.5,124.0,33.9,29.3,13.6,20.3,45.6,146.0,56.2,34.0,42.1,69.6,76.4,26.9,35.8,93.1,84.4,27.0,11.4,8.5,53.0,14.3
20.2,35.0,29.7,43.4,95.2,35.6,139.0,90.7,90.3,77.3,76.0,56.3,74.5,24.4,19.1,54.0,29.8,37.0,37.8,36.3,44.5,6.4,32.6,35.5,138.2,38.5,34.0,12.8,22.3,54.0,162.0,55.5,34.9,43.8,75.1,79.1,32.1,41.1,104.7,95.6,28.8,12.7,9.1,62.0,14.9
22.4,34.8,32.5,43.6,106.9,39.2,139.1,98.4,95.4,81.8,73.6,67.5,88.0,26.8,19.4,54.4,32.0,35.4,37.4,40.8,45.4,5.9,32.5,34.0,138.5,40.8,32.5,14.4,20.8,52.2,162.9,63.9,34.1,44.6,80.2,91.8,30.2,40.6,105.7,95.7,29.8,15.2,10.0,74.6,16.2
18.8,30.7,28.5,39.4,87.8,36.3,132.2,84.8,84.7,72.8,71.7,57.0,73.0,23.2,17.0,52.7,27.5,31.2,34.4,35.9,42.6,6.1,30.5,33.2,131.6,35.5,31.7,12.3,20.2,51.6,153.7,55.4,32.2,40.4,69.5,70.2,29.9,38.4,100.3,92.2,27.2,12.2,8.1,53.2,14.0
20.7,37.9,28.2,45.1,104.6,37.2,149.6,92.7,92.4,79.1,79.5,65.5,82.6,25.5,18.4,56.0,30.8,35.5,38.4,37.8,47.1,6.3,33.5,36.4,148.7,41.0,36.0,14.0,21.5,58.7,172.8,61.5,38.9,47.9,80.5,86.0,32.8,42.0,111.6,102.8,32.3,17.1,8.6,72.2,15.7
21.0,35.2,27.0,40.9,90.1,35.3,132.1,84.0,81.0,73.2,73.0,56.0,70.5,23.3,18.0,54.9,29.1,32.8,36.1,35.3,42.2,6.2,30.7,33.7,131.6,34.5,30.7,14.3,19.5,51.2,155.0,54.1,33.1,40.5,71.8,77.5,28.8,36.6,99.7,92.5,26.3,14.0,6.9,53.7,14.8
19.5,35.1,27.8,42.3,90.8,33.6,140.2,85.7,84.1,73.1,79.3,60.4,72.5,22.8,18.1,52.3,28.9,32.0,35.0,34.8,46.6,5.1,31.2,35.1,139.4,36.3,34.9,13.0,21.2,57.4,163.5,55.1,35.6,42.1,67.1,70.5,31.2,38.3,105.1,99.0,26.6,15.5,5.4,56.7,14.3
21.1,35.0,27.5,40.8,102.9,33.3,139.3,86.2,83.6,73.9,74.3,62.2,78.5,24.0,19.0,55.4,30.7,33.3,36.6,38.1,44.6,5.7,32.2,35.2,137.8,35.5,34.1,13.4,21.3,55.0,160.8,59.0,36.3,44.7,71.1,76.3,27.7,36.6,104.7,96.6,30.3,16.7,8.0,59.2,14.8
20.3,32.1,26.1,41.0,86.7,33.2,125.8,79.7,80.3,68.7,67.5,57.4,66.3,21.1,17.8,52.1,27.8,35.4,36.9,32.1,39.3,5.3,29.5,33.0,124.5,32.9,30.5,12.0,19.6,49.0,147.7,52.8,35.0,39.7,63.1,65.3,29.6,34.3,91.7,87.5,25.0,16.1,4.5,46.2,13.6
19.6,36.7,29.4,45.0,98.2,33.0,138.5,85.0,86.3,74.0,78.7,60.4,81.5,24.3,19.4,54.2,30.1,36.7,39.6,37.1,45.9,5.6,32.7,36.1,137.4,37.8,34.0,12.6,20.3,56.7,160.5,62.7,30.7,41.9,73.1,81.0,26.5,37.1,109.5,98.8,30.4,13.8,10.7,62.9,15.2
22.2,39.2,32.2,48.1,107.0,38.0,151.1,97.7,100.9,86.9,83.3,64.5,85.5,28.1,20.0,55.6,33.9,40.0,41.4,42.7,51.7,6.5,34.1,38.1,149.6,40.1,34.2,15.6,22.3,57.2,172.7,66.8,38.1,49.2,84.0,91.1,32.6,43.7,114.3,103.4,30.7,13.5,10.7,81.3,17.1
19.6,34.3,30.6,47.1,110.2,33.9,139.4,105.9,102.1,87.0,76.2,62.5,78.5,25.2,19.0,56.2,28.7,39.0,40.7,37.0,45.0,5.5,33.6,35.6,138.3,43.5,33.1,13.4,23.4,54.1,161.0,66.5,37.6,45.4,89.9,110.8,33.4,41.9,104.3,96.2,27.5,12.4,9.5,78.7,14.5
22.0,37.2,34.5,48.2,110.1,37.9,143.8,97.2,92.8,84.0,84.6,63.3,83.3,27.5,19.0,57.3,32.4,36.3,39.8,43.1,50.1,5.7,32.4,34.9,143.2,41.8,34.3,14.2,20.9,58.5,164.4,67.3,31.6,43.7,83.1,93.7,27.5,37.1,114.1,104.7,29.1,14.4,9.5,79.6,16.2
19.5,35.6,27.5,42.1,97.7,34.8,141.8,82.5,84.9,73.1,79.3,59.4,70.5,24.0,18.2,52.3,30.6,33.4,36.7,38.8,46.5,5.6,31.8,35.9,141.5,35.3,32.5,13.1,20.3,54.3,163.8,59.0,36.5,42.8,67.2,70.5,31.5,38.2,106.2,99.4,25.7,16.7,5.9,60.5,15.0
20.8,34.4,30.0,43.3,99.6,37.1,133.5,92.5,90.1,79.0,72.6,63.2,75.9,24.5,19.2,53.8,27.4,35.1,37.6,38.5,44.4,5.8,30.0,33.8,132.4,37.5,32.5,12.7,19.7,53.3,156.0,59.9,34.1,41.0,73.9,84.3,30.2,37.1,100.2,93.7,27.1,13.6,8.5,60.9,14.8
19.5,34.8,26.1,43.4,101.6,34.5,145.0,84.0,85.8,74.4,77.6,64.8,79.3,23.3,18.6,56.7,30.8,34.7,38.3,36.3,46.4,6.4,31.3,34.8,145.1,37.8,33.4,13.5,22.0,54.5,170.3,60.0,39.5,45.6,68.3,75.4,34.0,40.9,106.6,100.2,29.8,18.4,6.8,62.5,14.8
19.3,36.8,24.1,41.0,82.8,31.2,141.7,76.5,80.5,69.4,82.6,56.1,67.3,22.0,19.3,54.1,29.5,33.5,36.9,32.6,47.4,5.1,31.3,34.7,140.1,33.7,35.2,15.0,20.0,58.2,162.3,48.8,34.4,40.2,64.5,64.8,29.7,35.3,107.6,101.8,26.9,15.5,5.2,48.9,14.7
18.9,32.8,25.4,40.4,92.6,32.9,126.0,88.1,83.5,75.8,67.4,56.0,69.0,22.8,17.3,54.0,27.4,33.0,32.8,33.5,39.3,5.8,30.5,33.3,125.1,36.5,30.6,11.1,19.4,49.6,147.8,55.5,35.3,42.0,70.8,81.0,31.8,37.9,92.2,86.4,23.7,12.8,6.2,52.2,14.3
20.2,34.0,30.0,41.9,97.3,35.5,140.1,89.0,88.5,74.8,75.9,64.8,77.2,24.2,18.8,54.0,29.5,33.9,35.1,35.7,45.1,6.4,31.6,34.7,139.0,36.7,32.2,12.2,19.7,52.1,162.7,59.3,37.7,43.2,71.1,77.8,32.4,38.5,103.5,97.5,28.2,16.9,6.2,62.1,14.5
18.0,35.0,29.0,42.6,91.2,30.5,137.3,91.8,86.1,71.0,78.0,56.0,74.0,23.5,17.8,52.1,29.4,34.6,37.5,33.8,46.4,5.8,29.6,33.4,136.2,36.3,35.2,13.7,20.2,58.2,158.0,54.6,32.7,41.9,69.4,79.8,27.0,36.4,106.5,98.0,27.0,11.5,8.1,55.0,14.8
22.6,36.1,29.6,44.5,103.9,35.7,141.5,91.9,89.6,77.0,78.0,64.4,84.8,24.4,19.7,54.4,32.3,33.6,37.3,38.4,46.1,5.7,33.8,37.3,140.8,38.2,32.7,13.1,19.2,55.9,162.6,64.6,33.4,44.4,75.3,81.7,28.1,38.3,109.4,99.2,30.3,14.3,9.9,70.0,15.8
20.2,35.7,27.5,42.7,99.3,33.2,143.9,94.5,90.9,79.2,78.7,59.7,77.1,24.0,18.0,54.6,29.3,36.7,38.9,36.2,47.0,6.9,32.0,35.7,142.9,39.5,34.9,13.5,21.8,56.1,166.9,59.2,37.6,46.4,75.9,85.7,31.4,40.2,107.4,99.7,29.2,13.8,8.5,63.6,15.2
19.2,37.4,29.5,46.0,105.0,35.3,144.0,99.8,99.9,84.2,79.2,60.8,79.7,25.0,18.0,56.1,29.3,39.8,41.0,35.2,46.9,6.3,33.0,36.3,143.7,40.4,35.8,13.7,22.9,56.7,169.4,63.2,34.7,43.6,80.3,87.3,31.7,40.9,109.1,99.8,29.3,14.9,9.2,70.1,15.1
18.8,36.2,29.5,42.1,91.7,32.3,132.6,87.4,86.1,70.3,73.3,56.7,74.9,24.0,18.8,54.3,30.8,32.3,34.0,34.3,44.3,6.8,30.9,35.4,132.3,35.4,31.7,13.5,20.6,50.4,155.4,53.8,32.3,41.3,67.0,74.9,29.8,39.5,101.2,92.2,28.0,13.3,8.5,54.4,15.1
20.8,38.5,28.2,44.5,94.5,35.2,148.0,88.8,88.5,78.2,82.7,65.0,75.2,23.3,19.4,54.5,32.1,36.5,39.7,37.4,50.2,6.1,32.1,35.1,147.2,37.3,34.1,14.7,22.2,58.8,171.0,57.1,39.0,44.0,70.9,73.3,32.3,37.5,110.3,105.8,27.6,16.0,4.6,64.8,15.2
21.7,35.4,30.6,44.1,96.2,36.6,134.6,89.8,88.1,79.4,72.8,60.4,76.1,24.4,18.7,56.6,29.7,35.3,37.4,35.8,43.6,6.2,31.2,33.6,134.0,38.0,32.2,13.7,21.3,53.0,157.8,58.0,34.0,41.0,72.5,74.7,30.5,38.3,102.2,95.1,29.8,17.0,6.8,60.6,15.5
18.9,34.0,29.1,41.2,89.6,32.4,128.4,85.0,85.0,70.1,72.2,54.0,71.0,23.4,17.4,54.5,30.4,33.5,35.7,35.5,43.0,5.5,31.5,34.0,128.4,37.7,32.4,13.5,19.0,53.3,151.8,53.6,32.0,41.1,72.9,80.5,29.2,37.0,98.0,89.4,25.8,11.0,8.1,54.0,14.6
19.8,35.3,29.0,46.6,102.3,33.9,143.3,98.4,94.8,82.2,77.5,63.8,76.7,23.7,18.8,56.5,29.6,40.0,41.8,37.4,45.4,6.4,32.5,36.0,143.0,40.8,34.9,12.9,22.5,56.0,167.3,62.1,38.8,45.5,74.1,80.7,34.5,41.4,106.3,99.9,30.4,16.7,6.8,69.4,15.5
21.9,35.3,29.2,43.5,102.3,37.9,138.5,90.1,86.9,77.5,70.5,67.5,80.3,25.0,19.6,53.2,30.3,35.2,36.6,37.4,41.7,6.5,33.1,36.2,136.6,38.2,32.2,13.7,21.6,51.4,160.3,59.6,39.3,45.7,70.5,74.7,34.2,40.3,99.3,93.7,29.4,19.4,5.8,65.1,15.4
19.6,33.2,28.5,41.5,88.3,32.1,132.3,89.5,87.1,77.5,74.6,54.5,71.0,23.0,18.4,55.3,28.4,36.0,37.9,33.5,43.9,5.2,31.0,33.6,131.6,34.8,30.4,13.2,21.2,50.4,154.8,53.0,31.9,40.6,71.6,75.3,29.7,38.0,101.8,93.4,26.8,12.4,8.0,52.5,14.5
20.2,36.6,25.5,42.4,94.5,34.6,136.6,85.8,84.7,73.2,74.5,57.8,72.7,22.5,17.9,54.3,30.8,35.0,38.4,35.6,44.8,7.0,29.5,33.1,135.6,35.2,33.2,14.5,20.5,53.4,159.2,54.5,35.4,43.0,70.8,76.5,30.3,37.2,103.0,96.3,28.2,14.9,7.5,56.0,14.5
18.6,35.8,21.5,38.2,87.8,30.5,143.2,79.3,78.4,67.7,83.0,53.6,66.6,20.1,18.1,53.7,30.7,32.0,35.8,32.8,47.8,6.2,28.3,32.0,142.2,31.9,33.4,15.1,20.4,56.1,163.7,50.5,35.3,41.8,59.4,62.1,28.6,35.7,109.4,103.2,27.0,17.5,6.2,46.5,13.7
20.6,33.9,31.1,46.8,103.9,37.5,146.8,99.8,95.4,85.8,82.4,62.4,80.3,25.7,18.8,54.7,30.2,34.7,35.5,40.5,49.0,5.6,32.5,36.5,145.7,40.4,35.8,12.3,22.4,57.0,169.3,63.8,38.0,46.6,82.1,90.8,31.1,39.7,112.1,103.8,29.6,14.5,8.9,74.7,15.4
21.7,36.7,28.4,43.0,90.4,36.9,148.1,87.3,87.9,75.8,84.7,55.9,76.0,24.0,19.3,54.7,31.3,35.2,38.1,36.7,49.6,6.2,30.6,34.3,148.2,35.8,35.7,14.0,21.4,58.1,172.3,52.8,36.2,46.4,72.0,77.5,31.3,42.0,113.3,103.4,30.6,14.0,10.5,62.6,15.0
21.6,37.6,26.8,41.8,89.8,36.9,146.7,81.1,83.0,73.0,83.5,63.4,73.4,22.5,18.9,54.0,32.5,31.7,34.8,38.0,47.1,5.9,29.8,33.2,145.6,34.6,35.8,15.0,21.4,58.3,169.1,53.3,40.1,45.3,65.3,67.4,33.0,38.3,109.1,103.7,28.0,17.1,5.3,58.4,15.0
19.4,34.5,26.4,39.9,89.9,34.0,137.9,80.0,77.6,69.1,74.5,61.3,72.0,22.5,18.1,53.3,29.0,29.4,32.8,35.2,44.0,6.3,30.2,33.0,136.7,34.8,32.5,14.3,20.5,52.0,159.8,51.8,35.8,41.3,62.8,66.5,30.8,36.7,102.9,97.9,27.9,15.8,5.3,51.0,14.2
19.3,35.2,27.2,42.8,94.5,32.8,132.2,91.5,89.5,77.6,68.2,60.0,74.0,23.5,17.9,56.0,29.4,34.5,37.5,35.6,42.4,5.7,31.9,35.9,131.0,38.2,33.1,13.6,20.9,52.9,154.6,53.9,35.0,42.4,73.1,84.1,31.8,39.5,97.7,90.5,26.0,14.7,8.0,56.8,14.8
20.3,36.4,31.4,44.1,99.0,34.8,137.1,94.0,91.0,76.4,76.5,58.3,78.0,25.1,18.5,54.5,30.5,35.0,37.9,38.9,45.9,5.7,33.6,36.9,137.2,39.4,34.4,14.1,19.9,54.2,158.8,62.0,31.8,42.2,75.0,76.5,28.0,38.3,105.7,96.0,28.5,12.4,10.6,63.4,15.0
23.7,34.1,33.0,45.6,102.4,41.5,133.1,98.3,97.5,85.2,71.2,60.2,81.6,26.8,18.8,53.9,32.3,40.8,41.9,40.4,41.9,6.8,32.4,36.0,131.7,42.0,33.6,12.9,22.7,53.4,155.1,64.5,35.1,45.1,80.8,91.5,30.5,40.2,100.2,90.3,28.3,11.7,10.3,71.8,15.4
19.5,38.0,29.0,42.6,95.4,36.1,137.6,84.4,86.8,72.1,73.7,61.4,75.2,24.4,19.0,54.0,30.9,36.1,38.8,38.9,44.1,5.3,31.9,34.8,136.6,35.1,33.1,13.9,22.6,54.1,159.2,59.6,36.7,44.0,67.3,69.3,28.4,36.4,103.0,95.5,27.2,15.3,7.0,60.9,14.7
20.3,33.2,28.3,42.6,96.8,36.1,134.0,88.8,89.5,75.3,73.0,60.0,77.1,23.8,18.0,54.4,31.3,35.5,36.4,35.9,43.4,5.6,30.2,33.7,133.1,37.4,33.8,12.0,20.8,54.3,155.6,59.2,32.8,42.1,73.5,82.5,28.3,37.1,102.3,93.5,26.2,12.6,9.3,61.3,14.7
19.9,37.8,27.5,44.5,102.3,36.0,140.3,92.6,89.5,75.5,74.8,61.0,67.7,22.6,17.7,52.0,30.2,38.0,40.9,37.8,46.1,6.3,29.7,32.9,139.4,36.2,34.6,15.2,21.5,56.4,164.2,59.4,41.1,44.9,73.8,85.7,38.0,41.3,100.1,97.0,24.5,15.8,3.7,64.5,14.6
19.2,37.0,26.8,42.3,97.5,32.8,146.7,88.1,88.7,74.0,82.5,61.3,73.2,22.8,18.4,56.1,32.4,35.9,39.1,37.2,48.0,6.1,31.7,34.2,144.3,35.3,34.7,14.1,19.8,56.9,166.2,55.6,35.6,42.3,70.1,69.4,29.6,36.4,111.8,105.1,28.7,17.1,7.0,58.5,14.8
23.1,38.1,35.7,49.9,115.4,40.3,149.7,107.5,101.8,92.0,81.5,68.2,88.6,28.8,20.8,56.8,34.9,38.7,41.1,43.9,50.2,7.2,36.3,38.8,148.6,45.6,37.1,12.6,21.9,61.3,173.2,71.2,37.4,48.3,89.5,96.3,33.1,45.1,114.0,101.8,30.4,16.1,11.6,93.0,17.4
19.7,37.2,27.0,43.9,98.5,34.3,144.0,87.4,87.4,72.8,77.1,57.3,77.7,22.8,18.1,54.1,31.6,36.0,40.3,37.3,46.0,5.5,32.1,34.8,141.8,35.2,32.2,15.2,22.2,53.9,166.3,57.8,39.0,49.3,69.5,81.0,31.7,42.1,107.6,97.4,28.6,12.2,10.8,61.1,14.9
20.5,34.0,31.2,44.2,103.1,36.2,143.7,96.8,90.0,78.3,77.5,65.0,85.4,24.2,17.4,57.0,28.7,34.5,35.7,34.6,45.0,5.9,31.2,35.3,142.0,39.9,34.7,12.4,20.7,56.6,166.2,60.5,34.8,44.4,79.8,85.7,28.2,38.9,111.3,100.6,31.8,16.5,10.4,69.2,14.1
19.2,36.2,26.2,42.1,93.7,32.3,137.2,91.4,88.6,77.0,74.2,60.4,73.0,23.1,17.6,54.1,29.3,33.0,36.4,35.0,44.1,6.0,30.2,34.0,137.6,37.3,33.8,14.4,20.9,53.6,160.7,53.3,35.0,41.7,71.7,78.4,32.0,38.6,103.1,96.3,27.2,16.5,6.8,55.6,14.8
20.0,33.7,33.2,40.7,100.5,34.6,135.9,93.4,90.2,80.4,69.7,61.4,80.1,25.5,18.1,54.4,29.6,34.5,37.6,37.1,44.2,5.9,31.1,33.8,134.4,41.0,33.3,12.4,19.0,53.2,157.7,63.2,35.4,45.6,78.3,93.1,29.2,40.0,102.7,93.2,28.6,12.3,10.2,66.5,14.9
19.6,33.9,26.3,39.0,96.1,34.2,134.9,81.0,79.7,71.8,69.2,62.4,72.4,22.5,18.8,51.9,28.8,34.1,34.7,35.1,41.8,6.6,29.2,32.4,134.1,34.6,31.1,14.1,20.0,48.8,158.1,55.0,39.1,44.1,64.1,67.6,33.1,38.0,97.5,92.8,26.2,19.5,4.9,52.2,14.8
21.4,35.4,27.2,41.9,93.8,35.3,136.2,86.3,83.8,73.8,71.7,65.2,79.7,23.0,17.7,56.0,30.5,33.7,36.4,35.3,45.2,6.2,30.6,33.8,135.8,35.5,33.2,13.6,21.0,54.2,158.7,55.3,33.8,40.9,70.3,70.1,26.1,32.9,104.2,97.8,30.0,17.7,6.8,57.1,14.8
20.5,32.6,27.8,40.2,100.0,34.3,136.4,87.9,81.7,76.6,73.5,63.4,78.1,22.8,17.6,55.6,30.2,31.0,33.0,36.9,43.0,5.9,30.6,33.6,134.8,35.5,32.0,12.9,19.3,51.6,158.0,60.0,35.5,42.3,74.3,81.0,28.9,36.6,102.6,95.7,28.5,17.0,6.8,60.5,14.3
20.0,35.2,28.3,43.2,92.3,35.8,138.2,89.8,87.7,76.5,74.6,59.8,71.5,24.6,17.7,54.5,29.0,33.4,34.6,35.7,44.6,6.2,30.5,33.5,137.1,35.1,31.6,12.9,22.1,50.7,158.8,55.4,37.3,43.1,67.1,72.4,30.2,36.6,102.7,97.6,27.1,15.8,6.3,56.3,14.8
20.1,36.8,28.6,44.8,99.8,35.5,138.2,96.5,90.7,81.6,71.9,63.8,81.2,24.6,19.3,54.3,30.1,38.1,39.6,36.5,44.7,5.7,32.0,34.7,137.7,37.4,32.6,14.0,21.2,53.1,161.5,59.0,34.9,43.8,76.5,80.0,30.4,39.2,104.6,96.0,29.9,14.8,8.9,62.7,15.8
20.4,36.0,29.5,43.0,103.2,36.3,142.7,90.6,91.8,80.5,77.3,61.8,84.2,24.2,19.0,55.3,30.0,38.3,40.6,39.4,48.5,6.8,31.8,34.5,141.3,38.6,33.5,14.2,21.9,54.1,163.4,63.7,36.2,48.6,78.1,95.4,26.5,37.5,110.1,98.6,30.4,11.3,12.1,69.9,14.8
22.7,34.9,29.3,44.1,98.2,41.1,144.7,86.8,87.8,78.7,78.4,63.2,77.7,25.8,19.7,55.3,33.1,32.8,36.3,42.2,47.9,6.0,30.0,33.1,143.7,37.4,33.7,13.3,21.8,55.3,167.4,61.1,35.6,43.0,66.1,70.3,31.8,39.9,109.5,101.5,29.2,16.2,7.7,67.7,16.2
18.6,36.5,28.5,42.9,98.3,33.5,142.1,91.5,89.3,74.7,73.9,65.9,78.0,23.5,18.9,52.4,28.4,36.1,37.5,38.8,44.4,6.1,30.5,33.3,140.6,38.6,34.2,14.9,21.2,54.0,162.3,58.0,40.2,46.0,71.0,82.8,33.0,40.2,104.7,99.1,28.7,20.0,6.2,62.6,15.1
18.6,33.1,26.6,38.4,84.2,30.7,137.0,79.7,80.1,68.1,76.4,57.8,72.9,22.5,18.2,52.7,28.4,29.6,32.7,33.7,45.5,5.8,29.7,32.3,136.2,34.2,32.2,13.9,20.5,53.5,160.3,48.5,33.6,41.5,62.9,69.1,28.8,36.1,105.4,97.5,28.8,15.9,8.0,48.5,14.3
22.0,38.7,28.6,44.5,102.9,38.3,153.6,96.2,87.9,81.5,82.9,66.4,85.7,24.9,19.1,55.5,32.5,35.6,40.8,40.1,51.7,6.2,31.7,35.9,151.5,39.3,38.4,15.8,22.1,62.2,175.2,59.7,39.8,49.7,77.8,83.7,29.2,39.7,117.4,108.3,33.2,17.2,9.4,71.0,15.7
19.9,34.2,26.7,41.3,87.3,35.5,136.5,90.2,82.7,72.0,77.0,56.2,68.4,23.0,18.8,54.6,30.7,33.7,36.0,34.9,45.6,5.7,31.2,33.7,136.0,34.5,32.9,13.0,21.0,52.7,157.6,54.1,34.6,41.0,67.0,64.8,29.4,36.3,103.3,96.8,25.9,15.7,6.1,54.8,14.6
20.1,34.5,27.2,42.4,91.9,34.5,146.3,88.4,85.9,74.5,77.3,64.7,79.3,23.5,19.7,53.7,30.0,34.3,36.1,36.3,46.8,6.8,31.4,34.1,144.5,36.6,34.2,11.9,21.8,55.0,167.2,57.7,38.6,46.4,68.0,70.1,32.1,39.7,108.8,102.1,30.8,16.2,7.3,59.0,15.5
20.8,38.7,27.5,47.7,97.4,35.2,145.0,108.3,103.4,89.3,82.0,61.8,72.5,25.2,19.2,54.3,31.3,42.1,43.9,36.2,49.7,6.0,35.4,37.7,144.6,40.9,35.5,14.5,24.5,57.9,167.1,55.6,36.3,41.8,81.7,84.1,32.5,38.0,110.0,103.8,26.6,16.3,5.3,68.0,15.2
22.9,37.4,29.0,43.4,94.4,36.9,141.3,88.1,87.4,76.5,73.1,60.4,73.5,24.8,19.4,53.9,31.8,34.4,36.7,37.1,44.9,6.3,32.3,36.4,140.6,36.0,32.4,14.9,21.9,51.5,164.0,56.4,40.1,47.0,68.2,72.3,34.1,41.5,102.4,95.5,27.8,14.6,7.2,61.1,16.4
20.6,38.1,26.5,44.1,96.5,33.7,145.2,88.3,87.9,74.7,81.0,58.4,70.5,23.1,18.8,51.9,31.4,33.8,36.2,36.9,48.5,5.5,30.8,34.9,145.6,35.3,35.5,15.2,22.4,57.9,169.1,55.0,38.1,44.0,69.3,75.3,33.8,40.4,108.4,102.8,27.0,14.4,6.1,60.0,15.5
21.8,35.4,32.3,45.7,100.8,37.6,143.8,96.7,93.1,87.9,77.1,61.3,78.7,26.8,20.0,56.1,31.3,34.7,38.4,38.9,45.9,6.4,35.3,37.6,142.7,41.2,34.9,12.5,22.3,55.5,166.4,59.4,38.3,46.4,81.1,86.1,32.2,41.5,106.4,98.5,29.0,16.1,7.5,75.6,16.1
19.8,36.2,29.0,45.3,95.1,36.1,147.7,89.4,90.4,75.3,80.6,60.9,73.9,24.5,19.0,53.5,30.2,33.3,36.3,37.0,47.9,6.7,32.0,35.3,146.9,40.1,36.2,12.5,21.9,57.1,170.0,56.0,40.3,47.4,69.2,78.5,33.2,39.7,108.5,102.0,29.0,16.1,6.8,64.2,15.1
21.3,34.7,33.1,45.9,102.3,35.4,137.3,107.8,98.3,92.0,74.3,59.0,86.1,26.0,18.6,52.4,30.4,36.9,38.1,35.5,44.3,5.6,32.5,36.1,136.5,40.5,32.9,12.9,23.8,54.0,159.8,62.1,32.0,46.4,89.4,92.9,32.5,42.7,105.8,93.9,30.2,13.7,11.3,71.6,15.7
18.5,32.0,23.1,37.3,82.2,30.3,126.4,75.7,75.3,66.8,70.5,50.2,64.6,20.2,17.2,54.4,27.5,30.5,32.8,30.4,42.3,5.5,28.9,31.1,126.2,33.0,30.2,11.5,18.7,49.0,148.3,47.8,31.1,38.1,63.1,71.5,27.4,35.6,95.3,88.2,24.9,13.3,7.2,41.6,13.0
20.4,33.1,33.7,44.5,101.7,37.8,132.4,103.7,96.8,88.1,68.5,65.3,81.4,25.4,18.3,54.4,28.8,38.9,40.2,39.1,42.0,5.4,33.2,35.2,130.1,42.3,31.5,13.0,23.0,51.1,152.3,60.7,35.2,44.0,90.3,92.4,30.7,40.5,98.6,89.3,28.5,13.5,9.3,72.7,14.4
20.2,39.3,28.2,43.3,95.3,34.3,141.4,94.7,93.0,82.3,76.7,60.7,75.6,23.0,17.7,55.2,29.1,32.5,34.3,36.5,45.3,6.2,33.2,34.9,141.0,38.4,33.2,13.1,21.8,53.1,164.2,56.6,37.3,44.7,73.0,77.8,32.8,41.1,106.8,98.5,29.4,15.2,7.5,62.9,14.8
20.8,35.3,26.1,43.3,95.0,37.3,141.2,90.7,87.5,77.0,75.5,61.3,75.2,23.4,18.0,55.1,30.2,36.0,37.0,34.8,44.8,6.3,32.2,34.7,139.4,38.8,33.5,12.6,20.2,53.6,161.8,57.3,38.7,45.2,74.6,78.2,30.0,37.0,105.3,97.8,28.3,16.5,6.5,61.3,15.2
18.2,35.4,25.4,39.1,81.5,29.1,131.8,80.9,77.7,69.1,70.7,53.5,69.2,21.5,17.9,51.8,28.0,28.5,32.2,30.2,42.1,6.2,30.8,34.5,131.7,33.9,30.2,13.8,19.4,49.4,153.3,46.8,35.5,43.9,63.1,68.0,29.0,37.4,97.4,89.5,27.0,13.4,8.5,43.3,14.0
18.1,30.9,25.0,38.9,84.8,30.2,127.8,80.9,81.1,68.4,68.7,55.8,62.9,22.0,17.3,51.5,26.5,32.5,35.4,30.6,39.9,5.5,30.3,32.3,127.5,34.8,30.0,11.7,19.9,48.0,149.3,51.9,35.8,39.9,63.4,65.9,31.5,35.5,93.5,89.4,25.1,14.6,4.1,44.8,13.8
19.0,31.2,27.4,39.5,103.8,33.8,138.7,89.0,86.8,76.3,79.1,66.4,77.9,23.1,18.7,53.4,29.5,31.2,32.5,36.8,47.7,5.4,30.3,33.2,138.2,35.3,33.8,11.5,19.2,55.9,161.2,61.6,34.1,40.7,68.5,72.1,28.9,34.8,106.0,99.1,27.5,16.4,5.5,62.5,15.2
20.7,34.8,30.3,41.8,92.7,34.8,136.5,85.9,87.3,74.7,76.5,57.2,76.6,25.0,19.6,55.3,30.7,34.3,37.8,36.1,44.4,5.8,31.9,34.1,135.5,37.1,32.3,13.7,20.7,53.8,158.0,57.0,33.5,44.0,69.7,75.7,28.5,37.9,104.7,95.2,29.4,13.7,9.1,59.5,15.7
20.5,36.1,28.5,42.3,90.6,34.4,141.5,90.1,85.8,73.3,77.5,55.2,71.4,24.2,18.7,52.9,29.3,35.4,39.1,35.2,45.1,6.2,31.6,34.9,140.4,38.0,34.4,15.2,21.4,54.2,163.4,56.8,36.9,45.2,69.9,77.0,31.4,39.8,105.8,98.2,28.1,13.5,8.1,58.2,15.4
19.5,37.0,25.5,42.6,88.6,32.3,141.0,85.1,85.1,71.0,80.2,55.9,71.6,23.3,19.5,56.2,30.6,35.9,40.3,34.7,47.8,6.4,30.1,32.9,140.7,35.2,34.1,15.8,23.0,57.3,163.7,51.9,35.6,43.5,64.7,68.9,29.9,38.1,107.3,100.4,28.2,15.5,7.8,53.8,15.1
19.9,33.6,29.5,42.9,98.1,36.0,133.0,94.7,91.6,82.4,73.7,57.9,74.3,23.4,18.7,52.8,29.5,34.8,37.5,37.3,43.7,5.0,30.3,32.8,131.3,35.8,31.5,13.0,20.0,50.9,152.5,60.7,34.4,42.5,80.9,84.2,28.4,36.8,100.7,92.8,26.0,13.3,7.7,63.5,14.3
19.1,35.7,26.0,41.5,90.2,33.8,132.1,81.2,84.5,69.2,71.1,59.5,69.5,21.5,18.0,52.8,28.1,34.5,38.2,35.6,42.4,5.6,30.6,34.1,131.4,36.1,30.8,14.1,20.2,50.8,153.6,56.1,36.2,41.0,63.4,65.3,30.7,35.8,97.7,92.8,26.1,16.9,4.8,51.8,14.8
21.0,34.8,27.5,42.5,93.9,36.3,136.2,86.5,84.9,76.5,75.7,58.3,68.8,23.3,19.4,56.0,31.0,32.1,35.3,37.4,45.4,6.6,30.7,33.8,135.5,37.3,32.0,13.0,19.9,51.5,159.7,56.4,34.9,40.2,69.0,68.8,32.2,37.5,101.5,96.1,25.0,15.8,4.6,58.1,15.2
19.8,36.3,28.0,42.7,94.5,34.9,135.3,91.8,89.6,77.2,77.5,57.2,67.9,22.9,18.4,54.5,30.1,36.8,39.9,35.7,44.8,5.7,32.2,34.5,134.4,35.8,32.1,14.0,20.0,51.1,157.3,55.4,35.8,41.9,70.2,79.2,31.0,36.0,101.1,96.2,24.1,13.1,4.8,58.7,15.0
20.5,33.5,28.2,43.0,92.9,36.8,130.3,89.7,88.9,76.6,71.5,59.0,69.7,22.5,17.0,54.6,28.8,35.5,36.8,37.0,42.3,5.4,31.0,33.1,130.1,36.0,31.4,13.2,21.8,51.5,153.3,56.5,34.5,39.8,68.8,73.8,32.3,38.0,97.3,92.0,24.9,13.7,5.7,57.9,14.0
19.8,35.8,27.5,42.3,86.8,34.7,136.2,85.3,84.5,71.8,79.4,52.7,66.5,22.5,19.0,53.9,30.2,32.5,36.8,34.9,46.5,5.9,30.8,33.6,136.2,33.5,33.3,15.9,21.7,54.2,158.6,52.3,33.4,40.6,69.2,72.5,29.4,36.5,104.5,97.5,25.8,13.1,6.9,53.6,14.0
21.5,36.5,25.5,42.9,92.0,38.6,138.0,89.2,85.1,75.1,72.6,58.0,66.2,22.5,18.1,54.4,28.5,36.0,38.6,35.7,42.1,6.2,31.8,34.8,136.6,35.8,32.0,14.7,21.5,51.5,160.9,56.1,40.8,45.3,68.9,77.0,36.0,39.6,98.4,94.3,25.4,14.7,4.5,59.0,14.7
19.5,32.2,24.0,38.7,87.8,33.2,141.4,83.9,82.8,71.9,78.4,60.2,71.7,22.7,17.9,53.6,28.8,34.7,36.0,33.9,45.3,6.4,29.9,32.5,141.8,35.4,34.4,13.5,19.8,55.4,163.2,49.6,35.6,41.6,64.5,71.2,29.0,35.3,107.3,101.6,28.1,17.6,6.5,50.3,14.8
20.8,35.9,29.1,41.9,96.3,36.4,139.5,86.2,87.2,73.4,78.0,59.0,74.0,23.1,18.0,54.0,31.2,35.9,39.0,37.0,46.0,5.0,31.5,34.0,138.5,36.9,34.0,14.5,21.3,56.2,160.7,61.4,37.0,44.4,67.6,73.8,31.8,39.3,104.2,96.4,26.1,13.5,7.7,63.1,15.1
19.8,30.1,24.7,37.8,87.9,32.5,134.8,84.1,77.0,72.1,74.5,58.0,73.1,22.0,16.9,52.5,27.9,31.6,33.2,33.5,45.1,6.1,30.4,32.8,133.9,35.8,31.8,11.8,18.3,50.9,156.9,52.3,35.1,42.2,68.1,71.2,28.4,35.3,101.3,95.2,27.0,14.1,6.5,50.1,14.4
19.4,32.1,27.5,40.6,89.1,33.8,130.5,85.0,84.0,76.9,72.8,54.2,70.0,22.2,17.2,51.0,27.4,32.5,34.0,33.1,41.6,6.0,29.2,31.8,129.3,34.0,30.7,12.3,20.5,48.6,150.2,53.0,32.3,40.0,70.3,73.1,27.7,37.2,98.6,90.4,27.4,13.9,6.8,49.9,13.9
21.3,34.7,29.7,43.0,99.8,39.6,144.2,98.9,89.3,82.8,80.7,59.7,74.9,24.0,17.7,54.8,30.6,36.8,39.5,39.6,48.1,6.9,32.6,36.1,144.0,37.4,34.4,12.9,22.0,55.9,165.5,60.9,37.0,44.6,80.3,87.5,29.2,37.7,108.8,102.1,27.4,15.6,7.8,71.3,14.8
20.1,35.0,25.0,40.0,92.4,34.4,137.5,87.1,83.5,75.9,74.8,63.4,78.1,22.5,17.1,54.2,29.0,32.5,36.3,34.5,45.3,6.1,29.3,31.9,136.8,36.0,32.0,13.7,20.8,51.5,160.5,54.1,33.5,41.4,72.4,72.2,30.2,38.6,104.5,97.2,30.0,14.7,7.7,55.0,14.2
22.5,36.7,27.5,44.0,97.9,36.7,149.3,92.9,89.4,79.9,80.5,58.9,74.9,23.4,18.7,55.0,32.3,34.8,37.2,37.6,46.9,6.9,31.3,34.6,148.0,40.7,37.1,13.9,21.5,59.3,171.8,57.5,39.9,47.9,72.7,83.2,35.0,43.5,110.7,102.5,30.1,15.2,8.2,65.8,15.7
19.6,34.1,25.1,40.6,87.4,32.1,137.7,84.7,82.1,71.3,77.4,58.5,66.2,22.5,18.5,52.6,30.5,33.8,36.0,33.7,46.0,6.3,29.2,32.2,137.1,36.4,34.4,12.1,19.4,55.5,159.2,52.3,36.8,41.0,64.8,66.3,32.0,35.8,102.6,99.5,24.9,15.2,4.1,49.9,14.7
21.5,36.0,30.0,45.1,101.2,35.5,141.1,95.4,95.2,84.1,74.6,61.7,80.4,24.7,19.2,54.8,30.6,37.4,39.4,37.2,44.7,6.5,35.0,36.8,140.0,38.5,34.6,15.0,22.8,53.9,163.5,59.9,36.2,45.7,83.0,93.1,32.8,42.5,106.1,96.9,29.9,15.9,10.0,67.6,15.1
19.8,31.2,24.8,37.0,84.4,33.4,134.7,79.6,77.1,69.6,72.3,55.5,75.8,21.8,17.3,53.7,28.9,31.8,33.8,34.7,42.9,5.9,28.8,31.8,132.8,32.7,32.8,12.7,19.4,52.4,154.9,50.8,33.5,43.9,68.7,72.9,27.3,38.0,102.6,91.8,29.0,14.3,10.3,48.0,14.3
18.7,37.2,25.3,42.4,87.0,31.7,139.6,84.5,80.0,71.2,82.0,54.2,67.0,22.3,18.1,53.4,29.1,31.6,36.0,34.2,47.8,4.9,29.4,32.9,138.7,33.3,34.7,14.5,20.8,56.1,159.8,51.2,34.8,41.4,68.1,70.5,29.8,36.2,106.3,100.1,25.1,12.5,6.4,51.3,14.8
19.7,35.8,24.8,42.4,93.7,32.2,148.3,83.0,85.1,71.5,81.5,60.1,69.6,21.4,17.6,53.9,29.6,31.5,34.0,35.5,47.3,5.7,29.3,33.1,147.0,34.9,35.5,14.4,21.3,56.9,171.5,55.0,41.1,45.6,62.6,69.0,35.5,40.8,108.9,104.1,26.8,17.5,4.6,55.4,14.1
21.0,37.2,29.6,42.8,98.8,36.5,145.7,88.3,86.4,74.0,82.9,59.3,71.2,23.5,18.0,56.0,31.4,35.3,38.6,36.9,47.2,5.6,31.3,35.8,144.6,38.3,36.0,15.1,21.8,58.8,168.9,60.4,36.4,42.7,68.3,74.1,32.0,38.1,111.5,104.8,28.8,17.3,6.3,65.3,14.9
21.1,36.0,26.3,41.0,100.2,33.7,140.3,86.8,84.1,76.2,75.6,58.5,76.7,22.8,17.8,54.6,30.1,32.6,37.0,35.4,43.9,6.3,30.1,33.3,138.2,36.9,33.5,14.9,21.2,54.6,162.2,56.9,38.5,47.9,71.7,86.4,31.1,40.8,104.4,95.5,28.9,14.1,9.5,59.8,14.6
19.6,36.6,26.4,43.0,97.8,32.5,146.0,87.0,89.1,75.4,83.5,61.5,78.5,23.5,19.6,56.4,31.6,34.7,38.4,36.1,50.5,5.4,32.4,36.1,144.2,35.3,35.1,14.8,20.6,60.3,167.2,57.6,34.8,43.5,77.3,80.9,28.3,36.5,113.5,105.7,28.9,15.2,8.5,62.2,15.3
21.7,38.5,29.7,48.0,102.4,38.3,139.6,98.5,97.8,80.2,77.2,60.9,82.0,25.5,19.1,55.8,31.4,35.2,38.0,38.1,45.7,5.9,34.0,37.4,139.5,38.8,34.2,14.8,22.4,55.7,161.2,63.2,32.9,44.2,78.6,88.3,29.6,40.9,108.3,97.0,29.3,13.7,10.4,71.8,15.2
20.3,32.3,27.5,40.0,95.1,35.9,131.3,80.2,81.8,70.5,71.8,56.9,72.4,24.0,19.0,53.3,30.2,32.9,35.2,38.2,42.9,5.6,29.9,31.3,130.8,33.7,31.7,13.8,20.2,52.5,153.0,59.5,33.3,41.9,67.5,73.4,29.0,37.1,99.4,91.0,26.5,12.5,8.4,55.5,14.6
19.3,36.6,26.9,43.9,93.2,33.8,139.4,93.3,87.1,74.8,77.8,56.6,72.1,23.7,18.7,56.2,30.8,36.4,40.8,35.7,45.1,6.2,31.5,34.0,138.4,36.2,34.4,14.8,22.1,55.6,161.6,55.7,35.5,43.4,68.1,72.7,29.2,37.1,104.9,97.2,27.4,14.4,7.7,58.7,14.6
19.0,33.5,25.0,40.3,83.5,32.0,130.8,85.4,84.8,74.4,71.4,55.5,69.0,22.2,17.9,54.7,27.8,34.0,36.4,32.8,43.1,5.9,29.8,33.2,130.0,34.5,31.7,12.6,20.8,52.2,152.6,50.2,33.0,39.9,71.3,73.4,27.0,34.4,99.2,92.5,26.5,15.1,7.0,49.3,14.5
19.0,34.7,27.5,43.2,94.7,34.0,131.6,88.3,86.4,72.0,73.5,56.5,71.5,23.2,17.3,52.8,28.8,36.2,39.1,34.8,43.4,5.7,29.2,31.8,129.6,34.3,31.6,13.3,20.3,51.8,150.8,58.1,31.7,39.6,66.6,69.4,27.1,34.8,100.3,92.1,26.0,13.0,7.9,53.4,14.2
22.1,37.7,28.3,46.7,94.8,38.4,141.0,96.2,94.3,83.3,77.1,59.4,74.2,24.0,19.2,53.3,30.3,40.6,41.3,36.3,45.8,6.5,33.5,36.8,141.6,38.3,34.6,15.4,22.2,56.5,164.2,56.5,36.6,44.5,76.2,81.1,33.6,41.4,106.0,99.2,27.9,13.9,7.5,65.8,15.6
19.7,36.1,26.1,41.3,88.6,32.8,143.3,84.5,80.7,73.9,84.4,55.3,70.5,23.1,18.9,53.5,31.2,32.6,36.8,34.4,51.5,7.0,32.1,35.1,142.5,34.7,33.5,14.6,21.2,55.2,163.4,52.8,35.1,43.2,71.7,75.5,26.8,34.9,110.8,103.4,26.6,11.5,7.9,53.1,14.6
19.5,34.3,29.5,43.6,104.4,34.7,138.8,90.0,89.1,79.1,73.5,63.5,81.5,24.2,17.7,55.4,29.2,35.4,37.3,38.2,44.3,6.4,32.2,34.4,139.0,38.0,32.3,13.4,20.1,51.9,162.0,62.2,36.2,45.2,71.8,84.0,31.8,41.0,104.4,95.5,30.5,14.6,9.7,63.7,14.3
19.9,34.4,26.4,39.6,91.8,35.4,143.8,82.7,77.4,66.8,81.6,57.9,69.4,22.6,17.2,57.0,29.9,28.5,33.0,36.7,48.5,6.6,30.6,34.0,142.7,34.2,34.7,14.3,19.8,56.0,167.3,53.4,36.8,42.4,64.7,71.8,31.5,37.9,108.6,102.4,27.5,16.8,6.2,56.2,14.4
20.9,36.7,28.5,42.7,99.7,37.2,141.2,87.4,86.9,73.4,75.2,61.0,77.0,25.1,17.8,53.2,30.2,31.0,36.2,37.5,44.3,6.2,32.5,35.4,140.2,37.8,33.6,15.0,20.6,56.1,163.5,59.2,38.3,45.7,68.5,77.9,31.4,39.2,103.7,96.5,29.2,15.8,7.7,62.0,15.3
19.6,33.6,28.5,43.5,93.8,33.8,134.8,91.8,92.1,78.8,72.9,55.4,69.5,23.5,18.8,55.2,29.7,35.0,37.3,35.9,43.4,5.7,31.6,34.4,134.0,39.3,32.3,13.0,21.9,52.7,157.0,55.9,35.4,42.3,71.5,81.6,32.3,39.0,98.6,92.5,26.2,15.6,6.8,58.3,15.1
18.9,32.2,22.8,39.4,91.2,32.7,131.2,89.9,84.0,73.1,72.8,57.3,67.1,21.5,17.2,51.8,29.0,32.7,34.2,31.4,43.9,5.5,29.4,30.9,131.8,34.2,31.4,12.5,21.3,51.5,151.8,52.8,34.0,39.4,68.2,71.7,30.3,36.0,98.8,94.1,25.1,14.1,5.5,49.3,13.8
22.3,38.4,29.7,46.0,102.2,38.2,144.5,94.3,93.1,79.6,80.7,58.3,80.7,25.3,19.5,57.8,32.2,34.3,38.4,37.8,47.1,5.8,35.1,37.5,142.7,40.4,34.5,14.0,21.7,57.2,166.0,61.3,35.5,47.4,77.4,89.6,28.9,40.2,110.9,99.4,29.3,12.7,11.8,70.0,15.9
20.6,36.3,28.7,42.6,103.8,35.7,151.6,90.9,89.8,81.1,81.2,63.8,79.8,24.0,18.8,55.8,29.3,35.4,38.5,38.9,49.5,7.1,32.5,35.5,150.4,38.8,35.8,14.0,21.7,55.6,173.8,62.4,40.2,48.5,74.3,81.9,32.4,40.9,112.8,105.3,29.9,17.3,7.8,68.6,15.0
21.1,34.2,29.0,42.0,91.8,36.7,142.1,86.1,87.6,77.0,78.0,56.8,71.5,23.7,18.3,55.4,29.6,31.0,33.4,35.9,46.2,6.4,30.9,33.9,142.0,37.4,33.0,12.6,19.7,54.2,165.3,56.6,35.7,43.2,67.8,73.5,33.1,40.6,107.0,99.7,27.7,13.5,9.1,59.8,15.0
21.2,39.0,30.5,44.1,100.7,37.0,146.8,88.8,87.5,77.8,81.6,67.2,79.2,24.7,19.6,55.1,32.7,33.4,37.8,38.3,48.4,6.0,31.9,35.1,146.7,36.9,35.6,15.4,22.4,58.5,168.8,63.2,38.8,45.3,71.5,74.1,32.2,37.6,110.8,105.3,27.6,17.9,6.0,69.3,15.1
20.7,31.7,22.7,37.5,90.8,34.6,138.6,79.2,78.2,69.8,77.3,51.2,70.1,21.7,17.8,53.4,30.1,28.3,31.5,33.8,45.9,5.3,28.8,31.5,137.1,32.3,33.2,12.6,17.8,55.4,158.5,52.6,34.9,44.7,64.9,75.9,27.9,37.3,105.4,96.0,27.5,12.1,9.7,52.3,14.6
20.7,37.1,32.3,47.2,103.4,35.6,137.3,97.3,94.1,81.0,73.5,65.0,79.5,24.8,19.2,56.3,30.1,39.2,41.8,38.0,44.5,6.3,33.8,37.4,136.6,40.2,32.3,14.4,20.7,51.4,158.5,66.2,35.1,42.4,78.5,81.3,30.0,37.8,104.7,96.6,29.0,15.2,7.3,69.6,15.2
19.3,34.1,26.0,41.5,92.8,32.2,134.1,82.8,83.5,70.3,74.5,55.8,65.6,22.5,18.3,52.2,28.6,33.5,36.3,33.8,44.0,5.8,28.9,31.8,133.4,35.6,33.0,13.3,20.7,53.0,156.1,54.3,35.4,40.5,69.3,77.8,32.1,36.8,99.1,95.0,24.9,13.4,5.2,51.0,14.7
19.0,34.4,27.7,42.9,90.3,36.8,131.5,85.1,86.5,74.6,72.1,54.9,69.9,22.1,18.1,55.8,29.2,35.0,36.6,36.9,43.1,5.6,32.3,35.7,130.2,35.7,30.8,13.0,20.2,51.1,153.5,56.8,35.0,43.0,71.3,73.0,29.2,36.7,98.3,90.7,25.7,12.7,7.7,55.2,13.9
21.6,34.0,30.3,42.6,103.6,35.8,140.6,88.9,88.4,76.7,78.6,66.4,83.0,24.7,20.1,56.8,32.3,36.3,39.9,39.8,46.9,6.1,33.5,35.5,140.1,37.9,35.8,13.3,19.9,57.8,163.6,63.4,32.3,41.2,77.4,85.6,27.5,36.1,109.8,101.1,29.3,17.0,7.8,71.2,16.2
20.0,34.0,29.4,43.0,94.8,33.1,142.2,90.8,87.9,76.6,76.7,62.3,74.8,23.6,17.9,54.5,30.0,33.7,36.4,35.3,47.3,5.5,32.0,35.2,140.7,36.8,33.4,13.5,20.5,55.6,163.0,57.2,38.1,44.4,70.8,76.3,32.9,39.2,104.9,98.9,26.0,15.1,6.2,59.4,14.9
20.1,35.8,23.0,39.2,85.0,31.3,133.3,80.3,77.9,70.5,72.6,55.3,67.0,20.8,18.3,53.0,28.3,31.2,35.5,32.0,42.3,6.5,28.1,31.5,133.0,33.4,33.0,14.7,21.4,51.4,155.9,48.4,35.5,41.2,63.4,65.7,31.1,36.9,99.4,92.9,27.7,16.4,5.5,47.1,14.2
19.3,36.2,26.3,41.3,88.4,32.4,138.2,83.8,83.1,71.2,75.2,58.3,69.3,22.0,18.3,55.0,28.2,35.7,38.5,34.3,43.9,5.0,30.3,33.3,137.6,34.5,31.8,14.4,21.2,50.4,160.9,52.2,36.9,41.8,65.2,67.5,32.4,37.5,102.8,97.7,28.5,17.9,5.5,52.1,14.2
22.2,36.5,29.3,43.1,95.3,36.8,135.7,90.2,90.0,76.8,74.5,62.2,72.5,24.8,20.0,54.2,30.6,35.1,38.3,37.5,44.5,6.4,31.2,34.4,135.8,37.0,31.4,14.8,19.5,53.2,158.3,55.5,35.7,41.2,67.5,73.5,31.9,37.2,100.8,96.2,27.8,16.5,5.3,60.4,15.5
19.4,33.7,29.5,42.4,90.6,35.0,137.4,85.7,87.3,76.7,79.9,58.0,67.4,24.7,19.3,57.3,32.1,32.2,35.0,35.7,47.9,6.7,30.5,34.6,137.6,37.5,33.7,13.0,20.4,56.0,161.2,54.0,34.7,39.9,69.1,70.1,31.0,36.1,105.2,99.0,24.7,14.2,5.3,58.1,15.5
18.8,34.0,26.0,41.8,89.8,32.9,135.9,85.8,84.4,71.8,77.0,58.5,70.5,24.0,19.0,54.1,30.5,32.5,34.6,34.7,45.6,6.3,31.6,35.1,135.0,37.1,34.7,13.0,19.9,53.9,158.2,51.9,33.1,39.3,69.4,75.0,27.4,34.1,103.7,97.2,27.2,15.7,5.7,53.2,15.2
20.2,35.0,27.2,44.5,100.5,33.3,143.7,95.9,92.1,80.3,76.2,64.5,86.1,24.0,18.6,55.7,30.8,35.5,38.0,36.9,46.8,6.8,31.9,34.3,142.0,36.4,33.4,12.9,21.4,54.0,166.4,58.3,35.5,47.5,74.6,87.2,29.8,41.5,108.7,98.2,30.4,14.5,10.2,66.5,14.8
19.0,33.5,24.5,41.5,91.1,33.7,129.2,86.3,84.7,73.6,69.7,59.1,69.4,21.3,18.6,51.7,29.7,34.2,37.2,34.3,41.5,6.3,28.4,32.1,128.5,32.9,30.5,13.6,19.2,50.3,150.0,55.8,35.1,40.5,65.1,67.1,30.7,35.7,95.1,89.7,24.7,12.7,5.1,50.7,14.2
20.6,33.1,28.5,42.7,93.6,34.8,141.4,91.8,87.2,72.4,77.8,58.0,74.8,24.1,18.4,53.7,32.1,32.1,35.6,34.0,46.1,6.5,31.7,35.7,141.1,38.4,34.0,12.7,19.3,54.7,164.5,58.2,36.2,45.2,72.5,82.4,32.1,41.5,106.4,96.9,28.2,12.1,8.9,62.4,14.9
22.1,38.2,28.5,44.2,102.0,37.2,144.1,92.2,88.7,80.5,75.8,66.2,79.1,24.2,17.8,56.5,30.0,35.6,39.6,36.9,45.8,5.5,32.3,35.3,143.2,36.0,34.0,14.9,22.4,56.4,166.8,63.0,39.9,46.5,73.5,80.2,33.0,39.5,106.4,99.6,29.2,18.5,6.5,68.3,14.8
18.7,36.1,27.5,42.8,92.8,33.3,144.8,87.1,88.3,75.6,84.6,59.0,62.1,23.2,18.0,54.2,29.2,34.8,38.9,33.4,49.5,7.4,31.3,34.3,142.6,37.7,35.9,14.0,22.0,58.4,165.4,56.5,39.5,41.4,71.4,73.3,34.0,36.2,106.3,104.1,23.4,13.3,2.1,58.9,14.4
20.2,35.5,31.5,44.9,106.6,36.7,141.0,99.5,93.1,87.3,74.8,66.8,89.5,25.5,19.5,54.3,30.1,35.3,36.8,37.3,46.4,6.1,33.1,35.0,140.0,40.7,34.7,13.2,21.7,57.1,163.7,64.7,32.8,44.5,84.7,86.0,28.0,39.6,110.2,99.3,34.4,15.8,11.0,72.4,15.6
20.0,36.3,28.2,43.8,99.3,36.2,147.6,94.0,91.5,78.2,79.2,66.3,77.8,24.4,19.2,53.7,30.7,38.5,40.5,36.6,47.2,6.8,31.0,33.1,147.2,39.2,37.6,15.5,22.2,59.9,171.5,59.9,40.2,45.7,68.2,73.4,35.6,41.9,109.1,103.6,28.6,17.7,5.3,65.0,15.7
19.5,32.1,24.9,38.0,86.1,33.2,137.4,81.0,79.0,70.3,73.1,54.2,67.1,22.5,17.7,52.7,28.9,29.5,32.1,33.3,43.1,5.9,29.0,31.3,136.0,33.5,31.9,13.0,19.5,52.3,160.2,49.9,38.7,45.2,62.3,68.0,34.6,41.7,100.4,93.5,27.2,14.7,7.2,48.0,14.5
21.4,35.7,24.5,39.7,93.3,35.1,146.8,87.8,82.0,73.4,80.5,64.0,77.2,23.2,19.1,52.4,31.5,32.0,35.0,36.4,49.3,7.6,31.7,35.0,146.0,35.5,34.7,13.1,19.7,56.7,169.4,53.7,37.2,44.0,67.7,74.4,31.5,38.4,111.0,104.7,29.8,17.7,7.4,58.4,15.5
19.8,35.5,24.4,42.8,94.2,34.8,145.8,86.8,84.3,74.1,76.7,57.7,76.7,22.2,18.7,55.0,30.0,33.5,36.0,35.2,45.5,7.1,32.6,35.3,144.0,37.3,32.8,13.8,21.4,53.9,167.4,54.0,39.7,49.1,71.7,84.4,31.6,41.7,107.5,97.1,31.0,14.4,9.2,59.4,14.5
22.5,34.7,28.2,41.8,91.8,36.8,133.1,89.8,83.8,72.0,70.3,56.3,68.7,24.8,18.5,56.2,30.4,33.1,35.5,37.5,41.5,6.7,31.0,34.4,132.1,36.2,31.8,12.9,23.5,51.9,154.8,54.7,37.6,44.4,66.2,74.7,31.4,38.1,97.5,91.1,27.0,14.8,7.0,56.8,16.2
18.2,33.8,23.7,38.9,90.3,30.9,140.3,85.7,80.5,74.8,79.3,52.8,65.3,22.5,18.9,54.3,29.3,33.7,37.2,33.5,47.7,6.0,29.8,32.3,139.2,33.8,35.6,14.3,18.9,57.9,160.1,52.1,38.0,44.9,70.3,77.5,31.1,36.9,104.4,97.5,23.1,10.7,6.6,51.5,14.2
19.7,38.0,26.7,43.5,89.9,34.9,144.4,87.0,86.9,75.3,80.6,58.2,72.2,22.9,18.0,54.1,29.3,37.2,40.4,33.8,48.0,6.0,30.9,33.6,143.5,35.7,34.8,15.1,22.1,55.4,166.1,53.6,37.5,45.0,68.1,69.5,29.3,36.8,109.5,101.9,29.1,14.6,7.3,55.9,14.3
20.0,35.1,25.5,42.9,93.0,35.0,146.2,85.3,84.3,75.2,82.1,54.9,64.8,23.5,18.0,52.6,28.8,35.0,38.4,34.1,47.0,6.4,31.1,34.6,144.8,36.8,36.6,13.6,21.4,58.9,169.3,52.8,40.0,45.4,67.0,73.4,34.1,39.3,107.7,102.6,25.8,15.0,5.6,57.5,14.4
22.8,39.5,30.2,47.7,105.8,39.2,142.6,91.3,92.1,77.7,77.1,65.1,83.9,25.0,20.2,56.2,34.6,36.6,40.2,38.5,44.4,6.1,33.8,37.4,141.8,40.3,34.7,16.5,21.2,55.6,164.3,64.8,36.3,45.0,74.1,81.5,30.3,40.5,108.1,98.7,31.5,15.1,9.0,73.5,16.3
19.0,36.3,23.2,41.0,90.1,30.6,153.5,82.4,81.8,68.8,89.5,59.3,81.8,22.8,18.7,55.6,33.0,34.0,37.5,33.2,53.1,6.4,30.8,33.3,153.2,35.1,38.2,14.3,21.9,60.6,176.2,49.5,35.0,45.6,65.4,73.3,28.9,39.9,119.7,109.7,28.6,11.3,10.5,56.1,15.2
22.6,36.6,31.6,43.9,96.9,36.6,144.0,96.6,88.5,82.6,77.5,60.3,78.3,25.4,19.3,57.3,31.2,31.5,34.3,38.4,46.9,5.8,32.1,35.3,143.5,38.7,35.0,14.2,21.3,57.7,168.2,57.0,38.0,47.5,76.7,80.6,31.6,41.4,108.0,98.5,31.0,15.2,9.6,66.5,15.8
20.9,36.8,28.3,41.2,101.7,35.6,147.7,84.8,83.0,74.5,80.8,65.4,78.0,24.3,18.4,54.9,30.8,31.2,36.3,36.8,48.2,6.3,30.4,33.5,146.4,37.5,35.5,15.9,21.6,55.9,170.5,58.1,38.3,44.8,69.5,78.8,33.1,40.0,111.3,104.7,29.5,18.1,6.5,63.9,15.2
19.8,35.4,27.5,42.7,97.0,33.9,143.1,89.3,87.2,77.8,77.2,61.5,75.5,23.7,18.3,52.0,29.1,36.0,38.2,35.5,45.3,6.2,32.2,35.7,142.0,37.4,34.5,13.7,21.8,54.6,165.7,58.1,38.7,45.4,70.6,73.1,32.7,39.8,105.8,98.8,27.6,16.5,6.7,60.0,14.9
19.3,35.9,27.5,44.6,92.9,33.9,142.0,93.6,91.0,79.6,75.7,62.6,81.8,23.9,17.9,53.7,29.3,35.8,39.1,35.3,45.3,6.5,31.1,34.2,140.3,37.0,33.8,13.8,22.2,53.2,164.3,53.6,34.2,43.8,75.3,77.5,29.0,39.4,108.7,100.0,31.4,16.7,8.9,60.0,14.8
20.3,36.1,29.2,43.6,95.3,34.8,145.0,90.8,90.8,75.3,79.0,59.2,75.5,24.4,18.8,53.8,29.6,33.7,36.8,37.1,47.5,6.5,31.3,35.5,144.5,38.3,35.1,14.5,21.8,55.5,167.9,56.9,36.5,45.0,70.6,76.5,31.4,39.6,109.3,101.5,29.8,15.3,8.0,62.5,15.9
20.9,35.2,30.5,43.8,99.8,37.8,130.9,89.5,91.4,80.4,70.0,54.0,69.1,23.3,18.7,53.7,29.5,36.7,37.4,38.7,41.0,5.7,31.0,33.7,129.7,38.3,31.0,13.8,20.6,50.8,151.7,62.8,39.0,46.7,81.4,91.8,32.9,39.8,94.1,86.3,21.7,10.5,7.4,65.5,14.5
20.3,36.2,27.5,41.9,94.9,35.0,144.3,91.1,87.3,79.2,78.2,58.8,77.5,23.7,18.5,54.7,30.5,33.8,36.4,35.8,46.6,5.9,32.8,35.7,143.0,37.4,33.7,12.6,20.4,55.3,166.3,58.4,37.6,47.2,76.7,79.4,30.8,40.9,107.2,98.1,28.3,15.0,9.0,63.9,14.9
22.2,37.9,28.7,44.5,98.4,38.8,152.6,90.3,90.0,80.1,84.6,63.9,77.7,25.3,20.8,55.9,32.5,35.5,38.7,38.4,50.4,6.7,33.7,36.5,151.3,39.3,36.8,13.8,22.3,59.6,174.5,58.6,40.3,46.8,71.0,77.5,33.7,40.4,113.4,107.0,29.9,16.7,6.8,68.9,16.7
20.9,37.5,27.5,44.1,96.0,36.0,146.2,87.7,88.3,75.8,81.3,61.4,75.8,24.0,18.6,54.5,32.3,34.0,38.0,36.8,49.6,6.2,31.2,33.8,144.3,36.9,35.8,14.9,21.2,59.6,167.4,59.3,37.0,44.5,73.0,72.4,28.8,36.5,110.3,103.2,28.0,15.9,7.2,64.5,15.3
20.1,33.2,29.7,40.2,92.4,35.7,139.5,86.6,84.4,71.3,79.0,54.9,71.7,23.5,17.9,52.5,30.0,35.8,38.1,34.7,45.6,5.2,29.1,32.0,138.1,37.5,33.7,14.7,20.8,54.6,160.2,57.5,34.9,43.3,68.8,69.1,27.9,37.3,106.5,97.9,26.4,14.5,8.6,58.5,14.5
20.3,36.9,27.7,41.3,89.4,33.0,149.8,84.6,84.4,73.2,84.1,57.0,75.1,23.8,19.5,54.4,31.6,35.4,39.7,33.6,50.9,6.3,31.3,36.1,147.6,36.0,34.4,14.9,20.3,58.6,172.8,51.6,38.2,48.1,69.6,71.8,29.7,38.5,113.2,104.6,29.2,12.0,9.1,57.7,15.2
20.1,33.1,27.4,39.6,94.3,33.8,130.9,83.4,83.1,72.6,71.7,60.2,77.5,23.1,17.0,51.9,28.4,34.0,37.5,35.7,43.5,5.8,30.7,33.1,129.7,33.9,30.2,13.9,19.6,49.0,151.6,56.2,31.5,40.8,69.5,76.5,25.4,34.4,101.1,92.5,30.3,13.8,9.3,53.1,14.3
20.9,35.0,30.2,42.5,96.5,35.7,140.5,88.0,87.5,77.6,75.3,58.6,70.1,24.1,16.9,55.3,29.0,30.2,33.8,39.7,44.1,6.4,32.3,35.2,139.6,36.0,32.6,13.4,21.1,51.6,163.7,59.6,39.5,45.5,72.3,81.5,34.6,40.3,102.7,96.9,28.0,14.0,6.1,64.0,14.2
21.7,34.1,27.0,42.5,87.4,36.8,133.8,83.1,83.2,71.7,70.0,59.4,76.5,22.8,18.4,55.0,30.8,32.4,34.4,35.3,42.8,5.8,30.5,33.8,132.8,35.5,30.9,14.3,21.5,50.2,156.4,52.2,33.7,42.5,69.0,67.4,27.7,36.5,100.7,91.6,30.3,17.5,8.6,53.2,15.1
20.5,32.3,25.4,38.0,90.7,34.1,141.5,83.8,80.7,68.0,80.5,56.2,65.0,21.5,17.8,56.2,30.9,28.4,33.3,36.3,46.9,5.3,29.3,32.2,140.3,33.0,32.9,13.7,18.2,52.5,163.7,54.9,38.9,43.1,62.1,67.9,34.0,38.5,103.3,99.4,24.5,14.0,4.1,54.2,14.5
19.3,33.9,24.7,41.7,92.9,34.9,140.3,87.1,83.7,71.2,80.6,55.8,75.2,23.4,17.8,54.5,30.8,33.3,36.5,36.2,47.8,5.9,31.2,34.3,138.8,34.8,34.4,13.0,18.5,56.6,162.3,53.7,32.4,42.1,68.2,72.6,26.6,37.0,108.8,99.3,22.1,13.0,9.3,54.5,14.3
22.2,37.2,27.0,43.5,93.1,37.4,143.6,86.4,86.9,76.7,78.6,59.6,71.3,23.5,18.9,52.9,30.5,33.4,37.8,37.8,47.5,6.7,31.2,34.3,142.1,38.1,34.1,14.5,22.2,56.8,166.0,56.2,37.2,43.5,69.1,71.0,31.6,38.3,106.6,100.9,28.0,16.2,5.6,61.0,15.5
21.6,35.8,29.7,45.1,105.0,38.6,138.2,95.3,96.1,79.2,75.7,61.9,78.2,24.5,19.6,53.7,32.0,38.0,40.1,39.9,45.9,5.8,32.7,36.9,136.4,39.5,33.3,15.0,23.3,54.5,160.0,65.7,34.0,43.3,75.7,86.0,29.0,36.8,105.4,97.2,29.2,14.1,7.6,70.1,15.3
21.0,34.3,27.9,43.9,96.2,36.5,144.8,91.1,89.2,75.0,80.4,61.6,79.0,25.1,19.6,55.0,31.7,34.4,36.1,37.1,46.7,6.6,33.1,36.6,143.9,40.3,35.9,12.7,21.0,57.7,167.3,58.3,34.8,43.0,70.4,73.4,31.7,41.4,110.8,101.8,30.2,14.3,7.8,65.6,15.6
22.1,35.9,27.7,42.8,94.3,36.8,144.3,85.1,86.5,75.3,80.5,57.1,72.0,24.1,19.3,53.9,32.5,34.5,37.7,36.3,48.9,6.1,31.7,35.3,142.9,37.2,35.2,14.6,23.2,58.4,165.7,56.1,38.5,46.4,70.7,73.1,31.4,39.6,107.8,100.3,27.0,15.3,7.0,62.2,15.7
21.0,35.5,27.9,44.0,96.4,36.5,131.9,92.4,93.3,82.4,71.1,58.0,67.9,23.4,17.9,53.3,29.3,37.1,38.9,37.2,42.0,6.1,32.0,34.8,131.1,38.0,31.9,14.7,21.3,51.7,154.5,57.3,36.8,41.7,71.8,82.0,33.3,38.1,96.1,90.6,25.4,13.2,5.7,59.6,14.7
21.1,35.7,28.8,41.7,95.2,33.9,131.4,89.7,85.7,77.2,67.8,60.0,75.8,23.3,18.9,53.3,29.6,36.1,38.8,34.7,42.7,6.1,31.2,34.6,130.1,37.0,29.7,14.4,21.2,50.2,154.0,53.7,36.3,45.0,75.5,80.4,30.2,39.6,97.7,88.9,28.2,15.0,9.2,57.3,15.2
22.5,34.7,31.3,45.9,100.4,38.7,137.8,95.5,96.3,82.1,73.8,61.6,77.3,25.5,20.0,54.8,31.4,40.3,40.2,37.6,44.8,5.2,33.7,36.1,136.6,42.0,32.9,13.0,22.6,54.0,160.0,62.0,35.0,43.4,76.6,82.8,30.0,38.3,104.7,96.1,31.3,16.0,8.5,67.7,15.8
20.4,33.5,29.5,43.9,96.2,33.9,133.3,97.8,94.4,82.1,70.7,58.6,76.4,24.5,19.2,55.1,29.5,39.5,39.3,35.2,43.2,6.1,34.7,36.3,133.0,40.1,33.5,12.6,23.5,53.8,154.1,54.8,34.0,43.3,77.7,83.7,30.3,39.0,100.2,92.1,28.0,13.8,9.4,59.2,15.4
19.4,32.8,28.2,40.8,92.3,33.3,136.5,89.5,85.0,72.6,75.7,63.2,76.7,23.5,16.9,57.0,28.1,29.5,32.6,33.5,44.5,6.3,32.2,34.6,136.0,38.3,33.2,12.2,20.0,52.3,159.2,56.1,33.5,40.2,69.8,78.9,28.6,36.0,104.7,97.5,29.7,13.5,7.5,57.3,14.5
21.4,34.5,28.0,42.8,91.2,35.7,133.9,89.9,89.3,77.0,71.7,59.6,68.0,24.2,16.7,52.1,28.1,38.8,40.0,35.0,44.0,6.2,32.2,35.0,132.9,38.0,31.4,13.3,21.8,50.3,155.4,55.2,38.0,42.5,70.9,75.4,32.3,37.2,96.9,92.4,24.4,13.8,4.4,57.0,15.1
21.5,37.4,28.2,45.2,100.5,37.7,139.7,93.9,91.1,82.6,74.4,66.7,76.7,23.5,18.3,54.4,31.2,36.5,38.5,38.3,45.4,5.3,33.2,36.4,139.6,38.7,32.7,14.2,23.2,53.0,163.3,60.3,35.5,40.6,74.1,74.2,32.1,37.1,105.3,99.9,28.9,19.2,4.8,66.2,15.4
21.1,35.1,29.7,43.2,102.6,37.9,143.4,91.2,88.9,74.5,81.3,62.1,78.1,24.2,19.3,56.0,32.4,34.8,36.6,38.1,47.4,6.1,31.5,34.7,143.6,36.3,35.5,13.3,22.2,59.5,165.9,61.7,34.9,43.9,71.9,79.1,29.8,38.4,110.5,102.6,28.4,16.0,8.6,68.4,15.1
20.0,34.9,25.5,40.3,88.4,35.2,132.1,84.6,79.0,67.5,72.3,59.3,72.5,22.0,17.0,57.1,29.0,32.0,36.2,35.9,43.2,5.4,29.8,32.4,131.7,33.1,30.8,14.1,18.2,50.7,154.8,54.7,33.2,40.0,65.5,67.9,29.7,36.6,100.5,93.2,27.7,16.3,6.7,51.5,13.8
20.1,34.4,29.0,43.3,104.8,35.4,148.4,96.6,91.5,78.5,81.9,66.7,82.0,23.7,18.5,56.1,32.2,33.2,34.8,39.3,48.1,5.6,32.0,34.7,146.7,37.5,35.3,13.3,19.5,58.4,170.8,62.5,36.6,44.4,76.3,84.1,30.5,39.1,113.2,105.3,29.9,18.0,7.8,71.7,14.5
21.0,34.3,29.1,42.5,102.8,34.8,139.2,91.5,87.0,78.9,75.5,65.5,73.3,23.6,18.7,55.9,29.2,34.5,36.8,37.2,45.1,6.9,30.5,32.7,137.7,38.8,33.4,13.8,21.6,55.1,160.0,59.6,39.0,42.7,76.0,83.6,33.7,38.7,101.9,97.5,25.6,18.7,4.4,63.6,15.4
20.7,38.4,30.6,45.8,103.9,37.4,152.2,100.4,93.3,81.3,84.4,64.7,82.7,24.7,20.5,57.4,33.6,37.3,39.9,38.3,50.1,6.2,32.6,36.7,150.0,41.4,36.2,15.3,22.8,59.8,174.6,64.5,39.0,47.5,78.8,85.3,30.3,40.2,115.3,106.8,30.7,17.7,8.8,76.7,16.2
20.3,34.7,27.1,41.8,95.3,35.8,142.5,91.0,86.3,76.4,75.3,60.1,71.2,23.2,18.8,55.2,30.1,35.1,37.8,37.3,46.5,7.0,30.8,34.0,142.4,36.5,33.7,14.3,20.3,53.9,164.6,57.1,40.7,46.2,68.9,77.1,34.0,39.6,103.7,98.1,27.4,16.3,6.0,61.1,15.5
18.9,35.0,29.2,43.7,96.7,32.9,143.3,89.7,88.7,74.2,80.9,62.1,83.9,24.5,18.7,55.5,30.8,37.1,39.6,35.5,48.0,5.7,33.1,36.5,142.0,39.7,34.8,13.1,21.4,57.7,165.5,57.8,35.2,46.4,73.7,86.5,28.6,40.0,110.2,99.3,30.8,13.6,11.8,63.6,15.2
20.1,33.4,27.3,41.5,94.9,33.3,139.7,88.4,85.1,72.9,73.9,60.4,74.0,22.8,17.5,52.3,27.8,36.4,39.3,37.2,43.5,6.4,31.3,34.7,138.7,35.4,32.0,14.1,21.1,51.6,161.0,53.4,37.5,44.5,71.4,79.0,32.3,40.0,102.8,95.5,27.9,16.3,7.0,57.0,14.2
21.5,38.1,31.2,44.5,99.7,38.0,142.0,91.5,89.1,75.0,77.5,63.7,77.9,24.5,18.0,56.6,29.4,34.1,38.6,37.3,45.9,6.5,31.9,36.3,141.6,38.0,34.5,15.2,21.9,55.5,164.3,61.8,35.9,42.7,71.8,77.6,30.5,38.1,107.6,100.5,28.1,17.5,7.4,68.2,15.5
19.3,35.7,29.1,42.3,92.0,34.0,133.3,84.0,89.0,75.2,73.5,59.0,71.0,23.4,19.2,54.9,29.6,33.6,34.9,36.0,43.8,5.7,31.0,34.5,132.8,37.5,32.7,13.7,21.0,54.6,155.4,57.0,34.1,40.0,69.1,70.9,29.8,36.2,100.4,93.8,27.1,13.0,6.4,56.5,15.0
22.0,36.6,28.5,45.1,100.9,37.4,146.1,92.9,90.0,80.5,80.9,65.3,75.1,24.4,17.9,55.3,30.9,36.5,39.0,36.8,48.0,6.3,30.0,32.7,145.7,38.1,35.5,15.1,21.5,57.0,170.0,60.1,38.3,43.0,70.9,79.2,34.0,38.7,109.6,104.8,28.1,17.5,5.2,66.7,14.8
20.6,38.9,32.7,47.5,110.4,37.0,152.6,114.2,110.8,97.7,79.2,67.5,90.5,26.3,19.8,58.7,32.0,42.5,44.2,39.1,48.5,6.4,37.1,39.7,150.6,43.7,35.4,14.3,24.4,55.3,174.6,69.4,40.7,52.0,95.1,109.9,33.0,46.0,114.2,101.6,31.9,14.6,12.1,92.3,15.9
19.3,36.7,26.8,42.6,94.2,35.9,144.3,87.5,86.3,76.2,80.1,60.0,76.1,22.8,18.7,53.8,28.8,37.1,39.0,34.6,47.6,6.8,32.3,34.8,142.4,35.6,35.3,14.0,22.0,56.5,166.0,57.3,36.8,45.2,71.1,76.3,29.7,38.3,109.5,101.8,30.2,16.3,7.8,60.5,14.3
19.3,32.6,26.3,39.5,89.3,31.4,136.1,85.5,85.5,73.1,75.2,54.5,69.5,22.8,17.3,54.7,28.8,32.0,35.1,33.3,44.1,6.1,31.7,35.0,136.0,37.5,33.2,14.0,19.4,54.5,158.2,54.0,35.2,43.2,66.4,72.3,29.7,36.8,102.3,95.3,27.4,14.7,7.7,51.9,14.0
19.6,33.8,27.0,40.7,95.0,33.1,132.8,86.0,85.1,75.0,73.3,56.0,75.8,23.3,17.8,53.7,28.3,32.4,34.0,35.3,43.4,6.7,30.3,32.7,132.2,36.2,31.8,12.9,20.4,52.4,155.2,55.3,35.0,44.8,67.3,81.9,28.5,38.5,100.2,90.4,27.7,12.5,10.0,54.0,14.5
20.5,36.2,26.8,43.0,94.4,32.7,143.5,90.5,87.4,77.3,80.0,60.0,69.8,22.5,18.7,54.7,29.5,32.9,36.5,35.2,47.3,6.0,31.6,35.1,141.8,37.7,35.2,13.4,21.4,56.4,165.8,54.5,37.8,42.6,71.4,78.8,32.2,36.8,107.3,102.0,26.2,18.0,4.4,58.5,14.8
17.3,36.6,27.5,42.9,91.4,31.8,134.4,87.5,85.7,74.0,76.4,59.2,66.0,22.6,17.6,54.4,28.7,33.7,37.5,34.0,45.0,5.3,30.2,32.7,133.3,34.1,33.3,14.8,19.3,56.0,155.3,53.0,34.7,38.7,66.0,68.2,29.0,32.7,101.4,97.2,24.2,14.6,3.5,52.1,14.3
19.6,34.0,21.3,37.0,81.5,29.0,134.4,82.7,76.1,67.9,74.4,52.2,65.0,20.5,18.2,51.8,28.9,29.8,33.6,31.5,45.1,6.4,27.5,30.0,132.4,31.8,32.3,14.1,18.6,53.4,156.2,45.4,36.2,42.6,61.0,67.5,31.6,38.1,100.4,94.8,26.0,13.8,6.6,41.8,14.4
21.1,39.1,28.8,46.7,97.7,36.5,141.6,93.6,92.4,78.7,79.8,58.0,73.6,23.7,18.5,55.7,31.3,38.5,42.8,39.3,48.7,6.3,33.3,36.9,141.3,37.5,37.0,15.7,22.4,60.1,162.9,60.8,36.8,44.7,74.3,84.0,29.5,37.3,106.9,99.3,26.5,11.3,7.8,67.7,14.8
18.8,35.8,25.9,43.7,99.0,32.3,146.5,89.0,86.4,70.4,84.0,59.9,77.4,22.6,17.8,54.7,30.3,36.3,39.9,37.4,49.9,6.3,30.5,34.9,144.6,37.2,36.5,13.0,21.4,59.3,169.1,59.8,37.2,45.4,73.6,82.3,28.4,38.3,111.4,103.4,28.4,13.3,8.0,61.6,14.2
19.1,35.5,24.9,40.7,87.2,30.5,134.0,83.0,80.3,69.4,74.6,54.2,61.3,20.4,18.3,51.0,28.5,34.1,37.5,31.7,44.6,5.8,28.4,30.8,132.0,34.4,32.7,14.4,20.0,52.7,154.6,49.4,38.4,42.0,65.0,75.5,31.6,36.1,96.3,92.8,22.2,11.3,4.1,46.3,13.8
18.6,34.7,28.0,40.2,90.0,31.6,138.6,86.1,81.8,72.9,76.5,56.5,72.1,23.3,18.9,52.8,31.4,30.5,32.9,34.7,46.6,5.4,28.9,31.8,136.7,37.3,33.2,14.7,20.2,53.7,158.4,53.2,36.3,44.1,68.9,76.1,29.5,38.3,104.2,96.4,26.0,14.0,7.2,54.6,14.8
18.7,33.5,27.5,40.7,92.8,34.2,139.3,88.0,84.9,75.7,78.8,56.2,70.5,22.7,18.3,55.1,29.5,36.2,38.9,35.5,46.3,5.8,30.8,33.6,139.1,35.3,34.0,14.5,21.3,54.6,161.2,54.7,34.3,41.4,68.1,75.3,29.7,37.0,106.4,99.3,26.9,12.5,7.4,57.1,14.8
20.2,35.3,23.2,40.6,89.1,32.2,137.5,86.0,77.4,69.7,72.5,60.0,67.8,21.1,17.4,55.2,29.2,32.7,34.8,34.0,42.9,6.0,29.9,33.0,134.8,32.5,33.5,14.3,20.0,54.0,158.6,49.6,40.0,44.5,61.2,63.6,33.0,36.4,99.2,95.6,27.1,17.0,3.9,49.6,14.2
20.6,35.9,29.0,43.4,96.7,36.0,137.8,85.2,84.2,76.3,75.8,63.0,73.4,23.4,17.8,55.7,29.1,33.0,35.6,37.1,45.8,6.2,30.9,33.6,136.8,37.3,34.2,14.7,22.0,54.0,159.6,59.8,36.8,41.6,68.4,72.1,31.2,37.1,102.4,97.6,26.0,15.8,5.3,59.7,15.0
22.2,37.2,31.0,44.9,103.9,37.5,147.2,92.4,90.6,78.1,81.1,65.2,76.4,25.5,19.5,56.5,31.9,36.0,39.5,40.7,49.0,6.9,32.4,34.9,147.2,40.2,36.1,15.2,21.9,57.7,171.6,62.5,38.2,44.5,71.3,77.4,31.6,37.2,110.8,104.8,28.8,18.2,6.5,71.6,15.6
19.7,34.7,25.9,40.7,86.7,33.0,138.5,82.8,82.5,74.0,77.2,56.2,70.4,22.2,17.9,55.8,28.0,31.5,33.3,35.1,45.7,6.3,30.1,32.8,137.4,34.4,33.3,13.8,20.0,53.0,161.1,52.9,35.1,42.7,64.4,66.8,30.5,38.0,105.8,98.0,28.3,13.7,7.8,52.3,14.1
20.5,37.0,26.3,43.9,93.0,35.4,141.4,81.4,86.1,73.2,73.7,59.2,74.5,22.9,18.3,53.5,29.3,36.1,39.2,32.9,44.1,5.9,31.2,35.4,140.2,35.0,33.5,14.4,21.0,54.5,165.3,54.7,38.6,46.7,67.6,69.7,33.4,42.1,103.5,95.6,28.8,14.8,8.1,56.2,14.7
21.4,34.6,28.5,43.1,95.5,37.6,130.6,87.9,87.4,78.2,70.0,59.4,73.6,24.5,19.5,52.7,31.1,36.0,37.2,38.2,42.0,6.2,30.7,34.8,129.8,38.8,31.1,12.4,21.4,50.2,150.8,58.6,32.9,40.2,72.6,78.5,28.6,36.4,98.4,90.4,27.2,12.3,8.0,59.1,15.3
20.3,37.2,26.5,44.5,96.5,34.2,147.2,85.2,84.6,72.0,78.8,61.6,82.6,24.6,18.5,52.5,31.1,32.3,36.0,39.4,46.0,6.7,31.6,35.0,146.1,36.5,34.6,15.0,21.5,55.0,172.2,57.6,35.7,46.2,67.6,71.1,30.4,41.0,112.4,102.4,32.6,17.1,10.6,60.9,15.4
19.5,37.0,27.5,44.3,93.5,33.8,139.8,89.4,90.2,73.4,78.7,56.4,69.8,24.5,17.8,54.1,30.3,34.5,39.0,35.7,46.8,5.5,31.0,35.1,138.1,35.5,34.1,16.0,20.9,55.2,161.2,54.3,36.0,43.6,71.8,75.3,29.8,37.3,105.4,98.2,25.8,12.8,7.2,57.3,15.0
19.7,34.3,29.5,40.8,90.8,32.7,135.4,88.2,85.1,76.7,73.1,56.8,71.0,24.2,17.6,53.7,29.2,33.0,34.5,36.4,44.0,5.8,32.7,35.6,134.2,35.6,30.4,13.5,19.0,50.4,157.0,56.2,34.7,42.0,72.1,69.8,29.3,36.9,102.4,95.1,27.6,14.5,7.4,55.5,14.3
22.3,36.0,28.0,41.3,97.6,35.0,150.9,88.3,85.5,74.2,80.2,65.9,80.2,23.9,19.4,54.4,32.7,31.8,35.9,37.6,50.0,7.0,31.8,35.0,149.8,37.4,36.0,14.4,20.8,58.1,174.0,58.6,39.9,47.2,66.8,74.1,34.1,42.0,112.4,105.5,31.8,16.5,7.0,64.5,15.5
21.7,36.5,29.5,44.4,98.2,37.2,144.4,95.7,93.8,79.4,79.4,60.5,76.3,24.2,19.6,55.3,34.2,35.2,38.4,38.6,46.7,6.3,31.9,35.0,142.5,38.8,32.7,15.0,20.9,55.1,167.4,59.9,37.0,45.4,74.1,76.1,31.2,39.6,108.3,99.7,28.7,14.5,8.1,68.4,15.7
19.9,37.4,27.1,44.0,95.4,32.7,144.7,91.2,90.3,75.7,84.0,56.0,70.7,23.4,18.7,56.3,30.4,36.2,40.4,35.6,49.6,5.6,32.0,34.9,143.6,38.5,35.4,15.2,21.5,58.5,166.4,54.6,36.1,43.9,72.8,82.0,29.7,37.4,110.3,102.7,26.1,12.3,7.9,60.0,15.4
21.2,37.7,28.5,43.8,93.8,35.2,142.6,91.3,91.1,79.3,78.7,59.0,73.9,24.0,20.2,52.8,32.8,35.5,40.1,36.2,49.2,5.7,31.7,34.7,141.7,38.4,34.7,15.6,20.5,58.4,163.2,54.0,35.8,43.7,75.1,71.8,29.9,37.5,108.2,100.5,27.7,14.8,7.4,60.4,15.8
20.2,33.7,27.5,40.7,92.1,36.2,136.0,81.2,81.9,69.2,76.3,55.0,68.8,23.5,18.1,57.0,29.6,32.3,34.9,38.4,43.6,6.2,30.1,32.8,134.6,36.7,32.2,12.5,19.6,52.0,158.4,55.4,34.6,42.2,65.0,70.3,29.4,36.0,102.1,95.2,27.3,12.9,7.2,56.1,15.2
18.7,34.5,25.9,40.8,95.2,32.8,143.2,84.8,85.3,74.3,80.7,56.4,78.8,23.3,17.7,51.7,29.3,32.8,36.5,36.1,47.4,6.7,30.0,33.2,142.5,36.0,35.0,14.9,21.1,56.4,167.2,55.5,33.2,44.8,71.8,77.0,27.5,39.1,111.3,100.5,31.2,15.6,11.3,56.0,14.5
22.2,37.9,29.5,44.5,101.0,37.4,143.1,92.3,92.2,80.8,75.4,65.8,75.7,24.2,20.1,55.3,30.6,35.4,39.4,37.1,45.5,6.5,31.9,34.7,142.4,41.0,33.7,15.8,23.2,53.7,166.3,59.6,38.0,43.2,74.0,76.5,33.0,38.2,105.6,100.3,28.8,18.3,5.3,67.6,16.2
20.0,34.2,27.3,40.7,89.6,34.5,135.5,81.1,82.9,71.2,73.6,56.2,69.1,22.5,18.1,54.0,29.5,34.6,36.7,33.9,43.2,6.7,29.5,32.8,135.0,34.9,31.4,13.8,22.3,47.8,158.4,52.6,35.7,41.7,62.6,66.2,30.4,36.9,100.4,94.5,26.5,16.3,6.0,50.7,14.2
19.1,34.5,23.4,39.8,86.5,29.9,140.1,81.5,80.8,70.5,76.6,52.8,71.6,21.1,18.4,55.3,28.7,29.6,33.4,32.2,42.9,5.8,28.0,31.6,139.8,34.9,33.4,14.3,20.3,54.6,162.5,47.8,35.8,45.3,63.3,69.9,30.3,40.3,105.1,96.1,31.0,16.5,10.8,47.1,14.5
17.8,35.8,26.2,40.8,93.4,32.2,141.4,86.1,82.1,74.2,77.5,57.5,74.2,23.0,17.2,53.7,28.3,33.1,36.9,36.5,46.6,5.7,32.0,35.0,139.3,34.9,33.0,14.5,20.9,55.1,161.8,57.3,36.9,45.7,68.7,71.0,28.4,36.9,106.1,97.9,28.2,14.7,8.4,55.2,13.7
21.2,35.4,28.1,41.4,97.6,34.9,147.8,87.5,86.3,71.5,81.6,59.0,75.5,23.4,19.0,56.1,31.4,35.4,38.5,37.9,46.6,6.1,31.4,34.0,146.9,35.4,34.4,14.7,21.7,55.3,170.3,58.2,37.9,46.0,64.9,74.4,32.5,41.2,110.6,103.0,29.8,16.4,8.4,61.6,15.6
20.2,38.9,33.1,48.7,108.3,39.5,149.3,99.2,99.2,82.3,83.2,62.8,88.3,27.0,19.8,56.3,32.5,38.3,40.3,41.8,48.4,6.7,33.2,37.3,148.3,43.2,35.1,14.2,23.3,58.8,170.6,67.7,34.1,47.5,85.5,96.1,29.4,42.6,116.8,105.1,32.9,11.5,12.7,82.0,15.4
21.0,35.8,29.3,42.5,104.3,37.2,149.8,98.7,91.9,72.1,86.0,64.8,79.0,24.8,19.6,56.3,32.7,36.9,39.7,38.5,51.2,6.2,31.4,35.7,148.3,39.0,36.2,13.8,20.4,59.1,172.2,64.7,36.8,44.1,70.4,79.6,30.0,37.1,115.0,108.2,28.6,16.1,6.9,72.0,15.5
20.4,38.4,31.1,49.2,107.0,35.8,150.5,106.0,100.3,90.7,83.5,58.8,86.4,26.0,20.7,55.6,33.5,37.5,38.5,37.7,49.9,6.5,35.9,37.9,148.7,44.1,37.4,14.8,20.6,61.3,173.4,65.4,37.4,51.4,91.8,105.1,31.9,45.9,115.0,100.3,29.1,11.1,12.8,83.9,15.8
21.5,36.1,30.5,44.7,102.1,36.3,146.7,92.0,88.8,81.5,81.7,64.4,82.7,25.1,18.8,54.8,31.3,35.6,40.1,39.6,49.6,7.3,31.8,35.0,144.4,39.8,35.2,14.7,21.7,57.3,169.2,62.1,35.9,45.0,79.1,93.4,30.3,39.7,112.1,103.2,28.3,15.0,9.6,71.8,15.5
20.4,39.0,26.0,44.0,98.7,33.9,145.1,84.3,83.4,75.4,78.4,61.2,77.8,22.8,18.5,54.5,30.2,32.3,36.4,36.4,47.1,6.7,31.5,35.0,143.4,37.1,33.6,14.9,20.5,54.8,167.6,55.4,39.7,47.9,70.0,84.2,31.4,40.8,107.4,98.7,29.7,14.3,8.7,60.8,14.8
20.4,36.6,28.8,44.3,102.0,41.1,141.9,99.8,94.7,83.8,80.5,57.5,74.3,23.8,18.1,54.3,31.1,37.1,40.3,40.3,49.5,6.6,30.5,33.7,140.8,38.0,35.5,14.1,22.1,57.6,164.4,67.5,35.7,44.8,77.0,89.7,31.1,39.1,107.8,100.2,25.3,13.2,7.9,71.4,14.7
19.7,36.1,24.2,41.0,93.9,32.7,138.0,81.6,82.5,72.4,74.2,65.1,76.6,22.0,18.0,52.3,29.4,32.4,36.0,33.3,41.9,6.0,29.6,33.3,136.6,34.5,32.5,13.5,20.2,51.1,160.3,55.3,35.6,41.8,65.9,67.1,30.7,36.7,103.3,97.9,29.9,19.0,6.0,53.0,14.5
18.5,33.7,29.5,41.7,92.1,33.4,131.4,87.4,86.0,72.5,74.0,53.0,75.2,23.5,19.5,54.3,28.6,34.5,37.2,36.2,43.4,5.6,30.3,33.4,130.4,35.3,30.8,12.3,19.5,51.6,153.0,57.5,31.1,42.1,70.4,80.9,26.0,37.7,101.7,90.6,27.5,10.8,10.4,54.5,14.2
19.9,35.9,28.0,43.2,100.8,34.1,142.9,98.4,89.8,78.2,75.6,57.2,77.2,25.2,18.7,54.2,29.9,37.0,40.6,36.7,47.1,7.1,34.3,36.2,140.8,39.0,34.2,14.0,21.6,55.3,164.8,59.5,40.3,50.4,77.9,94.0,31.2,41.8,106.6,96.4,29.1,11.7,10.7,66.5,15.4
19.8,33.7,25.5,41.0,91.9,34.0,135.0,85.8,84.4,73.8,72.5,54.9,78.0,22.8,17.9,52.5,30.0,34.4,36.4,34.5,42.4,6.0,29.2,31.6,134.2,35.5,32.3,13.5,21.1,50.1,157.3,55.4,34.1,46.8,70.5,85.4,29.3,41.4,102.7,91.2,29.1,12.0,12.4,55.2,14.0
19.5,37.7,26.0,42.5,89.9,34.1,141.4,86.5,85.5,71.3,81.3,57.9,73.5,21.8,18.8,52.4,30.8,33.0,37.1,35.0,47.2,5.9,30.1,34.0,140.1,34.0,33.0,15.4,21.1,55.6,163.4,55.4,33.6,42.3,67.1,68.5,29.7,37.4,108.0,100.3,27.7,15.5,7.7,55.6,13.9
21.1,34.1,28.6,42.9,99.1,35.7,137.9,90.0,86.6,78.0,73.7,65.0,78.3,23.8,19.3,55.3,29.5,34.8,36.9,37.7,44.2,6.1,31.2,34.2,136.7,38.7,32.8,14.5,19.8,53.3,159.6,61.3,36.3,43.6,72.5,76.4,30.7,38.4,103.0,95.5,29.5,16.0,7.1,61.8,14.9
21.9,36.4,30.6,47.0,107.0,38.6,142.3,99.7,97.5,82.8,75.3,65.0,84.8,25.2,18.0,52.7,31.7,37.3,39.5,40.6,45.4,6.3,32.5,36.2,140.7,39.0,34.1,14.2,21.0,57.0,163.2,67.9,38.0,47.8,80.8,93.2,30.5,40.6,107.5,97.2,32.1,13.4,9.5,77.0,15.4
20.0,36.1,25.2,41.7,96.1,33.2,138.3,86.3,85.0,75.1,74.4,58.9,70.3,21.9,17.5,54.4,27.9,32.4,36.8,35.5,44.8,7.2,31.5,33.3,135.8,36.1,33.0,14.2,20.1,53.5,159.4,55.7,38.2,44.0,65.5,71.0,32.1,37.9,101.0,95.0,27.9,16.4,6.6,53.7,14.9
19.2,34.4,28.2,41.6,90.8,32.0,135.5,89.8,88.9,76.8,75.2,54.4,66.2,22.5,18.9,53.9,30.5,34.8,37.1,35.3,44.7,5.6,27.2,29.9,133.5,37.4,33.7,14.2,20.4,53.7,156.2,55.7,39.0,44.4,66.8,75.1,34.2,39.4,97.7,92.0,23.0,15.0,4.7,53.9,14.5
21.5,33.4,29.1,42.5,100.8,38.4,133.3,86.5,82.1,72.1,71.8,60.2,74.5,24.1,18.5,54.7,29.8,30.5,33.0,39.9,42.4,5.9,30.0,32.5,131.8,36.0,33.0,12.1,20.8,53.1,155.3,61.1,34.6,42.0,70.0,78.4,30.1,38.5,100.7,92.2,28.8,14.9,8.4,62.2,15.0
19.5,37.9,25.7,43.6,92.1,32.5,143.5,88.5,86.4,74.6,78.6,56.8,71.0,22.8,17.8,53.2,29.8,35.4,38.1,34.9,46.5,6.0,31.7,34.6,141.7,34.4,32.4,15.4,21.2,55.5,164.6,52.2,39.8,46.6,69.6,72.5,31.7,39.1,107.2,100.1,26.6,14.2,6.7,56.8,14.8
20.8,38.3,27.0,43.8,101.5,35.2,146.0,88.6,88.4,76.5,79.7,61.5,78.7,24.1,17.8,56.1,30.8,37.1,39.0,37.1,46.5,6.4,31.3,35.5,144.4,36.8,34.7,16.5,21.4,57.2,167.8,59.9,40.2,49.2,72.3,82.0,31.4,39.5,110.2,102.0,31.6,15.6,8.6,64.2,15.1
20.0,35.1,26.3,40.5,89.6,32.9,128.8,80.8,79.0,71.4,68.8,55.0,61.5,22.1,19.0,52.7,30.0,32.5,35.1,32.8,40.8,5.3,30.2,32.8,127.3,33.7,30.2,14.0,19.1,49.4,150.1,50.5,37.8,41.6,61.7,65.2,32.8,36.4,92.5,89.0,23.0,15.6,3.1,48.8,14.8
19.3,36.8,27.3,42.5,93.4,35.4,138.4,82.4,85.1,71.8,76.1,58.8,74.6,22.5,17.9,55.5,29.6,35.5,38.1,36.8,44.5,5.7,31.2,34.0,136.7,34.7,34.4,15.9,20.8,56.6,160.5,56.2,35.0,43.1,68.0,71.8,29.0,36.7,104.6,97.0,27.5,15.1,7.2,56.6,14.0
23.6,36.2,30.5,44.5,104.1,40.0,147.6,96.9,94.3,79.7,80.3,67.2,80.7,25.6,20.9,58.1,33.5,38.1,41.0,40.6,48.2,5.6,33.2,36.5,146.2,37.2,36.6,15.3,22.4,58.4,171.2,64.3,38.6,45.2,76.0,81.3,33.3,40.6,111.0,103.2,28.9,18.7,7.2,77.5,16.1
20.5,37.0,29.1,44.2,101.9,35.8,139.6,93.6,89.7,80.5,76.0,60.5,78.8,23.8,18.6,55.6,30.1,34.8,36.7,38.2,44.1,6.2,30.9,34.3,138.4,38.9,33.3,14.3,22.0,54.5,161.5,61.7,36.6,45.5,76.2,87.2,29.2,40.1,104.5,95.3,29.2,16.1,9.2,67.0,15.2
21.5,39.6,31.7,47.4,104.8,37.6,155.0,95.6,89.9,80.8,85.4,64.2,83.8,26.0,19.7,54.2,32.5,37.1,41.4,39.8,49.9,6.5,32.1,36.0,153.0,39.0,36.3,16.5,22.1,59.4,177.5,63.2,37.4,47.6,77.4,83.4,31.4,42.1,118.4,107.3,31.7,17.5,10.0,77.9,15.8
21.7,35.9,26.5,42.2,92.8,36.3,138.0,86.8,85.8,77.7,74.8,60.5,67.5,24.4,19.1,53.9,31.0,28.8,31.7,36.5,44.6,6.5,30.6,32.5,137.0,36.5,33.3,13.3,20.7,52.8,160.7,55.6,39.0,43.0,68.2,74.6,36.3,39.8,99.0,95.8,24.8,16.1,3.5,56.1,15.5
21.4,33.5,28.2,41.3,88.4,34.2,136.1,84.5,85.6,71.6,71.1,59.4,75.8,22.8,18.6,54.2,29.1,34.4,35.7,34.8,42.6,5.0,31.0,33.6,135.5,38.8,30.6,13.2,21.0,50.1,158.0,55.1,36.3,45.1,67.2,71.0,31.2,39.3,100.0,93.0,28.6,13.2,8.1,54.4,14.8
18.8,33.1,27.6,41.8,88.8,32.4,139.8,87.6,87.2,76.2,80.2,52.0,65.3,23.0,18.6,58.3,29.8,36.0,37.2,33.7,48.1,6.1,31.3,34.2,138.8,36.9,34.6,13.2,22.2,57.4,162.3,53.1,36.2,42.2,66.7,72.0,30.6,37.5,104.5,97.5,25.5,13.5,6.6,54.0,15.1
19.8,32.2,28.0,39.9,88.8,32.5,141.1,80.4,83.1,70.6,79.6,58.0,81.1,23.0,17.3,53.0,27.8,31.0,32.8,35.4,46.0,6.6,30.1,32.6,140.2,34.8,33.2,12.4,20.6,51.5,163.0,54.7,33.8,45.7,64.7,70.0,24.1,35.7,110.4,99.4,32.8,17.3,11.3,52.8,13.8
19.5,34.7,27.5,41.2,96.0,36.5,132.2,80.6,78.5,71.6,71.6,59.3,84.8,22.9,18.8,54.5,30.3,29.3,33.7,36.5,43.5,5.5,30.7,32.8,130.3,32.8,31.7,15.3,20.3,50.8,153.8,59.8,28.8,42.1,71.4,71.8,24.6,37.2,104.5,92.0,30.7,13.7,12.7,55.8,14.5
22.9,37.7,30.0,46.3,105.4,39.8,137.8,95.9,94.5,78.2,77.0,60.1,82.1,25.0,18.6,54.9,33.2,34.5,38.9,39.4,45.0,5.9,32.4,36.2,136.4,36.8,34.0,15.0,19.9,55.5,159.2,66.1,32.1,42.2,75.9,76.5,27.4,38.5,106.2,96.5,28.8,14.0,9.8,69.5,15.5
21.1,38.4,30.0,46.6,102.2,38.0,144.6,98.1,96.2,81.5,76.4,66.9,80.9,24.8,18.7,56.9,31.3,38.5,40.9,38.8,45.2,6.2,32.9,35.8,142.7,39.2,34.8,15.6,23.9,55.3,166.8,63.3,39.4,45.9,75.3,78.5,32.0,39.8,107.2,100.0,29.9,17.5,6.4,72.3,15.8
20.6,35.6,30.0,45.8,100.5,34.5,140.3,105.0,101.3,90.8,75.7,63.0,81.4,25.5,17.9,54.3,29.8,41.4,42.9,36.0,45.8,5.9,33.3,34.8,138.7,41.5,34.6,14.1,22.9,54.5,161.4,60.8,36.0,44.9,84.9,91.3,31.2,41.1,106.8,97.5,31.0,14.8,9.7,68.9,15.6
22.2,38.5,30.7,44.7,97.8,38.4,146.5,95.3,93.8,83.1,80.6,70.0,79.3,25.2,19.5,55.3,32.3,37.8,40.5,38.6,48.3,6.5,31.7,34.8,146.3,41.4,35.1,15.3,21.8,57.4,171.7,57.8,37.5,41.9,71.1,70.2,35.0,40.4,109.5,104.6,29.3,19.4,4.8,68.3,16.0
19.2,37.6,27.4,44.8,95.2,31.3,135.5,96.2,90.3,76.3,74.8,56.1,65.6,24.7,19.4,55.3,30.0,35.3,39.0,35.2,44.3,4.9,31.6,34.4,134.3,37.2,33.7,16.3,19.8,56.0,156.5,57.1,41.8,47.0,72.2,87.8,34.6,39.0,97.1,92.8,22.0,9.8,4.0,59.5,15.2
21.6,37.3,29.0,46.0,102.2,36.1,144.6,96.4,96.6,82.8,77.2,64.4,82.7,25.0,19.3,55.3,32.8,41.9,43.8,37.2,47.7,6.3,31.5,34.8,143.4,38.5,34.0,15.5,22.9,54.1,167.8,58.4,36.1,45.8,75.9,83.7,32.8,43.8,108.3,99.6,30.8,16.6,9.3,68.8,15.7
19.8,33.1,27.8,40.7,99.5,33.8,136.2,83.3,81.4,73.4,71.1,61.5,79.0,22.8,17.5,53.0,27.2,33.4,37.0,35.9,42.9,5.8,30.8,32.9,133.5,35.5,31.5,13.3,19.3,50.6,156.1,56.8,36.6,45.5,70.2,76.7,28.7,38.2,101.3,92.0,31.1,16.8,8.5,56.5,14.6
21.0,36.2,26.2,42.6,94.8,33.8,160.8,90.1,89.1,77.8,94.8,59.0,74.9,23.8,19.2,55.9,34.7,34.7,38.4,36.2,58.4,6.2,32.2,35.7,158.5,37.7,39.2,14.9,24.0,65.4,182.6,54.9,38.4,46.8,72.4,77.8,32.4,41.1,122.8,115.4,28.3,13.5,8.1,64.9,16.0
19.8,37.1,25.3,42.5,94.5,33.0,143.5,84.6,83.4,73.6,79.9,62.2,72.1,22.5,18.9,56.4,31.6,34.2,37.9,35.6,47.0,5.3,32.2,35.4,141.7,37.3,34.6,15.0,20.1,56.4,164.8,55.3,39.0,44.3,71.7,72.5,31.2,36.2,106.2,101.7,27.0,16.4,5.5,58.8,15.0
20.8,34.6,33.5,48.1,106.3,35.4,151.6,107.8,103.6,88.6,80.0,68.7,86.1,27.5,19.2,54.7,30.8,42.4,43.8,37.6,47.8,6.4,33.2,36.6,149.7,43.7,35.2,14.0,24.3,57.8,173.7,63.6,39.9,48.8,87.1,93.0,32.7,42.0,114.1,105.4,32.2,16.0,8.8,80.1,15.8
21.1,34.6,27.0,42.8,99.8,33.5,144.0,84.4,86.3,71.3,75.6,63.7,79.7,23.6,18.6,53.8,30.7,32.1,35.6,34.6,44.6,7.2,29.4,31.4,142.3,34.7,32.8,14.1,19.6,53.3,165.4,58.5,38.8,47.0,65.2,76.7,32.1,41.2,106.6,98.1,29.6,17.8,9.5,59.9,14.8
20.0,34.5,27.2,41.5,91.5,34.5,145.0,87.4,85.6,75.5,79.3,60.7,70.1,24.0,19.7,58.6,31.6,34.5,37.8,35.0,47.3,6.2,33.6,36.8,144.8,37.2,34.5,14.5,21.1,55.5,167.6,53.8,39.9,44.4,69.3,69.0,34.7,39.9,105.7,101.6,26.3,15.8,4.4,59.1,16.0
22.0,35.8,28.6,43.2,101.7,36.7,143.1,94.4,94.0,79.2,79.9,69.0,86.5,23.8,18.2,55.0,31.5,36.1,38.7,39.1,47.4,6.2,32.2,35.5,142.2,37.4,33.6,15.3,20.8,55.7,165.3,62.7,32.1,41.6,77.5,77.8,28.2,36.5,112.0,104.4,31.9,16.2,9.2,67.6,15.2
21.2,34.3,24.7,39.2,95.2,35.5,142.6,79.4,80.4,74.5,77.3,59.9,72.3,22.5,18.5,53.8,31.5,32.1,36.8,35.0,46.9,7.2,31.7,34.4,141.6,36.2,34.8,13.8,20.9,54.3,166.4,53.1,38.3,44.5,67.8,73.2,34.0,40.1,104.6,99.0,26.9,15.1,5.4,56.2,15.0
19.5,31.9,26.6,40.0,89.7,32.1,134.1,85.5,82.1,71.5,74.4,55.0,75.7,21.9,17.3,52.2,28.4,30.0,31.4,35.8,43.3,5.8,31.3,34.9,133.3,34.0,31.4,12.1,19.8,51.2,156.0,55.8,31.7,42.3,69.8,74.1,25.1,36.0,104.2,93.2,30.2,12.8,10.6,51.8,14.3
18.4,35.9,25.0,41.7,91.0,32.9,134.2,90.7,83.4,75.1,70.3,61.5,74.1,22.6,17.1,52.8,27.3,34.0,37.1,32.0,42.0,6.4,29.6,31.8,133.5,35.8,32.3,14.4,21.3,50.5,155.3,52.3,35.7,42.1,71.8,74.5,31.8,38.6,98.7,92.6,28.3,16.3,6.3,51.4,13.6
20.8,38.2,24.7,42.5,100.6,33.4,147.3,91.6,87.2,76.2,81.3,60.0,70.0,22.5,18.5,54.2,31.2,34.9,38.2,36.3,49.9,6.7,28.9,33.1,146.2,36.0,36.4,15.3,21.2,59.2,170.3,56.9,41.1,46.2,68.3,73.9,34.8,40.8,108.2,102.7,28.0,18.7,5.1,59.7,15.2
18.8,34.2,25.9,40.1,89.5,32.8,138.4,87.8,82.7,73.9,77.4,57.2,67.7,22.0,17.9,55.3,29.2,35.5,35.8,33.8,45.1,5.2,30.1,33.2,137.0,33.7,32.9,13.8,20.9,52.9,160.7,51.1,36.9,42.0,67.8,69.6,31.6,37.1,102.8,98.1,25.5,16.3,5.1,51.6,14.5
21.6,36.6,28.2,43.1,93.2,37.7,151.0,85.5,84.7,77.1,85.5,62.3,73.4,24.5,19.3,54.7,32.3,34.8,37.9,36.8,51.1,6.8,30.3,33.2,149.3,36.0,37.3,15.3,19.1,61.7,173.0,57.4,39.8,45.7,68.7,70.1,31.1,37.0,113.5,107.2,26.8,16.6,6.0,64.2,15.2
20.3,35.1,29.2,45.4,103.8,35.7,151.9,99.5,95.1,84.3,84.6,63.0,82.0,25.8,18.9,55.8,31.8,37.2,38.5,39.9,49.7,6.5,33.8,36.3,150.2,41.5,38.1,13.7,22.3,62.3,175.2,62.3,36.2,46.5,81.7,89.7,28.2,38.1,117.5,106.7,32.6,16.4,10.1,75.6,15.7
19.0,36.5,27.5,42.9,92.8,34.0,143.0,92.3,85.9,81.2,79.7,55.9,68.8,24.0,18.4,54.5,29.4,36.8,38.4,35.0,47.0,7.0,32.9,35.1,141.2,38.3,34.4,14.0,20.7,53.8,165.5,53.8,38.2,44.6,71.6,74.5,31.0,37.4,105.8,100.0,27.4,17.2,5.8,58.1,14.8
17.6,37.1,24.4,41.7,84.9,30.3,139.7,78.6,81.8,72.3,78.9,53.8,64.5,21.8,18.5,54.1,27.7,34.5,38.2,33.0,46.0,6.0,30.1,32.9,138.3,35.2,34.6,15.4,19.1,54.8,160.9,47.8,38.7,44.4,64.7,65.0,29.1,35.8,104.2,97.7,25.7,15.4,5.0,47.3,14.3
20.2,31.5,26.5,42.9,104.1,34.0,136.1,97.8,90.9,81.3,78.9,56.7,78.2,21.2,17.1,54.8,30.3,33.6,35.0,34.2,46.6,5.8,29.6,32.5,134.7,36.0,32.5,12.0,18.3,53.8,157.0,63.8,32.1,42.1,80.2,98.9,28.3,39.8,105.7,94.4,25.8,9.5,11.6,65.7,13.6
19.4,35.6,28.0,43.6,91.5,33.4,139.4,94.7,92.1,79.2,78.1,55.2,69.6,23.9,18.0,54.2,29.5,35.3,38.3,34.7,46.3,6.8,31.6,34.9,138.2,38.3,34.8,14.2,21.0,55.9,160.1,53.8,36.9,45.4,74.6,83.7,30.0,38.1,105.0,97.4,27.4,13.9,8.4,58.0,14.6
21.2,37.3,28.5,43.4,94.8,34.9,136.5,85.1,84.3,73.8,76.0,59.8,71.0,23.2,19.6,55.9,31.7,34.2,38.2,36.4,44.4,5.7,31.7,34.7,136.0,37.9,33.6,15.1,20.2,55.4,158.7,58.8,34.8,40.7,69.8,69.3,29.2,35.2,102.0,96.3,26.7,17.1,5.2,58.9,15.0
18.5,37.0,27.8,45.0,99.2,32.2,147.0,88.0,88.7,74.9,83.8,60.5,72.7,23.8,17.8,52.2,30.1,36.2,39.8,36.5,49.5,5.7,30.2,33.9,145.5,35.7,34.7,14.5,21.4,57.5,168.7,59.8,36.4,43.0,69.5,78.0,32.4,38.8,111.4,105.2,25.5,14.1,6.9,61.0,14.5
19.8,34.5,25.6,41.1,92.3,32.8,139.4,83.8,81.2,73.0,79.5,58.3,73.5,22.0,19.1,55.7,31.9,32.0,34.0,36.4,48.3,6.9,30.8,33.6,140.2,36.4,34.4,13.2,21.0,55.0,162.5,53.6,34.4,42.3,68.3,77.3,30.0,36.7,106.3,99.4,26.4,12.2,7.4,56.3,15.0
20.4,35.2,28.5,39.2,92.6,34.8,141.5,85.5,83.2,73.3,80.0,61.0,73.4,22.9,18.1,55.4,30.1,32.7,36.3,37.3,47.7,6.0,29.8,32.5,140.4,36.5,33.5,14.9,19.3,54.4,162.6,55.9,35.7,42.2,67.2,70.2,31.6,37.7,106.8,101.0,26.8,13.8,6.3,58.3,14.8
19.6,37.2,27.2,46.5,100.1,32.5,140.3,99.4,93.7,82.5,78.6,59.5,78.4,23.5,19.0,56.8,31.5,37.0,41.0,35.2,46.3,5.9,31.5,34.1,138.7,38.1,34.2,15.2,21.8,56.5,161.7,60.4,37.8,44.0,78.8,86.8,28.8,38.3,107.1,97.7,28.5,11.1,9.5,65.1,16.0
21.2,35.0,28.3,43.5,100.8,35.9,138.5,94.1,94.2,78.7,76.5,63.0,81.8,24.7,20.8,54.9,32.0,37.9,40.5,37.9,46.7,5.9,31.4,34.4,137.5,40.2,35.0,13.4,21.4,57.5,159.4,60.0,33.0,42.5,77.1,86.9,28.2,37.9,107.4,97.6,28.4,13.4,9.7,67.9,15.5
20.7,36.5,26.3,45.2,106.2,35.8,146.4,92.7,88.6,78.8,78.4,65.6,83.8,23.0,19.0,54.2,31.3,36.9,39.2,35.4,47.1,6.6,31.4,34.4,145.2,38.5,34.6,13.8,22.5,57.2,169.0,57.5,35.0,44.7,77.2,86.9,31.2,41.5,111.8,101.8,31.8,17.8,8.9,67.6,15.4
20.3,35.7,30.0,43.4,105.5,37.4,142.4,89.3,88.2,77.3,81.0,59.7,71.3,24.4,19.2,54.9,31.0,33.2,36.3,41.0,48.1,6.5,33.3,35.6,141.0,39.8,36.0,14.5,20.1,59.4,163.0,65.9,41.0,47.9,83.5,95.4,33.8,39.3,104.5,98.4,25.0,10.6,6.2,72.1,15.2
19.4,35.6,29.2,45.4,96.7,33.9,139.0,96.9,93.9,80.8,73.8,62.8,80.4,23.6,18.1,53.1,28.8,39.5,40.1,37.1,43.4,5.8,33.0,36.7,137.8,38.3,33.3,14.0,20.5,52.4,161.0,58.4,35.4,44.7,77.8,85.8,29.7,39.5,104.5,94.8,30.9,12.7,9.3,64.7,14.7
20.2,36.4,30.2,42.8,95.4,35.2,135.7,91.9,89.5,76.8,77.1,58.5,74.2,24.4,18.8,54.3,32.0,32.5,35.9,36.9,47.2,5.6,32.4,34.7,135.4,36.1,31.3,14.0,18.3,53.6,156.8,60.0,32.8,42.0,72.0,77.8,29.7,37.7,103.4,95.7,25.8,12.3,7.5,60.5,15.1
20.5,32.7,26.5,39.5,93.0,35.4,150.7,83.7,80.7,73.4,83.8,65.1,79.5,23.2,18.3,55.3,30.0,31.5,32.6,36.6,46.9,7.0,31.0,33.4,149.4,36.8,36.4,12.4,19.9,58.4,174.1,53.5,38.2,45.2,67.1,66.5,31.9,39.4,113.6,106.6,31.9,18.9,6.7,57.5,15.2
18.1,31.3,27.1,39.7,89.3,31.4,123.8,83.7,78.8,72.7,67.2,57.0,73.7,21.7,17.0,50.8,26.1,31.0,33.2,32.3,40.4,5.5,29.2,31.5,123.6,33.8,29.5,12.7,18.5,48.0,144.8,56.0,28.3,36.8,69.1,75.5,26.6,35.6,95.7,87.6,26.4,12.6,8.9,46.4,13.5
19.9,37.1,27.0,45.3,97.0,33.4,138.7,96.4,90.1,83.1,74.9,61.8,82.1,23.0,18.3,54.6,29.0,36.1,38.3,35.2,45.0,5.2,30.7,34.6,138.4,37.8,33.8,15.1,20.8,55.3,161.3,56.2,32.9,43.0,78.6,87.1,28.1,39.3,106.7,96.2,31.2,14.8,10.5,62.6,14.6
20.7,34.2,28.3,42.7,97.7,33.9,138.1,91.6,90.8,75.3,75.4,64.0,71.0,23.5,18.3,53.3,28.8,35.6,36.0,35.0,43.5,5.7,32.2,35.5,137.1,36.3,32.9,14.0,20.9,53.1,160.6,56.1,36.8,40.6,71.4,75.5,33.8,37.9,101.8,97.9,25.0,17.1,3.9,60.4,15.1
20.5,36.1,27.3,43.0,95.8,34.8,146.3,90.3,89.9,82.0,80.9,60.0,72.7,23.5,18.4,53.9,30.7,36.3,37.5,38.1,47.5,6.5,31.3,34.2,145.2,36.2,34.5,14.8,20.8,56.1,168.4,58.9,39.3,46.0,74.6,84.0,34.6,41.0,108.0,101.2,27.0,14.8,7.6,64.8,15.2
20.1,36.1,24.0,42.5,83.5,31.8,137.4,85.9,81.9,72.6,77.6,57.4,68.0,21.6,18.3,54.8,29.2,37.3,38.5,33.2,45.5,7.8,31.4,33.7,135.5,34.9,33.6,13.7,19.3,54.9,158.2,49.5,37.3,43.0,65.8,69.9,29.1,34.2,102.8,97.7,26.6,14.8,5.5,49.2,14.5
23.3,35.3,34.0,46.5,113.9,43.1,141.5,100.7,97.1,86.0,75.1,69.4,86.9,27.2,19.1,53.2,31.7,35.3,36.9,42.0,43.2,5.9,33.2,36.3,141.5,40.0,34.4,14.1,22.9,53.0,164.2,70.7,36.6,45.3,80.5,91.9,32.2,41.4,105.1,96.4,28.8,16.2,8.8,83.5,15.6
20.4,35.2,25.9,40.3,92.0,32.3,134.6,89.3,83.4,73.3,71.1,58.5,72.0,22.3,17.7,53.5,28.3,31.2,35.0,34.6,44.4,6.4,29.5,32.3,133.9,34.1,32.3,15.2,19.7,52.1,157.6,52.1,36.0,42.6,64.6,68.3,33.1,40.6,98.5,92.0,27.7,17.8,6.2,50.8,14.6
19.6,35.8,26.8,40.9,88.2,30.5,140.7,85.2,86.6,74.0,78.0,57.4,68.0,23.0,19.6,56.4,30.3,36.1,37.5,33.2,46.6,6.9,30.5,34.3,140.7,36.7,33.7,14.8,20.7,55.8,165.2,50.7,38.2,43.1,65.3,69.3,33.7,39.6,105.4,98.8,26.6,16.2,5.5,53.5,14.5
20.4,34.2,30.6,43.9,100.0,35.5,134.1,95.7,93.6,80.9,70.3,64.0,82.1,25.5,18.5,55.1,29.2,35.4,37.1,38.6,42.7,6.0,32.8,36.5,133.0,38.8,31.6,14.2,20.6,49.2,155.8,61.7,36.4,45.9,78.4,89.2,31.6,39.9,100.7,92.2,29.1,11.6,8.8,65.9,15.2
19.8,36.1,27.0,43.2,99.3,33.8,136.3,93.4,89.8,78.8,73.1,59.2,73.5,22.6,18.1,55.7,29.2,36.3,38.1,35.5,43.9,6.4,33.1,34.7,135.7,36.1,33.1,14.5,21.0,53.3,158.8,58.8,36.8,44.3,73.5,85.3,31.8,39.3,100.2,93.4,28.0,15.0,7.2,60.2,14.5
20.3,34.5,31.0,45.6,101.3,35.3,140.2,102.5,96.3,86.2,74.3,62.6,83.0,25.7,18.1,56.6,29.0,39.2,38.9,38.3,43.9,7.2,34.0,36.3,139.4,39.5,33.3,13.7,21.9,52.7,162.1,55.4,36.6,47.0,80.7,93.5,29.1,39.6,106.1,95.4,31.4,14.4,11.3,67.6,15.4
18.4,35.7,25.6,42.5,88.3,30.0,133.5,85.9,88.3,74.7,72.2,56.5,71.7,21.5,18.5,53.8,29.0,35.8,37.2,32.7,43.7,6.2,31.8,34.1,132.8,36.5,32.0,14.5,21.3,50.9,155.0,50.0,34.9,42.5,69.6,75.8,30.2,38.6,100.1,92.2,27.1,13.3,8.5,50.9,14.6
21.2,36.8,26.3,41.2,91.1,36.5,135.4,84.8,84.2,72.3,74.3,57.7,75.5,21.8,18.6,56.3,31.7,35.4,36.8,35.9,44.7,6.3,30.8,34.1,134.0,33.2,33.1,15.1,20.1,53.0,156.3,55.4,35.7,44.8,65.3,75.4,29.8,38.5,101.3,92.6,27.4,12.3,9.2,56.4,14.6
19.5,36.3,28.7,46.2,98.0,33.6,143.0,102.7,93.1,82.8,76.2,64.8,77.6,24.3,19.5,56.0,29.3,37.3,38.2,36.2,45.8,5.9,33.6,37.2,142.4,40.0,34.1,13.9,20.6,56.5,165.3,56.6,37.2,43.3,81.3,86.3,31.9,38.1,106.5,99.8,29.3,17.2,6.2,68.0,15.6
21.3,34.5,30.8,43.7,100.5,35.3,138.8,96.3,90.2,79.7,73.8,62.0,76.2,25.1,19.1,55.8,29.3,36.9,38.5,37.3,43.7,6.9,31.6,34.3,137.8,39.4,33.5,12.8,21.2,53.7,161.7,60.0,37.0,43.6,71.9,78.6,31.8,39.8,102.7,96.2,28.9,16.8,6.6,65.0,15.2
19.3,37.3,25.5,41.8,86.6,32.4,138.7,87.5,86.2,73.8,75.2,57.0,66.8,21.4,18.1,55.1,28.8,34.6,37.1,33.3,44.7,6.4,30.3,32.8,137.8,37.6,33.5,15.0,19.9,54.7,160.6,48.7,38.0,43.4,67.4,72.0,34.2,39.2,101.0,96.6,26.1,16.7,4.9,49.9,13.8
22.0,38.1,30.2,45.9,97.3,36.6,145.8,89.1,90.5,75.0,79.4,57.9,73.7,25.1,20.3,55.0,31.0,37.4,39.5,37.3,46.9,6.2,32.7,35.7,145.5,38.3,35.0,15.0,23.1,54.6,171.0,57.5,39.7,48.4,68.7,78.6,34.1,42.5,107.7,99.7,28.6,15.9,8.1,64.2,16.1
19.9,35.8,24.5,41.8,91.2,34.5,138.2,82.5,85.7,75.8,76.7,60.0,69.8,22.4,19.0,53.7,30.1,37.6,39.4,34.5,47.8,6.6,29.8,32.3,137.2,32.8,32.7,15.4,21.4,53.9,160.7,54.4,37.6,43.1,66.5,71.0,33.6,38.5,102.5,97.5,26.1,15.5,5.0,53.9,14.5
19.9,36.8,25.3,43.7,90.7,32.8,142.2,84.3,87.7,75.1,76.5,63.0,71.9,22.2,18.4,55.1,30.0,36.2,39.0,34.2,45.5,6.2,30.2,33.7,141.0,34.9,34.1,15.6,21.8,54.1,164.0,53.5,39.8,44.0,67.9,72.0,31.8,36.6,105.5,100.5,28.3,17.5,5.2,55.8,14.8
20.0,37.4,29.0,46.7,100.7,37.1,147.8,95.0,93.2,76.3,83.6,62.6,77.7,23.8,18.3,55.6,31.1,36.1,36.4,39.4,48.6,6.2,31.0,34.5,147.6,37.0,35.0,14.3,23.2,58.1,171.1,63.8,37.2,45.0,70.6,76.3,31.0,40.5,112.7,104.7,27.5,14.0,8.2,69.0,14.8
20.5,36.9,26.6,44.6,99.3,34.5,141.3,84.9,87.7,74.5,75.9,60.2,71.9,22.7,18.0,53.3,29.2,36.0,38.3,35.4,44.9,6.4,30.7,33.2,140.6,36.7,33.3,14.8,21.0,53.6,163.8,57.6,40.3,45.8,73.3,82.6,34.9,40.9,102.7,97.3,26.8,16.3,6.1,61.7,14.4
19.1,37.1,24.5,42.0,87.1,32.5,137.7,88.2,88.2,75.4,76.2,55.7,64.9,21.6,17.6,55.7,30.5,34.5,36.0,33.8,45.5,5.3,30.8,34.1,136.7,32.4,32.7,15.6,20.0,54.6,159.7,52.2,37.7,42.3,62.8,63.6,33.3,38.2,100.1,95.5,22.1,14.4,4.4,51.2,13.6
21.0,36.2,26.8,42.2,92.7,36.4,144.6,85.3,84.0,71.8,78.7,62.5,77.5,23.6,19.0,53.0,29.3,37.0,39.3,35.8,45.2,6.1,29.8,33.5,142.8,35.3,33.4,14.2,20.8,54.8,166.2,56.1,37.2,44.6,64.3,69.1,31.4,39.0,108.7,101.8,31.2,16.5,7.8,57.8,14.2
20.5,36.6,25.8,42.2,98.8,35.8,137.7,86.5,86.6,74.4,74.4,60.4,67.1,23.0,18.3,54.1,28.3,35.2,37.4,35.7,44.8,5.6,31.0,33.1,136.6,34.5,33.2,15.8,20.5,54.1,159.0,58.0,39.6,43.3,65.0,73.3,33.7,37.2,99.7,96.6,24.7,15.8,3.4,57.3,15.0
20.7,36.4,31.3,46.1,101.0,36.8,131.5,98.5,91.5,82.2,74.4,56.6,75.4,25.5,19.9,53.4,32.5,37.2,37.7,38.3,45.4,5.7,35.2,37.2,131.0,40.3,32.2,13.8,20.9,54.4,152.2,60.8,33.4,42.5,79.5,86.3,28.5,37.8,100.5,91.5,25.8,12.7,9.0,65.8,16.0
20.7,36.4,25.2,42.5,94.3,35.0,140.0,81.4,82.7,73.3,75.6,63.5,77.0,23.6,19.9,55.0,30.0,31.8,35.0,34.2,45.8,6.6,30.7,34.0,139.8,36.3,35.5,14.6,20.4,56.6,163.2,52.9,35.9,42.1,67.3,70.2,30.9,37.3,104.7,99.2,28.4,18.6,5.7,54.7,15.0
22.3,37.3,28.0,43.6,104.9,38.0,145.5,89.7,90.3,77.7,80.4,69.1,85.7,24.7,19.0,54.1,31.0,34.0,36.4,41.4,47.3,6.3,30.4,33.9,145.5,36.3,34.1,14.6,20.8,56.4,169.7,60.7,34.5,42.6,72.5,77.1,31.0,39.2,111.6,103.5,31.6,20.7,7.8,67.6,15.5
21.7,33.3,31.1,43.8,102.5,35.5,133.4,99.5,92.2,78.8,71.3,63.9,82.3,24.2,17.1,53.9,29.5,37.3,37.2,39.1,43.3,6.6,32.6,35.5,133.1,38.8,32.6,13.0,20.2,52.5,155.2,62.3,33.4,43.5,84.5,94.1,29.5,39.4,101.3,92.1,27.9,14.1,8.7,67.7,14.9
21.3,35.6,28.4,44.3,89.8,36.5,131.7,84.3,84.7,72.2,70.5,54.0,73.7,24.3,18.6,54.2,32.5,34.6,37.9,37.6,43.7,5.7,31.1,34.3,131.5,36.5,33.8,14.2,20.1,55.2,153.7,56.0,31.5,41.8,69.3,74.1,28.1,38.4,100.5,90.6,28.0,13.9,9.8,56.6,15.0
23.8,37.7,34.3,46.7,106.1,39.5,151.0,104.5,99.7,88.1,82.5,66.0,90.2,27.3,19.2,54.2,31.2,35.4,38.6,40.6,49.4,6.2,33.6,37.3,149.6,41.6,36.9,14.5,21.7,60.5,173.9,63.5,36.8,48.1,86.7,95.5,31.0,43.1,115.5,104.1,32.0,17.6,11.7,81.2,16.3
19.8,35.7,28.2,42.7,96.2,35.8,135.5,89.1,86.5,75.9,72.2,62.5,82.2,22.7,19.3,56.6,31.5,34.4,37.5,37.4,44.2,5.5,31.9,34.8,135.8,37.0,33.2,15.3,19.7,54.8,159.3,57.9,33.0,42.4,74.0,84.3,28.1,38.4,103.4,93.4,30.0,14.6,10.0,60.8,14.7
21.7,35.5,28.0,41.4,94.4,35.9,139.5,88.0,83.7,77.1,74.1,58.5,69.5,25.1,18.5,54.0,29.8,32.5,36.3,35.0,44.2,5.9,32.0,34.7,138.7,37.6,32.2,14.0,21.2,51.8,163.1,52.8,38.6,44.2,67.4,77.2,35.5,40.7,100.8,95.3,26.3,15.5,5.9,57.6,15.7
19.7,35.1,23.7,40.6,87.9,33.4,144.7,83.0,82.9,71.8,78.5,61.5,73.7,21.9,17.9,53.7,30.1,35.3,36.4,34.1,47.1,6.7,29.8,32.0,144.3,35.6,34.6,15.4,22.0,55.7,168.8,51.0,38.4,44.8,64.8,68.8,33.0,39.3,107.8,101.9,28.7,17.9,6.0,51.7,14.6
20.7,37.8,27.3,44.3,98.3,32.5,149.0,92.4,88.9,75.3,78.1,62.2,79.2,25.0,19.8,57.4,31.0,34.0,36.3,35.9,46.5,7.3,32.5,36.0,149.2,38.9,36.6,14.3,22.2,58.6,175.2,54.2,39.3,48.4,70.9,81.7,35.5,45.1,110.4,101.7,31.3,16.2,8.6,63.9,15.5
22.1,36.6,29.0,44.1,102.8,37.6,142.3,88.8,88.8,76.4,76.5,63.4,80.1,25.4,19.5,53.3,31.3,31.9,35.8,38.6,46.1,5.8,31.1,33.4,142.0,39.2,35.0,14.4,21.0,57.0,165.2,61.1,36.9,45.5,71.6,83.4,31.6,40.8,106.3,98.2,29.7,15.2,8.8,67.2,16.0
22.8,32.2,27.4,37.7,99.9,36.3,134.8,83.8,80.1,73.9,76.2,53.3,75.1,22.9,17.9,53.5,31.0,33.1,36.0,40.1,46.3,5.9,28.9,31.8,134.5,34.2,32.4,13.4,19.2,53.5,156.9,58.0,33.5,44.2,72.1,86.2,27.5,38.5,103.6,93.3,26.6,12.4,11.7,57.8,14.0
20.1,37.8,25.5,45.5,94.3,33.2,144.4,93.0,94.0,73.8,78.8,63.5,80.4,21.5,17.2,50.5,29.6,37.6,42.9,34.9,46.9,6.9,30.1,34.0,143.2,35.0,34.3,16.6,20.6,55.1,166.7,55.5,36.7,45.3,72.3,81.5,31.5,39.7,108.8,101.0,30.1,16.0,8.7,59.0,14.1
20.7,38.0,29.1,46.6,106.6,36.5,150.0,103.8,97.1,82.9,79.8,67.4,87.8,24.7,18.6,54.4,29.9,36.5,38.8,36.6,47.1,6.0,32.7,35.6,149.2,40.5,36.7,14.4,21.4,57.0,173.1,62.6,37.7,47.0,80.9,93.0,33.5,43.4,113.3,104.3,32.2,18.1,9.8,76.4,14.9
19.0,35.8,28.2,43.3,104.6,35.3,140.5,94.8,93.0,79.5,80.9,66.0,78.9,23.7,18.5,55.0,31.8,37.0,37.5,39.7,48.4,6.7,33.4,36.0,139.2,37.0,34.2,14.5,19.4,53.7,161.1,65.7,35.2,42.8,82.9,92.5,27.1,34.7,108.5,101.0,29.2,12.9,7.8,71.0,14.5
19.5,33.0,26.1,43.5,91.5,32.2,133.4,85.9,85.9,69.8,73.2,60.3,77.0,22.5,17.4,50.3,29.3,37.7,38.6,34.6,44.3,6.3,29.7,33.2,132.3,35.9,31.8,13.4,20.5,51.5,153.2,53.1,32.2,40.8,69.3,74.3,26.0,35.1,101.6,93.0,29.3,14.3,8.2,52.4,14.3
21.3,34.6,26.3,42.0,93.1,34.6,140.1,90.4,86.5,76.2,76.0,61.2,77.1,22.2,18.6,52.7,29.6,37.0,38.3,35.6,45.4,6.6,30.3,33.7,138.5,35.6,33.3,13.9,20.8,53.4,162.6,53.7,34.2,42.5,72.8,79.1,30.7,39.2,105.8,97.5,28.9,15.9,8.4,55.3,15.0
19.3,35.0,26.8,42.5,94.5,33.3,142.3,83.1,86.0,71.9,79.4,57.3,72.7,23.2,19.1,53.9,31.1,33.9,36.1,34.8,48.5,5.5,32.6,35.7,142.3,37.5,34.5,13.9,20.0,57.8,164.6,56.4,36.0,43.5,70.3,73.8,29.6,37.5,107.8,100.2,26.9,15.7,7.8,57.5,15.1
22.6,37.2,32.5,46.2,102.4,38.6,154.0,100.7,99.2,81.1,88.1,62.3,85.6,26.7,18.5,55.5,34.2,35.0,36.8,41.9,53.4,5.6,32.3,35.9,153.5,42.2,38.8,13.8,21.0,63.2,177.2,65.2,35.5,47.4,80.2,92.5,29.4,42.2,120.1,108.3,30.5,13.2,11.5,80.6,15.6
20.8,35.0,26.1,42.9,93.9,33.7,137.6,88.2,87.4,74.8,75.1,62.9,78.8,22.5,17.7,54.2,30.3,36.5,38.1,34.5,43.8,6.7,31.5,34.8,136.1,35.6,33.3,14.2,19.7,54.5,158.5,53.3,33.7,41.8,73.1,80.4,29.0,37.0,104.4,96.4,29.5,14.8,8.4,57.1,14.7
20.7,34.0,31.4,43.3,98.5,36.4,140.9,93.0,91.0,81.6,79.2,66.1,79.4,24.0,18.1,57.2,31.2,37.7,39.0,36.1,48.5,6.0,31.7,34.7,140.6,38.1,34.6,13.4,21.6,56.7,163.5,59.5,33.4,40.7,79.1,85.5,28.6,35.4,107.9,102.1,27.7,13.5,7.2,67.4,15.0
22.9,34.9,30.5,45.1,102.7,38.9,140.2,102.7,93.0,86.0,73.5,62.6,81.4,26.0,19.3,55.5,31.3,37.9,38.7,40.4,45.1,6.7,34.3,36.5,140.5,39.8,33.0,14.4,22.7,50.6,165.2,59.3,34.6,44.6,82.1,94.2,31.3,41.4,105.6,97.1,29.7,15.4,9.8,74.3,16.0
23.6,37.2,28.6,43.0,102.1,38.8,144.5,86.8,85.8,79.0,78.8,61.7,75.8,24.0,18.4,54.5,31.1,35.4,38.3,38.9,47.9,7.5,31.2,34.2,144.1,36.2,32.9,14.9,20.1,54.4,169.0,61.9,37.4,44.9,72.5,79.7,32.8,40.4,108.2,101.7,28.6,16.2,7.8,66.9,15.2
21.6,34.8,27.0,41.5,91.8,35.8,134.2,86.4,83.2,76.0,74.1,60.4,68.9,23.2,18.1,54.1,30.8,34.0,35.7,36.0,43.8,6.2,30.8,33.3,134.4,35.0,31.5,14.9,19.5,50.6,157.8,54.9,35.9,40.5,63.9,66.6,33.4,37.6,100.0,95.2,25.8,14.9,4.3,55.0,15.5
19.6,34.5,26.8,41.1,96.3,34.8,148.4,78.6,76.9,67.1,82.2,61.8,76.3,22.6,17.9,55.4,29.5,33.0,36.7,36.8,48.8,7.1,29.3,32.2,146.9,34.0,36.0,13.4,19.1,58.2,171.3,58.0,38.4,45.6,65.4,78.0,32.9,40.8,111.9,104.4,29.4,15.3,7.1,58.5,14.7
21.7,36.1,27.5,42.5,94.4,35.0,135.4,93.3,89.8,74.0,73.7,57.3,76.7,23.2,18.6,55.2,30.7,36.5,37.0,37.1,44.6,6.5,31.5,34.8,136.6,35.5,31.5,13.6,19.5,52.2,160.3,56.8,35.0,44.3,74.5,91.2,31.4,42.3,102.5,93.5,27.9,14.6,9.7,62.6,15.2
23.0,36.6,26.0,43.1,94.5,36.6,140.3,90.6,84.0,77.0,76.1,56.3,73.9,23.5,20.0,53.0,31.9,36.0,37.6,37.3,44.8,6.0,32.7,37.4,138.5,36.5,34.9,15.1,19.4,55.4,164.6,56.0,37.1,47.1,73.0,86.8,30.3,39.1,104.6,95.3,28.6,12.6,9.7,60.9,16.0
19.3,34.3,25.4,39.5,85.5,33.0,132.5,82.5,80.1,74.2,71.1,60.3,70.2,21.9,18.2,54.9,28.8,33.4,35.2,34.5,42.5,6.2,29.8,33.4,133.0,33.0,32.1,14.4,19.6,52.0,155.7,50.3,34.4,39.5,65.0,67.1,29.3,34.8,99.0,93.7,26.4,18.6,4.9,49.6,14.1
19.7,35.4,28.2,43.0,100.8,35.8,138.0,90.3,89.1,74.8,74.6,64.5,79.3,23.1,17.5,52.8,28.1,35.6,36.4,37.9,44.8,6.3,30.0,32.4,138.0,35.5,32.1,14.1,19.3,51.8,161.7,59.5,33.5,41.3,71.0,78.5,29.3,37.5,105.8,98.7,30.8,16.9,7.5,60.4,14.7
21.7,34.6,28.8,44.4,99.0,37.1,135.7,96.1,94.5,85.2,74.2,61.8,71.0,24.3,18.6,55.2,31.0,36.6,36.6,37.2,45.6,6.8,32.6,34.6,135.7,39.5,32.2,14.3,21.7,51.9,158.0,58.4,37.1,41.5,75.1,82.7,32.7,37.2,99.8,95.8,25.3,15.5,4.1,64.1,14.9
21.5,35.0,29.0,42.7,93.8,35.0,130.6,90.9,89.5,74.7,71.8,57.0,69.6,23.8,17.9,53.9,29.0,32.6,34.2,36.5,42.3,6.0,31.0,33.7,130.3,36.0,32.4,14.7,21.2,52.8,152.4,57.9,34.2,40.7,68.3,84.8,29.6,35.8,97.6,91.2,24.5,11.7,6.4,58.0,15.2
20.0,35.8,26.2,42.0,93.5,34.0,142.0,83.8,83.7,71.5,75.3,61.4,71.7,22.8,17.6,52.6,28.9,33.1,35.8,34.2,45.5,5.8,30.2,33.2,140.5,36.2,34.5,13.4,20.5,56.9,165.3,54.0,38.8,44.1,67.6,75.3,34.7,40.2,103.8,98.4,26.2,18.1,5.2,55.2,14.7
20.2,35.3,30.5,45.5,102.0,35.2,137.2,98.5,95.9,86.4,76.4,56.4,81.6,24.0,18.9,55.0,32.6,36.8,39.8,37.3,46.1,5.9,34.0,36.0,136.2,39.1,32.3,14.4,20.4,54.3,159.3,62.4,32.4,47.2,83.5,101.8,28.5,41.4,106.2,93.0,29.2,9.9,13.2,71.3,15.3
22.1,34.2,31.3,45.0,103.7,36.9,136.6,97.5,95.2,81.8,71.7,63.3,83.4,24.8,20.0,55.2,31.2,37.1,37.2,39.3,44.8,6.1,32.7,34.8,135.5,40.0,32.4,12.8,20.9,52.0,159.6,60.8,32.8,43.0,79.5,78.2,29.0,39.1,105.7,95.5,31.8,15.7,10.2,67.1,16.2
20.8,33.9,24.4,39.6,90.2,34.0,131.8,80.7,79.1,67.7,71.5,57.4,71.8,21.7,17.7,53.0,29.4,32.8,35.3,34.5,43.5,6.6,29.1,31.6,132.2,33.7,31.8,14.2,19.4,50.7,154.5,53.8,33.1,40.5,61.7,68.0,30.4,38.2,99.8,92.1,27.9,15.1,7.7,49.3,14.2
22.2,38.0,35.0,48.5,114.5,40.6,151.0,108.3,104.9,98.8,81.4,67.3,91.7,29.0,19.8,56.8,32.7,40.5,42.3,44.1,47.3,6.3,35.9,38.4,149.8,45.2,35.4,15.0,22.2,57.6,174.2,69.4,37.0,50.1,96.6,108.5,33.0,44.5,115.4,102.3,32.6,14.3,12.8,96.7,16.2
20.4,36.0,27.0,42.4,95.4,33.0,136.8,86.5,85.5,72.8,73.0,58.9,70.8,23.2,18.1,54.2,29.3,37.4,39.0,36.0,43.0,6.9,31.4,34.0,135.2,36.6,32.0,14.3,21.8,50.5,158.6,56.4,37.4,43.5,67.3,76.0,32.8,39.0,100.1,94.2,26.9,15.6,6.2,55.5,15.2
21.5,35.3,26.1,41.6,94.4,35.3,140.0,86.5,86.8,74.2,74.5,58.8,74.3,24.0,18.4,53.0,31.5,35.6,38.3,36.3,44.7,6.2,30.0,33.2,138.9,34.8,32.1,15.0,21.0,53.7,164.0,52.7,37.8,45.8,69.4,74.1,32.4,39.6,103.7,96.5,29.2,16.8,8.0,57.6,15.1
20.1,35.6,26.2,41.2,91.1,33.6,126.1,81.0,83.0,69.2,66.3,56.1,73.2,21.4,17.2,54.9,27.4,32.8,35.5,33.7,38.7,5.4,29.8,32.7,126.5,36.0,30.7,14.2,21.1,48.4,148.7,53.5,33.0,41.3,66.2,72.6,28.6,37.6,94.0,85.7,28.3,14.2,8.6,50.1,13.5
22.4,37.0,30.4,43.8,101.0,38.0,140.3,88.2,87.5,77.4,74.7,63.7,73.0,24.0,17.2,54.6,29.8,32.8,35.6,41.7,44.7,6.1,29.7,32.7,138.9,36.7,32.6,15.6,20.3,51.2,162.7,63.1,39.9,44.2,68.8,77.5,36.1,41.1,101.1,96.6,26.6,17.8,4.5,66.6,14.6
23.5,34.9,33.2,44.0,113.0,41.8,139.4,97.1,92.7,80.4,76.5,63.5,88.5,25.8,18.0,56.0,30.5,34.4,36.5,46.1,45.8,7.5,31.0,33.5,140.1,38.9,32.7,13.1,20.2,51.0,164.0,69.5,32.9,46.3,80.5,102.5,29.8,42.8,107.7,96.3,29.8,12.3,13.3,82.9,15.3
22.1,35.1,26.3,43.5,100.2,38.3,138.7,95.7,90.0,77.2,74.7,61.8,75.1,23.2,18.0,55.3,30.0,34.4,34.9,39.6,44.7,6.9,30.6,33.6,138.2,37.5,31.8,14.1,21.7,51.5,160.5,60.9,37.0,44.1,73.5,78.7,33.2,40.5,102.6,95.7,27.4,15.2,6.7,65.8,14.7
20.1,36.8,28.0,42.7,97.9,34.8,140.6,87.7,85.6,77.1,79.0,60.0,75.9,23.8,18.2,57.2,32.5,32.5,35.9,38.0,47.8,6.1,34.4,37.4,139.4,35.3,34.2,14.6,19.5,55.5,161.3,60.1,32.7,41.4,72.3,75.6,27.0,35.5,108.3,100.8,27.3,15.5,7.6,61.0,14.8
18.9,35.6,24.0,40.1,90.7,31.9,136.9,86.2,83.3,73.3,73.9,57.2,70.8,22.6,18.2,54.8,27.9,34.8,36.9,35.0,42.9,6.1,29.5,31.2,136.7,33.8,33.4,14.5,20.1,52.6,158.8,51.6,36.8,43.7,67.7,72.6,31.9,38.8,100.6,94.0,27.0,14.8,6.4,51.5,14.5
20.8,35.5,27.0,43.8,98.3,36.0,147.1,87.8,87.1,72.9,80.7,58.7,73.9,23.7,18.0,55.4,29.4,34.7,37.5,37.5,48.5,5.9,31.4,35.0,146.6,38.8,35.5,13.5,20.8,57.0,170.2,58.8,37.4,45.1,67.6,76.3,33.6,41.2,109.8,102.5,28.7,14.0,7.7,62.5,14.8
22.3,37.7,30.7,46.4,100.8,37.8,139.8,95.1,97.0,85.3,73.7,66.0,79.3,26.3,19.5,54.9,32.1,40.8,41.8,38.7,45.4,6.5,31.3,34.5,139.9,41.5,34.2,16.0,23.8,54.4,162.2,61.9,36.7,42.9,78.4,82.5,32.4,39.4,104.6,98.1,27.7,17.4,5.7,71.0,16.3
18.8,38.7,24.8,42.7,90.5,31.5,147.4,79.9,78.7,66.1,80.1,57.4,73.8,22.1,18.2,55.4,29.6,34.4,38.4,33.7,47.6,5.5,29.8,32.8,146.2,32.9,35.8,15.2,20.5,59.2,170.3,48.7,37.6,46.5,62.5,71.9,30.6,39.8,111.4,103.2,30.5,17.6,9.0,49.7,14.7
22.5,36.0,27.9,43.8,97.3,37.1,133.9,90.1,88.0,74.7,70.2,63.8,84.5,23.6,17.8,55.2,30.5,36.2,38.1,37.2,42.0,5.5,31.3,34.4,133.0,35.7,31.6,14.9,20.9,51.5,157.0,59.4,33.0,43.5,76.5,82.7,27.2,39.1,102.4,92.5,29.7,15.1,10.2,63.0,15.2
19.5,36.0,27.3,43.7,96.2,32.3,140.6,86.6,85.5,75.3,78.8,58.0,76.4,23.2,18.4,54.5,30.0,32.1,35.2,36.7,46.6,5.5,31.3,34.5,140.2,35.9,32.8,15.4,21.2,53.2,162.3,58.6,34.4,46.3,70.1,85.5,28.3,38.2,108.0,98.5,28.6,11.9,9.5,59.0,15.2
18.5,32.3,23.3,38.5,86.0,30.3,136.2,78.7,76.2,65.1,76.9,54.6,72.4,21.1,17.8,54.0,29.1,29.6,30.9,32.5,45.3,5.9,29.3,31.5,135.8,33.7,33.1,13.1,17.7,53.4,157.2,50.2,34.4,44.0,60.9,67.7,28.0,36.4,102.3,94.5,26.9,13.1,8.1,45.7,13.8
24.3,36.8,30.4,44.8,108.4,39.0,143.9,101.9,97.0,83.8,78.5,62.0,82.0,24.5,18.0,56.2,31.1,35.0,36.5,42.4,47.5,6.2,31.3,34.3,143.6,38.0,33.7,15.3,22.0,54.1,168.7,67.5,35.6,45.0,82.6,99.1,31.2,42.4,109.0,98.8,29.7,14.2,10.1,78.6,15.6
20.5,38.6,30.0,45.9,113.1,36.6,145.8,95.8,94.3,78.8,75.9,68.6,82.7,23.5,18.2,55.0,29.4,35.8,39.4,38.1,44.9,6.5,31.8,34.9,144.3,40.7,35.1,16.0,22.5,58.5,169.2,65.5,38.4,45.5,72.0,79.3,33.3,40.8,108.4,100.8,31.2,21.2,7.8,73.3,15.0
20.5,35.6,28.0,42.4,98.1,35.2,141.7,86.3,86.8,74.8,81.0,56.0,75.7,23.0,18.2,54.3,31.7,36.0,38.8,37.5,48.1,6.7,30.3,33.0,140.5,35.5,33.2,15.1,19.7,55.6,163.6,60.8,33.8,43.4,70.2,83.7,28.4,38.2,109.0,99.0,27.9,12.7,10.5,62.2,15.2
19.9,36.7,26.2,42.5,104.4,36.2,149.6,82.7,81.7,73.8,83.8,66.7,80.1,24.4,18.5,54.5,31.4,34.4,37.8,38.1,49.2,6.4,30.1,33.6,149.2,35.3,35.1,15.1,21.4,57.1,171.7,62.8,36.9,43.7,68.1,71.3,30.5,37.2,114.0,107.6,30.4,18.9,7.0,65.4,15.4
21.0,36.9,30.5,44.5,96.7,37.3,141.6,94.2,94.9,80.3,78.3,64.2,80.8,25.7,19.3,55.2,30.6,38.4,41.1,36.6,46.9,6.9,32.4,35.3,141.9,39.3,35.7,14.5,22.6,57.3,165.5,58.2,35.3,43.3,76.4,81.3,30.4,39.0,108.0,100.3,28.5,14.5,8.2,68.0,16.0
20.6,36.1,30.2,45.2,104.0,38.8,145.8,92.9,91.1,77.9,77.0,66.2,86.6,24.8,18.8,53.1,30.4,38.0,39.5,40.8,47.9,6.6,30.9,34.3,145.4,38.5,35.0,14.3,21.9,56.7,168.8,59.5,36.2,45.4,75.3,75.6,29.7,40.4,111.0,101.3,31.9,20.0,9.3,68.3,15.2
19.0,36.1,23.0,40.1,87.0,29.4,142.4,79.3,81.5,71.8,81.0,54.7,66.0,21.8,18.4,56.7,31.8,31.8,34.8,32.7,48.4,6.4,29.9,32.8,141.0,32.1,35.0,14.0,19.3,56.8,164.5,49.0,36.7,42.4,64.2,66.4,32.5,38.5,105.5,99.8,24.8,14.6,5.3,50.4,14.5
19.8,35.8,27.2,43.5,94.9,33.0,139.4,94.8,88.8,80.9,75.5,58.6,81.5,23.7,18.3,51.7,30.4,34.4,36.1,33.5,45.6,6.7,32.9,35.6,139.5,39.8,32.5,13.6,20.1,51.5,161.6,55.3,34.8,46.5,77.0,85.7,30.8,42.2,105.4,95.0,28.6,12.0,12.0,61.4,15.0
18.8,33.9,24.2,40.6,89.0,31.2,140.9,82.9,82.8,73.3,80.4,58.4,70.6,22.0,18.2,56.6,29.1,33.2,34.8,34.0,47.9,5.6,29.8,32.7,141.8,36.5,34.7,12.1,21.1,55.6,164.1,52.7,34.7,40.4,67.3,74.6,32.6,39.1,106.7,100.9,26.8,14.7,5.8,53.0,14.3
21.0,35.8,29.1,43.3,103.4,37.6,139.7,90.8,89.2,78.0,77.8,63.4,77.6,23.8,18.9,55.6,31.4,35.7,37.2,40.4,46.7,5.4,30.7,33.7,139.5,36.2,34.5,14.7,20.6,55.9,163.3,65.3,34.2,41.6,69.7,75.0,31.0,38.5,106.6,99.1,26.7,12.5,7.3,67.9,15.0
21.0,35.0,27.4,43.6,102.1,37.9,136.0,91.3,89.4,80.0,73.3,61.6,74.3,24.0,18.5,51.4,30.1,37.8,38.1,38.6,45.1,6.8,30.9,33.3,136.0,36.7,33.9,13.8,21.2,54.5,159.1,63.2,36.6,43.3,76.2,84.3,31.9,39.1,99.7,94.2,25.2,14.1,6.8,64.4,14.8
21.4,40.1,28.0,45.3,96.7,36.5,145.3,82.0,86.5,71.6,79.2,60.0,75.4,24.0,19.3,56.3,33.3,35.1,40.0,37.7,47.4,6.3,32.4,35.7,143.5,35.5,35.4,18.0,20.8,56.7,167.3,58.2,37.7,45.8,66.5,74.9,30.9,39.0,108.4,100.8,28.6,16.9,7.8,63.6,15.2
18.1,32.0,22.5,37.3,86.7,29.7,141.9,78.3,78.4,72.5,79.8,54.8,67.7,21.2,17.5,52.9,29.3,31.1,32.1,33.6,48.2,6.3,29.8,31.8,141.3,34.6,34.0,12.8,18.2,53.2,163.3,51.6,35.9,42.6,66.5,71.6,31.7,38.2,106.4,100.6,26.6,15.8,5.7,48.5,14.1
21.6,36.0,28.4,43.4,102.3,35.9,144.0,90.6,87.0,73.9,78.1,67.2,82.2,25.2,18.9,53.9,31.6,32.0,34.7,39.2,45.9,5.6,31.4,33.1,144.0,39.4,34.2,13.6,19.8,55.4,168.6,60.6,36.2,43.2,68.2,76.7,33.9,42.0,109.3,101.6,32.3,17.8,7.9,66.8,15.7
20.7,36.2,31.1,44.5,98.4,37.3,138.5,94.0,89.9,75.5,74.5,58.9,85.5,25.2,19.0,58.6,31.7,33.4,36.1,38.0,44.8,5.8,31.7,33.0,137.7,36.8,32.6,14.6,21.1,53.4,160.9,64.0,35.6,48.6,74.1,83.4,30.0,42.0,105.2,93.5,30.5,13.4,12.3,67.7,15.4
19.3,35.1,29.0,42.6,93.8,32.3,135.0,83.6,84.7,72.3,73.6,56.3,68.7,23.3,18.7,51.5,29.4,33.8,35.2,35.2,43.3,6.1,30.4,32.7,134.3,35.2,32.7,14.7,19.9,54.8,156.7,55.6,37.4,43.7,69.3,73.4,32.4,38.3,98.9,93.3,25.6,14.5,6.0,53.0,15.7
20.2,35.9,30.5,42.4,98.3,36.6,134.5,89.2,87.0,80.6,73.7,58.3,70.4,24.4,18.2,54.5,30.2,35.0,37.2,39.9,44.3,5.1,32.1,35.2,133.8,35.9,31.8,13.8,20.0,51.6,157.1,61.3,37.3,43.7,70.7,85.6,32.9,39.2,99.6,93.6,25.0,12.9,6.1,64.7,14.5
21.4,34.7,30.5,43.1,98.2,36.6,139.3,90.1,90.3,76.8,74.7,63.3,80.7,24.7,18.6,53.0,29.3,36.8,38.5,37.4,44.7,6.0,32.4,35.6,138.7,38.1,32.4,14.0,20.0,52.7,163.0,61.1,34.2,43.5,72.1,76.9,29.1,38.4,106.5,97.8,30.6,15.7,8.7,64.2,15.5
21.4,35.8,30.9,43.9,98.5,36.5,135.9,89.6,89.0,77.2,73.8,57.5,77.0,24.0,19.8,53.5,30.3,36.3,37.8,37.7,43.6,5.9,32.3,35.7,134.4,39.0,32.6,14.1,19.5,52.2,158.1,60.7,34.7,45.3,74.0,82.2,27.3,36.4,102.7,93.6,29.5,12.2,8.8,63.9,15.5
18.6,35.0,21.3,38.4,84.2,31.2,143.6,76.9,78.7,67.0,83.0,50.0,61.9,20.9,17.0,53.7,28.8,31.3,35.4,31.7,47.6,6.9,28.5,31.9,142.8,33.9,35.1,14.7,19.2,55.7,167.3,45.6,38.5,45.3,61.3,73.4,34.0,39.8,106.2,100.9,25.1,12.4,6.1,45.5,13.8
20.0,33.9,25.7,42.7,93.4,33.8,142.3,93.7,90.2,73.8,75.1,65.7,72.8,23.7,18.5,53.8,29.3,37.9,39.0,34.5,46.2,6.0,32.3,34.9,141.5,38.0,34.4,14.7,21.9,55.2,164.7,54.0,40.5,44.3,68.5,71.2,35.2,39.0,103.2,99.4,27.4,17.4,3.6,59.0,15.0
21.8,33.1,27.0,40.5,94.3,36.4,138.5,85.5,83.7,73.8,74.7,59.3,77.3,23.0,17.9,55.5,29.6,34.4,35.6,37.2,44.6,6.5,29.5,32.5,137.8,36.3,31.8,13.4,18.7,52.7,161.8,57.7,35.5,46.6,66.0,79.2,31.8,41.3,103.3,95.3,28.4,16.7,9.8,58.5,14.2
19.2,35.4,27.7,42.2,95.1,31.8,132.9,85.3,85.7,73.2,70.3,62.0,76.6,22.7,17.9,53.9,27.5,29.1,31.8,34.8,42.1,5.9,30.6,33.5,133.4,37.8,32.6,13.2,20.1,50.8,155.1,57.8,34.0,41.4,68.0,71.7,28.6,35.8,99.6,92.7,28.3,16.1,7.2,53.7,14.2
20.0,36.5,28.9,45.8,98.2,36.1,138.9,94.2,93.7,78.8,74.8,58.6,76.9,24.6,18.6,55.1,28.5,37.8,40.7,35.9,43.6,6.2,32.6,35.4,137.9,39.8,33.2,14.0,21.7,54.4,160.8,55.8,36.3,45.3,76.8,89.2,31.2,41.4,103.6,94.6,29.1,11.7,9.7,63.1,14.8
21.5,36.0,30.5,46.0,103.1,37.9,143.5,100.2,97.5,85.3,78.7,62.0,80.8,25.9,19.6,56.3,31.9,38.5,39.3,37.9,48.1,6.8,34.4,38.3,143.1,42.8,34.6,13.5,21.9,56.4,168.0,60.2,36.2,45.6,82.4,95.8,32.0,40.8,108.0,99.3,27.6,13.0,9.0,73.5,15.6
22.6,34.2,35.2,45.5,105.5,39.5,139.2,101.1,98.1,88.0,68.4,65.4,88.3,28.2,18.3,55.5,30.6,38.8,40.7,43.5,42.2,6.2,35.5,37.8,138.4,41.8,32.0,14.6,22.9,51.2,162.0,67.6,37.2,48.1,86.8,97.1,31.4,43.7,103.5,91.8,31.2,12.5,11.6,80.7,16.4
19.3,35.8,27.1,40.4,91.8,31.3,138.3,87.0,87.8,78.5,74.9,61.8,69.0,22.7,18.8,52.1,30.2,34.5,35.8,33.1,44.6,5.7,30.2,32.8,139.1,35.8,34.2,14.4,20.5,54.5,163.4,52.8,38.5,42.2,65.2,69.0,36.0,40.0,101.1,97.5,27.5,18.4,3.4,53.7,15.0
21.0,37.5,30.1,45.6,104.4,36.0,142.8,97.9,99.4,85.2,77.0,59.8,87.8,25.1,19.6,56.5,32.3,38.2,41.2,38.1,48.2,5.6,34.4,38.5,142.8,40.0,35.0,14.6,22.4,58.4,166.2,61.7,33.8,47.8,86.1,100.0,26.5,41.4,111.0,97.1,31.5,11.0,14.5,73.7,15.7
18.5,31.9,27.3,37.9,85.7,31.2,121.2,78.0,78.5,68.3,63.8,54.2,59.0,21.0,16.5,50.8,26.9,30.7,32.8,32.7,37.8,5.4,29.5,30.9,120.6,33.4,28.6,12.4,18.4,46.6,142.8,50.8,36.3,38.5,59.5,63.5,33.6,36.5,86.3,83.7,22.8,15.5,2.3,43.0,14.1
20.1,35.9,29.5,44.8,97.5,34.0,141.4,91.3,92.2,82.5,77.4,63.8,75.9,24.9,18.6,54.3,31.3,35.0,37.6,36.4,47.7,7.2,33.8,37.0,140.8,39.8,33.4,14.2,22.0,53.3,163.6,58.5,35.7,42.2,78.8,79.6,31.6,37.4,107.0,101.0,28.6,16.9,6.3,62.7,15.7
21.5,36.1,32.5,44.5,101.9,38.0,138.2,89.4,91.6,77.0,72.3,60.8,87.7,26.8,21.6,55.4,31.9,38.2,39.7,39.7,43.8,5.5,33.3,35.6,138.2,39.3,32.5,14.2,21.6,53.4,162.3,61.0,35.0,48.7,75.9,94.3,29.8,43.6,104.3,92.1,29.2,11.6,13.0,71.5,16.2
20.0,35.0,27.7,42.7,97.8,33.8,136.5,94.1,85.9,74.4,74.6,59.8,75.0,23.5,17.0,55.7,27.8,31.1,34.7,38.3,43.6,6.3,32.4,35.2,136.8,35.5,33.2,13.7,20.0,53.6,159.3,58.9,35.2,42.3,73.0,80.7,31.4,39.3,102.5,95.3,28.2,15.7,7.3,61.0,14.5
19.1,35.1,26.9,42.1,90.4,32.3,136.0,84.0,83.4,68.5,77.3,49.5,67.4,22.1,19.1,55.0,29.6,34.0,36.5,34.2,45.8,5.2,30.4,34.0,135.6,34.9,33.0,14.3,20.4,53.3,156.8,53.9,33.4,43.2,66.3,72.5,28.1,37.6,103.7,94.5,27.8,11.9,9.9,51.3,15.4
20.6,35.3,27.7,43.1,101.1,37.0,140.6,95.2,88.1,78.0,76.7,56.9,75.5,24.1,19.4,56.0,30.5,36.5,36.9,37.3,44.7,6.2,32.9,35.3,139.5,36.8,34.8,14.1,21.2,55.3,163.4,59.6,36.1,46.5,73.1,82.1,32.4,41.3,104.9,96.0,29.7,13.5,9.6,64.2,15.6
20.6,35.7,27.1,42.2,95.9,34.4,141.1,92.0,91.4,74.5,77.5,60.0,77.5,23.8,18.4,54.2,30.2,35.6,38.3,37.6,45.1,7.4,30.9,33.7,140.8,38.4,33.6,14.4,20.7,54.6,164.9,57.2,33.5,42.6,70.2,72.6,31.5,40.1,107.7,99.4,31.5,16.7,9.2,59.6,14.8
21.2,36.5,30.6,47.4,103.9,35.0,135.6,103.0,101.9,87.1,76.9,59.2,80.6,23.0,18.3,54.8,30.5,39.8,40.4,38.3,44.4,5.8,31.3,34.7,135.3,39.8,35.1,14.5,22.1,56.4,157.8,64.7,32.3,43.3,87.5,94.3,29.1,39.9,104.9,95.1,28.7,12.0,10.3,71.5,15.2
19.9,37.7,27.4,44.3,98.0,34.7,142.2,99.0,94.0,77.5,77.9,60.6,77.9,23.4,17.7,55.3,29.0,36.2,38.1,34.8,46.2,6.3,30.7,34.1,141.7,37.0,34.5,15.7,20.4,55.5,167.1,56.3,35.0,43.7,75.8,82.4,31.9,40.2,107.8,98.6,29.1,14.8,8.5,62.6,15.0
21.8,37.6,31.1,46.1,112.4,36.8,143.7,88.8,89.5,78.0,78.3,67.3,90.4,25.3,19.5,55.2,32.0,33.2,36.6,40.3,46.1,6.6,31.6,35.6,143.7,39.5,34.3,13.6,19.4,55.1,167.5,65.2,31.9,43.6,75.8,89.4,26.8,39.3,112.5,100.5,34.4,17.6,12.0,73.2,15.9
21.5,35.3,30.5,46.6,104.2,38.7,144.8,99.8,97.1,80.5,77.8,66.5,82.9,25.2,18.5,51.6,32.2,36.6,37.2,41.7,45.4,6.4,31.3,34.8,144.2,39.7,35.0,13.9,21.1,55.2,168.2,64.5,35.4,43.7,75.6,78.6,32.7,42.1,109.2,101.2,30.3,15.9,8.1,74.4,14.8
20.1,37.2,28.0,44.4,94.1,34.9,140.8,90.1,88.8,75.0,77.9,61.4,71.6,25.0,19.4,53.9,31.1,35.0,36.9,37.3,46.3,6.7,30.7,33.4,141.3,36.8,34.6,14.6,20.7,55.9,165.8,56.1,37.0,42.6,70.7,77.0,34.6,40.9,104.7,98.3,25.9,15.4,5.7,61.9,15.5
21.3,33.6,28.5,42.6,100.1,33.7,140.1,95.5,90.3,79.8,77.9,61.3,79.6,23.5,19.4,51.2,30.7,35.2,36.0,37.9,45.6,6.2,31.9,33.8,139.8,39.4,33.8,13.8,20.4,53.5,160.2,59.0,34.1,43.4,76.9,86.8,28.5,38.4,108.5,98.4,30.2,13.6,9.8,65.1,16.2
20.6,36.3,30.0,45.0,100.5,37.5,140.6,96.2,91.9,83.7,75.7,60.4,74.8,24.3,18.9,56.6,30.4,36.5,38.0,39.8,45.5,7.2,33.0,35.7,141.1,39.4,34.6,13.6,22.0,55.1,164.6,64.2,36.3,43.8,76.0,83.5,33.3,41.1,104.8,97.5,28.8,13.8,7.5,71.0,15.7
21.5,37.3,31.5,46.5,104.6,39.7,140.1,94.8,93.0,82.0,72.1,63.8,84.5,26.2,19.4,55.4,30.8,33.5,34.1,39.8,42.8,7.0,33.0,36.1,139.6,40.7,33.7,14.3,20.6,53.7,165.3,62.5,36.6,47.7,79.5,85.9,31.5,42.8,104.6,93.3,32.5,16.8,11.0,71.6,16.0
21.0,35.7,31.5,45.4,99.3,39.6,137.6,96.1,94.0,82.5,77.3,58.7,76.9,25.4,18.5,54.8,31.2,37.4,39.0,40.5,45.3,6.0,32.7,35.2,137.3,37.3,33.5,14.2,20.6,55.5,160.4,63.1,33.4,43.6,76.1,88.7,29.1,38.4,105.6,96.6,29.2,12.8,9.6,69.5,15.3
20.0,34.0,26.0,42.6,93.6,35.0,137.3,93.7,88.0,76.3,76.5,56.7,68.8,23.1,17.0,54.0,29.2,34.5,35.3,35.5,43.9,5.4,32.4,35.2,137.4,35.9,32.3,13.2,19.6,51.7,159.6,57.0,37.2,42.7,70.1,81.1,32.5,38.6,100.9,95.3,24.7,13.7,6.0,57.9,14.3
21.3,34.6,30.8,44.3,104.7,40.1,141.5,89.2,88.8,77.8,77.4,66.3,85.5,24.7,19.6,54.8,30.9,35.8,37.5,37.3,44.2,6.7,31.3,33.9,141.3,38.3,34.8,14.4,19.5,54.4,164.3,63.3,35.0,44.4,73.7,79.5,31.3,41.2,107.2,98.7,31.3,16.5,9.0,70.5,16.3
19.7,38.2,28.2,44.2,91.7,34.2,142.2,84.9,89.6,73.6,78.4,60.0,72.6,24.8,19.1,54.1,31.1,36.1,39.4,34.8,48.0,6.7,33.1,35.1,141.6,37.3,34.8,15.9,21.1,56.2,165.3,57.3,35.3,42.0,70.5,74.8,33.2,38.8,107.0,101.0,27.9,13.2,6.6,59.5,15.0
18.1,30.7,24.3,37.9,88.6,29.8,134.2,82.1,80.8,68.2,75.5,51.5,69.3,21.8,17.3,52.2,27.9,31.9,32.3,32.2,43.9,5.7,30.8,33.6,133.6,36.0,31.8,12.5,18.0,52.6,155.6,50.3,33.3,41.9,65.0,77.5,28.6,37.4,102.0,93.3,26.3,11.8,9.0,47.6,14.2
20.2,32.3,26.4,41.4,92.4,33.9,141.0,92.7,86.2,79.3,76.3,61.0,78.5,23.5,17.5,54.3,30.9,36.8,37.3,36.2,46.0,6.9,30.7,32.8,140.7,37.0,32.1,13.4,20.8,52.4,162.8,57.0,36.2,44.8,74.8,74.3,30.5,39.4,106.3,98.5,30.2,14.7,7.8,60.7,15.1
19.8,36.4,27.5,42.7,91.5,34.2,129.2,84.6,87.9,71.8,73.8,57.5,69.7,23.3,17.6,54.9,29.3,33.8,36.7,35.1,44.0,5.7,30.3,33.2,129.2,36.5,32.5,13.7,20.7,52.1,149.4,56.3,30.4,37.1,64.2,64.5,27.5,34.0,99.2,92.6,25.1,14.2,6.3,52.4,14.5
20.4,38.8,29.5,46.6,99.9,34.4,151.2,94.9,98.2,80.2,89.1,59.7,76.6,24.4,20.2,55.4,31.4,40.5,42.0,38.3,52.6,6.0,32.6,35.8,151.2,41.0,38.9,15.2,22.4,64.6,171.9,62.0,35.3,45.8,75.9,89.9,29.2,37.7,117.6,109.3,28.4,12.8,8.6,72.9,15.4
18.4,33.7,23.5,39.5,88.3,30.6,131.6,78.8,82.6,71.2,72.6,51.5,64.8,21.5,16.9,53.9,27.0,31.8,34.7,32.8,41.3,5.1,31.3,34.9,131.4,35.0,33.7,13.5,18.3,53.3,152.7,51.7,35.6,42.6,64.7,68.9,30.8,37.5,97.7,91.3,24.0,13.4,6.7,47.8,14.2
20.8,34.8,27.5,40.8,93.8,37.5,140.5,90.1,84.0,73.2,78.3,60.9,68.2,23.3,18.0,54.2,30.5,33.3,35.5,37.4,45.8,5.7,30.5,33.6,140.4,37.7,33.0,14.4,20.1,53.3,164.3,57.5,38.6,42.0,64.0,68.8,35.0,38.8,103.5,99.8,26.0,17.2,3.5,60.3,15.3
19.7,36.2,25.5,41.7,89.0,32.2,135.2,85.0,82.9,69.1,75.5,55.7,70.7,21.8,18.2,55.1,30.1,37.0,39.0,35.7,44.7,5.4,31.1,35.6,134.8,35.2,33.0,15.0,20.0,50.7,157.4,52.8,34.0,41.8,64.0,69.3,28.7,36.2,102.1,94.8,27.0,11.8,7.6,52.1,14.8
20.8,37.9,27.3,43.8,97.7,35.2,144.4,90.4,90.4,75.2,80.2,56.8,73.8,23.2,18.1,55.1,31.1,36.0,38.5,39.0,47.9,6.1,32.5,36.1,143.9,37.9,34.2,13.8,21.5,55.5,166.5,58.4,38.0,46.7,71.7,86.3,32.1,40.7,108.0,99.5,28.4,12.5,9.6,63.5,15.0
21.2,35.9,27.5,44.1,92.1,34.8,141.2,91.3,87.5,76.2,78.5,63.6,76.0,24.4,19.4,54.8,31.5,36.1,39.4,35.2,46.4,7.0,31.6,34.0,141.0,36.9,34.0,13.8,19.8,53.6,164.0,54.0,34.5,40.9,69.2,75.5,30.5,37.1,107.3,102.0,29.1,16.1,6.6,59.5,15.6
21.0,34.7,24.0,39.5,91.4,32.5,137.8,80.0,81.0,69.1,77.2,56.2,71.4,22.2,18.0,51.6,30.3,35.6,38.1,33.3,45.3,6.2,31.3,35.0,136.8,33.9,33.1,13.7,19.8,52.4,159.8,52.9,35.4,43.6,65.2,68.0,28.6,36.7,105.2,97.5,29.2,14.5,8.2,51.0,14.8
21.4,36.5,29.2,45.4,92.4,35.0,137.6,90.0,89.3,75.7,77.0,59.2,71.5,23.9,18.9,54.9,30.6,34.5,35.8,35.7,44.6,7.4,31.2,34.8,137.8,38.4,33.5,14.7,21.0,53.9,160.9,56.1,35.0,40.6,69.0,73.0,31.6,37.4,103.2,97.3,25.4,15.1,6.0,58.0,15.4
20.1,33.0,25.6,40.2,92.1,35.3,136.2,84.5,83.8,72.9,77.5,59.7,66.2,22.2,16.8,53.2,29.0,33.4,34.9,36.6,44.7,5.7,30.7,33.5,135.7,34.8,31.9,13.3,19.3,52.5,157.8,54.9,35.4,38.7,62.7,64.9,31.0,34.5,101.8,98.0,25.0,16.5,3.5,53.7,14.2
20.9,33.7,26.2,42.0,93.1,33.4,133.2,87.0,83.1,74.3,71.0,58.2,79.7,22.4,18.4,55.5,31.0,34.8,36.6,34.8,43.1,5.6,31.8,33.8,133.0,34.5,32.5,14.6,18.4,54.0,156.6,57.7,32.0,43.9,68.9,79.5,28.5,39.4,101.4,91.4,29.1,13.0,10.2,56.4,14.8
20.6,38.6,27.7,43.5,94.5,34.2,142.3,86.9,88.0,74.0,77.5,62.0,73.7,23.5,19.2,53.1,32.3,35.2,38.1,38.6,46.7,7.0,30.5,34.1,142.6,35.2,32.8,17.0,21.1,53.9,165.4,60.0,37.5,43.4,69.1,69.0,33.6,39.5,105.4,99.0,28.4,16.7,6.1,59.5,15.4
19.5,38.9,26.3,43.9,95.1,32.1,148.5,83.5,85.7,70.3,87.9,58.3,72.4,23.7,18.7,52.3,30.8,33.2,37.4,36.5,50.6,6.3,31.2,34.8,148.0,36.4,37.3,15.7,21.1,61.6,170.3,57.0,34.3,41.6,69.8,78.5,30.5,37.8,114.7,107.8,27.8,13.1,7.1,60.3,15.6
21.7,38.0,28.0,42.9,96.2,39.3,140.0,87.6,85.2,74.3,76.4,61.4,73.3,23.7,18.9,53.5,31.4,36.2,38.5,37.2,46.2,6.8,32.5,34.2,140.0,36.8,33.5,16.8,20.0,55.0,162.0,61.5,37.0,42.7,70.1,74.7,30.6,36.8,104.5,98.4,27.1,15.0,5.3,63.3,15.5
22.4,37.7,31.0,45.9,105.3,41.2,148.3,94.1,92.7,78.8,83.2,63.0,80.6,25.5,19.6,55.5,33.0,35.5,37.4,42.3,49.8,6.4,32.8,36.7,148.3,40.5,35.9,15.3,20.9,59.4,172.1,68.2,35.4,43.9,80.2,84.3,29.4,39.6,114.1,105.8,31.2,16.1,8.5,77.8,16.1
21.5,33.8,26.2,39.5,94.6,34.3,145.3,77.8,76.6,67.6,83.2,56.0,73.5,24.3,20.0,54.5,32.2,30.3,33.7,39.2,48.8,6.1,32.1,34.3,145.3,35.0,35.0,13.2,19.0,57.7,168.3,54.7,36.2,44.8,65.5,69.2,30.4,38.6,110.3,102.3,28.1,13.6,8.1,58.3,15.8
22.7,39.0,28.0,45.3,100.0,41.1,139.8,89.7,90.2,76.8,79.4,61.4,72.4,24.2,19.4,57.1,34.0,38.0,41.2,38.2,47.9,6.2,32.8,36.5,140.6,35.8,34.4,17.2,20.6,56.4,163.5,63.5,35.5,41.5,73.4,77.8,31.5,37.0,105.8,100.2,26.5,14.5,5.5,69.1,16.0
22.0,34.6,29.5,42.9,97.5,36.4,143.7,84.6,88.2,75.1,79.9,65.0,81.3,24.4,18.7,55.1,31.8,33.0,36.0,40.2,48.5,5.8,32.2,34.2,144.0,37.6,33.7,12.5,20.9,56.4,167.1,60.9,34.5,42.1,70.7,77.6,31.9,39.1,109.4,102.0,29.1,14.3,7.0,66.9,16.1
20.5,38.3,27.5,44.4,98.7,33.9,145.3,89.4,88.8,75.3,83.8,58.2,75.8,24.5,18.5,55.4,32.1,38.1,40.4,38.6,49.9,6.8,32.2,34.3,145.7,37.4,35.0,15.0,22.2,58.5,167.3,58.1,33.4,42.5,71.5,80.1,29.9,38.4,111.6,104.0,28.1,12.8,8.1,63.3,15.5
20.0,35.5,28.5,42.6,97.2,34.5,146.9,90.1,88.8,74.9,84.4,55.8,80.0,24.3,19.7,54.1,32.8,35.8,37.0,37.0,49.0,7.0,30.9,34.1,146.5,39.5,34.3,14.9,19.9,55.7,169.1,57.7,33.7,46.8,73.5,88.5,28.8,40.1,113.7,103.2,29.9,11.0,11.2,65.4,16.0
20.2,32.8,26.0,39.7,93.4,34.2,133.9,83.4,79.6,69.5,73.9,62.0,74.0,21.7,16.8,52.9,29.5,33.5,34.5,34.5,44.0,6.4,29.4,32.4,133.4,34.1,31.9,12.3,18.1,52.4,155.1,54.9,35.5,40.6,69.3,73.6,29.7,37.4,100.8,94.1,27.1,15.7,6.4,54.0,13.7
21.3,36.3,27.2,44.8,96.1,36.0,149.0,91.9,91.0,75.2,83.8,58.8,75.0,24.2,19.2,55.7,32.7,38.0,38.5,37.4,50.5,6.6,31.2,34.2,149.6,35.6,35.5,15.4,23.0,59.6,171.3,58.7,36.3,45.0,71.8,80.7,31.0,39.6,113.8,105.5,29.4,14.2,9.0,65.3,15.5
19.0,34.1,24.4,40.0,89.0,32.0,141.8,89.3,82.3,69.5,81.4,60.7,70.9,21.8,18.2,52.6,31.5,33.3,35.7,33.9,46.5,6.0,28.7,31.4,142.0,33.7,34.1,14.6,18.7,55.6,164.3,52.4,36.2,41.9,64.8,68.0,30.1,35.7,106.8,101.8,25.9,16.1,5.2,52.1,14.8
19.8,36.1,27.7,43.2,95.5,33.7,135.6,90.0,91.0,77.9,74.3,59.6,74.8,23.5,17.9,53.9,29.0,35.5,38.5,34.9,43.2,7.1,30.8,35.9,134.9,36.4,32.6,15.9,21.5,51.6,158.3,54.4,35.8,43.8,74.1,79.2,29.8,37.1,101.8,94.3,27.5,14.8,8.1,57.6,15.0
20.3,33.8,29.0,43.2,97.7,37.3,133.3,90.4,86.7,80.0,70.1,59.6,79.0,24.0,18.0,55.9,29.5,38.4,38.0,38.5,41.9,6.0,31.6,35.6,133.9,37.6,30.9,13.9,20.0,49.1,158.8,59.7,33.9,44.1,72.2,81.5,30.8,41.0,100.3,90.7,30.5,13.9,9.1,61.3,15.0
21.5,31.3,30.6,42.5,101.7,36.8,141.4,90.2,88.1,77.1,80.3,58.0,74.4,24.7,18.0,54.3,32.7,32.2,33.2,40.6,45.9,5.7,30.3,33.2,141.0,39.4,36.8,12.9,19.5,59.6,163.7,63.6,35.3,44.4,74.9,86.8,31.2,41.0,107.7,99.6,27.5,14.7,8.2,70.6,15.4
19.1,34.5,28.5,43.3,102.0,33.2,133.9,90.3,91.4,76.5,73.2,59.1,75.0,23.8,18.1,53.6,28.8,37.9,38.5,36.7,42.9,6.2,31.9,35.1,134.1,38.1,31.8,14.1,21.0,52.2,156.0,62.7,33.9,42.1,71.2,83.1,28.7,37.1,101.2,93.4,28.2,13.8,8.3,60.8,14.7
21.5,36.2,30.8,43.7,97.6,39.5,143.6,87.1,88.0,76.6,82.8,57.4,72.5,25.0,18.5,54.0,32.6,33.6,35.9,40.0,47.1,5.9,31.6,35.2,142.4,36.8,33.7,15.1,22.0,54.3,165.7,60.2,35.1,43.7,72.0,79.4,31.3,39.5,109.3,101.3,27.9,13.4,8.2,68.9,15.4
19.1,32.9,24.0,37.7,86.6,31.6,133.7,79.8,76.8,67.6,75.5,53.7,64.3,21.1,18.3,51.6,28.1,31.4,33.6,33.8,43.7,5.2,29.1,31.8,133.4,32.4,32.2,13.4,18.8,53.1,154.8,54.4,34.9,41.1,62.2,65.5,30.5,36.7,100.5,94.0,25.6,13.3,6.2,47.3,14.0
20.9,36.3,26.6,43.2,97.5,35.7,149.3,87.5,85.5,73.6,82.8,57.0,73.9,24.0,19.8,54.7,30.1,33.0,35.7,38.0,49.2,7.4,30.3,33.4,148.0,37.9,36.3,15.8,21.4,57.7,170.0,58.4,40.2,49.2,69.9,85.8,33.8,42.3,111.1,102.6,29.0,13.2,9.2,62.1,16.5
18.9,34.7,25.4,38.7,90.0,32.7,135.2,79.9,77.3,68.0,71.6,57.7,72.1,21.3,17.8,53.4,28.3,29.5,33.2,33.0,44.1,5.9,30.9,33.3,135.1,33.4,31.5,14.4,18.7,50.5,157.8,53.2,39.6,43.3,61.8,69.0,31.9,39.1,99.6,93.5,26.9,15.3,6.4,48.9,14.3
19.8,34.3,28.2,41.5,96.4,34.5,144.0,90.9,88.2,77.8,86.3,59.0,68.2,25.2,19.0,54.4,31.8,33.2,35.3,37.8,50.7,5.5,32.2,35.5,144.3,37.1,35.5,12.2,19.0,57.3,165.2,59.0,34.2,39.2,72.7,74.9,29.5,34.1,111.0,106.3,26.8,16.7,4.5,64.1,16.5
20.9,34.9,29.5,43.5,92.6,34.8,132.2,91.3,88.7,74.5,73.0,57.4,72.4,23.8,18.7,53.9,29.8,34.7,36.8,36.1,43.4,4.8,32.1,34.1,132.3,37.2,32.6,13.9,20.6,53.7,153.4,56.5,32.0,39.8,74.6,77.3,28.2,36.2,100.7,93.6,27.3,13.9,7.3,59.7,15.2
21.4,34.1,28.2,42.2,97.8,36.1,140.0,86.1,87.6,72.0,78.4,59.2,71.2,23.5,19.1,54.0,31.2,37.5,38.7,38.2,46.9,5.5,30.0,32.8,140.2,37.2,33.5,14.5,19.7,54.3,162.3,59.4,36.4,42.8,68.4,70.3,33.1,38.9,105.2,98.5,26.9,14.9,6.0,62.0,15.2
20.2,38.2,28.6,42.4,99.7,35.2,145.9,81.8,82.8,72.4,86.9,57.3,77.8,23.4,18.5,55.7,31.8,29.8,33.4,36.7,50.8,5.6,32.4,35.7,146.5,36.9,35.8,16.0,20.6,58.8,168.4,61.8,33.9,45.0,71.5,79.4,27.4,38.0,114.3,103.6,28.6,13.3,10.7,65.4,14.8
18.2,34.8,25.3,40.5,84.3,30.4,142.4,79.9,81.1,68.1,83.8,54.2,67.8,22.3,18.7,52.4,30.1,35.2,37.5,31.8,48.0,6.3,28.7,32.2,143.5,35.1,35.9,15.3,20.5,59.3,166.6,49.2,33.9,40.9,60.1,62.8,30.2,37.5,109.1,102.7,27.0,15.6,7.0,48.0,15.3
22.0,36.9,25.8,42.6,98.1,34.1,143.8,89.1,87.5,72.0,82.8,57.0,70.7,23.4,19.0,53.1,31.8,33.3,36.2,38.8,48.8,6.0,32.0,34.5,143.3,37.0,37.3,14.2,20.2,59.6,164.8,58.5,36.0,43.0,70.3,78.9,28.7,35.6,110.2,103.4,27.3,13.8,7.3,63.8,15.4
21.0,36.0,29.9,44.1,102.9,38.2,145.7,90.9,93.5,79.3,83.8,61.5,84.7,26.0,19.7,56.3,35.1,34.9,35.8,42.7,48.7,5.7,32.6,35.5,145.0,40.8,36.8,13.7,20.6,60.3,168.2,64.0,34.6,46.0,79.5,92.3,28.4,40.7,112.1,101.2,28.2,10.6,11.1,74.5,15.8
19.9,35.5,30.0,44.9,100.7,35.0,139.0,93.4,91.1,74.8,77.5,63.5,77.3,24.4,19.5,52.8,31.1,38.8,39.5,38.4,46.3,5.8,31.1,33.8,139.2,37.3,33.8,14.8,22.4,55.4,160.5,63.1,33.8,41.0,70.8,79.9,28.2,35.3,106.0,99.3,26.4,13.2,6.9,65.8,15.2
19.6,36.3,28.0,46.1,99.2,35.0,144.2,89.8,91.2,74.3,79.4,61.5,77.3,24.4,19.3,55.8,30.6,40.3,41.1,36.8,46.8,5.9,31.7,36.0,144.1,37.0,35.3,15.2,22.4,59.3,166.7,57.7,35.5,43.6,71.0,73.1,30.7,38.8,109.7,101.8,30.8,17.9,8.3,63.1,14.8
20.1,31.2,29.5,45.6,99.0,35.9,140.6,96.2,92.1,81.7,78.4,59.9,86.5,24.4,18.3,55.5,31.0,36.2,36.6,38.0,46.6,6.8,30.7,33.8,141.6,40.5,34.6,11.9,19.9,57.6,165.2,64.2,30.0,44.3,80.5,92.9,28.3,41.5,110.7,97.5,32.0,11.1,13.6,69.3,14.8
21.7,36.5,27.2,42.0,92.1,38.2,145.7,88.5,87.8,73.9,81.0,61.8,75.2,24.0,20.1,55.8,32.5,35.4,37.7,35.8,47.7,6.6,31.6,34.0,145.6,37.4,35.1,16.0,20.2,57.2,169.3,56.6,37.3,44.2,67.8,70.2,32.3,38.8,109.7,103.1,28.7,18.2,6.5,62.9,15.6
20.5,37.2,31.8,46.0,100.0,38.8,141.2,100.9,92.6,75.2,80.5,59.2,68.5,25.0,18.7,55.6,30.9,36.1,38.4,40.1,46.1,5.4,34.1,37.2,141.1,39.2,35.3,14.4,20.2,56.9,163.1,64.5,39.8,44.1,75.8,85.9,34.3,38.5,103.2,100.0,24.0,10.9,3.0,72.3,15.2
21.7,36.7,25.8,42.7,92.8,37.0,136.2,82.5,82.3,71.3,73.6,59.4,70.7,21.8,18.8,55.5,31.4,35.7,37.7,37.9,44.0,5.3,31.5,34.7,135.3,33.6,30.8,15.3,20.3,51.7,158.3,57.0,38.3,44.1,67.1,69.9,31.5,37.6,99.4,93.5,26.5,14.7,6.2,55.6,14.7
19.5,36.9,25.2,40.8,85.2,32.4,142.7,79.7,78.9,66.8,81.4,50.2,66.5,22.7,19.1,53.9,31.1,32.1,35.8,34.4,47.4,6.4,30.0,32.7,142.3,34.5,34.5,15.5,19.9,57.8,165.5,48.0,35.7,44.1,62.0,70.5,33.5,42.0,106.9,99.3,27.5,10.2,8.7,50.8,15.0
21.1,36.8,31.5,44.5,95.4,39.5,140.7,97.7,93.4,81.7,81.3,54.2,71.2,24.3,18.8,56.5,32.7,34.6,37.2,38.4,46.0,6.2,32.2,34.9,140.2,38.5,35.0,15.4,21.6,56.4,162.3,58.8,35.4,43.9,76.2,76.9,30.3,38.9,106.2,98.6,25.8,12.1,7.9,67.1,15.3
21.8,34.2,27.5,41.8,97.8,38.2,134.5,90.3,89.0,84.1,71.5,62.3,71.0,23.1,18.7,53.6,30.8,33.2,34.8,37.4,43.1,6.5,30.3,32.7,134.7,34.9,31.2,13.6,20.2,50.2,157.1,59.7,36.1,40.0,71.8,72.0,33.2,38.5,98.2,93.8,26.5,18.8,4.2,61.6,14.9
19.2,32.3,27.8,41.5,100.1,33.2,130.2,91.3,87.1,78.8,69.1,61.2,82.0,23.9,17.2,52.6,29.2,37.0,37.1,36.3,39.4,5.4,29.9,32.3,129.7,36.8,31.4,11.9,18.8,50.6,152.8,60.5,31.2,41.9,76.9,84.3,27.9,39.0,99.6,89.2,29.9,14.7,10.3,61.3,14.7
20.0,37.0,29.6,45.4,102.5,34.4,146.9,91.2,90.6,77.2,81.9,63.3,78.7,25.5,20.0,54.3,33.5,36.5,38.2,37.8,48.1,5.7,33.2,35.2,146.1,38.2,35.0,15.6,21.1,57.4,170.4,61.0,36.5,45.1,72.1,82.5,29.8,37.4,111.4,103.4,29.0,17.0,8.5,68.3,16.2
20.4,37.0,25.0,40.8,84.4,33.5,143.6,82.3,82.0,71.3,78.2,55.5,72.8,22.3,19.0,54.9,30.3,34.5,37.5,33.6,45.7,6.6,28.5,31.3,142.5,33.5,33.6,15.1,20.4,54.0,167.0,49.6,36.6,46.2,62.2,66.3,31.4,40.7,108.4,99.3,31.4,17.3,9.4,51.4,15.3
20.9,36.7,29.0,47.1,106.0,36.8,146.5,99.5,98.4,82.2,80.8,60.8,83.8,26.3,20.2,56.8,33.8,35.5,37.8,40.8,49.4,6.3,36.7,38.9,147.5,42.4,36.7,13.6,21.0,60.3,169.3,65.4,33.0,45.4,83.3,95.3,29.3,40.8,114.3,103.1,31.7,13.5,12.2,78.5,16.6
21.8,36.6,29.6,43.5,99.7,36.5,135.9,94.2,89.7,79.3,74.4,58.7,66.7,24.7,19.2,55.6,31.4,35.8,38.8,38.9,43.2,5.7,33.4,36.2,135.2,38.2,35.0,14.4,20.5,56.5,158.5,59.6,39.5,43.7,76.3,80.3,34.0,37.5,97.2,93.9,24.0,13.3,4.3,63.1,15.5
19.4,34.3,26.0,40.5,87.4,31.8,143.5,82.2,83.5,71.3,86.6,52.9,70.8,22.2,17.8,53.6,31.0,30.5,33.8,33.0,49.2,5.7,30.8,33.5,143.6,34.3,35.2,14.8,20.0,57.6,165.9,50.7,32.2,42.1,68.2,74.1,29.6,38.6,111.2,102.0,26.1,10.5,8.9,53.0,14.7
18.9,34.0,27.0,40.4,89.3,30.6,134.7,84.6,85.0,69.2,75.6,56.0,75.0,21.8,17.9,56.1,29.8,33.6,35.6,32.5,44.7,5.7,30.9,34.0,134.7,35.2,32.6,14.4,20.4,53.5,156.3,51.6,32.7,42.3,67.3,74.3,25.0,35.0,104.1,94.7,28.6,12.5,9.6,52.3,14.7
20.7,35.5,27.8,43.7,98.8,37.4,144.5,85.0,86.4,72.6,79.3,60.5,75.4,23.8,18.8,54.3,32.0,35.4,37.8,37.8,45.6,6.1,31.6,35.7,144.0,36.1,33.5,13.5,21.7,55.0,166.5,58.1,37.6,45.4,70.5,74.9,32.7,40.5,107.7,100.1,29.5,17.1,7.4,63.5,15.8
20.4,35.8,30.3,45.9,98.4,37.5,139.9,100.1,94.9,84.3,77.3,62.5,72.1,25.0,19.0,54.7,31.5,38.2,38.8,37.8,46.5,6.4,31.5,34.9,140.9,39.2,34.2,14.5,22.7,54.8,165.0,60.4,36.5,41.7,74.4,74.7,35.2,40.1,104.2,99.6,23.7,17.0,4.7,68.0,16.1
19.7,34.7,27.5,40.6,86.8,32.6,135.7,83.3,82.5,76.8,78.0,54.4,68.9,22.5,18.9,53.3,30.2,34.8,36.5,33.9,46.6,5.5,29.1,31.5,135.7,34.8,33.0,13.8,20.2,54.3,157.0,54.9,33.2,41.2,68.5,73.7,28.5,36.8,104.5,95.6,25.1,11.2,7.4,53.0,14.2
18.5,38.3,26.6,44.0,97.6,34.2,139.9,89.1,90.2,74.5,77.2,64.2,77.0,23.3,17.7,55.0,29.5,37.5,41.6,36.3,45.8,6.1,31.8,35.3,139.7,35.1,33.7,17.1,21.2,54.4,163.5,59.0,36.0,42.4,70.7,75.5,31.8,38.9,105.2,99.0,28.3,14.8,6.5,61.3,15.0
21.3,35.0,26.3,41.5,100.0,35.1,127.0,95.3,85.0,73.6,66.9,58.3,74.0,22.8,17.1,52.3,28.3,32.4,34.1,35.4,39.1,6.0,31.3,32.9,127.0,36.3,30.1,15.1,21.1,47.1,149.3,58.0,35.7,43.6,73.7,87.5,33.4,41.1,92.8,84.5,25.8,12.8,8.9,60.0,14.5
21.5,35.6,27.7,46.7,101.7,36.6,140.4,101.4,97.4,88.3,76.3,61.0,76.4,24.5,18.9,55.5,31.5,39.5,40.0,36.3,47.1,6.8,34.8,37.5,140.6,40.3,34.0,14.3,22.9,55.2,163.7,60.3,35.5,42.2,82.5,88.1,31.8,40.1,105.5,97.7,27.8,13.1,8.1,69.9,16.0
21.5,38.6,28.4,43.8,93.0,36.9,143.5,87.1,88.2,73.7,81.1,56.8,70.6,23.6,18.9,57.2,31.6,32.8,37.7,37.1,48.0,6.1,32.5,35.7,142.0,37.0,35.5,15.9,20.2,56.4,165.2,57.3,37.5,44.0,69.2,71.4,30.0,36.7,107.3,100.5,26.0,14.3,6.9,62.5,15.2
21.6,37.2,27.7,41.6,91.1,36.5,142.0,86.4,85.6,73.8,78.7,57.0,68.8,24.8,20.3,55.9,31.8,35.7,38.7,37.2,45.9,6.0,30.8,34.5,141.3,36.2,34.8,15.0,20.5,55.7,166.0,54.1,39.0,44.4,68.8,72.5,34.1,40.2,104.1,98.6,26.9,17.0,5.1,58.6,16.1
19.2,36.3,28.2,43.2,91.6,33.3,140.3,90.5,88.8,74.5,78.2,58.3,71.9,23.7,19.0,56.5,29.8,33.8,37.5,34.6,46.1,5.4,31.2,34.2,140.2,37.6,34.1,15.2,21.7,54.4,162.6,54.6,34.3,42.7,69.4,73.9,29.8,37.6,107.1,99.0,29.9,15.2,7.9,58.6,15.1
19.1,34.2,24.3,39.6,84.6,31.6,135.1,82.8,81.6,69.6,76.2,49.7,67.0,21.8,17.7,54.4,30.0,31.8,34.9,33.6,44.7,5.8,29.9,33.7,134.8,33.0,31.4,14.3,18.7,54.0,157.8,50.2,35.0,43.6,65.0,71.0,30.1,39.0,101.1,91.7,24.5,11.0,8.4,48.3,14.0
20.9,36.8,31.0,44.8,100.6,37.6,131.9,89.0,91.7,75.5,70.3,65.1,81.9,25.5,18.7,54.7,30.8,37.5,39.2,40.0,42.5,5.2,34.2,37.0,131.6,37.4,32.4,15.0,21.5,53.1,154.3,63.2,31.7,40.1,73.5,77.6,26.6,35.9,100.9,93.5,29.4,12.5,8.7,66.0,15.4
19.8,34.2,27.5,42.0,99.0,34.0,137.6,85.3,84.6,74.3,77.8,58.0,74.8,22.8,19.0,54.1,30.5,34.7,37.2,36.3,46.5,5.4,32.8,36.4,137.2,36.9,34.5,13.0,20.3,55.7,160.8,60.2,34.2,42.4,69.2,81.1,29.9,38.1,104.4,96.3,26.2,12.3,8.1,61.3,14.8
19.8,35.1,26.2,41.6,91.4,33.2,138.3,87.1,87.2,76.5,75.0,60.0,69.8,23.8,18.4,53.1,29.8,34.8,37.2,37.1,45.4,6.8,31.8,35.5,137.7,36.4,33.8,14.4,20.9,53.2,159.2,52.8,37.0,42.5,70.2,71.5,30.8,36.2,102.2,97.3,27.3,17.3,4.7,54.6,15.2
22.3,36.0,29.6,43.3,103.5,37.0,146.6,95.2,92.6,80.0,81.6,63.8,80.0,25.1,18.8,54.9,32.8,36.2,38.5,39.6,47.7,6.2,32.9,35.7,145.5,39.6,36.7,15.8,21.0,58.6,168.8,61.8,35.7,44.6,75.6,82.1,30.9,40.2,111.8,103.0,30.4,17.2,8.6,71.7,15.4
19.7,35.3,30.0,44.7,101.4,34.2,137.1,92.8,91.1,77.8,75.7,56.5,79.5,24.4,18.3,53.1,31.0,33.3,33.8,35.2,43.2,5.2,31.2,33.3,136.7,38.0,32.3,12.8,19.5,53.9,158.6,60.3,33.1,45.0,78.3,91.9,28.6,41.2,104.5,93.4,30.5,11.4,12.1,63.2,15.7
20.2,36.0,30.7,44.5,106.0,36.3,142.8,89.1,88.4,76.0,78.1,64.9,83.5,24.5,18.0,52.7,29.1,35.4,38.0,36.5,47.6,6.1,31.4,34.2,143.3,39.5,34.8,13.9,20.6,56.0,166.7,62.8,32.4,42.2,75.7,83.0,28.5,38.6,110.5,101.5,31.2,18.1,8.2,67.8,14.8
21.3,36.0,28.0,43.6,106.4,37.2,145.3,92.9,92.0,78.3,79.7,64.8,80.1,24.5,18.7,55.8,31.5,38.7,40.7,39.8,47.1,5.8,33.2,35.1,145.7,38.5,35.7,15.5,19.5,57.5,168.2,60.7,36.6,44.3,75.1,82.1,30.0,38.0,110.5,103.0,29.7,17.6,7.5,71.8,15.2
20.2,36.6,27.0,42.7,93.1,31.5,145.3,84.1,85.5,72.0,79.2,59.0,69.1,23.6,19.3,54.0,30.5,33.2,36.7,36.6,47.1,6.5,31.8,34.4,143.7,38.7,35.1,15.2,20.1,56.9,168.1,54.5,39.8,44.9,69.2,76.9,33.7,38.6,106.8,101.5,27.8,16.7,5.2,59.1,15.4
20.8,36.5,27.5,43.5,101.7,35.8,141.9,88.2,87.9,74.4,81.6,61.5,72.0,23.5,18.5,53.3,31.3,32.6,35.3,36.3,47.9,5.8,29.9,33.3,141.4,37.3,35.4,15.0,19.5,57.2,163.7,59.2,35.0,40.9,69.6,77.2,29.1,35.2,107.5,102.3,26.0,13.9,5.9,63.1,15.6
23.2,35.7,30.7,44.7,103.9,40.7,137.3,94.9,91.8,82.1,73.9,65.0,78.5,24.6,18.8,54.2,30.6,37.8,38.5,38.9,44.0,6.3,32.2,35.8,136.0,38.5,32.8,13.6,22.4,51.7,159.0,65.6,36.5,43.9,79.2,89.7,28.9,36.1,102.5,95.2,28.2,13.9,7.3,71.3,15.2
21.1,36.4,28.2,45.3,93.7,35.8,143.0,95.9,96.0,78.0,81.1,58.0,71.4,24.8,19.4,54.0,31.2,34.6,37.2,36.0,48.1,5.8,32.7,36.4,142.2,39.4,36.7,15.0,21.1,58.6,165.2,55.6,35.5,42.5,75.5,74.8,29.7,36.5,109.2,102.2,27.8,15.6,6.9,64.5,14.8
21.5,36.9,28.0,43.4,101.5,37.1,144.7,94.8,92.5,83.7,79.2,65.8,78.7,24.8,18.8,57.5,33.1,37.1,39.9,38.3,48.4,5.7,32.4,35.6,143.7,36.3,35.8,15.0,20.6,58.5,166.3,60.4,38.7,45.1,78.3,81.3,31.0,36.7,107.7,102.2,26.2,13.2,5.9,68.0,15.5
20.5,39.2,30.5,45.7,99.4,36.9,139.2,102.2,93.6,83.0,80.2,54.6,61.1,25.8,18.9,54.8,31.3,38.3,40.2,39.0,48.4,6.3,33.4,36.1,138.0,38.5,34.8,15.5,21.5,57.6,159.5,60.8,40.6,43.7,91.1,91.5,36.8,39.9,99.8,96.7,20.8,11.9,3.0,70.1,15.7
23.2,37.8,37.1,53.2,112.5,40.9,144.0,112.9,110.5,97.0,78.4,64.8,83.0,29.2,21.5,55.6,33.4,43.2,43.7,43.9,45.9,6.2,37.2,39.4,143.6,44.9,34.6,14.1,22.8,55.3,167.6,69.0,38.6,47.7,96.5,105.8,37.4,46.0,107.0,98.6,29.0,14.0,8.8,94.6,17.4
19.2,34.7,28.2,41.2,93.7,33.9,128.5,86.4,84.8,70.9,71.1,52.5,67.8,22.3,17.7,53.4,29.4,33.1,36.7,34.2,41.4,5.3,29.9,32.6,128.0,36.0,30.0,14.5,20.8,48.2,149.6,55.6,32.8,41.8,67.6,73.5,27.6,36.2,96.5,88.3,25.2,13.8,7.9,52.4,14.1
20.1,35.3,29.5,43.5,100.2,36.2,136.2,93.0,90.9,79.5,74.3,59.0,76.2,23.8,18.4,55.4,31.3,35.9,36.6,34.8,44.4,6.0,31.8,34.7,135.8,37.9,34.2,13.6,21.4,56.4,156.8,60.0,32.2,41.0,74.9,79.0,27.5,37.2,104.2,95.5,27.4,15.0,8.8,62.8,14.8
20.3,36.6,27.8,43.3,101.4,36.3,148.0,89.4,89.1,74.8,84.9,63.9,77.1,24.0,18.3,53.4,30.7,39.7,41.4,38.8,49.6,6.7,30.8,34.4,147.8,37.6,34.4,14.6,20.6,56.8,171.8,62.7,36.1,43.0,69.8,72.5,31.2,38.2,112.7,106.5,30.0,18.2,7.2,66.4,14.8
19.5,35.7,23.5,39.5,88.2,33.4,141.8,80.1,77.1,67.6,78.8,56.7,68.5,21.3,17.3,52.8,28.8,31.6,35.0,34.3,47.3,6.3,30.4,33.7,140.7,33.3,32.3,14.8,18.5,53.0,162.5,49.8,37.1,43.5,61.5,67.8,30.0,35.9,105.8,100.2,27.2,17.7,6.4,48.6,14.3
19.8,35.5,26.6,42.7,101.3,35.7,142.6,91.0,87.0,80.4,78.5,59.5,73.7,23.7,18.7,54.4,31.2,28.3,32.1,36.2,46.9,6.6,31.7,35.0,143.6,38.3,35.4,14.3,21.0,57.4,167.1,61.6,38.4,45.9,69.8,80.5,35.5,43.1,105.2,97.7,27.7,14.3,7.2,65.2,15.5
19.4,36.4,27.0,41.8,95.5,33.3,139.0,86.5,86.0,73.0,79.0,58.5,72.2,22.9,17.3,54.7,30.4,32.1,35.3,37.2,46.7,6.0,30.8,33.7,138.5,35.4,34.5,14.9,20.1,56.3,160.5,56.7,35.0,41.8,66.8,74.6,30.3,37.6,105.9,98.8,26.9,14.3,7.5,57.2,14.4
21.7,38.1,28.7,46.1,106.8,36.2,145.5,99.3,94.1,84.3,82.4,67.3,80.0,24.4,19.7,56.8,31.8,38.6,40.3,39.8,49.4,6.5,34.4,38.4,146.2,39.3,35.4,15.0,21.7,57.0,169.5,62.4,35.8,42.8,78.8,84.7,30.1,36.4,111.2,105.0,28.3,16.4,6.8,72.8,16.5
19.5,34.8,28.2,43.7,102.9,36.4,136.2,92.4,88.6,75.0,75.2,62.5,78.1,23.2,18.8,57.0,29.8,36.2,38.0,38.7,44.3,5.7,29.3,32.0,135.3,36.1,33.2,15.3,21.3,54.4,157.5,64.4,34.2,42.0,72.4,83.3,29.4,37.6,103.1,95.5,28.1,13.2,7.8,65.9,13.9
24.3,33.4,32.7,43.6,98.1,40.6,142.2,96.8,95.0,83.4,81.0,59.0,72.4,27.6,20.4,52.5,34.5,35.0,36.6,40.9,47.3,5.9,32.0,34.7,141.8,40.3,34.5,13.5,21.1,56.1,163.2,63.4,34.5,42.1,77.8,82.6,30.4,37.2,107.9,100.2,26.3,12.6,6.9,73.1,16.7
21.7,36.0,29.7,47.1,106.2,37.2,145.2,106.4,102.1,87.0,84.5,60.4,78.3,25.8,19.5,57.0,32.5,39.8,40.3,39.7,49.0,6.2,35.0,38.4,145.2,43.1,38.1,13.9,22.8,59.3,166.4,63.6,36.4,44.4,86.5,92.7,29.8,38.0,111.4,102.3,28.3,16.3,8.1,79.5,16.1
19.6,35.4,28.8,41.7,91.9,32.3,134.6,95.2,89.9,78.4,72.9,59.1,71.9,23.9,17.9,52.8,28.8,35.2,36.9,34.4,44.9,7.0,29.6,32.6,134.1,34.5,31.9,15.3,21.4,51.9,156.8,55.1,36.2,42.7,73.7,81.8,30.9,37.8,99.9,93.6,26.0,14.2,6.5,57.5,15.0
21.0,37.7,30.0,48.1,97.0,36.2,140.4,99.1,99.4,78.8,74.8,64.3,81.0,24.4,19.7,56.8,31.5,41.4,42.6,35.3,46.0,6.6,34.6,37.7,139.4,39.5,32.5,16.0,23.4,51.5,162.7,61.0,36.3,44.1,77.5,88.0,30.9,39.6,105.5,97.7,29.3,13.9,8.7,68.9,15.6
19.9,35.1,30.0,43.4,97.6,34.3,132.2,86.7,91.4,73.5,70.9,58.8,76.4,24.7,18.1,54.1,30.1,38.2,39.5,35.4,42.9,6.2,31.4,34.0,131.7,37.2,31.1,14.1,18.7,50.3,153.2,57.4,35.2,43.7,70.2,83.0,28.9,37.3,99.7,91.5,27.8,14.8,9.2,58.9,15.1
18.8,35.3,28.0,43.3,89.6,34.0,143.0,91.5,88.3,76.8,82.3,58.5,72.0,22.8,18.4,52.6,31.5,34.1,36.8,34.7,49.5,6.7,30.0,33.3,143.6,38.2,35.1,13.7,20.1,57.0,166.0,55.2,33.4,40.3,72.7,74.8,31.9,38.9,109.7,103.2,26.7,13.8,6.5,58.2,14.7
17.2,33.6,23.6,42.4,93.1,31.3,132.6,92.0,88.5,79.6,70.1,53.9,78.6,20.7,16.3,54.0,27.8,33.8,35.8,32.6,40.6,5.5,30.9,34.1,132.1,34.9,31.0,14.5,20.6,51.7,154.6,54.0,33.2,45.8,74.8,87.4,31.8,43.4,99.3,87.3,29.3,13.4,12.1,55.9,13.6
20.2,35.5,26.8,42.9,93.9,36.0,138.5,83.9,84.5,73.5,77.8,62.1,73.0,22.8,18.2,55.0,29.5,36.2,39.0,35.8,46.6,5.0,30.7,34.0,139.1,35.3,35.3,15.1,21.1,57.3,162.4,56.7,33.5,39.5,69.1,70.7,30.2,35.6,105.3,99.5,26.3,15.3,5.1,58.0,14.6
20.8,36.1,27.5,41.5,91.3,36.4,145.7,88.1,87.3,77.8,81.7,58.0,69.5,24.6,18.7,53.3,31.4,33.5,36.5,37.0,47.9,6.8,31.0,34.4,146.2,36.8,35.4,15.9,20.9,56.8,169.5,53.9,37.5,43.3,68.1,71.7,33.3,39.4,109.0,103.5,28.6,17.1,5.3,60.3,15.8
21.1,39.0,27.3,45.1,93.2,35.4,151.9,92.5,89.9,82.0,85.1,60.6,74.3,24.2,20.0,55.2,32.4,37.8,38.9,35.7,50.7,7.1,32.6,35.3,152.5,38.0,36.5,15.8,20.8,57.0,176.4,55.4,39.1,46.4,72.1,74.8,33.0,40.2,113.8,107.1,30.3,16.2,7.0,63.0,16.4
18.7,37.9,27.8,43.1,95.0,34.0,141.6,92.1,91.6,74.5,84.2,55.0,75.2,24.0,19.2,55.7,32.5,36.2,39.5,37.5,49.1,6.2,32.2,34.9,142.0,37.2,35.4,15.5,21.8,59.0,164.6,57.5,36.2,42.1,71.7,79.5,26.5,36.8,112.0,102.1,29.4,13.4,10.0,62.5,15.5
20.5,35.5,30.2,43.6,101.1,40.6,142.9,90.0,90.4,76.5,79.3,60.1,74.7,24.8,18.2,56.5,30.5,34.5,36.8,40.3,46.5,6.0,30.1,33.9,143.0,38.4,36.5,14.6,20.3,59.2,166.9,61.8,37.5,44.5,71.5,75.8,32.0,39.5,107.6,99.6,27.1,15.5,7.7,68.0,15.0
20.2,37.5,24.8,42.7,88.3,31.8,145.5,86.3,88.1,73.1,83.2,56.5,73.1,23.5,19.3,56.3,32.7,35.0,37.1,34.0,48.9,6.3,31.5,33.9,145.5,36.0,35.8,15.4,20.2,58.7,169.0,49.8,35.5,43.8,67.2,75.5,31.3,39.4,111.0,102.7,27.1,11.8,8.0,54.9,15.8
20.5,36.0,28.3,43.5,100.5,35.6,137.3,94.9,88.6,74.7,73.0,64.2,72.6,25.0,19.4,54.5,28.8,35.8,37.8,39.7,43.8,6.2,31.5,34.2,137.2,37.8,33.8,13.8,21.8,52.4,161.0,58.7,38.2,42.5,74.8,81.7,35.4,39.7,99.9,94.7,25.6,17.6,4.4,65.9,15.6
20.9,34.8,31.2,44.5,99.1,36.2,141.5,99.4,91.8,81.0,75.6,59.9,74.4,26.0,18.5,55.0,30.4,35.8,36.7,37.8,44.1,6.5,34.2,35.9,141.5,38.5,34.0,13.2,21.4,53.4,165.0,60.3,38.1,46.2,74.0,85.2,34.7,42.1,103.8,96.8,28.5,15.3,8.0,67.6,15.6
19.6,39.8,31.0,46.9,110.0,37.0,142.9,105.2,98.5,86.8,80.8,67.5,80.0,24.4,19.5,56.8,31.3,39.5,41.9,39.8,47.3,5.6,33.4,35.5,142.8,38.5,35.5,17.1,23.5,58.4,164.8,69.9,35.0,41.9,81.1,90.5,29.8,36.1,109.2,102.9,28.0,16.2,6.5,79.5,15.6
22.5,34.9,29.6,44.7,101.1,38.7,146.5,96.0,93.3,81.5,77.2,63.4,79.6,26.8,19.7,56.2,32.3,38.3,38.8,40.4,45.4,6.5,34.7,38.0,146.0,41.0,34.4,14.1,20.7,55.2,168.3,61.8,37.2,45.8,77.1,83.1,33.7,42.2,108.2,100.8,30.2,14.1,8.6,72.8,16.4
22.8,38.7,29.0,45.3,99.1,40.3,150.4,95.8,92.8,82.2,86.1,63.8,83.0,24.2,19.3,56.0,33.5,37.8,40.5,38.7,51.3,5.7,33.2,37.2,149.8,39.0,37.3,15.4,21.9,60.3,172.1,63.7,35.1,46.4,79.5,80.2,28.8,37.9,116.5,108.0,30.5,15.8,9.3,75.2,15.3
18.7,31.0,23.8,37.7,88.4,30.6,132.3,81.4,79.2,70.2,73.4,57.4,67.4,21.5,17.9,52.9,28.6,34.9,36.0,31.2,43.4,6.2,28.5,31.5,132.5,33.2,31.6,13.6,19.2,52.8,155.9,50.1,34.7,39.7,63.4,68.2,29.5,34.9,99.2,94.4,26.5,14.7,5.1,46.7,14.6
21.7,36.2,27.5,42.7,94.4,33.6,135.7,85.5,85.5,72.4,73.8,57.0,69.5,23.5,18.1,53.2,29.7,37.5,38.7,35.6,43.8,6.1,31.7,34.9,135.9,36.7,33.0,15.2,20.5,51.2,159.7,54.4,37.2,43.8,68.0,75.2,29.9,36.5,101.0,95.1,27.7,15.0,6.5,55.4,15.0
21.4,37.7,26.1,43.3,88.6,35.4,153.3,85.5,87.4,73.8,88.8,57.0,72.0,23.7,20.4,54.1,32.6,34.4,38.4,35.3,50.8,6.6,31.6,34.8,152.7,36.7,38.5,14.5,20.6,62.0,175.8,51.7,38.4,46.0,68.1,71.8,32.1,40.4,115.5,108.7,25.9,14.2,6.9,61.5,15.9
19.4,36.8,30.5,43.5,88.5,35.3,135.8,82.9,86.1,71.2,75.9,51.1,66.9,24.4,19.0,53.3,29.4,34.3,36.9,34.0,45.1,6.0,30.3,33.3,135.0,36.5,34.2,15.0,20.7,54.9,157.6,50.3,36.5,44.2,62.7,68.8,29.3,37.5,100.9,93.0,25.5,13.3,7.0,52.5,15.3
19.3,34.2,26.6,43.0,88.8,33.3,142.2,87.3,85.4,79.8,78.7,62.8,71.8,23.5,19.1,52.6,30.3,36.4,37.5,34.5,47.1,5.6,31.5,34.4,142.3,38.9,33.0,12.8,20.7,54.3,163.6,53.0,37.5,42.6,66.5,70.2,31.5,36.1,105.8,101.5,27.2,17.6,4.8,55.9,16.2
19.5,35.0,27.0,42.8,97.0,34.3,135.8,92.5,87.7,78.6,74.2,55.0,76.5,22.3,18.1,53.9,28.3,37.0,37.4,35.1,43.7,6.1,30.6,34.2,135.8,35.2,34.2,13.9,21.5,54.5,157.8,57.8,33.7,46.1,75.2,88.4,28.1,38.8,103.7,94.0,28.4,11.6,10.0,59.6,13.8
21.0,37.0,31.0,47.2,107.7,35.2,152.0,97.8,93.7,83.4,87.3,62.0,84.3,24.0,19.2,56.4,32.8,35.6,38.5,39.3,51.2,6.3,32.3,36.0,150.8,40.0,36.6,14.4,20.8,60.3,173.6,65.1,33.4,44.7,81.4,90.3,26.8,38.6,119.6,108.5,32.4,13.4,11.5,77.4,15.5
18.3,36.9,28.7,45.7,95.1,29.5,141.6,100.0,93.6,85.8,78.8,62.4,75.0,23.2,18.3,56.4,29.9,38.2,39.5,31.2,47.8,5.5,34.4,36.7,141.5,39.2,35.8,14.9,21.7,59.1,162.0,55.7,36.7,42.9,80.2,82.1,29.3,37.7,107.5,100.5,28.4,17.0,6.4,63.2,15.0
21.0,36.3,26.4,42.0,94.2,35.8,143.5,86.0,83.2,74.6,79.0,59.4,75.3,23.5,19.4,54.2,30.0,34.0,36.1,35.5,46.0,5.7,32.8,36.2,142.8,36.7,34.0,14.0,21.6,54.8,165.8,56.2,37.0,45.0,67.6,74.5,29.2,37.2,108.7,100.0,31.0,16.7,8.5,59.3,15.2
19.4,35.6,28.2,43.0,88.8,34.2,139.8,92.3,90.1,72.8,80.5,56.9,70.9,23.2,18.4,54.3,30.3,40.4,41.4,33.5,46.5,5.6,32.2,35.0,139.0,36.9,35.2,14.5,21.5,57.4,162.5,50.9,33.6,40.9,68.5,71.3,27.5,34.8,106.9,99.7,27.5,15.7,6.9,56.6,14.9
20.0,36.6,28.4,43.2,98.3,35.9,139.1,87.3,88.2,74.0,78.1,58.0,71.8,23.5,19.3,54.4,31.3,33.9,37.3,37.8,44.8,5.9,30.9,33.6,137.8,35.5,32.6,14.3,20.1,53.9,161.3,58.4,36.3,43.5,67.0,74.3,30.3,36.6,104.1,97.6,27.2,16.4,7.3,60.5,14.8
22.5,35.7,33.5,47.7,104.7,41.3,144.8,93.5,94.6,79.4,80.0,62.3,77.9,27.0,19.8,56.0,32.8,36.3,38.0,39.8,48.5,6.0,33.4,36.8,143.2,40.0,34.2,13.5,21.2,56.8,165.8,65.7,34.2,43.4,81.3,91.8,28.9,37.7,109.7,101.2,27.2,12.1,8.8,76.1,15.8
21.2,37.7,30.0,44.3,96.6,37.8,143.6,88.3,89.3,74.4,81.2,62.0,76.4,23.8,18.8,56.5,31.4,33.9,37.5,36.2,47.2,5.4,32.4,34.8,143.5,37.4,35.0,14.8,20.0,56.9,167.5,59.3,34.9,42.3,68.5,71.5,31.3,38.7,109.0,102.3,27.9,16.0,7.0,66.4,15.0
19.4,33.8,28.2,42.1,90.0,33.0,131.6,84.3,84.9,70.5,75.5,54.3,69.2,23.5,19.1,54.5,29.0,31.4,34.9,34.7,45.1,5.3,32.4,34.4,131.8,36.4,33.5,14.0,19.4,55.6,153.8,54.3,31.0,39.2,67.4,75.8,28.4,36.4,101.3,94.0,27.5,12.0,7.8,54.1,15.2
21.2,34.5,28.5,43.2,96.5,35.5,143.2,91.0,85.0,76.5,80.3,54.9,73.5,25.0,19.8,54.2,32.4,34.6,35.7,39.5,48.3,6.0,32.2,35.2,143.5,37.7,35.1,13.6,21.1,59.1,164.5,60.1,36.6,45.6,73.0,85.5,31.3,40.2,107.7,98.8,26.4,10.8,8.7,64.0,15.8
19.4,34.0,26.5,42.1,98.7,31.8,140.1,92.0,87.6,76.8,75.3,63.2,80.3,23.0,18.1,52.3,28.0,34.6,35.5,34.5,44.5,6.5,30.1,32.8,140.0,37.0,32.1,13.4,20.0,53.0,162.8,58.3,35.7,44.8,70.2,80.5,32.2,41.4,106.0,96.4,30.2,14.1,9.1,59.6,14.8
20.3,37.4,25.0,44.2,101.2,33.4,147.1,90.2,89.0,74.8,84.3,66.3,71.3,22.5,18.9,56.0,32.5,36.5,39.3,37.2,50.5,5.7,32.8,35.7,148.2,35.0,36.5,15.0,20.2,62.1,171.8,59.2,37.2,39.9,71.7,77.4,34.7,37.2,111.1,108.4,25.7,17.4,3.1,66.2,15.4
20.8,36.4,31.2,43.2,102.7,35.7,140.6,87.7,86.1,74.9,79.2,61.6,77.6,25.3,19.6,54.4,31.8,34.6,37.3,38.1,48.4,5.3,31.1,33.8,141.7,38.3,35.0,15.1,21.3,57.9,163.0,62.0,33.0,41.6,70.8,74.3,29.3,38.1,108.8,100.0,29.8,16.9,8.3,65.6,15.7
19.5,34.1,30.0,44.2,98.9,34.4,135.1,94.4,94.9,74.8,75.3,62.0,80.6,24.5,19.5,54.3,30.9,37.0,36.8,37.8,44.7,6.0,31.7,34.3,136.0,39.0,33.0,14.2,20.9,54.5,158.6,62.5,29.7,39.3,75.4,75.8,29.2,37.9,105.1,96.2,29.6,15.5,8.7,63.6,15.0
22.0,39.1,29.9,45.4,100.5,37.2,141.2,89.1,89.5,75.9,80.2,61.5,79.0,24.9,19.3,54.9,33.4,35.6,40.5,37.5,47.4,5.9,31.9,34.6,141.6,37.2,35.7,16.3,21.4,59.1,166.3,61.0,34.1,42.9,74.8,81.8,29.3,38.2,109.5,101.1,28.1,14.8,9.5,67.4,15.9
19.7,33.4,27.9,41.0,96.0,33.5,132.4,89.0,91.7,73.9,75.3,59.8,71.1,23.0,19.5,55.3,30.1,35.2,36.1,34.8,44.2,5.8,30.2,32.6,132.2,35.3,31.7,13.3,21.0,52.5,155.5,57.5,32.4,38.0,66.4,70.5,29.1,35.5,101.8,96.3,26.6,15.2,5.8,56.0,15.6
19.8,34.3,23.0,38.7,88.7,29.7,138.5,82.6,81.5,71.5,77.8,57.5,65.4,21.5,18.3,51.9,30.1,33.1,35.2,33.6,46.1,5.5,29.6,32.7,137.8,33.0,34.6,14.9,19.0,55.3,159.3,51.8,37.5,41.9,63.8,66.0,32.0,36.1,102.0,97.8,25.4,16.0,4.4,49.1,14.5
20.0,36.0,30.1,42.4,95.5,31.8,136.3,90.5,87.8,80.1,78.0,61.7,71.0,24.5,18.9,54.1,31.8,32.2,34.4,35.8,47.6,6.2,32.9,35.7,136.8,38.2,33.9,14.9,19.1,54.8,158.8,58.1,33.2,38.0,72.4,73.5,29.3,34.3,103.8,98.6,25.7,16.0,4.9,61.8,15.2
22.0,37.7,30.8,49.2,111.1,37.2,147.7,107.9,104.7,84.9,81.4,64.0,87.4,25.6,21.0,55.9,32.8,41.5,42.4,39.5,48.8,6.1,33.9,37.3,148.6,40.3,36.0,15.6,22.7,60.1,172.4,68.2,35.4,47.3,80.0,100.1,30.8,42.7,114.1,103.7,31.3,13.9,11.6,82.5,16.6
21.5,38.4,30.8,49.2,105.4,34.4,141.9,98.8,101.9,83.2,78.1,61.8,84.9,25.2,19.8,54.3,32.8,39.8,41.1,37.9,47.4,6.1,34.2,37.3,141.7,41.1,35.5,15.8,22.0,57.4,163.7,65.1,33.5,46.4,82.5,91.4,29.7,40.8,110.0,98.5,30.0,12.8,12.5,73.9,16.1
20.6,34.5,27.5,41.1,95.2,36.5,141.3,85.5,85.1,73.5,74.9,59.6,77.2,23.5,18.0,53.1,29.8,33.0,34.8,35.8,45.3,5.9,30.0,33.8,140.8,35.2,33.6,14.5,18.2,54.8,165.5,55.7,35.3,44.5,67.3,72.9,30.8,39.7,106.8,97.4,30.1,16.1,9.6,57.4,14.8
22.2,32.1,32.0,44.0,106.5,38.8,139.5,103.9,98.4,78.8,74.3,62.9,80.3,26.8,19.1,53.6,31.8,34.4,34.6,40.3,44.9,6.1,33.5,36.7,139.2,39.9,33.0,13.3,19.5,55.2,160.6,68.3,35.8,44.5,80.3,85.1,30.3,38.5,104.8,96.6,29.2,14.7,8.9,75.0,16.2
19.3,33.6,28.5,41.7,95.2,35.5,135.5,91.0,89.7,74.1,76.6,57.3,72.1,23.5,18.4,57.2,30.7,33.3,36.1,36.4,45.8,6.0,31.3,35.1,135.0,37.3,34.4,14.6,21.3,58.1,158.7,57.2,34.0,40.3,69.3,75.2,30.1,37.9,102.2,94.9,25.4,11.4,7.8,60.0,14.9
20.9,36.7,30.3,45.5,100.0,35.4,140.9,94.2,89.4,78.9,78.5,62.5,80.5,25.0,19.6,55.3,32.7,34.2,37.5,37.3,46.9,6.2,32.2,34.6,140.6,39.0,33.7,13.5,21.1,54.3,164.0,60.7,33.8,43.0,75.8,81.2,30.8,40.8,108.0,99.5,29.7,15.0,8.5,68.1,16.5
24.8,37.7,35.8,48.1,118.9,41.9,150.0,104.3,101.0,88.2,85.3,71.3,87.8,28.5,21.5,59.7,34.6,39.3,42.7,46.0,50.6,6.8,32.7,36.4,149.4,41.4,35.6,14.0,21.7,57.8,175.0,73.8,35.0,44.3,89.1,101.5,33.1,41.9,115.5,106.6,30.8,15.3,9.5,94.6,17.2
22.0,38.0,28.9,44.9,100.9,37.0,142.9,83.7,85.6,74.3,75.6,63.9,81.8,24.4,19.9,53.2,30.3,35.5,39.6,37.9,45.7,6.2,33.0,36.0,141.8,38.9,33.9,14.6,21.0,55.5,166.1,59.1,36.5,43.2,71.1,77.8,31.2,40.8,107.2,97.8,32.0,18.9,8.8,64.0,16.0
21.0,36.0,30.3,45.3,101.2,38.5,141.2,95.2,90.4,76.9,77.1,67.3,81.1,25.2,18.4,56.8,31.3,38.8,40.0,39.0,45.7,6.4,30.8,33.3,141.1,38.5,34.0,15.7,21.5,53.3,165.6,61.0,38.2,44.9,72.8,77.2,32.6,39.5,106.0,98.8,28.2,18.2,6.1,70.4,15.5
20.6,34.6,27.3,42.8,103.0,37.5,137.0,87.7,87.7,72.5,77.2,62.4,74.4,24.8,20.0,53.7,31.7,37.1,38.4,38.4,45.1,6.8,32.2,35.0,137.2,38.2,33.6,14.3,20.3,55.1,160.0,62.3,33.2,39.6,69.5,73.3,29.5,36.6,105.7,99.3,27.8,14.6,6.7,64.0,15.5
19.3,35.1,26.6,43.3,92.5,32.5,138.4,86.3,88.6,70.1,73.6,57.2,70.2,23.0,17.9,53.6,28.3,41.1,42.2,34.6,43.2,5.8,29.7,33.0,138.0,35.8,33.1,15.1,21.0,54.0,160.8,53.5,38.2,44.8,64.7,70.8,33.0,39.9,102.2,95.0,28.7,16.6,6.5,54.3,14.2
20.5,35.8,26.2,40.2,94.0,35.3,134.2,85.8,84.3,73.5,71.1,61.0,74.5,22.7,18.5,52.5,28.4,35.8,37.4,35.0,43.0,6.6,32.1,34.4,134.0,37.0,33.0,14.4,20.3,51.9,155.4,54.1,35.8,43.0,65.8,70.8,30.4,37.5,99.9,93.5,29.9,16.5,7.0,53.8,15.1
21.5,33.8,32.2,44.4,98.4,37.0,136.7,93.3,94.0,73.8,75.9,65.1,81.4,25.7,18.9,54.5,32.0,38.8,38.9,41.1,45.9,7.2,33.2,35.0,136.4,38.8,32.8,13.5,20.8,55.6,158.5,63.8,33.5,42.0,77.8,85.5,29.0,36.8,105.5,97.5,28.5,13.7,7.8,68.8,15.4
20.3,38.4,26.4,44.1,87.9,33.4,146.8,83.8,85.9,75.3,85.1,55.7,68.6,23.1,19.2,53.8,32.8,35.0,37.4,33.7,50.9,6.4,31.1,34.7,147.0,33.9,36.6,15.2,22.3,61.0,170.6,50.3,36.6,44.0,66.2,69.7,32.1,38.0,111.4,104.9,26.3,14.6,7.0,54.7,15.5
21.5,35.5,28.9,44.4,99.3,34.7,135.2,96.5,93.9,82.2,72.3,60.2,80.5,25.4,19.4,54.4,30.5,39.2,38.8,37.6,42.8,6.2,31.3,33.8,135.4,39.2,32.7,14.6,20.8,52.6,158.9,61.2,38.5,43.8,79.7,86.1,30.0,40.0,102.8,93.5,28.7,14.2,10.2,65.5,15.5
20.3,36.6,33.0,47.6,109.6,36.8,141.0,96.3,99.8,86.5,79.8,63.5,82.4,25.5,19.5,56.5,31.8,39.8,40.9,39.8,46.9,5.3,35.3,39.0,142.3,41.9,36.9,13.0,21.9,59.6,164.1,68.7,33.9,43.3,82.7,92.9,30.5,39.6,108.2,98.9,27.3,14.7,9.6,78.9,15.6
19.7,37.0,25.3,40.9,87.0,30.3,143.2,80.6,79.2,68.0,82.2,56.3,68.9,22.2,18.4,55.1,30.5,34.2,36.8,33.9,47.8,5.3,29.6,32.8,143.0,34.3,33.7,15.3,21.2,55.7,166.2,51.6,35.5,42.0,64.5,66.5,31.2,37.5,108.6,102.3,28.0,13.1,6.4,50.6,14.8
21.6,37.3,30.5,43.3,98.3,38.3,146.2,93.5,91.3,79.0,83.2,60.8,74.1,24.8,19.3,58.8,33.5,34.2,37.4,38.0,49.1,6.2,32.8,34.8,146.3,37.8,35.4,14.8,20.6,59.3,169.6,61.1,37.1,44.2,69.2,72.8,33.6,40.1,109.8,103.7,26.6,16.1,6.2,69.4,15.8
19.0,34.2,27.0,40.5,89.2,30.3,135.0,82.8,83.3,72.9,73.2,58.8,72.4,24.0,18.5,53.3,29.3,36.2,37.8,34.8,43.1,5.6,30.7,32.8,134.8,36.9,31.9,14.2,19.6,50.2,158.5,52.2,34.4,40.9,69.1,73.8,32.2,39.4,100.5,94.6,28.4,16.1,6.1,53.1,14.4
20.6,36.2,26.4,42.6,92.3,33.5,136.8,80.8,82.1,71.3,76.6,54.9,67.5,22.3,18.5,54.6,28.7,32.7,36.1,34.5,44.8,6.1,29.9,32.3,137.0,35.8,33.0,15.7,19.1,53.4,160.4,54.3,35.1,42.0,64.3,74.6,29.9,37.2,102.9,95.9,27.2,13.7,6.7,52.5,14.6
19.5,36.0,27.7,44.3,96.7,33.5,130.8,88.2,88.1,72.8,71.8,60.2,71.4,23.0,18.6,53.8,29.0,37.8,39.8,33.8,43.6,6.1,31.7,35.2,131.1,36.8,32.7,14.0,21.1,52.7,153.4,58.1,33.4,39.5,67.1,69.8,29.1,34.9,98.7,92.6,26.4,14.3,5.2,57.0,14.4
19.2,35.2,27.9,41.4,94.2,33.8,138.1,83.8,84.4,72.2,76.6,56.7,76.7,22.5,17.9,54.3,30.3,32.2,36.2,34.7,46.8,6.6,30.6,33.8,138.0,34.5,33.4,14.8,20.7,54.3,162.1,55.6,32.4,42.8,68.8,78.8,28.5,39.8,106.4,96.1,27.2,11.9,10.3,55.8,14.1
19.5,34.0,27.6,45.6,102.4,33.0,144.1,96.6,93.7,80.3,79.0,62.4,78.0,23.5,19.2,53.7,31.3,39.2,39.2,37.7,46.7,5.9,31.9,34.4,143.8,41.4,35.8,12.0,21.6,57.8,167.5,62.8,35.8,43.9,76.8,85.3,33.7,41.2,109.1,101.6,29.1,14.2,8.7,69.5,15.2
19.5,32.9,27.9,44.2,93.8,34.5,136.2,89.3,90.2,74.5,79.0,55.0,69.3,23.8,18.1,52.6,29.7,36.2,37.4,35.8,46.2,6.5,29.7,32.3,136.0,38.8,33.3,13.4,22.7,53.3,159.2,57.5,32.5,40.5,73.5,85.3,30.1,37.6,104.3,97.4,26.5,12.1,8.2,59.3,14.8
18.2,35.5,22.8,41.9,89.6,31.4,144.5,81.8,82.9,73.6,80.9,57.7,70.0,21.5,18.0,54.9,29.1,34.4,36.7,33.5,48.4,5.8,32.3,34.9,144.6,37.2,34.7,14.2,19.5,57.3,168.2,51.1,38.2,45.0,68.7,73.3,33.4,40.0,108.3,101.5,27.4,14.6,6.7,53.5,14.6
20.2,36.6,29.5,45.5,99.4,36.0,136.2,90.6,90.0,77.3,74.2,56.9,76.0,25.2,19.2,56.0,31.4,36.0,38.3,41.0,44.4,5.8,32.6,35.0,135.3,37.3,34.1,15.1,19.7,56.4,159.0,61.5,33.3,42.7,73.5,79.7,29.6,39.0,104.3,93.8,29.9,13.9,9.0,64.5,15.3
19.5,36.1,28.2,45.2,101.7,33.3,134.7,90.0,88.6,76.8,75.3,58.2,77.2,23.8,18.6,55.4,30.6,36.7,37.5,37.0,43.7,5.9,32.3,36.0,134.8,37.9,33.5,14.4,21.9,53.9,156.8,58.6,31.9,41.0,74.5,83.1,28.5,38.3,103.7,94.1,28.0,13.7,9.6,62.2,15.0
20.7,36.9,27.0,42.2,95.8,35.8,140.2,83.6,83.6,74.0,81.2,57.4,75.7,23.7,19.2,52.4,31.1,35.6,39.0,37.0,48.4,5.5,30.9,34.0,139.8,35.3,35.3,15.4,21.2,58.9,162.1,56.4,31.4,41.0,72.5,80.7,28.0,36.8,109.0,100.4,28.8,15.4,8.0,58.2,15.0
20.3,35.8,29.0,42.5,102.8,38.2,132.1,88.0,85.0,72.5,73.9,59.8,73.6,23.5,18.2,53.1,28.5,39.0,40.2,38.6,44.2,5.5,30.6,34.2,131.7,35.4,32.3,15.5,20.5,53.0,154.8,65.0,32.3,39.7,75.8,78.5,29.4,35.9,100.2,94.3,23.1,14.5,6.5,64.2,14.8
23.4,38.1,34.2,45.3,107.7,41.4,157.3,95.5,95.5,85.2,85.3,68.0,83.0,27.0,19.9,57.1,32.5,35.0,38.0,41.8,50.2,7.3,33.5,38.5,155.8,41.6,36.1,13.5,21.2,57.7,181.1,66.9,40.7,47.5,74.8,88.1,38.4,45.3,116.0,110.0,29.4,13.2,7.2,84.6,16.8
